date,y_true,label_name,label_valid,eval_filter,prob_UP_STRENGTHENING,prob_UP_WEAKENING,prob_DOWN_STRENGTHENING,prob_DOWN_WEAKENING,prob_SIDEWAYS,pred_class,pred_label,trial_id
2013-01-02,4.0,SIDEWAYS,False,False,,,,,,,,ds0017
2013-01-03,4.0,SIDEWAYS,False,False,,,,,,,,ds0017
2013-01-04,4.0,SIDEWAYS,False,False,,,,,,,,ds0017
2013-01-07,4.0,SIDEWAYS,False,False,,,,,,,,ds0017
2013-01-08,4.0,SIDEWAYS,False,False,,,,,,,,ds0017
2013-01-09,4.0,SIDEWAYS,False,False,,,,,,,,ds0017
2013-01-10,4.0,SIDEWAYS,False,False,,,,,,,,ds0017
2013-01-11,4.0,SIDEWAYS,False,False,,,,,,,,ds0017
2013-01-14,4.0,SIDEWAYS,False,False,,,,,,,,ds0017
2013-01-15,4.0,SIDEWAYS,False,False,,,,,,,,ds0017
2013-01-16,4.0,SIDEWAYS,False,False,,,,,,,,ds0017
2013-01-17,4.0,SIDEWAYS,False,False,,,,,,,,ds0017
2013-01-18,4.0,SIDEWAYS,False,False,,,,,,,,ds0017
2013-01-22,4.0,SIDEWAYS,False,False,,,,,,,,ds0017
2013-01-23,4.0,SIDEWAYS,False,False,,,,,,,,ds0017
2013-01-24,4.0,SIDEWAYS,False,False,,,,,,,,ds0017
2013-01-25,4.0,SIDEWAYS,False,False,,,,,,,,ds0017
2013-01-28,4.0,SIDEWAYS,False,False,,,,,,,,ds0017
2013-01-29,4.0,SIDEWAYS,False,False,,,,,,,,ds0017
2013-01-30,4.0,SIDEWAYS,False,False,,,,,,,,ds0017
2013-01-31,4.0,SIDEWAYS,False,False,,,,,,,,ds0017
2013-02-01,4.0,SIDEWAYS,False,False,,,,,,,,ds0017
2013-02-04,4.0,SIDEWAYS,False,False,,,,,,,,ds0017
2013-02-05,4.0,SIDEWAYS,False,False,,,,,,,,ds0017
2013-02-06,4.0,SIDEWAYS,False,False,,,,,,,,ds0017
2013-02-07,4.0,SIDEWAYS,False,False,,,,,,,,ds0017
2013-02-08,4.0,SIDEWAYS,False,False,,,,,,,,ds0017
2013-02-11,4.0,SIDEWAYS,False,False,,,,,,,,ds0017
2013-02-12,4.0,SIDEWAYS,False,False,,,,,,,,ds0017
2013-02-13,4.0,SIDEWAYS,False,False,,,,,,,,ds0017
2013-02-14,4.0,SIDEWAYS,False,False,,,,,,,,ds0017
2013-02-15,4.0,SIDEWAYS,False,False,,,,,,,,ds0017
2013-02-19,4.0,SIDEWAYS,False,False,,,,,,,,ds0017
2013-02-20,4.0,SIDEWAYS,False,False,,,,,,,,ds0017
2013-02-21,4.0,SIDEWAYS,False,False,,,,,,,,ds0017
2013-02-22,4.0,SIDEWAYS,False,False,,,,,,,,ds0017
2013-02-25,4.0,SIDEWAYS,False,False,,,,,,,,ds0017
2013-02-26,4.0,SIDEWAYS,False,False,,,,,,,,ds0017
2013-02-27,4.0,SIDEWAYS,False,False,,,,,,,,ds0017
2013-02-28,4.0,SIDEWAYS,False,False,,,,,,,,ds0017
2013-03-01,4.0,SIDEWAYS,False,False,,,,,,,,ds0017
2013-03-04,4.0,SIDEWAYS,False,False,,,,,,,,ds0017
2013-03-05,4.0,SIDEWAYS,False,False,,,,,,,,ds0017
2013-03-06,4.0,SIDEWAYS,False,False,,,,,,,,ds0017
2013-03-07,4.0,SIDEWAYS,False,False,,,,,,,,ds0017
2013-03-08,4.0,SIDEWAYS,False,False,,,,,,,,ds0017
2013-03-11,4.0,SIDEWAYS,False,False,,,,,,,,ds0017
2013-03-12,4.0,SIDEWAYS,False,False,,,,,,,,ds0017
2013-03-13,4.0,SIDEWAYS,False,False,,,,,,,,ds0017
2013-03-14,4.0,SIDEWAYS,False,False,,,,,,,,ds0017
2013-03-15,4.0,SIDEWAYS,False,False,,,,,,,,ds0017
2013-03-18,4.0,SIDEWAYS,False,False,,,,,,,,ds0017
2013-03-19,4.0,SIDEWAYS,False,False,,,,,,,,ds0017
2013-03-20,4.0,SIDEWAYS,False,False,,,,,,,,ds0017
2013-03-21,4.0,SIDEWAYS,False,False,,,,,,,,ds0017
2013-03-22,4.0,SIDEWAYS,False,False,,,,,,,,ds0017
2013-03-25,4.0,SIDEWAYS,False,False,,,,,,,,ds0017
2013-03-26,4.0,SIDEWAYS,False,False,,,,,,,,ds0017
2013-03-27,4.0,SIDEWAYS,False,False,,,,,,,,ds0017
2013-03-28,0.0,UP_STRENGTHENING,True,False,,,,,,,,ds0017
2013-04-01,0.0,UP_STRENGTHENING,True,False,,,,,,,,ds0017
2013-04-02,0.0,UP_STRENGTHENING,True,False,,,,,,,,ds0017
2013-04-03,0.0,UP_STRENGTHENING,True,False,,,,,,,,ds0017
2013-04-04,0.0,UP_STRENGTHENING,True,False,,,,,,,,ds0017
2013-04-05,0.0,UP_STRENGTHENING,True,False,,,,,,,,ds0017
2013-04-08,0.0,UP_STRENGTHENING,True,False,,,,,,,,ds0017
2013-04-09,0.0,UP_STRENGTHENING,True,False,,,,,,,,ds0017
2013-04-10,0.0,UP_STRENGTHENING,True,False,,,,,,,,ds0017
2013-04-11,0.0,UP_STRENGTHENING,True,False,,,,,,,,ds0017
2013-04-12,0.0,UP_STRENGTHENING,True,False,,,,,,,,ds0017
2013-04-15,0.0,UP_STRENGTHENING,True,False,,,,,,,,ds0017
2013-04-16,0.0,UP_STRENGTHENING,True,False,,,,,,,,ds0017
2013-04-17,0.0,UP_STRENGTHENING,True,False,,,,,,,,ds0017
2013-04-18,0.0,UP_STRENGTHENING,True,False,,,,,,,,ds0017
2013-04-19,0.0,UP_STRENGTHENING,True,False,,,,,,,,ds0017
2013-04-22,0.0,UP_STRENGTHENING,True,False,,,,,,,,ds0017
2013-04-23,0.0,UP_STRENGTHENING,True,False,,,,,,,,ds0017
2013-04-24,0.0,UP_STRENGTHENING,True,False,,,,,,,,ds0017
2013-04-25,0.0,UP_STRENGTHENING,True,False,,,,,,,,ds0017
2013-04-26,0.0,UP_STRENGTHENING,True,False,,,,,,,,ds0017
2013-04-29,0.0,UP_STRENGTHENING,True,False,,,,,,,,ds0017
2013-04-30,0.0,UP_STRENGTHENING,True,False,,,,,,,,ds0017
2013-05-01,0.0,UP_STRENGTHENING,True,False,,,,,,,,ds0017
2013-05-02,1.0,UP_WEAKENING,True,False,,,,,,,,ds0017
2013-05-03,1.0,UP_WEAKENING,True,False,,,,,,,,ds0017
2013-05-06,4.0,SIDEWAYS,True,False,,,,,,,,ds0017
2013-05-07,4.0,SIDEWAYS,True,False,,,,,,,,ds0017
2013-05-08,4.0,SIDEWAYS,True,False,,,,,,,,ds0017
2013-05-09,1.0,UP_WEAKENING,True,False,,,,,,,,ds0017
2013-05-10,4.0,SIDEWAYS,True,False,,,,,,,,ds0017
2013-05-13,4.0,SIDEWAYS,True,False,,,,,,,,ds0017
2013-05-14,2.0,DOWN_STRENGTHENING,True,False,,,,,,,,ds0017
2013-05-15,2.0,DOWN_STRENGTHENING,True,False,,,,,,,,ds0017
2013-05-16,2.0,DOWN_STRENGTHENING,True,False,,,,,,,,ds0017
2013-05-17,2.0,DOWN_STRENGTHENING,True,False,,,,,,,,ds0017
2013-05-20,2.0,DOWN_STRENGTHENING,True,False,,,,,,,,ds0017
2013-05-21,2.0,DOWN_STRENGTHENING,True,False,,,,,,,,ds0017
2013-05-22,2.0,DOWN_STRENGTHENING,True,False,,,,,,,,ds0017
2013-05-23,2.0,DOWN_STRENGTHENING,True,False,,,,,,,,ds0017
2013-05-24,2.0,DOWN_STRENGTHENING,True,False,,,,,,,,ds0017
2013-05-28,2.0,DOWN_STRENGTHENING,True,False,,,,,,,,ds0017
2013-05-29,2.0,DOWN_STRENGTHENING,True,False,,,,,,,,ds0017
2013-05-30,2.0,DOWN_STRENGTHENING,True,False,,,,,,,,ds0017
2013-05-31,2.0,DOWN_STRENGTHENING,True,False,,,,,,,,ds0017
2013-06-03,2.0,DOWN_STRENGTHENING,True,False,,,,,,,,ds0017
2013-06-04,2.0,DOWN_STRENGTHENING,True,False,,,,,,,,ds0017
2013-06-05,4.0,SIDEWAYS,True,False,,,,,,,,ds0017
2013-06-06,1.0,UP_WEAKENING,True,False,,,,,,,,ds0017
2013-06-07,2.0,DOWN_STRENGTHENING,True,False,,,,,,,,ds0017
2013-06-10,4.0,SIDEWAYS,True,False,,,,,,,,ds0017
2013-06-11,1.0,UP_WEAKENING,True,False,,,,,,,,ds0017
2013-06-12,0.0,UP_STRENGTHENING,True,False,,,,,,,,ds0017
2013-06-13,1.0,UP_WEAKENING,True,False,,,,,,,,ds0017
2013-06-14,0.0,UP_STRENGTHENING,True,False,,,,,,,,ds0017
2013-06-17,1.0,UP_WEAKENING,True,False,,,,,,,,ds0017
2013-06-18,1.0,UP_WEAKENING,True,False,,,,,,,,ds0017
2013-06-19,1.0,UP_WEAKENING,True,False,,,,,,,,ds0017
2013-06-20,0.0,UP_STRENGTHENING,True,False,,,,,,,,ds0017
2013-06-21,0.0,UP_STRENGTHENING,True,False,,,,,,,,ds0017
2013-06-24,0.0,UP_STRENGTHENING,True,False,,,,,,,,ds0017
2013-06-25,0.0,UP_STRENGTHENING,True,False,,,,,,,,ds0017
2013-06-26,0.0,UP_STRENGTHENING,True,False,,,,,,,,ds0017
2013-06-27,0.0,UP_STRENGTHENING,True,False,,,,,,,,ds0017
2013-06-28,0.0,UP_STRENGTHENING,True,False,,,,,,,,ds0017
2013-07-01,0.0,UP_STRENGTHENING,True,False,,,,,,,,ds0017
2013-07-02,0.0,UP_STRENGTHENING,True,False,,,,,,,,ds0017
2013-07-03,0.0,UP_STRENGTHENING,True,False,,,,,,,,ds0017
2013-07-05,0.0,UP_STRENGTHENING,True,False,,,,,,,,ds0017
2013-07-08,0.0,UP_STRENGTHENING,True,False,,,,,,,,ds0017
2013-07-09,0.0,UP_STRENGTHENING,True,False,,,,,,,,ds0017
2013-07-10,0.0,UP_STRENGTHENING,True,False,,,,,,,,ds0017
2013-07-11,0.0,UP_STRENGTHENING,True,False,,,,,,,,ds0017
2013-07-12,0.0,UP_STRENGTHENING,True,False,,,,,,,,ds0017
2013-07-15,0.0,UP_STRENGTHENING,True,False,,,,,,,,ds0017
2013-07-16,0.0,UP_STRENGTHENING,True,False,,,,,,,,ds0017
2013-07-17,0.0,UP_STRENGTHENING,True,False,,,,,,,,ds0017
2013-07-18,4.0,SIDEWAYS,True,False,,,,,,,,ds0017
2013-07-19,0.0,UP_STRENGTHENING,True,False,,,,,,,,ds0017
2013-07-22,0.0,UP_STRENGTHENING,True,False,,,,,,,,ds0017
2013-07-23,0.0,UP_STRENGTHENING,True,False,,,,,,,,ds0017
2013-07-24,0.0,UP_STRENGTHENING,True,False,,,,,,,,ds0017
2013-07-25,0.0,UP_STRENGTHENING,True,False,,,,,,,,ds0017
2013-07-26,0.0,UP_STRENGTHENING,True,False,,,,,,,,ds0017
2013-07-29,0.0,UP_STRENGTHENING,True,False,,,,,,,,ds0017
2013-07-30,2.0,DOWN_STRENGTHENING,True,False,,,,,,,,ds0017
2013-07-31,4.0,SIDEWAYS,True,False,,,,,,,,ds0017
2013-08-01,2.0,DOWN_STRENGTHENING,True,False,,,,,,,,ds0017
2013-08-02,2.0,DOWN_STRENGTHENING,True,False,,,,,,,,ds0017
2013-08-05,2.0,DOWN_STRENGTHENING,True,False,,,,,,,,ds0017
2013-08-06,4.0,SIDEWAYS,True,False,,,,,,,,ds0017
2013-08-07,4.0,SIDEWAYS,True,False,,,,,,,,ds0017
2013-08-08,4.0,SIDEWAYS,True,False,,,,,,,,ds0017
2013-08-09,0.0,UP_STRENGTHENING,True,False,,,,,,,,ds0017
2013-08-12,0.0,UP_STRENGTHENING,True,False,,,,,,,,ds0017
2013-08-13,0.0,UP_STRENGTHENING,True,False,,,,,,,,ds0017
2013-08-14,0.0,UP_STRENGTHENING,True,False,,,,,,,,ds0017
2013-08-15,0.0,UP_STRENGTHENING,True,False,,,,,,,,ds0017
2013-08-16,0.0,UP_STRENGTHENING,True,False,,,,,,,,ds0017
2013-08-19,0.0,UP_STRENGTHENING,True,False,,,,,,,,ds0017
2013-08-20,0.0,UP_STRENGTHENING,True,False,,,,,,,,ds0017
2013-08-21,0.0,UP_STRENGTHENING,True,False,,,,,,,,ds0017
2013-08-22,0.0,UP_STRENGTHENING,True,False,,,,,,,,ds0017
2013-08-23,0.0,UP_STRENGTHENING,True,False,,,,,,,,ds0017
2013-08-26,0.0,UP_STRENGTHENING,True,False,,,,,,,,ds0017
2013-08-27,0.0,UP_STRENGTHENING,True,False,,,,,,,,ds0017
2013-08-28,0.0,UP_STRENGTHENING,True,False,,,,,,,,ds0017
2013-08-29,0.0,UP_STRENGTHENING,True,False,,,,,,,,ds0017
2013-08-30,0.0,UP_STRENGTHENING,True,False,,,,,,,,ds0017
2013-09-03,0.0,UP_STRENGTHENING,True,False,,,,,,,,ds0017
2013-09-04,0.0,UP_STRENGTHENING,True,False,,,,,,,,ds0017
2013-09-05,0.0,UP_STRENGTHENING,True,False,,,,,,,,ds0017
2013-09-06,0.0,UP_STRENGTHENING,True,False,,,,,,,,ds0017
2013-09-09,1.0,UP_WEAKENING,True,False,,,,,,,,ds0017
2013-09-10,2.0,DOWN_STRENGTHENING,True,False,,,,,,,,ds0017
2013-09-11,2.0,DOWN_STRENGTHENING,True,False,,,,,,,,ds0017
2013-09-12,1.0,UP_WEAKENING,True,False,,,,,,,,ds0017
2013-09-13,1.0,UP_WEAKENING,True,False,,,,,,,,ds0017
2013-09-16,1.0,UP_WEAKENING,True,False,,,,,,,,ds0017
2013-09-17,1.0,UP_WEAKENING,True,False,,,,,,,,ds0017
2013-09-18,1.0,UP_WEAKENING,True,False,,,,,,,,ds0017
2013-09-19,1.0,UP_WEAKENING,True,False,,,,,,,,ds0017
2013-09-20,0.0,UP_STRENGTHENING,True,False,,,,,,,,ds0017
2013-09-23,0.0,UP_STRENGTHENING,True,False,,,,,,,,ds0017
2013-09-24,0.0,UP_STRENGTHENING,True,False,,,,,,,,ds0017
2013-09-25,0.0,UP_STRENGTHENING,True,False,,,,,,,,ds0017
2013-09-26,0.0,UP_STRENGTHENING,True,False,,,,,,,,ds0017
2013-09-27,0.0,UP_STRENGTHENING,True,False,,,,,,,,ds0017
2013-09-30,0.0,UP_STRENGTHENING,True,False,,,,,,,,ds0017
2013-10-01,0.0,UP_STRENGTHENING,True,False,,,,,,,,ds0017
2013-10-02,0.0,UP_STRENGTHENING,True,False,,,,,,,,ds0017
2013-10-03,0.0,UP_STRENGTHENING,True,False,,,,,,,,ds0017
2013-10-04,0.0,UP_STRENGTHENING,True,False,,,,,,,,ds0017
2013-10-07,0.0,UP_STRENGTHENING,True,False,,,,,,,,ds0017
2013-10-08,0.0,UP_STRENGTHENING,True,False,,,,,,,,ds0017
2013-10-09,0.0,UP_STRENGTHENING,True,False,,,,,,,,ds0017
2013-10-10,0.0,UP_STRENGTHENING,True,False,,,,,,,,ds0017
2013-10-11,0.0,UP_STRENGTHENING,True,False,,,,,,,,ds0017
2013-10-14,0.0,UP_STRENGTHENING,True,False,,,,,,,,ds0017
2013-10-15,0.0,UP_STRENGTHENING,True,False,,,,,,,,ds0017
2013-10-16,0.0,UP_STRENGTHENING,True,False,,,,,,,,ds0017
2013-10-17,0.0,UP_STRENGTHENING,True,False,,,,,,,,ds0017
2013-10-18,0.0,UP_STRENGTHENING,True,False,,,,,,,,ds0017
2013-10-21,1.0,UP_WEAKENING,True,False,,,,,,,,ds0017
2013-10-22,4.0,SIDEWAYS,True,False,,,,,,,,ds0017
2013-10-23,1.0,UP_WEAKENING,True,False,,,,,,,,ds0017
2013-10-24,0.0,UP_STRENGTHENING,True,False,,,,,,,,ds0017
2013-10-25,0.0,UP_STRENGTHENING,True,False,,,,,,,,ds0017
2013-10-28,0.0,UP_STRENGTHENING,True,False,,,,,,,,ds0017
2013-10-29,0.0,UP_STRENGTHENING,True,False,,,,,,,,ds0017
2013-10-30,0.0,UP_STRENGTHENING,True,False,,,,,,,,ds0017
2013-10-31,0.0,UP_STRENGTHENING,True,False,,,,,,,,ds0017
2013-11-01,0.0,UP_STRENGTHENING,True,False,,,,,,,,ds0017
2013-11-04,0.0,UP_STRENGTHENING,True,False,,,,,,,,ds0017
2013-11-05,0.0,UP_STRENGTHENING,True,False,,,,,,,,ds0017
2013-11-06,0.0,UP_STRENGTHENING,True,False,,,,,,,,ds0017
2013-11-07,0.0,UP_STRENGTHENING,True,False,,,,,,,,ds0017
2013-11-08,0.0,UP_STRENGTHENING,True,False,,,,,,,,ds0017
2013-11-11,0.0,UP_STRENGTHENING,True,False,,,,,,,,ds0017
2013-11-12,0.0,UP_STRENGTHENING,True,False,,,,,,,,ds0017
2013-11-13,1.0,UP_WEAKENING,True,False,,,,,,,,ds0017
2013-11-14,1.0,UP_WEAKENING,True,False,,,,,,,,ds0017
2013-11-15,1.0,UP_WEAKENING,True,False,,,,,,,,ds0017
2013-11-18,1.0,UP_WEAKENING,True,False,,,,,,,,ds0017
2013-11-19,0.0,UP_STRENGTHENING,True,False,,,,,,,,ds0017
2013-11-20,0.0,UP_STRENGTHENING,True,False,,,,,,,,ds0017
2013-11-21,0.0,UP_STRENGTHENING,True,False,,,,,,,,ds0017
2013-11-22,0.0,UP_STRENGTHENING,True,False,,,,,,,,ds0017
2013-11-25,0.0,UP_STRENGTHENING,True,False,,,,,,,,ds0017
2013-11-26,0.0,UP_STRENGTHENING,True,False,,,,,,,,ds0017
2013-11-27,0.0,UP_STRENGTHENING,True,False,,,,,,,,ds0017
2013-11-29,1.0,UP_WEAKENING,True,False,,,,,,,,ds0017
2013-12-02,1.0,UP_WEAKENING,True,False,,,,,,,,ds0017
2013-12-03,1.0,UP_WEAKENING,True,False,,,,,,,,ds0017
2013-12-04,1.0,UP_WEAKENING,True,False,,,,,,,,ds0017
2013-12-05,1.0,UP_WEAKENING,True,False,,,,,,,,ds0017
2013-12-06,1.0,UP_WEAKENING,True,False,,,,,,,,ds0017
2013-12-09,1.0,UP_WEAKENING,True,False,,,,,,,,ds0017
2013-12-10,1.0,UP_WEAKENING,True,False,,,,,,,,ds0017
2013-12-11,1.0,UP_WEAKENING,True,False,,,,,,,,ds0017
2013-12-12,1.0,UP_WEAKENING,True,False,,,,,,,,ds0017
2013-12-13,0.0,UP_STRENGTHENING,True,False,,,,,,,,ds0017
2013-12-16,0.0,UP_STRENGTHENING,True,False,,,,,,,,ds0017
2013-12-17,0.0,UP_STRENGTHENING,True,False,,,,,,,,ds0017
2013-12-18,1.0,UP_WEAKENING,True,False,,,,,,,,ds0017
2013-12-19,1.0,UP_WEAKENING,True,False,,,,,,,,ds0017
2013-12-20,1.0,UP_WEAKENING,True,False,,,,,,,,ds0017
2013-12-23,1.0,UP_WEAKENING,True,False,,,,,,,,ds0017
2013-12-24,2.0,DOWN_STRENGTHENING,True,False,,,,,,,,ds0017
2013-12-26,2.0,DOWN_STRENGTHENING,True,False,,,,,,,,ds0017
2013-12-27,2.0,DOWN_STRENGTHENING,True,False,,,,,,,,ds0017
2013-12-30,2.0,DOWN_STRENGTHENING,True,False,,,,,,,,ds0017
2013-12-31,2.0,DOWN_STRENGTHENING,True,False,,,,,,,,ds0017
2014-01-02,2.0,DOWN_STRENGTHENING,True,False,,,,,,,,ds0017
2014-01-03,2.0,DOWN_STRENGTHENING,True,False,,,,,,,,ds0017
2014-01-06,2.0,DOWN_STRENGTHENING,True,False,,,,,,,,ds0017
2014-01-07,2.0,DOWN_STRENGTHENING,True,False,,,,,,,,ds0017
2014-01-08,2.0,DOWN_STRENGTHENING,True,False,,,,,,,,ds0017
2014-01-09,4.0,SIDEWAYS,True,False,,,,,,,,ds0017
2014-01-10,1.0,UP_WEAKENING,True,False,,,,,,,,ds0017
2014-01-13,1.0,UP_WEAKENING,True,False,,,,,,,,ds0017
2014-01-14,1.0,UP_WEAKENING,True,False,,,,,,,,ds0017
2014-01-15,1.0,UP_WEAKENING,True,False,,,,,,,,ds0017
2014-01-16,1.0,UP_WEAKENING,True,False,,,,,,,,ds0017
2014-01-17,1.0,UP_WEAKENING,True,False,,,,,,,,ds0017
2014-01-21,1.0,UP_WEAKENING,True,False,,,,,,,,ds0017
2014-01-22,1.0,UP_WEAKENING,True,False,,,,,,,,ds0017
2014-01-23,1.0,UP_WEAKENING,True,False,,,,,,,,ds0017
2014-01-24,0.0,UP_STRENGTHENING,True,False,,,,,,,,ds0017
2014-01-27,0.0,UP_STRENGTHENING,True,False,,,,,,,,ds0017
2014-01-28,0.0,UP_STRENGTHENING,True,False,,,,,,,,ds0017
2014-01-29,0.0,UP_STRENGTHENING,True,False,,,,,,,,ds0017
2014-01-30,0.0,UP_STRENGTHENING,True,True,,,,,,,,ds0017
2014-01-31,0.0,UP_STRENGTHENING,True,True,,,,,,,,ds0017
2014-02-03,0.0,UP_STRENGTHENING,True,True,,,,,,,,ds0017
2014-02-04,0.0,UP_STRENGTHENING,True,True,,,,,,,,ds0017
2014-02-05,0.0,UP_STRENGTHENING,True,True,,,,,,,,ds0017
2014-02-06,0.0,UP_STRENGTHENING,True,True,,,,,,,,ds0017
2014-02-07,0.0,UP_STRENGTHENING,True,True,,,,,,,,ds0017
2014-02-10,0.0,UP_STRENGTHENING,True,True,,,,,,,,ds0017
2014-02-11,0.0,UP_STRENGTHENING,True,True,,,,,,,,ds0017
2014-02-12,4.0,SIDEWAYS,True,True,,,,,,,,ds0017
2014-02-13,4.0,SIDEWAYS,True,True,,,,,,,,ds0017
2014-02-14,4.0,SIDEWAYS,True,True,,,,,,,,ds0017
2014-02-18,4.0,SIDEWAYS,True,True,,,,,,,,ds0017
2014-02-19,4.0,SIDEWAYS,True,True,,,,,,,,ds0017
2014-02-20,4.0,SIDEWAYS,True,True,,,,,,,,ds0017
2014-02-21,4.0,SIDEWAYS,True,True,,,,,,,,ds0017
2014-02-24,2.0,DOWN_STRENGTHENING,True,False,,,,,,,,ds0017
2014-02-25,2.0,DOWN_STRENGTHENING,True,False,,,,,,,,ds0017
2014-02-26,2.0,DOWN_STRENGTHENING,True,False,,,,,,,,ds0017
2014-02-27,2.0,DOWN_STRENGTHENING,True,False,,,,,,,,ds0017
2014-02-28,2.0,DOWN_STRENGTHENING,True,False,,,,,,,,ds0017
2014-03-03,2.0,DOWN_STRENGTHENING,True,False,,,,,,,,ds0017
2014-03-04,2.0,DOWN_STRENGTHENING,True,False,,,,,,,,ds0017
2014-03-05,2.0,DOWN_STRENGTHENING,True,False,,,,,,,,ds0017
2014-03-06,2.0,DOWN_STRENGTHENING,True,False,,,,,,,,ds0017
2014-03-07,2.0,DOWN_STRENGTHENING,True,False,,,,,,,,ds0017
2014-03-10,2.0,DOWN_STRENGTHENING,True,False,,,,,,,,ds0017
2014-03-11,2.0,DOWN_STRENGTHENING,True,False,,,,,,,,ds0017
2014-03-12,2.0,DOWN_STRENGTHENING,True,False,,,,,,,,ds0017
2014-03-13,2.0,DOWN_STRENGTHENING,True,False,,,,,,,,ds0017
2014-03-14,2.0,DOWN_STRENGTHENING,True,False,,,,,,,,ds0017
2014-03-17,2.0,DOWN_STRENGTHENING,True,False,,,,,,,,ds0017
2014-03-18,2.0,DOWN_STRENGTHENING,True,False,,,,,,,,ds0017
2014-03-19,2.0,DOWN_STRENGTHENING,True,False,,,,,,,,ds0017
2014-03-20,2.0,DOWN_STRENGTHENING,True,False,,,,,,,,ds0017
2014-03-21,2.0,DOWN_STRENGTHENING,True,False,,,,,,,,ds0017
2014-03-24,2.0,DOWN_STRENGTHENING,True,False,,,,,,,,ds0017
2014-03-25,2.0,DOWN_STRENGTHENING,True,False,,,,,,,,ds0017
2014-03-26,4.0,SIDEWAYS,True,False,,,,,,,,ds0017
2014-03-27,2.0,DOWN_STRENGTHENING,True,False,,,,,,,,ds0017
2014-03-28,4.0,SIDEWAYS,True,False,,,,,,,,ds0017
2014-03-31,4.0,SIDEWAYS,True,False,,,,,,,,ds0017
2014-04-01,2.0,DOWN_STRENGTHENING,True,False,,,,,,,,ds0017
2014-04-02,2.0,DOWN_STRENGTHENING,True,False,,,,,,,,ds0017
2014-04-03,2.0,DOWN_STRENGTHENING,True,False,,,,,,,,ds0017
2014-04-04,1.0,UP_WEAKENING,True,True,,,,,,,,ds0017
2014-04-07,1.0,UP_WEAKENING,True,True,,,,,,,,ds0017
2014-04-08,4.0,SIDEWAYS,True,True,,,,,,,,ds0017
2014-04-09,2.0,DOWN_STRENGTHENING,True,True,,,,,,,,ds0017
2014-04-10,1.0,UP_WEAKENING,True,True,,,,,,,,ds0017
2014-04-11,0.0,UP_STRENGTHENING,True,True,,,,,,,,ds0017
2014-04-14,0.0,UP_STRENGTHENING,True,True,,,,,,,,ds0017
2014-04-15,0.0,UP_STRENGTHENING,True,True,,,,,,,,ds0017
2014-04-16,4.0,SIDEWAYS,True,True,,,,,,,,ds0017
2014-04-17,0.0,UP_STRENGTHENING,True,True,,,,,,,,ds0017
2014-04-21,0.0,UP_STRENGTHENING,True,True,,,,,,,,ds0017
2014-04-22,4.0,SIDEWAYS,True,True,,,,,,,,ds0017
2014-04-23,0.0,UP_STRENGTHENING,True,True,,,,,,,,ds0017
2014-04-24,1.0,UP_WEAKENING,True,True,,,,,,,,ds0017
2014-04-25,0.0,UP_STRENGTHENING,True,True,,,,,,,,ds0017
2014-04-28,0.0,UP_STRENGTHENING,True,True,,,,,,,,ds0017
2014-04-29,0.0,UP_STRENGTHENING,True,True,,,,,,,,ds0017
2014-04-30,0.0,UP_STRENGTHENING,True,True,,,,,,,,ds0017
2014-05-01,0.0,UP_STRENGTHENING,True,True,,,,,,,,ds0017
2014-05-02,0.0,UP_STRENGTHENING,True,True,,,,,,,,ds0017
2014-05-05,0.0,UP_STRENGTHENING,True,True,,,,,,,,ds0017
2014-05-06,0.0,UP_STRENGTHENING,True,True,,,,,,,,ds0017
2014-05-07,0.0,UP_STRENGTHENING,True,True,,,,,,,,ds0017
2014-05-08,0.0,UP_STRENGTHENING,True,True,,,,,,,,ds0017
2014-05-09,0.0,UP_STRENGTHENING,True,False,,,,,,,,ds0017
2014-05-12,0.0,UP_STRENGTHENING,True,False,,,,,,,,ds0017
2014-05-13,0.0,UP_STRENGTHENING,True,False,,,,,,,,ds0017
2014-05-14,0.0,UP_STRENGTHENING,True,False,,,,,,,,ds0017
2014-05-15,0.0,UP_STRENGTHENING,True,False,,,,,,,,ds0017
2014-05-16,0.0,UP_STRENGTHENING,True,False,,,,,,,,ds0017
2014-05-19,0.0,UP_STRENGTHENING,True,False,,,,,,,,ds0017
2014-05-20,0.0,UP_STRENGTHENING,True,False,,,,,,,,ds0017
2014-05-21,0.0,UP_STRENGTHENING,True,False,,,,,,,,ds0017
2014-05-22,0.0,UP_STRENGTHENING,True,False,,,,,,,,ds0017
2014-05-23,0.0,UP_STRENGTHENING,True,False,,,,,,,,ds0017
2014-05-27,0.0,UP_STRENGTHENING,True,False,,,,,,,,ds0017
2014-05-28,0.0,UP_STRENGTHENING,True,False,,,,,,,,ds0017
2014-05-29,0.0,UP_STRENGTHENING,True,False,,,,,,,,ds0017
2014-05-30,0.0,UP_STRENGTHENING,True,False,,,,,,,,ds0017
2014-06-02,0.0,UP_STRENGTHENING,True,False,,,,,,,,ds0017
2014-06-03,0.0,UP_STRENGTHENING,True,False,,,,,,,,ds0017
2014-06-04,0.0,UP_STRENGTHENING,True,False,,,,,,,,ds0017
2014-06-05,0.0,UP_STRENGTHENING,True,False,,,,,,,,ds0017
2014-06-06,0.0,UP_STRENGTHENING,True,False,,,,,,,,ds0017
2014-06-09,0.0,UP_STRENGTHENING,True,False,,,,,,,,ds0017
2014-06-10,0.0,UP_STRENGTHENING,True,False,,,,,,,,ds0017
2014-06-11,0.0,UP_STRENGTHENING,True,False,,,,,,,,ds0017
2014-06-12,0.0,UP_STRENGTHENING,True,False,,,,,,,,ds0017
2014-06-13,0.0,UP_STRENGTHENING,True,False,,,,,,,,ds0017
2014-06-16,0.0,UP_STRENGTHENING,True,False,,,,,,,,ds0017
2014-06-17,0.0,UP_STRENGTHENING,True,False,,,,,,,,ds0017
2014-06-18,0.0,UP_STRENGTHENING,True,False,,,,,,,,ds0017
2014-06-19,0.0,UP_STRENGTHENING,True,False,,,,,,,,ds0017
2014-06-20,0.0,UP_STRENGTHENING,True,False,,,,,,,,ds0017
2014-06-23,0.0,UP_STRENGTHENING,True,False,,,,,,,,ds0017
2014-06-24,0.0,UP_STRENGTHENING,True,False,,,,,,,,ds0017
2014-06-25,0.0,UP_STRENGTHENING,True,False,,,,,,,,ds0017
2014-06-26,0.0,UP_STRENGTHENING,True,False,,,,,,,,ds0017
2014-06-27,0.0,UP_STRENGTHENING,True,False,,,,,,,,ds0017
2014-06-30,0.0,UP_STRENGTHENING,True,False,,,,,,,,ds0017
2014-07-01,1.0,UP_WEAKENING,True,False,,,,,,,,ds0017
2014-07-02,4.0,SIDEWAYS,True,False,,,,,,,,ds0017
2014-07-03,2.0,DOWN_STRENGTHENING,True,False,,,,,,,,ds0017
2014-07-07,4.0,SIDEWAYS,True,False,,,,,,,,ds0017
2014-07-08,4.0,SIDEWAYS,True,False,,,,,,,,ds0017
2014-07-09,4.0,SIDEWAYS,True,False,,,,,,,,ds0017
2014-07-10,4.0,SIDEWAYS,True,False,,,,,,,,ds0017
2014-07-11,4.0,SIDEWAYS,True,False,,,,,,,,ds0017
2014-07-14,4.0,SIDEWAYS,True,False,,,,,,,,ds0017
2014-07-15,4.0,SIDEWAYS,True,False,,,,,,,,ds0017
2014-07-16,1.0,UP_WEAKENING,True,False,,,,,,,,ds0017
2014-07-17,1.0,UP_WEAKENING,True,False,,,,,,,,ds0017
2014-07-18,1.0,UP_WEAKENING,True,False,,,,,,,,ds0017
2014-07-21,1.0,UP_WEAKENING,True,False,,,,,,,,ds0017
2014-07-22,1.0,UP_WEAKENING,True,False,,,,,,,,ds0017
2014-07-23,1.0,UP_WEAKENING,True,False,,,,,,,,ds0017
2014-07-24,1.0,UP_WEAKENING,True,False,,,,,,,,ds0017
2014-07-25,1.0,UP_WEAKENING,True,False,,,,,,,,ds0017
2014-07-28,1.0,UP_WEAKENING,True,False,,,,,,,,ds0017
2014-07-29,1.0,UP_WEAKENING,True,False,,,,,,,,ds0017
2014-07-30,1.0,UP_WEAKENING,True,False,,,,,,,,ds0017
2014-07-31,1.0,UP_WEAKENING,True,False,,,,,,,,ds0017
2014-08-01,0.0,UP_STRENGTHENING,True,False,,,,,,,,ds0017
2014-08-04,0.0,UP_STRENGTHENING,True,False,,,,,,,,ds0017
2014-08-05,0.0,UP_STRENGTHENING,True,False,,,,,,,,ds0017
2014-08-06,0.0,UP_STRENGTHENING,True,False,,,,,,,,ds0017
2014-08-07,0.0,UP_STRENGTHENING,True,False,,,,,,,,ds0017
2014-08-08,0.0,UP_STRENGTHENING,True,False,,,,,,,,ds0017
2014-08-11,0.0,UP_STRENGTHENING,True,False,,,,,,,,ds0017
2014-08-12,0.0,UP_STRENGTHENING,True,False,,,,,,,,ds0017
2014-08-13,0.0,UP_STRENGTHENING,True,False,,,,,,,,ds0017
2014-08-14,0.0,UP_STRENGTHENING,True,False,,,,,,,,ds0017
2014-08-15,1.0,UP_WEAKENING,True,False,,,,,,,,ds0017
2014-08-18,1.0,UP_WEAKENING,True,False,,,,,,,,ds0017
2014-08-19,1.0,UP_WEAKENING,True,False,,,,,,,,ds0017
2014-08-20,0.0,UP_STRENGTHENING,True,False,,,,,,,,ds0017
2014-08-21,1.0,UP_WEAKENING,True,False,,,,,,,,ds0017
2014-08-22,4.0,SIDEWAYS,True,False,,,,,,,,ds0017
2014-08-25,4.0,SIDEWAYS,True,False,,,,,,,,ds0017
2014-08-26,4.0,SIDEWAYS,True,False,,,,,,,,ds0017
2014-08-27,2.0,DOWN_STRENGTHENING,True,False,,,,,,,,ds0017
2014-08-28,4.0,SIDEWAYS,True,False,,,,,,,,ds0017
2014-08-29,2.0,DOWN_STRENGTHENING,True,False,,,,,,,,ds0017
2014-09-02,2.0,DOWN_STRENGTHENING,True,False,,,,,,,,ds0017
2014-09-03,2.0,DOWN_STRENGTHENING,True,False,,,,,,,,ds0017
2014-09-04,2.0,DOWN_STRENGTHENING,True,False,,,,,,,,ds0017
2014-09-05,2.0,DOWN_STRENGTHENING,True,False,,,,,,,,ds0017
2014-09-08,2.0,DOWN_STRENGTHENING,True,False,,,,,,,,ds0017
2014-09-09,2.0,DOWN_STRENGTHENING,True,False,,,,,,,,ds0017
2014-09-10,2.0,DOWN_STRENGTHENING,True,False,,,,,,,,ds0017
2014-09-11,2.0,DOWN_STRENGTHENING,True,False,,,,,,,,ds0017
2014-09-12,2.0,DOWN_STRENGTHENING,True,False,,,,,,,,ds0017
2014-09-15,2.0,DOWN_STRENGTHENING,True,False,,,,,,,,ds0017
2014-09-16,2.0,DOWN_STRENGTHENING,True,False,,,,,,,,ds0017
2014-09-17,2.0,DOWN_STRENGTHENING,True,False,,,,,,,,ds0017
2014-09-18,2.0,DOWN_STRENGTHENING,True,False,,,,,,,,ds0017
2014-09-19,2.0,DOWN_STRENGTHENING,True,False,,,,,,,,ds0017
2014-09-22,2.0,DOWN_STRENGTHENING,True,False,,,,,,,,ds0017
2014-09-23,2.0,DOWN_STRENGTHENING,True,False,,,,,,,,ds0017
2014-09-24,2.0,DOWN_STRENGTHENING,True,False,,,,,,,,ds0017
2014-09-25,4.0,SIDEWAYS,True,False,,,,,,,,ds0017
2014-09-26,4.0,SIDEWAYS,True,False,,,,,,,,ds0017
2014-09-29,4.0,SIDEWAYS,True,False,,,,,,,,ds0017
2014-09-30,1.0,UP_WEAKENING,True,False,,,,,,,,ds0017
2014-10-01,1.0,UP_WEAKENING,True,False,,,,,,,,ds0017
2014-10-02,1.0,UP_WEAKENING,True,False,,,,,,,,ds0017
2014-10-03,1.0,UP_WEAKENING,True,False,,,,,,,,ds0017
2014-10-06,1.0,UP_WEAKENING,True,False,,,,,,,,ds0017
2014-10-07,1.0,UP_WEAKENING,True,False,,,,,,,,ds0017
2014-10-08,1.0,UP_WEAKENING,True,False,,,,,,,,ds0017
2014-10-09,1.0,UP_WEAKENING,True,True,,,,,,,,ds0017
2014-10-10,1.0,UP_WEAKENING,True,True,,,,,,,,ds0017
2014-10-13,0.0,UP_STRENGTHENING,True,True,,,,,,,,ds0017
2014-10-14,0.0,UP_STRENGTHENING,True,True,,,,,,,,ds0017
2014-10-15,0.0,UP_STRENGTHENING,True,True,,,,,,,,ds0017
2014-10-16,0.0,UP_STRENGTHENING,True,True,,,,,,,,ds0017
2014-10-17,0.0,UP_STRENGTHENING,True,True,,,,,,,,ds0017
2014-10-20,0.0,UP_STRENGTHENING,True,True,,,,,,,,ds0017
2014-10-21,0.0,UP_STRENGTHENING,True,True,,,,,,,,ds0017
2014-10-22,0.0,UP_STRENGTHENING,True,True,,,,,,,,ds0017
2014-10-23,0.0,UP_STRENGTHENING,True,True,,,,,,,,ds0017
2014-10-24,0.0,UP_STRENGTHENING,True,True,,,,,,,,ds0017
2014-10-27,0.0,UP_STRENGTHENING,True,True,,,,,,,,ds0017
2014-10-28,0.0,UP_STRENGTHENING,True,True,,,,,,,,ds0017
2014-10-29,0.0,UP_STRENGTHENING,True,True,,,,,,,,ds0017
2014-10-30,0.0,UP_STRENGTHENING,True,True,,,,,,,,ds0017
2014-10-31,0.0,UP_STRENGTHENING,True,True,,,,,,,,ds0017
2014-11-03,0.0,UP_STRENGTHENING,True,True,,,,,,,,ds0017
2014-11-04,0.0,UP_STRENGTHENING,True,True,,,,,,,,ds0017
2014-11-05,0.0,UP_STRENGTHENING,True,True,,,,,,,,ds0017
2014-11-06,0.0,UP_STRENGTHENING,True,True,,,,,,,,ds0017
2014-11-07,0.0,UP_STRENGTHENING,True,False,,,,,,,,ds0017
2014-11-10,0.0,UP_STRENGTHENING,True,False,,,,,,,,ds0017
2014-11-11,0.0,UP_STRENGTHENING,True,False,,,,,,,,ds0017
2014-11-12,0.0,UP_STRENGTHENING,True,False,,,,,,,,ds0017
2014-11-13,4.0,SIDEWAYS,True,False,,,,,,,,ds0017
2014-11-14,2.0,DOWN_STRENGTHENING,True,False,,,,,,,,ds0017
2014-11-17,2.0,DOWN_STRENGTHENING,True,False,,,,,,,,ds0017
2014-11-18,2.0,DOWN_STRENGTHENING,True,False,,,,,,,,ds0017
2014-11-19,0.0,UP_STRENGTHENING,True,False,,,,,,,,ds0017
2014-11-20,0.0,UP_STRENGTHENING,True,False,,,,,,,,ds0017
2014-11-21,0.0,UP_STRENGTHENING,True,False,,,,,,,,ds0017
2014-11-24,4.0,SIDEWAYS,True,False,,,,,,,,ds0017
2014-11-25,4.0,SIDEWAYS,True,False,,,,,,,,ds0017
2014-11-26,4.0,SIDEWAYS,True,False,,,,,,,,ds0017
2014-11-28,2.0,DOWN_STRENGTHENING,True,False,,,,,,,,ds0017
2014-12-01,4.0,SIDEWAYS,True,False,,,,,,,,ds0017
2014-12-02,2.0,DOWN_STRENGTHENING,True,False,,,,,,,,ds0017
2014-12-03,2.0,DOWN_STRENGTHENING,True,False,,,,,,,,ds0017
2014-12-04,2.0,DOWN_STRENGTHENING,True,False,,,,,,,,ds0017
2014-12-05,2.0,DOWN_STRENGTHENING,True,False,,,,,,,,ds0017
2014-12-08,2.0,DOWN_STRENGTHENING,True,False,,,,,,,,ds0017
2014-12-09,2.0,DOWN_STRENGTHENING,True,False,,,,,,,,ds0017
2014-12-10,4.0,SIDEWAYS,True,False,,,,,,,,ds0017
2014-12-11,2.0,DOWN_STRENGTHENING,True,False,,,,,,,,ds0017
2014-12-12,2.0,DOWN_STRENGTHENING,True,False,,,,,,,,ds0017
2014-12-15,4.0,SIDEWAYS,True,False,,,,,,,,ds0017
2014-12-16,4.0,SIDEWAYS,True,False,,,,,,,,ds0017
2014-12-17,4.0,SIDEWAYS,True,False,,,,,,,,ds0017
2014-12-18,2.0,DOWN_STRENGTHENING,True,False,,,,,,,,ds0017
2014-12-19,2.0,DOWN_STRENGTHENING,True,False,,,,,,,,ds0017
2014-12-22,4.0,SIDEWAYS,True,False,,,,,,,,ds0017
2014-12-23,4.0,SIDEWAYS,True,False,,,,,,,,ds0017
2014-12-24,4.0,SIDEWAYS,True,False,,,,,,,,ds0017
2014-12-26,2.0,DOWN_STRENGTHENING,True,False,,,,,,,,ds0017
2014-12-29,2.0,DOWN_STRENGTHENING,True,False,,,,,,,,ds0017
2014-12-30,2.0,DOWN_STRENGTHENING,True,False,,,,,,,,ds0017
2014-12-31,2.0,DOWN_STRENGTHENING,True,False,,,,,,,,ds0017
2015-01-02,2.0,DOWN_STRENGTHENING,True,False,,,,,,,,ds0017
2015-01-05,1.0,UP_WEAKENING,True,False,,,,,,,,ds0017
2015-01-06,1.0,UP_WEAKENING,True,False,,,,,,,,ds0017
2015-01-07,1.0,UP_WEAKENING,True,False,,,,,,,,ds0017
2015-01-08,4.0,SIDEWAYS,True,True,,,,,,,,ds0017
2015-01-09,4.0,SIDEWAYS,True,False,,,,,,,,ds0017
2015-01-12,1.0,UP_WEAKENING,True,True,,,,,,,,ds0017
2015-01-13,1.0,UP_WEAKENING,True,False,,,,,,,,ds0017
2015-01-14,1.0,UP_WEAKENING,True,False,,,,,,,,ds0017
2015-01-15,1.0,UP_WEAKENING,True,False,,,,,,,,ds0017
2015-01-16,0.0,UP_STRENGTHENING,True,False,,,,,,,,ds0017
2015-01-20,0.0,UP_STRENGTHENING,True,False,,,,,,,,ds0017
2015-01-21,0.0,UP_STRENGTHENING,True,False,,,,,,,,ds0017
2015-01-22,0.0,UP_STRENGTHENING,True,False,,,,,,,,ds0017
2015-01-23,0.0,UP_STRENGTHENING,True,False,,,,,,,,ds0017
2015-01-26,0.0,UP_STRENGTHENING,True,False,,,,,,,,ds0017
2015-01-27,0.0,UP_STRENGTHENING,True,False,,,,,,,,ds0017
2015-01-28,0.0,UP_STRENGTHENING,True,False,,,,,,,,ds0017
2015-01-29,0.0,UP_STRENGTHENING,True,True,,,,,,,,ds0017
2015-01-30,0.0,UP_STRENGTHENING,True,False,,,,,,,,ds0017
2015-02-02,0.0,UP_STRENGTHENING,True,True,,,,,,,,ds0017
2015-02-03,0.0,UP_STRENGTHENING,True,False,,,,,,,,ds0017
2015-02-04,0.0,UP_STRENGTHENING,True,False,,,,,,,,ds0017
2015-02-05,0.0,UP_STRENGTHENING,True,False,,,,,,,,ds0017
2015-02-06,0.0,UP_STRENGTHENING,True,False,,,,,,,,ds0017
2015-02-09,0.0,UP_STRENGTHENING,True,False,,,,,,,,ds0017
2015-02-10,4.0,SIDEWAYS,True,False,,,,,,,,ds0017
2015-02-11,0.0,UP_STRENGTHENING,True,False,,,,,,,,ds0017
2015-02-12,4.0,SIDEWAYS,True,False,,,,,,,,ds0017
2015-02-13,4.0,SIDEWAYS,True,False,,,,,,,,ds0017
2015-02-17,4.0,SIDEWAYS,True,False,,,,,,,,ds0017
2015-02-18,4.0,SIDEWAYS,True,False,,,,,,,,ds0017
2015-02-19,4.0,SIDEWAYS,True,False,,,,,,,,ds0017
2015-02-20,4.0,SIDEWAYS,True,False,,,,,,,,ds0017
2015-02-23,4.0,SIDEWAYS,True,False,,,,,,,,ds0017
2015-02-24,4.0,SIDEWAYS,True,False,,,,,,,,ds0017
2015-02-25,2.0,DOWN_STRENGTHENING,True,False,,,,,,,,ds0017
2015-02-26,2.0,DOWN_STRENGTHENING,True,False,,,,,,,,ds0017
2015-02-27,2.0,DOWN_STRENGTHENING,True,False,,,,,,,,ds0017
2015-03-02,2.0,DOWN_STRENGTHENING,True,False,,,,,,,,ds0017
2015-03-03,2.0,DOWN_STRENGTHENING,True,False,,,,,,,,ds0017
2015-03-04,2.0,DOWN_STRENGTHENING,True,False,,,,,,,,ds0017
2015-03-05,2.0,DOWN_STRENGTHENING,True,False,,,,,,,,ds0017
2015-03-06,2.0,DOWN_STRENGTHENING,True,False,,,,,,,,ds0017
2015-03-09,2.0,DOWN_STRENGTHENING,True,False,,,,,,,,ds0017
2015-03-10,1.0,UP_WEAKENING,True,False,,,,,,,,ds0017
2015-03-11,0.0,UP_STRENGTHENING,True,False,,,,,,,,ds0017
2015-03-12,0.0,UP_STRENGTHENING,True,False,,,,,,,,ds0017
2015-03-13,0.0,UP_STRENGTHENING,True,False,,,,,,,,ds0017
2015-03-16,1.0,UP_WEAKENING,True,False,,,,,,,,ds0017
2015-03-17,1.0,UP_WEAKENING,True,False,,,,,,,,ds0017
2015-03-18,4.0,SIDEWAYS,True,False,,,,,,,,ds0017
2015-03-19,2.0,DOWN_STRENGTHENING,True,False,,,,,,,,ds0017
2015-03-20,2.0,DOWN_STRENGTHENING,True,False,,,,,,,,ds0017
2015-03-23,4.0,SIDEWAYS,True,False,,,,,,,,ds0017
2015-03-24,4.0,SIDEWAYS,True,False,,,,,,,,ds0017
2015-03-25,0.0,UP_STRENGTHENING,True,False,,,,,,,,ds0017
2015-03-26,0.0,UP_STRENGTHENING,True,False,,,,,,,,ds0017
2015-03-27,0.0,UP_STRENGTHENING,True,False,,,,,,,,ds0017
2015-03-30,0.0,UP_STRENGTHENING,True,False,,,,,,,,ds0017
2015-03-31,0.0,UP_STRENGTHENING,True,False,,,,,,,,ds0017
2015-04-01,1.0,UP_WEAKENING,True,False,,,,,,,,ds0017
2015-04-02,0.0,UP_STRENGTHENING,True,False,,,,,,,,ds0017
2015-04-06,0.0,UP_STRENGTHENING,True,False,,,,,,,,ds0017
2015-04-07,1.0,UP_WEAKENING,True,False,,,,,,,,ds0017
2015-04-08,4.0,SIDEWAYS,True,False,,,,,,,,ds0017
2015-04-09,4.0,SIDEWAYS,True,False,,,,,,,,ds0017
2015-04-10,1.0,UP_WEAKENING,True,False,,,,,,,,ds0017
2015-04-13,4.0,SIDEWAYS,True,False,,,,,,,,ds0017
2015-04-14,4.0,SIDEWAYS,True,False,,,,,,,,ds0017
2015-04-15,4.0,SIDEWAYS,True,False,,,,,,,,ds0017
2015-04-16,1.0,UP_WEAKENING,True,False,,,,,,,,ds0017
2015-04-17,0.0,UP_STRENGTHENING,True,False,,,,,,,,ds0017
2015-04-20,1.0,UP_WEAKENING,True,False,,,,,,,,ds0017
2015-04-21,1.0,UP_WEAKENING,True,False,,,,,,,,ds0017
2015-04-22,1.0,UP_WEAKENING,True,False,,,,,,,,ds0017
2015-04-23,1.0,UP_WEAKENING,True,False,,,,,,,,ds0017
2015-04-24,4.0,SIDEWAYS,True,False,,,,,,,,ds0017
2015-04-27,2.0,DOWN_STRENGTHENING,True,False,,,,,,,,ds0017
2015-04-28,1.0,UP_WEAKENING,True,False,,,,,,,,ds0017
2015-04-29,1.0,UP_WEAKENING,True,False,,,,,,,,ds0017
2015-04-30,0.0,UP_STRENGTHENING,True,False,,,,,,,,ds0017
2015-05-01,1.0,UP_WEAKENING,True,False,,,,,,,,ds0017
2015-05-04,1.0,UP_WEAKENING,True,False,,,,,,,,ds0017
2015-05-05,0.0,UP_STRENGTHENING,True,False,,,,,,,,ds0017
2015-05-06,0.0,UP_STRENGTHENING,True,False,,,,,,,,ds0017
2015-05-07,0.0,UP_STRENGTHENING,True,False,,,,,,,,ds0017
2015-05-08,4.0,SIDEWAYS,True,False,,,,,,,,ds0017
2015-05-11,4.0,SIDEWAYS,True,False,,,,,,,,ds0017
2015-05-12,0.0,UP_STRENGTHENING,True,False,,,,,,,,ds0017
2015-05-13,0.0,UP_STRENGTHENING,True,False,,,,,,,,ds0017
2015-05-14,4.0,SIDEWAYS,True,False,,,,,,,,ds0017
2015-05-15,2.0,DOWN_STRENGTHENING,True,False,,,,,,,,ds0017
2015-05-18,2.0,DOWN_STRENGTHENING,True,False,,,,,,,,ds0017
2015-05-19,4.0,SIDEWAYS,True,False,,,,,,,,ds0017
2015-05-20,4.0,SIDEWAYS,True,False,,,,,,,,ds0017
2015-05-21,4.0,SIDEWAYS,True,False,,,,,,,,ds0017
2015-05-22,4.0,SIDEWAYS,True,False,,,,,,,,ds0017
2015-05-26,0.0,UP_STRENGTHENING,True,False,,,,,,,,ds0017
2015-05-27,4.0,SIDEWAYS,True,False,,,,,,,,ds0017
2015-05-28,4.0,SIDEWAYS,True,False,,,,,,,,ds0017
2015-05-29,4.0,SIDEWAYS,True,False,,,,,,,,ds0017
2015-06-01,2.0,DOWN_STRENGTHENING,True,False,,,,,,,,ds0017
2015-06-02,2.0,DOWN_STRENGTHENING,True,False,,,,,,,,ds0017
2015-06-03,2.0,DOWN_STRENGTHENING,True,False,,,,,,,,ds0017
2015-06-04,2.0,DOWN_STRENGTHENING,True,False,,,,,,,,ds0017
2015-06-05,2.0,DOWN_STRENGTHENING,True,False,,,,,,,,ds0017
2015-06-08,4.0,SIDEWAYS,True,False,,,,,,,,ds0017
2015-06-09,2.0,DOWN_STRENGTHENING,True,False,,,,,,,,ds0017
2015-06-10,2.0,DOWN_STRENGTHENING,True,False,,,,,,,,ds0017
2015-06-11,2.0,DOWN_STRENGTHENING,True,False,,,,,,,,ds0017
2015-06-12,1.0,UP_WEAKENING,True,False,,,,,,,,ds0017
2015-06-15,1.0,UP_WEAKENING,True,False,,,,,,,,ds0017
2015-06-16,1.0,UP_WEAKENING,True,False,,,,,,,,ds0017
2015-06-17,1.0,UP_WEAKENING,True,False,,,,,,,,ds0017
2015-06-18,0.0,UP_STRENGTHENING,True,False,,,,,,,,ds0017
2015-06-19,0.0,UP_STRENGTHENING,True,False,,,,,,,,ds0017
2015-06-22,0.0,UP_STRENGTHENING,True,False,,,,,,,,ds0017
2015-06-23,1.0,UP_WEAKENING,True,False,,,,,,,,ds0017
2015-06-24,0.0,UP_STRENGTHENING,True,False,,,,,,,,ds0017
2015-06-25,1.0,UP_WEAKENING,True,False,,,,,,,,ds0017
2015-06-26,1.0,UP_WEAKENING,True,False,,,,,,,,ds0017
2015-06-29,0.0,UP_STRENGTHENING,True,False,,,,,,,,ds0017
2015-06-30,0.0,UP_STRENGTHENING,True,False,,,,,,,,ds0017
2015-07-01,0.0,UP_STRENGTHENING,True,False,,,,,,,,ds0017
2015-07-02,0.0,UP_STRENGTHENING,True,False,,,,,,,,ds0017
2015-07-06,0.0,UP_STRENGTHENING,True,False,,,,,,,,ds0017
2015-07-07,0.0,UP_STRENGTHENING,True,False,,,,,,,,ds0017
2015-07-08,0.0,UP_STRENGTHENING,True,False,,,,,,,,ds0017
2015-07-09,0.0,UP_STRENGTHENING,True,False,,,,,,,,ds0017
2015-07-10,0.0,UP_STRENGTHENING,True,False,,,,,,,,ds0017
2015-07-13,0.0,UP_STRENGTHENING,True,False,,,,,,,,ds0017
2015-07-14,4.0,SIDEWAYS,True,False,,,,,,,,ds0017
2015-07-15,4.0,SIDEWAYS,True,False,,,,,,,,ds0017
2015-07-16,3.0,DOWN_WEAKENING,True,False,,,,,,,,ds0017
2015-07-17,2.0,DOWN_STRENGTHENING,True,False,,,,,,,,ds0017
2015-07-20,2.0,DOWN_STRENGTHENING,True,False,,,,,,,,ds0017
2015-07-21,2.0,DOWN_STRENGTHENING,True,False,,,,,,,,ds0017
2015-07-22,2.0,DOWN_STRENGTHENING,True,False,,,,,,,,ds0017
2015-07-23,2.0,DOWN_STRENGTHENING,True,False,,,,,,,,ds0017
2015-07-24,2.0,DOWN_STRENGTHENING,True,True,,,,,,,,ds0017
2015-07-27,2.0,DOWN_STRENGTHENING,True,True,,,,,,,,ds0017
2015-07-28,2.0,DOWN_STRENGTHENING,True,False,,,,,,,,ds0017
2015-07-29,2.0,DOWN_STRENGTHENING,True,False,,,,,,,,ds0017
2015-07-30,2.0,DOWN_STRENGTHENING,True,False,,,,,,,,ds0017
2015-07-31,2.0,DOWN_STRENGTHENING,True,False,,,,,,,,ds0017
2015-08-03,2.0,DOWN_STRENGTHENING,True,False,,,,,,,,ds0017
2015-08-04,2.0,DOWN_STRENGTHENING,True,False,,,,,,,,ds0017
2015-08-05,2.0,DOWN_STRENGTHENING,True,False,,,,,,,,ds0017
2015-08-06,2.0,DOWN_STRENGTHENING,True,False,,,,,,,,ds0017
2015-08-07,2.0,DOWN_STRENGTHENING,True,False,,,,,,,,ds0017
2015-08-10,2.0,DOWN_STRENGTHENING,True,False,,,,,,,,ds0017
2015-08-11,2.0,DOWN_STRENGTHENING,True,False,,,,,,,,ds0017
2015-08-12,2.0,DOWN_STRENGTHENING,True,False,,,,,,,,ds0017
2015-08-13,2.0,DOWN_STRENGTHENING,True,False,,,,,,,,ds0017
2015-08-14,2.0,DOWN_STRENGTHENING,True,False,,,,,,,,ds0017
2015-08-17,2.0,DOWN_STRENGTHENING,True,False,,,,,,,,ds0017
2015-08-18,2.0,DOWN_STRENGTHENING,True,False,,,,,,,,ds0017
2015-08-19,2.0,DOWN_STRENGTHENING,True,False,,,,,,,,ds0017
2015-08-20,2.0,DOWN_STRENGTHENING,True,False,,,,,,,,ds0017
2015-08-21,1.0,UP_WEAKENING,True,True,,,,,,,,ds0017
2015-08-24,1.0,UP_WEAKENING,True,True,,,,,,,,ds0017
2015-08-25,0.0,UP_STRENGTHENING,True,True,,,,,,,,ds0017
2015-08-26,4.0,SIDEWAYS,True,True,,,,,,,,ds0017
2015-08-27,2.0,DOWN_STRENGTHENING,True,True,,,,,,,,ds0017
2015-08-28,2.0,DOWN_STRENGTHENING,True,True,,,,,,,,ds0017
2015-08-31,2.0,DOWN_STRENGTHENING,True,True,,,,,,,,ds0017
2015-09-01,4.0,SIDEWAYS,True,True,,,,,,,,ds0017
2015-09-02,4.0,SIDEWAYS,True,True,,,,,,,,ds0017
2015-09-03,4.0,SIDEWAYS,True,True,,,,,,,,ds0017
2015-09-04,0.0,UP_STRENGTHENING,True,True,,,,,,,,ds0017
2015-09-08,4.0,SIDEWAYS,True,True,,,,,,,,ds0017
2015-09-09,4.0,SIDEWAYS,True,True,,,,,,,,ds0017
2015-09-10,4.0,SIDEWAYS,True,True,,,,,,,,ds0017
2015-09-11,4.0,SIDEWAYS,True,True,,,,,,,,ds0017
2015-09-14,4.0,SIDEWAYS,True,True,,,,,,,,ds0017
2015-09-15,4.0,SIDEWAYS,True,True,,,,,,,,ds0017
2015-09-16,4.0,SIDEWAYS,True,True,,,,,,,,ds0017
2015-09-17,4.0,SIDEWAYS,True,True,,,,,,,,ds0017
2015-09-18,0.0,UP_STRENGTHENING,True,True,,,,,,,,ds0017
2015-09-21,0.0,UP_STRENGTHENING,True,True,,,,,,,,ds0017
2015-09-22,0.0,UP_STRENGTHENING,True,True,,,,,,,,ds0017
2015-09-23,0.0,UP_STRENGTHENING,True,True,,,,,,,,ds0017
2015-09-24,0.0,UP_STRENGTHENING,True,True,,,,,,,,ds0017
2015-09-25,0.0,UP_STRENGTHENING,True,True,,,,,,,,ds0017
2015-09-28,0.0,UP_STRENGTHENING,True,True,,,,,,,,ds0017
2015-09-29,0.0,UP_STRENGTHENING,True,True,,,,,,,,ds0017
2015-09-30,0.0,UP_STRENGTHENING,True,True,,,,,,,,ds0017
2015-10-01,0.0,UP_STRENGTHENING,True,True,,,,,,,,ds0017
2015-10-02,0.0,UP_STRENGTHENING,True,True,,,,,,,,ds0017
2015-10-05,0.0,UP_STRENGTHENING,True,True,,,,,,,,ds0017
2015-10-06,0.0,UP_STRENGTHENING,True,False,,,,,,,,ds0017
2015-10-07,0.0,UP_STRENGTHENING,True,False,,,,,,,,ds0017
2015-10-08,0.0,UP_STRENGTHENING,True,False,,,,,,,,ds0017
2015-10-09,0.0,UP_STRENGTHENING,True,False,,,,,,,,ds0017
2015-10-12,0.0,UP_STRENGTHENING,True,False,,,,,,,,ds0017
2015-10-13,0.0,UP_STRENGTHENING,True,False,,,,,,,,ds0017
2015-10-14,0.0,UP_STRENGTHENING,True,False,,,,,,,,ds0017
2015-10-15,0.0,UP_STRENGTHENING,True,False,,,,,,,,ds0017
2015-10-16,0.0,UP_STRENGTHENING,True,False,,,,,,,,ds0017
2015-10-19,0.0,UP_STRENGTHENING,True,False,,,,,,,,ds0017
2015-10-20,0.0,UP_STRENGTHENING,True,False,,,,,,,,ds0017
2015-10-21,0.0,UP_STRENGTHENING,True,False,,,,,,,,ds0017
2015-10-22,0.0,UP_STRENGTHENING,True,False,,,,,,,,ds0017
2015-10-23,0.0,UP_STRENGTHENING,True,False,,,,,,,,ds0017
2015-10-26,0.0,UP_STRENGTHENING,True,False,,,,,,,,ds0017
2015-10-27,4.0,SIDEWAYS,True,False,,,,,,,,ds0017
2015-10-28,4.0,SIDEWAYS,True,False,,,,,,,,ds0017
2015-10-29,4.0,SIDEWAYS,True,False,,,,,,,,ds0017
2015-10-30,4.0,SIDEWAYS,True,False,,,,,,,,ds0017
2015-11-02,4.0,SIDEWAYS,True,False,,,,,,,,ds0017
2015-11-03,4.0,SIDEWAYS,True,False,,,,,,,,ds0017
2015-11-04,2.0,DOWN_STRENGTHENING,True,False,,,,,,,,ds0017
2015-11-05,4.0,SIDEWAYS,True,False,,,,,,,,ds0017
2015-11-06,4.0,SIDEWAYS,True,False,,,,,,,,ds0017
2015-11-09,0.0,UP_STRENGTHENING,True,False,,,,,,,,ds0017
2015-11-10,4.0,SIDEWAYS,True,False,,,,,,,,ds0017
2015-11-11,4.0,SIDEWAYS,True,False,,,,,,,,ds0017
2015-11-12,2.0,DOWN_STRENGTHENING,True,False,,,,,,,,ds0017
2015-11-13,0.0,UP_STRENGTHENING,True,False,,,,,,,,ds0017
2015-11-16,4.0,SIDEWAYS,True,False,,,,,,,,ds0017
2015-11-17,1.0,UP_WEAKENING,True,False,,,,,,,,ds0017
2015-11-18,2.0,DOWN_STRENGTHENING,True,False,,,,,,,,ds0017
2015-11-19,2.0,DOWN_STRENGTHENING,True,False,,,,,,,,ds0017
2015-11-20,2.0,DOWN_STRENGTHENING,True,False,,,,,,,,ds0017
2015-11-23,2.0,DOWN_STRENGTHENING,True,False,,,,,,,,ds0017
2015-11-24,2.0,DOWN_STRENGTHENING,True,False,,,,,,,,ds0017
2015-11-25,2.0,DOWN_STRENGTHENING,True,False,,,,,,,,ds0017
2015-11-27,2.0,DOWN_STRENGTHENING,True,False,,,,,,,,ds0017
2015-11-30,4.0,SIDEWAYS,True,False,,,,,,,,ds0017
2015-12-01,2.0,DOWN_STRENGTHENING,True,False,,,,,,,,ds0017
2015-12-02,2.0,DOWN_STRENGTHENING,True,False,,,,,,,,ds0017
2015-12-03,2.0,DOWN_STRENGTHENING,True,False,,,,,,,,ds0017
2015-12-04,2.0,DOWN_STRENGTHENING,True,False,,,,,,,,ds0017
2015-12-07,2.0,DOWN_STRENGTHENING,True,False,,,,,,,,ds0017
2015-12-08,2.0,DOWN_STRENGTHENING,True,False,,,,,,,,ds0017
2015-12-09,2.0,DOWN_STRENGTHENING,True,False,,,,,,,,ds0017
2015-12-10,2.0,DOWN_STRENGTHENING,True,False,,,,,,,,ds0017
2015-12-11,2.0,DOWN_STRENGTHENING,True,True,,,,,,,,ds0017
2015-12-14,2.0,DOWN_STRENGTHENING,True,False,,,,,,,,ds0017
2015-12-15,2.0,DOWN_STRENGTHENING,True,False,,,,,,,,ds0017
2015-12-16,2.0,DOWN_STRENGTHENING,True,False,,,,,,,,ds0017
2015-12-17,2.0,DOWN_STRENGTHENING,True,False,,,,,,,,ds0017
2015-12-18,2.0,DOWN_STRENGTHENING,True,False,,,,,,,,ds0017
2015-12-21,2.0,DOWN_STRENGTHENING,True,False,,,,,,,,ds0017
2015-12-22,2.0,DOWN_STRENGTHENING,True,True,,,,,,,,ds0017
2015-12-23,2.0,DOWN_STRENGTHENING,True,True,,,,,,,,ds0017
2015-12-24,2.0,DOWN_STRENGTHENING,True,True,,,,,,,,ds0017
2015-12-28,2.0,DOWN_STRENGTHENING,True,True,,,,,,,,ds0017
2015-12-29,2.0,DOWN_STRENGTHENING,True,True,,,,,,,,ds0017
2015-12-30,2.0,DOWN_STRENGTHENING,True,True,,,,,,,,ds0017
2015-12-31,2.0,DOWN_STRENGTHENING,True,True,,,,,,,,ds0017
2016-01-04,2.0,DOWN_STRENGTHENING,True,True,,,,,,,,ds0017
2016-01-05,2.0,DOWN_STRENGTHENING,True,False,,,,,,,,ds0017
2016-01-06,2.0,DOWN_STRENGTHENING,True,False,,,,,,,,ds0017
2016-01-07,2.0,DOWN_STRENGTHENING,True,True,,,,,,,,ds0017
2016-01-08,2.0,DOWN_STRENGTHENING,True,True,,,,,,,,ds0017
2016-01-11,2.0,DOWN_STRENGTHENING,True,True,,,,,,,,ds0017
2016-01-12,2.0,DOWN_STRENGTHENING,True,True,,,,,,,,ds0017
2016-01-13,2.0,DOWN_STRENGTHENING,True,True,,,,,,,,ds0017
2016-01-14,2.0,DOWN_STRENGTHENING,True,True,,,,,,,,ds0017
2016-01-15,4.0,SIDEWAYS,True,True,,,,,,,,ds0017
2016-01-19,4.0,SIDEWAYS,True,True,,,,,,,,ds0017
2016-01-20,4.0,SIDEWAYS,True,True,,,,,,,,ds0017
2016-01-21,4.0,SIDEWAYS,True,True,,,,,,,,ds0017
2016-01-22,4.0,SIDEWAYS,True,True,,,,,,,,ds0017
2016-01-25,4.0,SIDEWAYS,True,True,,,,,,,,ds0017
2016-01-26,4.0,SIDEWAYS,True,True,,,,,,,,ds0017
2016-01-27,0.0,UP_STRENGTHENING,True,True,,,,,,,,ds0017
2016-01-28,4.0,SIDEWAYS,True,True,,,,,,,,ds0017
2016-01-29,4.0,SIDEWAYS,True,True,,,,,,,,ds0017
2016-02-01,4.0,SIDEWAYS,True,True,,,,,,,,ds0017
2016-02-02,0.0,UP_STRENGTHENING,True,True,,,,,,,,ds0017
2016-02-03,0.0,UP_STRENGTHENING,True,True,,,,,,,,ds0017
2016-02-04,0.0,UP_STRENGTHENING,True,True,,,,,,,,ds0017
2016-02-05,0.0,UP_STRENGTHENING,True,True,,,,,,,,ds0017
2016-02-08,0.0,UP_STRENGTHENING,True,True,,,,,,,,ds0017
2016-02-09,0.0,UP_STRENGTHENING,True,True,,,,,,,,ds0017
2016-02-10,0.0,UP_STRENGTHENING,True,True,,,,,,,,ds0017
2016-02-11,0.0,UP_STRENGTHENING,True,True,,,,,,,,ds0017
2016-02-12,0.0,UP_STRENGTHENING,True,True,,,,,,,,ds0017
2016-02-16,0.0,UP_STRENGTHENING,True,True,,,,,,,,ds0017
2016-02-17,0.0,UP_STRENGTHENING,True,True,,,,,,,,ds0017
2016-02-18,0.0,UP_STRENGTHENING,True,True,,,,,,,,ds0017
2016-02-19,0.0,UP_STRENGTHENING,True,True,,,,,,,,ds0017
2016-02-22,0.0,UP_STRENGTHENING,True,True,,,,,,,,ds0017
2016-02-23,0.0,UP_STRENGTHENING,True,True,,,,,,,,ds0017
2016-02-24,0.0,UP_STRENGTHENING,True,True,,,,,,,,ds0017
2016-02-25,0.0,UP_STRENGTHENING,True,True,,,,,,,,ds0017
2016-02-26,0.0,UP_STRENGTHENING,True,True,,,,,,,,ds0017
2016-02-29,0.0,UP_STRENGTHENING,True,True,,,,,,,,ds0017
2016-03-01,0.0,UP_STRENGTHENING,True,False,,,,,,,,ds0017
2016-03-02,0.0,UP_STRENGTHENING,True,False,,,,,,,,ds0017
2016-03-03,0.0,UP_STRENGTHENING,True,False,,,,,,,,ds0017
2016-03-04,0.0,UP_STRENGTHENING,True,False,,,,,,,,ds0017
2016-03-07,0.0,UP_STRENGTHENING,True,True,,,,,,,,ds0017
2016-03-08,0.0,UP_STRENGTHENING,True,True,,,,,,,,ds0017
2016-03-09,0.0,UP_STRENGTHENING,True,True,,,,,,,,ds0017
2016-03-10,0.0,UP_STRENGTHENING,True,True,,,,,,,,ds0017
2016-03-11,0.0,UP_STRENGTHENING,True,False,,,,,,,,ds0017
2016-03-14,0.0,UP_STRENGTHENING,True,False,,,,,,,,ds0017
2016-03-15,0.0,UP_STRENGTHENING,True,False,,,,,,,,ds0017
2016-03-16,0.0,UP_STRENGTHENING,True,False,,,,,,,,ds0017
2016-03-17,0.0,UP_STRENGTHENING,True,False,,,,,,,,ds0017
2016-03-18,0.0,UP_STRENGTHENING,True,False,,,,,,,,ds0017
2016-03-21,0.0,UP_STRENGTHENING,True,False,,,,,,,,ds0017
2016-03-22,0.0,UP_STRENGTHENING,True,False,,,,,,,,ds0017
2016-03-23,0.0,UP_STRENGTHENING,True,False,,,,,,,,ds0017
2016-03-24,0.0,UP_STRENGTHENING,True,False,,,,,,,,ds0017
2016-03-28,0.0,UP_STRENGTHENING,True,False,,,,,,,,ds0017
2016-03-29,4.0,SIDEWAYS,True,False,,,,,,,,ds0017
2016-03-30,2.0,DOWN_STRENGTHENING,True,False,,,,,,,,ds0017
2016-03-31,2.0,DOWN_STRENGTHENING,True,False,,,,,,,,ds0017
2016-04-01,2.0,DOWN_STRENGTHENING,True,False,,,,,,,,ds0017
2016-04-04,2.0,DOWN_STRENGTHENING,True,False,,,,,,,,ds0017
2016-04-05,2.0,DOWN_STRENGTHENING,True,False,,,,,,,,ds0017
2016-04-06,2.0,DOWN_STRENGTHENING,True,False,,,,,,,,ds0017
2016-04-07,2.0,DOWN_STRENGTHENING,True,False,,,,,,,,ds0017
2016-04-08,2.0,DOWN_STRENGTHENING,True,False,,,,,,,,ds0017
2016-04-11,2.0,DOWN_STRENGTHENING,True,False,,,,,,,,ds0017
2016-04-12,2.0,DOWN_STRENGTHENING,True,False,,,,,,,,ds0017
2016-04-13,2.0,DOWN_STRENGTHENING,True,False,,,,,,,,ds0017
2016-04-14,2.0,DOWN_STRENGTHENING,True,False,,,,,,,,ds0017
2016-04-15,2.0,DOWN_STRENGTHENING,True,False,,,,,,,,ds0017
2016-04-18,2.0,DOWN_STRENGTHENING,True,False,,,,,,,,ds0017
2016-04-19,2.0,DOWN_STRENGTHENING,True,False,,,,,,,,ds0017
2016-04-20,2.0,DOWN_STRENGTHENING,True,False,,,,,,,,ds0017
2016-04-21,2.0,DOWN_STRENGTHENING,True,False,,,,,,,,ds0017
2016-04-22,2.0,DOWN_STRENGTHENING,True,False,,,,,,,,ds0017
2016-04-25,2.0,DOWN_STRENGTHENING,True,False,,,,,,,,ds0017
2016-04-26,4.0,SIDEWAYS,True,False,,,,,,,,ds0017
2016-04-27,1.0,UP_WEAKENING,True,False,,,,,,,,ds0017
2016-04-28,1.0,UP_WEAKENING,True,False,,,,,,,,ds0017
2016-04-29,0.0,UP_STRENGTHENING,True,False,,,,,,,,ds0017
2016-05-02,1.0,UP_WEAKENING,True,False,,,,,,,,ds0017
2016-05-03,0.0,UP_STRENGTHENING,True,False,,,,,,,,ds0017
2016-05-04,0.0,UP_STRENGTHENING,True,False,,,,,,,,ds0017
2016-05-05,0.0,UP_STRENGTHENING,True,False,,,,,,,,ds0017
2016-05-06,0.0,UP_STRENGTHENING,True,False,,,,,,,,ds0017
2016-05-09,1.0,UP_WEAKENING,True,False,,,,,,,,ds0017
2016-05-10,1.0,UP_WEAKENING,True,False,,,,,,,,ds0017
2016-05-11,0.0,UP_STRENGTHENING,True,False,,,,,,,,ds0017
2016-05-12,0.0,UP_STRENGTHENING,True,False,,,,,,,,ds0017
2016-05-13,0.0,UP_STRENGTHENING,True,False,,,,,,,,ds0017
2016-05-16,1.0,UP_WEAKENING,True,False,,,,,,,,ds0017
2016-05-17,0.0,UP_STRENGTHENING,True,False,,,,,,,,ds0017
2016-05-18,0.0,UP_STRENGTHENING,True,False,,,,,,,,ds0017
2016-05-19,0.0,UP_STRENGTHENING,True,False,,,,,,,,ds0017
2016-05-20,0.0,UP_STRENGTHENING,True,False,,,,,,,,ds0017
2016-05-23,0.0,UP_STRENGTHENING,True,False,,,,,,,,ds0017
2016-05-24,2.0,DOWN_STRENGTHENING,True,False,,,,,,,,ds0017
2016-05-25,4.0,SIDEWAYS,True,False,,,,,,,,ds0017
2016-05-26,2.0,DOWN_STRENGTHENING,True,False,,,,,,,,ds0017
2016-05-27,2.0,DOWN_STRENGTHENING,True,False,,,,,,,,ds0017
2016-05-31,2.0,DOWN_STRENGTHENING,True,False,,,,,,,,ds0017
2016-06-01,2.0,DOWN_STRENGTHENING,True,False,,,,,,,,ds0017
2016-06-02,2.0,DOWN_STRENGTHENING,True,False,,,,,,,,ds0017
2016-06-03,2.0,DOWN_STRENGTHENING,True,False,,,,,,,,ds0017
2016-06-06,2.0,DOWN_STRENGTHENING,True,False,,,,,,,,ds0017
2016-06-07,3.0,DOWN_WEAKENING,True,False,,,,,,,,ds0017
2016-06-08,2.0,DOWN_STRENGTHENING,True,False,,,,,,,,ds0017
2016-06-09,4.0,SIDEWAYS,True,False,,,,,,,,ds0017
2016-06-10,0.0,UP_STRENGTHENING,True,False,,,,,,,,ds0017
2016-06-13,0.0,UP_STRENGTHENING,True,False,,,,,,,,ds0017
2016-06-14,0.0,UP_STRENGTHENING,True,False,,,,,,,,ds0017
2016-06-15,0.0,UP_STRENGTHENING,True,False,,,,,,,,ds0017
2016-06-16,0.0,UP_STRENGTHENING,True,False,,,,,,,,ds0017
2016-06-17,0.0,UP_STRENGTHENING,True,False,,,,,,,,ds0017
2016-06-20,0.0,UP_STRENGTHENING,True,False,,,,,,,,ds0017
2016-06-21,0.0,UP_STRENGTHENING,True,False,,,,,,,,ds0017
2016-06-22,0.0,UP_STRENGTHENING,True,False,,,,,,,,ds0017
2016-06-23,0.0,UP_STRENGTHENING,True,False,,,,,,,,ds0017
2016-06-24,0.0,UP_STRENGTHENING,True,False,,,,,,,,ds0017
2016-06-27,0.0,UP_STRENGTHENING,True,False,,,,,,,,ds0017
2016-06-28,0.0,UP_STRENGTHENING,True,False,,,,,,,,ds0017
2016-06-29,0.0,UP_STRENGTHENING,True,False,,,,,,,,ds0017
2016-06-30,0.0,UP_STRENGTHENING,True,False,,,,,,,,ds0017
2016-07-01,0.0,UP_STRENGTHENING,True,False,,,,,,,,ds0017
2016-07-05,0.0,UP_STRENGTHENING,True,False,,,,,,,,ds0017
2016-07-06,0.0,UP_STRENGTHENING,True,False,,,,,,,,ds0017
2016-07-07,0.0,UP_STRENGTHENING,True,False,,,,,,,,ds0017
2016-07-08,0.0,UP_STRENGTHENING,True,False,,,,,,,,ds0017
2016-07-11,0.0,UP_STRENGTHENING,True,False,,,,,,,,ds0017
2016-07-12,0.0,UP_STRENGTHENING,True,False,,,,,,,,ds0017
2016-07-13,0.0,UP_STRENGTHENING,True,False,,,,,,,,ds0017
2016-07-14,0.0,UP_STRENGTHENING,True,False,,,,,,,,ds0017
2016-07-15,0.0,UP_STRENGTHENING,True,False,,,,,,,,ds0017
2016-07-18,0.0,UP_STRENGTHENING,True,False,,,,,,,,ds0017
2016-07-19,0.0,UP_STRENGTHENING,True,False,,,,,,,,ds0017
2016-07-20,0.0,UP_STRENGTHENING,True,False,,,,,,,,ds0017
2016-07-21,0.0,UP_STRENGTHENING,True,False,,,,,,,,ds0017
2016-07-22,0.0,UP_STRENGTHENING,True,False,,,,,,,,ds0017
2016-07-25,0.0,UP_STRENGTHENING,True,False,,,,,,,,ds0017
2016-07-26,0.0,UP_STRENGTHENING,True,False,,,,,,,,ds0017
2016-07-27,1.0,UP_WEAKENING,True,False,,,,,,,,ds0017
2016-07-28,1.0,UP_WEAKENING,True,False,,,,,,,,ds0017
2016-07-29,1.0,UP_WEAKENING,True,False,,,,,,,,ds0017
2016-08-01,1.0,UP_WEAKENING,True,False,,,,,,,,ds0017
2016-08-02,1.0,UP_WEAKENING,True,False,,,,,,,,ds0017
2016-08-03,1.0,UP_WEAKENING,True,False,,,,,,,,ds0017
2016-08-04,1.0,UP_WEAKENING,True,False,,,,,,,,ds0017
2016-08-05,4.0,SIDEWAYS,True,False,,,,,,,,ds0017
2016-08-08,1.0,UP_WEAKENING,True,False,,,,,,,,ds0017
2016-08-09,1.0,UP_WEAKENING,True,False,,,,,,,,ds0017
2016-08-10,1.0,UP_WEAKENING,True,False,,,,,,,,ds0017
2016-08-11,2.0,DOWN_STRENGTHENING,True,False,,,,,,,,ds0017
2016-08-12,2.0,DOWN_STRENGTHENING,True,False,,,,,,,,ds0017
2016-08-15,2.0,DOWN_STRENGTHENING,True,False,,,,,,,,ds0017
2016-08-16,2.0,DOWN_STRENGTHENING,True,False,,,,,,,,ds0017
2016-08-17,4.0,SIDEWAYS,True,False,,,,,,,,ds0017
2016-08-18,4.0,SIDEWAYS,True,False,,,,,,,,ds0017
2016-08-19,4.0,SIDEWAYS,True,False,,,,,,,,ds0017
2016-08-22,4.0,SIDEWAYS,True,False,,,,,,,,ds0017
2016-08-23,1.0,UP_WEAKENING,True,False,,,,,,,,ds0017
2016-08-24,1.0,UP_WEAKENING,True,False,,,,,,,,ds0017
2016-08-25,1.0,UP_WEAKENING,True,False,,,,,,,,ds0017
2016-08-26,1.0,UP_WEAKENING,True,False,,,,,,,,ds0017
2016-08-29,1.0,UP_WEAKENING,True,False,,,,,,,,ds0017
2016-08-30,1.0,UP_WEAKENING,True,False,,,,,,,,ds0017
2016-08-31,1.0,UP_WEAKENING,True,False,,,,,,,,ds0017
2016-09-01,1.0,UP_WEAKENING,True,False,,,,,,,,ds0017
2016-09-02,1.0,UP_WEAKENING,True,False,,,,,,,,ds0017
2016-09-06,1.0,UP_WEAKENING,True,False,,,,,,,,ds0017
2016-09-07,1.0,UP_WEAKENING,True,False,,,,,,,,ds0017
2016-09-08,1.0,UP_WEAKENING,True,False,,,,,,,,ds0017
2016-09-09,1.0,UP_WEAKENING,True,False,,,,,,,,ds0017
2016-09-12,1.0,UP_WEAKENING,True,False,,,,,,,,ds0017
2016-09-13,1.0,UP_WEAKENING,True,False,,,,,,,,ds0017
2016-09-14,1.0,UP_WEAKENING,True,False,,,,,,,,ds0017
2016-09-15,4.0,SIDEWAYS,True,False,,,,,,,,ds0017
2016-09-16,4.0,SIDEWAYS,True,False,,,,,,,,ds0017
2016-09-19,4.0,SIDEWAYS,True,False,,,,,,,,ds0017
2016-09-20,4.0,SIDEWAYS,True,False,,,,,,,,ds0017
2016-09-21,4.0,SIDEWAYS,True,False,,,,,,,,ds0017
2016-09-22,2.0,DOWN_STRENGTHENING,True,False,,,,,,,,ds0017
2016-09-23,4.0,SIDEWAYS,True,False,,,,,,,,ds0017
2016-09-26,1.0,UP_WEAKENING,True,False,,,,,,,,ds0017
2016-09-27,4.0,SIDEWAYS,True,False,,,,,,,,ds0017
2016-09-28,4.0,SIDEWAYS,True,False,,,,,,,,ds0017
2016-09-29,4.0,SIDEWAYS,True,False,,,,,,,,ds0017
2016-09-30,2.0,DOWN_STRENGTHENING,True,False,,,,,,,,ds0017
2016-10-03,2.0,DOWN_STRENGTHENING,True,False,,,,,,,,ds0017
2016-10-04,2.0,DOWN_STRENGTHENING,True,False,,,,,,,,ds0017
2016-10-05,2.0,DOWN_STRENGTHENING,True,False,,,,,,,,ds0017
2016-10-06,2.0,DOWN_STRENGTHENING,True,False,,,,,,,,ds0017
2016-10-07,2.0,DOWN_STRENGTHENING,True,False,,,,,,,,ds0017
2016-10-10,2.0,DOWN_STRENGTHENING,True,False,,,,,,,,ds0017
2016-10-11,4.0,SIDEWAYS,True,False,,,,,,,,ds0017
2016-10-12,4.0,SIDEWAYS,True,False,,,,,,,,ds0017
2016-10-13,2.0,DOWN_STRENGTHENING,True,False,,,,,,,,ds0017
2016-10-14,2.0,DOWN_STRENGTHENING,True,False,,,,,,,,ds0017
2016-10-17,2.0,DOWN_STRENGTHENING,True,False,,,,,,,,ds0017
2016-10-18,2.0,DOWN_STRENGTHENING,True,False,,,,,,,,ds0017
2016-10-19,2.0,DOWN_STRENGTHENING,True,False,,,,,,,,ds0017
2016-10-20,4.0,SIDEWAYS,True,False,,,,,,,,ds0017
2016-10-21,2.0,DOWN_STRENGTHENING,True,False,,,,,,,,ds0017
2016-10-24,2.0,DOWN_STRENGTHENING,True,False,,,,,,,,ds0017
2016-10-25,4.0,SIDEWAYS,True,False,,,,,,,,ds0017
2016-10-26,4.0,SIDEWAYS,True,False,,,,,,,,ds0017
2016-10-27,1.0,UP_WEAKENING,True,False,,,,,,,,ds0017
2016-10-28,1.0,UP_WEAKENING,True,False,,,,,,,,ds0017
2016-10-31,1.0,UP_WEAKENING,True,False,,,,,,,,ds0017
2016-11-01,1.0,UP_WEAKENING,True,False,,,,,,,,ds0017
2016-11-02,4.0,SIDEWAYS,True,False,,,,,,,,ds0017
2016-11-03,1.0,UP_WEAKENING,True,False,,,,,,,,ds0017
2016-11-04,0.0,UP_STRENGTHENING,True,False,,,,,,,,ds0017
2016-11-07,4.0,SIDEWAYS,True,False,,,,,,,,ds0017
2016-11-08,0.0,UP_STRENGTHENING,True,False,,,,,,,,ds0017
2016-11-09,1.0,UP_WEAKENING,True,False,,,,,,,,ds0017
2016-11-10,0.0,UP_STRENGTHENING,True,False,,,,,,,,ds0017
2016-11-11,0.0,UP_STRENGTHENING,True,False,,,,,,,,ds0017
2016-11-14,0.0,UP_STRENGTHENING,True,False,,,,,,,,ds0017
2016-11-15,0.0,UP_STRENGTHENING,True,False,,,,,,,,ds0017
2016-11-16,0.0,UP_STRENGTHENING,True,False,,,,,,,,ds0017
2016-11-17,0.0,UP_STRENGTHENING,True,False,,,,,,,,ds0017
2016-11-18,0.0,UP_STRENGTHENING,True,False,,,,,,,,ds0017
2016-11-21,0.0,UP_STRENGTHENING,True,False,,,,,,,,ds0017
2016-11-22,0.0,UP_STRENGTHENING,True,False,,,,,,,,ds0017
2016-11-23,0.0,UP_STRENGTHENING,True,False,,,,,,,,ds0017
2016-11-25,0.0,UP_STRENGTHENING,True,False,,,,,,,,ds0017
2016-11-28,0.0,UP_STRENGTHENING,True,False,,,,,,,,ds0017
2016-11-29,0.0,UP_STRENGTHENING,True,False,,,,,,,,ds0017
2016-11-30,0.0,UP_STRENGTHENING,True,False,,,,,,,,ds0017
2016-12-01,0.0,UP_STRENGTHENING,True,False,,,,,,,,ds0017
2016-12-02,0.0,UP_STRENGTHENING,True,False,,,,,,,,ds0017
2016-12-05,0.0,UP_STRENGTHENING,True,False,,,,,,,,ds0017
2016-12-06,0.0,UP_STRENGTHENING,True,False,,,,,,,,ds0017
2016-12-07,0.0,UP_STRENGTHENING,True,False,,,,,,,,ds0017
2016-12-08,0.0,UP_STRENGTHENING,True,False,,,,,,,,ds0017
2016-12-09,0.0,UP_STRENGTHENING,True,False,,,,,,,,ds0017
2016-12-12,0.0,UP_STRENGTHENING,True,False,,,,,,,,ds0017
2016-12-13,0.0,UP_STRENGTHENING,True,False,,,,,,,,ds0017
2016-12-14,0.0,UP_STRENGTHENING,True,False,,,,,,,,ds0017
2016-12-15,0.0,UP_STRENGTHENING,True,False,,,,,,,,ds0017
2016-12-16,0.0,UP_STRENGTHENING,True,False,,,,,,,,ds0017
2016-12-19,0.0,UP_STRENGTHENING,True,False,,,,,,,,ds0017
2016-12-20,0.0,UP_STRENGTHENING,True,False,,,,,,,,ds0017
2016-12-21,0.0,UP_STRENGTHENING,True,False,,,,,,,,ds0017
2016-12-22,0.0,UP_STRENGTHENING,True,False,,,,,,,,ds0017
2016-12-23,0.0,UP_STRENGTHENING,True,False,,,,,,,,ds0017
2016-12-27,0.0,UP_STRENGTHENING,True,False,,,,,,,,ds0017
2016-12-28,0.0,UP_STRENGTHENING,True,False,,,,,,,,ds0017
2016-12-29,0.0,UP_STRENGTHENING,True,False,,,,,,,,ds0017
2016-12-30,0.0,UP_STRENGTHENING,True,False,,,,,,,,ds0017
2017-01-03,0.0,UP_STRENGTHENING,True,False,,,,,,,,ds0017
2017-01-04,0.0,UP_STRENGTHENING,True,False,,,,,,,,ds0017
2017-01-05,0.0,UP_STRENGTHENING,True,False,,,,,,,,ds0017
2017-01-06,0.0,UP_STRENGTHENING,True,False,,,,,,,,ds0017
2017-01-09,0.0,UP_STRENGTHENING,True,False,,,,,,,,ds0017
2017-01-10,0.0,UP_STRENGTHENING,True,False,,,,,,,,ds0017
2017-01-11,0.0,UP_STRENGTHENING,True,False,,,,,,,,ds0017
2017-01-12,0.0,UP_STRENGTHENING,True,False,,,,,,,,ds0017
2017-01-13,0.0,UP_STRENGTHENING,True,False,,,,,,,,ds0017
2017-01-17,0.0,UP_STRENGTHENING,True,False,,,,,,,,ds0017
2017-01-18,0.0,UP_STRENGTHENING,True,False,,,,,,,,ds0017
2017-01-19,0.0,UP_STRENGTHENING,True,False,,,,,,,,ds0017
2017-01-20,0.0,UP_STRENGTHENING,True,False,,,,,,,,ds0017
2017-01-23,0.0,UP_STRENGTHENING,True,False,,,,,,,,ds0017
2017-01-24,0.0,UP_STRENGTHENING,True,False,,,,,,,,ds0017
2017-01-25,0.0,UP_STRENGTHENING,True,False,,,,,,,,ds0017
2017-01-26,0.0,UP_STRENGTHENING,True,False,,,,,,,,ds0017
2017-01-27,0.0,UP_STRENGTHENING,True,False,,,,,,,,ds0017
2017-01-30,0.0,UP_STRENGTHENING,True,False,,,,,,,,ds0017
2017-01-31,0.0,UP_STRENGTHENING,True,False,,,,,,,,ds0017
2017-02-01,0.0,UP_STRENGTHENING,True,False,,,,,,,,ds0017
2017-02-02,0.0,UP_STRENGTHENING,True,False,,,,,,,,ds0017
2017-02-03,0.0,UP_STRENGTHENING,True,False,,,,,,,,ds0017
2017-02-06,0.0,UP_STRENGTHENING,True,False,,,,,,,,ds0017
2017-02-07,0.0,UP_STRENGTHENING,True,False,,,,,,,,ds0017
2017-02-08,0.0,UP_STRENGTHENING,True,False,,,,,,,,ds0017
2017-02-09,0.0,UP_STRENGTHENING,True,False,,,,,,,,ds0017
2017-02-10,0.0,UP_STRENGTHENING,True,False,,,,,,,,ds0017
2017-02-13,0.0,UP_STRENGTHENING,True,False,,,,,,,,ds0017
2017-02-14,0.0,UP_STRENGTHENING,True,False,,,,,,,,ds0017
2017-02-15,0.0,UP_STRENGTHENING,True,False,,,,,,,,ds0017
2017-02-16,0.0,UP_STRENGTHENING,True,False,,,,,,,,ds0017
2017-02-17,0.0,UP_STRENGTHENING,True,False,,,,,,,,ds0017
2017-02-21,4.0,SIDEWAYS,True,False,,,,,,,,ds0017
2017-02-22,1.0,UP_WEAKENING,True,False,,,,,,,,ds0017
2017-02-23,1.0,UP_WEAKENING,True,False,,,,,,,,ds0017
2017-02-24,1.0,UP_WEAKENING,True,False,,,,,,,,ds0017
2017-02-27,1.0,UP_WEAKENING,True,False,,,,,,,,ds0017
2017-02-28,1.0,UP_WEAKENING,True,False,,,,,,,,ds0017
2017-03-01,1.0,UP_WEAKENING,True,False,,,,,,,,ds0017
2017-03-02,1.0,UP_WEAKENING,True,False,,,,,,,,ds0017
2017-03-03,1.0,UP_WEAKENING,True,False,,,,,,,,ds0017
2017-03-06,1.0,UP_WEAKENING,True,False,,,,,,,,ds0017
2017-03-07,1.0,UP_WEAKENING,True,False,,,,,,,,ds0017
2017-03-08,1.0,UP_WEAKENING,True,False,,,,,,,,ds0017
2017-03-09,1.0,UP_WEAKENING,True,False,,,,,,,,ds0017
2017-03-10,1.0,UP_WEAKENING,True,False,,,,,,,,ds0017
2017-03-13,1.0,UP_WEAKENING,True,False,,,,,,,,ds0017
2017-03-14,4.0,SIDEWAYS,True,False,,,,,,,,ds0017
2017-03-15,2.0,DOWN_STRENGTHENING,True,False,,,,,,,,ds0017
2017-03-16,2.0,DOWN_STRENGTHENING,True,False,,,,,,,,ds0017
2017-03-17,4.0,SIDEWAYS,True,False,,,,,,,,ds0017
2017-03-20,2.0,DOWN_STRENGTHENING,True,False,,,,,,,,ds0017
2017-03-21,1.0,UP_WEAKENING,True,False,,,,,,,,ds0017
2017-03-22,1.0,UP_WEAKENING,True,False,,,,,,,,ds0017
2017-03-23,1.0,UP_WEAKENING,True,False,,,,,,,,ds0017
2017-03-24,1.0,UP_WEAKENING,True,False,,,,,,,,ds0017
2017-03-27,1.0,UP_WEAKENING,True,False,,,,,,,,ds0017
2017-03-28,1.0,UP_WEAKENING,True,False,,,,,,,,ds0017
2017-03-29,1.0,UP_WEAKENING,True,False,,,,,,,,ds0017
2017-03-30,1.0,UP_WEAKENING,True,False,,,,,,,,ds0017
2017-03-31,0.0,UP_STRENGTHENING,True,False,,,,,,,,ds0017
2017-04-03,0.0,UP_STRENGTHENING,True,False,,,,,,,,ds0017
2017-04-04,0.0,UP_STRENGTHENING,True,False,,,,,,,,ds0017
2017-04-05,0.0,UP_STRENGTHENING,True,False,,,,,,,,ds0017
2017-04-06,0.0,UP_STRENGTHENING,True,False,,,,,,,,ds0017
2017-04-07,0.0,UP_STRENGTHENING,True,False,,,,,,,,ds0017
2017-04-10,0.0,UP_STRENGTHENING,True,False,,,,,,,,ds0017
2017-04-11,0.0,UP_STRENGTHENING,True,False,,,,,,,,ds0017
2017-04-12,0.0,UP_STRENGTHENING,True,False,,,,,,,,ds0017
2017-04-13,0.0,UP_STRENGTHENING,True,False,,,,,,,,ds0017
2017-04-17,0.0,UP_STRENGTHENING,True,False,,,,,,,,ds0017
2017-04-18,0.0,UP_STRENGTHENING,True,False,,,,,,,,ds0017
2017-04-19,0.0,UP_STRENGTHENING,True,False,,,,,,,,ds0017
2017-04-20,0.0,UP_STRENGTHENING,True,False,,,,,,,,ds0017
2017-04-21,0.0,UP_STRENGTHENING,True,False,,,,,,,,ds0017
2017-04-24,0.0,UP_STRENGTHENING,True,False,,,,,,,,ds0017
2017-04-25,0.0,UP_STRENGTHENING,True,False,,,,,,,,ds0017
2017-04-26,0.0,UP_STRENGTHENING,True,False,,,,,,,,ds0017
2017-04-27,0.0,UP_STRENGTHENING,True,False,,,,,,,,ds0017
2017-04-28,0.0,UP_STRENGTHENING,True,False,,,,,,,,ds0017
2017-05-01,0.0,UP_STRENGTHENING,True,False,,,,,,,,ds0017
2017-05-02,0.0,UP_STRENGTHENING,True,False,,,,,,,,ds0017
2017-05-03,0.0,UP_STRENGTHENING,True,False,,,,,,,,ds0017
2017-05-04,0.0,UP_STRENGTHENING,True,False,,,,,,,,ds0017
2017-05-05,0.0,UP_STRENGTHENING,True,False,,,,,,,,ds0017
2017-05-08,0.0,UP_STRENGTHENING,True,False,,,,,,,,ds0017
2017-05-09,0.0,UP_STRENGTHENING,True,False,,,,,,,,ds0017
2017-05-10,0.0,UP_STRENGTHENING,True,False,,,,,,,,ds0017
2017-05-11,0.0,UP_STRENGTHENING,True,False,,,,,,,,ds0017
2017-05-12,1.0,UP_WEAKENING,True,False,,,,,,,,ds0017
2017-05-15,0.0,UP_STRENGTHENING,True,False,,,,,,,,ds0017
2017-05-16,4.0,SIDEWAYS,True,False,,,,,,,,ds0017
2017-05-17,0.0,UP_STRENGTHENING,True,False,,,,,,,,ds0017
2017-05-18,1.0,UP_WEAKENING,True,False,,,,,,,,ds0017
2017-05-19,0.0,UP_STRENGTHENING,True,False,,,,,,,,ds0017
2017-05-22,4.0,SIDEWAYS,True,False,,,,,,,,ds0017
2017-05-23,0.0,UP_STRENGTHENING,True,False,,,,,,,,ds0017
2017-05-24,1.0,UP_WEAKENING,True,False,,,,,,,,ds0017
2017-05-25,4.0,SIDEWAYS,True,False,,,,,,,,ds0017
2017-05-26,4.0,SIDEWAYS,True,False,,,,,,,,ds0017
2017-05-30,2.0,DOWN_STRENGTHENING,True,False,,,,,,,,ds0017
2017-05-31,4.0,SIDEWAYS,True,False,,,,,,,,ds0017
2017-06-01,2.0,DOWN_STRENGTHENING,True,False,,,,,,,,ds0017
2017-06-02,2.0,DOWN_STRENGTHENING,True,False,,,,,,,,ds0017
2017-06-05,2.0,DOWN_STRENGTHENING,True,False,,,,,,,,ds0017
2017-06-06,2.0,DOWN_STRENGTHENING,True,False,,,,,,,,ds0017
2017-06-07,2.0,DOWN_STRENGTHENING,True,False,,,,,,,,ds0017
2017-06-08,2.0,DOWN_STRENGTHENING,True,False,,,,,,,,ds0017
2017-06-09,4.0,SIDEWAYS,True,True,,,,,,,,ds0017
2017-06-12,4.0,SIDEWAYS,True,True,,,,,,,,ds0017
2017-06-13,4.0,SIDEWAYS,True,True,,,,,,,,ds0017
2017-06-14,1.0,UP_WEAKENING,True,True,,,,,,,,ds0017
2017-06-15,1.0,UP_WEAKENING,True,False,,,,,,,,ds0017
2017-06-16,1.0,UP_WEAKENING,True,False,,,,,,,,ds0017
2017-06-19,1.0,UP_WEAKENING,True,False,,,,,,,,ds0017
2017-06-20,1.0,UP_WEAKENING,True,False,,,,,,,,ds0017
2017-06-21,1.0,UP_WEAKENING,True,False,,,,,,,,ds0017
2017-06-22,1.0,UP_WEAKENING,True,False,,,,,,,,ds0017
2017-06-23,1.0,UP_WEAKENING,True,False,,,,,,,,ds0017
2017-06-26,1.0,UP_WEAKENING,True,False,,,,,,,,ds0017
2017-06-27,0.0,UP_STRENGTHENING,True,True,,,,,,,,ds0017
2017-06-28,1.0,UP_WEAKENING,True,True,,,,,,,,ds0017
2017-06-29,0.0,UP_STRENGTHENING,True,True,,,,,,,,ds0017
2017-06-30,0.0,UP_STRENGTHENING,True,True,,,,,,,,ds0017
2017-07-03,0.0,UP_STRENGTHENING,True,True,,,,,,,,ds0017
2017-07-05,0.0,UP_STRENGTHENING,True,True,,,,,,,,ds0017
2017-07-06,0.0,UP_STRENGTHENING,True,True,,,,,,,,ds0017
2017-07-07,0.0,UP_STRENGTHENING,True,True,,,,,,,,ds0017
2017-07-10,0.0,UP_STRENGTHENING,True,True,,,,,,,,ds0017
2017-07-11,0.0,UP_STRENGTHENING,True,True,,,,,,,,ds0017
2017-07-12,0.0,UP_STRENGTHENING,True,True,,,,,,,,ds0017
2017-07-13,4.0,SIDEWAYS,True,True,,,,,,,,ds0017
2017-07-14,4.0,SIDEWAYS,True,True,,,,,,,,ds0017
2017-07-17,1.0,UP_WEAKENING,True,True,,,,,,,,ds0017
2017-07-18,4.0,SIDEWAYS,True,False,,,,,,,,ds0017
2017-07-19,4.0,SIDEWAYS,True,False,,,,,,,,ds0017
2017-07-20,2.0,DOWN_STRENGTHENING,True,False,,,,,,,,ds0017
2017-07-21,2.0,DOWN_STRENGTHENING,True,False,,,,,,,,ds0017
2017-07-24,2.0,DOWN_STRENGTHENING,True,False,,,,,,,,ds0017
2017-07-25,2.0,DOWN_STRENGTHENING,True,False,,,,,,,,ds0017
2017-07-26,2.0,DOWN_STRENGTHENING,True,False,,,,,,,,ds0017
2017-07-27,2.0,DOWN_STRENGTHENING,True,False,,,,,,,,ds0017
2017-07-28,2.0,DOWN_STRENGTHENING,True,False,,,,,,,,ds0017
2017-07-31,2.0,DOWN_STRENGTHENING,True,False,,,,,,,,ds0017
2017-08-01,4.0,SIDEWAYS,True,False,,,,,,,,ds0017
2017-08-02,1.0,UP_WEAKENING,True,False,,,,,,,,ds0017
2017-08-03,0.0,UP_STRENGTHENING,True,False,,,,,,,,ds0017
2017-08-04,1.0,UP_WEAKENING,True,False,,,,,,,,ds0017
2017-08-07,4.0,SIDEWAYS,True,False,,,,,,,,ds0017
2017-08-08,1.0,UP_WEAKENING,True,False,,,,,,,,ds0017
2017-08-09,1.0,UP_WEAKENING,True,False,,,,,,,,ds0017
2017-08-10,0.0,UP_STRENGTHENING,True,False,,,,,,,,ds0017
2017-08-11,0.0,UP_STRENGTHENING,True,False,,,,,,,,ds0017
2017-08-14,0.0,UP_STRENGTHENING,True,False,,,,,,,,ds0017
2017-08-15,0.0,UP_STRENGTHENING,True,False,,,,,,,,ds0017
2017-08-16,1.0,UP_WEAKENING,True,False,,,,,,,,ds0017
2017-08-17,0.0,UP_STRENGTHENING,True,False,,,,,,,,ds0017
2017-08-18,0.0,UP_STRENGTHENING,True,False,,,,,,,,ds0017
2017-08-21,0.0,UP_STRENGTHENING,True,False,,,,,,,,ds0017
2017-08-22,0.0,UP_STRENGTHENING,True,False,,,,,,,,ds0017
2017-08-23,0.0,UP_STRENGTHENING,True,False,,,,,,,,ds0017
2017-08-24,0.0,UP_STRENGTHENING,True,False,,,,,,,,ds0017
2017-08-25,1.0,UP_WEAKENING,True,False,,,,,,,,ds0017
2017-08-28,4.0,SIDEWAYS,True,False,,,,,,,,ds0017
2017-08-29,0.0,UP_STRENGTHENING,True,False,,,,,,,,ds0017
2017-08-30,4.0,SIDEWAYS,True,False,,,,,,,,ds0017
2017-08-31,4.0,SIDEWAYS,True,False,,,,,,,,ds0017
2017-09-01,4.0,SIDEWAYS,True,False,,,,,,,,ds0017
2017-09-05,1.0,UP_WEAKENING,True,True,,,,,,,,ds0017
2017-09-06,4.0,SIDEWAYS,True,True,,,,,,,,ds0017
2017-09-07,1.0,UP_WEAKENING,True,True,,,,,,,,ds0017
2017-09-08,0.0,UP_STRENGTHENING,True,False,,,,,,,,ds0017
2017-09-11,1.0,UP_WEAKENING,True,False,,,,,,,,ds0017
2017-09-12,1.0,UP_WEAKENING,True,False,,,,,,,,ds0017
2017-09-13,1.0,UP_WEAKENING,True,False,,,,,,,,ds0017
2017-09-14,1.0,UP_WEAKENING,True,False,,,,,,,,ds0017
2017-09-15,1.0,UP_WEAKENING,True,False,,,,,,,,ds0017
2017-09-18,0.0,UP_STRENGTHENING,True,False,,,,,,,,ds0017
2017-09-19,1.0,UP_WEAKENING,True,False,,,,,,,,ds0017
2017-09-20,0.0,UP_STRENGTHENING,True,False,,,,,,,,ds0017
2017-09-21,1.0,UP_WEAKENING,True,False,,,,,,,,ds0017
2017-09-22,0.0,UP_STRENGTHENING,True,False,,,,,,,,ds0017
2017-09-25,0.0,UP_STRENGTHENING,True,False,,,,,,,,ds0017
2017-09-26,0.0,UP_STRENGTHENING,True,False,,,,,,,,ds0017
2017-09-27,1.0,UP_WEAKENING,True,False,,,,,,,,ds0017
2017-09-28,1.0,UP_WEAKENING,True,False,,,,,,,,ds0017
2017-09-29,0.0,UP_STRENGTHENING,True,False,,,,,,,,ds0017
2017-10-02,0.0,UP_STRENGTHENING,True,False,,,,,,,,ds0017
2017-10-03,0.0,UP_STRENGTHENING,True,False,,,,,,,,ds0017
2017-10-04,0.0,UP_STRENGTHENING,True,False,,,,,,,,ds0017
2017-10-05,0.0,UP_STRENGTHENING,True,False,,,,,,,,ds0017
2017-10-06,0.0,UP_STRENGTHENING,True,False,,,,,,,,ds0017
2017-10-09,0.0,UP_STRENGTHENING,True,False,,,,,,,,ds0017
2017-10-10,0.0,UP_STRENGTHENING,True,False,,,,,,,,ds0017
2017-10-11,0.0,UP_STRENGTHENING,True,False,,,,,,,,ds0017
2017-10-12,0.0,UP_STRENGTHENING,True,False,,,,,,,,ds0017
2017-10-13,0.0,UP_STRENGTHENING,True,False,,,,,,,,ds0017
2017-10-16,0.0,UP_STRENGTHENING,True,False,,,,,,,,ds0017
2017-10-17,0.0,UP_STRENGTHENING,True,False,,,,,,,,ds0017
2017-10-18,0.0,UP_STRENGTHENING,True,False,,,,,,,,ds0017
2017-10-19,0.0,UP_STRENGTHENING,True,False,,,,,,,,ds0017
2017-10-20,0.0,UP_STRENGTHENING,True,False,,,,,,,,ds0017
2017-10-23,0.0,UP_STRENGTHENING,True,False,,,,,,,,ds0017
2017-10-24,0.0,UP_STRENGTHENING,True,False,,,,,,,,ds0017
2017-10-25,0.0,UP_STRENGTHENING,True,False,,,,,,,,ds0017
2017-10-26,0.0,UP_STRENGTHENING,True,False,,,,,,,,ds0017
2017-10-27,0.0,UP_STRENGTHENING,True,False,,,,,,,,ds0017
2017-10-30,0.0,UP_STRENGTHENING,True,False,,,,,,,,ds0017
2017-10-31,0.0,UP_STRENGTHENING,True,False,,,,,,,,ds0017
2017-11-01,0.0,UP_STRENGTHENING,True,False,,,,,,,,ds0017
2017-11-02,0.0,UP_STRENGTHENING,True,False,,,,,,,,ds0017
2017-11-03,4.0,SIDEWAYS,True,False,,,,,,,,ds0017
2017-11-06,4.0,SIDEWAYS,True,False,,,,,,,,ds0017
2017-11-07,4.0,SIDEWAYS,True,False,,,,,,,,ds0017
2017-11-08,4.0,SIDEWAYS,True,False,,,,,,,,ds0017
2017-11-09,4.0,SIDEWAYS,True,False,,,,,,,,ds0017
2017-11-10,0.0,UP_STRENGTHENING,True,False,,,,,,,,ds0017
2017-11-13,0.0,UP_STRENGTHENING,True,False,,,,,,,,ds0017
2017-11-14,0.0,UP_STRENGTHENING,True,False,,,,,,,,ds0017
2017-11-15,0.0,UP_STRENGTHENING,True,False,,,,,,,,ds0017
2017-11-16,0.0,UP_STRENGTHENING,True,False,,,,,,,,ds0017
2017-11-17,0.0,UP_STRENGTHENING,True,False,,,,,,,,ds0017
2017-11-20,0.0,UP_STRENGTHENING,True,False,,,,,,,,ds0017
2017-11-21,0.0,UP_STRENGTHENING,True,False,,,,,,,,ds0017
2017-11-22,0.0,UP_STRENGTHENING,True,False,,,,,,,,ds0017
2017-11-24,1.0,UP_WEAKENING,True,False,,,,,,,,ds0017
2017-11-27,4.0,SIDEWAYS,True,False,,,,,,,,ds0017
2017-11-28,4.0,SIDEWAYS,True,False,,,,,,,,ds0017
2017-11-29,0.0,UP_STRENGTHENING,True,False,,,,,,,,ds0017
2017-11-30,1.0,UP_WEAKENING,True,False,,,,,,,,ds0017
2017-12-01,0.0,UP_STRENGTHENING,True,False,,,,,,,,ds0017
2017-12-04,0.0,UP_STRENGTHENING,True,False,,,,,,,,ds0017
2017-12-05,0.0,UP_STRENGTHENING,True,False,,,,,,,,ds0017
2017-12-06,0.0,UP_STRENGTHENING,True,False,,,,,,,,ds0017
2017-12-07,0.0,UP_STRENGTHENING,True,False,,,,,,,,ds0017
2017-12-08,0.0,UP_STRENGTHENING,True,False,,,,,,,,ds0017
2017-12-11,0.0,UP_STRENGTHENING,True,False,,,,,,,,ds0017
2017-12-12,0.0,UP_STRENGTHENING,True,False,,,,,,,,ds0017
2017-12-13,0.0,UP_STRENGTHENING,True,False,,,,,,,,ds0017
2017-12-14,0.0,UP_STRENGTHENING,True,False,,,,,,,,ds0017
2017-12-15,0.0,UP_STRENGTHENING,True,False,,,,,,,,ds0017
2017-12-18,0.0,UP_STRENGTHENING,True,False,,,,,,,,ds0017
2017-12-19,0.0,UP_STRENGTHENING,True,False,,,,,,,,ds0017
2017-12-20,0.0,UP_STRENGTHENING,True,False,,,,,,,,ds0017
2017-12-21,0.0,UP_STRENGTHENING,True,False,,,,,,,,ds0017
2017-12-22,0.0,UP_STRENGTHENING,True,False,,,,,,,,ds0017
2017-12-26,0.0,UP_STRENGTHENING,True,False,,,,,,,,ds0017
2017-12-27,0.0,UP_STRENGTHENING,True,False,,,,,,,,ds0017
2017-12-28,0.0,UP_STRENGTHENING,True,False,,,,,,,,ds0017
2017-12-29,0.0,UP_STRENGTHENING,True,False,,,,,,,,ds0017
2018-01-02,0.0,UP_STRENGTHENING,True,False,,,,,,,,ds0017
2018-01-03,0.0,UP_STRENGTHENING,True,False,,,,,,,,ds0017
2018-01-04,1.0,UP_WEAKENING,True,False,,,,,,,,ds0017
2018-01-05,2.0,DOWN_STRENGTHENING,True,False,,,,,,,,ds0017
2018-01-08,4.0,SIDEWAYS,True,False,,,,,,,,ds0017
2018-01-09,2.0,DOWN_STRENGTHENING,True,False,,,,,,,,ds0017
2018-01-10,2.0,DOWN_STRENGTHENING,True,False,,,,,,,,ds0017
2018-01-11,2.0,DOWN_STRENGTHENING,True,False,,,,,,,,ds0017
2018-01-12,2.0,DOWN_STRENGTHENING,True,False,,,,,,,,ds0017
2018-01-16,2.0,DOWN_STRENGTHENING,True,False,,,,,,,,ds0017
2018-01-17,2.0,DOWN_STRENGTHENING,True,False,,,,,,,,ds0017
2018-01-18,4.0,SIDEWAYS,True,False,,,,,,,,ds0017
2018-01-19,2.0,DOWN_STRENGTHENING,True,False,,,,,,,,ds0017
2018-01-22,2.0,DOWN_STRENGTHENING,True,False,,,,,,,,ds0017
2018-01-23,2.0,DOWN_STRENGTHENING,True,False,,,,,,,,ds0017
2018-01-24,2.0,DOWN_STRENGTHENING,True,False,,,,,,,,ds0017
2018-01-25,4.0,SIDEWAYS,True,False,,,,,,,,ds0017
2018-01-26,4.0,SIDEWAYS,True,False,,,,,,,,ds0017
2018-01-29,2.0,DOWN_STRENGTHENING,True,False,,,,,,,,ds0017
2018-01-30,2.0,DOWN_STRENGTHENING,True,False,,,,,,,,ds0017
2018-01-31,2.0,DOWN_STRENGTHENING,True,False,,,,,,,,ds0017
2018-02-01,2.0,DOWN_STRENGTHENING,True,False,,,,,,,,ds0017
2018-02-02,1.0,UP_WEAKENING,True,False,,,,,,,,ds0017
2018-02-05,0.0,UP_STRENGTHENING,True,True,,,,,,,,ds0017
2018-02-06,0.0,UP_STRENGTHENING,True,True,,,,,,,,ds0017
2018-02-07,0.0,UP_STRENGTHENING,True,True,,,,,,,,ds0017
2018-02-08,0.0,UP_STRENGTHENING,True,True,,,,,,,,ds0017
2018-02-09,0.0,UP_STRENGTHENING,True,True,,,,,,,,ds0017
2018-02-12,0.0,UP_STRENGTHENING,True,True,,,,,,,,ds0017
2018-02-13,0.0,UP_STRENGTHENING,True,True,,,,,,,,ds0017
2018-02-14,0.0,UP_STRENGTHENING,True,True,,,,,,,,ds0017
2018-02-15,0.0,UP_STRENGTHENING,True,True,,,,,,,,ds0017
2018-02-16,4.0,SIDEWAYS,True,True,,,,,,,,ds0017
2018-02-20,4.0,SIDEWAYS,True,True,,,,,,,,ds0017
2018-02-21,4.0,SIDEWAYS,True,True,,,,,,,,ds0017
2018-02-22,4.0,SIDEWAYS,True,True,,,,,,,,ds0017
2018-02-23,2.0,DOWN_STRENGTHENING,True,True,,,,,,,,ds0017
2018-02-26,2.0,DOWN_STRENGTHENING,True,True,,,,,,,,ds0017
2018-02-27,2.0,DOWN_STRENGTHENING,True,True,,,,,,,,ds0017
2018-02-28,2.0,DOWN_STRENGTHENING,True,True,,,,,,,,ds0017
2018-03-01,2.0,DOWN_STRENGTHENING,True,True,,,,,,,,ds0017
2018-03-02,2.0,DOWN_STRENGTHENING,True,True,,,,,,,,ds0017
2018-03-05,2.0,DOWN_STRENGTHENING,True,True,,,,,,,,ds0017
2018-03-06,2.0,DOWN_STRENGTHENING,True,True,,,,,,,,ds0017
2018-03-07,2.0,DOWN_STRENGTHENING,True,True,,,,,,,,ds0017
2018-03-08,2.0,DOWN_STRENGTHENING,True,True,,,,,,,,ds0017
2018-03-09,2.0,DOWN_STRENGTHENING,True,True,,,,,,,,ds0017
2018-03-12,2.0,DOWN_STRENGTHENING,True,True,,,,,,,,ds0017
2018-03-13,2.0,DOWN_STRENGTHENING,True,True,,,,,,,,ds0017
2018-03-14,2.0,DOWN_STRENGTHENING,True,True,,,,,,,,ds0017
2018-03-15,2.0,DOWN_STRENGTHENING,True,True,,,,,,,,ds0017
2018-03-16,2.0,DOWN_STRENGTHENING,True,False,,,,,,,,ds0017
2018-03-19,4.0,SIDEWAYS,True,True,,,,,,,,ds0017
2018-03-20,4.0,SIDEWAYS,True,True,,,,,,,,ds0017
2018-03-21,2.0,DOWN_STRENGTHENING,True,True,,,,,,,,ds0017
2018-03-22,4.0,SIDEWAYS,True,True,,,,,,,,ds0017
2018-03-23,1.0,UP_WEAKENING,True,True,,,,,,,,ds0017
2018-03-26,2.0,DOWN_STRENGTHENING,True,True,,,,,,,,ds0017
2018-03-27,4.0,SIDEWAYS,True,True,,,,,,,,ds0017
2018-03-28,1.0,UP_WEAKENING,True,True,,,,,,,,ds0017
2018-03-29,4.0,SIDEWAYS,True,True,,,,,,,,ds0017
2018-04-02,1.0,UP_WEAKENING,True,True,,,,,,,,ds0017
2018-04-03,0.0,UP_STRENGTHENING,True,True,,,,,,,,ds0017
2018-04-04,4.0,SIDEWAYS,True,True,,,,,,,,ds0017
2018-04-05,4.0,SIDEWAYS,True,True,,,,,,,,ds0017
2018-04-06,0.0,UP_STRENGTHENING,True,True,,,,,,,,ds0017
2018-04-09,0.0,UP_STRENGTHENING,True,True,,,,,,,,ds0017
2018-04-10,0.0,UP_STRENGTHENING,True,True,,,,,,,,ds0017
2018-04-11,0.0,UP_STRENGTHENING,True,True,,,,,,,,ds0017
2018-04-12,0.0,UP_STRENGTHENING,True,True,,,,,,,,ds0017
2018-04-13,0.0,UP_STRENGTHENING,True,True,,,,,,,,ds0017
2018-04-16,0.0,UP_STRENGTHENING,True,True,,,,,,,,ds0017
2018-04-17,4.0,SIDEWAYS,True,True,,,,,,,,ds0017
2018-04-18,4.0,SIDEWAYS,True,True,,,,,,,,ds0017
2018-04-19,0.0,UP_STRENGTHENING,True,True,,,,,,,,ds0017
2018-04-20,0.0,UP_STRENGTHENING,True,True,,,,,,,,ds0017
2018-04-23,0.0,UP_STRENGTHENING,True,True,,,,,,,,ds0017
2018-04-24,0.0,UP_STRENGTHENING,True,True,,,,,,,,ds0017
2018-04-25,0.0,UP_STRENGTHENING,True,True,,,,,,,,ds0017
2018-04-26,0.0,UP_STRENGTHENING,True,False,,,,,,,,ds0017
2018-04-27,0.0,UP_STRENGTHENING,True,False,,,,,,,,ds0017
2018-04-30,0.0,UP_STRENGTHENING,True,False,,,,,,,,ds0017
2018-05-01,0.0,UP_STRENGTHENING,True,False,,,,,,,,ds0017
2018-05-02,0.0,UP_STRENGTHENING,True,False,,,,,,,,ds0017
2018-05-03,0.0,UP_STRENGTHENING,True,False,,,,,,,,ds0017
2018-05-04,0.0,UP_STRENGTHENING,True,False,,,,,,,,ds0017
2018-05-07,0.0,UP_STRENGTHENING,True,False,,,,,,,,ds0017
2018-05-08,0.0,UP_STRENGTHENING,True,False,,,,,,,,ds0017
2018-05-09,0.0,UP_STRENGTHENING,True,False,,,,,,,,ds0017
2018-05-10,0.0,UP_STRENGTHENING,True,False,,,,,,,,ds0017
2018-05-11,0.0,UP_STRENGTHENING,True,False,,,,,,,,ds0017
2018-05-14,0.0,UP_STRENGTHENING,True,False,,,,,,,,ds0017
2018-05-15,0.0,UP_STRENGTHENING,True,False,,,,,,,,ds0017
2018-05-16,0.0,UP_STRENGTHENING,True,False,,,,,,,,ds0017
2018-05-17,0.0,UP_STRENGTHENING,True,False,,,,,,,,ds0017
2018-05-18,0.0,UP_STRENGTHENING,True,False,,,,,,,,ds0017
2018-05-21,0.0,UP_STRENGTHENING,True,False,,,,,,,,ds0017
2018-05-22,0.0,UP_STRENGTHENING,True,False,,,,,,,,ds0017
2018-05-23,0.0,UP_STRENGTHENING,True,False,,,,,,,,ds0017
2018-05-24,0.0,UP_STRENGTHENING,True,False,,,,,,,,ds0017
2018-05-25,0.0,UP_STRENGTHENING,True,False,,,,,,,,ds0017
2018-05-29,0.0,UP_STRENGTHENING,True,False,,,,,,,,ds0017
2018-05-30,4.0,SIDEWAYS,True,False,,,,,,,,ds0017
2018-05-31,0.0,UP_STRENGTHENING,True,False,,,,,,,,ds0017
2018-06-01,4.0,SIDEWAYS,True,False,,,,,,,,ds0017
2018-06-04,3.0,DOWN_WEAKENING,True,False,,,,,,,,ds0017
2018-06-05,2.0,DOWN_STRENGTHENING,True,False,,,,,,,,ds0017
2018-06-06,2.0,DOWN_STRENGTHENING,True,False,,,,,,,,ds0017
2018-06-07,0.0,UP_STRENGTHENING,True,False,,,,,,,,ds0017
2018-06-08,0.0,UP_STRENGTHENING,True,False,,,,,,,,ds0017
2018-06-11,0.0,UP_STRENGTHENING,True,False,,,,,,,,ds0017
2018-06-12,4.0,SIDEWAYS,True,False,,,,,,,,ds0017
2018-06-13,1.0,UP_WEAKENING,True,False,,,,,,,,ds0017
2018-06-14,1.0,UP_WEAKENING,True,False,,,,,,,,ds0017
2018-06-15,1.0,UP_WEAKENING,True,False,,,,,,,,ds0017
2018-06-18,1.0,UP_WEAKENING,True,False,,,,,,,,ds0017
2018-06-19,1.0,UP_WEAKENING,True,False,,,,,,,,ds0017
2018-06-20,1.0,UP_WEAKENING,True,False,,,,,,,,ds0017
2018-06-21,1.0,UP_WEAKENING,True,False,,,,,,,,ds0017
2018-06-22,1.0,UP_WEAKENING,True,False,,,,,,,,ds0017
2018-06-25,0.0,UP_STRENGTHENING,True,False,,,,,,,,ds0017
2018-06-26,0.0,UP_STRENGTHENING,True,False,,,,,,,,ds0017
2018-06-27,0.0,UP_STRENGTHENING,True,False,,,,,,,,ds0017
2018-06-28,0.0,UP_STRENGTHENING,True,False,,,,,,,,ds0017
2018-06-29,1.0,UP_WEAKENING,True,False,,,,,,,,ds0017
2018-07-02,1.0,UP_WEAKENING,True,False,,,,,,,,ds0017
2018-07-03,0.0,UP_STRENGTHENING,True,False,,,,,,,,ds0017
2018-07-05,0.0,UP_STRENGTHENING,True,False,,,,,,,,ds0017
2018-07-06,1.0,UP_WEAKENING,True,False,,,,,,,,ds0017
2018-07-09,1.0,UP_WEAKENING,True,False,,,,,,,,ds0017
2018-07-10,1.0,UP_WEAKENING,True,False,,,,,,,,ds0017
2018-07-11,0.0,UP_STRENGTHENING,True,False,,,,,,,,ds0017
2018-07-12,1.0,UP_WEAKENING,True,False,,,,,,,,ds0017
2018-07-13,4.0,SIDEWAYS,True,False,,,,,,,,ds0017
2018-07-16,4.0,SIDEWAYS,True,False,,,,,,,,ds0017
2018-07-17,4.0,SIDEWAYS,True,False,,,,,,,,ds0017
2018-07-18,4.0,SIDEWAYS,True,False,,,,,,,,ds0017
2018-07-19,4.0,SIDEWAYS,True,False,,,,,,,,ds0017
2018-07-20,4.0,SIDEWAYS,True,False,,,,,,,,ds0017
2018-07-23,4.0,SIDEWAYS,True,False,,,,,,,,ds0017
2018-07-24,4.0,SIDEWAYS,True,False,,,,,,,,ds0017
2018-07-25,2.0,DOWN_STRENGTHENING,True,False,,,,,,,,ds0017
2018-07-26,4.0,SIDEWAYS,True,False,,,,,,,,ds0017
2018-07-27,1.0,UP_WEAKENING,True,False,,,,,,,,ds0017
2018-07-30,0.0,UP_STRENGTHENING,True,False,,,,,,,,ds0017
2018-07-31,0.0,UP_STRENGTHENING,True,False,,,,,,,,ds0017
2018-08-01,0.0,UP_STRENGTHENING,True,False,,,,,,,,ds0017
2018-08-02,1.0,UP_WEAKENING,True,False,,,,,,,,ds0017
2018-08-03,0.0,UP_STRENGTHENING,True,False,,,,,,,,ds0017
2018-08-06,1.0,UP_WEAKENING,True,False,,,,,,,,ds0017
2018-08-07,1.0,UP_WEAKENING,True,False,,,,,,,,ds0017
2018-08-08,4.0,SIDEWAYS,True,False,,,,,,,,ds0017
2018-08-09,4.0,SIDEWAYS,True,False,,,,,,,,ds0017
2018-08-10,4.0,SIDEWAYS,True,False,,,,,,,,ds0017
2018-08-13,1.0,UP_WEAKENING,True,False,,,,,,,,ds0017
2018-08-14,4.0,SIDEWAYS,True,False,,,,,,,,ds0017
2018-08-15,0.0,UP_STRENGTHENING,True,False,,,,,,,,ds0017
2018-08-16,0.0,UP_STRENGTHENING,True,False,,,,,,,,ds0017
2018-08-17,1.0,UP_WEAKENING,True,False,,,,,,,,ds0017
2018-08-20,0.0,UP_STRENGTHENING,True,False,,,,,,,,ds0017
2018-08-21,0.0,UP_STRENGTHENING,True,False,,,,,,,,ds0017
2018-08-22,0.0,UP_STRENGTHENING,True,False,,,,,,,,ds0017
2018-08-23,0.0,UP_STRENGTHENING,True,False,,,,,,,,ds0017
2018-08-24,0.0,UP_STRENGTHENING,True,False,,,,,,,,ds0017
2018-08-27,4.0,SIDEWAYS,True,False,,,,,,,,ds0017
2018-08-28,4.0,SIDEWAYS,True,False,,,,,,,,ds0017
2018-08-29,4.0,SIDEWAYS,True,False,,,,,,,,ds0017
2018-08-30,4.0,SIDEWAYS,True,False,,,,,,,,ds0017
2018-08-31,4.0,SIDEWAYS,True,False,,,,,,,,ds0017
2018-09-04,4.0,SIDEWAYS,True,False,,,,,,,,ds0017
2018-09-05,1.0,UP_WEAKENING,True,False,,,,,,,,ds0017
2018-09-06,4.0,SIDEWAYS,True,False,,,,,,,,ds0017
2018-09-07,4.0,SIDEWAYS,True,False,,,,,,,,ds0017
2018-09-10,2.0,DOWN_STRENGTHENING,True,False,,,,,,,,ds0017
2018-09-11,2.0,DOWN_STRENGTHENING,True,False,,,,,,,,ds0017
2018-09-12,2.0,DOWN_STRENGTHENING,True,False,,,,,,,,ds0017
2018-09-13,2.0,DOWN_STRENGTHENING,True,False,,,,,,,,ds0017
2018-09-14,2.0,DOWN_STRENGTHENING,True,False,,,,,,,,ds0017
2018-09-17,2.0,DOWN_STRENGTHENING,True,False,,,,,,,,ds0017
2018-09-18,2.0,DOWN_STRENGTHENING,True,False,,,,,,,,ds0017
2018-09-19,2.0,DOWN_STRENGTHENING,True,False,,,,,,,,ds0017
2018-09-20,2.0,DOWN_STRENGTHENING,True,False,,,,,,,,ds0017
2018-09-21,2.0,DOWN_STRENGTHENING,True,False,,,,,,,,ds0017
2018-09-24,2.0,DOWN_STRENGTHENING,True,False,,,,,,,,ds0017
2018-09-25,2.0,DOWN_STRENGTHENING,True,False,,,,,,,,ds0017
2018-09-26,2.0,DOWN_STRENGTHENING,True,False,,,,,,,,ds0017
2018-09-27,2.0,DOWN_STRENGTHENING,True,False,,,,,,,,ds0017
2018-09-28,2.0,DOWN_STRENGTHENING,True,False,,,,,,,,ds0017
2018-10-01,2.0,DOWN_STRENGTHENING,True,False,,,,,,,,ds0017
2018-10-02,2.0,DOWN_STRENGTHENING,True,False,,,,,,,,ds0017
2018-10-03,2.0,DOWN_STRENGTHENING,True,False,,,,,,,,ds0017
2018-10-04,2.0,DOWN_STRENGTHENING,True,False,,,,,,,,ds0017
2018-10-05,2.0,DOWN_STRENGTHENING,True,False,,,,,,,,ds0017
2018-10-08,2.0,DOWN_STRENGTHENING,True,False,,,,,,,,ds0017
2018-10-09,2.0,DOWN_STRENGTHENING,True,False,,,,,,,,ds0017
2018-10-10,1.0,UP_WEAKENING,True,False,,,,,,,,ds0017
2018-10-11,1.0,UP_WEAKENING,True,False,,,,,,,,ds0017
2018-10-12,2.0,DOWN_STRENGTHENING,True,False,,,,,,,,ds0017
2018-10-15,2.0,DOWN_STRENGTHENING,True,False,,,,,,,,ds0017
2018-10-16,2.0,DOWN_STRENGTHENING,True,False,,,,,,,,ds0017
2018-10-17,2.0,DOWN_STRENGTHENING,True,False,,,,,,,,ds0017
2018-10-18,2.0,DOWN_STRENGTHENING,True,False,,,,,,,,ds0017
2018-10-19,2.0,DOWN_STRENGTHENING,True,False,,,,,,,,ds0017
2018-10-22,2.0,DOWN_STRENGTHENING,True,False,,,,,,,,ds0017
2018-10-23,2.0,DOWN_STRENGTHENING,True,False,,,,,,,,ds0017
2018-10-24,2.0,DOWN_STRENGTHENING,True,True,,,,,,,,ds0017
2018-10-25,2.0,DOWN_STRENGTHENING,True,True,,,,,,,,ds0017
2018-10-26,2.0,DOWN_STRENGTHENING,True,True,,,,,,,,ds0017
2018-10-29,4.0,SIDEWAYS,True,True,,,,,,,,ds0017
2018-10-30,4.0,SIDEWAYS,True,True,,,,,,,,ds0017
2018-10-31,4.0,SIDEWAYS,True,True,,,,,,,,ds0017
2018-11-01,4.0,SIDEWAYS,True,True,,,,,,,,ds0017
2018-11-02,4.0,SIDEWAYS,True,True,,,,,,,,ds0017
2018-11-05,4.0,SIDEWAYS,True,True,,,,,,,,ds0017
2018-11-06,4.0,SIDEWAYS,True,True,,,,,,,,ds0017
2018-11-07,2.0,DOWN_STRENGTHENING,True,True,,,,,,,,ds0017
2018-11-08,2.0,DOWN_STRENGTHENING,True,True,,,,,,,,ds0017
2018-11-09,2.0,DOWN_STRENGTHENING,True,True,,,,,,,,ds0017
2018-11-12,4.0,SIDEWAYS,True,True,,,,,,,,ds0017
2018-11-13,4.0,SIDEWAYS,True,True,,,,,,,,ds0017
2018-11-14,3.0,DOWN_WEAKENING,True,True,,,,,,,,ds0017
2018-11-15,2.0,DOWN_STRENGTHENING,True,True,,,,,,,,ds0017
2018-11-16,2.0,DOWN_STRENGTHENING,True,True,,,,,,,,ds0017
2018-11-19,3.0,DOWN_WEAKENING,True,True,,,,,,,,ds0017
2018-11-20,3.0,DOWN_WEAKENING,True,True,,,,,,,,ds0017
2018-11-21,2.0,DOWN_STRENGTHENING,True,True,,,,,,,,ds0017
2018-11-23,2.0,DOWN_STRENGTHENING,True,True,,,,,,,,ds0017
2018-11-26,2.0,DOWN_STRENGTHENING,True,True,,,,,,,,ds0017
2018-11-27,2.0,DOWN_STRENGTHENING,True,True,,,,,,,,ds0017
2018-11-28,2.0,DOWN_STRENGTHENING,True,True,,,,,,,,ds0017
2018-11-29,2.0,DOWN_STRENGTHENING,True,True,,,,,,,,ds0017
2018-11-30,2.0,DOWN_STRENGTHENING,True,True,,,,,,,,ds0017
2018-12-03,2.0,DOWN_STRENGTHENING,True,False,,,,,,,,ds0017
2018-12-04,2.0,DOWN_STRENGTHENING,True,True,,,,,,,,ds0017
2018-12-06,2.0,DOWN_STRENGTHENING,True,True,,,,,,,,ds0017
2018-12-07,4.0,SIDEWAYS,True,True,,,,,,,,ds0017
2018-12-10,4.0,SIDEWAYS,True,True,,,,,,,,ds0017
2018-12-11,4.0,SIDEWAYS,True,True,,,,,,,,ds0017
2018-12-12,3.0,DOWN_WEAKENING,True,True,,,,,,,,ds0017
2018-12-13,3.0,DOWN_WEAKENING,True,True,,,,,,,,ds0017
2018-12-14,4.0,SIDEWAYS,True,True,,,,,,,,ds0017
2018-12-17,0.0,UP_STRENGTHENING,True,True,,,,,,,,ds0017
2018-12-18,0.0,UP_STRENGTHENING,True,True,,,,,,,,ds0017
2018-12-19,0.0,UP_STRENGTHENING,True,True,,,,,,,,ds0017
2018-12-20,0.0,UP_STRENGTHENING,True,True,,,,,,,,ds0017
2018-12-21,0.0,UP_STRENGTHENING,True,True,,,,,,,,ds0017
2018-12-24,0.0,UP_STRENGTHENING,True,True,,,,,,,,ds0017
2018-12-26,0.0,UP_STRENGTHENING,True,True,,,,,,,,ds0017
2018-12-27,0.0,UP_STRENGTHENING,True,True,,,,,,,,ds0017
2018-12-28,0.0,UP_STRENGTHENING,True,True,,,,,,,,ds0017
2018-12-31,0.0,UP_STRENGTHENING,True,True,,,,,,,,ds0017
2019-01-02,0.0,UP_STRENGTHENING,True,True,,,,,,,,ds0017
2019-01-03,0.0,UP_STRENGTHENING,True,True,,,,,,,,ds0017
2019-01-04,0.0,UP_STRENGTHENING,True,True,,,,,,,,ds0017
2019-01-07,0.0,UP_STRENGTHENING,True,True,,,,,,,,ds0017
2019-01-08,0.0,UP_STRENGTHENING,True,True,,,,,,,,ds0017
2019-01-09,0.0,UP_STRENGTHENING,True,True,,,,,,,,ds0017
2019-01-10,0.0,UP_STRENGTHENING,True,True,,,,,,,,ds0017
2019-01-11,0.0,UP_STRENGTHENING,True,True,,,,,,,,ds0017
2019-01-14,0.0,UP_STRENGTHENING,True,True,,,,,,,,ds0017
2019-01-15,0.0,UP_STRENGTHENING,True,True,,,,,,,,ds0017
2019-01-16,0.0,UP_STRENGTHENING,True,True,,,,,,,,ds0017
2019-01-17,0.0,UP_STRENGTHENING,True,True,,,,,,,,ds0017
2019-01-18,0.0,UP_STRENGTHENING,True,True,,,,,,,,ds0017
2019-01-22,0.0,UP_STRENGTHENING,True,True,,,,,,,,ds0017
2019-01-23,0.0,UP_STRENGTHENING,True,True,,,,,,,,ds0017
2019-01-24,0.0,UP_STRENGTHENING,True,True,,,,,,,,ds0017
2019-01-25,0.0,UP_STRENGTHENING,True,False,,,,,,,,ds0017
2019-01-28,0.0,UP_STRENGTHENING,True,True,,,,,,,,ds0017
2019-01-29,0.0,UP_STRENGTHENING,True,True,,,,,,,,ds0017
2019-01-30,0.0,UP_STRENGTHENING,True,False,,,,,,,,ds0017
2019-01-31,0.0,UP_STRENGTHENING,True,False,,,,,,,,ds0017
2019-02-01,0.0,UP_STRENGTHENING,True,False,,,,,,,,ds0017
2019-02-04,0.0,UP_STRENGTHENING,True,False,,,,,,,,ds0017
2019-02-05,0.0,UP_STRENGTHENING,True,False,,,,,,,,ds0017
2019-02-06,4.0,SIDEWAYS,True,False,,,,,,,,ds0017
2019-02-07,0.0,UP_STRENGTHENING,True,False,,,,,,,,ds0017
2019-02-08,0.0,UP_STRENGTHENING,True,False,,,,,,,,ds0017
2019-02-11,0.0,UP_STRENGTHENING,True,False,,,,,,,,ds0017
2019-02-12,0.0,UP_STRENGTHENING,True,False,,,,,,,,ds0017
2019-02-13,0.0,UP_STRENGTHENING,True,False,,,,,,,,ds0017
2019-02-14,0.0,UP_STRENGTHENING,True,False,,,,,,,,ds0017
2019-02-15,0.0,UP_STRENGTHENING,True,False,,,,,,,,ds0017
2019-02-19,0.0,UP_STRENGTHENING,True,False,,,,,,,,ds0017
2019-02-20,0.0,UP_STRENGTHENING,True,False,,,,,,,,ds0017
2019-02-21,0.0,UP_STRENGTHENING,True,False,,,,,,,,ds0017
2019-02-22,0.0,UP_STRENGTHENING,True,False,,,,,,,,ds0017
2019-02-25,0.0,UP_STRENGTHENING,True,False,,,,,,,,ds0017
2019-02-26,0.0,UP_STRENGTHENING,True,False,,,,,,,,ds0017
2019-02-27,0.0,UP_STRENGTHENING,True,False,,,,,,,,ds0017
2019-02-28,0.0,UP_STRENGTHENING,True,False,,,,,,,,ds0017
2019-03-01,0.0,UP_STRENGTHENING,True,False,,,,,,,,ds0017
2019-03-04,0.0,UP_STRENGTHENING,True,False,,,,,,,,ds0017
2019-03-05,0.0,UP_STRENGTHENING,True,False,,,,,,,,ds0017
2019-03-06,0.0,UP_STRENGTHENING,True,False,,,,,,,,ds0017
2019-03-07,0.0,UP_STRENGTHENING,True,False,,,,,,,,ds0017
2019-03-08,0.0,UP_STRENGTHENING,True,False,,,,,,,,ds0017
2019-03-11,0.0,UP_STRENGTHENING,True,False,,,,,,,,ds0017
2019-03-12,0.0,UP_STRENGTHENING,True,False,,,,,,,,ds0017
2019-03-13,0.0,UP_STRENGTHENING,True,False,,,,,,,,ds0017
2019-03-14,0.0,UP_STRENGTHENING,True,False,,,,,,,,ds0017
2019-03-15,0.0,UP_STRENGTHENING,True,False,,,,,,,,ds0017
2019-03-18,0.0,UP_STRENGTHENING,True,False,,,,,,,,ds0017
2019-03-19,0.0,UP_STRENGTHENING,True,False,,,,,,,,ds0017
2019-03-20,0.0,UP_STRENGTHENING,True,False,,,,,,,,ds0017
2019-03-21,0.0,UP_STRENGTHENING,True,False,,,,,,,,ds0017
2019-03-22,0.0,UP_STRENGTHENING,True,False,,,,,,,,ds0017
2019-03-25,0.0,UP_STRENGTHENING,True,False,,,,,,,,ds0017
2019-03-26,0.0,UP_STRENGTHENING,True,False,,,,,,,,ds0017
2019-03-27,0.0,UP_STRENGTHENING,True,False,,,,,,,,ds0017
2019-03-28,0.0,UP_STRENGTHENING,True,False,,,,,,,,ds0017
2019-03-29,0.0,UP_STRENGTHENING,True,False,,,,,,,,ds0017
2019-04-01,0.0,UP_STRENGTHENING,True,False,,,,,,,,ds0017
2019-04-02,0.0,UP_STRENGTHENING,True,False,,,,,,,,ds0017
2019-04-03,1.0,UP_WEAKENING,True,False,,,,,,,,ds0017
2019-04-04,1.0,UP_WEAKENING,True,False,,,,,,,,ds0017
2019-04-05,1.0,UP_WEAKENING,True,False,,,,,,,,ds0017
2019-04-08,4.0,SIDEWAYS,True,False,,,,,,,,ds0017
2019-04-09,4.0,SIDEWAYS,True,False,,,,,,,,ds0017
2019-04-10,4.0,SIDEWAYS,True,False,,,,,,,,ds0017
2019-04-11,4.0,SIDEWAYS,True,False,,,,,,,,ds0017
2019-04-12,2.0,DOWN_STRENGTHENING,True,False,,,,,,,,ds0017
2019-04-15,2.0,DOWN_STRENGTHENING,True,False,,,,,,,,ds0017
2019-04-16,2.0,DOWN_STRENGTHENING,True,False,,,,,,,,ds0017
2019-04-17,2.0,DOWN_STRENGTHENING,True,False,,,,,,,,ds0017
2019-04-18,2.0,DOWN_STRENGTHENING,True,False,,,,,,,,ds0017
2019-04-22,2.0,DOWN_STRENGTHENING,True,False,,,,,,,,ds0017
2019-04-23,2.0,DOWN_STRENGTHENING,True,False,,,,,,,,ds0017
2019-04-24,2.0,DOWN_STRENGTHENING,True,False,,,,,,,,ds0017
2019-04-25,2.0,DOWN_STRENGTHENING,True,False,,,,,,,,ds0017
2019-04-26,2.0,DOWN_STRENGTHENING,True,False,,,,,,,,ds0017
2019-04-29,2.0,DOWN_STRENGTHENING,True,False,,,,,,,,ds0017
2019-04-30,2.0,DOWN_STRENGTHENING,True,False,,,,,,,,ds0017
2019-05-01,2.0,DOWN_STRENGTHENING,True,False,,,,,,,,ds0017
2019-05-02,2.0,DOWN_STRENGTHENING,True,False,,,,,,,,ds0017
2019-05-03,2.0,DOWN_STRENGTHENING,True,False,,,,,,,,ds0017
2019-05-06,2.0,DOWN_STRENGTHENING,True,False,,,,,,,,ds0017
2019-05-07,2.0,DOWN_STRENGTHENING,True,False,,,,,,,,ds0017
2019-05-08,2.0,DOWN_STRENGTHENING,True,False,,,,,,,,ds0017
2019-05-09,2.0,DOWN_STRENGTHENING,True,False,,,,,,,,ds0017
2019-05-10,2.0,DOWN_STRENGTHENING,True,False,,,,,,,,ds0017
2019-05-13,1.0,UP_WEAKENING,True,False,,,,,,,,ds0017
2019-05-14,1.0,UP_WEAKENING,True,False,,,,,,,,ds0017
2019-05-15,4.0,SIDEWAYS,True,False,,,,,,,,ds0017
2019-05-16,2.0,DOWN_STRENGTHENING,True,False,,,,,,,,ds0017
2019-05-17,4.0,SIDEWAYS,True,False,,,,,,,,ds0017
2019-05-20,1.0,UP_WEAKENING,True,False,,,,,,,,ds0017
2019-05-21,1.0,UP_WEAKENING,True,False,,,,,,,,ds0017
2019-05-22,1.0,UP_WEAKENING,True,False,,,,,,,,ds0017
2019-05-23,1.0,UP_WEAKENING,True,False,,,,,,,,ds0017
2019-05-24,1.0,UP_WEAKENING,True,False,,,,,,,,ds0017
2019-05-28,1.0,UP_WEAKENING,True,False,,,,,,,,ds0017
2019-05-29,1.0,UP_WEAKENING,True,False,,,,,,,,ds0017
2019-05-30,1.0,UP_WEAKENING,True,False,,,,,,,,ds0017
2019-05-31,0.0,UP_STRENGTHENING,True,False,,,,,,,,ds0017
2019-06-03,0.0,UP_STRENGTHENING,True,True,,,,,,,,ds0017
2019-06-04,0.0,UP_STRENGTHENING,True,False,,,,,,,,ds0017
2019-06-05,0.0,UP_STRENGTHENING,True,False,,,,,,,,ds0017
2019-06-06,0.0,UP_STRENGTHENING,True,False,,,,,,,,ds0017
2019-06-07,0.0,UP_STRENGTHENING,True,False,,,,,,,,ds0017
2019-06-10,0.0,UP_STRENGTHENING,True,False,,,,,,,,ds0017
2019-06-11,0.0,UP_STRENGTHENING,True,False,,,,,,,,ds0017
2019-06-12,0.0,UP_STRENGTHENING,True,False,,,,,,,,ds0017
2019-06-13,0.0,UP_STRENGTHENING,True,False,,,,,,,,ds0017
2019-06-14,0.0,UP_STRENGTHENING,True,False,,,,,,,,ds0017
2019-06-17,0.0,UP_STRENGTHENING,True,False,,,,,,,,ds0017
2019-06-18,0.0,UP_STRENGTHENING,True,False,,,,,,,,ds0017
2019-06-19,0.0,UP_STRENGTHENING,True,False,,,,,,,,ds0017
2019-06-20,0.0,UP_STRENGTHENING,True,False,,,,,,,,ds0017
2019-06-21,0.0,UP_STRENGTHENING,True,False,,,,,,,,ds0017
2019-06-24,0.0,UP_STRENGTHENING,True,False,,,,,,,,ds0017
2019-06-25,0.0,UP_STRENGTHENING,True,False,,,,,,,,ds0017
2019-06-26,0.0,UP_STRENGTHENING,True,False,,,,,,,,ds0017
2019-06-27,0.0,UP_STRENGTHENING,True,False,,,,,,,,ds0017
2019-06-28,0.0,UP_STRENGTHENING,True,False,,,,,,,,ds0017
2019-07-01,0.0,UP_STRENGTHENING,True,False,,,,,,,,ds0017
2019-07-02,4.0,SIDEWAYS,True,False,,,,,,,,ds0017
2019-07-03,4.0,SIDEWAYS,True,False,,,,,,,,ds0017
2019-07-05,3.0,DOWN_WEAKENING,True,False,,,,,,,,ds0017
2019-07-08,2.0,DOWN_STRENGTHENING,True,False,,,,,,,,ds0017
2019-07-09,2.0,DOWN_STRENGTHENING,True,False,,,,,,,,ds0017
2019-07-10,2.0,DOWN_STRENGTHENING,True,False,,,,,,,,ds0017
2019-07-11,2.0,DOWN_STRENGTHENING,True,False,,,,,,,,ds0017
2019-07-12,2.0,DOWN_STRENGTHENING,True,False,,,,,,,,ds0017
2019-07-15,2.0,DOWN_STRENGTHENING,True,False,,,,,,,,ds0017
2019-07-16,2.0,DOWN_STRENGTHENING,True,False,,,,,,,,ds0017
2019-07-17,2.0,DOWN_STRENGTHENING,True,False,,,,,,,,ds0017
2019-07-18,2.0,DOWN_STRENGTHENING,True,False,,,,,,,,ds0017
2019-07-19,2.0,DOWN_STRENGTHENING,True,False,,,,,,,,ds0017
2019-07-22,2.0,DOWN_STRENGTHENING,True,False,,,,,,,,ds0017
2019-07-23,2.0,DOWN_STRENGTHENING,True,False,,,,,,,,ds0017
2019-07-24,2.0,DOWN_STRENGTHENING,True,False,,,,,,,,ds0017
2019-07-25,2.0,DOWN_STRENGTHENING,True,False,,,,,,,,ds0017
2019-07-26,2.0,DOWN_STRENGTHENING,True,False,,,,,,,,ds0017
2019-07-29,2.0,DOWN_STRENGTHENING,True,False,,,,,,,,ds0017
2019-07-30,2.0,DOWN_STRENGTHENING,True,False,,,,,,,,ds0017
2019-07-31,2.0,DOWN_STRENGTHENING,True,False,,,,,,,,ds0017
2019-08-01,2.0,DOWN_STRENGTHENING,True,False,,,,,,,,ds0017
2019-08-02,4.0,SIDEWAYS,True,False,,,,,,,,ds0017
2019-08-05,1.0,UP_WEAKENING,True,False,,,,,,,,ds0017
2019-08-06,1.0,UP_WEAKENING,True,False,,,,,,,,ds0017
2019-08-07,1.0,UP_WEAKENING,True,False,,,,,,,,ds0017
2019-08-08,1.0,UP_WEAKENING,True,False,,,,,,,,ds0017
2019-08-09,1.0,UP_WEAKENING,True,False,,,,,,,,ds0017
2019-08-12,1.0,UP_WEAKENING,True,False,,,,,,,,ds0017
2019-08-13,1.0,UP_WEAKENING,True,False,,,,,,,,ds0017
2019-08-14,0.0,UP_STRENGTHENING,True,False,,,,,,,,ds0017
2019-08-15,0.0,UP_STRENGTHENING,True,False,,,,,,,,ds0017
2019-08-16,1.0,UP_WEAKENING,True,False,,,,,,,,ds0017
2019-08-19,1.0,UP_WEAKENING,True,False,,,,,,,,ds0017
2019-08-20,1.0,UP_WEAKENING,True,False,,,,,,,,ds0017
2019-08-21,1.0,UP_WEAKENING,True,False,,,,,,,,ds0017
2019-08-22,1.0,UP_WEAKENING,True,False,,,,,,,,ds0017
2019-08-23,0.0,UP_STRENGTHENING,True,False,,,,,,,,ds0017
2019-08-26,1.0,UP_WEAKENING,True,False,,,,,,,,ds0017
2019-08-27,0.0,UP_STRENGTHENING,True,False,,,,,,,,ds0017
2019-08-28,1.0,UP_WEAKENING,True,False,,,,,,,,ds0017
2019-08-29,4.0,SIDEWAYS,True,False,,,,,,,,ds0017
2019-08-30,4.0,SIDEWAYS,True,False,,,,,,,,ds0017
2019-09-03,4.0,SIDEWAYS,True,False,,,,,,,,ds0017
2019-09-04,2.0,DOWN_STRENGTHENING,True,False,,,,,,,,ds0017
2019-09-05,2.0,DOWN_STRENGTHENING,True,False,,,,,,,,ds0017
2019-09-06,4.0,SIDEWAYS,True,False,,,,,,,,ds0017
2019-09-09,2.0,DOWN_STRENGTHENING,True,False,,,,,,,,ds0017
2019-09-10,2.0,DOWN_STRENGTHENING,True,False,,,,,,,,ds0017
2019-09-11,2.0,DOWN_STRENGTHENING,True,False,,,,,,,,ds0017
2019-09-12,2.0,DOWN_STRENGTHENING,True,False,,,,,,,,ds0017
2019-09-13,4.0,SIDEWAYS,True,False,,,,,,,,ds0017
2019-09-16,4.0,SIDEWAYS,True,False,,,,,,,,ds0017
2019-09-17,4.0,SIDEWAYS,True,False,,,,,,,,ds0017
2019-09-18,4.0,SIDEWAYS,True,False,,,,,,,,ds0017
2019-09-19,4.0,SIDEWAYS,True,False,,,,,,,,ds0017
2019-09-20,4.0,SIDEWAYS,True,False,,,,,,,,ds0017
2019-09-23,0.0,UP_STRENGTHENING,True,False,,,,,,,,ds0017
2019-09-24,0.0,UP_STRENGTHENING,True,False,,,,,,,,ds0017
2019-09-25,0.0,UP_STRENGTHENING,True,False,,,,,,,,ds0017
2019-09-26,0.0,UP_STRENGTHENING,True,False,,,,,,,,ds0017
2019-09-27,0.0,UP_STRENGTHENING,True,False,,,,,,,,ds0017
2019-09-30,0.0,UP_STRENGTHENING,True,False,,,,,,,,ds0017
2019-10-01,0.0,UP_STRENGTHENING,True,False,,,,,,,,ds0017
2019-10-02,0.0,UP_STRENGTHENING,True,False,,,,,,,,ds0017
2019-10-03,0.0,UP_STRENGTHENING,True,False,,,,,,,,ds0017
2019-10-04,0.0,UP_STRENGTHENING,True,False,,,,,,,,ds0017
2019-10-07,0.0,UP_STRENGTHENING,True,False,,,,,,,,ds0017
2019-10-08,0.0,UP_STRENGTHENING,True,False,,,,,,,,ds0017
2019-10-09,0.0,UP_STRENGTHENING,True,False,,,,,,,,ds0017
2019-10-10,0.0,UP_STRENGTHENING,True,False,,,,,,,,ds0017
2019-10-11,0.0,UP_STRENGTHENING,True,False,,,,,,,,ds0017
2019-10-14,0.0,UP_STRENGTHENING,True,False,,,,,,,,ds0017
2019-10-15,0.0,UP_STRENGTHENING,True,False,,,,,,,,ds0017
2019-10-16,0.0,UP_STRENGTHENING,True,False,,,,,,,,ds0017
2019-10-17,0.0,UP_STRENGTHENING,True,False,,,,,,,,ds0017
2019-10-18,0.0,UP_STRENGTHENING,True,False,,,,,,,,ds0017
2019-10-21,0.0,UP_STRENGTHENING,True,False,,,,,,,,ds0017
2019-10-22,0.0,UP_STRENGTHENING,True,False,,,,,,,,ds0017
2019-10-23,0.0,UP_STRENGTHENING,True,False,,,,,,,,ds0017
2019-10-24,0.0,UP_STRENGTHENING,True,False,,,,,,,,ds0017
2019-10-25,0.0,UP_STRENGTHENING,True,False,,,,,,,,ds0017
2019-10-28,0.0,UP_STRENGTHENING,True,False,,,,,,,,ds0017
2019-10-29,0.0,UP_STRENGTHENING,True,False,,,,,,,,ds0017
2019-10-30,0.0,UP_STRENGTHENING,True,False,,,,,,,,ds0017
2019-10-31,0.0,UP_STRENGTHENING,True,False,,,,,,,,ds0017
2019-11-01,0.0,UP_STRENGTHENING,True,False,,,,,,,,ds0017
2019-11-04,4.0,SIDEWAYS,True,False,,,,,,,,ds0017
2019-11-05,0.0,UP_STRENGTHENING,True,False,,,,,,,,ds0017
2019-11-06,0.0,UP_STRENGTHENING,True,False,,,,,,,,ds0017
2019-11-07,0.0,UP_STRENGTHENING,True,False,,,,,,,,ds0017
2019-11-08,0.0,UP_STRENGTHENING,True,False,,,,,,,,ds0017
2019-11-11,0.0,UP_STRENGTHENING,True,False,,,,,,,,ds0017
2019-11-12,0.0,UP_STRENGTHENING,True,False,,,,,,,,ds0017
2019-11-13,0.0,UP_STRENGTHENING,True,False,,,,,,,,ds0017
2019-11-14,0.0,UP_STRENGTHENING,True,False,,,,,,,,ds0017
2019-11-15,0.0,UP_STRENGTHENING,True,False,,,,,,,,ds0017
2019-11-18,0.0,UP_STRENGTHENING,True,False,,,,,,,,ds0017
2019-11-19,0.0,UP_STRENGTHENING,True,False,,,,,,,,ds0017
2019-11-20,0.0,UP_STRENGTHENING,True,False,,,,,,,,ds0017
2019-11-21,0.0,UP_STRENGTHENING,True,False,,,,,,,,ds0017
2019-11-22,0.0,UP_STRENGTHENING,True,False,,,,,,,,ds0017
2019-11-25,0.0,UP_STRENGTHENING,True,False,,,,,,,,ds0017
2019-11-26,0.0,UP_STRENGTHENING,True,False,,,,,,,,ds0017
2019-11-27,0.0,UP_STRENGTHENING,True,False,,,,,,,,ds0017
2019-11-29,0.0,UP_STRENGTHENING,True,False,,,,,,,,ds0017
2019-12-02,0.0,UP_STRENGTHENING,True,False,,,,,,,,ds0017
2019-12-03,0.0,UP_STRENGTHENING,True,False,,,,,,,,ds0017
2019-12-04,0.0,UP_STRENGTHENING,True,False,,,,,,,,ds0017
2019-12-05,0.0,UP_STRENGTHENING,True,False,,,,,,,,ds0017
2019-12-06,0.0,UP_STRENGTHENING,True,False,,,,,,,,ds0017
2019-12-09,0.0,UP_STRENGTHENING,True,False,,,,,,,,ds0017
2019-12-10,0.0,UP_STRENGTHENING,True,False,,,,,,,,ds0017
2019-12-11,0.0,UP_STRENGTHENING,True,False,,,,,,,,ds0017
2019-12-12,0.0,UP_STRENGTHENING,True,False,,,,,,,,ds0017
2019-12-13,0.0,UP_STRENGTHENING,True,False,,,,,,,,ds0017
2019-12-16,0.0,UP_STRENGTHENING,True,False,,,,,,,,ds0017
2019-12-17,0.0,UP_STRENGTHENING,True,False,,,,,,,,ds0017
2019-12-18,0.0,UP_STRENGTHENING,True,False,,,,,,,,ds0017
2019-12-19,0.0,UP_STRENGTHENING,True,False,,,,,,,,ds0017
2019-12-20,0.0,UP_STRENGTHENING,True,False,,,,,,,,ds0017
2019-12-23,0.0,UP_STRENGTHENING,True,False,,,,,,,,ds0017
2019-12-24,0.0,UP_STRENGTHENING,True,False,,,,,,,,ds0017
2019-12-26,0.0,UP_STRENGTHENING,True,False,,,,,,,,ds0017
2019-12-27,0.0,UP_STRENGTHENING,True,False,,,,,,,,ds0017
2019-12-30,0.0,UP_STRENGTHENING,True,False,,,,,,,,ds0017
2019-12-31,0.0,UP_STRENGTHENING,True,False,,,,,,,,ds0017
2020-01-02,0.0,UP_STRENGTHENING,True,False,,,,,,,,ds0017
2020-01-03,0.0,UP_STRENGTHENING,True,False,,,,,,,,ds0017
2020-01-06,0.0,UP_STRENGTHENING,True,False,,,,,,,,ds0017
2020-01-07,0.0,UP_STRENGTHENING,True,False,,,,,,,,ds0017
2020-01-08,0.0,UP_STRENGTHENING,True,False,,,,,,,,ds0017
2020-01-09,0.0,UP_STRENGTHENING,True,False,,,,,,,,ds0017
2020-01-10,0.0,UP_STRENGTHENING,True,False,,,,,,,,ds0017
2020-01-13,0.0,UP_STRENGTHENING,True,False,,,,,,,,ds0017
2020-01-14,0.0,UP_STRENGTHENING,True,False,,,,,,,,ds0017
2020-01-15,0.0,UP_STRENGTHENING,True,False,,,,,,,,ds0017
2020-01-16,0.0,UP_STRENGTHENING,True,False,,,,,,,,ds0017
2020-01-17,0.0,UP_STRENGTHENING,True,False,,,,,,,,ds0017
2020-01-21,0.0,UP_STRENGTHENING,True,False,,,,,,,,ds0017
2020-01-22,0.0,UP_STRENGTHENING,True,False,,,,,,,,ds0017
2020-01-23,0.0,UP_STRENGTHENING,True,False,,,,,,,,ds0017
2020-01-24,4.0,SIDEWAYS,True,False,,,,,,,,ds0017
2020-01-27,2.0,DOWN_STRENGTHENING,True,False,,,,,,,,ds0017
2020-01-28,2.0,DOWN_STRENGTHENING,True,False,,,,,,,,ds0017
2020-01-29,2.0,DOWN_STRENGTHENING,True,False,,,,,,,,ds0017
2020-01-30,2.0,DOWN_STRENGTHENING,True,False,,,,,,,,ds0017
2020-01-31,2.0,DOWN_STRENGTHENING,True,False,,,,,,,,ds0017
2020-02-03,2.0,DOWN_STRENGTHENING,True,False,,,,,,,,ds0017
2020-02-04,2.0,DOWN_STRENGTHENING,True,False,,,,,,,,ds0017
2020-02-05,2.0,DOWN_STRENGTHENING,True,False,,,,,,,,ds0017
2020-02-06,2.0,DOWN_STRENGTHENING,True,False,,,,,,,,ds0017
2020-02-07,2.0,DOWN_STRENGTHENING,True,False,,,,,,,,ds0017
2020-02-10,2.0,DOWN_STRENGTHENING,True,False,,,,,,,,ds0017
2020-02-11,2.0,DOWN_STRENGTHENING,True,False,,,,,,,,ds0017
2020-02-12,2.0,DOWN_STRENGTHENING,True,False,,,,,,,,ds0017
2020-02-13,2.0,DOWN_STRENGTHENING,True,False,,,,,,,,ds0017
2020-02-14,2.0,DOWN_STRENGTHENING,True,False,,,,,,,,ds0017
2020-02-18,2.0,DOWN_STRENGTHENING,True,False,,,,,,,,ds0017
2020-02-19,2.0,DOWN_STRENGTHENING,True,False,,,,,,,,ds0017
2020-02-20,2.0,DOWN_STRENGTHENING,True,False,,,,,,,,ds0017
2020-02-21,2.0,DOWN_STRENGTHENING,True,False,,,,,,,,ds0017
2020-02-24,2.0,DOWN_STRENGTHENING,True,True,,,,,,,,ds0017
2020-02-25,2.0,DOWN_STRENGTHENING,True,True,,,,,,,,ds0017
2020-02-26,2.0,DOWN_STRENGTHENING,True,True,,,,,,,,ds0017
2020-02-27,2.0,DOWN_STRENGTHENING,True,True,,,,,,,,ds0017
2020-02-28,2.0,DOWN_STRENGTHENING,True,True,,,,,,,,ds0017
2020-03-02,2.0,DOWN_STRENGTHENING,True,True,,,,,,,,ds0017
2020-03-03,2.0,DOWN_STRENGTHENING,True,True,,,,,,,,ds0017
2020-03-04,2.0,DOWN_STRENGTHENING,True,True,,,,,,,,ds0017
2020-03-05,2.0,DOWN_STRENGTHENING,True,True,,,,,,,,ds0017
2020-03-06,2.0,DOWN_STRENGTHENING,True,True,,,,,,,,ds0017
2020-03-09,4.0,SIDEWAYS,True,True,,,,,,,,ds0017
2020-03-10,2.0,DOWN_STRENGTHENING,True,True,,,,,,,,ds0017
2020-03-11,1.0,UP_WEAKENING,True,True,,,,,,,,ds0017
2020-03-12,0.0,UP_STRENGTHENING,True,True,,,,,,,,ds0017
2020-03-13,0.0,UP_STRENGTHENING,True,True,,,,,,,,ds0017
2020-03-16,0.0,UP_STRENGTHENING,True,True,,,,,,,,ds0017
2020-03-17,0.0,UP_STRENGTHENING,True,True,,,,,,,,ds0017
2020-03-18,0.0,UP_STRENGTHENING,True,True,,,,,,,,ds0017
2020-03-19,0.0,UP_STRENGTHENING,True,True,,,,,,,,ds0017
2020-03-20,0.0,UP_STRENGTHENING,True,True,,,,,,,,ds0017
2020-03-23,0.0,UP_STRENGTHENING,True,True,,,,,,,,ds0017
2020-03-24,0.0,UP_STRENGTHENING,True,True,,,,,,,,ds0017
2020-03-25,0.0,UP_STRENGTHENING,True,True,,,,,,,,ds0017
2020-03-26,0.0,UP_STRENGTHENING,True,True,,,,,,,,ds0017
2020-03-27,0.0,UP_STRENGTHENING,True,True,,,,,,,,ds0017
2020-03-30,0.0,UP_STRENGTHENING,True,True,,,,,,,,ds0017
2020-03-31,0.0,UP_STRENGTHENING,True,True,,,,,,,,ds0017
2020-04-01,0.0,UP_STRENGTHENING,True,True,,,,,,,,ds0017
2020-04-02,0.0,UP_STRENGTHENING,True,True,,,,,,,,ds0017
2020-04-03,0.0,UP_STRENGTHENING,True,True,,,,,,,,ds0017
2020-04-06,0.0,UP_STRENGTHENING,True,True,,,,,,,,ds0017
2020-04-07,0.0,UP_STRENGTHENING,True,True,,,,,,,,ds0017
2020-04-08,0.0,UP_STRENGTHENING,True,True,,,,,,,,ds0017
2020-04-09,0.0,UP_STRENGTHENING,True,True,,,,,,,,ds0017
2020-04-13,0.0,UP_STRENGTHENING,True,True,,,,,,,,ds0017
2020-04-14,0.0,UP_STRENGTHENING,True,True,,,,,,,,ds0017
2020-04-15,0.0,UP_STRENGTHENING,True,True,,,,,,,,ds0017
2020-04-16,0.0,UP_STRENGTHENING,True,True,,,,,,,,ds0017
2020-04-17,0.0,UP_STRENGTHENING,True,True,,,,,,,,ds0017
2020-04-20,0.0,UP_STRENGTHENING,True,True,,,,,,,,ds0017
2020-04-21,0.0,UP_STRENGTHENING,True,True,,,,,,,,ds0017
2020-04-22,0.0,UP_STRENGTHENING,True,True,,,,,,,,ds0017
2020-04-23,0.0,UP_STRENGTHENING,True,True,,,,,,,,ds0017
2020-04-24,0.0,UP_STRENGTHENING,True,True,,,,,,,,ds0017
2020-04-27,0.0,UP_STRENGTHENING,True,True,,,,,,,,ds0017
2020-04-28,0.0,UP_STRENGTHENING,True,True,,,,,,,,ds0017
2020-04-29,0.0,UP_STRENGTHENING,True,True,,,,,,,,ds0017
2020-04-30,0.0,UP_STRENGTHENING,True,False,,,,,,,,ds0017
2020-05-01,0.0,UP_STRENGTHENING,True,True,,,,,,,,ds0017
2020-05-04,0.0,UP_STRENGTHENING,True,False,,,,,,,,ds0017
2020-05-05,0.0,UP_STRENGTHENING,True,False,,,,,,,,ds0017
2020-05-06,0.0,UP_STRENGTHENING,True,False,,,,,,,,ds0017
2020-05-07,0.0,UP_STRENGTHENING,True,False,,,,,,,,ds0017
2020-05-08,0.0,UP_STRENGTHENING,True,False,,,,,,,,ds0017
2020-05-11,0.0,UP_STRENGTHENING,True,False,,,,,,,,ds0017
2020-05-12,0.0,UP_STRENGTHENING,True,False,,,,,,,,ds0017
2020-05-13,0.0,UP_STRENGTHENING,True,False,,,,,,,,ds0017
2020-05-14,0.0,UP_STRENGTHENING,True,False,,,,,,,,ds0017
2020-05-15,0.0,UP_STRENGTHENING,True,False,,,,,,,,ds0017
2020-05-18,0.0,UP_STRENGTHENING,True,False,,,,,,,,ds0017
2020-05-19,0.0,UP_STRENGTHENING,True,False,,,,,,,,ds0017
2020-05-20,0.0,UP_STRENGTHENING,True,False,,,,,,,,ds0017
2020-05-21,0.0,UP_STRENGTHENING,True,False,,,,,,,,ds0017
2020-05-22,0.0,UP_STRENGTHENING,True,False,,,,,,,,ds0017
2020-05-26,0.0,UP_STRENGTHENING,True,False,,,,,,,,ds0017
2020-05-27,0.0,UP_STRENGTHENING,True,False,,,,,,,,ds0017
2020-05-28,0.0,UP_STRENGTHENING,True,False,,,,,,,,ds0017
2020-05-29,1.0,UP_WEAKENING,True,False,,,,,,,,ds0017
2020-06-01,1.0,UP_WEAKENING,True,False,,,,,,,,ds0017
2020-06-02,1.0,UP_WEAKENING,True,False,,,,,,,,ds0017
2020-06-03,1.0,UP_WEAKENING,True,False,,,,,,,,ds0017
2020-06-04,1.0,UP_WEAKENING,True,False,,,,,,,,ds0017
2020-06-05,1.0,UP_WEAKENING,True,False,,,,,,,,ds0017
2020-06-08,1.0,UP_WEAKENING,True,False,,,,,,,,ds0017
2020-06-09,1.0,UP_WEAKENING,True,False,,,,,,,,ds0017
2020-06-10,1.0,UP_WEAKENING,True,False,,,,,,,,ds0017
2020-06-11,0.0,UP_STRENGTHENING,True,False,,,,,,,,ds0017
2020-06-12,1.0,UP_WEAKENING,True,False,,,,,,,,ds0017
2020-06-15,1.0,UP_WEAKENING,True,False,,,,,,,,ds0017
2020-06-16,1.0,UP_WEAKENING,True,False,,,,,,,,ds0017
2020-06-17,1.0,UP_WEAKENING,True,False,,,,,,,,ds0017
2020-06-18,1.0,UP_WEAKENING,True,False,,,,,,,,ds0017
2020-06-19,0.0,UP_STRENGTHENING,True,False,,,,,,,,ds0017
2020-06-22,1.0,UP_WEAKENING,True,False,,,,,,,,ds0017
2020-06-23,1.0,UP_WEAKENING,True,False,,,,,,,,ds0017
2020-06-24,1.0,UP_WEAKENING,True,False,,,,,,,,ds0017
2020-06-25,1.0,UP_WEAKENING,True,False,,,,,,,,ds0017
2020-06-26,1.0,UP_WEAKENING,True,False,,,,,,,,ds0017
2020-06-29,1.0,UP_WEAKENING,True,False,,,,,,,,ds0017
2020-06-30,1.0,UP_WEAKENING,True,False,,,,,,,,ds0017
2020-07-01,1.0,UP_WEAKENING,True,False,,,,,,,,ds0017
2020-07-02,1.0,UP_WEAKENING,True,False,,,,,,,,ds0017
2020-07-06,1.0,UP_WEAKENING,True,False,,,,,,,,ds0017
2020-07-07,1.0,UP_WEAKENING,True,False,,,,,,,,ds0017
2020-07-08,1.0,UP_WEAKENING,True,False,,,,,,,,ds0017
2020-07-09,1.0,UP_WEAKENING,True,False,,,,,,,,ds0017
2020-07-10,1.0,UP_WEAKENING,True,False,,,,,,,,ds0017
2020-07-13,1.0,UP_WEAKENING,True,False,,,,,,,,ds0017
2020-07-14,1.0,UP_WEAKENING,True,False,,,,,,,,ds0017
2020-07-15,1.0,UP_WEAKENING,True,False,,,,,,,,ds0017
2020-07-16,1.0,UP_WEAKENING,True,False,,,,,,,,ds0017
2020-07-17,1.0,UP_WEAKENING,True,False,,,,,,,,ds0017
2020-07-20,1.0,UP_WEAKENING,True,False,,,,,,,,ds0017
2020-07-21,1.0,UP_WEAKENING,True,False,,,,,,,,ds0017
2020-07-22,1.0,UP_WEAKENING,True,False,,,,,,,,ds0017
2020-07-23,0.0,UP_STRENGTHENING,True,False,,,,,,,,ds0017
2020-07-24,0.0,UP_STRENGTHENING,True,False,,,,,,,,ds0017
2020-07-27,0.0,UP_STRENGTHENING,True,False,,,,,,,,ds0017
2020-07-28,0.0,UP_STRENGTHENING,True,False,,,,,,,,ds0017
2020-07-29,0.0,UP_STRENGTHENING,True,False,,,,,,,,ds0017
2020-07-30,0.0,UP_STRENGTHENING,True,False,,,,,,,,ds0017
2020-07-31,0.0,UP_STRENGTHENING,True,False,,,,,,,,ds0017
2020-08-03,0.0,UP_STRENGTHENING,True,False,,,,,,,,ds0017
2020-08-04,0.0,UP_STRENGTHENING,True,False,,,,,,,,ds0017
2020-08-05,0.0,UP_STRENGTHENING,True,False,,,,,,,,ds0017
2020-08-06,1.0,UP_WEAKENING,True,False,,,,,,,,ds0017
2020-08-07,1.0,UP_WEAKENING,True,False,,,,,,,,ds0017
2020-08-10,4.0,SIDEWAYS,True,False,,,,,,,,ds0017
2020-08-11,0.0,UP_STRENGTHENING,True,False,,,,,,,,ds0017
2020-08-12,4.0,SIDEWAYS,True,False,,,,,,,,ds0017
2020-08-13,4.0,SIDEWAYS,True,False,,,,,,,,ds0017
2020-08-14,4.0,SIDEWAYS,True,False,,,,,,,,ds0017
2020-08-17,1.0,UP_WEAKENING,True,False,,,,,,,,ds0017
2020-08-18,2.0,DOWN_STRENGTHENING,True,False,,,,,,,,ds0017
2020-08-19,2.0,DOWN_STRENGTHENING,True,False,,,,,,,,ds0017
2020-08-20,2.0,DOWN_STRENGTHENING,True,False,,,,,,,,ds0017
2020-08-21,2.0,DOWN_STRENGTHENING,True,False,,,,,,,,ds0017
2020-08-24,2.0,DOWN_STRENGTHENING,True,False,,,,,,,,ds0017
2020-08-25,2.0,DOWN_STRENGTHENING,True,False,,,,,,,,ds0017
2020-08-26,2.0,DOWN_STRENGTHENING,True,False,,,,,,,,ds0017
2020-08-27,2.0,DOWN_STRENGTHENING,True,False,,,,,,,,ds0017
2020-08-28,2.0,DOWN_STRENGTHENING,True,False,,,,,,,,ds0017
2020-08-31,2.0,DOWN_STRENGTHENING,True,False,,,,,,,,ds0017
2020-09-01,2.0,DOWN_STRENGTHENING,True,False,,,,,,,,ds0017
2020-09-02,2.0,DOWN_STRENGTHENING,True,False,,,,,,,,ds0017
2020-09-03,2.0,DOWN_STRENGTHENING,True,False,,,,,,,,ds0017
2020-09-04,4.0,SIDEWAYS,True,False,,,,,,,,ds0017
2020-09-08,1.0,UP_WEAKENING,True,False,,,,,,,,ds0017
2020-09-09,4.0,SIDEWAYS,True,False,,,,,,,,ds0017
2020-09-10,1.0,UP_WEAKENING,True,False,,,,,,,,ds0017
2020-09-11,1.0,UP_WEAKENING,True,False,,,,,,,,ds0017
2020-09-14,1.0,UP_WEAKENING,True,False,,,,,,,,ds0017
2020-09-15,1.0,UP_WEAKENING,True,False,,,,,,,,ds0017
2020-09-16,1.0,UP_WEAKENING,True,False,,,,,,,,ds0017
2020-09-17,1.0,UP_WEAKENING,True,False,,,,,,,,ds0017
2020-09-18,0.0,UP_STRENGTHENING,True,False,,,,,,,,ds0017
2020-09-21,0.0,UP_STRENGTHENING,True,False,,,,,,,,ds0017
2020-09-22,1.0,UP_WEAKENING,True,False,,,,,,,,ds0017
2020-09-23,0.0,UP_STRENGTHENING,True,False,,,,,,,,ds0017
2020-09-24,0.0,UP_STRENGTHENING,True,False,,,,,,,,ds0017
2020-09-25,1.0,UP_WEAKENING,True,False,,,,,,,,ds0017
2020-09-28,4.0,SIDEWAYS,True,False,,,,,,,,ds0017
2020-09-29,1.0,UP_WEAKENING,True,False,,,,,,,,ds0017
2020-09-30,2.0,DOWN_STRENGTHENING,True,False,,,,,,,,ds0017
2020-10-01,2.0,DOWN_STRENGTHENING,True,False,,,,,,,,ds0017
2020-10-02,4.0,SIDEWAYS,True,False,,,,,,,,ds0017
2020-10-05,2.0,DOWN_STRENGTHENING,True,False,,,,,,,,ds0017
2020-10-06,4.0,SIDEWAYS,True,False,,,,,,,,ds0017
2020-10-07,0.0,UP_STRENGTHENING,True,False,,,,,,,,ds0017
2020-10-08,0.0,UP_STRENGTHENING,True,False,,,,,,,,ds0017
2020-10-09,1.0,UP_WEAKENING,True,False,,,,,,,,ds0017
2020-10-12,2.0,DOWN_STRENGTHENING,True,False,,,,,,,,ds0017
2020-10-13,2.0,DOWN_STRENGTHENING,True,False,,,,,,,,ds0017
2020-10-14,4.0,SIDEWAYS,True,False,,,,,,,,ds0017
2020-10-15,4.0,SIDEWAYS,True,False,,,,,,,,ds0017
2020-10-16,4.0,SIDEWAYS,True,False,,,,,,,,ds0017
2020-10-19,1.0,UP_WEAKENING,True,False,,,,,,,,ds0017
2020-10-20,1.0,UP_WEAKENING,True,False,,,,,,,,ds0017
2020-10-21,1.0,UP_WEAKENING,True,False,,,,,,,,ds0017
2020-10-22,1.0,UP_WEAKENING,True,False,,,,,,,,ds0017
2020-10-23,1.0,UP_WEAKENING,True,False,,,,,,,,ds0017
2020-10-26,1.0,UP_WEAKENING,True,False,,,,,,,,ds0017
2020-10-27,1.0,UP_WEAKENING,True,False,,,,,,,,ds0017
2020-10-28,0.0,UP_STRENGTHENING,True,False,,,,,,,,ds0017
2020-10-29,0.0,UP_STRENGTHENING,True,False,,,,,,,,ds0017
2020-10-30,0.0,UP_STRENGTHENING,True,False,,,,,,,,ds0017
2020-11-02,0.0,UP_STRENGTHENING,True,False,,,,,,,,ds0017
2020-11-03,0.0,UP_STRENGTHENING,True,False,,,,,,,,ds0017
2020-11-04,0.0,UP_STRENGTHENING,True,False,,,,,,,,ds0017
2020-11-05,0.0,UP_STRENGTHENING,True,False,,,,,,,,ds0017
2020-11-06,0.0,UP_STRENGTHENING,True,False,,,,,,,,ds0017
2020-11-09,0.0,UP_STRENGTHENING,True,False,,,,,,,,ds0017
2020-11-10,0.0,UP_STRENGTHENING,True,False,,,,,,,,ds0017
2020-11-11,0.0,UP_STRENGTHENING,True,False,,,,,,,,ds0017
2020-11-12,0.0,UP_STRENGTHENING,True,False,,,,,,,,ds0017
2020-11-13,0.0,UP_STRENGTHENING,True,False,,,,,,,,ds0017
2020-11-16,0.0,UP_STRENGTHENING,True,False,,,,,,,,ds0017
2020-11-17,0.0,UP_STRENGTHENING,True,False,,,,,,,,ds0017
2020-11-18,0.0,UP_STRENGTHENING,True,False,,,,,,,,ds0017
2020-11-19,0.0,UP_STRENGTHENING,True,False,,,,,,,,ds0017
2020-11-20,0.0,UP_STRENGTHENING,True,False,,,,,,,,ds0017
2020-11-23,0.0,UP_STRENGTHENING,True,False,,,,,,,,ds0017
2020-11-24,0.0,UP_STRENGTHENING,True,False,,,,,,,,ds0017
2020-11-25,0.0,UP_STRENGTHENING,True,False,,,,,,,,ds0017
2020-11-27,0.0,UP_STRENGTHENING,True,False,,,,,,,,ds0017
2020-11-30,0.0,UP_STRENGTHENING,True,False,,,,,,,,ds0017
2020-12-01,1.0,UP_WEAKENING,True,False,,,,,,,,ds0017
2020-12-02,1.0,UP_WEAKENING,True,False,,,,,,,,ds0017
2020-12-03,1.0,UP_WEAKENING,True,False,,,,,,,,ds0017
2020-12-04,1.0,UP_WEAKENING,True,False,,,,,,,,ds0017
2020-12-07,4.0,SIDEWAYS,True,False,,,,,,,,ds0017
2020-12-08,1.0,UP_WEAKENING,True,False,,,,,,,,ds0017
2020-12-09,0.0,UP_STRENGTHENING,True,False,,,,,,,,ds0017
2020-12-10,0.0,UP_STRENGTHENING,True,False,,,,,,,,ds0017
2020-12-11,0.0,UP_STRENGTHENING,True,False,,,,,,,,ds0017
2020-12-14,0.0,UP_STRENGTHENING,True,False,,,,,,,,ds0017
2020-12-15,1.0,UP_WEAKENING,True,False,,,,,,,,ds0017
2020-12-16,1.0,UP_WEAKENING,True,False,,,,,,,,ds0017
2020-12-17,1.0,UP_WEAKENING,True,False,,,,,,,,ds0017
2020-12-18,0.0,UP_STRENGTHENING,True,False,,,,,,,,ds0017
2020-12-21,0.0,UP_STRENGTHENING,True,False,,,,,,,,ds0017
2020-12-22,0.0,UP_STRENGTHENING,True,False,,,,,,,,ds0017
2020-12-23,0.0,UP_STRENGTHENING,True,False,,,,,,,,ds0017
2020-12-24,0.0,UP_STRENGTHENING,True,False,,,,,,,,ds0017
2020-12-28,1.0,UP_WEAKENING,True,False,,,,,,,,ds0017
2020-12-29,0.0,UP_STRENGTHENING,True,False,,,,,,,,ds0017
2020-12-30,4.0,SIDEWAYS,True,False,,,,,,,,ds0017
2020-12-31,1.0,UP_WEAKENING,True,False,,,,,,,,ds0017
2021-01-04,0.0,UP_STRENGTHENING,True,False,,,,,,,,ds0017
2021-01-05,0.0,UP_STRENGTHENING,True,False,,,,,,,,ds0017
2021-01-06,0.0,UP_STRENGTHENING,True,False,,,,,,,,ds0017
2021-01-07,0.0,UP_STRENGTHENING,True,False,,,,,,,,ds0017
2021-01-08,0.0,UP_STRENGTHENING,True,False,,,,,,,,ds0017
2021-01-11,0.0,UP_STRENGTHENING,True,False,,,,,,,,ds0017
2021-01-12,0.0,UP_STRENGTHENING,True,False,,,,,,,,ds0017
2021-01-13,0.0,UP_STRENGTHENING,True,False,,,,,,,,ds0017
2021-01-14,0.0,UP_STRENGTHENING,True,False,,,,,,,,ds0017
2021-01-15,0.0,UP_STRENGTHENING,True,False,,,,,,,,ds0017
2021-01-19,0.0,UP_STRENGTHENING,True,False,,,,,,,,ds0017
2021-01-20,1.0,UP_WEAKENING,True,False,,,,,,,,ds0017
2021-01-21,1.0,UP_WEAKENING,True,False,,,,,,,,ds0017
2021-01-22,4.0,SIDEWAYS,True,False,,,,,,,,ds0017
2021-01-25,2.0,DOWN_STRENGTHENING,True,False,,,,,,,,ds0017
2021-01-26,2.0,DOWN_STRENGTHENING,True,False,,,,,,,,ds0017
2021-01-27,2.0,DOWN_STRENGTHENING,True,False,,,,,,,,ds0017
2021-01-28,2.0,DOWN_STRENGTHENING,True,False,,,,,,,,ds0017
2021-01-29,1.0,UP_WEAKENING,True,False,,,,,,,,ds0017
2021-02-01,4.0,SIDEWAYS,True,False,,,,,,,,ds0017
2021-02-02,2.0,DOWN_STRENGTHENING,True,False,,,,,,,,ds0017
2021-02-03,2.0,DOWN_STRENGTHENING,True,False,,,,,,,,ds0017
2021-02-04,2.0,DOWN_STRENGTHENING,True,False,,,,,,,,ds0017
2021-02-05,2.0,DOWN_STRENGTHENING,True,False,,,,,,,,ds0017
2021-02-08,2.0,DOWN_STRENGTHENING,True,False,,,,,,,,ds0017
2021-02-09,2.0,DOWN_STRENGTHENING,True,False,,,,,,,,ds0017
2021-02-10,2.0,DOWN_STRENGTHENING,True,False,,,,,,,,ds0017
2021-02-11,2.0,DOWN_STRENGTHENING,True,False,,,,,,,,ds0017
2021-02-12,2.0,DOWN_STRENGTHENING,True,False,,,,,,,,ds0017
2021-02-16,2.0,DOWN_STRENGTHENING,True,False,,,,,,,,ds0017
2021-02-17,2.0,DOWN_STRENGTHENING,True,False,,,,,,,,ds0017
2021-02-18,2.0,DOWN_STRENGTHENING,True,False,,,,,,,,ds0017
2021-02-19,2.0,DOWN_STRENGTHENING,True,False,,,,,,,,ds0017
2021-02-22,4.0,SIDEWAYS,True,False,,,,,,,,ds0017
2021-02-23,2.0,DOWN_STRENGTHENING,True,False,,,,,,,,ds0017
2021-02-24,2.0,DOWN_STRENGTHENING,True,False,,,,,,,,ds0017
2021-02-25,4.0,SIDEWAYS,True,False,,,,,,,,ds0017
2021-02-26,4.0,SIDEWAYS,True,False,,,,,,,,ds0017
2021-03-01,2.0,DOWN_STRENGTHENING,True,False,,,,,,,,ds0017
2021-03-02,4.0,SIDEWAYS,True,False,,,,,,,,ds0017
2021-03-03,1.0,UP_WEAKENING,True,False,,,,,,,,ds0017
2021-03-04,0.0,UP_STRENGTHENING,True,False,,,,,,,,ds0017
2021-03-05,1.0,UP_WEAKENING,True,False,,,,,,,,ds0017
2021-03-08,0.0,UP_STRENGTHENING,True,False,,,,,,,,ds0017
2021-03-09,1.0,UP_WEAKENING,True,False,,,,,,,,ds0017
2021-03-10,1.0,UP_WEAKENING,True,False,,,,,,,,ds0017
2021-03-11,1.0,UP_WEAKENING,True,False,,,,,,,,ds0017
2021-03-12,0.0,UP_STRENGTHENING,True,False,,,,,,,,ds0017
2021-03-15,0.0,UP_STRENGTHENING,True,False,,,,,,,,ds0017
2021-03-16,0.0,UP_STRENGTHENING,True,False,,,,,,,,ds0017
2021-03-17,0.0,UP_STRENGTHENING,True,False,,,,,,,,ds0017
2021-03-18,0.0,UP_STRENGTHENING,True,False,,,,,,,,ds0017
2021-03-19,0.0,UP_STRENGTHENING,True,False,,,,,,,,ds0017
2021-03-22,0.0,UP_STRENGTHENING,True,False,,,,,,,,ds0017
2021-03-23,0.0,UP_STRENGTHENING,True,False,,,,,,,,ds0017
2021-03-24,0.0,UP_STRENGTHENING,True,False,,,,,,,,ds0017
2021-03-25,0.0,UP_STRENGTHENING,True,False,,,,,,,,ds0017
2021-03-26,0.0,UP_STRENGTHENING,True,False,,,,,,,,ds0017
2021-03-29,0.0,UP_STRENGTHENING,True,False,,,,,,,,ds0017
2021-03-30,0.0,UP_STRENGTHENING,True,False,,,,,,,,ds0017
2021-03-31,0.0,UP_STRENGTHENING,True,False,,,,,,,,ds0017
2021-04-01,0.0,UP_STRENGTHENING,True,False,,,,,,,,ds0017
2021-04-05,0.0,UP_STRENGTHENING,True,False,,,,,,,,ds0017
2021-04-06,4.0,SIDEWAYS,True,False,,,,,,,,ds0017
2021-04-07,4.0,SIDEWAYS,True,False,,,,,,,,ds0017
2021-04-08,4.0,SIDEWAYS,True,False,,,,,,,,ds0017
2021-04-09,4.0,SIDEWAYS,True,False,,,,,,,,ds0017
2021-04-12,2.0,DOWN_STRENGTHENING,True,False,,,,,,,,ds0017
2021-04-13,2.0,DOWN_STRENGTHENING,True,False,,,,,,,,ds0017
2021-04-14,2.0,DOWN_STRENGTHENING,True,False,,,,,,,,ds0017
2021-04-15,2.0,DOWN_STRENGTHENING,True,False,,,,,,,,ds0017
2021-04-16,2.0,DOWN_STRENGTHENING,True,False,,,,,,,,ds0017
2021-04-19,2.0,DOWN_STRENGTHENING,True,False,,,,,,,,ds0017
2021-04-20,2.0,DOWN_STRENGTHENING,True,False,,,,,,,,ds0017
2021-04-21,2.0,DOWN_STRENGTHENING,True,False,,,,,,,,ds0017
2021-04-22,2.0,DOWN_STRENGTHENING,True,False,,,,,,,,ds0017
2021-04-23,2.0,DOWN_STRENGTHENING,True,False,,,,,,,,ds0017
2021-04-26,2.0,DOWN_STRENGTHENING,True,False,,,,,,,,ds0017
2021-04-27,2.0,DOWN_STRENGTHENING,True,False,,,,,,,,ds0017
2021-04-28,2.0,DOWN_STRENGTHENING,True,False,,,,,,,,ds0017
2021-04-29,2.0,DOWN_STRENGTHENING,True,False,,,,,,,,ds0017
2021-04-30,2.0,DOWN_STRENGTHENING,True,False,,,,,,,,ds0017
2021-05-03,2.0,DOWN_STRENGTHENING,True,False,,,,,,,,ds0017
2021-05-04,0.0,UP_STRENGTHENING,True,False,,,,,,,,ds0017
2021-05-05,4.0,SIDEWAYS,True,False,,,,,,,,ds0017
2021-05-06,1.0,UP_WEAKENING,True,False,,,,,,,,ds0017
2021-05-07,4.0,SIDEWAYS,True,False,,,,,,,,ds0017
2021-05-10,0.0,UP_STRENGTHENING,True,False,,,,,,,,ds0017
2021-05-11,0.0,UP_STRENGTHENING,True,False,,,,,,,,ds0017
2021-05-12,0.0,UP_STRENGTHENING,True,False,,,,,,,,ds0017
2021-05-13,0.0,UP_STRENGTHENING,True,False,,,,,,,,ds0017
2021-05-14,0.0,UP_STRENGTHENING,True,False,,,,,,,,ds0017
2021-05-17,0.0,UP_STRENGTHENING,True,False,,,,,,,,ds0017
2021-05-18,0.0,UP_STRENGTHENING,True,False,,,,,,,,ds0017
2021-05-19,0.0,UP_STRENGTHENING,True,False,,,,,,,,ds0017
2021-05-20,0.0,UP_STRENGTHENING,True,False,,,,,,,,ds0017
2021-05-21,0.0,UP_STRENGTHENING,True,False,,,,,,,,ds0017
2021-05-24,0.0,UP_STRENGTHENING,True,False,,,,,,,,ds0017
2021-05-25,0.0,UP_STRENGTHENING,True,False,,,,,,,,ds0017
2021-05-26,0.0,UP_STRENGTHENING,True,False,,,,,,,,ds0017
2021-05-27,0.0,UP_STRENGTHENING,True,False,,,,,,,,ds0017
2021-05-28,0.0,UP_STRENGTHENING,True,False,,,,,,,,ds0017
2021-06-01,0.0,UP_STRENGTHENING,True,False,,,,,,,,ds0017
2021-06-02,0.0,UP_STRENGTHENING,True,False,,,,,,,,ds0017
2021-06-03,0.0,UP_STRENGTHENING,True,False,,,,,,,,ds0017
2021-06-04,0.0,UP_STRENGTHENING,True,False,,,,,,,,ds0017
2021-06-07,0.0,UP_STRENGTHENING,True,False,,,,,,,,ds0017
2021-06-08,0.0,UP_STRENGTHENING,True,False,,,,,,,,ds0017
2021-06-09,0.0,UP_STRENGTHENING,True,False,,,,,,,,ds0017
2021-06-10,0.0,UP_STRENGTHENING,True,False,,,,,,,,ds0017
2021-06-11,0.0,UP_STRENGTHENING,True,False,,,,,,,,ds0017
2021-06-14,0.0,UP_STRENGTHENING,True,False,,,,,,,,ds0017
2021-06-15,0.0,UP_STRENGTHENING,True,False,,,,,,,,ds0017
2021-06-16,0.0,UP_STRENGTHENING,True,False,,,,,,,,ds0017
2021-06-17,0.0,UP_STRENGTHENING,True,False,,,,,,,,ds0017
2021-06-18,0.0,UP_STRENGTHENING,True,False,,,,,,,,ds0017
2021-06-21,0.0,UP_STRENGTHENING,True,False,,,,,,,,ds0017
2021-06-22,0.0,UP_STRENGTHENING,True,False,,,,,,,,ds0017
2021-06-23,0.0,UP_STRENGTHENING,True,False,,,,,,,,ds0017
2021-06-24,0.0,UP_STRENGTHENING,True,False,,,,,,,,ds0017
2021-06-25,0.0,UP_STRENGTHENING,True,False,,,,,,,,ds0017
2021-06-28,0.0,UP_STRENGTHENING,True,False,,,,,,,,ds0017
2021-06-29,0.0,UP_STRENGTHENING,True,False,,,,,,,,ds0017
2021-06-30,0.0,UP_STRENGTHENING,True,False,,,,,,,,ds0017
2021-07-01,0.0,UP_STRENGTHENING,True,False,,,,,,,,ds0017
2021-07-02,0.0,UP_STRENGTHENING,True,False,,,,,,,,ds0017
2021-07-06,0.0,UP_STRENGTHENING,True,False,,,,,,,,ds0017
2021-07-07,0.0,UP_STRENGTHENING,True,False,,,,,,,,ds0017
2021-07-08,0.0,UP_STRENGTHENING,True,False,,,,,,,,ds0017
2021-07-09,0.0,UP_STRENGTHENING,True,False,,,,,,,,ds0017
2021-07-12,0.0,UP_STRENGTHENING,True,False,,,,,,,,ds0017
2021-07-13,0.0,UP_STRENGTHENING,True,False,,,,,,,,ds0017
2021-07-14,0.0,UP_STRENGTHENING,True,False,,,,,,,,ds0017
2021-07-15,0.0,UP_STRENGTHENING,True,False,,,,,,,,ds0017
2021-07-16,0.0,UP_STRENGTHENING,True,False,,,,,,,,ds0017
2021-07-19,0.0,UP_STRENGTHENING,True,False,,,,,,,,ds0017
2021-07-20,0.0,UP_STRENGTHENING,True,False,,,,,,,,ds0017
2021-07-21,4.0,SIDEWAYS,True,False,,,,,,,,ds0017
2021-07-22,4.0,SIDEWAYS,True,False,,,,,,,,ds0017
2021-07-23,4.0,SIDEWAYS,True,False,,,,,,,,ds0017
2021-07-26,0.0,UP_STRENGTHENING,True,False,,,,,,,,ds0017
2021-07-27,0.0,UP_STRENGTHENING,True,False,,,,,,,,ds0017
2021-07-28,0.0,UP_STRENGTHENING,True,False,,,,,,,,ds0017
2021-07-29,0.0,UP_STRENGTHENING,True,False,,,,,,,,ds0017
2021-07-30,0.0,UP_STRENGTHENING,True,False,,,,,,,,ds0017
2021-08-02,0.0,UP_STRENGTHENING,True,False,,,,,,,,ds0017
2021-08-03,0.0,UP_STRENGTHENING,True,False,,,,,,,,ds0017
2021-08-04,0.0,UP_STRENGTHENING,True,False,,,,,,,,ds0017
2021-08-05,0.0,UP_STRENGTHENING,True,False,,,,,,,,ds0017
2021-08-06,0.0,UP_STRENGTHENING,True,False,,,,,,,,ds0017
2021-08-09,0.0,UP_STRENGTHENING,True,False,,,,,,,,ds0017
2021-08-10,0.0,UP_STRENGTHENING,True,False,,,,,,,,ds0017
2021-08-11,0.0,UP_STRENGTHENING,True,False,,,,,,,,ds0017
2021-08-12,0.0,UP_STRENGTHENING,True,False,,,,,,,,ds0017
2021-08-13,1.0,UP_WEAKENING,True,False,,,,,,,,ds0017
2021-08-16,0.0,UP_STRENGTHENING,True,False,,,,,,,,ds0017
2021-08-17,0.0,UP_STRENGTHENING,True,False,,,,,,,,ds0017
2021-08-18,0.0,UP_STRENGTHENING,True,False,,,,,,,,ds0017
2021-08-19,0.0,UP_STRENGTHENING,True,False,,,,,,,,ds0017
2021-08-20,4.0,SIDEWAYS,True,False,,,,,,,,ds0017
2021-08-23,2.0,DOWN_STRENGTHENING,True,False,,,,,,,,ds0017
2021-08-24,2.0,DOWN_STRENGTHENING,True,False,,,,,,,,ds0017
2021-08-25,4.0,SIDEWAYS,True,False,,,,,,,,ds0017
2021-08-26,4.0,SIDEWAYS,True,False,,,,,,,,ds0017
2021-08-27,2.0,DOWN_STRENGTHENING,True,False,,,,,,,,ds0017
2021-08-30,2.0,DOWN_STRENGTHENING,True,False,,,,,,,,ds0017
2021-08-31,2.0,DOWN_STRENGTHENING,True,False,,,,,,,,ds0017
2021-09-01,2.0,DOWN_STRENGTHENING,True,False,,,,,,,,ds0017
2021-09-02,2.0,DOWN_STRENGTHENING,True,False,,,,,,,,ds0017
2021-09-03,2.0,DOWN_STRENGTHENING,True,False,,,,,,,,ds0017
2021-09-07,2.0,DOWN_STRENGTHENING,True,False,,,,,,,,ds0017
2021-09-08,2.0,DOWN_STRENGTHENING,True,False,,,,,,,,ds0017
2021-09-09,2.0,DOWN_STRENGTHENING,True,False,,,,,,,,ds0017
2021-09-10,2.0,DOWN_STRENGTHENING,True,False,,,,,,,,ds0017
2021-09-13,2.0,DOWN_STRENGTHENING,True,False,,,,,,,,ds0017
2021-09-14,2.0,DOWN_STRENGTHENING,True,False,,,,,,,,ds0017
2021-09-15,2.0,DOWN_STRENGTHENING,True,False,,,,,,,,ds0017
2021-09-16,2.0,DOWN_STRENGTHENING,True,False,,,,,,,,ds0017
2021-09-17,2.0,DOWN_STRENGTHENING,True,False,,,,,,,,ds0017
2021-09-20,1.0,UP_WEAKENING,True,False,,,,,,,,ds0017
2021-09-21,1.0,UP_WEAKENING,True,False,,,,,,,,ds0017
2021-09-22,1.0,UP_WEAKENING,True,False,,,,,,,,ds0017
2021-09-23,1.0,UP_WEAKENING,True,False,,,,,,,,ds0017
2021-09-24,4.0,SIDEWAYS,True,False,,,,,,,,ds0017
2021-09-27,1.0,UP_WEAKENING,True,False,,,,,,,,ds0017
2021-09-28,1.0,UP_WEAKENING,True,False,,,,,,,,ds0017
2021-09-29,0.0,UP_STRENGTHENING,True,False,,,,,,,,ds0017
2021-09-30,0.0,UP_STRENGTHENING,True,False,,,,,,,,ds0017
2021-10-01,0.0,UP_STRENGTHENING,True,False,,,,,,,,ds0017
2021-10-04,0.0,UP_STRENGTHENING,True,False,,,,,,,,ds0017
2021-10-05,0.0,UP_STRENGTHENING,True,False,,,,,,,,ds0017
2021-10-06,0.0,UP_STRENGTHENING,True,False,,,,,,,,ds0017
2021-10-07,0.0,UP_STRENGTHENING,True,False,,,,,,,,ds0017
2021-10-08,0.0,UP_STRENGTHENING,True,False,,,,,,,,ds0017
2021-10-11,0.0,UP_STRENGTHENING,True,False,,,,,,,,ds0017
2021-10-12,0.0,UP_STRENGTHENING,True,False,,,,,,,,ds0017
2021-10-13,0.0,UP_STRENGTHENING,True,False,,,,,,,,ds0017
2021-10-14,0.0,UP_STRENGTHENING,True,False,,,,,,,,ds0017
2021-10-15,0.0,UP_STRENGTHENING,True,False,,,,,,,,ds0017
2021-10-18,0.0,UP_STRENGTHENING,True,False,,,,,,,,ds0017
2021-10-19,0.0,UP_STRENGTHENING,True,False,,,,,,,,ds0017
2021-10-20,0.0,UP_STRENGTHENING,True,False,,,,,,,,ds0017
2021-10-21,0.0,UP_STRENGTHENING,True,False,,,,,,,,ds0017
2021-10-22,0.0,UP_STRENGTHENING,True,False,,,,,,,,ds0017
2021-10-25,0.0,UP_STRENGTHENING,True,False,,,,,,,,ds0017
2021-10-26,0.0,UP_STRENGTHENING,True,False,,,,,,,,ds0017
2021-10-27,0.0,UP_STRENGTHENING,True,False,,,,,,,,ds0017
2021-10-28,0.0,UP_STRENGTHENING,True,False,,,,,,,,ds0017
2021-10-29,0.0,UP_STRENGTHENING,True,False,,,,,,,,ds0017
2021-11-01,0.0,UP_STRENGTHENING,True,False,,,,,,,,ds0017
2021-11-02,4.0,SIDEWAYS,True,False,,,,,,,,ds0017
2021-11-03,2.0,DOWN_STRENGTHENING,True,False,,,,,,,,ds0017
2021-11-04,2.0,DOWN_STRENGTHENING,True,False,,,,,,,,ds0017
2021-11-05,2.0,DOWN_STRENGTHENING,True,False,,,,,,,,ds0017
2021-11-08,4.0,SIDEWAYS,True,False,,,,,,,,ds0017
2021-11-09,0.0,UP_STRENGTHENING,True,False,,,,,,,,ds0017
2021-11-10,0.0,UP_STRENGTHENING,True,False,,,,,,,,ds0017
2021-11-11,0.0,UP_STRENGTHENING,True,False,,,,,,,,ds0017
2021-11-12,4.0,SIDEWAYS,True,False,,,,,,,,ds0017
2021-11-15,2.0,DOWN_STRENGTHENING,True,False,,,,,,,,ds0017
2021-11-16,4.0,SIDEWAYS,True,False,,,,,,,,ds0017
2021-11-17,2.0,DOWN_STRENGTHENING,True,False,,,,,,,,ds0017
2021-11-18,2.0,DOWN_STRENGTHENING,True,False,,,,,,,,ds0017
2021-11-19,2.0,DOWN_STRENGTHENING,True,False,,,,,,,,ds0017
2021-11-22,2.0,DOWN_STRENGTHENING,True,False,,,,,,,,ds0017
2021-11-23,2.0,DOWN_STRENGTHENING,True,False,,,,,,,,ds0017
2021-11-24,4.0,SIDEWAYS,True,False,,,,,,,,ds0017
2021-11-26,0.0,UP_STRENGTHENING,True,False,,,,,,,,ds0017
2021-11-29,4.0,SIDEWAYS,True,False,,,,,,,,ds0017
2021-11-30,0.0,UP_STRENGTHENING,True,False,,,,,,,,ds0017
2021-12-01,0.0,UP_STRENGTHENING,True,False,,,,,,,,ds0017
2021-12-02,1.0,UP_WEAKENING,True,False,,,,,,,,ds0017
2021-12-03,0.0,UP_STRENGTHENING,True,False,,,,,,,,ds0017
2021-12-06,1.0,UP_WEAKENING,True,False,,,,,,,,ds0017
2021-12-07,2.0,DOWN_STRENGTHENING,True,True,,,,,,,,ds0017
2021-12-08,2.0,DOWN_STRENGTHENING,True,True,,,,,,,,ds0017
2021-12-09,2.0,DOWN_STRENGTHENING,True,True,,,,,,,,ds0017
2021-12-10,2.0,DOWN_STRENGTHENING,True,True,,,,,,,,ds0017
2021-12-13,2.0,DOWN_STRENGTHENING,True,True,,,,,,,,ds0017
2021-12-14,4.0,SIDEWAYS,True,True,,,,,,,,ds0017
2021-12-15,2.0,DOWN_STRENGTHENING,True,True,,,,,,,,ds0017
2021-12-16,2.0,DOWN_STRENGTHENING,True,True,,,,,,,,ds0017
2021-12-17,2.0,DOWN_STRENGTHENING,True,True,,,,,,,,ds0017
2021-12-20,2.0,DOWN_STRENGTHENING,True,True,,,,,,,,ds0017
2021-12-21,2.0,DOWN_STRENGTHENING,True,True,,,,,,,,ds0017
2021-12-22,2.0,DOWN_STRENGTHENING,True,True,,,,,,,,ds0017
2021-12-23,2.0,DOWN_STRENGTHENING,True,True,,,,,,,,ds0017
2021-12-27,2.0,DOWN_STRENGTHENING,True,True,,,,,,,,ds0017
2021-12-28,2.0,DOWN_STRENGTHENING,True,True,,,,,,,,ds0017
2021-12-29,2.0,DOWN_STRENGTHENING,True,True,,,,,,,,ds0017
2021-12-30,2.0,DOWN_STRENGTHENING,True,True,,,,,,,,ds0017
2021-12-31,2.0,DOWN_STRENGTHENING,True,True,,,,,,,,ds0017
2022-01-03,2.0,DOWN_STRENGTHENING,True,False,,,,,,,,ds0017
2022-01-04,2.0,DOWN_STRENGTHENING,True,False,,,,,,,,ds0017
2022-01-05,2.0,DOWN_STRENGTHENING,True,False,,,,,,,,ds0017
2022-01-06,2.0,DOWN_STRENGTHENING,True,False,,,,,,,,ds0017
2022-01-07,2.0,DOWN_STRENGTHENING,True,False,,,,,,,,ds0017
2022-01-10,2.0,DOWN_STRENGTHENING,True,False,,,,,,,,ds0017
2022-01-11,2.0,DOWN_STRENGTHENING,True,False,,,,,,,,ds0017
2022-01-12,2.0,DOWN_STRENGTHENING,True,False,,,,,,,,ds0017
2022-01-13,2.0,DOWN_STRENGTHENING,True,False,,,,,,,,ds0017
2022-01-14,2.0,DOWN_STRENGTHENING,True,False,,,,,,,,ds0017
2022-01-18,2.0,DOWN_STRENGTHENING,True,True,,,,,,,,ds0017
2022-01-19,2.0,DOWN_STRENGTHENING,True,True,,,,,,,,ds0017
2022-01-20,2.0,DOWN_STRENGTHENING,True,True,,,,,,,,ds0017
2022-01-21,2.0,DOWN_STRENGTHENING,True,True,,,,,,,,ds0017
2022-01-24,2.0,DOWN_STRENGTHENING,True,True,,,,,,,,ds0017
2022-01-25,2.0,DOWN_STRENGTHENING,True,True,,,,,,,,ds0017
2022-01-26,4.0,SIDEWAYS,True,True,,,,,,,,ds0017
2022-01-27,0.0,UP_STRENGTHENING,True,True,,,,,,,,ds0017
2022-01-28,3.0,DOWN_WEAKENING,True,True,,,,,,,,ds0017
2022-01-31,2.0,DOWN_STRENGTHENING,True,True,,,,,,,,ds0017
2022-02-01,2.0,DOWN_STRENGTHENING,True,True,,,,,,,,ds0017
2022-02-02,2.0,DOWN_STRENGTHENING,True,True,,,,,,,,ds0017
2022-02-03,2.0,DOWN_STRENGTHENING,True,True,,,,,,,,ds0017
2022-02-04,2.0,DOWN_STRENGTHENING,True,True,,,,,,,,ds0017
2022-02-07,2.0,DOWN_STRENGTHENING,True,True,,,,,,,,ds0017
2022-02-08,2.0,DOWN_STRENGTHENING,True,True,,,,,,,,ds0017
2022-02-09,2.0,DOWN_STRENGTHENING,True,True,,,,,,,,ds0017
2022-02-10,2.0,DOWN_STRENGTHENING,True,True,,,,,,,,ds0017
2022-02-11,2.0,DOWN_STRENGTHENING,True,True,,,,,,,,ds0017
2022-02-14,3.0,DOWN_WEAKENING,True,True,,,,,,,,ds0017
2022-02-15,3.0,DOWN_WEAKENING,True,True,,,,,,,,ds0017
2022-02-16,3.0,DOWN_WEAKENING,True,True,,,,,,,,ds0017
2022-02-17,4.0,SIDEWAYS,True,True,,,,,,,,ds0017
2022-02-18,0.0,UP_STRENGTHENING,True,True,,,,,,,,ds0017
2022-02-22,0.0,UP_STRENGTHENING,True,True,,,,,,,,ds0017
2022-02-23,0.0,UP_STRENGTHENING,True,True,,,,,,,,ds0017
2022-02-24,0.0,UP_STRENGTHENING,True,True,,,,,,,,ds0017
2022-02-25,0.0,UP_STRENGTHENING,True,True,,,,,,,,ds0017
2022-02-28,0.0,UP_STRENGTHENING,True,True,,,,,,,,ds0017
2022-03-01,0.0,UP_STRENGTHENING,True,True,,,,,,,,ds0017
2022-03-02,0.0,UP_STRENGTHENING,True,True,,,,,,,,ds0017
2022-03-03,0.0,UP_STRENGTHENING,True,True,,,,,,,,ds0017
2022-03-04,0.0,UP_STRENGTHENING,True,True,,,,,,,,ds0017
2022-03-07,0.0,UP_STRENGTHENING,True,True,,,,,,,,ds0017
2022-03-08,0.0,UP_STRENGTHENING,True,True,,,,,,,,ds0017
2022-03-09,0.0,UP_STRENGTHENING,True,True,,,,,,,,ds0017
2022-03-10,0.0,UP_STRENGTHENING,True,True,,,,,,,,ds0017
2022-03-11,0.0,UP_STRENGTHENING,True,True,,,,,,,,ds0017
2022-03-14,0.0,UP_STRENGTHENING,True,True,,,,,,,,ds0017
2022-03-15,0.0,UP_STRENGTHENING,True,True,,,,,,,,ds0017
2022-03-16,4.0,SIDEWAYS,True,True,,,,,,,,ds0017
2022-03-17,4.0,SIDEWAYS,True,True,,,,,,,,ds0017
2022-03-18,3.0,DOWN_WEAKENING,True,True,,,,,,,,ds0017
2022-03-21,4.0,SIDEWAYS,True,True,,,,,,,,ds0017
2022-03-22,3.0,DOWN_WEAKENING,True,True,,,,,,,,ds0017
2022-03-23,3.0,DOWN_WEAKENING,True,True,,,,,,,,ds0017
2022-03-24,2.0,DOWN_STRENGTHENING,True,True,,,,,,,,ds0017
2022-03-25,2.0,DOWN_STRENGTHENING,True,True,,,,,,,,ds0017
2022-03-28,2.0,DOWN_STRENGTHENING,True,True,,,,,,,,ds0017
2022-03-29,2.0,DOWN_STRENGTHENING,True,True,,,,,,,,ds0017
2022-03-30,2.0,DOWN_STRENGTHENING,True,True,,,,,,,,ds0017
2022-03-31,2.0,DOWN_STRENGTHENING,True,True,,,,,,,,ds0017
2022-04-01,2.0,DOWN_STRENGTHENING,True,True,,,,,,,,ds0017
2022-04-04,2.0,DOWN_STRENGTHENING,True,False,,,,,,,,ds0017
2022-04-05,2.0,DOWN_STRENGTHENING,True,True,,,,,,,,ds0017
2022-04-06,2.0,DOWN_STRENGTHENING,True,True,,,,,,,,ds0017
2022-04-07,2.0,DOWN_STRENGTHENING,True,True,,,,,,,,ds0017
2022-04-08,2.0,DOWN_STRENGTHENING,True,True,,,,,,,,ds0017
2022-04-11,2.0,DOWN_STRENGTHENING,True,True,,,,,,,,ds0017
2022-04-12,2.0,DOWN_STRENGTHENING,True,True,,,,,,,,ds0017
2022-04-13,2.0,DOWN_STRENGTHENING,True,True,,,,,,,,ds0017
2022-04-14,2.0,DOWN_STRENGTHENING,True,True,,,,,,,,ds0017
2022-04-18,2.0,DOWN_STRENGTHENING,True,True,,,,,,,,ds0017
2022-04-19,2.0,DOWN_STRENGTHENING,True,True,,,,,,,,ds0017
2022-04-20,2.0,DOWN_STRENGTHENING,True,True,,,,,,,,ds0017
2022-04-21,2.0,DOWN_STRENGTHENING,True,True,,,,,,,,ds0017
2022-04-22,2.0,DOWN_STRENGTHENING,True,True,,,,,,,,ds0017
2022-04-25,2.0,DOWN_STRENGTHENING,True,True,,,,,,,,ds0017
2022-04-26,2.0,DOWN_STRENGTHENING,True,True,,,,,,,,ds0017
2022-04-27,2.0,DOWN_STRENGTHENING,True,True,,,,,,,,ds0017
2022-04-28,2.0,DOWN_STRENGTHENING,True,True,,,,,,,,ds0017
2022-04-29,4.0,SIDEWAYS,True,True,,,,,,,,ds0017
2022-05-02,2.0,DOWN_STRENGTHENING,True,True,,,,,,,,ds0017
2022-05-03,2.0,DOWN_STRENGTHENING,True,True,,,,,,,,ds0017
2022-05-04,2.0,DOWN_STRENGTHENING,True,True,,,,,,,,ds0017
2022-05-05,4.0,SIDEWAYS,True,True,,,,,,,,ds0017
2022-05-06,4.0,SIDEWAYS,True,True,,,,,,,,ds0017
2022-05-09,0.0,UP_STRENGTHENING,True,True,,,,,,,,ds0017
2022-05-10,4.0,SIDEWAYS,True,True,,,,,,,,ds0017
2022-05-11,0.0,UP_STRENGTHENING,True,True,,,,,,,,ds0017
2022-05-12,4.0,SIDEWAYS,True,True,,,,,,,,ds0017
2022-05-13,2.0,DOWN_STRENGTHENING,True,True,,,,,,,,ds0017
2022-05-16,2.0,DOWN_STRENGTHENING,True,True,,,,,,,,ds0017
2022-05-17,2.0,DOWN_STRENGTHENING,True,True,,,,,,,,ds0017
2022-05-18,2.0,DOWN_STRENGTHENING,True,True,,,,,,,,ds0017
2022-05-19,2.0,DOWN_STRENGTHENING,True,True,,,,,,,,ds0017
2022-05-20,4.0,SIDEWAYS,True,True,,,,,,,,ds0017
2022-05-23,2.0,DOWN_STRENGTHENING,True,True,,,,,,,,ds0017
2022-05-24,4.0,SIDEWAYS,True,True,,,,,,,,ds0017
2022-05-25,4.0,SIDEWAYS,True,True,,,,,,,,ds0017
2022-05-26,4.0,SIDEWAYS,True,True,,,,,,,,ds0017
2022-05-27,2.0,DOWN_STRENGTHENING,True,True,,,,,,,,ds0017
2022-05-31,2.0,DOWN_STRENGTHENING,True,True,,,,,,,,ds0017
2022-06-01,2.0,DOWN_STRENGTHENING,True,True,,,,,,,,ds0017
2022-06-02,2.0,DOWN_STRENGTHENING,True,True,,,,,,,,ds0017
2022-06-03,3.0,DOWN_WEAKENING,True,True,,,,,,,,ds0017
2022-06-06,3.0,DOWN_WEAKENING,True,True,,,,,,,,ds0017
2022-06-07,3.0,DOWN_WEAKENING,True,True,,,,,,,,ds0017
2022-06-08,3.0,DOWN_WEAKENING,True,True,,,,,,,,ds0017
2022-06-09,3.0,DOWN_WEAKENING,True,True,,,,,,,,ds0017
2022-06-10,4.0,SIDEWAYS,True,True,,,,,,,,ds0017
2022-06-13,0.0,UP_STRENGTHENING,True,True,,,,,,,,ds0017
2022-06-14,0.0,UP_STRENGTHENING,True,True,,,,,,,,ds0017
2022-06-15,0.0,UP_STRENGTHENING,True,True,,,,,,,,ds0017
2022-06-16,0.0,UP_STRENGTHENING,True,True,,,,,,,,ds0017
2022-06-17,0.0,UP_STRENGTHENING,True,True,,,,,,,,ds0017
2022-06-21,0.0,UP_STRENGTHENING,True,True,,,,,,,,ds0017
2022-06-22,0.0,UP_STRENGTHENING,True,True,,,,,,,,ds0017
2022-06-23,0.0,UP_STRENGTHENING,True,True,,,,,,,,ds0017
2022-06-24,4.0,SIDEWAYS,True,True,,,,,,,,ds0017
2022-06-27,4.0,SIDEWAYS,True,True,,,,,,,,ds0017
2022-06-28,0.0,UP_STRENGTHENING,True,True,,,,,,,,ds0017
2022-06-29,0.0,UP_STRENGTHENING,True,True,,,,,,,,ds0017
2022-06-30,0.0,UP_STRENGTHENING,True,True,,,,,,,,ds0017
2022-07-01,0.0,UP_STRENGTHENING,True,True,,,,,,,,ds0017
2022-07-05,0.0,UP_STRENGTHENING,True,True,,,,,,,,ds0017
2022-07-06,0.0,UP_STRENGTHENING,True,True,,,,,,,,ds0017
2022-07-07,0.0,UP_STRENGTHENING,True,True,,,,,,,,ds0017
2022-07-08,0.0,UP_STRENGTHENING,True,True,,,,,,,,ds0017
2022-07-11,0.0,UP_STRENGTHENING,True,True,0.3292822917563278,0.024931146435634984,0.1548196561870268,0.4034309186872131,0.08753598693379729,3.0,DOWN_WEAKENING,ds0017
2022-07-12,0.0,UP_STRENGTHENING,True,True,0.27323866755712284,0.022875009828945934,0.2104136116374869,0.4181806875561768,0.07529202342026754,3.0,DOWN_WEAKENING,ds0017
2022-07-13,0.0,UP_STRENGTHENING,True,True,0.26651323983409353,0.02317500399989093,0.23312715694666766,0.41027544706377256,0.06690915215557534,3.0,DOWN_WEAKENING,ds0017
2022-07-14,0.0,UP_STRENGTHENING,True,True,0.26943025043128105,0.022688223091304718,0.23567877753764163,0.4147659845925234,0.0574367643472492,3.0,DOWN_WEAKENING,ds0017
2022-07-15,0.0,UP_STRENGTHENING,True,True,0.2875990335851692,0.023857705828347186,0.24319154567699608,0.3811047758408958,0.06424693906859172,3.0,DOWN_WEAKENING,ds0017
2022-07-18,0.0,UP_STRENGTHENING,True,True,0.29245835433729606,0.024554338214716545,0.3104392278550594,0.30576202159463606,0.06678605799829193,2.0,DOWN_STRENGTHENING,ds0017
2022-07-19,0.0,UP_STRENGTHENING,True,True,0.3751457645563251,0.04080748945775438,0.3847855641871153,0.10190416165405572,0.0973570201447495,2.0,DOWN_STRENGTHENING,ds0017
2022-07-20,0.0,UP_STRENGTHENING,True,True,0.36120251628464123,0.042732753814743916,0.3902050343946748,0.09467118445048893,0.11118851105545113,2.0,DOWN_STRENGTHENING,ds0017
2022-07-21,0.0,UP_STRENGTHENING,True,True,0.3228345621582533,0.04161176224986412,0.49343104824751405,0.046658372208197976,0.0954642551361706,2.0,DOWN_STRENGTHENING,ds0017
2022-07-22,0.0,UP_STRENGTHENING,True,True,0.368341697677596,0.04599260333213493,0.4247701276196482,0.05252165857605672,0.1083739127945641,2.0,DOWN_STRENGTHENING,ds0017
2022-07-25,0.0,UP_STRENGTHENING,True,True,0.3572478983578655,0.04679188626834454,0.43356294570468595,0.05160275981284424,0.1107945098562597,2.0,DOWN_STRENGTHENING,ds0017
2022-07-26,0.0,UP_STRENGTHENING,True,True,0.31331171005867614,0.043374529184752514,0.4561092759419654,0.049368365080730545,0.13783611973387538,2.0,DOWN_STRENGTHENING,ds0017
2022-07-27,0.0,UP_STRENGTHENING,True,True,0.3152238632671874,0.04379223529123559,0.4767023182898069,0.04744018100380358,0.11684140214796655,2.0,DOWN_STRENGTHENING,ds0017
2022-07-28,0.0,UP_STRENGTHENING,True,True,0.2979495040308499,0.04416402966395131,0.4964387303754214,0.049404298864465165,0.11204343706531215,2.0,DOWN_STRENGTHENING,ds0017
2022-07-29,3.0,DOWN_WEAKENING,True,True,0.2718182175775817,0.04495478743737801,0.5210983694967065,0.0502888852698108,0.11183974021852307,2.0,DOWN_STRENGTHENING,ds0017
2022-08-01,3.0,DOWN_WEAKENING,True,True,0.2463144212961197,0.0519653744995594,0.5445947647094727,0.05134306475520134,0.10578237473964691,2.0,DOWN_STRENGTHENING,ds0017
2022-08-02,2.0,DOWN_STRENGTHENING,True,False,0.21295679408895948,0.16445036845096828,0.4848542692085456,0.04438982324264285,0.09334874500888381,2.0,DOWN_STRENGTHENING,ds0017
2022-08-03,2.0,DOWN_STRENGTHENING,True,False,0.21019011263724963,0.18005477763977687,0.46773730993488816,0.04282271696886167,0.09919508281922369,2.0,DOWN_STRENGTHENING,ds0017
2022-08-04,2.0,DOWN_STRENGTHENING,True,False,0.19147499896464873,0.14891855030346718,0.5376414516438165,0.038256878898299665,0.08370812018976792,2.0,DOWN_STRENGTHENING,ds0017
2022-08-05,2.0,DOWN_STRENGTHENING,True,False,0.1608682101835577,0.15180000436604016,0.5530142701713104,0.04109236536782435,0.0932251499112673,2.0,DOWN_STRENGTHENING,ds0017
2022-08-08,2.0,DOWN_STRENGTHENING,True,False,0.20820437914666032,0.18949369090220272,0.45797706844597863,0.047245149801358764,0.0970797117037996,2.0,DOWN_STRENGTHENING,ds0017
2022-08-09,2.0,DOWN_STRENGTHENING,True,False,0.21686675175129988,0.18922569501881176,0.45300258161116025,0.047098366300834735,0.0938066053178934,2.0,DOWN_STRENGTHENING,ds0017
2022-08-10,2.0,DOWN_STRENGTHENING,True,False,0.21253691138617148,0.07183344501629223,0.5554165716003647,0.048403604736843596,0.11180946726032792,2.0,DOWN_STRENGTHENING,ds0017
2022-08-11,2.0,DOWN_STRENGTHENING,True,False,0.1569091069928623,0.05774460689913774,0.6582912753649706,0.03939652413579431,0.08765848660723502,2.0,DOWN_STRENGTHENING,ds0017
2022-08-12,2.0,DOWN_STRENGTHENING,True,False,0.15582576103833018,0.06330787272550403,0.6575940128863973,0.03878208550099124,0.08449026784877725,2.0,DOWN_STRENGTHENING,ds0017
2022-08-15,2.0,DOWN_STRENGTHENING,True,False,0.15521602506059437,0.06306015025519003,0.6606651022359554,0.03748770472579865,0.08357101772246157,2.0,DOWN_STRENGTHENING,ds0017
2022-08-16,2.0,DOWN_STRENGTHENING,True,False,0.15684482513682851,0.0632365795345477,0.6625135565642772,0.03726356117898062,0.08014147758536591,2.0,DOWN_STRENGTHENING,ds0017
2022-08-17,2.0,DOWN_STRENGTHENING,True,False,0.10358407657098999,0.06660099526050672,0.7048804970050007,0.039968566297548004,0.08496586486595466,2.0,DOWN_STRENGTHENING,ds0017
2022-08-18,2.0,DOWN_STRENGTHENING,True,False,0.09348722909256994,0.0674744816786822,0.7141251867436728,0.040492760220839225,0.08442034226423589,2.0,DOWN_STRENGTHENING,ds0017
2022-08-19,2.0,DOWN_STRENGTHENING,True,False,0.0977024984727335,0.068155374802575,0.70901849412456,0.040203200568848824,0.08492043203128272,2.0,DOWN_STRENGTHENING,ds0017
2022-08-22,2.0,DOWN_STRENGTHENING,True,False,0.11113392437472279,0.06573201642484945,0.6825336141601174,0.03809214713321462,0.1025082979070958,2.0,DOWN_STRENGTHENING,ds0017
2022-08-23,2.0,DOWN_STRENGTHENING,True,False,0.1145511729406324,0.06764468626280896,0.67835105223601,0.03880466191624845,0.10064842664430022,2.0,DOWN_STRENGTHENING,ds0017
2022-08-24,2.0,DOWN_STRENGTHENING,True,False,0.10931575758304334,0.1010371047732989,0.6500127742063648,0.03718358553839811,0.10245077789889483,2.0,DOWN_STRENGTHENING,ds0017
2022-08-25,2.0,DOWN_STRENGTHENING,True,False,0.093650101568735,0.10303204391488384,0.6628470346758474,0.03926648528203571,0.1012043345584981,2.0,DOWN_STRENGTHENING,ds0017
2022-08-26,2.0,DOWN_STRENGTHENING,True,False,0.09186523749922355,0.13817152895672355,0.6077020394691095,0.03898154344340948,0.12327965063153395,2.0,DOWN_STRENGTHENING,ds0017
2022-08-29,2.0,DOWN_STRENGTHENING,True,False,0.09386841382586236,0.13603617504306464,0.6332096575425874,0.03954957126732117,0.09733618232116442,2.0,DOWN_STRENGTHENING,ds0017
2022-08-30,2.0,DOWN_STRENGTHENING,True,True,0.10679971546083371,0.14625211223496623,0.6094920703339436,0.03968049257636621,0.09777560939389031,2.0,DOWN_STRENGTHENING,ds0017
2022-08-31,2.0,DOWN_STRENGTHENING,True,True,0.07967905044196975,0.12866248334194516,0.6709293798088586,0.03735333350323141,0.08337575290399514,2.0,DOWN_STRENGTHENING,ds0017
2022-09-01,2.0,DOWN_STRENGTHENING,True,True,0.0760152230568719,0.12955091079217476,0.6726856582522363,0.037715124070688104,0.08403308382802893,2.0,DOWN_STRENGTHENING,ds0017
2022-09-02,2.0,DOWN_STRENGTHENING,True,True,0.07505894787873095,0.11049735295015661,0.6130426800121075,0.11732604134050197,0.08407497781850298,2.0,DOWN_STRENGTHENING,ds0017
2022-09-06,2.0,DOWN_STRENGTHENING,True,True,0.08646647144754147,0.09675879319783429,0.5905311879673955,0.1545366988938063,0.07170684849342253,2.0,DOWN_STRENGTHENING,ds0017
2022-09-07,2.0,DOWN_STRENGTHENING,True,False,0.1210425189059785,0.1217239490022961,0.5339530666623036,0.13081638417529773,0.09246408125412403,2.0,DOWN_STRENGTHENING,ds0017
2022-09-08,2.0,DOWN_STRENGTHENING,True,False,0.1114347138362729,0.15753299115250252,0.5248604455952379,0.12043275028789602,0.08573909912809058,2.0,DOWN_STRENGTHENING,ds0017
2022-09-09,2.0,DOWN_STRENGTHENING,True,False,0.1353487064290888,0.08361095127753204,0.5380441506352711,0.12325271127184695,0.11974348038626104,2.0,DOWN_STRENGTHENING,ds0017
2022-09-12,2.0,DOWN_STRENGTHENING,True,False,0.13469717207619186,0.08320848084707143,0.5391430975305236,0.12386755177082609,0.11908369777538697,2.0,DOWN_STRENGTHENING,ds0017
2022-09-13,2.0,DOWN_STRENGTHENING,True,False,0.11152719620412617,0.11604834228393865,0.44190421388266876,0.1753136534010132,0.1552065942282532,2.0,DOWN_STRENGTHENING,ds0017
2022-09-14,2.0,DOWN_STRENGTHENING,True,False,0.13477661603197683,0.06981457457775289,0.49574474264332313,0.13025225116674968,0.16941181558019747,2.0,DOWN_STRENGTHENING,ds0017
2022-09-15,2.0,DOWN_STRENGTHENING,True,False,0.1294777004187271,0.1305485277123091,0.42010830730683985,0.15096724708231898,0.16889821747980494,2.0,DOWN_STRENGTHENING,ds0017
2022-09-16,2.0,DOWN_STRENGTHENING,True,True,0.10837709400900664,0.23849911030752458,0.3359396532760483,0.1644378043212996,0.1527463380861209,2.0,DOWN_STRENGTHENING,ds0017
2022-09-19,2.0,DOWN_STRENGTHENING,True,True,0.18180211836689358,0.2548325581898523,0.21301949879468982,0.22261124185886258,0.12773458278970173,1.0,UP_WEAKENING,ds0017
2022-09-20,2.0,DOWN_STRENGTHENING,True,True,0.13110584118296087,0.21546930235228912,0.36587149177395917,0.18822515151072405,0.09932821318006674,2.0,DOWN_STRENGTHENING,ds0017
2022-09-21,2.0,DOWN_STRENGTHENING,True,True,0.0900729712071653,0.38960047104952966,0.27570073769611353,0.15497120637553907,0.08965461367165246,1.0,UP_WEAKENING,ds0017
2022-09-22,2.0,DOWN_STRENGTHENING,True,True,0.08837007401995085,0.39373619877784705,0.26784004763364616,0.16100066300479088,0.08905301656376509,1.0,UP_WEAKENING,ds0017
2022-09-23,4.0,SIDEWAYS,True,True,0.08774401992559433,0.30629637837409973,0.3044781982898712,0.1833726167678833,0.11810878664255142,1.0,UP_WEAKENING,ds0017
2022-09-26,1.0,UP_WEAKENING,True,True,0.12567609314478762,0.04796828612744275,0.43610527299148455,0.26264529931088354,0.1276050484254016,2.0,DOWN_STRENGTHENING,ds0017
2022-09-27,1.0,UP_WEAKENING,True,True,0.1267504211990053,0.04728376369555911,0.43589954431616956,0.2625214091030886,0.12754486168617743,2.0,DOWN_STRENGTHENING,ds0017
2022-09-28,4.0,SIDEWAYS,True,True,0.14631470656319356,0.04309793076781364,0.4410459582234855,0.25224303541443777,0.1172983690310695,2.0,DOWN_STRENGTHENING,ds0017
2022-09-29,4.0,SIDEWAYS,True,True,0.13638650490581267,0.04126659220158721,0.4232119511013605,0.2534121388232174,0.1457228129680222,2.0,DOWN_STRENGTHENING,ds0017
2022-09-30,0.0,UP_STRENGTHENING,True,True,0.14513481041768073,0.0431153524734358,0.4069880949292953,0.2604298957549381,0.14433184642465013,2.0,DOWN_STRENGTHENING,ds0017
2022-10-03,4.0,SIDEWAYS,True,True,0.13717915577669593,0.04150642221256271,0.4283665264222724,0.26044584193830406,0.1325020536501649,2.0,DOWN_STRENGTHENING,ds0017
2022-10-04,2.0,DOWN_STRENGTHENING,True,True,0.17021362293272888,0.04190131602546592,0.4177330983683493,0.2429523589877148,0.1271996036857411,2.0,DOWN_STRENGTHENING,ds0017
2022-10-05,2.0,DOWN_STRENGTHENING,True,True,0.15217996153838803,0.040183906859364966,0.41881884548578263,0.27785165049383365,0.11096563562263072,2.0,DOWN_STRENGTHENING,ds0017
2022-10-06,2.0,DOWN_STRENGTHENING,True,True,0.14113343760943156,0.04281257768511391,0.4157703515128668,0.30384557609657176,0.09643805709601598,2.0,DOWN_STRENGTHENING,ds0017
2022-10-07,4.0,SIDEWAYS,True,True,0.16372450427969565,0.049210446292628926,0.2634479223242963,0.3262091722879934,0.1974079548153857,3.0,DOWN_WEAKENING,ds0017
2022-10-10,4.0,SIDEWAYS,True,True,0.17086294293403625,0.051201045513153076,0.2558882236480713,0.3460085391998291,0.17603924870491028,3.0,DOWN_WEAKENING,ds0017
2022-10-11,0.0,UP_STRENGTHENING,True,True,0.1518265335229511,0.0458891139531343,0.37036148403513214,0.3113978563136953,0.12052501217508711,2.0,DOWN_STRENGTHENING,ds0017
2022-10-12,4.0,SIDEWAYS,True,True,0.14536226553869142,0.04355947155443058,0.3789824445014977,0.27996058732065643,0.1521352310847239,2.0,DOWN_STRENGTHENING,ds0017
2022-10-13,0.0,UP_STRENGTHENING,True,True,0.18616615824341753,0.04919064179257176,0.2434973747824659,0.3352503912215863,0.18589543395995856,3.0,DOWN_WEAKENING,ds0017
2022-10-14,0.0,UP_STRENGTHENING,True,True,0.36234762049791,0.044562684740632165,0.19907306957372417,0.21649988759868224,0.17751673758905143,0.0,UP_STRENGTHENING,ds0017
2022-10-17,0.0,UP_STRENGTHENING,True,True,0.18373452263872714,0.04574563388336922,0.20476210269899742,0.34239623205658964,0.22336150872231653,3.0,DOWN_WEAKENING,ds0017
2022-10-18,0.0,UP_STRENGTHENING,True,True,0.1294537845361948,0.03258649790147123,0.1439085076406993,0.5594348582351698,0.13461635168646488,3.0,DOWN_WEAKENING,ds0017
2022-10-19,0.0,UP_STRENGTHENING,True,True,0.11040799941411615,0.02810396595183053,0.13434295206133703,0.6217389633312193,0.10540611924149708,3.0,DOWN_WEAKENING,ds0017
2022-10-20,0.0,UP_STRENGTHENING,True,True,0.12078555220777575,0.030065036175484713,0.1306565286564359,0.5819095514059517,0.13658333155435196,3.0,DOWN_WEAKENING,ds0017
2022-10-21,0.0,UP_STRENGTHENING,True,True,0.10708901931448822,0.02650920463251691,0.12368699793064038,0.6468213736375666,0.09589340448478792,3.0,DOWN_WEAKENING,ds0017
2022-10-24,4.0,SIDEWAYS,True,True,0.2363169053059701,0.022811178202968754,0.09855840391873719,0.5706583282748547,0.0716551842974692,3.0,DOWN_WEAKENING,ds0017
2022-10-25,4.0,SIDEWAYS,True,True,0.1627900621658758,0.022054268334768486,0.11597294511610756,0.6416462743496968,0.05753645003355136,3.0,DOWN_WEAKENING,ds0017
2022-10-26,0.0,UP_STRENGTHENING,True,True,0.10853180609798445,0.026269518674053454,0.11247726089875683,0.6571742635208004,0.09554715080840483,3.0,DOWN_WEAKENING,ds0017
2022-10-27,0.0,UP_STRENGTHENING,True,True,0.3725942165072514,0.023053886943279565,0.11442446814340718,0.3709366710333151,0.11899075737274677,0.0,UP_STRENGTHENING,ds0017
2022-10-28,4.0,SIDEWAYS,True,True,0.2119868675993116,0.021844940056605824,0.1038018157351593,0.5750955885732957,0.08727078803562757,3.0,DOWN_WEAKENING,ds0017
2022-10-31,4.0,SIDEWAYS,True,True,0.11751109536753737,0.026797108751492334,0.20478773422222935,0.5431539497249417,0.10775011193379927,3.0,DOWN_WEAKENING,ds0017
2022-11-01,0.0,UP_STRENGTHENING,True,True,0.20108428889010616,0.03305825394044793,0.1429066721852617,0.4842850575277175,0.13866572745646671,3.0,DOWN_WEAKENING,ds0017
2022-11-02,0.0,UP_STRENGTHENING,True,True,0.42241372084566503,0.03783137210341647,0.11989937276022983,0.14462394473612514,0.27523158955456356,0.0,UP_STRENGTHENING,ds0017
2022-11-03,0.0,UP_STRENGTHENING,True,True,0.3898616106073438,0.04385682907807209,0.10987556643876756,0.13844281331864883,0.31796318055716766,0.0,UP_STRENGTHENING,ds0017
2022-11-04,0.0,UP_STRENGTHENING,True,True,0.4947867279792848,0.03512982409931064,0.10293017711230282,0.1441793793506689,0.2229738914584328,0.0,UP_STRENGTHENING,ds0017
2022-11-07,0.0,UP_STRENGTHENING,True,True,0.5160363922194324,0.025094723375690586,0.09185061620893072,0.24672946379842137,0.1202888043975249,0.0,UP_STRENGTHENING,ds0017
2022-11-08,0.0,UP_STRENGTHENING,True,True,0.5111074061027969,0.024555941187275027,0.07954953936876705,0.2899652540296979,0.09482185931146313,0.0,UP_STRENGTHENING,ds0017
2022-11-09,0.0,UP_STRENGTHENING,True,True,0.581087590346276,0.02737934706244496,0.09116545336538079,0.15499258070251454,0.14537502852338371,0.0,UP_STRENGTHENING,ds0017
2022-11-10,4.0,SIDEWAYS,True,True,0.4341436857857751,0.02642382641995212,0.1399325111518426,0.31725638632094283,0.08224359032148733,0.0,UP_STRENGTHENING,ds0017
2022-11-11,4.0,SIDEWAYS,True,True,0.2531602642959317,0.024487167231929792,0.16566608599325885,0.475243680548017,0.08144280193086263,3.0,DOWN_WEAKENING,ds0017
2022-11-14,4.0,SIDEWAYS,True,True,0.2809068602458665,0.02724661718676414,0.18308563803263958,0.4181403282007624,0.09062055633396739,3.0,DOWN_WEAKENING,ds0017
2022-11-15,4.0,SIDEWAYS,True,True,0.2810362065147223,0.033579328166822436,0.19450127168003534,0.4035565079318436,0.08732668570657628,3.0,DOWN_WEAKENING,ds0017
2022-11-16,3.0,DOWN_WEAKENING,True,True,0.2591021988796357,0.025336692440056888,0.19483503953338652,0.44660056219660477,0.07412550695031611,3.0,DOWN_WEAKENING,ds0017
2022-11-17,3.0,DOWN_WEAKENING,True,True,0.28337109088897705,0.02626388520002365,0.217363640666008,0.39592504501342773,0.07707633823156357,3.0,DOWN_WEAKENING,ds0017
2022-11-18,3.0,DOWN_WEAKENING,True,True,0.31388625561052236,0.029092146137900923,0.23617678924682883,0.32867959202952607,0.09216521697522181,3.0,DOWN_WEAKENING,ds0017
2022-11-21,3.0,DOWN_WEAKENING,True,True,0.2989684476987324,0.03430029158146493,0.2797938710358979,0.27257461574262154,0.11436277394128325,0.0,UP_STRENGTHENING,ds0017
2022-11-22,3.0,DOWN_WEAKENING,True,True,0.24760292839412285,0.033243895072399006,0.28467530436329996,0.3106746123831661,0.12380325978701204,3.0,DOWN_WEAKENING,ds0017
2022-11-23,3.0,DOWN_WEAKENING,True,True,0.22855116724941538,0.024989644391327184,0.38454127813091304,0.2964415290860286,0.06547638114231577,2.0,DOWN_STRENGTHENING,ds0017
2022-11-25,3.0,DOWN_WEAKENING,True,True,0.2260692218079592,0.025409273235292587,0.386985203914675,0.2972672217205043,0.06426907932156892,2.0,DOWN_STRENGTHENING,ds0017
2022-11-28,3.0,DOWN_WEAKENING,True,True,0.27853931575908975,0.025441740291329125,0.4078602883737017,0.21058784856298582,0.07757080701289365,2.0,DOWN_STRENGTHENING,ds0017
2022-11-29,3.0,DOWN_WEAKENING,True,True,0.2747678509870144,0.026607525099209047,0.4052346722266576,0.21648256883924025,0.07690738284787876,2.0,DOWN_STRENGTHENING,ds0017
2022-11-30,2.0,DOWN_STRENGTHENING,True,True,0.18103502151265677,0.036777964628399475,0.29812498992309006,0.4037629841636722,0.08029903977218152,3.0,DOWN_WEAKENING,ds0017
2022-12-01,2.0,DOWN_STRENGTHENING,True,False,0.1837349357644478,0.03243701111619158,0.43516703791667466,0.26926046208649185,0.07940055311619411,2.0,DOWN_STRENGTHENING,ds0017
2022-12-02,2.0,DOWN_STRENGTHENING,True,False,0.18122039667807371,0.03371495368437859,0.415823666692437,0.2556510558141356,0.1135899271309751,2.0,DOWN_STRENGTHENING,ds0017
2022-12-05,2.0,DOWN_STRENGTHENING,True,False,0.1954424188559707,0.03406903816605274,0.4254347586907128,0.2214046667202264,0.12364911756703739,2.0,DOWN_STRENGTHENING,ds0017
2022-12-06,2.0,DOWN_STRENGTHENING,True,False,0.21431832973591966,0.03417931649890467,0.442905654441073,0.17549297998069138,0.1331037193434113,2.0,DOWN_STRENGTHENING,ds0017
2022-12-07,2.0,DOWN_STRENGTHENING,True,False,0.1204178999348808,0.038520272677688774,0.49915706925408143,0.13982039637930543,0.20208436175404354,2.0,DOWN_STRENGTHENING,ds0017
2022-12-08,2.0,DOWN_STRENGTHENING,True,False,0.17407101327899466,0.03487587334634411,0.45193183253730895,0.21321882228099248,0.1259024585563598,2.0,DOWN_STRENGTHENING,ds0017
2022-12-09,2.0,DOWN_STRENGTHENING,True,False,0.09462592927042263,0.03626913272345686,0.5009731743666004,0.15102039558850966,0.21711136805101053,2.0,DOWN_STRENGTHENING,ds0017
2022-12-12,2.0,DOWN_STRENGTHENING,True,False,0.08322644016673758,0.03623045513923025,0.4813616448285747,0.19780078014505856,0.20138067972039894,2.0,DOWN_STRENGTHENING,ds0017
2022-12-13,2.0,DOWN_STRENGTHENING,True,False,0.19877922757095726,0.05632113355757073,0.3332083858535631,0.2527910201190899,0.15890023289881908,2.0,DOWN_STRENGTHENING,ds0017
2022-12-14,2.0,DOWN_STRENGTHENING,True,False,0.07338946093948302,0.04764775044775753,0.4768932617636543,0.2190589690488884,0.18301055780021674,2.0,DOWN_STRENGTHENING,ds0017
2022-12-15,1.0,UP_WEAKENING,True,True,0.10796133892338956,0.05529755582257028,0.4870270661667382,0.12033836974811335,0.22937566933918863,2.0,DOWN_STRENGTHENING,ds0017
2022-12-16,1.0,UP_WEAKENING,True,True,0.11244276249738605,0.05759292883867717,0.5140541830215914,0.0752446284535872,0.24066549718875807,2.0,DOWN_STRENGTHENING,ds0017
2022-12-19,1.0,UP_WEAKENING,True,True,0.08888557751966068,0.08696878895838832,0.5171181079101139,0.06798167678672842,0.2390458488251086,2.0,DOWN_STRENGTHENING,ds0017
2022-12-20,1.0,UP_WEAKENING,True,True,0.0872776135802269,0.08751984685659409,0.5449053645133972,0.06508468091487885,0.21521249413490295,2.0,DOWN_STRENGTHENING,ds0017
2022-12-21,0.0,UP_STRENGTHENING,True,True,0.0907472920640496,0.0864098470333173,0.5414959353654365,0.06561911301669815,0.2157278125204984,2.0,DOWN_STRENGTHENING,ds0017
2022-12-22,0.0,UP_STRENGTHENING,True,True,0.10036892069991973,0.16556791344404542,0.4473928344475912,0.0762858362389417,0.21038449516950194,2.0,DOWN_STRENGTHENING,ds0017
2022-12-23,0.0,UP_STRENGTHENING,True,True,0.10785515263137045,0.17852971622831063,0.41463740224530554,0.07948912976269162,0.21948859913232174,2.0,DOWN_STRENGTHENING,ds0017
2022-12-27,0.0,UP_STRENGTHENING,True,True,0.06265600910758992,0.3081610867715125,0.4312604762150454,0.050359831385906745,0.1475625965199455,2.0,DOWN_STRENGTHENING,ds0017
2022-12-28,0.0,UP_STRENGTHENING,True,True,0.08078337581132912,0.30004579275914717,0.364221757117238,0.06494849271995563,0.19000058159233008,2.0,DOWN_STRENGTHENING,ds0017
2022-12-29,0.0,UP_STRENGTHENING,True,True,0.12414229198760196,0.1720818217068232,0.3846700346220272,0.14721847522189932,0.17188737646164834,2.0,DOWN_STRENGTHENING,ds0017
2022-12-30,0.0,UP_STRENGTHENING,True,True,0.12247991561889648,0.18809138238430023,0.3731772303581238,0.16341829299926758,0.15283317863941193,2.0,DOWN_STRENGTHENING,ds0017
2023-01-03,0.0,UP_STRENGTHENING,True,True,0.10012835413408808,0.33146051066309973,0.27739698108132155,0.12678373048877314,0.16423042363271748,1.0,UP_WEAKENING,ds0017
2023-01-04,0.0,UP_STRENGTHENING,True,True,0.1187718939964191,0.24392515057436898,0.36145975647181633,0.12746561873755427,0.1483775802198413,2.0,DOWN_STRENGTHENING,ds0017
2023-01-05,0.0,UP_STRENGTHENING,True,True,0.08980372003772229,0.37516794447231167,0.3217182529356685,0.09332259952998011,0.11998748302431739,1.0,UP_WEAKENING,ds0017
2023-01-06,0.0,UP_STRENGTHENING,True,True,0.11634601479253151,0.13895530791647273,0.4438900583402804,0.128567619196063,0.17224099975465237,2.0,DOWN_STRENGTHENING,ds0017
2023-01-09,0.0,UP_STRENGTHENING,True,True,0.13052236158623357,0.06958455125793099,0.4703537506372947,0.18118056930135842,0.14835876721718233,2.0,DOWN_STRENGTHENING,ds0017
2023-01-10,0.0,UP_STRENGTHENING,True,True,0.12481291778106865,0.06094713599901104,0.436976677730332,0.23717438037953348,0.14008888811005485,2.0,DOWN_STRENGTHENING,ds0017
2023-01-11,0.0,UP_STRENGTHENING,True,True,0.11251555425120724,0.05494224673115554,0.3665030016247295,0.3384570790024738,0.12758211839043393,2.0,DOWN_STRENGTHENING,ds0017
2023-01-12,0.0,UP_STRENGTHENING,True,True,0.11545612146901542,0.07109308670045048,0.2874750366445614,0.35996447384516267,0.16601128134081,3.0,DOWN_WEAKENING,ds0017
2023-01-13,0.0,UP_STRENGTHENING,True,True,0.11823011101610875,0.05651958244651867,0.28336185005782655,0.38992768235558506,0.15196077412396092,3.0,DOWN_WEAKENING,ds0017
2023-01-17,0.0,UP_STRENGTHENING,True,True,0.18573477135256858,0.047245336769888936,0.22019537695552835,0.4376204193153404,0.1092040956066737,3.0,DOWN_WEAKENING,ds0017
2023-01-18,0.0,UP_STRENGTHENING,True,True,0.22572258198902972,0.05597597008934606,0.2550657997096546,0.32809803012049954,0.13513761809147007,3.0,DOWN_WEAKENING,ds0017
2023-01-19,0.0,UP_STRENGTHENING,True,True,0.1992350444482623,0.052594592698119856,0.23787597425744034,0.36536003778278686,0.14493435081339065,3.0,DOWN_WEAKENING,ds0017
2023-01-20,0.0,UP_STRENGTHENING,True,True,0.18270479619105745,0.06119086380428093,0.1941844275567345,0.43667606658016317,0.1252438458677639,3.0,DOWN_WEAKENING,ds0017
2023-01-23,0.0,UP_STRENGTHENING,True,False,0.18446026192723924,0.0644436161385889,0.28047960160733454,0.3442251281671188,0.1263913921597185,3.0,DOWN_WEAKENING,ds0017
2023-01-24,0.0,UP_STRENGTHENING,True,False,0.18540095690716968,0.05487966430722042,0.2912433586499231,0.3426594900137684,0.12581653012191837,3.0,DOWN_WEAKENING,ds0017
2023-01-25,0.0,UP_STRENGTHENING,True,False,0.182342791404258,0.05707237305622042,0.2970747848090788,0.3351743704953442,0.1283356802350986,3.0,DOWN_WEAKENING,ds0017
2023-01-26,4.0,SIDEWAYS,True,False,0.18154869973659515,0.056142762303352356,0.29223594069480896,0.3438272774219513,0.12624531984329224,3.0,DOWN_WEAKENING,ds0017
2023-01-27,4.0,SIDEWAYS,True,False,0.18782264274094468,0.0744181137445288,0.3248148906948401,0.2722670476476408,0.1406773051720456,2.0,DOWN_STRENGTHENING,ds0017
2023-01-30,4.0,SIDEWAYS,True,False,0.19322445556764775,0.2325167305950061,0.21273457528498974,0.2386371887034806,0.12288704984887577,3.0,DOWN_WEAKENING,ds0017
2023-01-31,4.0,SIDEWAYS,True,False,0.28520484696310583,0.16068979499154556,0.19790095843743688,0.23585412517733406,0.12035027443057766,0.0,UP_STRENGTHENING,ds0017
2023-02-01,2.0,DOWN_STRENGTHENING,True,False,0.30177995562553406,0.25986239314079285,0.14925120770931244,0.1559627801179886,0.13314366340637207,0.0,UP_STRENGTHENING,ds0017
2023-02-02,2.0,DOWN_STRENGTHENING,True,False,0.27101096107049344,0.23735308293472107,0.13712298665757497,0.12073905586095071,0.2337739134762598,0.0,UP_STRENGTHENING,ds0017
2023-02-03,2.0,DOWN_STRENGTHENING,True,False,0.2633168062073468,0.2353573108411236,0.13579249179672462,0.14404015028416886,0.2214932408706361,0.0,UP_STRENGTHENING,ds0017
2023-02-06,3.0,DOWN_WEAKENING,True,False,0.1787011298730801,0.19199190747749945,0.20650693466504016,0.20271402295359936,0.22008600503078096,4.0,SIDEWAYS,ds0017
2023-02-07,3.0,DOWN_WEAKENING,True,False,0.25578514884941944,0.2302389992880374,0.1560569475318617,0.13788964470727644,0.22002925962340503,0.0,UP_STRENGTHENING,ds0017
2023-02-08,3.0,DOWN_WEAKENING,True,False,0.16398239380094995,0.22918209775063542,0.1953866808919114,0.15807904538630016,0.25336978217020306,4.0,SIDEWAYS,ds0017
2023-02-09,3.0,DOWN_WEAKENING,True,False,0.17422925714683193,0.1938849774249633,0.20992600366142408,0.17863407039496618,0.24332569137181453,4.0,SIDEWAYS,ds0017
2023-02-10,3.0,DOWN_WEAKENING,True,False,0.16082440556324132,0.1954318612133244,0.21160087304712644,0.17924657731125618,0.25289628286505167,4.0,SIDEWAYS,ds0017
2023-02-13,3.0,DOWN_WEAKENING,True,False,0.15220857120181833,0.1714190146749918,0.2117032918841628,0.18878475394203525,0.2758843682969918,4.0,SIDEWAYS,ds0017
2023-02-14,3.0,DOWN_WEAKENING,True,False,0.12428258729823194,0.16166605537134573,0.3846044655026336,0.10742196760839128,0.22202492421939743,2.0,DOWN_STRENGTHENING,ds0017
2023-02-15,4.0,SIDEWAYS,True,False,0.1890132944663351,0.0780108376596435,0.4522153605600953,0.10577224589035832,0.17498826142356774,2.0,DOWN_STRENGTHENING,ds0017
2023-02-16,4.0,SIDEWAYS,True,False,0.10981337226510135,0.11248096330048807,0.47987971782415473,0.11360835537929137,0.18421759123096446,2.0,DOWN_STRENGTHENING,ds0017
2023-02-17,0.0,UP_STRENGTHENING,True,False,0.10782476353906448,0.13608473336570362,0.49583511805780056,0.09078682078738777,0.16946856425004356,2.0,DOWN_STRENGTHENING,ds0017
2023-02-21,0.0,UP_STRENGTHENING,True,False,0.09572737236049597,0.12901219148879386,0.40490503289230023,0.11353086172651372,0.2568245415318962,2.0,DOWN_STRENGTHENING,ds0017
2023-02-22,0.0,UP_STRENGTHENING,True,False,0.11111828767548276,0.10002744346693496,0.5332500616759025,0.07029951689842243,0.18530469028325736,2.0,DOWN_STRENGTHENING,ds0017
2023-02-23,0.0,UP_STRENGTHENING,True,False,0.1106461385781945,0.15107794443692144,0.5123730416381294,0.05704419442365008,0.1688586809231046,2.0,DOWN_STRENGTHENING,ds0017
2023-02-24,0.0,UP_STRENGTHENING,True,False,0.11102913941037872,0.1418264641408645,0.5111477317905307,0.05401842608282239,0.1819782385754037,2.0,DOWN_STRENGTHENING,ds0017
2023-02-27,0.0,UP_STRENGTHENING,True,False,0.1290498947901671,0.05778522309315907,0.6627832527685305,0.03626891158020289,0.1141127177679405,2.0,DOWN_STRENGTHENING,ds0017
2023-02-28,0.0,UP_STRENGTHENING,True,False,0.07555211967897237,0.07705051337107251,0.6812799471426018,0.037447727658633474,0.12866969214871984,2.0,DOWN_STRENGTHENING,ds0017
2023-03-01,0.0,UP_STRENGTHENING,True,False,0.05473074704365505,0.07879391870306601,0.6942987933444867,0.037482446849966385,0.13469409405882576,2.0,DOWN_STRENGTHENING,ds0017
2023-03-02,0.0,UP_STRENGTHENING,True,False,0.0566116612897192,0.07272464836183673,0.6956934980727247,0.03968315973641842,0.13528703253930086,2.0,DOWN_STRENGTHENING,ds0017
2023-03-03,0.0,UP_STRENGTHENING,True,False,0.07236275238609506,0.09394712956131539,0.6555982378631436,0.05885966998770095,0.11923221020174496,2.0,DOWN_STRENGTHENING,ds0017
2023-03-06,0.0,UP_STRENGTHENING,True,False,0.11156284562779273,0.05896836410321433,0.6571395690950559,0.059671475425577554,0.11265774574835952,2.0,DOWN_STRENGTHENING,ds0017
2023-03-07,0.0,UP_STRENGTHENING,True,False,0.10986385555861809,0.08371627377560142,0.6568801439751693,0.030157039110494995,0.1193826875801162,2.0,DOWN_STRENGTHENING,ds0017
2023-03-08,0.0,UP_STRENGTHENING,True,False,0.08344857456869315,0.07436369414898525,0.6844317964049562,0.03334416473913315,0.12441177013823218,2.0,DOWN_STRENGTHENING,ds0017
2023-03-09,0.0,UP_STRENGTHENING,True,False,0.09207129949118795,0.14111426052110612,0.600144070382593,0.03120169695610711,0.13546867264900586,2.0,DOWN_STRENGTHENING,ds0017
2023-03-10,0.0,UP_STRENGTHENING,True,False,0.08406478974271409,0.20798975384227747,0.5406916181794674,0.03169584297907235,0.1355579952564686,2.0,DOWN_STRENGTHENING,ds0017
2023-03-13,0.0,UP_STRENGTHENING,True,False,0.1300952734986232,0.17769426140504752,0.5307980189673566,0.031164987070793262,0.13024745905817944,2.0,DOWN_STRENGTHENING,ds0017
2023-03-14,0.0,UP_STRENGTHENING,True,False,0.1390384939663985,0.08043811054832942,0.636677172047827,0.031222549615234307,0.11262367382221078,2.0,DOWN_STRENGTHENING,ds0017
2023-03-15,0.0,UP_STRENGTHENING,True,False,0.17214269807828442,0.08009441882301555,0.5960905507498193,0.032266631482045116,0.11940570086683555,2.0,DOWN_STRENGTHENING,ds0017
2023-03-16,0.0,UP_STRENGTHENING,True,False,0.18154960803110298,0.08233009248103912,0.5569083669896857,0.03434825303275789,0.14486367946541429,2.0,DOWN_STRENGTHENING,ds0017
2023-03-17,1.0,UP_WEAKENING,True,False,0.1684553524391458,0.07639204193329936,0.5846390898418156,0.03202197051113756,0.13849154527460172,2.0,DOWN_STRENGTHENING,ds0017
2023-03-20,1.0,UP_WEAKENING,True,False,0.1651578327531063,0.04051724272491096,0.6289303011301678,0.03641061288616794,0.12898401050564698,2.0,DOWN_STRENGTHENING,ds0017
2023-03-21,1.0,UP_WEAKENING,True,False,0.1628460126903205,0.04131735085459537,0.63012724645341,0.03647990497589182,0.12922948502578224,2.0,DOWN_STRENGTHENING,ds0017
2023-03-22,1.0,UP_WEAKENING,True,False,0.1617860699298778,0.054139150259093764,0.6260258169257356,0.03139942989719983,0.12664953298809303,2.0,DOWN_STRENGTHENING,ds0017
2023-03-23,1.0,UP_WEAKENING,True,False,0.14508251629646843,0.05558864689486255,0.637021770521674,0.031950950146452335,0.13035611614054268,2.0,DOWN_STRENGTHENING,ds0017
2023-03-24,1.0,UP_WEAKENING,True,False,0.13435474977678713,0.042508205519652884,0.6560041635630809,0.03666518850878971,0.1304676926316894,2.0,DOWN_STRENGTHENING,ds0017
2023-03-27,4.0,SIDEWAYS,True,False,0.13389325790335369,0.04525595377507582,0.653750808904918,0.0370804275648503,0.13001955185180222,2.0,DOWN_STRENGTHENING,ds0017
2023-03-28,1.0,UP_WEAKENING,True,False,0.08087009394294883,0.04841785553276017,0.7240490427878395,0.032925819632914834,0.11373718810353657,2.0,DOWN_STRENGTHENING,ds0017
2023-03-29,1.0,UP_WEAKENING,True,False,0.08056827484502876,0.04821566402510434,0.7224737271205759,0.032352443181864116,0.11638989082742686,2.0,DOWN_STRENGTHENING,ds0017
2023-03-30,1.0,UP_WEAKENING,True,False,0.08093912124283939,0.0497047116990957,0.7199291560056464,0.03250136214307933,0.11692564890933912,2.0,DOWN_STRENGTHENING,ds0017
2023-03-31,4.0,SIDEWAYS,True,False,0.08110013996922158,0.04980359840186976,0.7213613740269015,0.029312410880108705,0.11842247672189846,2.0,DOWN_STRENGTHENING,ds0017
2023-04-03,4.0,SIDEWAYS,True,False,0.08083712843857743,0.0496420810092443,0.7190219572441514,0.03246040557614401,0.1180384277318828,2.0,DOWN_STRENGTHENING,ds0017
2023-04-04,4.0,SIDEWAYS,True,False,0.08083712843857743,0.0496420810092443,0.7190219572441514,0.03246040557614401,0.1180384277318828,2.0,DOWN_STRENGTHENING,ds0017
2023-04-05,4.0,SIDEWAYS,True,False,0.0825365089708732,0.05068566890508055,0.7229258229565592,0.030140630114881654,0.1137113690526054,2.0,DOWN_STRENGTHENING,ds0017
2023-04-06,1.0,UP_WEAKENING,True,False,0.08163210095799082,0.05013027098175441,0.7150042136945302,0.032779623189340794,0.12045379117638384,2.0,DOWN_STRENGTHENING,ds0017
2023-04-10,1.0,UP_WEAKENING,True,False,0.08163210095799082,0.05013027098175441,0.7150042136945302,0.032779623189340794,0.12045379117638384,2.0,DOWN_STRENGTHENING,ds0017
2023-04-11,1.0,UP_WEAKENING,True,False,0.08216330061898719,0.05045648163532563,0.7196569195223598,0.03333473739531482,0.11438856082801256,2.0,DOWN_STRENGTHENING,ds0017
2023-04-12,1.0,UP_WEAKENING,True,False,0.0630837082862854,0.05343317240476608,0.7361051440238953,0.030374988913536072,0.11700298637151718,2.0,DOWN_STRENGTHENING,ds0017
2023-04-13,1.0,UP_WEAKENING,True,False,0.06359650916011442,0.05131468530254556,0.731897411004091,0.029891669638858476,0.12329972489439053,2.0,DOWN_STRENGTHENING,ds0017
2023-04-14,1.0,UP_WEAKENING,True,False,0.04801996937297433,0.051803485775570146,0.7455259200489635,0.03017641085276998,0.12447421394972212,2.0,DOWN_STRENGTHENING,ds0017
2023-04-17,1.0,UP_WEAKENING,True,False,0.059989059269102196,0.05133049715550236,0.7321229199207699,0.03321981156527434,0.12333771208935118,2.0,DOWN_STRENGTHENING,ds0017
2023-04-18,1.0,UP_WEAKENING,True,False,0.05967005297787448,0.05105755067573822,0.734790796527335,0.03179972967654668,0.12268187014250553,2.0,DOWN_STRENGTHENING,ds0017
2023-04-19,0.0,UP_STRENGTHENING,True,False,0.04785966181598226,0.0516305497098403,0.7430371129107153,0.03341399543077494,0.12405868013268724,2.0,DOWN_STRENGTHENING,ds0017
2023-04-20,0.0,UP_STRENGTHENING,True,False,0.04608468625536773,0.08780740037919207,0.7216054662763054,0.028984497692724733,0.11551794939641004,2.0,DOWN_STRENGTHENING,ds0017
2023-04-21,0.0,UP_STRENGTHENING,True,False,0.04691379595962197,0.0877584233690534,0.7212029816411936,0.02867128561817402,0.11545351341195706,2.0,DOWN_STRENGTHENING,ds0017
2023-04-24,0.0,UP_STRENGTHENING,True,False,0.04809945929272754,0.05357452229204451,0.7467599678060405,0.03392933012387149,0.11763672048531593,2.0,DOWN_STRENGTHENING,ds0017
2023-04-25,0.0,UP_STRENGTHENING,True,False,0.04499124982418726,0.08464070918111012,0.7268343960819469,0.029035800256697455,0.11449784465605826,2.0,DOWN_STRENGTHENING,ds0017
2023-04-26,0.0,UP_STRENGTHENING,True,False,0.06644384114938265,0.11028901980619221,0.6870574066217574,0.03747855294399945,0.09873117947866825,2.0,DOWN_STRENGTHENING,ds0017
2023-04-27,0.0,UP_STRENGTHENING,True,False,0.06644887600930177,0.12178784835688487,0.6675518279439179,0.03571374408367545,0.10849770360622003,2.0,DOWN_STRENGTHENING,ds0017
2023-04-28,0.0,UP_STRENGTHENING,True,False,0.06712349154156118,0.1153744995026179,0.6743291860796191,0.036076327766967606,0.10709649510923426,2.0,DOWN_STRENGTHENING,ds0017
2023-05-01,0.0,UP_STRENGTHENING,True,False,0.06240018247961386,0.07076634974443485,0.7090583801957763,0.04625289359585925,0.11152219398431575,2.0,DOWN_STRENGTHENING,ds0017
2023-05-02,0.0,UP_STRENGTHENING,True,False,0.05932403466336494,0.11020789500713153,0.6865520605175208,0.03698021614887223,0.10693579366311047,2.0,DOWN_STRENGTHENING,ds0017
2023-05-03,0.0,UP_STRENGTHENING,True,False,0.059031342311292485,0.12311189071333897,0.6831648044363496,0.03661910280797916,0.09807285973103971,2.0,DOWN_STRENGTHENING,ds0017
2023-05-04,0.0,UP_STRENGTHENING,True,False,0.05366131723293644,0.0739346303858008,0.7279973111450372,0.03979244500166675,0.10461429623455885,2.0,DOWN_STRENGTHENING,ds0017
2023-05-05,0.0,UP_STRENGTHENING,True,False,0.062279174342922045,0.07254182358163311,0.7142830304802164,0.03855202991565984,0.11234394167956863,2.0,DOWN_STRENGTHENING,ds0017
2023-05-08,0.0,UP_STRENGTHENING,True,False,0.06755848747482006,0.07029754432783314,0.7043610575078073,0.046999516252444515,0.11078339443709496,2.0,DOWN_STRENGTHENING,ds0017
2023-05-09,0.0,UP_STRENGTHENING,True,False,0.06755848747482006,0.07029754432783314,0.7043610575078073,0.046999516252444515,0.11078339443709496,2.0,DOWN_STRENGTHENING,ds0017
2023-05-10,0.0,UP_STRENGTHENING,True,False,0.09104649248857774,0.11847181226229109,0.6503970816849792,0.035892860170986064,0.10419175339316587,2.0,DOWN_STRENGTHENING,ds0017
2023-05-11,0.0,UP_STRENGTHENING,True,False,0.09428118914365768,0.06889404356479645,0.6829281449317932,0.045325011014938354,0.1085716113448143,2.0,DOWN_STRENGTHENING,ds0017
2023-05-12,0.0,UP_STRENGTHENING,True,False,0.09113793142987736,0.07079333119685449,0.6896238378407347,0.038808808019822894,0.10963609151271053,2.0,DOWN_STRENGTHENING,ds0017
2023-05-15,0.0,UP_STRENGTHENING,True,False,0.0950503782175425,0.06875024633481731,0.6815026896968083,0.04635169287991981,0.10834499287091207,2.0,DOWN_STRENGTHENING,ds0017
2023-05-16,0.0,UP_STRENGTHENING,True,False,0.09652590150424692,0.06863814694640259,0.6803915005980655,0.04627611557060652,0.10816833538067841,2.0,DOWN_STRENGTHENING,ds0017
2023-05-17,0.0,UP_STRENGTHENING,True,False,0.12821121848180342,0.06787759987690746,0.6612206273844257,0.03756998949866715,0.1051205647581963,2.0,DOWN_STRENGTHENING,ds0017
2023-05-18,0.0,UP_STRENGTHENING,True,False,0.11965816200543578,0.11466434341674275,0.6285059907621297,0.03501995574638347,0.10215154806930837,2.0,DOWN_STRENGTHENING,ds0017
2023-05-19,0.0,UP_STRENGTHENING,True,False,0.11959362953295752,0.11460250786844653,0.6281670425559139,0.03500106982888385,0.10263575021379814,2.0,DOWN_STRENGTHENING,ds0017
2023-05-22,0.0,UP_STRENGTHENING,True,False,0.12737020375690594,0.06626663110156987,0.6568832748799296,0.04504888336923408,0.10443100689236048,2.0,DOWN_STRENGTHENING,ds0017
2023-05-23,0.0,UP_STRENGTHENING,True,False,0.1283419776090226,0.06794682398240358,0.6618950017502532,0.03760830453069153,0.10420789212762907,2.0,DOWN_STRENGTHENING,ds0017
2023-05-24,0.0,UP_STRENGTHENING,True,False,0.13752928892874536,0.09756821448431881,0.6557251346901896,0.056120924404645105,0.05305643749210122,2.0,DOWN_STRENGTHENING,ds0017
2023-05-25,0.0,UP_STRENGTHENING,True,False,0.1397448819799686,0.0982905953613101,0.6506965950339018,0.05569055469902023,0.05557737292579928,2.0,DOWN_STRENGTHENING,ds0017
2023-05-26,0.0,UP_STRENGTHENING,True,False,0.14002871982849568,0.09701665816139401,0.6520182708954977,0.055803673350189105,0.055132677764423564,2.0,DOWN_STRENGTHENING,ds0017
2023-05-30,0.0,UP_STRENGTHENING,True,False,0.1397448819799686,0.0982905953613101,0.6506965950339018,0.05569055469902023,0.05557737292579928,2.0,DOWN_STRENGTHENING,ds0017
2023-05-31,0.0,UP_STRENGTHENING,True,False,0.13736140574483494,0.0974491227703267,0.6549247430087096,0.05605242338718001,0.054212305088948774,2.0,DOWN_STRENGTHENING,ds0017
2023-06-01,0.0,UP_STRENGTHENING,True,False,0.14487189054489136,0.07719120383262634,0.6745696067810059,0.05773375555872917,0.04563354328274727,2.0,DOWN_STRENGTHENING,ds0017
2023-06-02,0.0,UP_STRENGTHENING,True,False,0.14462519858870213,0.07876257422352044,0.6734209506194081,0.057635440134209986,0.04555583643415936,2.0,DOWN_STRENGTHENING,ds0017
2023-06-05,0.0,UP_STRENGTHENING,True,False,0.14483332741881405,0.07717065570630621,0.67439008261554,0.05830561040569551,0.04530032385364416,2.0,DOWN_STRENGTHENING,ds0017
2023-06-06,0.0,UP_STRENGTHENING,True,False,0.14188187891596918,0.07559805138116922,0.6606471937701942,0.07772338158716614,0.044149494345501236,2.0,DOWN_STRENGTHENING,ds0017
2023-06-07,0.0,UP_STRENGTHENING,True,False,0.14023783959714145,0.09863732120361911,0.6529920174143317,0.055887010573078065,0.05224581121182976,2.0,DOWN_STRENGTHENING,ds0017
2023-06-08,0.0,UP_STRENGTHENING,True,False,0.14193542566030148,0.07562658331592723,0.660896492393622,0.07714756721905558,0.044393931411093684,2.0,DOWN_STRENGTHENING,ds0017
2023-06-09,0.0,UP_STRENGTHENING,True,False,0.14487189054489136,0.07719120383262634,0.6745696067810059,0.05773375555872917,0.04563354328274727,2.0,DOWN_STRENGTHENING,ds0017
2023-06-12,0.0,UP_STRENGTHENING,True,False,0.14188187891596918,0.07559805138116922,0.6606471937701942,0.07772338158716614,0.044149494345501236,2.0,DOWN_STRENGTHENING,ds0017
2023-06-13,0.0,UP_STRENGTHENING,True,False,0.1438340390330775,0.08380214093699254,0.6697370385015866,0.05732015498980822,0.04530662653853511,2.0,DOWN_STRENGTHENING,ds0017
2023-06-14,0.0,UP_STRENGTHENING,True,False,0.139770621294242,0.10085314844032886,0.6508165331222793,0.05570081765685605,0.052858879486293815,2.0,DOWN_STRENGTHENING,ds0017
2023-06-15,0.0,UP_STRENGTHENING,True,False,0.139770621294242,0.10085314844032886,0.6508165331222793,0.05570081765685605,0.052858879486293815,2.0,DOWN_STRENGTHENING,ds0017
2023-06-16,0.0,UP_STRENGTHENING,True,False,0.1399086086472435,0.09840576130734918,0.651459023696355,0.0557558077032311,0.054470798645821245,2.0,DOWN_STRENGTHENING,ds0017
2023-06-20,0.0,UP_STRENGTHENING,True,False,0.14188534761367316,0.07559989787041609,0.6606632815647346,0.07747320489818181,0.04437826805299428,2.0,DOWN_STRENGTHENING,ds0017
2023-06-21,1.0,UP_WEAKENING,True,False,0.14220361464546477,0.07758509396607091,0.6780118371472204,0.0586187394656939,0.04358071477555005,2.0,DOWN_STRENGTHENING,ds0017
2023-06-22,1.0,UP_WEAKENING,True,False,0.14195077227019348,0.07563475575771,0.6609679509771462,0.07776112167359234,0.0436853993213579,2.0,DOWN_STRENGTHENING,ds0017
2023-06-23,1.0,UP_WEAKENING,True,False,0.13095541591097598,0.06966829455647532,0.6857192073550643,0.07225883913618712,0.041398243041297265,2.0,DOWN_STRENGTHENING,ds0017
2023-06-26,0.0,UP_STRENGTHENING,True,False,0.1301985089860801,0.07097373929237477,0.6985681679046458,0.05808562061967559,0.042173963197223704,2.0,DOWN_STRENGTHENING,ds0017
2023-06-27,1.0,UP_WEAKENING,True,False,0.12826098692806046,0.0699175606655711,0.6881725890662161,0.07210250306282197,0.04154636027733028,2.0,DOWN_STRENGTHENING,ds0017
2023-06-28,1.0,UP_WEAKENING,True,False,0.12820779704118682,0.06988855883977299,0.6878872206261506,0.07248729143348523,0.04152913205940431,2.0,DOWN_STRENGTHENING,ds0017
2023-06-29,1.0,UP_WEAKENING,True,False,0.12820779704118682,0.06988855883977299,0.6878872206261506,0.07248729143348523,0.04152913205940431,2.0,DOWN_STRENGTHENING,ds0017
2023-06-30,1.0,UP_WEAKENING,True,False,0.1292061051040433,0.0970682941595592,0.6765593239921381,0.055185705012189556,0.04198057173206976,2.0,DOWN_STRENGTHENING,ds0017
2023-07-03,1.0,UP_WEAKENING,True,False,0.1308469383797171,0.06961057646321847,0.6851511307873337,0.07187766158033884,0.04251369278939185,2.0,DOWN_STRENGTHENING,ds0017
2023-07-05,1.0,UP_WEAKENING,True,False,0.1308469383797171,0.06961057646321847,0.6851511307873337,0.07187766158033884,0.04251369278939185,2.0,DOWN_STRENGTHENING,ds0017
2023-07-06,1.0,UP_WEAKENING,True,False,0.0949588985534969,0.07384346783148155,0.7268138879857232,0.059284876177845114,0.04509886945145317,2.0,DOWN_STRENGTHENING,ds0017
2023-07-07,1.0,UP_WEAKENING,True,False,0.13282707729420296,0.07066401304793397,0.6955197064733418,0.057832142199043694,0.0431570609854776,2.0,DOWN_STRENGTHENING,ds0017
2023-07-10,1.0,UP_WEAKENING,True,False,0.132973325755944,0.0707418234880674,0.6962855328566295,0.05679473547647269,0.04320458242288637,2.0,DOWN_STRENGTHENING,ds0017
2023-07-11,1.0,UP_WEAKENING,True,False,0.1308469383797171,0.06961057646321847,0.6851511307873337,0.07187766158033884,0.04251369278939185,2.0,DOWN_STRENGTHENING,ds0017
2023-07-12,2.0,DOWN_STRENGTHENING,True,False,0.12849169969558716,0.09769944101572037,0.6728184819221497,0.054880570620298386,0.04610980674624443,2.0,DOWN_STRENGTHENING,ds0017
2023-07-13,2.0,DOWN_STRENGTHENING,True,False,0.13282707729420296,0.07066401304793397,0.6955197064733418,0.057832142199043694,0.0431570609854776,2.0,DOWN_STRENGTHENING,ds0017
2023-07-14,2.0,DOWN_STRENGTHENING,True,False,0.07200676202774048,0.09863810986280441,0.7316046357154846,0.055353794246912,0.04239669814705849,2.0,DOWN_STRENGTHENING,ds0017
2023-07-17,2.0,DOWN_STRENGTHENING,True,False,0.06853957755094525,0.0702510132370932,0.7454413481051282,0.07286322415432135,0.04290483695251199,2.0,DOWN_STRENGTHENING,ds0017
2023-07-18,2.0,DOWN_STRENGTHENING,True,False,0.12845262310865715,0.0966338919117797,0.6726138887130966,0.0548638825924449,0.04743571367402165,2.0,DOWN_STRENGTHENING,ds0017
2023-07-19,2.0,DOWN_STRENGTHENING,True,False,0.09173846921519585,0.10347863209636038,0.7021648235457776,0.05727429645304161,0.045343778689624525,2.0,DOWN_STRENGTHENING,ds0017
2023-07-20,2.0,DOWN_STRENGTHENING,True,False,0.09035078537111117,0.09045324575662515,0.7037930567241429,0.0574071115710636,0.05799580057705716,2.0,DOWN_STRENGTHENING,ds0017
2023-07-21,2.0,DOWN_STRENGTHENING,True,False,0.06777249503863027,0.08971303257129078,0.7370985397468762,0.055769467733521795,0.049646464909680874,2.0,DOWN_STRENGTHENING,ds0017
2023-07-24,2.0,DOWN_STRENGTHENING,True,False,0.09830382881785013,0.08567823182380167,0.6970420842119353,0.07822692877038434,0.040748926376028595,2.0,DOWN_STRENGTHENING,ds0017
2023-07-25,2.0,DOWN_STRENGTHENING,True,False,0.1286484830041276,0.08101197654691461,0.67784341614765,0.07396649183507678,0.03852963246623108,2.0,DOWN_STRENGTHENING,ds0017
2023-07-26,2.0,DOWN_STRENGTHENING,True,False,0.09495893226890563,0.08373298589586824,0.7239564738119745,0.05772560899398039,0.039625999029271296,2.0,DOWN_STRENGTHENING,ds0017
2023-07-27,2.0,DOWN_STRENGTHENING,True,False,0.06986613269047534,0.10113481327627534,0.7249657374785003,0.0554267538422898,0.04860656271245914,2.0,DOWN_STRENGTHENING,ds0017
2023-07-28,2.0,DOWN_STRENGTHENING,True,False,0.082672617097607,0.11031503065951123,0.7115317477057613,0.05439966463447117,0.04108093990264922,2.0,DOWN_STRENGTHENING,ds0017
2023-07-31,2.0,DOWN_STRENGTHENING,True,False,0.08613894423563219,0.08164473151714573,0.7327763683907215,0.05822289930286293,0.041217056553637645,2.0,DOWN_STRENGTHENING,ds0017
2023-08-01,2.0,DOWN_STRENGTHENING,True,False,0.07300616719194315,0.08138108162528558,0.730410031261928,0.07430349207330318,0.04089922784754007,2.0,DOWN_STRENGTHENING,ds0017
2023-08-02,4.0,SIDEWAYS,True,False,0.0701673919695065,0.09757189379951436,0.7280917709462957,0.055665749641763046,0.0485031936429203,2.0,DOWN_STRENGTHENING,ds0017
2023-08-03,1.0,UP_WEAKENING,True,False,0.07271846708886923,0.08309819920800027,0.7458214497188381,0.05925940242079209,0.039102481563500234,2.0,DOWN_STRENGTHENING,ds0017
2023-08-04,1.0,UP_WEAKENING,True,False,0.07154192163687054,0.08595854949128906,0.7423545260420912,0.05675619573809571,0.04338880709165348,2.0,DOWN_STRENGTHENING,ds0017
2023-08-07,4.0,SIDEWAYS,True,False,0.07177361765756886,0.07878928543490225,0.7361307657942463,0.07488545691722494,0.038420874196057685,2.0,DOWN_STRENGTHENING,ds0017
2023-08-08,4.0,SIDEWAYS,True,False,0.07298266833288469,0.06299075437344048,0.7485312167664526,0.07625081333331157,0.03924454719391057,2.0,DOWN_STRENGTHENING,ds0017
2023-08-09,1.0,UP_WEAKENING,True,False,0.07306880395011896,0.0688783516156919,0.7581981903583082,0.06047852619769385,0.03937612787818718,2.0,DOWN_STRENGTHENING,ds0017
2023-08-10,1.0,UP_WEAKENING,True,False,0.0710900721285862,0.08390465347504372,0.7376659485039638,0.05788125821247228,0.04945806767993395,2.0,DOWN_STRENGTHENING,ds0017
2023-08-11,1.0,UP_WEAKENING,True,False,0.0726405118047905,0.06854155276669825,0.7544908101954976,0.06477012123334476,0.03955700399966888,2.0,DOWN_STRENGTHENING,ds0017
2023-08-14,4.0,SIDEWAYS,True,False,0.07202257215976715,0.06795848906040192,0.7480725646018982,0.07290222495794296,0.03904414921998978,2.0,DOWN_STRENGTHENING,ds0017
2023-08-15,1.0,UP_WEAKENING,True,False,0.06604933239703374,0.06859956937281673,0.755129425046199,0.07063118631508895,0.039590486868861574,2.0,DOWN_STRENGTHENING,ds0017
2023-08-16,1.0,UP_WEAKENING,True,False,0.06568994666740059,0.06902597408112768,0.7598231774489512,0.0660003825724296,0.03946051923009094,2.0,DOWN_STRENGTHENING,ds0017
2023-08-17,1.0,UP_WEAKENING,True,False,0.04648652534226998,0.08667605111968366,0.7584715855577115,0.06436337338795145,0.04400246459238337,2.0,DOWN_STRENGTHENING,ds0017
2023-08-18,1.0,UP_WEAKENING,True,False,0.04530381308816749,0.08882456802276183,0.7576265190617155,0.06429165984938501,0.043953439977970125,2.0,DOWN_STRENGTHENING,ds0017
2023-08-21,1.0,UP_WEAKENING,True,False,0.0641649288528974,0.06865739051752764,0.7643088669914422,0.06304085976242699,0.03982795387570577,2.0,DOWN_STRENGTHENING,ds0017
2023-08-22,4.0,SIDEWAYS,True,False,0.04309210017396995,0.06857609335887885,0.7813824793620864,0.0662316712029715,0.04071765590209338,2.0,DOWN_STRENGTHENING,ds0017
2023-08-23,2.0,DOWN_STRENGTHENING,True,False,0.05506735004585013,0.07073210285204802,0.771188747453522,0.061980304300491576,0.04103149534808837,2.0,DOWN_STRENGTHENING,ds0017
2023-08-24,4.0,SIDEWAYS,True,False,0.04320962402831343,0.08424152528019464,0.757857629185814,0.062241424570695585,0.052449796934982355,2.0,DOWN_STRENGTHENING,ds0017
2023-08-25,2.0,DOWN_STRENGTHENING,True,False,0.0530816885285394,0.08343970185964744,0.7506442805872164,0.061649003283102126,0.05118532574149456,2.0,DOWN_STRENGTHENING,ds0017
2023-08-28,2.0,DOWN_STRENGTHENING,True,False,0.06256070942821497,0.06807676930982964,0.7597179071510627,0.06969392533319194,0.039950688777700805,2.0,DOWN_STRENGTHENING,ds0017
2023-08-29,2.0,DOWN_STRENGTHENING,True,False,0.06597724057649228,0.09333940198046721,0.7404879607442006,0.05747332265501181,0.04272207404382803,2.0,DOWN_STRENGTHENING,ds0017
2023-08-30,2.0,DOWN_STRENGTHENING,True,False,0.06906193084197157,0.0656744348025607,0.747628605809703,0.07554038234809403,0.0420946461976707,2.0,DOWN_STRENGTHENING,ds0017
2023-08-31,2.0,DOWN_STRENGTHENING,True,False,0.0947273966121398,0.06432915454980301,0.7253516885438871,0.07399301203342895,0.04159874826074113,2.0,DOWN_STRENGTHENING,ds0017
2023-09-01,2.0,DOWN_STRENGTHENING,True,False,0.09296987275011742,0.06575745393155108,0.7231144362920108,0.07563587334480787,0.0425223636815128,2.0,DOWN_STRENGTHENING,ds0017
2023-09-05,2.0,DOWN_STRENGTHENING,True,False,0.0781084851487455,0.0668147168970825,0.7347408122527891,0.0768519597024493,0.043484025998933654,2.0,DOWN_STRENGTHENING,ds0017
2023-09-06,2.0,DOWN_STRENGTHENING,True,False,0.05968310884068899,0.0655849896008704,0.7513332022800998,0.07869662608306718,0.044702073195273646,2.0,DOWN_STRENGTHENING,ds0017
2023-09-07,2.0,DOWN_STRENGTHENING,True,False,0.0545276484716135,0.07100385030710044,0.7700621055404411,0.06168094677770808,0.042725448903136946,2.0,DOWN_STRENGTHENING,ds0017
2023-09-08,2.0,DOWN_STRENGTHENING,True,False,0.04783810197402362,0.07847430250463835,0.7552387540362079,0.07779824423407639,0.040650597251053744,2.0,DOWN_STRENGTHENING,ds0017
2023-09-11,2.0,DOWN_STRENGTHENING,True,False,0.06810259023232318,0.0806802356192452,0.7280057018398813,0.07839468063120036,0.044816791677349865,2.0,DOWN_STRENGTHENING,ds0017
2023-09-12,4.0,SIDEWAYS,True,False,0.04811702596966884,0.0782553169391257,0.7531312591861001,0.07974403232717465,0.04075236557793072,2.0,DOWN_STRENGTHENING,ds0017
2023-09-13,4.0,SIDEWAYS,True,False,0.06935733375884094,0.08216671431374922,0.7414186999576878,0.06117242787701266,0.045884824092709386,2.0,DOWN_STRENGTHENING,ds0017
2023-09-14,2.0,DOWN_STRENGTHENING,True,False,0.09432296096366856,0.0846404095405508,0.7153818304434424,0.06037106984884206,0.04528372920349621,2.0,DOWN_STRENGTHENING,ds0017
2023-09-15,2.0,DOWN_STRENGTHENING,True,False,0.08603937891856067,0.1022878210906393,0.6986568544110028,0.05928393058745589,0.05373201499234134,2.0,DOWN_STRENGTHENING,ds0017
2023-09-18,4.0,SIDEWAYS,True,False,0.08617343785678386,0.08088548511596577,0.7132189300403704,0.078634567851702,0.04108757913517795,2.0,DOWN_STRENGTHENING,ds0017
2023-09-19,4.0,SIDEWAYS,True,False,0.07747219041155634,0.08449335637728236,0.7118405275439902,0.08587932074789281,0.04031460491927833,2.0,DOWN_STRENGTHENING,ds0017
2023-09-20,4.0,SIDEWAYS,True,False,0.07921274692406693,0.08901823245720392,0.7278333252084752,0.06188235013274587,0.04205334527750801,2.0,DOWN_STRENGTHENING,ds0017
2023-09-21,4.0,SIDEWAYS,True,False,0.04989932589007898,0.09047199987930059,0.7399842904504602,0.05977213143793042,0.05987225234222976,2.0,DOWN_STRENGTHENING,ds0017
2023-09-22,2.0,DOWN_STRENGTHENING,True,False,0.07397187335852072,0.12863336215987736,0.6960236274594748,0.05804883931468041,0.043322297707446715,2.0,DOWN_STRENGTHENING,ds0017
2023-09-25,2.0,DOWN_STRENGTHENING,True,False,0.0793870130455339,0.07063585204023784,0.7294345768048803,0.07534880599310372,0.04519375211624419,2.0,DOWN_STRENGTHENING,ds0017
2023-09-26,1.0,UP_WEAKENING,True,True,0.05087986481308232,0.10548744155773589,0.7350891615869413,0.06090778057541299,0.047635751466827546,2.0,DOWN_STRENGTHENING,ds0017
2023-09-27,2.0,DOWN_STRENGTHENING,True,False,0.05337043598377189,0.057493486795428844,0.7710718088836627,0.06388921433439584,0.0541750540027407,2.0,DOWN_STRENGTHENING,ds0017
2023-09-28,2.0,DOWN_STRENGTHENING,True,False,0.0602795548127376,0.04684198874587511,0.7742817180814681,0.0641961575841533,0.054400580775765886,2.0,DOWN_STRENGTHENING,ds0017
2023-09-29,2.0,DOWN_STRENGTHENING,True,False,0.07549063692635365,0.07383831425372554,0.726790888753737,0.06101406974313997,0.06286609032304383,2.0,DOWN_STRENGTHENING,ds0017
2023-10-02,2.0,DOWN_STRENGTHENING,True,False,0.11688673936498473,0.052090971303594115,0.7269271422606334,0.05974930369017599,0.044345843380611746,2.0,DOWN_STRENGTHENING,ds0017
2023-10-03,2.0,DOWN_STRENGTHENING,True,False,0.08011753350846569,0.036474635048944805,0.7634493340089719,0.06409155023370833,0.055866947199909305,2.0,DOWN_STRENGTHENING,ds0017
2023-10-04,4.0,SIDEWAYS,True,False,0.11580127995317936,0.0687277645794048,0.7036453203996414,0.06400189089783538,0.04782374416993905,2.0,DOWN_STRENGTHENING,ds0017
2023-10-05,0.0,UP_STRENGTHENING,True,False,0.09499399949806557,0.029269894094338552,0.7520770304488144,0.06986825051006999,0.053790825448711534,2.0,DOWN_STRENGTHENING,ds0017
2023-10-06,4.0,SIDEWAYS,True,False,0.0929147389811825,0.03494433079288172,0.7356153233309246,0.07071940126661501,0.06580620562839619,2.0,DOWN_STRENGTHENING,ds0017
2023-10-09,4.0,SIDEWAYS,True,False,0.1173430490496489,0.027423581874656915,0.7130135496988953,0.09490494695226513,0.04731487242453375,2.0,DOWN_STRENGTHENING,ds0017
2023-10-10,0.0,UP_STRENGTHENING,True,False,0.1233586776620593,0.02517316406012149,0.7242833133095882,0.08375268893773034,0.043432156030500664,2.0,DOWN_STRENGTHENING,ds0017
2023-10-11,4.0,SIDEWAYS,True,False,0.13072314395804008,0.02468600223020829,0.7160153731623812,0.08610427819940954,0.04247120244996092,2.0,DOWN_STRENGTHENING,ds0017
2023-10-12,4.0,SIDEWAYS,True,False,0.13487303231866465,0.025469673750047248,0.7328144894301621,0.06089282397014494,0.04594998053098101,2.0,DOWN_STRENGTHENING,ds0017
2023-10-13,0.0,UP_STRENGTHENING,True,False,0.11494630789284237,0.02637384135972413,0.7481979271061332,0.06499908985568378,0.04548283378561649,2.0,DOWN_STRENGTHENING,ds0017
2023-10-16,0.0,UP_STRENGTHENING,True,False,0.13449161894082526,0.0351803889637339,0.7027829106171415,0.08537232653198285,0.04217275494631646,2.0,DOWN_STRENGTHENING,ds0017
2023-10-17,0.0,UP_STRENGTHENING,True,False,0.10523208603152936,0.026944856181651853,0.7625080616914727,0.06031592776254309,0.04499906833280306,2.0,DOWN_STRENGTHENING,ds0017
2023-10-18,0.0,UP_STRENGTHENING,True,False,0.07817740461720026,0.02490611472499337,0.7855008562570135,0.06534130640051361,0.04607431800027929,2.0,DOWN_STRENGTHENING,ds0017
2023-10-19,0.0,UP_STRENGTHENING,True,False,0.07614810331772691,0.027074632413018333,0.7719806749067732,0.06421663875275488,0.06057995060972667,2.0,DOWN_STRENGTHENING,ds0017
2023-10-20,0.0,UP_STRENGTHENING,True,False,0.05953089959395192,0.0233038219433705,0.7879286496482266,0.06000601939863733,0.06923060941581365,2.0,DOWN_STRENGTHENING,ds0017
2023-10-23,0.0,UP_STRENGTHENING,True,False,0.06338264911216962,0.02555128234534119,0.7889488486377307,0.06509807082075758,0.05701914908400083,2.0,DOWN_STRENGTHENING,ds0017
2023-10-24,0.0,UP_STRENGTHENING,True,False,0.07529263901360721,0.023206936065813883,0.7633081035876194,0.08521618646448746,0.05297613486847206,2.0,DOWN_STRENGTHENING,ds0017
2023-10-25,0.0,UP_STRENGTHENING,True,False,0.05889362141109559,0.02563783707886526,0.7794938043146665,0.06748524040810602,0.06848949678726658,2.0,DOWN_STRENGTHENING,ds0017
2023-10-26,0.0,UP_STRENGTHENING,True,True,0.04134295446659692,0.022658779879528582,0.8123236177515445,0.05706703950364829,0.06660760839868175,2.0,DOWN_STRENGTHENING,ds0017
2023-10-27,0.0,UP_STRENGTHENING,True,True,0.052781953129609316,0.02446119986847863,0.8172293107509966,0.053053623643336614,0.05247391260757881,2.0,DOWN_STRENGTHENING,ds0017
2023-10-30,0.0,UP_STRENGTHENING,True,False,0.057742242845562154,0.02053878867139646,0.8116715105561821,0.057181057653968366,0.05286640027289093,2.0,DOWN_STRENGTHENING,ds0017
2023-10-31,0.0,UP_STRENGTHENING,True,False,0.0825426961813101,0.020970555295783816,0.7732982140278211,0.07038747611029508,0.05280105838478991,2.0,DOWN_STRENGTHENING,ds0017
2023-11-01,0.0,UP_STRENGTHENING,True,False,0.08485924484155791,0.025187362079275258,0.7808480291845203,0.06433827453977717,0.04476708935486931,2.0,DOWN_STRENGTHENING,ds0017
2023-11-02,0.0,UP_STRENGTHENING,True,False,0.12543260028334707,0.02354288933958446,0.7501241248147236,0.058177123150867344,0.04272326241147751,2.0,DOWN_STRENGTHENING,ds0017
2023-11-03,0.0,UP_STRENGTHENING,True,False,0.12537617934727602,0.023271158250901258,0.7497866721831759,0.05815095060262475,0.04341503961602211,2.0,DOWN_STRENGTHENING,ds0017
2023-11-06,0.0,UP_STRENGTHENING,True,False,0.12400547553605,0.02279905255286827,0.7345756970484819,0.07599494691187457,0.04262482795072527,2.0,DOWN_STRENGTHENING,ds0017
2023-11-07,0.0,UP_STRENGTHENING,True,False,0.1252402795913034,0.023245935956534833,0.7489740154839715,0.059171783897648586,0.043367985070541695,2.0,DOWN_STRENGTHENING,ds0017
2023-11-08,0.0,UP_STRENGTHENING,True,False,0.12375934437673235,0.02473869885574479,0.733117625476572,0.0758441062697312,0.04254022502121967,2.0,DOWN_STRENGTHENING,ds0017
2023-11-09,0.0,UP_STRENGTHENING,True,False,0.12519108015504085,0.025263833399679823,0.7486797128533513,0.05751443027082594,0.04335094332110207,2.0,DOWN_STRENGTHENING,ds0017
2023-11-10,0.0,UP_STRENGTHENING,True,False,0.12178445562055537,0.0508786363494447,0.7283071252394202,0.056485071567874134,0.042544711222705575,2.0,DOWN_STRENGTHENING,ds0017
2023-11-13,0.0,UP_STRENGTHENING,True,False,0.12098783864467026,0.046176038166403345,0.7167000094424932,0.07485552793530158,0.04128058581113161,2.0,DOWN_STRENGTHENING,ds0017
2023-11-14,0.0,UP_STRENGTHENING,True,False,0.21059023078738268,0.13750397339439552,0.4906010931371991,0.08798125606887007,0.07332344661215266,2.0,DOWN_STRENGTHENING,ds0017
2023-11-15,0.0,UP_STRENGTHENING,True,False,0.22693953731836267,0.10174537146850314,0.5086134520586296,0.09481174216235452,0.06788989699215003,2.0,DOWN_STRENGTHENING,ds0017
2023-11-16,0.0,UP_STRENGTHENING,True,False,0.22161154779212994,0.09935663788552043,0.4871279371846905,0.12591333874930946,0.06599053838834969,2.0,DOWN_STRENGTHENING,ds0017
2023-11-17,0.0,UP_STRENGTHENING,True,False,0.16640296268457616,0.19412117834908554,0.4918572513040667,0.09683523891800569,0.050783368744265873,2.0,DOWN_STRENGTHENING,ds0017
2023-11-20,0.0,UP_STRENGTHENING,True,False,0.16674160584639894,0.19310082063598585,0.4928582200514178,0.0966470965002381,0.05065225696595929,2.0,DOWN_STRENGTHENING,ds0017
2023-11-21,0.0,UP_STRENGTHENING,True,False,0.16674160584639894,0.19310082063598585,0.4928582200514178,0.0966470965002381,0.05065225696595929,2.0,DOWN_STRENGTHENING,ds0017
2023-11-22,0.0,UP_STRENGTHENING,True,False,0.16731994539692774,0.19377058048351253,0.4904774032356271,0.09736885529405404,0.0510632155898786,2.0,DOWN_STRENGTHENING,ds0017
2023-11-24,0.0,UP_STRENGTHENING,True,False,0.16734255787975133,0.19379678296373493,0.49054369147664423,0.09699542039261974,0.05132154728724976,2.0,DOWN_STRENGTHENING,ds0017
2023-11-27,0.0,UP_STRENGTHENING,True,False,0.1674240485877978,0.19389114768341917,0.4907825759221687,0.09704266235493632,0.050859565451678045,2.0,DOWN_STRENGTHENING,ds0017
2023-11-28,0.0,UP_STRENGTHENING,True,False,0.1674240485877978,0.19389114768341917,0.4907825759221687,0.09704266235493632,0.050859565451678045,2.0,DOWN_STRENGTHENING,ds0017
2023-11-29,0.0,UP_STRENGTHENING,True,False,0.16731994539692774,0.19377058048351253,0.4904774032356271,0.09736885529405404,0.0510632155898786,2.0,DOWN_STRENGTHENING,ds0017
2023-11-30,0.0,UP_STRENGTHENING,True,False,0.1534226037866781,0.2843263031301914,0.4497390972285146,0.06538931694484647,0.047122678909769435,2.0,DOWN_STRENGTHENING,ds0017
2023-12-01,0.0,UP_STRENGTHENING,True,False,0.17179633613006645,0.19895464107783645,0.5035994034126423,0.07322028252027823,0.05242933685917654,2.0,DOWN_STRENGTHENING,ds0017
2023-12-04,0.0,UP_STRENGTHENING,True,False,0.13283947357608888,0.24618114989588316,0.5245858528574157,0.05661670224027154,0.03977682143034081,2.0,DOWN_STRENGTHENING,ds0017
2023-12-05,0.0,UP_STRENGTHENING,True,False,0.14623107070561897,0.16934789780284426,0.5774695298726467,0.062324255937055706,0.04462724568183439,2.0,DOWN_STRENGTHENING,ds0017
2023-12-06,0.0,UP_STRENGTHENING,True,False,0.14658002609975646,0.16975201729592687,0.5788475892649874,0.06316716247486756,0.04165320486446174,2.0,DOWN_STRENGTHENING,ds0017
2023-12-07,0.0,UP_STRENGTHENING,True,False,0.13506557097682942,0.232507751258119,0.533376755317214,0.05756547695981516,0.04148444548802244,2.0,DOWN_STRENGTHENING,ds0017
2023-12-08,0.0,UP_STRENGTHENING,True,False,0.1433434576661213,0.18575070037224253,0.5660663015144717,0.06109354394663504,0.043745996500529495,2.0,DOWN_STRENGTHENING,ds0017
2023-12-11,0.0,UP_STRENGTHENING,True,False,0.14623107070561897,0.16934789780284426,0.5774695298726467,0.062324255937055706,0.04462724568183439,2.0,DOWN_STRENGTHENING,ds0017
2023-12-12,0.0,UP_STRENGTHENING,True,False,0.1461738795042038,0.16928167641162872,0.5772437453269958,0.06229988485574722,0.04500081390142441,2.0,DOWN_STRENGTHENING,ds0017
2023-12-13,0.0,UP_STRENGTHENING,True,False,0.1516516301165659,0.189824276051511,0.526971439757517,0.05869806339226427,0.07285459068214183,2.0,DOWN_STRENGTHENING,ds0017
2023-12-14,0.0,UP_STRENGTHENING,True,False,0.1516516301165659,0.189824276051511,0.526971439757517,0.05869806339226427,0.07285459068214183,2.0,DOWN_STRENGTHENING,ds0017
2023-12-15,1.0,UP_WEAKENING,True,False,0.15174399655485146,0.1899398905770456,0.5272923825821068,0.05873381477744463,0.0722899155085515,2.0,DOWN_STRENGTHENING,ds0017
2023-12-18,0.0,UP_STRENGTHENING,True,False,0.15051027034808656,0.21860236499539223,0.5230053203591601,0.05825629237217474,0.049625751925186305,2.0,DOWN_STRENGTHENING,ds0017
2023-12-19,0.0,UP_STRENGTHENING,True,False,0.1555865418582152,0.16047993421912143,0.5406447689283249,0.09240447798672674,0.05088427700761167,2.0,DOWN_STRENGTHENING,ds0017
2023-12-20,0.0,UP_STRENGTHENING,True,False,0.15326912872421514,0.1999599061901857,0.5325920641339429,0.05932413480420561,0.054854766147450724,2.0,DOWN_STRENGTHENING,ds0017
2023-12-21,0.0,UP_STRENGTHENING,True,False,0.15796986575357316,0.1798746924074298,0.5489265445379885,0.06114359336667344,0.05208530393433505,2.0,DOWN_STRENGTHENING,ds0017
2023-12-22,0.0,UP_STRENGTHENING,True,False,0.1555865418582152,0.16047993421912143,0.5406447689283249,0.09240447798672674,0.05088427700761167,2.0,DOWN_STRENGTHENING,ds0017
2023-12-26,0.0,UP_STRENGTHENING,True,False,0.1555865418582152,0.16047993421912143,0.5406447689283249,0.09240447798672674,0.05088427700761167,2.0,DOWN_STRENGTHENING,ds0017
2023-12-27,0.0,UP_STRENGTHENING,True,False,0.1555865418582152,0.16047993421912143,0.5406447689283249,0.09240447798672674,0.05088427700761167,2.0,DOWN_STRENGTHENING,ds0017
2023-12-28,0.0,UP_STRENGTHENING,True,False,0.1555865418582152,0.16047993421912143,0.5406447689283249,0.09240447798672674,0.05088427700761167,2.0,DOWN_STRENGTHENING,ds0017
2023-12-29,0.0,UP_STRENGTHENING,True,False,0.15952812313506146,0.17178473068533165,0.5543413224183916,0.06174673209056331,0.052599091670652014,2.0,DOWN_STRENGTHENING,ds0017
2024-01-02,0.0,UP_STRENGTHENING,True,False,0.15222885451829102,0.19054679005260866,0.5289771813031411,0.058921485267502474,0.06932568885845675,2.0,DOWN_STRENGTHENING,ds0017
2024-01-03,0.0,UP_STRENGTHENING,True,False,0.14961459954055772,0.2198212105814142,0.5259214541703192,0.058581108998859134,0.046061626708849765,2.0,DOWN_STRENGTHENING,ds0017
2024-01-04,0.0,UP_STRENGTHENING,True,False,0.15888657208524326,0.16578408141455328,0.5585140177109322,0.06789915491302458,0.04891617387624668,2.0,DOWN_STRENGTHENING,ds0017
2024-01-05,0.0,UP_STRENGTHENING,True,False,0.15828481434497843,0.17460961769975436,0.5563987534969952,0.06197590054553673,0.048730913912735235,2.0,DOWN_STRENGTHENING,ds0017
2024-01-08,0.0,UP_STRENGTHENING,True,False,0.16057850719575784,0.170406538441899,0.5579912766440078,0.06215328838961736,0.048870389328717984,2.0,DOWN_STRENGTHENING,ds0017
2024-01-09,0.0,UP_STRENGTHENING,True,False,0.16043336032045274,0.16547920621830498,0.5574869285063586,0.06777428557903639,0.04882621937584723,2.0,DOWN_STRENGTHENING,ds0017
2024-01-10,0.0,UP_STRENGTHENING,True,False,0.15552568667420277,0.16041718662406781,0.5404333552782737,0.09236834335876022,0.05125542806469542,2.0,DOWN_STRENGTHENING,ds0017
2024-01-11,0.0,UP_STRENGTHENING,True,False,0.1513150522828302,0.1894029726304889,0.5258018511556571,0.05856778997918416,0.07491233395183958,2.0,DOWN_STRENGTHENING,ds0017
2024-01-12,0.0,UP_STRENGTHENING,True,False,0.1331901217537714,0.17980786689126838,0.5569338057244694,0.07432964995388855,0.055738555676602235,2.0,DOWN_STRENGTHENING,ds0017
2024-01-16,0.0,UP_STRENGTHENING,True,False,0.13069176381770303,0.18870192344407907,0.5506079669905908,0.07348538770931838,0.056512958038308664,2.0,DOWN_STRENGTHENING,ds0017
2024-01-17,0.0,UP_STRENGTHENING,True,False,0.12252172188720067,0.21059911344801044,0.5161874025068297,0.06814501824218684,0.08254674391577238,2.0,DOWN_STRENGTHENING,ds0017
2024-01-18,0.0,UP_STRENGTHENING,True,False,0.12252172188720067,0.21059911344801044,0.5161874025068297,0.06814501824218684,0.08254674391577238,2.0,DOWN_STRENGTHENING,ds0017
2024-01-19,1.0,UP_WEAKENING,True,False,0.12243033291720101,0.2104420230570586,0.5158023276612336,0.06884014657765736,0.08248516978684939,2.0,DOWN_STRENGTHENING,ds0017
2024-01-22,1.0,UP_WEAKENING,True,False,0.13115320953183016,0.18583734125825754,0.552552097821026,0.07374485499696969,0.05671249639191669,2.0,DOWN_STRENGTHENING,ds0017
2024-01-23,4.0,SIDEWAYS,True,False,0.1264846152349447,0.17075536827081128,0.5288947722149124,0.12093286736062044,0.0529323769187112,2.0,DOWN_STRENGTHENING,ds0017
2024-01-24,1.0,UP_WEAKENING,True,False,0.12067457423367993,0.2508858470345197,0.508405273874163,0.06785292254223961,0.05218138231539781,2.0,DOWN_STRENGTHENING,ds0017
2024-01-25,1.0,UP_WEAKENING,True,False,0.13183757613659808,0.18158897689883047,0.5554353574088389,0.07412966313164807,0.057008426424084505,2.0,DOWN_STRENGTHENING,ds0017
2024-01-26,1.0,UP_WEAKENING,True,False,0.1264348337533685,0.17068818338728087,0.528686646585812,0.12127878607272197,0.052911550200816615,2.0,DOWN_STRENGTHENING,ds0017
2024-01-29,1.0,UP_WEAKENING,True,False,0.1264348337533685,0.17068818338728087,0.528686646585812,0.12127878607272197,0.052911550200816615,2.0,DOWN_STRENGTHENING,ds0017
2024-01-30,1.0,UP_WEAKENING,True,False,0.1264846152349447,0.17075536827081128,0.5288947722149124,0.12093286736062044,0.0529323769187112,2.0,DOWN_STRENGTHENING,ds0017
2024-01-31,0.0,UP_STRENGTHENING,True,False,0.12211622314952474,0.21180151630630992,0.5191345501461894,0.06858208366739252,0.0783656267305835,2.0,DOWN_STRENGTHENING,ds0017
2024-02-01,0.0,UP_STRENGTHENING,True,False,0.12116810069793575,0.25191191120347284,0.5104845223257451,0.06743934080868223,0.048996124964164105,2.0,DOWN_STRENGTHENING,ds0017
2024-02-02,0.0,UP_STRENGTHENING,True,False,0.12243033291720101,0.2104420230570586,0.5158023276612336,0.06884014657765736,0.08248516978684939,2.0,DOWN_STRENGTHENING,ds0017
2024-02-05,1.0,UP_WEAKENING,True,False,0.1264348337533685,0.17068818338728087,0.528686646585812,0.12127878607272197,0.052911550200816615,2.0,DOWN_STRENGTHENING,ds0017
2024-02-06,1.0,UP_WEAKENING,True,False,0.1264846152349447,0.17075536827081128,0.5288947722149124,0.12093286736062044,0.0529323769187112,2.0,DOWN_STRENGTHENING,ds0017
2024-02-07,1.0,UP_WEAKENING,True,False,0.1264846152349447,0.17075536827081128,0.5288947722149124,0.12093286736062044,0.0529323769187112,2.0,DOWN_STRENGTHENING,ds0017
2024-02-08,1.0,UP_WEAKENING,True,False,0.1264846152349447,0.17075536827081128,0.5288947722149124,0.12093286736062044,0.0529323769187112,2.0,DOWN_STRENGTHENING,ds0017
2024-02-09,4.0,SIDEWAYS,True,False,0.1264846152349447,0.17075536827081128,0.5288947722149124,0.12093286736062044,0.0529323769187112,2.0,DOWN_STRENGTHENING,ds0017
2024-02-12,1.0,UP_WEAKENING,True,False,,,,,,,,ds0017
2024-02-13,1.0,UP_WEAKENING,True,False,,,,,,,,ds0017
2024-02-14,1.0,UP_WEAKENING,True,False,,,,,,,,ds0017
2024-02-15,4.0,SIDEWAYS,True,False,,,,,,,,ds0017
2024-02-16,1.0,UP_WEAKENING,True,False,,,,,,,,ds0017
2024-02-20,0.0,UP_STRENGTHENING,True,False,,,,,,,,ds0017
2024-02-21,0.0,UP_STRENGTHENING,True,False,,,,,,,,ds0017
2024-02-22,1.0,UP_WEAKENING,True,False,,,,,,,,ds0017
2024-02-23,1.0,UP_WEAKENING,True,False,,,,,,,,ds0017
2024-02-26,1.0,UP_WEAKENING,True,False,,,,,,,,ds0017
2024-02-27,1.0,UP_WEAKENING,True,False,,,,,,,,ds0017
2024-02-28,1.0,UP_WEAKENING,True,False,,,,,,,,ds0017
2024-02-29,1.0,UP_WEAKENING,True,False,,,,,,,,ds0017
2024-03-01,4.0,SIDEWAYS,True,False,,,,,,,,ds0017
2024-03-04,4.0,SIDEWAYS,True,False,,,,,,,,ds0017
2024-03-05,1.0,UP_WEAKENING,True,False,,,,,,,,ds0017
2024-03-06,4.0,SIDEWAYS,True,False,,,,,,,,ds0017
2024-03-07,4.0,SIDEWAYS,True,False,,,,,,,,ds0017
2024-03-08,4.0,SIDEWAYS,True,False,,,,,,,,ds0017
2024-03-11,1.0,UP_WEAKENING,True,False,,,,,,,,ds0017
2024-03-12,4.0,SIDEWAYS,True,True,,,,,,,,ds0017
2024-03-13,1.0,UP_WEAKENING,True,False,,,,,,,,ds0017
2024-03-14,4.0,SIDEWAYS,True,False,,,,,,,,ds0017
2024-03-15,4.0,SIDEWAYS,True,False,,,,,,,,ds0017
2024-03-18,2.0,DOWN_STRENGTHENING,True,False,,,,,,,,ds0017
2024-03-19,2.0,DOWN_STRENGTHENING,True,False,,,,,,,,ds0017
2024-03-20,2.0,DOWN_STRENGTHENING,True,False,,,,,,,,ds0017
2024-03-21,2.0,DOWN_STRENGTHENING,True,False,,,,,,,,ds0017
2024-03-22,2.0,DOWN_STRENGTHENING,True,False,,,,,,,,ds0017
2024-03-25,2.0,DOWN_STRENGTHENING,True,False,,,,,,,,ds0017
2024-03-26,2.0,DOWN_STRENGTHENING,True,False,,,,,,,,ds0017
2024-03-27,2.0,DOWN_STRENGTHENING,True,False,,,,,,,,ds0017
2024-03-28,2.0,DOWN_STRENGTHENING,True,False,,,,,,,,ds0017
2024-04-01,2.0,DOWN_STRENGTHENING,True,False,,,,,,,,ds0017
2024-04-02,2.0,DOWN_STRENGTHENING,True,False,,,,,,,,ds0017
2024-04-03,2.0,DOWN_STRENGTHENING,True,False,,,,,,,,ds0017
2024-04-04,2.0,DOWN_STRENGTHENING,True,False,,,,,,,,ds0017
2024-04-05,2.0,DOWN_STRENGTHENING,True,False,,,,,,,,ds0017
2024-04-08,4.0,SIDEWAYS,True,False,,,,,,,,ds0017
2024-04-09,4.0,SIDEWAYS,True,False,,,,,,,,ds0017
2024-04-10,4.0,SIDEWAYS,True,False,,,,,,,,ds0017
2024-04-11,2.0,DOWN_STRENGTHENING,True,False,,,,,,,,ds0017
2024-04-12,1.0,UP_WEAKENING,True,False,,,,,,,,ds0017
2024-04-15,1.0,UP_WEAKENING,True,False,,,,,,,,ds0017
2024-04-16,1.0,UP_WEAKENING,True,False,,,,,,,,ds0017
2024-04-17,1.0,UP_WEAKENING,True,False,,,,,,,,ds0017
2024-04-18,1.0,UP_WEAKENING,True,False,,,,,,,,ds0017
2024-04-19,0.0,UP_STRENGTHENING,True,False,,,,,,,,ds0017
2024-04-22,0.0,UP_STRENGTHENING,True,False,,,,,,,,ds0017
2024-04-23,0.0,UP_STRENGTHENING,True,False,,,,,,,,ds0017
2024-04-24,0.0,UP_STRENGTHENING,True,False,,,,,,,,ds0017
2024-04-25,0.0,UP_STRENGTHENING,True,False,,,,,,,,ds0017
2024-04-26,0.0,UP_STRENGTHENING,True,True,,,,,,,,ds0017
2024-04-29,0.0,UP_STRENGTHENING,True,True,,,,,,,,ds0017
2024-04-30,0.0,UP_STRENGTHENING,True,True,,,,,,,,ds0017
2024-05-01,0.0,UP_STRENGTHENING,True,True,,,,,,,,ds0017
2024-05-02,0.0,UP_STRENGTHENING,True,True,,,,,,,,ds0017
2024-05-03,0.0,UP_STRENGTHENING,True,True,,,,,,,,ds0017
2024-05-06,0.0,UP_STRENGTHENING,True,True,,,,,,,,ds0017
2024-05-07,0.0,UP_STRENGTHENING,True,True,,,,,,,,ds0017
2024-05-08,0.0,UP_STRENGTHENING,True,True,,,,,,,,ds0017
2024-05-09,0.0,UP_STRENGTHENING,True,True,,,,,,,,ds0017
2024-05-10,0.0,UP_STRENGTHENING,True,True,,,,,,,,ds0017
2024-05-13,0.0,UP_STRENGTHENING,True,False,,,,,,,,ds0017
2024-05-14,0.0,UP_STRENGTHENING,True,False,,,,,,,,ds0017
2024-05-15,0.0,UP_STRENGTHENING,True,False,,,,,,,,ds0017
2024-05-16,0.0,UP_STRENGTHENING,True,False,,,,,,,,ds0017
2024-05-17,0.0,UP_STRENGTHENING,True,False,,,,,,,,ds0017
2024-05-20,0.0,UP_STRENGTHENING,True,False,,,,,,,,ds0017
2024-05-21,0.0,UP_STRENGTHENING,True,False,,,,,,,,ds0017
2024-05-22,0.0,UP_STRENGTHENING,True,False,,,,,,,,ds0017
2024-05-23,0.0,UP_STRENGTHENING,True,False,,,,,,,,ds0017
2024-05-24,0.0,UP_STRENGTHENING,True,False,,,,,,,,ds0017
2024-05-28,0.0,UP_STRENGTHENING,True,False,,,,,,,,ds0017
2024-05-29,0.0,UP_STRENGTHENING,True,False,,,,,,,,ds0017
2024-05-30,0.0,UP_STRENGTHENING,True,False,,,,,,,,ds0017
2024-05-31,0.0,UP_STRENGTHENING,True,False,,,,,,,,ds0017
2024-06-03,0.0,UP_STRENGTHENING,True,False,,,,,,,,ds0017
2024-06-04,0.0,UP_STRENGTHENING,True,False,,,,,,,,ds0017
2024-06-05,0.0,UP_STRENGTHENING,True,False,,,,,,,,ds0017
2024-06-06,0.0,UP_STRENGTHENING,True,False,,,,,,,,ds0017
2024-06-07,0.0,UP_STRENGTHENING,True,False,,,,,,,,ds0017
2024-06-10,0.0,UP_STRENGTHENING,True,False,,,,,,,,ds0017
2024-06-11,0.0,UP_STRENGTHENING,True,False,,,,,,,,ds0017
2024-06-12,0.0,UP_STRENGTHENING,True,False,,,,,,,,ds0017
2024-06-13,0.0,UP_STRENGTHENING,True,False,,,,,,,,ds0017
2024-06-14,0.0,UP_STRENGTHENING,True,False,,,,,,,,ds0017
2024-06-17,4.0,SIDEWAYS,True,False,,,,,,,,ds0017
2024-06-18,3.0,DOWN_WEAKENING,True,False,,,,,,,,ds0017
2024-06-20,2.0,DOWN_STRENGTHENING,True,False,,,,,,,,ds0017
2024-06-21,4.0,SIDEWAYS,True,False,,,,,,,,ds0017
2024-06-24,0.0,UP_STRENGTHENING,True,False,,,,,,,,ds0017
2024-06-25,2.0,DOWN_STRENGTHENING,True,False,,,,,,,,ds0017
2024-06-26,2.0,DOWN_STRENGTHENING,True,False,,,,,,,,ds0017
2024-06-27,2.0,DOWN_STRENGTHENING,True,False,,,,,,,,ds0017
2024-06-28,2.0,DOWN_STRENGTHENING,True,False,,,,,,,,ds0017
2024-07-01,2.0,DOWN_STRENGTHENING,True,False,,,,,,,,ds0017
2024-07-02,2.0,DOWN_STRENGTHENING,True,False,,,,,,,,ds0017
2024-07-03,2.0,DOWN_STRENGTHENING,True,False,,,,,,,,ds0017
2024-07-05,2.0,DOWN_STRENGTHENING,True,False,,,,,,,,ds0017
2024-07-08,2.0,DOWN_STRENGTHENING,True,False,,,,,,,,ds0017
2024-07-09,2.0,DOWN_STRENGTHENING,True,False,,,,,,,,ds0017
2024-07-10,2.0,DOWN_STRENGTHENING,True,False,,,,,,,,ds0017
2024-07-11,2.0,DOWN_STRENGTHENING,True,False,,,,,,,,ds0017
2024-07-12,2.0,DOWN_STRENGTHENING,True,False,,,,,,,,ds0017
2024-07-15,2.0,DOWN_STRENGTHENING,True,False,,,,,,,,ds0017
2024-07-16,2.0,DOWN_STRENGTHENING,True,False,,,,,,,,ds0017
2024-07-17,2.0,DOWN_STRENGTHENING,True,False,,,,,,,,ds0017
2024-07-18,2.0,DOWN_STRENGTHENING,True,False,,,,,,,,ds0017
2024-07-19,4.0,SIDEWAYS,True,False,,,,,,,,ds0017
2024-07-22,4.0,SIDEWAYS,True,False,,,,,,,,ds0017
2024-07-23,4.0,SIDEWAYS,True,False,,,,,,,,ds0017
2024-07-24,1.0,UP_WEAKENING,True,True,,,,,,,,ds0017
2024-07-25,1.0,UP_WEAKENING,True,True,,,,,,,,ds0017
2024-07-26,1.0,UP_WEAKENING,True,True,,,,,,,,ds0017
2024-07-29,1.0,UP_WEAKENING,True,True,,,,,,,,ds0017
2024-07-30,1.0,UP_WEAKENING,True,True,,,,,,,,ds0017
2024-07-31,4.0,SIDEWAYS,True,True,,,,,,,,ds0017
2024-08-01,1.0,UP_WEAKENING,True,True,,,,,,,,ds0017
2024-08-02,0.0,UP_STRENGTHENING,True,True,,,,,,,,ds0017
2024-08-05,1.0,UP_WEAKENING,True,True,,,,,,,,ds0017
2024-08-06,1.0,UP_WEAKENING,True,True,,,,,,,,ds0017
2024-08-07,0.0,UP_STRENGTHENING,True,True,,,,,,,,ds0017
2024-08-08,4.0,SIDEWAYS,True,True,,,,,,,,ds0017
2024-08-09,4.0,SIDEWAYS,True,True,,,,,,,,ds0017
2024-08-12,4.0,SIDEWAYS,True,True,,,,,,,,ds0017
2024-08-13,4.0,SIDEWAYS,True,True,,,,,,,,ds0017
2024-08-14,1.0,UP_WEAKENING,True,True,,,,,,,,ds0017
2024-08-15,4.0,SIDEWAYS,True,True,,,,,,,,ds0017
2024-08-16,4.0,SIDEWAYS,True,True,,,,,,,,ds0017
2024-08-19,4.0,SIDEWAYS,True,True,,,,,,,,ds0017
2024-08-20,2.0,DOWN_STRENGTHENING,True,True,,,,,,,,ds0017
2024-08-21,4.0,SIDEWAYS,True,True,,,,,,,,ds0017
2024-08-22,0.0,UP_STRENGTHENING,True,True,,,,,,,,ds0017
2024-08-23,4.0,SIDEWAYS,True,True,,,,,,,,ds0017
2024-08-26,0.0,UP_STRENGTHENING,True,True,,,,,,,,ds0017
2024-08-27,0.0,UP_STRENGTHENING,True,True,,,,,,,,ds0017
2024-08-28,0.0,UP_STRENGTHENING,True,True,,,,,,,,ds0017
2024-08-29,0.0,UP_STRENGTHENING,True,True,,,,,,,,ds0017
2024-08-30,0.0,UP_STRENGTHENING,True,True,,,,,,,,ds0017
2024-09-03,0.0,UP_STRENGTHENING,True,True,0.5122512693461314,0.07907862392988706,0.2191003311969414,0.07151420574294491,0.1180555697840952,0.0,UP_STRENGTHENING,ds0017
2024-09-04,0.0,UP_STRENGTHENING,True,True,0.5461820960044861,0.08051034063100815,0.23538538813591003,0.07682964205741882,0.06109253317117691,0.0,UP_STRENGTHENING,ds0017
2024-09-05,0.0,UP_STRENGTHENING,True,True,0.5639921510814451,0.08313565080069975,0.20977776065137627,0.07933493076763944,0.06375950669883947,0.0,UP_STRENGTHENING,ds0017
2024-09-06,0.0,UP_STRENGTHENING,True,True,0.4868073870273095,0.08755355524018903,0.24701910273028393,0.06606042532757875,0.11255952967463873,0.0,UP_STRENGTHENING,ds0017
2024-09-09,0.0,UP_STRENGTHENING,True,True,0.5215199991494418,0.07912720445069654,0.25748391980365215,0.0750619294098791,0.06680694718633044,0.0,UP_STRENGTHENING,ds0017
2024-09-10,0.0,UP_STRENGTHENING,True,True,0.5040127038955688,0.07853096723556519,0.25559768080711365,0.09611101448535919,0.06574763357639313,0.0,UP_STRENGTHENING,ds0017
2024-09-11,0.0,UP_STRENGTHENING,True,True,0.4706850104421744,0.08300051405278147,0.25174291609078336,0.0793944183307817,0.11517714108347903,0.0,UP_STRENGTHENING,ds0017
2024-09-12,0.0,UP_STRENGTHENING,True,True,0.47585100999141505,0.08730957107192809,0.2724696756706314,0.091856347587474,0.0725133956785514,0.0,UP_STRENGTHENING,ds0017
2024-09-13,0.0,UP_STRENGTHENING,True,True,0.46839049297932955,0.07793345524816887,0.23504954490478408,0.13576922400353092,0.08285728286418657,0.0,UP_STRENGTHENING,ds0017
2024-09-16,0.0,UP_STRENGTHENING,True,True,0.379371702671051,0.09277141839265823,0.2824356257915497,0.1616186946630478,0.08380255848169327,0.0,UP_STRENGTHENING,ds0017
2024-09-17,0.0,UP_STRENGTHENING,True,False,0.4284646085362253,0.08683048674969415,0.26647447745578057,0.1391637581836057,0.07906666907469424,0.0,UP_STRENGTHENING,ds0017
2024-09-18,0.0,UP_STRENGTHENING,True,False,0.43085981699406556,0.10246455974771261,0.2808162951712696,0.10096144232038981,0.08489788576656239,0.0,UP_STRENGTHENING,ds0017
2024-09-19,0.0,UP_STRENGTHENING,True,True,0.4680260735304135,0.059379007888507127,0.23190297272765253,0.07639244227257536,0.1642995035808515,0.0,UP_STRENGTHENING,ds0017
2024-09-20,0.0,UP_STRENGTHENING,True,True,0.5317128936328954,0.061018489755827854,0.2193772511137817,0.08373197230496982,0.10415939319252515,0.0,UP_STRENGTHENING,ds0017
2024-09-23,0.0,UP_STRENGTHENING,True,True,0.5116306524290493,0.05753766351365423,0.21091960291966944,0.11968514278648368,0.10022693835114338,0.0,UP_STRENGTHENING,ds0017
2024-09-24,0.0,UP_STRENGTHENING,True,False,0.4887455397096598,0.05874434463646082,0.22180561553273292,0.12624865032724442,0.10445584979390203,0.0,UP_STRENGTHENING,ds0017
2024-09-25,4.0,SIDEWAYS,True,False,0.3209250545432787,0.07888217956660554,0.2941948153511076,0.16745157415083367,0.13854637638817446,0.0,UP_STRENGTHENING,ds0017
2024-09-26,4.0,SIDEWAYS,True,False,0.31866534357274534,0.13009322695086797,0.29642980186530193,0.11600247338404979,0.13880915422703496,0.0,UP_STRENGTHENING,ds0017
2024-09-27,0.0,UP_STRENGTHENING,True,False,0.30341277924262394,0.12386645475726438,0.2822415085457969,0.15831405588836678,0.13216520156594805,0.0,UP_STRENGTHENING,ds0017
2024-09-30,0.0,UP_STRENGTHENING,True,False,0.30769780736711333,0.12561580725931834,0.28622755834799346,0.1464270673159818,0.13403175970959305,0.0,UP_STRENGTHENING,ds0017
2024-10-01,0.0,UP_STRENGTHENING,True,False,0.39643532923837,0.1472269180542287,0.22376101219119904,0.09580270415103519,0.1367740363651671,0.0,UP_STRENGTHENING,ds0017
2024-10-02,0.0,UP_STRENGTHENING,True,False,0.4040974288263002,0.13546302611835986,0.22715797512625213,0.11023725322848738,0.12304431670060045,0.0,UP_STRENGTHENING,ds0017
2024-10-03,4.0,SIDEWAYS,True,False,0.4048464773641086,0.1334308197071904,0.22874344203640692,0.10970686794200933,0.12327239295028469,0.0,UP_STRENGTHENING,ds0017
2024-10-04,4.0,SIDEWAYS,True,False,0.38866456184790843,0.14596908849569892,0.22395903694751748,0.09788110560533089,0.14352620710354427,0.0,UP_STRENGTHENING,ds0017
2024-10-07,4.0,SIDEWAYS,True,False,0.39791020454533244,0.14722153434737373,0.2258806509831499,0.10782725283632238,0.12116035728782149,0.0,UP_STRENGTHENING,ds0017
2024-10-08,4.0,SIDEWAYS,True,False,0.3881463226123548,0.14694591304498653,0.22033799351268987,0.09843176896666792,0.14613800186330086,0.0,UP_STRENGTHENING,ds0017
2024-10-09,0.0,UP_STRENGTHENING,True,False,0.3739113509654999,0.16063134372234344,0.19435307383537292,0.10492929816246033,0.16617493331432343,0.0,UP_STRENGTHENING,ds0017
2024-10-10,0.0,UP_STRENGTHENING,True,False,0.3606453049375208,0.1638179321234802,0.19820863599206912,0.1078566344933699,0.16947149245356,0.0,UP_STRENGTHENING,ds0017
2024-10-11,0.0,UP_STRENGTHENING,True,False,0.23743691509730558,0.10495806250814954,0.4751063479086828,0.07092425068637169,0.1115744237994904,2.0,DOWN_STRENGTHENING,ds0017
2024-10-14,0.0,UP_STRENGTHENING,True,False,0.23634999204725005,0.10697857609327364,0.4729314587393838,0.06562957363216798,0.11811039948792457,2.0,DOWN_STRENGTHENING,ds0017
2024-10-15,0.0,UP_STRENGTHENING,True,False,0.23636717132554586,0.1231116605500503,0.48411778697634755,0.06375994675814986,0.0926434343899064,2.0,DOWN_STRENGTHENING,ds0017
2024-10-16,0.0,UP_STRENGTHENING,True,False,0.24468585119587627,0.1107516181244964,0.48961131305660865,0.07260331295122764,0.08234790467179105,2.0,DOWN_STRENGTHENING,ds0017
2024-10-17,0.0,UP_STRENGTHENING,True,False,0.2427613545698533,0.11153740189391681,0.49308510838829467,0.06442210366228686,0.08819403148564837,2.0,DOWN_STRENGTHENING,ds0017
2024-10-18,4.0,SIDEWAYS,True,False,0.23642521392031868,0.11055089948919715,0.4730819620763671,0.06297545692397782,0.11696646759013928,2.0,DOWN_STRENGTHENING,ds0017
2024-10-21,1.0,UP_WEAKENING,True,False,0.22891751272853483,0.12021392017921687,0.4688597093352632,0.06231960002064109,0.119689257736344,2.0,DOWN_STRENGTHENING,ds0017
2024-10-22,1.0,UP_WEAKENING,True,False,0.2342881744248893,0.10764436584181139,0.47587475889734565,0.06334722881536527,0.1188454720205884,2.0,DOWN_STRENGTHENING,ds0017
2024-10-23,0.0,UP_STRENGTHENING,True,False,0.2359769843677177,0.1261862017659537,0.48331863687744364,0.05961544194903276,0.09490273503985223,2.0,DOWN_STRENGTHENING,ds0017
2024-10-24,0.0,UP_STRENGTHENING,True,False,0.24007807552290947,0.1086660103649341,0.4803912615513701,0.07103332400843564,0.09983132855235072,2.0,DOWN_STRENGTHENING,ds0017
2024-10-25,1.0,UP_WEAKENING,True,False,0.23018117077513656,0.12308695820654214,0.47144788152390804,0.06266361428302814,0.11262037521138507,2.0,DOWN_STRENGTHENING,ds0017
2024-10-28,1.0,UP_WEAKENING,True,False,0.23937641797591502,0.10834842498148754,0.47898726102671807,0.07082572045402886,0.10246217556185054,2.0,DOWN_STRENGTHENING,ds0017
2024-10-29,1.0,UP_WEAKENING,True,False,0.275082653949022,0.10336686901823139,0.44099373611048764,0.062274874648635264,0.11828186627362369,2.0,DOWN_STRENGTHENING,ds0017
2024-10-30,1.0,UP_WEAKENING,True,False,0.28125083656050887,0.10861285111764707,0.4562435184139275,0.06367126154654668,0.09022153236136982,2.0,DOWN_STRENGTHENING,ds0017
2024-10-31,0.0,UP_STRENGTHENING,True,False,0.28790928626466006,0.11079573135991105,0.46230215747793807,0.05943137886681949,0.07956144603067132,2.0,DOWN_STRENGTHENING,ds0017
2024-11-01,0.0,UP_STRENGTHENING,True,False,0.26246241223928357,0.10499582635230993,0.5051902030630075,0.054178533222126464,0.07317302512327256,2.0,DOWN_STRENGTHENING,ds0017
2024-11-04,0.0,UP_STRENGTHENING,True,False,0.2615737406692045,0.08908544779482867,0.5237131890409391,0.061029425074401594,0.06459819742062604,2.0,DOWN_STRENGTHENING,ds0017
2024-11-05,0.0,UP_STRENGTHENING,True,False,0.28693484404877295,0.0952682019690215,0.4778128719981649,0.06331523319139382,0.07666884879264686,2.0,DOWN_STRENGTHENING,ds0017
2024-11-06,0.0,UP_STRENGTHENING,True,False,0.23904018460274018,0.08562804886144472,0.5079785661098147,0.054115363271763375,0.11323783715423699,2.0,DOWN_STRENGTHENING,ds0017
2024-11-07,1.0,UP_WEAKENING,True,False,0.23773207036106367,0.08881107817006571,0.5165147243050642,0.05381922111458206,0.10312290604922443,2.0,DOWN_STRENGTHENING,ds0017
2024-11-08,1.0,UP_WEAKENING,True,False,0.24311121935976715,0.0807178679001649,0.5166298670078834,0.056721805680963314,0.10281924005122126,2.0,DOWN_STRENGTHENING,ds0017
2024-11-11,1.0,UP_WEAKENING,True,False,0.24428855917810352,0.08110876230320405,0.5142890119126251,0.05699650464585974,0.10331716196020764,2.0,DOWN_STRENGTHENING,ds0017
2024-11-12,0.0,UP_STRENGTHENING,True,False,0.2479648646725392,0.08232938191557743,0.5069483925793918,0.056135786468692626,0.10662157436379886,2.0,DOWN_STRENGTHENING,ds0017
2024-11-13,0.0,UP_STRENGTHENING,True,False,0.24773538218427177,0.08225318329856639,0.5064792350039313,0.05700929516874467,0.10652290434448583,2.0,DOWN_STRENGTHENING,ds0017
2024-11-14,0.0,UP_STRENGTHENING,True,False,0.25057017429813483,0.08319440360077614,0.5122747940976203,0.05672559802643064,0.09723502997703806,2.0,DOWN_STRENGTHENING,ds0017
2024-11-15,0.0,UP_STRENGTHENING,True,False,0.13060217852513906,0.10644642065378986,0.6317232729546116,0.05284384912170751,0.07838427874475198,2.0,DOWN_STRENGTHENING,ds0017
2024-11-18,0.0,UP_STRENGTHENING,True,False,0.13230834901332855,0.09104713797569275,0.6465415358543396,0.05761861056089401,0.07248436659574509,2.0,DOWN_STRENGTHENING,ds0017
2024-11-19,1.0,UP_WEAKENING,True,False,0.1305147490381953,0.08981288501106058,0.6377768779960413,0.06394080484222149,0.07795468311248137,2.0,DOWN_STRENGTHENING,ds0017
2024-11-20,1.0,UP_WEAKENING,True,False,0.13715417121091528,0.08990319449851238,0.6384181714706127,0.05901292097143035,0.07551154184852928,2.0,DOWN_STRENGTHENING,ds0017
2024-11-21,1.0,UP_WEAKENING,True,False,0.23231185453433123,0.08725877656209223,0.5406386731422244,0.04997455962059141,0.08981613614076071,2.0,DOWN_STRENGTHENING,ds0017
2024-11-22,1.0,UP_WEAKENING,True,False,0.12805594313061322,0.08812088388024443,0.625761678431009,0.06273621227240246,0.09532528228573081,2.0,DOWN_STRENGTHENING,ds0017
2024-11-25,0.0,UP_STRENGTHENING,True,False,0.1339798539732429,0.08782245767513384,0.6236424902757446,0.05796780307662927,0.09658739499924938,2.0,DOWN_STRENGTHENING,ds0017
2024-11-26,0.0,UP_STRENGTHENING,True,False,0.13028780921864794,0.08272677536715901,0.6174293068434401,0.059833793940636607,0.10972231463011631,2.0,DOWN_STRENGTHENING,ds0017
2024-11-27,0.0,UP_STRENGTHENING,True,False,0.13449558916305576,0.08539851945784359,0.6373697661765613,0.06463568802108663,0.07810043718145275,2.0,DOWN_STRENGTHENING,ds0017
2024-11-29,1.0,UP_WEAKENING,True,False,0.2372022989704948,0.07638810489638033,0.5318555176423246,0.056535329037882436,0.09801874945291784,2.0,DOWN_STRENGTHENING,ds0017
2024-12-02,4.0,SIDEWAYS,True,False,0.237368158619647,0.07644152124051813,0.5272932805804396,0.05449135763917439,0.10440568192022091,2.0,DOWN_STRENGTHENING,ds0017
2024-12-03,2.0,DOWN_STRENGTHENING,True,False,0.23709064722061157,0.07635215669870377,0.5266768336296082,0.05650872737169266,0.10337163507938385,2.0,DOWN_STRENGTHENING,ds0017
2024-12-04,4.0,SIDEWAYS,True,False,0.2361150463113018,0.07656712341719907,0.528159695690264,0.05458089519749603,0.10457723938373906,2.0,DOWN_STRENGTHENING,ds0017
2024-12-05,4.0,SIDEWAYS,True,False,0.23382131406931111,0.08908867703246061,0.5194142979470745,0.055729507569529005,0.10194620338162477,2.0,DOWN_STRENGTHENING,ds0017
2024-12-06,2.0,DOWN_STRENGTHENING,True,False,0.23238964898265113,0.09581205462989333,0.5162339325897529,0.05334846794639084,0.10221589585131174,2.0,DOWN_STRENGTHENING,ds0017
2024-12-09,2.0,DOWN_STRENGTHENING,True,False,0.11978173657519978,0.12024379179699021,0.5907399256402974,0.06186275764094598,0.10737178834656662,2.0,DOWN_STRENGTHENING,ds0017
2024-12-10,2.0,DOWN_STRENGTHENING,True,False,0.12314910808649981,0.12069804581099886,0.6007401526194857,0.05632423777354472,0.09908845570947097,2.0,DOWN_STRENGTHENING,ds0017
2024-12-11,2.0,DOWN_STRENGTHENING,True,False,0.2296388711089064,0.09744866047131032,0.5080853624927198,0.0530838436918878,0.11174326223517564,2.0,DOWN_STRENGTHENING,ds0017
2024-12-12,2.0,DOWN_STRENGTHENING,True,False,0.2394634172020527,0.08317701983323432,0.5214633636994305,0.054972349943910724,0.10092384932137184,2.0,DOWN_STRENGTHENING,ds0017
2024-12-13,2.0,DOWN_STRENGTHENING,True,False,0.24747889880248167,0.10839564290675201,0.47543188367546474,0.05720778128446778,0.11148579333083382,2.0,DOWN_STRENGTHENING,ds0017
2024-12-16,2.0,DOWN_STRENGTHENING,True,False,0.24397323080837496,0.11356562629861294,0.4686971411562817,0.05639740205699359,0.11736659967973678,2.0,DOWN_STRENGTHENING,ds0017
2024-12-17,2.0,DOWN_STRENGTHENING,True,False,0.2435177406537617,0.11858796284128739,0.46782210294968596,0.05629211270700353,0.11378008084826141,2.0,DOWN_STRENGTHENING,ds0017
2024-12-18,1.0,UP_WEAKENING,True,False,0.2502336828064213,0.11970572307376999,0.48072407186840554,0.05227372481234809,0.09706279743905512,2.0,DOWN_STRENGTHENING,ds0017
2024-12-19,0.0,UP_STRENGTHENING,True,False,0.24911305024649819,0.11916965823324605,0.48304953530298156,0.0520396295060038,0.09662812671127038,2.0,DOWN_STRENGTHENING,ds0017
2024-12-20,0.0,UP_STRENGTHENING,True,False,0.24435643976425156,0.11408862579118689,0.49572587223392695,0.05104597745206333,0.09478308475857126,2.0,DOWN_STRENGTHENING,ds0017
2024-12-23,1.0,UP_WEAKENING,True,False,0.25028465316972076,0.09631594701033594,0.5077523816117219,0.05626455200901115,0.08938246619921027,2.0,DOWN_STRENGTHENING,ds0017
2024-12-24,2.0,DOWN_STRENGTHENING,True,False,0.2505954532019286,0.09576909351090819,0.5048694667019263,0.05972748689048909,0.08903849969474785,2.0,DOWN_STRENGTHENING,ds0017
2024-12-26,2.0,DOWN_STRENGTHENING,True,False,0.25287803253894947,0.090702992954761,0.5163432205813163,0.058028703688719756,0.08204705023625343,2.0,DOWN_STRENGTHENING,ds0017
2024-12-27,4.0,SIDEWAYS,True,False,0.1398609717200624,0.11527004007048874,0.5761495189655608,0.05768283413586889,0.11103663510801914,2.0,DOWN_STRENGTHENING,ds0017
2024-12-30,0.0,UP_STRENGTHENING,True,False,0.12780641495460326,0.11364677226717666,0.6068891512933803,0.04966496116164927,0.10199270032319055,2.0,DOWN_STRENGTHENING,ds0017
2024-12-31,0.0,UP_STRENGTHENING,True,False,0.13068893064972273,0.09872912247743001,0.6430465935525822,0.04970329814764492,0.07783205517262015,2.0,DOWN_STRENGTHENING,ds0017
2025-01-02,0.0,UP_STRENGTHENING,True,False,0.12578180666606514,0.12169756967011038,0.6186233278107518,0.047815536108157336,0.08608175974491536,2.0,DOWN_STRENGTHENING,ds0017
2025-01-03,4.0,SIDEWAYS,True,False,0.13156904329198987,0.09721338785146694,0.6271435641763492,0.050514135697909204,0.09355986898228477,2.0,DOWN_STRENGTHENING,ds0017
2025-01-06,4.0,SIDEWAYS,True,False,0.12643371145624782,0.10943835647587906,0.616183858627562,0.05277530691697279,0.09516876652333836,2.0,DOWN_STRENGTHENING,ds0017
2025-01-07,0.0,UP_STRENGTHENING,True,True,0.1174808788862628,0.11479385685636423,0.6367313123479937,0.05123564486423929,0.07975830704513996,2.0,DOWN_STRENGTHENING,ds0017
2025-01-08,1.0,UP_WEAKENING,True,False,0.11614096034905731,0.10235880200908927,0.6505234168783939,0.05234545038254428,0.07863137038091529,2.0,DOWN_STRENGTHENING,ds0017
2025-01-10,0.0,UP_STRENGTHENING,True,True,0.09210527722576736,0.14010521821716881,0.6410727524797348,0.05008376035870522,0.07663299171862376,2.0,DOWN_STRENGTHENING,ds0017
2025-01-13,0.0,UP_STRENGTHENING,True,False,0.08337815913094698,0.2872184536398832,0.5342342893349699,0.04210547389168645,0.053063624002513465,2.0,DOWN_STRENGTHENING,ds0017
2025-01-14,0.0,UP_STRENGTHENING,True,False,0.09297214015107327,0.3154492782020699,0.4848742945636386,0.04695038282332363,0.05975390425989456,2.0,DOWN_STRENGTHENING,ds0017
2025-01-15,0.0,UP_STRENGTHENING,True,True,0.12251120075516696,0.1017712368505456,0.6189255345508138,0.06207585709834951,0.09471617074512417,2.0,DOWN_STRENGTHENING,ds0017
2025-01-16,0.0,UP_STRENGTHENING,True,False,0.10582872988666453,0.22545498105611694,0.5256976367749802,0.06324388690492763,0.0797747653773107,2.0,DOWN_STRENGTHENING,ds0017
2025-01-17,0.0,UP_STRENGTHENING,True,True,0.11264079231978644,0.11234539169587779,0.5863063422785154,0.06435283369351676,0.12435464001230359,2.0,DOWN_STRENGTHENING,ds0017
2025-01-21,0.0,UP_STRENGTHENING,True,False,0.14831054763162685,0.09207745984485223,0.5694115374018079,0.07197433233165489,0.11822612279005806,2.0,DOWN_STRENGTHENING,ds0017
2025-01-22,4.0,SIDEWAYS,True,False,0.15414801814213464,0.09436407291755351,0.5626315684106785,0.06756767137228219,0.12128866915735115,2.0,DOWN_STRENGTHENING,ds0017
2025-01-23,2.0,DOWN_STRENGTHENING,True,False,0.14831054763162685,0.09207745984485223,0.5694115374018079,0.07197433233165489,0.11822612279005806,2.0,DOWN_STRENGTHENING,ds0017
2025-01-24,2.0,DOWN_STRENGTHENING,True,False,0.1464444398880005,0.09091891348361969,0.5748293399810791,0.07106873393058777,0.11673857271671295,2.0,DOWN_STRENGTHENING,ds0017
2025-01-27,4.0,SIDEWAYS,True,False,0.14796785900020704,0.20122255234999542,0.5150145849956975,0.05222041120961002,0.08357459244448995,2.0,DOWN_STRENGTHENING,ds0017
2025-01-28,2.0,DOWN_STRENGTHENING,True,False,0.15603771805763245,0.09973487257957458,0.5776881575584412,0.06816033273935318,0.09837891906499863,2.0,DOWN_STRENGTHENING,ds0017
2025-01-29,2.0,DOWN_STRENGTHENING,True,False,0.1532408744096756,0.09645973145961761,0.5763149261474609,0.07817744463682175,0.0958070233464241,2.0,DOWN_STRENGTHENING,ds0017
2025-01-30,2.0,DOWN_STRENGTHENING,True,False,0.15412986623041033,0.09771288404717038,0.5681142933990276,0.07935628472319882,0.1006866716001929,2.0,DOWN_STRENGTHENING,ds0017
2025-01-31,2.0,DOWN_STRENGTHENING,True,False,0.15330659081498668,0.11317034979418442,0.561068900839521,0.06816236776355457,0.10429179078775333,2.0,DOWN_STRENGTHENING,ds0017
2025-02-03,2.0,DOWN_STRENGTHENING,True,False,0.15430314608956655,0.11128201914903493,0.5647160922778235,0.06690577317914705,0.10279296930442797,2.0,DOWN_STRENGTHENING,ds0017
2025-02-04,2.0,DOWN_STRENGTHENING,True,False,0.1553935133724438,0.0978147551091724,0.5687065805302051,0.0792756390463656,0.09880951194181312,2.0,DOWN_STRENGTHENING,ds0017
2025-02-05,2.0,DOWN_STRENGTHENING,True,False,0.1521405600330317,0.0957671418155304,0.5568015062332378,0.07918629913309662,0.11610449278510351,2.0,DOWN_STRENGTHENING,ds0017
2025-02-06,2.0,DOWN_STRENGTHENING,True,False,0.15016574821995762,0.0945240610571788,0.5495741244500698,0.07791247789757376,0.12782358837521995,2.0,DOWN_STRENGTHENING,ds0017
2025-02-07,2.0,DOWN_STRENGTHENING,True,False,0.1574102985087126,0.09908423868072744,0.5823792988770992,0.06875990536093429,0.09236625857252653,2.0,DOWN_STRENGTHENING,ds0017
2025-02-10,2.0,DOWN_STRENGTHENING,True,False,0.15034997687265242,0.09464003286719372,0.550248392675048,0.07800807175052273,0.12675352583458313,2.0,DOWN_STRENGTHENING,ds0017
2025-02-11,2.0,DOWN_STRENGTHENING,True,False,0.15392167980910598,0.09688828212684603,0.5577685278487841,0.07986120939151353,0.11156030082375035,2.0,DOWN_STRENGTHENING,ds0017
2025-02-12,2.0,DOWN_STRENGTHENING,True,False,0.30118190120228006,0.08117719437266907,0.46191639967574183,0.061264296573985494,0.09446020817532359,2.0,DOWN_STRENGTHENING,ds0017
2025-02-13,2.0,DOWN_STRENGTHENING,True,False,0.29574575359197514,0.07971199423718466,0.45357908784793866,0.06098334354944504,0.10997982077345653,2.0,DOWN_STRENGTHENING,ds0017
2025-02-14,2.0,DOWN_STRENGTHENING,True,False,0.29882028698921204,0.08380329608917236,0.43818873167037964,0.06708977371454239,0.11209791153669357,2.0,DOWN_STRENGTHENING,ds0017
2025-02-18,2.0,DOWN_STRENGTHENING,True,False,0.2990289308203091,0.0838618123243614,0.4384947088472939,0.06643836150736837,0.11217618650066713,2.0,DOWN_STRENGTHENING,ds0017
2025-02-19,2.0,DOWN_STRENGTHENING,True,False,0.3002963706895168,0.0842172665032337,0.43611476475171396,0.06671995769023832,0.1126516403652972,2.0,DOWN_STRENGTHENING,ds0017
2025-02-20,2.0,DOWN_STRENGTHENING,True,False,0.15833106990898557,0.10080793725269893,0.5337332606405003,0.07228387308755234,0.1348438591102628,2.0,DOWN_STRENGTHENING,ds0017
2025-02-21,2.0,DOWN_STRENGTHENING,True,False,0.15560920304642314,0.12171090212895122,0.5510335482502945,0.06795440512963526,0.10369194144469587,2.0,DOWN_STRENGTHENING,ds0017
2025-02-24,2.0,DOWN_STRENGTHENING,True,False,0.14713195021127146,0.1523843562319292,0.5572958609361047,0.05951271600839762,0.08367511661229698,2.0,DOWN_STRENGTHENING,ds0017
2025-02-25,2.0,DOWN_STRENGTHENING,True,False,0.1460796594619751,0.19542159140110016,0.5205495357513428,0.05802401900291443,0.07992519438266754,2.0,DOWN_STRENGTHENING,ds0017
2025-02-26,2.0,DOWN_STRENGTHENING,True,False,0.19216401588672377,0.16039947926402867,0.5056507512085028,0.06274155433861085,0.07904419930213392,2.0,DOWN_STRENGTHENING,ds0017
2025-02-27,2.0,DOWN_STRENGTHENING,True,False,0.13351964751601744,0.40322082633941136,0.36966773316759266,0.040625780215475256,0.05296601276150327,1.0,UP_WEAKENING,ds0017
2025-02-28,2.0,DOWN_STRENGTHENING,True,False,0.18356624108876107,0.1642722177187188,0.5187630614730487,0.05897150144747271,0.07442697827199862,2.0,DOWN_STRENGTHENING,ds0017
2025-03-03,2.0,DOWN_STRENGTHENING,True,False,0.14482456391742615,0.3190759706531615,0.4302633686726415,0.0463988518476529,0.05943724490911795,2.0,DOWN_STRENGTHENING,ds0017
2025-03-04,2.0,DOWN_STRENGTHENING,True,True,0.11995842009627894,0.2824723527756465,0.49849857756862703,0.04389749258374768,0.05517315697569985,2.0,DOWN_STRENGTHENING,ds0017
2025-03-05,2.0,DOWN_STRENGTHENING,True,False,0.12365032125618668,0.2837193938015334,0.485565816822266,0.04775641539420652,0.05930805272580742,2.0,DOWN_STRENGTHENING,ds0017
2025-03-06,2.0,DOWN_STRENGTHENING,True,True,0.09589853173456539,0.2737483392422957,0.5253295321961102,0.047312110838711674,0.057711485988317004,2.0,DOWN_STRENGTHENING,ds0017
2025-03-07,2.0,DOWN_STRENGTHENING,True,True,0.15596190675951194,0.21830406108141173,0.5021475740577122,0.0560835024745577,0.06750295562680646,2.0,DOWN_STRENGTHENING,ds0017
2025-03-10,2.0,DOWN_STRENGTHENING,True,True,0.17119415487037945,0.08677200421926388,0.5664185412172648,0.07523845304336667,0.1003768466497253,2.0,DOWN_STRENGTHENING,ds0017
2025-03-11,2.0,DOWN_STRENGTHENING,True,True,0.1962098210485253,0.08475258327651893,0.5398275932643949,0.07653766239490602,0.10267234001565487,2.0,DOWN_STRENGTHENING,ds0017
2025-03-12,2.0,DOWN_STRENGTHENING,True,True,0.18387869942549767,0.0755147464419977,0.5530811979448438,0.09639752368934382,0.09112783249831699,2.0,DOWN_STRENGTHENING,ds0017
2025-03-13,2.0,DOWN_STRENGTHENING,True,True,0.20021235346161265,0.08578052861152503,0.5168465817914432,0.09240596466046677,0.10475457147495236,2.0,DOWN_STRENGTHENING,ds0017
2025-03-14,2.0,DOWN_STRENGTHENING,True,True,0.12351488284858686,0.05287767239317138,0.48860683923096854,0.07473321530794852,0.2602673902193247,2.0,DOWN_STRENGTHENING,ds0017
2025-03-17,2.0,DOWN_STRENGTHENING,True,True,0.12788772106588925,0.052131539131271123,0.4856564817705571,0.07691934418233692,0.25740491384994557,2.0,DOWN_STRENGTHENING,ds0017
2025-03-18,2.0,DOWN_STRENGTHENING,True,True,0.1567847658640996,0.060949568706025095,0.4635125489452832,0.12313839987791778,0.19561471660667434,2.0,DOWN_STRENGTHENING,ds0017
2025-03-19,2.0,DOWN_STRENGTHENING,True,True,0.17409259857602946,0.05315468615032156,0.4736974045236727,0.08138969207075755,0.21766561867921871,2.0,DOWN_STRENGTHENING,ds0017
2025-03-20,2.0,DOWN_STRENGTHENING,True,True,0.17596972513108627,0.05417163831507082,0.48238287813612457,0.08535689369907658,0.20211886471864177,2.0,DOWN_STRENGTHENING,ds0017
2025-03-21,2.0,DOWN_STRENGTHENING,True,True,0.19887177267326633,0.06123119562293565,0.4804664224646849,0.08502007750906483,0.17441053173004828,2.0,DOWN_STRENGTHENING,ds0017
2025-03-24,2.0,DOWN_STRENGTHENING,True,True,0.19575139442641898,0.060415825387481775,0.49213584157520884,0.0796552729683681,0.1720416656425223,2.0,DOWN_STRENGTHENING,ds0017
2025-03-25,2.0,DOWN_STRENGTHENING,True,True,0.20863040815374834,0.06534068885429153,0.47386147512805143,0.08218905145997439,0.1699783764039343,2.0,DOWN_STRENGTHENING,ds0017
2025-03-26,2.0,DOWN_STRENGTHENING,True,True,0.20679855962987423,0.06837775016956776,0.4974152892057684,0.07396680337091695,0.1534415976238727,2.0,DOWN_STRENGTHENING,ds0017
2025-03-27,2.0,DOWN_STRENGTHENING,True,True,0.20903519351623087,0.06911727477085852,0.49488226347197906,0.07498880885591468,0.1519764593850169,2.0,DOWN_STRENGTHENING,ds0017
2025-03-28,4.0,SIDEWAYS,True,True,0.21469363250294876,0.06830931353108118,0.4950525388858834,0.07277963202030015,0.1491648830597865,2.0,DOWN_STRENGTHENING,ds0017
2025-03-31,4.0,SIDEWAYS,True,True,0.21073359016976298,0.08573951338169059,0.4853187492679804,0.07160720655961075,0.14660094062095527,2.0,DOWN_STRENGTHENING,ds0017
2025-04-01,4.0,SIDEWAYS,True,True,0.21598819220048476,0.06883691353852918,0.4842805040520505,0.08674945066495911,0.14414493954397647,2.0,DOWN_STRENGTHENING,ds0017
2025-04-02,4.0,SIDEWAYS,True,True,0.2110499857209625,0.07982661456128039,0.46378406191193966,0.10100550054005533,0.14433383726576213,2.0,DOWN_STRENGTHENING,ds0017
2025-04-03,0.0,UP_STRENGTHENING,True,True,0.42284877513167357,0.046374751389967224,0.29958664254893946,0.05929205345764557,0.17189777747177418,0.0,UP_STRENGTHENING,ds0017
2025-04-04,0.0,UP_STRENGTHENING,True,True,0.5038661938016631,0.04126369565254563,0.13487434336962423,0.07821390748689358,0.24178185968927346,0.0,UP_STRENGTHENING,ds0017
2025-04-07,0.0,UP_STRENGTHENING,True,True,0.6173144371962922,0.03638895106501669,0.10407580086334717,0.06861397393969534,0.17360683693564857,0.0,UP_STRENGTHENING,ds0017
2025-04-08,0.0,UP_STRENGTHENING,True,True,0.6942790423389971,0.030654877859406272,0.08038873596169353,0.05593836047042345,0.13873898336947973,0.0,UP_STRENGTHENING,ds0017
2025-04-09,0.0,UP_STRENGTHENING,True,True,0.3616873960385553,0.05858083507322708,0.2093722694669545,0.1774769147203518,0.19288258470091132,0.0,UP_STRENGTHENING,ds0017
2025-04-10,0.0,UP_STRENGTHENING,True,True,0.44305025210826837,0.05312668373803247,0.14704967596978916,0.10486753717459628,0.25190585100931373,0.0,UP_STRENGTHENING,ds0017
2025-04-11,0.0,UP_STRENGTHENING,True,True,0.45212995046958104,0.04342857197352821,0.1581738661903381,0.1262881365249218,0.21997947484163083,0.0,UP_STRENGTHENING,ds0017
2025-04-14,0.0,UP_STRENGTHENING,True,True,0.44682041476399326,0.04256784979355111,0.17868630854318004,0.140871765328523,0.1910536615707526,0.0,UP_STRENGTHENING,ds0017
2025-04-15,0.0,UP_STRENGTHENING,True,True,0.41656046174704,0.04177247639508971,0.17349530368681318,0.15483760487651219,0.21333415329454497,0.0,UP_STRENGTHENING,ds0017
2025-04-16,0.0,UP_STRENGTHENING,True,True,0.6779210236600441,0.02636850542153905,0.08732702924659032,0.07605865150174439,0.13232479017008206,0.0,UP_STRENGTHENING,ds0017
2025-04-17,0.0,UP_STRENGTHENING,True,True,0.6909271684565297,0.02687439402563554,0.08964707969567418,0.06803551519022927,0.12451584263193138,0.0,UP_STRENGTHENING,ds0017
2025-04-21,0.0,UP_STRENGTHENING,True,True,0.6594431135895924,0.02842390866474348,0.09955700987584752,0.08198737020354531,0.1305885976662713,0.0,UP_STRENGTHENING,ds0017
2025-04-22,0.0,UP_STRENGTHENING,True,True,0.6892388219096929,0.026106868877950107,0.08771776842579693,0.06958496324324179,0.12735157754331833,0.0,UP_STRENGTHENING,ds0017
2025-04-23,0.0,UP_STRENGTHENING,True,True,0.40722512592039817,0.04218549963555485,0.16216017064213498,0.16709348310390884,0.22133572069800317,0.0,UP_STRENGTHENING,ds0017
2025-04-24,0.0,UP_STRENGTHENING,True,True,0.22934713911917617,0.036996265255165195,0.15586774496130865,0.43767723486501636,0.1401116157993336,3.0,DOWN_WEAKENING,ds0017
2025-04-25,0.0,UP_STRENGTHENING,True,True,0.23738711112857858,0.040730931775218214,0.1786482672091186,0.3870706048698113,0.15616308501727325,3.0,DOWN_WEAKENING,ds0017
2025-04-28,0.0,UP_STRENGTHENING,True,True,0.21935866100187082,0.039000207148500055,0.17258199202202232,0.4195317186240747,0.1495274212035321,3.0,DOWN_WEAKENING,ds0017
2025-04-29,0.0,UP_STRENGTHENING,True,True,0.3316623097536253,0.03890228813651191,0.17214869555055448,0.308134688757786,0.1491520178015223,0.0,UP_STRENGTHENING,ds0017
2025-04-30,0.0,UP_STRENGTHENING,True,True,0.2036491566901681,0.04309507263468876,0.18764830404568963,0.3697720023523719,0.1958354642770816,3.0,DOWN_WEAKENING,ds0017
2025-05-01,0.0,UP_STRENGTHENING,True,True,0.20165190989816456,0.044348521699055385,0.19310619851630334,0.38341369082290855,0.17747967906356815,3.0,DOWN_WEAKENING,ds0017
2025-05-02,0.0,UP_STRENGTHENING,True,True,0.3082426362087242,0.036580825588147785,0.15720670771124295,0.31947668077705993,0.17849314971482513,3.0,DOWN_WEAKENING,ds0017
2025-05-05,0.0,UP_STRENGTHENING,True,True,0.29269676419246615,0.03439502675251946,0.1541689433622342,0.35928519355667105,0.15945407213610913,3.0,DOWN_WEAKENING,ds0017
2025-05-06,0.0,UP_STRENGTHENING,True,True,0.2959118319710418,0.037798071107182106,0.16855634012325138,0.4023621262175795,0.0953716305809452,3.0,DOWN_WEAKENING,ds0017
2025-05-07,0.0,UP_STRENGTHENING,True,True,0.30794379459258686,0.03986480504123276,0.16479748671648078,0.3838010175205881,0.10359289612911153,3.0,DOWN_WEAKENING,ds0017
2025-05-08,0.0,UP_STRENGTHENING,True,True,0.226698152026479,0.03768821918035207,0.39109192464029563,0.2644363422523839,0.08008536190048939,2.0,DOWN_STRENGTHENING,ds0017
2025-05-09,0.0,UP_STRENGTHENING,True,True,0.2911954608915884,0.03069944398699534,0.3594878721084557,0.2576134877685752,0.06100373524438546,2.0,DOWN_STRENGTHENING,ds0017
2025-05-12,0.0,UP_STRENGTHENING,True,False,0.3494342150356325,0.03663493570046715,0.45826424611963995,0.094254386245126,0.0614122168991344,2.0,DOWN_STRENGTHENING,ds0017
2025-05-13,0.0,UP_STRENGTHENING,True,False,0.4285757355393102,0.03401095881341663,0.3972165986169733,0.07844191249122243,0.06175479453907744,0.0,UP_STRENGTHENING,ds0017
2025-05-14,0.0,UP_STRENGTHENING,True,False,0.42972733831473714,0.03304141932196867,0.3941937890600899,0.07784498143877737,0.0651924718644269,0.0,UP_STRENGTHENING,ds0017
2025-05-15,0.0,UP_STRENGTHENING,True,False,0.3270642678706229,0.04172453564048425,0.4731912334168039,0.0721224147759507,0.08589754829613816,2.0,DOWN_STRENGTHENING,ds0017
2025-05-16,0.0,UP_STRENGTHENING,True,False,0.3230951310933641,0.04272474959817247,0.4814763040175459,0.06809158258651844,0.08461223270439912,2.0,DOWN_STRENGTHENING,ds0017
2025-05-19,0.0,UP_STRENGTHENING,True,False,0.3126002959847274,0.06813609193944382,0.4672608395063377,0.06608119213097143,0.08592158043851969,2.0,DOWN_STRENGTHENING,ds0017
2025-05-20,0.0,UP_STRENGTHENING,True,False,0.3402335320395713,0.06947302021478846,0.4535941149771652,0.0641484106768041,0.07255092209167091,2.0,DOWN_STRENGTHENING,ds0017
2025-05-21,1.0,UP_WEAKENING,True,False,0.34589749445804396,0.08000612974164586,0.4576400501368938,0.06171056977767285,0.05474575588574351,2.0,DOWN_STRENGTHENING,ds0017
2025-05-22,0.0,UP_STRENGTHENING,True,False,0.3550141023466698,0.08584420808239997,0.42471425143203695,0.06993504353109585,0.06449239460779746,2.0,DOWN_STRENGTHENING,ds0017
2025-05-23,0.0,UP_STRENGTHENING,True,False,0.3610385385233055,0.08445959601148662,0.42168948368496806,0.06943697534082066,0.06337540643941914,2.0,DOWN_STRENGTHENING,ds0017
2025-05-27,0.0,UP_STRENGTHENING,True,False,0.3440481994744524,0.09261099925182015,0.4152307181415653,0.0707748601527895,0.07733522297937256,2.0,DOWN_STRENGTHENING,ds0017
2025-05-28,0.0,UP_STRENGTHENING,True,False,0.3500907305675381,0.08992599419863492,0.4125140822499884,0.07031182566421315,0.0771573673196254,2.0,DOWN_STRENGTHENING,ds0017
2025-05-29,0.0,UP_STRENGTHENING,True,False,0.34241530044067425,0.10416845899694815,0.40347003636158973,0.06877028890870296,0.08117591529208484,2.0,DOWN_STRENGTHENING,ds0017
2025-05-30,0.0,UP_STRENGTHENING,True,False,0.32608400560602524,0.09830025217308655,0.38422678469766736,0.11653733564401658,0.07485162187920429,2.0,DOWN_STRENGTHENING,ds0017
2025-06-02,0.0,UP_STRENGTHENING,True,False,0.3498209882594277,0.089856703212235,0.41219620361193254,0.07025763875776385,0.0778684661586409,2.0,DOWN_STRENGTHENING,ds0017
2025-06-03,0.0,UP_STRENGTHENING,True,False,0.3498209882594277,0.089856703212235,0.41219620361193254,0.07025763875776385,0.0778684661586409,2.0,DOWN_STRENGTHENING,ds0017
2025-06-04,0.0,UP_STRENGTHENING,True,False,0.34670325597072754,0.08905587212658118,0.408522599808535,0.07854378851437883,0.07717448357977742,2.0,DOWN_STRENGTHENING,ds0017
2025-06-05,0.0,UP_STRENGTHENING,True,False,0.343501851417207,0.10132575488056637,0.4047503652312025,0.06898852001079261,0.08143350846023151,2.0,DOWN_STRENGTHENING,ds0017
2025-06-06,0.0,UP_STRENGTHENING,True,False,0.34670325597072754,0.08905587212658118,0.408522599808535,0.07854378851437883,0.07717448357977742,2.0,DOWN_STRENGTHENING,ds0017
2025-06-09,0.0,UP_STRENGTHENING,True,False,0.3480441129823378,0.09052699463935172,0.4116293971968918,0.07135521194436603,0.0784442832370527,2.0,DOWN_STRENGTHENING,ds0017
2025-06-10,0.0,UP_STRENGTHENING,True,False,0.35230983484830153,0.09604919278786606,0.4139906306785184,0.0582446289219024,0.0794057127634116,2.0,DOWN_STRENGTHENING,ds0017
2025-06-11,0.0,UP_STRENGTHENING,True,False,0.33900944661384247,0.0912728641656363,0.3994569331205239,0.09201200649186993,0.07824874960812739,2.0,DOWN_STRENGTHENING,ds0017
2025-06-12,0.0,UP_STRENGTHENING,True,False,0.3476586743491493,0.10533471719428054,0.4111735049239846,0.057475695236793016,0.07835740829579259,2.0,DOWN_STRENGTHENING,ds0017
2025-06-13,0.0,UP_STRENGTHENING,True,False,0.3560576114352225,0.10831438669328103,0.4158718256959928,0.05223349442904074,0.06752268174646286,2.0,DOWN_STRENGTHENING,ds0017
2025-06-16,0.0,UP_STRENGTHENING,True,False,0.22671438108065653,0.11467437128254664,0.4942687337945675,0.06953901311527987,0.09480350072694944,2.0,DOWN_STRENGTHENING,ds0017
2025-06-17,0.0,UP_STRENGTHENING,True,False,0.1953271387614947,0.11496543481842979,0.5253492750331543,0.06916104463222755,0.09519710675469359,2.0,DOWN_STRENGTHENING,ds0017
2025-06-18,0.0,UP_STRENGTHENING,True,False,0.19594775286277943,0.11533071931697964,0.5270184913800544,0.06474430907327167,0.0969587273669148,2.0,DOWN_STRENGTHENING,ds0017
2025-06-20,0.0,UP_STRENGTHENING,True,False,0.18184899200161528,0.14135939198790623,0.489098649228334,0.10692031175465089,0.08077265502749358,2.0,DOWN_STRENGTHENING,ds0017
2025-06-23,0.0,UP_STRENGTHENING,True,False,0.17303762355558944,0.1087906467554166,0.570818143213336,0.05812506550923185,0.08922852096642617,2.0,DOWN_STRENGTHENING,ds0017
2025-06-24,0.0,UP_STRENGTHENING,True,False,0.2704853294572832,0.10118496710725276,0.4987688437654595,0.05194893247117404,0.07761192719883052,2.0,DOWN_STRENGTHENING,ds0017
2025-06-25,1.0,UP_WEAKENING,True,False,0.2702805299207371,0.10110835354371542,0.49839119246634866,0.05190960124471779,0.07831032282448103,2.0,DOWN_STRENGTHENING,ds0017
2025-06-26,1.0,UP_WEAKENING,True,False,0.2689792523867609,0.10293573924502633,0.4959916788935351,0.05165967737011491,0.08043365210456271,2.0,DOWN_STRENGTHENING,ds0017
2025-06-27,1.0,UP_WEAKENING,True,False,0.2625510892811757,0.1187468126883055,0.4841382621177188,0.05042509546782466,0.08413874044497532,2.0,DOWN_STRENGTHENING,ds0017
2025-06-30,1.0,UP_WEAKENING,True,False,0.2687496067024592,0.10284784895991604,0.49556817839599454,0.05161556832263924,0.08121879761899103,2.0,DOWN_STRENGTHENING,ds0017
2025-07-01,1.0,UP_WEAKENING,True,False,0.2619449506027436,0.11946445748010448,0.48302054585151577,0.04989243689884408,0.08567760916679207,2.0,DOWN_STRENGTHENING,ds0017
2025-07-02,1.0,UP_WEAKENING,True,False,0.26671314239501953,0.10206851363182068,0.49181297421455383,0.0536421537399292,0.08576321601867676,2.0,DOWN_STRENGTHENING,ds0017
2025-07-03,4.0,SIDEWAYS,True,False,0.26671314239501953,0.10206851363182068,0.49181297421455383,0.0536421537399292,0.08576321601867676,2.0,DOWN_STRENGTHENING,ds0017
2025-07-07,1.0,UP_WEAKENING,True,False,0.26573795674155554,0.10169533867453051,0.4929849019568764,0.05103717113369341,0.08854463149334411,2.0,DOWN_STRENGTHENING,ds0017
2025-07-08,1.0,UP_WEAKENING,True,False,0.26610915954519937,0.10183738223681237,0.4936734824148682,0.0535206873861493,0.08485928841697073,2.0,DOWN_STRENGTHENING,ds0017
2025-07-09,1.0,UP_WEAKENING,True,False,0.2624923049470552,0.10045324490487378,0.4981764070282073,0.05041380339295723,0.08846423972690641,2.0,DOWN_STRENGTHENING,ds0017
2025-07-10,1.0,UP_WEAKENING,True,False,0.2629337242225704,0.10062217450009577,0.49901415596492926,0.05288202550197326,0.0845479198104313,2.0,DOWN_STRENGTHENING,ds0017
2025-07-11,1.0,UP_WEAKENING,True,False,0.26274957469852045,0.10055171398664373,0.4986647218863749,0.05046322046329914,0.08757076896516178,2.0,DOWN_STRENGTHENING,ds0017
2025-07-14,1.0,UP_WEAKENING,True,False,0.26309389856062454,0.10068347680134612,0.4993181712671433,0.05298573721147095,0.0839187161594151,2.0,DOWN_STRENGTHENING,ds0017
2025-07-15,1.0,UP_WEAKENING,True,False,0.26274957469852045,0.10055171398664373,0.4986647218863749,0.05046322046329914,0.08757076896516178,2.0,DOWN_STRENGTHENING,ds0017
2025-07-16,1.0,UP_WEAKENING,True,False,0.2574295334443199,0.11841548670489935,0.4844252340831733,0.04944146668132295,0.0902882790862845,2.0,DOWN_STRENGTHENING,ds0017
2025-07-17,1.0,UP_WEAKENING,True,False,0.2692377138879512,0.10303464777972392,0.4871772589783953,0.051709317891966054,0.08884106146196351,2.0,DOWN_STRENGTHENING,ds0017
2025-07-18,1.0,UP_WEAKENING,True,False,0.3542343589207148,0.15478711752814756,0.29976706503433376,0.06803362477026133,0.12317783374654256,0.0,UP_STRENGTHENING,ds0017
2025-07-21,1.0,UP_WEAKENING,True,False,0.36258099563661206,0.13875621970761476,0.306830325926254,0.06963665990938722,0.12219579882013198,0.0,UP_STRENGTHENING,ds0017
2025-07-22,1.0,UP_WEAKENING,True,False,0.37836376396363625,0.1611293131281333,0.2710028033107937,0.06233288440604336,0.12717123519139342,0.0,UP_STRENGTHENING,ds0017
2025-07-23,4.0,SIDEWAYS,True,False,0.37836376396363625,0.1611293131281333,0.2710028033107937,0.06233288440604336,0.12717123519139342,0.0,UP_STRENGTHENING,ds0017
2025-07-24,4.0,SIDEWAYS,True,False,0.37836376396363625,0.1611293131281333,0.2710028033107937,0.06233288440604336,0.12717123519139342,0.0,UP_STRENGTHENING,ds0017
2025-07-25,1.0,UP_WEAKENING,True,False,0.37745899243249736,0.16074402750092764,0.27035474978651663,0.06743604740080272,0.12400618287925558,0.0,UP_STRENGTHENING,ds0017
2025-07-28,4.0,SIDEWAYS,True,False,0.3782339124249958,0.15753144143172682,0.27090978824280043,0.06757449409048627,0.1257503638099906,0.0,UP_STRENGTHENING,ds0017
2025-07-29,1.0,UP_WEAKENING,True,False,0.36566443068529136,0.18752950849077496,0.26190689791530886,0.06005673244722334,0.12484243046140142,0.0,UP_STRENGTHENING,ds0017
2025-07-30,1.0,UP_WEAKENING,True,False,0.36969471115505215,0.1785745925403185,0.2647936055987835,0.06071866698830823,0.1262184237175376,0.0,UP_STRENGTHENING,ds0017
2025-07-31,1.0,UP_WEAKENING,True,False,0.36364563757709206,0.18983359352002155,0.2604609391024569,0.05972516447715216,0.12633466532327733,0.0,UP_STRENGTHENING,ds0017
2025-08-01,0.0,UP_STRENGTHENING,True,False,0.3713678336582817,0.19531614641883643,0.26798325178064586,0.05735204985695966,0.10798071828527633,0.0,UP_STRENGTHENING,ds0017
2025-08-04,4.0,SIDEWAYS,True,False,0.3706435533565018,0.17903290555601636,0.26547321479414987,0.061061031661472975,0.12378929463185895,0.0,UP_STRENGTHENING,ds0017
2025-08-05,1.0,UP_WEAKENING,True,False,0.37626619688767254,0.1831094697646952,0.2715180031459705,0.060604489097928184,0.10850184110373352,0.0,UP_STRENGTHENING,ds0017
2025-08-06,1.0,UP_WEAKENING,True,False,0.3766111023243933,0.16158361251403056,0.2717668631146293,0.06250862590942902,0.1275297961375178,0.0,UP_STRENGTHENING,ds0017
2025-08-07,0.0,UP_STRENGTHENING,True,False,0.37836376396363625,0.1611293131281333,0.2710028033107937,0.06233288440604336,0.12717123519139342,0.0,UP_STRENGTHENING,ds0017
2025-08-08,1.0,UP_WEAKENING,True,False,0.37745899243249736,0.16074402750092764,0.27035474978651663,0.06743604740080272,0.12400618287925558,0.0,UP_STRENGTHENING,ds0017
2025-08-11,0.0,UP_STRENGTHENING,True,False,0.37745899243249736,0.16074402750092764,0.27035474978651663,0.06743604740080272,0.12400618287925558,0.0,UP_STRENGTHENING,ds0017
2025-08-12,4.0,SIDEWAYS,True,False,0.37836376396363625,0.1611293131281333,0.2710028033107937,0.06233288440604336,0.12717123519139342,0.0,UP_STRENGTHENING,ds0017
2025-08-13,4.0,SIDEWAYS,True,False,0.37836376396363625,0.1611293131281333,0.2710028033107937,0.06233288440604336,0.12717123519139342,0.0,UP_STRENGTHENING,ds0017
2025-08-14,1.0,UP_WEAKENING,True,False,0.36951943819016847,0.17587114673996926,0.2666494518520372,0.061331580638905085,0.12662838257892003,0.0,UP_STRENGTHENING,ds0017
2025-08-15,1.0,UP_WEAKENING,True,False,0.36457014627114154,0.18422512984611286,0.26307797823962537,0.06032526582964161,0.12780147981347859,0.0,UP_STRENGTHENING,ds0017
2025-08-18,1.0,UP_WEAKENING,True,False,0.2520888651874339,0.19032918697859397,0.32731269570765287,0.08164336228209129,0.14862588984422795,2.0,DOWN_STRENGTHENING,ds0017
2025-08-19,0.0,UP_STRENGTHENING,True,False,0.23373467697796202,0.193353618829989,0.35538317958899185,0.07014912955129603,0.1473793950517611,2.0,DOWN_STRENGTHENING,ds0017
2025-08-20,0.0,UP_STRENGTHENING,True,False,0.22907852660470573,0.18086927447628712,0.3865689212040121,0.06561978454678287,0.13786349316821217,2.0,DOWN_STRENGTHENING,ds0017
2025-08-21,0.0,UP_STRENGTHENING,True,False,0.2664858261636392,0.14612265802160848,0.3881333999713302,0.06634004809499074,0.13291806774843143,2.0,DOWN_STRENGTHENING,ds0017
2025-08-22,0.0,UP_STRENGTHENING,True,False,0.2549655678503461,0.16580795871150586,0.38374455905531585,0.0646933526241775,0.13078856175865466,2.0,DOWN_STRENGTHENING,ds0017
2025-08-25,0.0,UP_STRENGTHENING,True,False,0.26344559970586895,0.1455337630118157,0.3890229368445319,0.07501127962081848,0.12698642081696498,2.0,DOWN_STRENGTHENING,ds0017
2025-08-26,0.0,UP_STRENGTHENING,True,False,0.2577901895846511,0.14795816606096177,0.3911496575690653,0.07542135158574663,0.1276806351995752,2.0,DOWN_STRENGTHENING,ds0017
2025-08-27,0.0,UP_STRENGTHENING,True,False,0.2594690419535727,0.14772099806819103,0.39052267337302393,0.07481131981355398,0.12747596679165835,2.0,DOWN_STRENGTHENING,ds0017
2025-08-28,1.0,UP_WEAKENING,True,False,0.23071550979144112,0.17625085746868166,0.35079264118086334,0.07387995609819954,0.1683610354608143,2.0,DOWN_STRENGTHENING,ds0017
2025-08-29,0.0,UP_STRENGTHENING,True,False,0.23217372596263885,0.19349582493305206,0.35300979018211365,0.07156628370285034,0.1497543752193451,2.0,DOWN_STRENGTHENING,ds0017
2025-09-02,0.0,UP_STRENGTHENING,True,False,0.25292978256038834,0.17748734751687975,0.37138364549093644,0.0639157682042368,0.1342834562275586,2.0,DOWN_STRENGTHENING,ds0017
2025-09-03,0.0,UP_STRENGTHENING,True,False,0.23585174274886422,0.19208980524272307,0.34963350446124364,0.07270000658333282,0.1497249409638363,2.0,DOWN_STRENGTHENING,ds0017
2025-09-04,0.0,UP_STRENGTHENING,True,False,0.23749686069795906,0.15958618642132918,0.3611033749251552,0.07404766756154098,0.1677659103940156,2.0,DOWN_STRENGTHENING,ds0017
2025-09-05,0.0,UP_STRENGTHENING,True,False,0.22653834352986257,0.18879924573898876,0.34444147091775035,0.07111901736915843,0.16910192244423983,2.0,DOWN_STRENGTHENING,ds0017
2025-09-08,0.0,UP_STRENGTHENING,True,False,0.23728223044022861,0.15869106778338843,0.3607770558670647,0.07398075114319652,0.1692688947661217,2.0,DOWN_STRENGTHENING,ds0017
2025-09-09,0.0,UP_STRENGTHENING,True,False,0.28168740658694946,0.15199629849198237,0.333328691621656,0.0708597073639951,0.162127895935417,2.0,DOWN_STRENGTHENING,ds0017
2025-09-10,0.0,UP_STRENGTHENING,True,False,0.33204670244664114,0.12383366929741216,0.3202639365314217,0.06808237290750621,0.1557733188170188,0.0,UP_STRENGTHENING,ds0017
2025-09-11,0.0,UP_STRENGTHENING,True,False,0.33204670244664114,0.12383366929741216,0.3202639365314217,0.06808237290750621,0.1557733188170188,0.0,UP_STRENGTHENING,ds0017
2025-09-12,4.0,SIDEWAYS,True,False,0.37381621916729046,0.1175905904353366,0.29935338870172656,0.0636371592906329,0.14560264240501342,0.0,UP_STRENGTHENING,ds0017
2025-09-15,1.0,UP_WEAKENING,True,False,0.37395740948458794,0.11579209252417433,0.2958666196415804,0.0653839433708766,0.1489999349787807,0.0,UP_STRENGTHENING,ds0017
2025-09-16,1.0,UP_WEAKENING,True,False,0.3749186256930744,0.11427700838904796,0.2966270932321588,0.07110501560922654,0.14307225707649227,0.0,UP_STRENGTHENING,ds0017
2025-09-17,1.0,UP_WEAKENING,True,False,0.37709837870971574,0.16116459547605666,0.26900976695858114,0.06186950905718275,0.13085774979846365,0.0,UP_STRENGTHENING,ds0017
2025-09-18,1.0,UP_WEAKENING,True,False,0.37709837870971574,0.16116459547605666,0.26900976695858114,0.06186950905718275,0.13085774979846365,0.0,UP_STRENGTHENING,ds0017
2025-09-19,1.0,UP_WEAKENING,True,False,0.3771354426653136,0.16306669248938677,0.26903618584735034,0.061875584507387185,0.12888609449056213,0.0,UP_STRENGTHENING,ds0017
2025-09-22,1.0,UP_WEAKENING,True,False,0.3737577172088793,0.1734120534851249,0.26662665406892705,0.061321414550234266,0.12488216068683444,0.0,UP_STRENGTHENING,ds0017
2025-09-23,1.0,UP_WEAKENING,True,False,0.36603520547716634,0.18103904139008883,0.26424802235600425,0.06013627179423886,0.12854145898250166,0.0,UP_STRENGTHENING,ds0017
2025-09-24,1.0,UP_WEAKENING,True,False,0.3817702588702777,0.15622011059850618,0.2756074708045642,0.06272139493705921,0.1236807647895927,0.0,UP_STRENGTHENING,ds0017
2025-09-25,1.0,UP_WEAKENING,True,False,0.3738179574500389,0.18337041481156674,0.2698665609558404,0.060831924170850295,0.1121131426117037,0.0,UP_STRENGTHENING,ds0017
2025-09-26,1.0,UP_WEAKENING,True,False,0.3817702588702777,0.15622011059850618,0.2756074708045642,0.06272139493705921,0.1236807647895927,0.0,UP_STRENGTHENING,ds0017
2025-09-29,0.0,UP_STRENGTHENING,True,False,0.3786126048966303,0.15492799762690068,0.2733278850218066,0.06928585418100763,0.12384565827365474,0.0,UP_STRENGTHENING,ds0017
2025-09-30,0.0,UP_STRENGTHENING,True,False,0.3769336398979074,0.1573600196444991,0.27211583066159234,0.07029404595932433,0.12329646383667683,0.0,UP_STRENGTHENING,ds0017
2025-10-01,0.0,UP_STRENGTHENING,True,False,0.37715371038192097,0.15745190689519395,0.2722746926443766,0.06975123026403672,0.12336845981447175,0.0,UP_STRENGTHENING,ds0017
2025-10-02,1.0,UP_WEAKENING,True,False,0.37677176944676555,0.15729245191903893,0.27199896562101766,0.07069329759419045,0.12324351541898737,0.0,UP_STRENGTHENING,ds0017
2025-10-03,1.0,UP_WEAKENING,True,False,0.37530775739825495,0.16157572979999393,0.27094205406480865,0.06940983028978615,0.1227646284471563,0.0,UP_STRENGTHENING,ds0017
2025-10-06,1.0,UP_WEAKENING,True,False,0.37534029594032636,0.16158974938438464,0.27096556405877037,0.07105289827050723,0.12105149234601144,0.0,UP_STRENGTHENING,ds0017
2025-10-07,1.0,UP_WEAKENING,True,False,0.34619305827442776,0.23228999347574986,0.24992359615577742,0.05747989034205266,0.11411346175199232,0.0,UP_STRENGTHENING,ds0017
2025-10-08,1.0,UP_WEAKENING,True,False,0.35635489358140116,0.21065327603613315,0.2572596380757527,0.05916710592496062,0.11656508638175236,0.0,UP_STRENGTHENING,ds0017
2025-10-09,4.0,SIDEWAYS,True,False,0.35524871680700243,0.20583693529786962,0.2564610521759014,0.06625004808418417,0.1162032476350423,0.0,UP_STRENGTHENING,ds0017
2025-10-10,1.0,UP_WEAKENING,True,False,0.2353331218759156,0.3010068625511784,0.27764246695168215,0.057178633128959926,0.1288389154922639,1.0,UP_WEAKENING,ds0017
2025-10-13,1.0,UP_WEAKENING,True,False,0.2508587632648186,0.26502476129773117,0.296538393815547,0.06562105065662603,0.12195703096527721,2.0,DOWN_STRENGTHENING,ds0017
2025-10-14,1.0,UP_WEAKENING,True,False,0.22910208534160637,0.2648672877937833,0.31362984986438674,0.06581043001161947,0.12659034698860408,2.0,DOWN_STRENGTHENING,ds0017
2025-10-15,1.0,UP_WEAKENING,True,False,0.37376460433006287,0.21233491599559784,0.23924459517002106,0.06334593892097473,0.1113099455833435,0.0,UP_STRENGTHENING,ds0017
2025-10-16,1.0,UP_WEAKENING,True,False,0.23694270849227905,0.2698470950126648,0.28986480832099915,0.07090574502944946,0.13243964314460754,2.0,DOWN_STRENGTHENING,ds0017
2025-10-17,4.0,SIDEWAYS,True,False,0.23989248872203794,0.2732065516260806,0.2781603530734646,0.07465215494289416,0.13408845163552272,2.0,DOWN_STRENGTHENING,ds0017
2025-10-20,2.0,DOWN_STRENGTHENING,True,False,0.24265197505608294,0.22087750506112333,0.29684926953728236,0.08025061040183118,0.15937063994368017,2.0,DOWN_STRENGTHENING,ds0017
2025-10-21,2.0,DOWN_STRENGTHENING,True,False,0.24631178379058838,0.22420890629291534,0.2856036424636841,0.08210131525993347,0.16177435219287872,2.0,DOWN_STRENGTHENING,ds0017
2025-10-22,4.0,SIDEWAYS,True,False,0.24206731311726148,0.22274962727913158,0.296134013826623,0.0753289358567843,0.16372010992019959,2.0,DOWN_STRENGTHENING,ds0017
2025-10-23,2.0,DOWN_STRENGTHENING,True,False,0.3720368715223903,0.1869472698349709,0.23813870371774803,0.06798834303030116,0.13488881189458957,0.0,UP_STRENGTHENING,ds0017
2025-10-24,2.0,DOWN_STRENGTHENING,True,False,0.36792440318835984,0.19219340956787495,0.23550633297879497,0.06684462925328699,0.13753122501168324,0.0,UP_STRENGTHENING,ds0017
2025-10-27,2.0,DOWN_STRENGTHENING,True,False,0.36755528772208623,0.19452917430900651,0.23527006629653224,0.06525222163459493,0.13739325003778002,0.0,UP_STRENGTHENING,ds0017
2025-10-28,2.0,DOWN_STRENGTHENING,True,False,0.3590683830062037,0.21205435061292796,0.2298376342702617,0.06374554146094497,0.1352940906496617,0.0,UP_STRENGTHENING,ds0017
2025-10-29,2.0,DOWN_STRENGTHENING,True,False,0.35379432313910414,0.2211858547782207,0.22646174481281098,0.06280923400784902,0.13574884326201517,0.0,UP_STRENGTHENING,ds0017
2025-10-30,4.0,SIDEWAYS,True,False,0.25833066720521447,0.24138041791214604,0.288782470924054,0.07714869654591315,0.1343577474126723,2.0,DOWN_STRENGTHENING,ds0017
2025-10-31,2.0,DOWN_STRENGTHENING,True,False,0.3661529178344148,0.21623826349136627,0.23437241069037335,0.06500326193873975,0.11823314604510585,0.0,UP_STRENGTHENING,ds0017
2025-11-03,2.0,DOWN_STRENGTHENING,True,False,0.3680325393671909,0.1947817624392843,0.23557555324471663,0.06725656886016475,0.13435357608864343,0.0,UP_STRENGTHENING,ds0017
2025-11-04,4.0,SIDEWAYS,True,False,0.3779279775044925,0.2022014200031334,0.24439597891581122,0.064051551698102,0.11142307187846089,0.0,UP_STRENGTHENING,ds0017
2025-11-05,4.0,SIDEWAYS,True,False,0.37827064015979467,0.20020028204471924,0.2446175755790463,0.06851215170741647,0.10839935050902332,0.0,UP_STRENGTHENING,ds0017
2025-11-06,1.0,UP_WEAKENING,True,False,0.3610860665021159,0.23405648506369645,0.24020379513274362,0.052238966685843095,0.11241468661560096,0.0,UP_STRENGTHENING,ds0017
2025-11-07,1.0,UP_WEAKENING,True,False,0.36577228938024714,0.2341063250115399,0.23390906343304205,0.05447939593462111,0.11173292624054974,0.0,UP_STRENGTHENING,ds0017
2025-11-10,4.0,SIDEWAYS,True,False,0.3784881914814157,0.2003154352377825,0.2447582687010974,0.06461560125534835,0.111822503324356,0.0,UP_STRENGTHENING,ds0017
2025-11-11,4.0,SIDEWAYS,True,False,0.37939306810950435,0.20079433768395827,0.24284736631179327,0.06933265872796879,0.10763256916677527,0.0,UP_STRENGTHENING,ds0017
2025-11-12,4.0,SIDEWAYS,True,False,0.2393796873138868,0.2548810224616451,0.298671243349677,0.0828265690592932,0.12424147781549782,2.0,DOWN_STRENGTHENING,ds0017
2025-11-13,4.0,SIDEWAYS,True,False,0.24344680257395213,0.2980929083695913,0.2604804097223373,0.06366755955668299,0.13431231977743624,1.0,UP_WEAKENING,ds0017
2025-11-14,4.0,SIDEWAYS,True,False,0.24179168815041518,0.30402811455642836,0.25870948258908144,0.0632347147692825,0.13223599993479251,1.0,UP_WEAKENING,ds0017
2025-11-17,1.0,UP_WEAKENING,True,False,0.25442877032713934,0.2892065303145866,0.2637679239546072,0.06441068553312591,0.12818608987054095,1.0,UP_WEAKENING,ds0017
2025-11-18,4.0,SIDEWAYS,True,False,0.1967855281529115,0.4438416146457496,0.20342071733289804,0.05074116309622607,0.10521097677221479,1.0,UP_WEAKENING,ds0017
2025-11-19,1.0,UP_WEAKENING,True,False,0.24173330400933746,0.33676389737929135,0.23900798586404287,0.05971683344996659,0.12277797929736173,1.0,UP_WEAKENING,ds0017
2025-11-20,0.0,UP_STRENGTHENING,True,False,0.08019326537631528,0.6939090412790808,0.1510397029924426,0.026192445015246663,0.048665545336914674,1.0,UP_WEAKENING,ds0017
2025-11-21,0.0,UP_STRENGTHENING,True,False,0.09165117093370573,0.7023701628537653,0.12088192931814903,0.02992236411242356,0.055174372781956346,1.0,UP_WEAKENING,ds0017
2025-11-24,1.0,UP_WEAKENING,True,False,0.16705056091488,0.4486951875298179,0.22328011934011507,0.055617504439269876,0.10535662777591714,1.0,UP_WEAKENING,ds0017
2025-11-25,1.0,UP_WEAKENING,True,False,0.1638531429580301,0.44628129573154846,0.22328511462731584,0.06080169016723272,0.10577875651587283,1.0,UP_WEAKENING,ds0017
2025-11-26,1.0,UP_WEAKENING,True,False,0.16143222273463176,0.42890420875626956,0.2387605625298661,0.06949428520719919,0.10140872077203333,1.0,UP_WEAKENING,ds0017
2025-11-28,4.0,SIDEWAYS,True,False,0.20236828036213755,0.26330290029355585,0.316157320623318,0.08797905111250434,0.13019244760848425,2.0,DOWN_STRENGTHENING,ds0017
2025-12-01,4.0,SIDEWAYS,True,False,0.2155650109052658,0.23438870906829834,0.3325338363647461,0.08900848031044006,0.1285039633512497,2.0,DOWN_STRENGTHENING,ds0017
2025-12-02,4.0,SIDEWAYS,True,False,0.21072265896902523,0.22912349102002055,0.31670792239192536,0.07802075485776898,0.1654251727612599,2.0,DOWN_STRENGTHENING,ds0017
2025-12-03,2.0,DOWN_STRENGTHENING,True,False,0.20796883880975986,0.22467800321720552,0.3176546811183796,0.09026145526250658,0.15943702159214845,2.0,DOWN_STRENGTHENING,ds0017
2025-12-04,4.0,SIDEWAYS,True,False,0.2493661139302079,0.21072127944108965,0.3027978471786265,0.08366932532930392,0.15344543412077202,2.0,DOWN_STRENGTHENING,ds0017
2025-12-05,4.0,SIDEWAYS,True,False,0.2565143368167529,0.20783695268873942,0.29865318091730503,0.07821929338247637,0.15877623619472628,2.0,DOWN_STRENGTHENING,ds0017
2025-12-08,4.0,SIDEWAYS,True,False,0.33770528687317136,0.1852474524471719,0.2661929746433569,0.07636790779507091,0.1344863782412289,0.0,UP_STRENGTHENING,ds0017
2025-12-09,4.0,SIDEWAYS,True,False,0.2835874430721651,0.20073642429397592,0.29066176903269725,0.08185228339497969,0.14316208020618199,2.0,DOWN_STRENGTHENING,ds0017
2025-12-10,4.0,SIDEWAYS,True,False,0.3851704442937093,0.17168313904416335,0.24859328003947734,0.06445174904360432,0.13010138757904574,0.0,UP_STRENGTHENING,ds0017
2025-12-11,4.0,SIDEWAYS,True,False,0.36610420174508534,0.16298893976997808,0.2722214955008963,0.05912039208708733,0.13956497089695294,0.0,UP_STRENGTHENING,ds0017
2025-12-12,1.0,UP_WEAKENING,True,False,0.3793959518679542,0.20479981067181127,0.24492535846502517,0.0599594286839813,0.11091945031122806,0.0,UP_STRENGTHENING,ds0017
2025-12-15,0.0,UP_STRENGTHENING,True,False,0.25858606256620914,0.233851564205892,0.30173017168127897,0.07548977083286938,0.13034243071375054,2.0,DOWN_STRENGTHENING,ds0017
2025-12-16,1.0,UP_WEAKENING,True,False,0.393053334744374,0.18063749911300836,0.25536990926772085,0.06251632608521956,0.10842293078967723,0.0,UP_STRENGTHENING,ds0017
2025-12-17,0.0,UP_STRENGTHENING,True,False,0.360542159096663,0.2631769854777153,0.2327048698873779,0.051353113393578335,0.09222287214466549,0.0,UP_STRENGTHENING,ds0017
2025-12-18,4.0,SIDEWAYS,True,False,0.3651290210699363,0.24499814029784395,0.23566536429773743,0.05759704070093452,0.09661043363354777,0.0,UP_STRENGTHENING,ds0017
2025-12-19,4.0,SIDEWAYS,True,False,0.38018243790760264,0.17550621482766954,0.2718361182115148,0.06499350458344845,0.1074817244697645,0.0,UP_STRENGTHENING,ds0017
2025-12-22,4.0,SIDEWAYS,True,False,0.37239613019239515,0.17597469163016405,0.2722401835846846,0.07164197201603735,0.10774702257671885,0.0,UP_STRENGTHENING,ds0017
2025-12-23,4.0,SIDEWAYS,True,False,0.3651846456803939,0.1709425360217858,0.26445524505386714,0.06959329927598615,0.12982427396796706,0.0,UP_STRENGTHENING,ds0017
2025-12-24,4.0,SIDEWAYS,True,False,0.3602888286113739,0.17013899981975555,0.2728694975376129,0.06861886382102966,0.12808381021022797,0.0,UP_STRENGTHENING,ds0017
2025-12-26,1.0,UP_WEAKENING,True,False,0.36046982617236284,0.170224476685177,0.2730065943227692,0.06815096143225494,0.12814814138743597,0.0,UP_STRENGTHENING,ds0017
2025-12-29,0.0,UP_STRENGTHENING,True,False,0.36571556057247845,0.17270165553166228,0.26483970683187463,0.06897246041169419,0.1277706166522904,0.0,UP_STRENGTHENING,ds0017
2025-12-30,1.0,UP_WEAKENING,True,False,0.3774395455765521,0.179799311450093,0.27044219987581075,0.07014154211319426,0.1021774009843499,0.0,UP_STRENGTHENING,ds0017
2025-12-31,1.0,UP_WEAKENING,True,False,0.2657604158127215,0.2187819133971204,0.31448730123443974,0.07636294343256332,0.12460742612315506,2.0,DOWN_STRENGTHENING,ds0017
2026-01-02,0.0,UP_STRENGTHENING,True,False,0.22777743298146974,0.2297238524299286,0.36820732998539013,0.06533502689994831,0.1089563577032632,2.0,DOWN_STRENGTHENING,ds0017
2026-01-05,4.0,SIDEWAYS,True,False,0.2584709784616384,0.2087049751176689,0.33102917177931707,0.0747636843507933,0.12703119029058232,2.0,DOWN_STRENGTHENING,ds0017
2026-01-06,2.0,DOWN_STRENGTHENING,True,False,0.24808997100658692,0.2000863865024327,0.3177340054343194,0.07312291170003199,0.16096672535662893,2.0,DOWN_STRENGTHENING,ds0017
2026-01-07,2.0,DOWN_STRENGTHENING,True,False,0.3414324845480359,0.17764496935639507,0.2751487514015194,0.06427785057036467,0.14149594412368494,0.0,UP_STRENGTHENING,ds0017
2026-01-08,2.0,DOWN_STRENGTHENING,True,False,0.18853352682987562,0.09206456553839794,0.5436175980624914,0.05556903696702366,0.12021527260221135,2.0,DOWN_STRENGTHENING,ds0017
2026-01-09,2.0,DOWN_STRENGTHENING,True,False,0.1838972385246821,0.08802823558397152,0.5545550481499164,0.05420252952347455,0.11931694821795545,2.0,DOWN_STRENGTHENING,ds0017
2026-01-12,2.0,DOWN_STRENGTHENING,True,False,0.31026232011420785,0.08803659611913117,0.44411947992355016,0.05959369197790554,0.09798791186520522,2.0,DOWN_STRENGTHENING,ds0017
2026-01-13,2.0,DOWN_STRENGTHENING,True,False,0.3133684192111617,0.09427226615763504,0.43045685978105247,0.05607080626698751,0.10583164858316328,2.0,DOWN_STRENGTHENING,ds0017
2026-01-14,2.0,DOWN_STRENGTHENING,True,False,0.32939270261448883,0.11325655174723473,0.42072683729502125,0.05294401590877777,0.0836798924344774,2.0,DOWN_STRENGTHENING,ds0017
2026-01-15,2.0,DOWN_STRENGTHENING,True,False,0.3291715432580045,0.09285479177318202,0.4236156407537407,0.056105636896277025,0.09825238731879574,2.0,DOWN_STRENGTHENING,ds0017
2026-01-16,2.0,DOWN_STRENGTHENING,True,False,0.3240546443041801,0.10823447036388559,0.4139086208522769,0.05523349239690379,0.09856877208275362,2.0,DOWN_STRENGTHENING,ds0017
2026-01-20,4.0,SIDEWAYS,True,False,0.20627270101044734,0.1545873840074551,0.49518029590598467,0.05936546096370285,0.08459415811241006,2.0,DOWN_STRENGTHENING,ds0017
2026-01-21,2.0,DOWN_STRENGTHENING,True,False,0.2126915297929513,0.10956013906910964,0.5251777152524228,0.06121279648984672,0.09135781939566948,2.0,DOWN_STRENGTHENING,ds0017
2026-01-22,2.0,DOWN_STRENGTHENING,True,False,0.20497581860167666,0.09107858991614852,0.5349417665815243,0.05974472397311996,0.10925910092753055,2.0,DOWN_STRENGTHENING,ds0017
2026-01-23,2.0,DOWN_STRENGTHENING,True,False,0.20511581653254485,0.0817519020316343,0.5441993251957276,0.05959922203573792,0.10933373420435534,2.0,DOWN_STRENGTHENING,ds0017
2026-01-26,2.0,DOWN_STRENGTHENING,True,False,0.2019092872596585,0.07931801617653655,0.5443171818232746,0.06698971191801345,0.10746580282251683,2.0,DOWN_STRENGTHENING,ds0017
2026-01-27,2.0,DOWN_STRENGTHENING,True,False,0.22691088914871216,0.08915591239929199,0.49108418822288513,0.07457493990659714,0.11827407032251358,2.0,DOWN_STRENGTHENING,ds0017
2026-01-28,2.0,DOWN_STRENGTHENING,True,False,0.33114587027036135,0.07627585991189406,0.42614735565530676,0.05925172346637683,0.10717919069606101,2.0,DOWN_STRENGTHENING,ds0017
2026-01-29,2.0,DOWN_STRENGTHENING,True,False,0.28777162934370504,0.0967388184336356,0.4403925341192245,0.06018734454271147,0.11490967356072336,2.0,DOWN_STRENGTHENING,ds0017
2026-01-30,2.0,DOWN_STRENGTHENING,True,False,0.24734354956425242,0.11804132644739762,0.4593295054287574,0.06836952116259512,0.10691609739699742,2.0,DOWN_STRENGTHENING,ds0017
2026-02-02,2.0,DOWN_STRENGTHENING,True,False,0.427023777969713,0.09836030971319176,0.2803519728858465,0.07577200403299937,0.11849193539824937,0.0,UP_STRENGTHENING,ds0017
2026-02-03,2.0,DOWN_STRENGTHENING,True,False,0.30385109782218933,0.14627695083618164,0.3395744860172272,0.08672171086072922,0.12357575446367264,2.0,DOWN_STRENGTHENING,ds0017
2026-02-04,4.0,SIDEWAYS,True,False,0.2905845853512113,0.1868412736999609,0.33206044637976745,0.07233341567714764,0.11818027889191274,2.0,DOWN_STRENGTHENING,ds0017
2026-02-05,4.0,SIDEWAYS,True,False,0.2286411161959587,0.32669724250947096,0.31259537907672597,0.05032511242945166,0.0817411497883927,1.0,UP_WEAKENING,ds0017
2026-02-06,4.0,SIDEWAYS,True,False,0.29691017337687703,0.16914002975389428,0.3392888979454837,0.07390801028701686,0.12075288863672812,2.0,DOWN_STRENGTHENING,ds0017
2026-02-09,2.0,DOWN_STRENGTHENING,True,False,0.3081028851301338,0.12604816633606453,0.3568193124776874,0.08793521189496553,0.1210944241611488,2.0,DOWN_STRENGTHENING,ds0017
2026-02-10,4.0,SIDEWAYS,True,False,0.3148037885070976,0.1168501560941385,0.4024942935256449,0.06772014700532397,0.09813161486779495,2.0,DOWN_STRENGTHENING,ds0017
2026-02-11,2.0,DOWN_STRENGTHENING,True,False,0.31404233446780344,0.13665059412495187,0.34478492058493077,0.0888408361202603,0.11568131470205359,2.0,DOWN_STRENGTHENING,ds0017
2026-02-12,2.0,DOWN_STRENGTHENING,True,False,0.25409668116055395,0.30863257552759554,0.2821480568763303,0.06332187213029253,0.09180081430522767,1.0,UP_WEAKENING,ds0017
2026-02-13,4.0,SIDEWAYS,True,False,0.27292768387173194,0.26405580032121245,0.29964543728435505,0.06809006190702596,0.09528101661567465,2.0,DOWN_STRENGTHENING,ds0017
2026-02-17,4.0,SIDEWAYS,True,False,0.2287659576902998,0.28043623922955274,0.3182336593200666,0.07231396221178883,0.10025018154829199,2.0,DOWN_STRENGTHENING,ds0017
2026-02-18,2.0,DOWN_STRENGTHENING,True,False,0.2880401780587355,0.15871784871587832,0.3542806943827557,0.08203206589674655,0.11692921294588389,2.0,DOWN_STRENGTHENING,ds0017
2026-02-19,2.0,DOWN_STRENGTHENING,True,False,0.42574308716717785,0.11526502239461905,0.28903703804921216,0.07007419801972069,0.09988065436927027,0.0,UP_STRENGTHENING,ds0017
2026-02-20,2.0,DOWN_STRENGTHENING,True,False,0.44719812921891433,0.11854330577102944,0.27096803563254884,0.06562077656875971,0.09766975280874766,0.0,UP_STRENGTHENING,ds0017
2026-02-23,2.0,DOWN_STRENGTHENING,True,False,0.3656032856910319,0.17807314692937462,0.3270846197614015,0.05444305580114014,0.07479589181705182,0.0,UP_STRENGTHENING,ds0017
2026-02-24,2.0,DOWN_STRENGTHENING,True,False,0.3990970731050648,0.09275115004923493,0.34267817906504333,0.06345754672713438,0.1020160510535225,0.0,UP_STRENGTHENING,ds0017
2026-02-25,2.0,DOWN_STRENGTHENING,True,False,0.437516414560133,0.07748191688236718,0.29193925422520556,0.08032802372682059,0.11273439060547366,0.0,UP_STRENGTHENING,ds0017
2026-02-26,2.0,DOWN_STRENGTHENING,True,False,0.3417173249635698,0.20373236677648798,0.30571519645195017,0.05746798088845653,0.09136713091953551,0.0,UP_STRENGTHENING,ds0017
2026-02-27,2.0,DOWN_STRENGTHENING,True,False,0.3577408545872696,0.17424363157516168,0.31611481779984857,0.06022945136173742,0.09167124467598266,0.0,UP_STRENGTHENING,ds0017
2026-03-02,2.0,DOWN_STRENGTHENING,True,False,0.43798209541982697,0.11093136998806506,0.2645602007079184,0.07336694220802016,0.11315939167616938,0.0,UP_STRENGTHENING,ds0017
2026-03-03,2.0,DOWN_STRENGTHENING,True,False,0.36471085653570723,0.15516703858473782,0.3222737812318271,0.06133489873007242,0.09651342491765544,0.0,UP_STRENGTHENING,ds0017
2026-03-04,2.0,DOWN_STRENGTHENING,True,False,0.4405901959846271,0.09987667723846988,0.25959212941784343,0.07260015240461429,0.1273408449544453,0.0,UP_STRENGTHENING,ds0017
2026-03-05,2.0,DOWN_STRENGTHENING,True,False,0.42697586855911523,0.12093184028955462,0.262612535344718,0.07263355335917229,0.11684620244743986,0.0,UP_STRENGTHENING,ds0017
2026-03-06,2.0,DOWN_STRENGTHENING,True,False,0.4443030191750234,0.09908315089592787,0.26655075748416057,0.07310240933604269,0.11696066310884544,0.0,UP_STRENGTHENING,ds0017
2026-03-09,2.0,DOWN_STRENGTHENING,True,False,0.4415500262726104,0.1077947789682771,0.2619163452517169,0.0726494507338729,0.11608939877352265,0.0,UP_STRENGTHENING,ds0017
2026-03-10,4.0,SIDEWAYS,True,False,0.45309347251872323,0.08614186261699991,0.2666056772068566,0.08090829909524544,0.1132506885621748,0.0,UP_STRENGTHENING,ds0017
2026-03-11,4.0,SIDEWAYS,True,False,0.4416415194043857,0.08213810806285086,0.2876502935808218,0.07918075649099253,0.10938932246094918,0.0,UP_STRENGTHENING,ds0017
2026-03-12,0.0,UP_STRENGTHENING,True,False,0.3907874822616577,0.086592897772789,0.3741261661052704,0.06072325259447098,0.08777020126581192,0.0,UP_STRENGTHENING,ds0017
2026-03-13,0.0,UP_STRENGTHENING,True,False,0.40094431494982813,0.062136314556169206,0.3761491389655958,0.0727389420981859,0.08803128943022095,0.0,UP_STRENGTHENING,ds0017
2026-03-16,0.0,UP_STRENGTHENING,True,False,0.39749905467033386,0.07073540985584259,0.37291693687438965,0.07514017075300217,0.08370842784643173,0.0,UP_STRENGTHENING,ds0017
2026-03-17,0.0,UP_STRENGTHENING,True,False,0.44527397886735137,0.07923700896611836,0.29754860095824603,0.08417117101464185,0.09376924019364238,0.0,UP_STRENGTHENING,ds0017
2026-03-18,0.0,UP_STRENGTHENING,True,False,0.3983201056843988,0.0751816103221356,0.37368720491463536,0.06677208046039879,0.0860389986184314,0.0,UP_STRENGTHENING,ds0017
2026-03-19,0.0,UP_STRENGTHENING,True,False,0.39445032053085594,0.06282783042227427,0.39166755859425983,0.05802121893229556,0.09303307152031441,0.0,UP_STRENGTHENING,ds0017
2026-03-20,0.0,UP_STRENGTHENING,True,True,0.3825660163928871,0.06482254906959978,0.3897889968689977,0.06477180316364178,0.09805063450487359,2.0,DOWN_STRENGTHENING,ds0017
2026-03-23,0.0,UP_STRENGTHENING,True,False,0.37974146008491516,0.05834987759590149,0.3997552990913391,0.06644348800182343,0.09570987522602081,2.0,DOWN_STRENGTHENING,ds0017
2026-03-24,0.0,UP_STRENGTHENING,True,False,0.3696965506356852,0.05667216597735573,0.38501062272096753,0.10075246355026098,0.08786819711573055,2.0,DOWN_STRENGTHENING,ds0017
2026-03-25,0.0,UP_STRENGTHENING,True,False,0.38409647917891265,0.05579554372721231,0.39134833799821644,0.07985688864971531,0.08890275044594333,2.0,DOWN_STRENGTHENING,ds0017
2026-03-26,0.0,UP_STRENGTHENING,True,True,0.386586007575795,0.0598240788294071,0.3819858403355938,0.07255871539891723,0.09904535786028684,0.0,UP_STRENGTHENING,ds0017
2026-03-27,0.0,UP_STRENGTHENING,True,True,0.4008226126493708,0.05925761207385072,0.3792476086262435,0.06320443796518771,0.0974677286853472,0.0,UP_STRENGTHENING,ds0017
2026-03-30,0.0,UP_STRENGTHENING,True,True,0.3882917660547705,0.054203199671870476,0.3827833433468513,0.062024390570183344,0.11269730035632439,0.0,UP_STRENGTHENING,ds0017
2026-03-31,0.0,UP_STRENGTHENING,True,True,0.3465139983177335,0.062103238443116326,0.39790348123517355,0.07145203277346321,0.12202724923051339,2.0,DOWN_STRENGTHENING,ds0017
2026-04-01,0.0,UP_STRENGTHENING,True,True,0.29626525772803686,0.04225648383452671,0.5199444526409113,0.05733891832853489,0.08419488746799025,2.0,DOWN_STRENGTHENING,ds0017
2026-04-02,0.0,UP_STRENGTHENING,True,True,0.2736980976245872,0.04329641260124175,0.5327402472363467,0.07145503323052153,0.07881020930730274,2.0,DOWN_STRENGTHENING,ds0017
2026-04-06,0.0,UP_STRENGTHENING,True,True,0.35630576547970977,0.04521876420022523,0.4367769274044784,0.07389963031074104,0.08779891260484556,2.0,DOWN_STRENGTHENING,ds0017
2026-04-07,0.0,UP_STRENGTHENING,True,True,0.3162066352226087,0.044302825049693975,0.4717392640998187,0.08479677172301997,0.08295450390485862,2.0,DOWN_STRENGTHENING,ds0017
2026-04-08,0.0,UP_STRENGTHENING,True,True,0.2717921425707931,0.04385827465408193,0.5196629743290582,0.05450936759073523,0.11017724085533157,2.0,DOWN_STRENGTHENING,ds0017
2026-04-09,0.0,UP_STRENGTHENING,True,True,0.2536720179210613,0.04783557995235063,0.522800057537857,0.06613260132070266,0.10955974326802846,2.0,DOWN_STRENGTHENING,ds0017
2026-04-10,0.0,UP_STRENGTHENING,True,True,0.4376337034568025,0.03872444307545827,0.3929514709285734,0.05068215501239203,0.08000822752677378,0.0,UP_STRENGTHENING,ds0017
2026-04-13,0.0,UP_STRENGTHENING,True,True,0.4324748491945581,0.03776743502187131,0.40516602578693045,0.04942961722725441,0.07516207276938572,0.0,UP_STRENGTHENING,ds0017
2026-04-14,0.0,UP_STRENGTHENING,True,True,0.41557071735393775,0.03995682493045219,0.42895490993760926,0.05110982204482755,0.06440772573317323,2.0,DOWN_STRENGTHENING,ds0017
2026-04-15,0.0,UP_STRENGTHENING,True,True,0.4148774851267874,0.03989017113756835,0.4282393269154254,0.05102456121583256,0.06596845560438629,2.0,DOWN_STRENGTHENING,ds0017
2026-04-16,0.0,UP_STRENGTHENING,True,True,0.4397176337157975,0.0400076483192339,0.40875120189044484,0.0485856733794711,0.0629378426950527,0.0,UP_STRENGTHENING,ds0017
2026-04-17,0.0,UP_STRENGTHENING,True,True,0.440520207262626,0.0404571686480715,0.40949724274141003,0.044132457935849224,0.0653929234120433,0.0,UP_STRENGTHENING,ds0017
2026-04-20,0.0,UP_STRENGTHENING,True,True,0.43522781133651733,0.046311140060424805,0.40817010402679443,0.04808958247303963,0.0622013621032238,0.0,UP_STRENGTHENING,ds0017
2026-04-21,0.0,UP_STRENGTHENING,True,True,0.41405496463986075,0.04769979098103707,0.4263651418652215,0.048965238581954375,0.06291486393192632,2.0,DOWN_STRENGTHENING,ds0017
2026-04-22,0.0,UP_STRENGTHENING,True,True,0.3036383654515628,0.05909191378475822,0.5029089394631728,0.05725526745704635,0.07710551384345986,2.0,DOWN_STRENGTHENING,ds0017
2026-04-23,0.0,UP_STRENGTHENING,True,True,0.3045411246064808,0.059843863241845215,0.5044041501464315,0.05742549407894138,0.07378536792630112,2.0,DOWN_STRENGTHENING,ds0017
2026-04-24,0.0,UP_STRENGTHENING,True,False,0.3037478086305374,0.0606338467567013,0.5030902121791656,0.05253201448418227,0.07999611794941347,2.0,DOWN_STRENGTHENING,ds0017
2026-04-27,0.0,UP_STRENGTHENING,True,False,0.30168636397067455,0.06448277566838811,0.49967587926821905,0.057545149203402396,0.07660983188931587,2.0,DOWN_STRENGTHENING,ds0017
2026-04-28,0.0,UP_STRENGTHENING,True,False,0.3001732680862677,0.07007745314014371,0.49716979837712877,0.056601875514446266,0.07597760488201356,2.0,DOWN_STRENGTHENING,ds0017
2026-04-29,0.0,UP_STRENGTHENING,True,False,0.29340631972055703,0.08156350589245023,0.4922640823383067,0.05669157066794961,0.07607452138073643,2.0,DOWN_STRENGTHENING,ds0017
2026-04-30,0.0,UP_STRENGTHENING,True,False,0.29336251387852175,0.0815513243519991,0.49219057560534224,0.05139389012709047,0.08150169603704643,2.0,DOWN_STRENGTHENING,ds0017
2026-05-01,0.0,UP_STRENGTHENING,True,False,0.293439620134839,0.07967226029174938,0.49231993051648293,0.05140739564432065,0.08316079341260806,2.0,DOWN_STRENGTHENING,ds0017
2026-05-04,0.0,UP_STRENGTHENING,True,False,0.29037885776240907,0.07884122882629824,0.4871847150033446,0.055123744341591584,0.0884714540663565,2.0,DOWN_STRENGTHENING,ds0017
2026-05-05,0.0,UP_STRENGTHENING,True,False,0.2916189741031042,0.07917793869665987,0.48926535431021956,0.05108844135362074,0.08884929153639559,2.0,DOWN_STRENGTHENING,ds0017
2026-05-06,4.0,SIDEWAYS,False,False,0.29141261305175387,0.07912190022701322,0.4889190945351394,0.05105228569947822,0.08949410648661535,2.0,DOWN_STRENGTHENING,ds0017
2026-05-07,4.0,SIDEWAYS,False,False,0.26692407726666156,0.09908782469284927,0.4798581194909337,0.04978942014747664,0.10434055840207879,2.0,DOWN_STRENGTHENING,ds0017
2026-05-08,4.0,SIDEWAYS,False,False,0.26692407726666156,0.09908782469284927,0.4798581194909337,0.04978942014747664,0.10434055840207879,2.0,DOWN_STRENGTHENING,ds0017
2026-05-11,4.0,SIDEWAYS,False,False,0.2663931568443265,0.09440820734507,0.48324346902402837,0.05368740896647728,0.10226775782009778,2.0,DOWN_STRENGTHENING,ds0017
2026-05-12,4.0,SIDEWAYS,False,False,0.264256219963798,0.10825588252698894,0.47506197253496085,0.04929178037572497,0.10313414459852721,2.0,DOWN_STRENGTHENING,ds0017
2026-05-13,4.0,SIDEWAYS,False,False,0.2664436270652028,0.09442610146568613,0.48714333877502664,0.04969980509913224,0.10228712759495218,2.0,DOWN_STRENGTHENING,ds0017
2026-05-14,4.0,SIDEWAYS,False,False,0.2626231698826273,0.09307213439661716,0.4899906382334074,0.05349360213221021,0.10082045535513795,2.0,DOWN_STRENGTHENING,ds0017
2026-05-15,4.0,SIDEWAYS,False,False,0.26479276718803385,0.1083710628557459,0.48960178543327243,0.048536840283831505,0.08869754423911634,2.0,DOWN_STRENGTHENING,ds0017
2026-05-18,4.0,SIDEWAYS,False,False,0.2694284668085811,0.1076877509744419,0.48651469660018937,0.048230801676042406,0.08813828394074522,2.0,DOWN_STRENGTHENING,ds0017
2026-05-19,4.0,SIDEWAYS,False,False,0.2697834432821745,0.10694831848774072,0.48715565697451657,0.04829434413375729,0.08781823712181085,2.0,DOWN_STRENGTHENING,ds0017
2026-05-20,4.0,SIDEWAYS,False,False,0.2690029988251068,0.09124877133874648,0.49014829676322086,0.05294464802472577,0.09665528504820009,2.0,DOWN_STRENGTHENING,ds0017
2026-05-21,4.0,SIDEWAYS,False,False,0.26871815824356227,0.09115214815646686,0.48962930756861917,0.052888584377031485,0.09761180165432023,2.0,DOWN_STRENGTHENING,ds0017
2026-05-22,4.0,SIDEWAYS,False,False,0.2626231698826273,0.09307213439661716,0.4899906382334074,0.05349360213221021,0.10082045535513795,2.0,DOWN_STRENGTHENING,ds0017
2026-05-26,4.0,SIDEWAYS,False,False,0.2670744230152387,0.09386167965754183,0.4866342904931092,0.052299754023936385,0.1001298528101739,2.0,DOWN_STRENGTHENING,ds0017
2026-05-27,4.0,SIDEWAYS,False,False,0.2673850665516595,0.09254211966895357,0.4872002917796384,0.05262621139223207,0.10024631060751643,2.0,DOWN_STRENGTHENING,ds0017
2026-05-28,4.0,SIDEWAYS,False,False,0.2669120520435589,0.09380461590082029,0.48633842310699005,0.052875934078855095,0.10006897486977567,2.0,DOWN_STRENGTHENING,ds0017
2026-05-29,4.0,SIDEWAYS,False,False,0.26343177240891974,0.0948000454232122,0.4914993024337647,0.04913800111811614,0.10113087861598723,2.0,DOWN_STRENGTHENING,ds0017
2026-06-01,4.0,SIDEWAYS,False,False,0.2623737874525481,0.09441930912603601,0.4895253747274848,0.05295680853269043,0.10072472016124069,2.0,DOWN_STRENGTHENING,ds0017
2026-06-02,4.0,SIDEWAYS,False,False,0.26424127620278837,0.09509135711870076,0.48785361284126627,0.05360124220251111,0.09921251163473344,2.0,DOWN_STRENGTHENING,ds0017
2026-06-03,4.0,SIDEWAYS,False,False,0.28170374350663735,0.10137551391171866,0.4562290063824021,0.05254627450421014,0.10814546169503177,2.0,DOWN_STRENGTHENING,ds0017
