Date,Open,High,Low,Close,Volume
2013-01-02,16.726060618529853,16.761698112511695,16.357908128086645,16.581396102905273,560518000
2013-01-03,16.546664055332784,16.60072433197894,16.338879494096954,16.372100830078125,352965200
2013-01-04,16.217179615848526,16.267314076991514,15.880736945619178,15.916072845458984,594333600
2013-01-07,15.765061997606011,15.985530662786331,15.559693506129635,15.822444915771484,484156400
2013-01-08,15.982809769560397,16.06374939452178,15.742408663952427,15.86502456665039,458707200
2013-01-09,15.780164552754671,15.855970274930923,15.583554196872234,15.61707878112793,407604400
2013-01-10,15.962884890428548,15.968018821897624,15.569362510988695,15.81067180633545,601146000
2013-01-11,15.734866616143039,15.86533590009991,15.675067522278521,15.713726043701172,350506800
2013-01-14,15.181571101548268,15.327142112488126,15.055632572023544,15.153485298156738,734207600
2013-01-15,15.049289189138813,15.070128133987978,14.598685716889886,14.675397872924805,876772400
2013-01-16,14.938749689447432,15.385728844415313,14.87411993980625,15.284553527832031,690804800
2013-01-17,15.412012338633973,15.425301203584196,15.1619465135317,15.181575775146484,453678400
2013-01-18,15.055936625710695,15.167681463462337,14.99191008049066,15.100635528564453,472922800
2013-01-22,15.238351748066254,15.338619024169095,14.998855459810697,15.244693756103516,461546400
2013-01-23,15.366707154664581,15.553351234033503,15.244694462844633,15.523754119873047,861509600
2013-01-24,13.892580310264321,14.065633867842509,13.598117323841644,13.605669021606445,1460852400
2013-01-25,13.641612507098234,13.778725382157667,13.137552648966906,13.284934997558594,1208026400
2013-01-28,13.223021242623604,13.6875160658981,13.163524595095055,13.58543586730957,785517600
2013-01-29,13.847280792163161,13.898623314258836,13.654596332590543,13.840333938598633,571158000
2013-01-30,13.801981274041788,13.971109044866965,13.726478784197454,13.796847343444824,417155200
2013-01-31,13.801377741846613,13.870839837445981,13.740975428697013,13.756377220153809,319334400
2013-02-01,13.865703843100107,13.8768781645296,13.5407388338148,13.699898719787598,539484400
2013-02-04,13.708658642184217,13.769967416190463,13.348961737689574,13.358626365661621,477117200
2013-02-05,13.410873895758149,13.884732582100405,13.355605516934558,13.827349662780762,573347600
2013-02-06,13.78597091651386,14.08888886921509,13.668487325610407,13.812548637390137,593706400
2013-02-07,14.072275501342816,14.27732075191523,13.794929858041463,14.223250389099121,704580800
2013-02-08,14.398832610584051,14.544947038293692,14.224162071659787,14.42860221862793,633158400
2013-02-11,14.474777265549955,14.731162577422628,14.376052470131825,14.578970909118652,517490400
2013-02-12,14.566210345618378,14.653393925183735,14.208670064017149,14.213530540466309,609053200
2013-02-13,14.192577101531702,14.38790313323673,14.07137174970391,14.186501502990723,475207600
2013-02-14,14.110859172870487,14.327145565584244,14.095670991076547,14.17374038696289,355275200
2013-02-15,14.24239039742324,14.282185959504954,13.971121912478957,13.978412628173828,391745200
2013-02-19,14.00697131854986,14.056486227410684,13.786736155135054,13.973251342773438,435783600
2013-02-20,13.903376723371288,13.903376723371288,13.633321803483918,13.634841918945312,476302400
2013-02-21,13.548268111034515,13.64456508880122,13.451668570215904,13.550090789794922,447182400
2013-02-22,13.646994644463467,13.71838005327825,13.566494219980626,13.694382667541504,330654800
2013-02-25,13.786730200158834,13.825309015535854,13.444073908248226,13.451061248779297,372579200
2013-02-26,13.482047851495913,13.71656102179199,13.294924336398022,13.6384916305542,501499600
2013-02-27,13.622084205510212,13.743897871476038,13.385750021906471,13.504828453063965,587350400
2013-02-28,13.48903271146763,13.605073344739269,13.408533096313477,13.408533096313477,322515200
2013-03-01,13.305250540175795,13.310719387858768,13.061625624430889,13.076510429382324,552448400
2013-03-04,12.995402516007726,13.007553708351914,12.728082773723902,12.759979248046875,582755600
2013-03-05,12.80341972491323,13.219891741412338,12.781244202420153,13.096863746643066,638433600
2013-03-06,13.199235143988428,13.221714851252026,12.8930315667676,12.93039608001709,460250000
2013-03-07,12.895158030377562,13.123292212644165,12.790660206315556,13.079852104187012,468473600
2013-03-08,13.056154026597438,13.227177549775933,13.02000464503221,13.11447811126709,391482000
2013-03-11,13.054635620492974,13.335929986062315,12.914595997197925,13.301299095153809,474236000
2013-03-12,13.232344401679025,13.331981734138003,12.988414515532254,13.014538764953613,465911600
2013-03-13,13.015146457865924,13.19892793914766,12.921280540424826,13.012107849121094,405549200
2013-03-14,13.148197572014777,13.203180490019408,13.07589961384186,13.138174057006836,303875600
2013-03-15,13.303123088570368,13.494500290913939,13.282466063881344,13.477185249328613,643960800
2013-03-18,13.41005101678329,13.896390670148659,13.402456928060216,13.843535423278809,606197200
2013-03-19,13.958358842920248,14.003014870915587,13.624209235777906,13.806170463562012,526775200
2013-03-20,13.895176659834373,13.90155562923312,13.657321568423338,13.73296070098877,308660800
2013-03-21,13.676461592133423,13.912188223052343,13.67281623460445,13.752707481384277,383255600
2013-03-22,13.808905137409912,14.03734103341476,13.764250728302947,14.031570434570312,395105200
2013-03-25,14.116019478980157,14.275805211246576,14.02762240125067,14.082301139831543,501135600
2013-03-26,14.138803795364604,14.150954988437652,13.98965236177891,14.008182525634766,294294000
2013-03-27,13.866013802786583,13.876341503496764,13.69195165000668,13.73296070098877,331237200
2013-03-28,13.664313185961047,13.725067534840575,13.41521938216159,13.44681167602539,442839600
2013-04-01,13.423720068651642,13.478399613900653,12.993578476652058,13.029119491577148,389732000
2013-04-02,12.98932619403018,13.309501962804237,12.952872621311,13.055851936340332,529519200
2013-04-03,13.10384727218536,13.283377464233936,13.071647428048639,13.122681617736816,363216000
2013-04-04,13.176454069360307,13.214121149114217,12.917942684916923,12.992974281311035,358447600
2013-04-05,12.895155908160246,12.908826403321001,12.748737304410655,12.855666160583496,383695200
2013-04-08,12.905791205772102,12.986290837787152,12.834101594951283,12.947104454040527,300829200
2013-04-09,12.951658827484527,13.016665267931273,12.841996353103735,12.970492362976074,306614000
2013-04-10,13.004514284609066,13.276695280967042,12.941025529288789,13.235077857971191,375928000
2013-04-11,13.175231811372091,13.304942908292917,13.098680946883684,13.19376277923584,328364400
2013-04-12,13.188297673028437,13.188297673028437,13.034589152207078,13.056157112121582,238613200
2013-04-15,12.971100675105545,12.998136671933546,12.744789994906766,12.75390338897705,317520000
2013-04-16,12.806150043839812,12.959250986312384,12.775772879152086,12.948012351989746,305771200
2013-04-17,12.76666108620098,12.77668622506774,12.093500469098082,12.235969543457031,945056000
2013-04-18,12.30249542409342,12.326796993714948,11.8392414299396,11.90941333770752,666299200
2013-04-19,11.78547708404868,12.138765342209247,11.698293484175656,11.863243103027344,609274400
2013-04-22,11.927337016993683,12.217744835240188,11.885721211210912,12.110511779785156,429920400
2013-04-23,12.27211677068034,12.405473238799344,12.114762108443863,12.337124824523926,664238400
2013-04-24,11.954677743541811,12.61416791890215,11.923084642080674,12.316774368286133,969651200
2013-04-25,12.492051792234154,12.574374096794687,12.36355576549739,12.405476570129395,384837600
2013-04-26,12.448914787914068,12.721094997834504,12.401525950552168,12.673402786254883,764097600
2013-04-29,12.772129871322146,13.17219936964683,12.75846018525635,13.065878868103027,640326400
2013-04-30,13.217154675440435,13.525484234193401,13.125111436892393,13.450451850891113,691538400
2013-05-01,13.501487142626113,13.515764386804051,13.195588608086537,13.344436645507812,506909200
2013-05-02,13.420080305459638,13.62694913422723,13.38514683548887,13.533692359924316,421828400
2013-05-03,13.709572019371732,13.767897741782042,13.643957203982184,13.669171333312988,361300800
2013-05-06,13.84322988338726,14.040379297544488,13.800702339278592,13.995118141174316,496641600
2013-05-07,14.124524735711745,14.148218746640426,13.78217264052272,13.932844161987305,483753200
2013-05-08,13.944386522835238,14.136675460928238,13.84626849929744,14.090197563171387,472598000
2013-05-09,14.060230481249368,14.157774790270773,13.930883961083282,13.96727180480957,398487600
2013-05-10,14.003968121784121,14.05717485636247,13.774936327044552,13.851076126098633,334852000
2013-05-13,13.806431569323443,14.001827223606384,13.80612618706393,13.90519905090332,316948800
2013-05-14,13.877984674789976,13.919265167656167,13.520217137162815,13.57250690460205,447118000
2013-05-15,13.428791241928167,13.485055072009676,12.915074531620478,13.113527297973633,741613600
2013-05-16,12.94198558088243,13.388735462496713,12.809275720174432,13.28874397277832,603204000
2013-05-17,13.425422024361046,13.457223414016736,13.179572223020209,13.248373031616211,427904400
2013-05-20,13.207094564379847,13.631828166025416,13.151747710337524,13.544068336486816,451578400
2013-05-21,13.397903399967452,13.622042516466722,13.2771190170885,13.444076538085938,456022000
2013-05-22,13.578317000828916,13.70980447144868,13.400044806650476,13.495755195617676,443038400
2013-05-23,13.33063287689514,13.64283806038874,13.32574022852688,13.519912719726562,353021200
2013-05-24,13.480464242130608,13.627545779585054,13.465480917796576,13.611950874328613,276166800
2013-05-28,13.757205273024582,13.794203895759676,13.480470893075237,13.49851131439209,386145200
2013-05-29,13.454476130444444,13.68381413971203,13.436128697768561,13.605838775634766,330576400
2013-05-30,13.627240776793471,13.897860051264194,13.592381477686871,13.808570861816406,353519600
2013-05-31,13.83670685154593,13.977368892775777,13.744972938782048,13.752006530761719,384302800
2013-06-03,13.782579628451039,13.832422255195079,13.53030858972845,13.78227424621582,372352400
2013-06-04,13.858719861907602,13.895720105346918,13.680448485520193,13.739158630371094,292728800
2013-06-05,13.627245861886564,13.78227883931957,13.567924118130454,13.610733985900879,290589600
2013-06-06,13.621739547997198,13.668524275371597,13.272534919980338,13.407384872436523,416934000
2013-06-07,13.347449858026373,13.553547754537684,13.23339204357559,13.509820938110352,404535600
2013-06-10,13.599108834812382,13.732124022396171,13.35662310237071,13.420531272888184,450153200
2013-06-11,13.32421081184585,13.538870029238803,13.250210326650832,13.381085395812988,286112400
2013-06-12,13.439184631324247,13.492696740730743,13.194557145583133,13.215656280517578,265227200
2013-06-13,13.225137137649138,13.367019848380352,13.110467740357782,13.330937385559082,285832400
2013-06-14,13.313817061457703,13.341032014350693,13.102825647489848,13.150222778320312,271866000
2013-06-17,13.192723997771541,13.32298749237164,13.159699438344331,13.209847450256348,259414400
2013-06-18,13.19639386304718,13.298525449443707,13.155113366709935,13.202815055847168,195025600
2013-06-19,13.191504174438087,13.199454729921555,12.934646606445312,12.934646606445312,310940000
2013-06-20,12.821502546524368,13.02576488506594,12.695213927723795,12.7462797164917,357310800
2013-06-21,12.796733664871017,12.842907624173243,12.47902507818232,12.644147872924805,481118400
2013-06-24,12.457621439718855,12.496150230638417,12.171713413175276,12.30901050567627,480746000
2013-06-25,12.405637500153953,12.46954567462229,12.195563913317491,12.311761856079102,314162800
2013-06-26,12.350598450825494,12.37781340295541,12.098632739958376,12.172327041625977,367724000
2013-06-27,12.208408945142997,12.273845673689031,12.033806214313932,12.041144371032715,337246000
2013-06-28,11.96714551641329,12.23959795798809,11.89100489369088,12.125235557556152,578516400
2013-07-01,12.313599211033832,12.606540045859928,12.268648405354284,12.513275146484375,391053600
2013-07-02,12.535900550393169,12.89274948504549,12.52091722437998,12.796732902526855,469865200
2013-07-03,12.869205348630276,12.934032123807434,12.764933636805578,12.86737060546875,240928800
2013-07-05,12.854832794304015,12.943509586315459,12.70071765433046,12.76401424407959,274024800
2013-07-08,12.846273052742209,12.873487186471754,12.557000912673017,12.691545486450195,298138400
2013-07-09,12.647204820010108,12.949930037316381,12.548742738007622,12.914765357971191,352584400
2013-07-10,12.830674599808363,12.98968238340991,12.789394109771802,12.865227699279785,281405600
2013-07-11,12.93311185066506,13.095177532569123,12.878682780426384,13.065821647644043,326292400
2013-07-12,13.076833373220117,13.142270916662687,12.9471814485126,13.041974067687988,279563200
2013-07-15,12.996109332388055,13.19333895967307,12.989687321596751,13.070413589477539,241917200
2013-07-16,13.042277817562631,13.17040118177695,12.970419089946635,13.154807090759277,216538000
2013-07-17,13.139519654702799,13.216577241440621,13.094263469129283,13.158171653747559,198990400
2013-07-18,13.252044398634222,13.297605956478506,13.167343291448411,13.202507972717285,218878800
2013-07-19,13.243483455084057,13.270392202214149,12.975922894938767,12.994270324707031,268721600
2013-07-22,13.132182055144014,13.141049573894437,13.01017446888933,13.035860061645508,207796400
2013-07-23,13.026377960998499,13.055733034033437,12.803461982059648,12.812024116516113,369395600
2013-07-24,13.421759600894031,13.594833000663336,13.309537306721051,13.470073699951172,591936800
2013-07-25,13.475880581764557,13.497285101947702,13.326351873151639,13.408607482910156,229493600
2013-07-26,13.310756755352962,13.486276430991001,13.281401681995083,13.484747886657715,200152400
2013-07-29,13.478941034545631,13.759956472698061,13.460594415028297,13.692684173583984,248057600
2013-07-30,13.759036176607891,13.978895087458001,13.736713875097008,13.861780166625977,309422400
2013-07-31,13.912843425283606,13.984701332367905,13.74282717946207,13.83761978149414,322957600
2013-08-01,13.936084931004508,13.968190894326447,13.859943499677682,13.964521408081055,206250800
2013-08-02,14.005190709285946,14.153190050521658,13.963910215087127,14.143710136413574,274783600
2013-08-05,14.20945509561884,14.39231375433899,14.13178674870726,14.355008125305176,318855600
2013-08-06,14.31128352416799,14.429621622654425,14.13239970640875,14.226581573486328,334857600
2013-08-07,14.182240286664337,14.280091626545227,14.120166031749992,14.21832275390625,298858000
2013-08-08,14.277728018991468,14.285115448468526,14.095815444843783,14.190004348754883,255777200
2013-08-09,14.117055087231641,14.173075610247828,13.963462623602501,13.988085746765137,266865200
2013-08-12,14.062268167352412,14.425166237605085,14.055188135514603,14.38546085357666,364434000
2013-08-13,14.495653372042547,15.225761269757214,14.40669681287446,15.069089889526367,881941200
2013-08-14,15.324877384812197,15.520946797933817,15.18698194327692,15.343960762023926,756372400
2013-08-15,15.279941208348871,15.464007316177089,15.054012977491412,15.32580280303955,490294000
2013-08-16,15.394741829742712,15.480619462435927,15.355036452075856,15.461843490600586,362306000
2013-08-19,15.523713801648016,15.813048256375515,15.513249096948906,15.62836742401123,510518400
2013-08-20,15.68900682267675,15.715477629135606,15.415369402025084,15.423064231872559,358688400
2013-08-21,15.500627899949531,15.610204822177037,15.42706264359217,15.4627685546875,335879600
2013-08-22,15.543415089655651,15.562191066470291,15.334724266284168,15.48123836517334,244207600
2013-08-23,15.49077627950428,15.493238755859089,15.370118225803976,15.421521186828613,222731600
2013-08-26,15.413210640826138,15.704085331387114,15.405515812817255,15.48154354095459,330965600
2013-08-27,15.32855731162758,15.467378126965205,14.968429331879793,15.038915634155273,424188800
2013-08-28,14.95920094143912,15.260847699473777,14.95920094143912,15.110023498535156,307608000
2013-08-29,15.133116361435489,15.282400348337788,15.117110259067267,15.134654998779297,239657600
2013-08-30,15.143882543394803,15.173123216863386,14.974591405708614,14.996753692626953,272297200
2013-09-03,15.177741861376497,15.408593279912028,15.00075588342211,15.038615226745605,331928800
2013-09-04,15.376582813944747,15.45907413334579,15.27562292068314,15.34980297088623,345032800
2013-09-05,15.397822152299272,15.41105837529123,15.194363717163322,15.244535446166992,236367600
2013-09-06,15.342109317310447,15.371040949709526,15.08078434766577,15.335336685180664,359525600
2013-09-09,15.54402666907108,15.633905420234704,15.497241257979047,15.580039978027344,340687200
2013-09-10,15.580968917064641,15.619444715188838,15.066939092513847,15.225149154663086,743195600
2013-09-11,14.374687018305279,14.580298900552739,14.306970549826689,14.396234512329102,898696400
2013-09-12,14.420551138215123,14.632934023031979,14.343906953627114,14.549520492553711,404051200
2013-09-13,14.446409052376703,14.52305161195473,14.30359028481711,14.309744834899902,298835600
2013-09-16,14.189699085354627,14.20847341663041,13.765546486857655,13.854808807373047,543706800
2013-09-17,13.788321069223406,14.14998948445596,13.774162651757253,14.014863967895508,399380800
2013-09-18,14.25679931265538,14.354372904902688,14.179232934236973,14.302969932556152,456862000
2013-09-19,14.488266793896315,14.646169421752598,14.443634812375699,14.537514686584473,404541200
2013-09-20,14.712962659059023,14.72989095505912,14.343599339021944,14.38700008392334,699302800
2013-09-23,15.27008207144925,15.295014233405926,14.854548230628227,15.102022171020508,762106800
2013-09-24,15.232535378254804,15.250694914619627,15.015227520035575,15.054625511169434,364344400
2013-09-25,15.057708390254579,15.071250374496705,14.818545573140353,14.821622848510742,316957200
2013-09-26,14.959206678561285,15.038002659209736,14.894567475676936,14.965977668762207,237221600
2013-09-27,14.890873118893794,14.918267764885647,14.796685838282016,14.859169960021973,228040400
2013-09-30,14.689876771367251,14.825617100464864,14.602460492581265,14.674487113952637,260156400
2013-10-01,14.726814272490756,15.055855778928123,14.724659194131098,15.019535064697266,353883600
2013-10-02,14.947814484266633,15.137727644494396,14.88994792955065,15.068779945373535,289184000
2013-10-03,15.098031962849008,15.154668965685826,14.797310420358682,14.87949275970459,322753200
2013-10-04,14.893331459324639,14.916108543599188,14.731427749214602,14.86778450012207,258868400
2013-10-07,14.976437240204936,15.163887884811988,14.939192701348633,15.013065338134766,312292400
2013-10-08,15.080480598612635,15.102028096942314,14.79114773463592,14.803460121154785,290917200
2013-10-09,14.917343849368377,15.01430100518567,14.721581858049506,14.977365493774414,301725200
2013-10-10,15.122957210213942,15.155582564530487,14.991216335238553,15.071245193481445,278602800
2013-10-11,14.989676443914608,15.200520675817696,14.933348520426218,15.168817520141602,267738800
2013-10-14,15.077087046257672,15.315633230167613,15.062312191135993,15.268231391906738,261898000
2013-10-15,15.313477821764852,15.451682221258036,15.252226612954573,15.349491119384766,320073600
2013-10-16,15.414448376405096,15.468006440287219,15.366431708838206,15.424298286437988,251101200
2013-10-17,15.389519745558875,15.537265142379177,15.380286274699047,15.528646469116211,253593200
2013-10-18,15.574507370946106,15.675158270409321,15.56588869897881,15.663769721984863,290542000
2013-10-21,15.752407096023653,16.13808378714995,15.744712269129145,16.047590255737305,398106800
2013-10-22,16.20302945189273,16.26582094542211,15.63728792537079,16.001726150512695,534063600
2013-10-23,15.974942728549781,16.180248740201037,15.974942728549781,16.15839385986328,313723200
2013-10-24,16.15963586871888,16.389565144014423,16.081147289024898,16.37232780456543,384764800
2013-10-25,16.354167133082367,16.412957541931927,16.16302268753327,16.189186096191406,337792000
2013-10-28,16.28398134218692,16.34431200680416,16.104532916468923,16.309837341308594,550440800
2013-10-29,16.50652783479184,16.598252630319244,15.83767277595266,15.903541564941406,635807200
2013-10-30,15.993727613014308,16.237198816803943,15.914006167813168,16.15655517578125,354163600
2013-10-31,16.15963779407526,16.236280347024373,16.044826842084333,16.088842391967773,275696400
2013-11-01,16.12946403586566,16.1534723544376,15.877681623629536,16.006650924682617,274890000
2013-11-04,16.03959601003587,16.215659870112862,15.969109643794877,16.213504791259766,244627600
2013-11-05,16.146708504705312,16.27937157832044,16.098075405156305,16.173486709594727,265213200
2013-11-06,16.2276646432344,16.249647133748603,16.043453191509847,16.12766456604004,223375600
2013-11-07,16.086175151955104,16.197939437379013,15.863263314274866,15.866667747497559,262620400
2013-11-08,15.931379228902731,16.134167099003996,15.869768727005292,16.116519927978516,279316800
2013-11-11,16.098871109840946,16.150883384004928,15.926114698184554,16.06976890563965,227452400
2013-11-12,16.027045874416498,16.220546371689064,16.006303462379442,16.0994930267334,204276800
2013-11-13,16.037270835714022,16.168851705348096,16.00507171715089,16.118696212768555,197220800
2013-11-14,16.186181350230598,16.38649239078416,16.157079139506664,16.351818084716797,282419200
2013-11-15,16.302894048459844,16.380602423725072,16.23818832571357,16.2536678314209,317920400
2013-11-18,16.253669233898773,16.321781049016227,16.043450848356372,16.0567626953125,244944000
2013-11-19,16.069149397590056,16.203825428218753,16.03633191175891,16.085248947143555,208938800
2013-11-20,16.075351125049828,16.11219476033623,15.923647874252019,15.944390296936035,193916800
2013-11-21,16.024879299293623,16.136645276099575,15.903207559320553,16.134477615356445,262026800
2013-11-22,16.084318073209893,16.166052586089744,16.05366825092005,16.092987060546875,223725600
2013-11-25,16.130765858280636,16.280921453806233,16.13014747132789,16.214977264404297,229311600
2013-11-26,16.226731637237158,16.598871388255453,16.22301801089519,16.514039993286133,401382800
2013-11-27,16.604148495566434,16.904150567546267,16.514054123841692,16.902912139892578,363448400
2013-11-29,17.011881765736035,17.28587669022208,16.96017868274459,17.21590805053711,318127600
2013-12-02,17.27565745987027,17.471633113359967,17.053365652111115,17.066059112548828,472544800
2013-12-03,17.28495005761184,17.53510736871695,17.265755264494956,17.533248901367188,450968000
2013-12-04,17.50786537912755,17.622108233262338,17.362972688724835,17.492385864257812,377809600
2013-12-05,17.72922315420501,17.80631315998733,17.536033522993357,17.582162857055664,447580000
2013-12-06,17.51684284454905,17.54656509918177,17.32427319011789,17.33820343017578,344352400
2013-12-09,17.36544470859778,17.634176750021734,17.36544470859778,17.536653518676758,320493600
2013-12-10,17.448418485845636,17.581546912573796,17.37473290363663,17.509408950805664,278269600
2013-12-11,17.55430125889228,17.67721307408181,17.32798492091951,17.37968635559082,359718800
2013-12-12,17.4038347137317,17.502905558435305,17.338508935111008,17.354297637939453,262290000
2013-12-13,17.425815597594678,17.426744831128378,17.14160406495927,17.165132522583008,332822000
2013-12-16,17.183400356065704,17.419314901673523,17.183091162690072,17.26017951965332,282592800
2013-12-17,17.20785151558399,17.320235824480342,17.13261834743491,17.182464599609375,229902400
2013-12-18,17.01869407203766,17.07287401451183,16.681230146894453,17.051820755004883,565863200
2013-12-19,17.01250481864248,17.027984332417002,16.833865409572525,16.85646629333496,320308800
2013-12-20,16.886496573538622,17.07782943523155,16.867610972800133,16.997642517089844,436413600
2013-12-23,17.585259796815947,17.669471178591536,17.42303082164771,17.649967193603516,501306400
2013-12-24,17.64378059326299,17.705391115185428,17.52427483154896,17.575050354003906,167554800
2013-12-26,17.58835787538636,17.631702822901712,17.44222678778741,17.45832633972168,204008000
2013-12-27,17.455847608759832,17.474113166025482,17.32210080625974,17.34036636352539,225884400
2013-12-30,17.258950382195902,17.340374096205142,17.099814929767856,17.167926788330078,253629600
2013-12-31,17.157086339041832,17.377210555249437,17.15182178379621,17.36916160583496,223084400
2014-01-02,17.203835954895617,17.24563162992739,17.090522354085525,17.124887466430664,234684800
2014-01-03,17.11652855299282,17.14253386778468,16.731695198347467,16.74872398376465,392467600
2014-01-06,16.639429584108992,16.928903963405094,16.52023308432344,16.840049743652344,412610800
2014-01-07,16.852130045802337,16.90290390141492,16.65398667811166,16.719621658325195,317209200
2014-01-08,16.68153733749857,16.890517326728784,16.677823710295595,16.825502395629883,258529600
2014-01-09,16.928903127650422,16.93076159427748,16.574412192619224,16.61063575744629,279148800
2014-01-10,16.71312107408648,16.743152520999384,16.443150552198833,16.499807357788086,304976000
2014-01-13,16.406002210987,16.79578774069003,16.40507297704611,16.58618927001953,378492800
2014-01-14,16.66326881021575,16.92673788180198,16.64593083697103,16.91621208190918,332561600
2014-01-15,17.136956554311464,17.34376884981394,17.079370540338324,17.255842208862305,391638800
2014-01-16,17.17968327223023,17.240055339287128,17.079990740498282,17.15955924987793,229278000
2014-01-17,17.073806045308793,17.09207160691058,16.715288801923542,16.73912811279297,426739600
2014-01-21,16.749033966851517,17.030150308665974,16.731386793793295,16.999191284179688,328526800
2014-01-22,17.056153516773982,17.253676811346512,16.960177916526565,17.074729919433594,379985200
2014-01-23,17.026128687570463,17.229225808489765,16.86730410342658,17.219318389892578,403239200
2014-01-24,17.15182025085451,17.201975717107025,16.865441037237186,16.906309127807617,429354800
2014-01-27,17.030145183827834,17.176585426113125,16.89639840231263,17.04345703125,554878800
2014-01-28,15.751189640658732,15.944379256494807,15.544066483577284,15.681221008300781,1065523200
2014-01-29,15.602274941772809,15.708157966754904,15.437258269495988,15.503202438354492,502810000
2014-01-30,15.558619124403695,15.681221726834652,15.377813767985252,15.473169326782227,678501600
2014-01-31,15.330753436852355,15.527349147242425,15.280288784100776,15.498556137084961,464797200
2014-02-03,15.560786041102233,15.719301360500312,15.458309119587117,15.527348518371582,401464000
2014-02-04,15.661099062552836,15.772865038380969,15.565432638571536,15.752120971679688,376681200
2014-02-05,15.683077002773611,15.95304741082636,15.673478782445422,15.869765281677246,328344800
2014-02-06,15.88595942215334,15.993099959033707,15.815881364008138,15.962265014648438,257765200
2014-02-07,16.238528571849777,16.28680362092123,16.11394790736459,16.18558120727539,370280400
2014-02-10,16.15381102229771,16.568978386373782,16.13325549809588,16.475542068481445,345559200
2014-02-11,16.526000675259436,16.74837728831275,16.491428200243444,16.692628860473633,282256800
2014-02-12,16.723460338715217,16.80474930880345,16.60791160482212,16.69137954711914,308100800
2014-02-13,16.652139406725034,16.96951092412663,16.637813077720505,16.956430435180664,307398000
2014-02-14,16.895382067845993,17.004703271217437,16.856140606128218,16.94272232055664,272924400
2014-02-18,17.00532355631364,17.16696669150207,16.993176202781214,17.00501251220703,260251600
2014-02-19,16.96639145512673,17.033043050730974,16.642481433665004,16.736539840698242,313768000
2014-02-20,16.60012504263749,16.725018415875077,16.475855421030886,16.542818069458008,305858000
2014-02-21,16.59389721833362,16.649336267890355,16.338817710211107,16.35906219482422,278784800
2014-02-24,16.29365717474604,16.50451018173648,16.270921011352737,16.430694580078125,288909600
2014-02-25,16.487695994306968,16.49361248797357,16.226698284378923,16.25971221923828,231952000
2014-02-26,16.30798788329537,16.35127958595076,16.05851377060217,16.113018035888672,276217200
2014-02-27,16.106474568572846,16.469005704441187,16.072525843231386,16.43443489074707,301882000
2014-02-28,16.478341951082605,16.59264648091025,16.261570862014963,16.389890670776367,371968800
2014-03-03,16.30206375136797,16.527244727500715,16.283065109707238,16.43723487854004,238781200
2014-03-04,16.538154214714417,16.58923200926633,16.437553846983068,16.54562759399414,259140000
2014-03-05,16.535651087722236,16.65493565275228,16.47989935095289,16.58049964904785,200062800
2014-03-06,16.593899268803614,16.645289760455494,16.447828250034686,16.530363082885742,185488800
2014-03-07,16.54095447970015,16.56867400945154,16.383981934743765,16.520709991455078,220729600
2014-03-10,16.45592388237783,16.610715752688034,16.45530013073787,16.535655975341797,178584000
2014-03-11,16.676740667350057,16.779207242029628,16.5876639588486,16.696672439575195,279224400
2014-03-12,16.64747124834357,16.735922579078622,16.56929602045902,16.712875366210938,199326400
2014-03-13,16.738723235522457,16.80786485871157,16.48083935226514,16.527246475219727,257742800
2014-03-14,16.469319682449026,16.534725464696976,16.288988878257694,16.341625213623047,237199200
2014-03-17,16.43537196694199,16.50607048835878,16.377752272786168,16.405471801757812,199544800
2014-03-18,16.379303150690472,16.56835475996189,16.35750178657426,16.550601959228516,209647200
2014-03-19,16.577393485935858,16.701350422062408,16.475858345751313,16.546247482299805,224756000
2014-03-20,16.503575170808407,16.590160215069954,16.424466829533234,16.46651268005371,208398400
2014-03-21,16.56711145600701,16.623796342055464,16.39269885304381,16.59638786315918,374046400
2014-03-24,16.769246144927752,16.83402816245642,16.664597246865867,16.793228149414062,355700800
2014-03-25,16.86517163373829,16.99753837314869,16.80568236602931,16.973867416381836,282293200
2014-03-26,17.02151957456896,17.098759977053295,16.78294708004244,16.811599731445312,299768000
2014-03-27,16.81907764619857,16.865173725619997,16.66646640645853,16.73934555053711,222031600
2014-03-28,16.76612967475564,16.78543936214901,16.639368371752692,16.720657348632812,200564000
2014-03-31,16.7944723067561,16.843682150814942,16.691691347348154,16.716920852661133,168669200
2014-04-01,16.74868857691766,16.876697388252186,16.71785528470092,16.869844436645508,200760000
2014-04-02,16.892584241591955,16.926844016996302,16.826556371297688,16.897878646850586,180420800
2014-04-03,16.861739617743005,16.896310414158062,16.74494508291448,16.78076171875,162344000
2014-04-04,16.812536411536488,16.818452903610297,16.525065089598908,16.563684463500977,275251200
2014-04-07,16.445340364007766,16.535039214432572,16.25442071799353,16.30362892150879,289850400
2014-04-08,16.35719858878289,16.386163961242797,16.15506473341106,16.30269432067871,243888400
2014-04-09,16.277767743821464,16.522258361244226,16.258458061550385,16.516963958740234,206169600
2014-04-10,16.52818442549841,16.57677219839341,16.294284140938913,16.303939819335938,239652000
2014-04-11,16.16440461317477,16.283692557017677,16.10647554267144,16.18340492248535,271717600
2014-04-14,16.25472268601011,16.262819812867722,16.108651715101765,16.24787139892578,205674000
2014-04-15,16.203965082866407,16.246633039944474,15.925525558503622,16.13201904296875,266490000
2014-04-16,16.1348184626677,16.229500655992585,16.013040492077693,16.164718627929688,214765600
2014-04-17,16.19555010461449,16.43723808995613,16.17063330303147,16.349407196044922,284334400
2014-04-21,16.361861628457035,16.573649400532386,16.31888098781972,16.543439865112305,182548800
2014-04-22,16.454369972219613,16.564002254693953,16.397997778119418,16.559953689575195,202563200
2014-04-23,16.477725034416032,16.542196003079994,16.334144062123936,16.343488693237305,394940000
2014-04-24,17.697065294428068,17.752815390835266,17.46409818810016,17.683361053466797,759911600
2014-04-25,17.582444357919645,17.814787642342015,17.564693221209506,17.813232421875,390275200
2014-04-28,17.84002033722479,18.55480478181797,17.832232590133984,18.503103256225586,669485600
2014-04-29,18.4921995858913,18.561964950727475,18.36045493906467,18.448284149169922,337377600
2014-04-30,18.457942014036078,18.669418769108386,18.369489041869684,18.378520965576172,456640800
2014-05-01,18.438004402320647,18.52521151481441,18.262346001015718,18.421810150146484,244048000
2014-05-02,18.44860229073825,18.506533026313186,18.366689547998984,18.45607566833496,191514400
2014-05-05,18.38008095230032,18.71831903657519,18.37571968051158,18.717071533203125,287067200
2014-05-06,18.74322990183134,18.824518866365,18.5130672454834,18.5130672454834,374564400
2014-05-07,18.539228790415965,18.602764956308064,18.305015900131124,18.448284149169922,282864400
2014-05-08,18.423541903508145,18.616469484142968,18.36560207661476,18.4153995513916,230297200
2014-05-09,18.307350770000728,18.360906648138734,18.17549582670153,18.33867073059082,291597600
2014-05-12,18.399749252197825,18.592988034466376,18.39692920037661,18.566993713378906,213208800
2014-05-13,18.54098794377748,18.62053811809552,18.500274512468074,18.59610939025879,159737200
2014-05-14,18.554462613878954,18.71011907801157,18.53285225597829,18.59956169128418,166404000
2014-05-15,18.625550882052988,18.685056285462238,18.41696417085572,18.44139289855957,230846000
2014-05-16,18.435449535573262,18.714191389445787,18.334288968619905,18.713565826416016,276256400
2014-05-19,18.724208489309643,19.021115003966536,18.707922110967054,18.935300827026367,317755200
2014-05-20,18.932798125902046,18.99199076545354,18.814411174170846,18.939062118530273,234836000
2014-05-21,18.9114982479598,19.00138360412944,18.856064010735913,18.98917007446289,196859600
2014-05-22,18.99824868214197,19.100036439012086,18.919951308272168,19.01923179626465,200760000
2014-05-23,19.01860879438012,19.252877057412874,18.994180063967487,19.234085083007812,232209600
2014-05-27,19.28889403850288,19.60145969056029,19.281064467208882,19.594257354736328,348866000
2014-05-28,19.606470998524166,19.72579794767034,19.53631596526085,19.543519973754883,315481600
2014-05-29,19.663786197393325,19.94628637760385,19.661280600635823,19.899620056152344,376474000
2014-05-30,19.981052009026282,20.17491797520499,19.69667344292699,19.825082778930664,564020800
2014-06-02,19.855146912797903,19.88239402126725,19.496227727789538,19.688840866088867,369350800
2014-06-03,19.682895110645713,20.004857671456787,19.67631833592555,19.967273712158203,292709200
2014-06-04,19.96413512878401,20.29142154398007,19.922480007540077,20.195270538330078,335482000
2014-06-05,20.238498446020625,20.33778064615458,20.126062696653158,20.27451515197754,303805600
2014-06-06,20.354376690878546,20.396971837553735,20.18431390351291,20.21876335144043,349938400
2014-06-09,20.323060705399172,20.581757777933774,20.114788361443757,20.542295455932617,301660000
2014-06-10,20.76809996459,20.838254988502612,20.51378695751446,20.662866592407227,251108000
2014-06-11,20.63656232475168,20.77468126035577,20.49186828819986,20.577369689941406,182724000
2014-06-12,20.616838033716093,20.634377216799862,20.14767575831092,20.233177185058594,218996000
2014-06-13,20.21343907210435,20.26605660544077,19.924049329266246,20.011743545532227,218100000
2014-06-16,20.062165340136303,20.334015865582973,20.04901012240508,20.213436126708984,142244000
2014-06-17,20.237554926802208,20.32305632728074,20.12574643240908,20.187131881713867,118904000
2014-06-18,20.228787176477212,20.233172807613602,20.027091632536365,20.209056854248047,134056000
2014-06-19,20.233169833524375,20.23536264877025,20.02489587349329,20.138898849487305,142112000
2014-06-20,20.136711162210243,20.290176488571323,19.928438821768953,19.930631637573242,403592000
2014-06-23,20.02051237758375,20.0862834554539,19.862663128797788,19.913087844848633,174776000
2014-06-24,19.895549658882903,20.112591550462128,19.772778758212322,19.792509078979492,156144000
2014-06-25,19.777163515105382,19.88458805753053,19.654392609476645,19.810049057006836,147476000
2014-06-26,19.812242145919264,19.961321821652163,19.6872784230717,19.928436279296875,130516000
2014-06-27,19.910903290119563,20.1696004057066,19.899940881717164,20.16521644592285,256116000
2014-06-30,20.191514648700498,20.54886826448812,20.189321833460955,20.37347984313965,197929200
2014-07-01,20.502830505371094,20.623410271756953,20.41732909743501,20.502830505371094,152892000
2014-07-02,20.579556169730658,20.62120961376334,20.408551746264834,20.494054794311523,113860000
2014-07-03,20.53571655374866,20.629987553617674,20.432675964051338,20.614641189575195,91567200
2014-07-07,20.638753352163985,21.04433718960624,20.629983763946626,21.039953231811523,225872000
2014-07-08,21.105723457826308,21.221919251768117,20.590522256511154,20.904027938842773,260888000
2014-07-09,20.923766056968052,21.035574580421574,20.774686353068212,20.912803649902344,145744000
2014-07-10,20.555441391383294,20.947871618253213,20.50282387073546,20.836061477661133,158744000
2014-07-11,20.906221059663938,21.02241518267582,20.79660371001076,20.87552833557129,136072000
2014-07-14,21.01583780457381,21.24164927074101,20.96979871975964,21.145185470581055,171240000
2014-07-15,21.22191949059629,21.232880221947966,20.833873137456266,20.897451400756836,181911600
2014-07-16,21.25919064842534,21.28769055931937,20.77029649647231,20.77906608581543,213585200
2014-07-17,20.833879596210842,20.88868828784462,20.294562271249898,20.4085636138916,229192000
2014-07-18,20.524744417937036,20.77028610620034,20.39320231622192,20.70232391357422,199952000
2014-07-21,20.825103186537135,20.827296001820528,20.546675860153318,20.594907760620117,156316000
2014-07-22,20.757137700471866,20.803176778411473,20.63436682596625,20.765907287597656,220788000
2014-07-23,20.919368762502693,21.458685771421383,20.864560102987042,21.307415008544922,371672000
2014-07-24,21.274529774585744,21.335915206477736,21.138603694948067,21.272336959838867,182916000
2014-07-25,21.232874906397594,21.449916735310335,21.18683583193899,21.412647247314453,173876000
2014-07-28,21.44554097483934,21.756853886425095,21.386348334377125,21.708621978759766,221272000
2014-07-29,21.776587609840853,21.800703565587344,21.539813683945304,21.568313598632812,172572000
2014-07-30,21.581469208045934,21.638469038443954,21.412657514790737,21.51789093017578,132040000
2014-07-31,21.30083897166927,21.36441554698788,20.899639168747097,20.958831787109375,227372000
2014-08-01,20.805377299880533,21.182461322826782,20.78564530338164,21.075035095214844,194044000
2014-08-04,21.127642759584578,21.17368183305275,20.864560189245292,20.95663833618164,159832000
2014-08-05,20.90621730573844,20.9763723300143,20.68698264579792,20.853601455688477,223732000
2014-08-06,20.772486231577997,20.93252828625777,20.763716643535332,20.818525314331055,154232000
2014-08-07,20.915471811387054,21.14020278122991,20.73260148751666,20.816326141357422,186844000
2014-08-08,20.767850589942068,20.891232144833175,20.55193118793501,20.873605728149414,167460000
2014-08-11,20.990381014064365,21.168845568681103,20.89564111105356,21.149015426635742,146340000
2014-08-12,21.160034056605017,21.34510643215427,21.06529414599347,21.144611358642578,135180000
2014-08-13,21.18426011288136,21.424413681030273,21.160024215790543,21.424413681030273,127664000
2014-08-14,21.44424793130796,21.49712549831542,21.32747586706552,21.48170280456543,112464000
2014-08-15,21.569829336686627,21.633723822467143,21.340691012802203,21.58745574951172,195804000
2014-08-18,21.699823499297235,21.893710706625274,21.587458883356653,21.847442626953125,190288000
2014-08-19,21.90252507285289,22.18233728784633,21.8826949342602,22.149288177490234,277596000
2014-08-20,22.12946036887919,22.272670383043174,22.0214998264864,22.15810203552246,210796000
2014-08-21,22.15810130092536,22.239622215365685,22.05675192891574,22.16030502319336,133912000
2014-08-22,22.09641431398527,22.356398114920268,22.074382130370005,22.323348999023438,176736000
2014-08-25,22.426899836405934,22.51062279803147,22.31453352613263,22.37181854248047,161080000
2014-08-26,22.345379253667975,22.363005671417728,22.221997691315146,22.228607177734375,132608000
2014-08-27,22.257248989081187,22.59875369115224,22.186744998576238,22.50181007385254,209476000
2014-08-28,22.382836209430216,22.645023734727758,22.376226722397146,22.52825164794922,273840000
2014-08-29,22.66264735090052,22.67146055950377,22.51723193036841,22.583330154418945,178380000
2014-09-02,22.706716607952778,22.85653782461028,22.63180684009804,22.75959587097168,214256000
2014-09-03,22.715524926096922,22.7375571071356,21.71965588699872,21.798973083496094,501684000
2014-09-04,21.779147395655695,22.052350194464083,21.545603203202397,21.618310928344727,342872000
2014-09-05,21.76812907561939,21.898120128662356,21.660168524065867,21.805583953857422,233828000
2014-09-08,21.87829074403613,21.880492785523337,21.602884272842054,21.671184539794922,185426800
2014-09-09,21.82981785698167,22.71111852123497,21.182061330852257,21.589662551879883,759385200
2014-09-10,21.594070168357,22.277077852398513,21.538988876402883,22.25284194946289,403478400
2014-09-11,22.122852819768717,22.349787493285962,21.948795720433214,22.347583770751953,249412400
2014-09-12,22.299103275792163,22.515022614440177,22.270461617796325,22.398250579833984,250504400
2014-09-15,22.65163497633984,22.704514238596122,22.349790505463233,22.391651153564453,245266000
2014-09-16,21.988452170050515,22.310126709685502,21.78795546276599,22.221996307373047,267632400
2014-09-17,22.31233235254689,22.42910612100452,22.162511148716977,22.380634307861328,243706000
2014-09-18,22.457748165154698,22.550284347630516,22.37622723433672,22.426902770996094,149197600
2014-09-19,22.537057094545997,22.55027606405874,22.142674921592025,22.2440242767334,283609600
2014-09-22,22.429103623609535,22.504013376709633,22.160306639525277,22.266061782836914,211153600
2014-09-23,22.164715977290516,22.68027784714433,22.151497002482046,22.614179611206055,253608800
2014-09-24,22.508424966099515,22.660448222720873,22.29691127863431,22.4180908203125,240687200
2014-09-25,22.144894854185658,22.18895923878271,21.530187107650217,21.563236236572266,400368000
2014-09-26,21.7086356441495,22.197757720947266,21.679993981263536,22.197757720947266,249482000
2014-09-29,21.735086126486244,22.129468523482657,21.73067868018,22.056760787963867,199065200
2014-09-30,22.210976691364262,22.37181478220982,22.149285921488403,22.197757720947266,221056400
2014-10-01,22.16250812641377,22.184541988254374,21.746093688030673,21.851850509643555,205965200
2014-10-02,21.871686344589378,22.080996336033262,21.600687234408603,22.0104923248291,191031200
2014-10-03,21.909134814554015,22.078784450973085,21.82100441289124,21.948793411254883,173878400
2014-10-06,22.02149943775014,22.175728060896894,21.904727369949697,21.948793411254883,148204800
2014-10-07,21.90693754039018,22.058962485982146,21.752710552795502,21.757116317749023,168376800
2014-10-08,21.759316689985656,22.277080561120943,21.66016934384411,22.20878028869629,229618800
2014-10-09,22.371825623156283,22.55689802246631,22.166923077664055,22.25725555419922,309506000
2014-10-10,22.18454044502047,22.479775346533287,22.098613768851962,22.1933536529541,265326400
2014-10-13,22.325556926533295,22.42470261194932,21.99066162109375,21.99066162109375,214333600
2014-10-14,22.118449558069212,22.14709123263734,21.71745770937495,21.757116317749023,254754400
2014-10-15,21.58525846595537,21.845242249356026,20.970551003144973,21.49051856994629,403734400
2014-10-16,21.052069249982026,21.530174433298715,21.021223862732402,21.208499908447266,288618000
2014-10-17,21.48170253687723,21.8121902682138,21.329677642559197,21.51915740966797,272718800
2014-10-20,21.66237215589312,22.023705325383276,21.640339973548162,21.97964096069336,310069200
2014-10-21,22.697902865549104,22.697902865549104,22.312333740048803,22.576725006103516,378495600
2014-10-22,22.65824650213315,22.93806049366263,22.605368916068205,22.691295623779297,273052400
2014-10-23,22.931441550396904,23.14515721051453,22.832294226339034,23.0966854095459,284298800
2014-10-24,23.17380397802403,23.242104250278015,23.03059226569821,23.1826171875,188215600
2014-10-27,23.10109168395454,23.23989760451717,23.068042575204036,23.158376693725586,136750800
2014-10-28,23.222266989752093,23.517501831054688,23.211250061844957,23.517501831054688,192243600
2014-10-29,23.497675063296803,23.65630942323306,23.433780574936513,23.64969825744629,210751600
2014-10-30,23.565977534974923,23.6519042078786,23.332433416923646,23.570384979248047,162619200
2014-10-31,23.797325869322474,23.80393535652264,23.62106503289437,23.795122146606445,178557200
2014-11-03,23.843585315812717,24.301861979612195,23.797317241238822,24.10356903076172,209130400
2014-11-04,24.09476236959058,24.123404038503566,23.733429200613692,23.92731475830078,166297600
2014-11-05,24.03748337618149,24.081549432802408,23.823767624177535,23.98460578918457,149743600
2014-11-06,24.031070140834306,24.073113990378662,23.85404669352975,24.053197860717773,139874000
2014-11-07,24.064266038402845,24.190395917005684,24.020010592247733,24.12179946899414,134766000
2014-11-10,24.124008563172183,24.192606692322215,24.04656069629655,24.081966400146484,108782000
2014-11-11,24.05319455277976,24.285539800194705,23.986811402258763,24.27447509765625,109769200
2014-11-12,24.20366127975743,24.65728699499911,24.201449690214645,24.617456436157227,187769600
2014-11-13,24.73915748450876,25.104268913304587,24.69490037709628,24.964862823486328,238091600
2014-11-14,25.03789890635747,25.268030920801476,24.60861402477568,25.265817642211914,176254400
2014-11-17,25.28572651521806,25.951781412066296,25.071085809942154,25.22376823425293,186986800
2014-11-18,25.212706740692894,25.59994770831445,25.201642037751906,25.551265716552734,176896000
2014-11-19,25.54462784826567,25.611011001924584,25.181727872572964,25.37424087524414,167476800
2014-11-20,25.42735111537857,25.85884755169119,25.414073133174263,25.73714256286621,173582000
2014-11-21,26.002682599033704,26.015958894195553,25.67518658306705,25.772550582885742,228717200
2014-11-24,25.85662642240163,26.281484582730222,25.805732852154446,26.250505447387695,189803200
2014-11-25,26.34787715689157,26.49834801061913,25.98940202906619,26.022594451904297,275361600
2014-11-26,26.09782916903222,26.354513734674715,26.07348817294931,26.332386016845703,163073200
2014-11-28,26.39213101684475,26.420898569427862,26.122170158223405,26.316896438598633,99257600
2014-12-01,26.290340126287106,26.38770410304556,24.621884670558565,25.462751388549805,335256000
2014-12-02,25.11535001037952,25.613231398250477,24.949389547755864,25.36539649963379,237395600
2014-12-03,25.61322652740406,25.74599453460717,25.471607094622495,25.653057098388672,172253600
2014-12-04,25.61765287446606,25.93408418215037,25.511439137868713,25.555694580078125,168178000
2014-12-05,25.66632714593421,25.68624327069771,25.367598780372898,25.4472599029541,153275600
2014-12-08,25.24810922534383,25.369814197392564,24.699334432664987,24.871932983398438,230659600
2014-12-09,24.38290415154254,25.292367339895517,24.197027613132253,25.25253677368164,240832000
2014-12-10,25.3167115515124,25.414073857109038,24.681635689598682,24.77235984802246,178261200
2014-12-11,24.840962185477395,25.181734533421874,24.637382737659053,24.699342727661133,165606800
2014-12-12,24.442650348277784,24.75465674686896,24.247924064093308,24.281116485595703,224112400
2014-12-15,24.495757429412357,24.694910271976017,23.53318732663083,23.949195861816406,268872400
2014-12-16,23.537623782821445,24.376277664393314,23.513282775813064,23.6217098236084,243162800
2014-12-17,23.703571630097002,24.305453270050986,23.637186793985563,24.210304260253906,213647200
2014-12-18,24.75465327408101,24.9272518157959,24.486904037800677,24.9272518157959,236024800
2014-12-19,24.840958540180257,25.057812564535336,24.708190528990247,24.734743118286133,353719200
2014-12-22,24.818826010620068,25.113127843790284,24.77678216806581,24.991424560546875,180670000
2014-12-23,25.055605847732604,25.077733572528786,24.885218821503923,24.902921676635742,104113600
2014-12-24,24.9117629240144,24.94052878567055,24.785633087158203,24.785633087158203,57918400
2014-12-26,24.805548149501757,25.341046650113576,24.78563371129291,25.22376823425293,134884000
2014-12-29,25.179519481426826,25.396373522333313,25.159603349697953,25.206073760986328,110395600
2014-12-30,25.14632191829245,25.208280203040292,24.80776294217987,24.898487091064453,119526000
2014-12-31,24.96487479774826,25.03347123684447,24.38733235282958,24.424949645996094,165613600
2015-01-02,24.64844925211217,24.659513958912207,23.754475303907654,24.192611694335938,212818400
2015-01-05,23.96247328303275,24.042134423807454,23.32518584507189,23.51106071472168,257142000
2015-01-06,23.57522961465761,23.7721691658831,23.15258296070491,23.51327133178711,263188400
2015-01-07,23.721276350109513,23.942556919376344,23.610636065476097,23.842981338500977,160423600
2015-01-08,24.170475495010283,24.816614303203295,24.05319538405384,24.75908088684082,237458000
2015-01-09,24.931677361721775,25.06002047662429,24.387327450645735,24.785633087158203,214798000
2015-01-12,24.916189558785653,24.922827705158852,24.075324482860438,24.17490005493164,198603200
2015-01-13,24.65729280767819,24.960447781897706,24.09966654067397,24.389543533325195,268367600
2015-01-14,24.12843047207833,24.44928658228224,24.00893877695945,24.29660415649414,195826400
2015-01-15,24.34086016459694,24.35413645717828,23.60178394813456,23.637187957763672,240056000
2015-01-16,23.68366137504563,23.805366375341244,23.278717488502334,23.453529357910156,314053200
2015-01-20,23.862893043099756,24.11294113817059,23.566377924636292,24.057621002197266,199599600
2015-01-21,24.108509950630623,24.57541194361244,23.95803914215919,24.24127960205078,194303600
2015-01-22,24.398392763814055,24.88742255363768,24.278901069867082,24.871932983398438,215185600
2015-01-23,24.849807624202118,25.170663761693863,24.679420647171945,25.00027847290039,185859200
2015-01-26,25.168453931002503,25.305648505097142,24.960451323601063,25.02683448791504,222460000
2015-01-27,24.87636428093233,24.88964226473819,24.12622319302464,24.150564193725586,382274800
2015-01-28,26.02923235653945,26.137661049350434,25.51586151123047,25.51586151123047,585908400
2015-01-29,25.739352750639867,26.374428518206834,25.571179064885065,26.310256958007812,337745600
2015-01-30,26.19961743530487,26.55366597735562,25.856631907802715,25.925230026245117,334982000
2015-02-02,26.12216403878419,26.36999712152441,25.686241178017728,26.250505447387695,250956400
2015-02-03,26.2217437998551,26.352298507154856,26.02480425574212,26.25493621826172,207662800
2015-02-04,26.22174390407791,26.66651826072673,26.179700061379986,26.456300735473633,280598800
2015-02-05,26.66291262696814,26.70956644149515,26.49185485500207,26.6451416015625,168984800
2015-02-06,26.662908024891667,26.714004163225805,26.314126499870483,26.420761108398438,174826400
2015-02-09,26.336344241916905,26.62292126746555,26.309685165049736,26.596263885498047,155559200
2015-02-10,26.696225904162972,27.136091242542914,26.694005586143845,27.107210159301758,248034000
2015-02-11,27.273828015082834,27.75145914200605,27.213847220027088,27.742572784423828,294247200
2015-02-12,28.004710747247906,28.32017046811168,27.895855847141654,28.09357261657715,297898000
2015-02-13,28.275738069644984,28.275738069644984,27.913627951528106,28.231307983398438,217088800
2015-02-17,28.322400751240114,28.63119623716081,28.19577309373441,28.397933959960938,252609600
2015-02-18,28.353501091632044,28.608978410609364,28.313513322619073,28.59564971923828,179566800
2015-02-19,28.542335580754283,28.664520918516914,28.509013847637164,28.53567123413086,149449600
2015-02-20,28.573433915827366,28.768930435180664,28.44680795382774,28.768930435180664,195793600
2015-02-23,28.88444919649405,29.546466827392578,28.80447366197079,29.546466827392578,283896400
2015-02-24,29.53312947475006,29.67975181000597,29.139916262854044,29.362070083618164,276912400
2015-02-25,29.226563710478064,29.235451763904805,28.469018171309017,28.611196517944336,298846800
2015-02-26,28.61119665484146,29.07327713106697,28.126902824541162,28.973308563232422,365150000
2015-02-27,28.880001110615524,29.006630434896266,28.4890115466763,28.537885665893555,248059200
2015-03-02,28.71338852765152,28.942206749183107,28.502343023009654,28.67784309387207,192386800
2015-03-03,28.6489613967314,28.773367007798193,28.455685246153877,28.737821578979492,151265200
2015-03-04,28.680065445448587,28.782254325481713,28.506785701219396,28.55565643310547,126665200
2015-03-05,28.56455116454907,28.602316923808417,27.938077183994466,28.082477569580078,226068400
2015-03-06,28.524559382890047,28.740048936913926,28.049151867734945,28.124683380126953,291368400
2015-03-09,28.42680260022558,28.784472080871524,27.782556183327035,28.24463653564453,354114000
2015-03-10,28.08247017418936,28.26241425789635,27.502648465689692,27.660377502441406,275426400
2015-03-11,27.713696495390376,27.718138827229005,27.127210388514765,27.156089782714844,275756000
2015-03-12,27.171637920724486,27.74701729622156,27.020573228981956,27.64704704284668,193450800
2015-03-13,27.635937504472345,27.858091340207817,27.23161759122976,27.455991744995117,207309200
2015-03-16,27.520420732700014,27.75812530517578,27.296046544920685,27.75812530517578,143497200
2015-03-17,27.969173986496493,28.284632091074627,27.913635516187682,28.222429275512695,204092400
2015-03-18,28.21354315504293,28.693396356113592,28.073586818847133,28.540109634399414,261083600
2015-03-19,28.602303935032264,28.713380843517825,28.30239662110107,28.32461166381836,183238000
2015-03-20,28.491234702958103,28.524556428562374,27.804780037116988,27.969173431396484,274780400
2015-03-23,28.24020555485847,28.402376959471866,28.106911853384677,28.26019859313965,150838800
2015-03-24,28.264633763244095,28.444576136086017,28.115789402561358,28.144670486450195,131369200
2015-03-25,28.11135075836797,28.17355357044147,27.409343719482422,27.409343719482422,206620800
2015-03-26,27.271599014522685,27.74256395214564,27.23605359551023,27.600385665893555,190291600
2015-03-27,27.673707595254548,27.702586988271232,27.304933051374206,27.380464553833008,158184800
2015-03-30,27.558186720925512,28.080247947451227,27.547078350082643,28.073583602905273,188398800
2015-03-31,28.01137548801493,28.10023735860415,27.627050312947922,27.642601013183594,168362400
2015-04-01,27.729239148630523,27.795885971157766,27.34713431525909,27.602611541748047,162485600
2015-04-02,27.77589576687005,27.893637036917603,27.589287345262466,27.840320587158203,128880400
2015-04-06,27.651485990347012,28.32683380027669,27.620384591427147,28.291288375854492,148776000
2015-04-07,28.355718657681365,28.46235156172454,27.986944130091178,27.993608474731445,140049200
2015-04-08,27.95806723634803,28.080252556075337,27.762572419684044,27.902528762817383,149316800
2015-04-09,27.9580622872825,28.1202353470404,27.693700352605102,28.11579132080078,129936000
2015-04-10,27.98027863651839,28.260192981167595,27.82699362210292,28.235755920410156,160752000
2015-04-13,28.51789087563862,28.562324360961306,28.1269012893116,28.180217742919922,145460400
2015-04-14,28.213541930317717,28.27796675701111,27.971395021790396,28.058034896850586,102098400
2015-04-15,28.082471283046583,28.242420644379937,27.99360939681727,28.1646671295166,115881600
2015-04-16,28.05358706751612,28.235753151270146,28.015821320921834,28.029150009155273,113476000
2015-04-17,27.891415462484826,28.022485415343912,27.64926689403936,27.71369171142578,207828000
2015-04-20,27.8958620865322,28.46235345227572,27.80700019732746,28.346834182739258,188217200
2015-04-21,28.457915698279347,28.480129054206348,28.14023386134807,28.193552017211914,129740400
2015-04-22,28.21131515056167,28.628963751952003,28.062472487262376,28.57342529296875,150618000
2015-04-23,28.502340516861693,28.973305608731458,28.466795086207675,28.806690216064453,183083600
2015-04-24,28.988861142932812,29.019962550671096,28.70894508348904,28.94220733642578,178103600
2015-04-27,29.393174637367302,29.57534241704705,29.135475364073407,29.468706130981445,387816800
2015-04-28,29.8708139130615,29.888583241459457,28.784481513019248,29.004411697387695,475696000
2015-04-29,28.91554612607042,29.233224506626065,28.502339826670195,28.577871322631836,253544400
2015-04-30,28.577867636730353,28.577867636730353,27.675923658298736,27.80255126953125,332781600
2015-05-01,28.01360551944855,28.90888713039242,27.835883422298416,28.646743774414062,234050400
2015-05-04,28.768923633197197,29.00662988028145,28.493451638312393,28.59119987487793,203953200
2015-05-05,28.469010349591176,28.53565717278417,27.94250688698319,27.946950912475586,197085600
2015-05-06,28.11578938435379,28.157999156225962,27.404897775923576,27.771451950073242,288564000
2015-05-07,27.833920256290526,28.126158622234403,27.666608877322254,27.9432315826416,175763600
2015-05-08,28.26000621009435,28.469703674316406,28.132849635444217,28.469703674316406,222201600
2015-05-11,28.41839260613247,28.456316106647098,28.025768130626794,28.17969512939453,168143200
2015-05-12,28.01907261211921,28.304617032312276,27.845069087437746,28.07930564880371,192640000
2015-05-13,28.14176979893889,28.373775078379587,28.079307166393143,28.110538482666016,138776800
2015-05-14,28.422858655086724,28.766403198242188,28.367088193902088,28.766403198242188,180814000
2015-05-15,28.793173016301076,28.886866975073346,28.601322509112556,28.726247787475586,152832000
2015-05-18,28.639242732797204,29.161253330755034,28.63478014366407,29.043020248413086,203531600
2015-05-19,29.154564066392645,29.196950157503426,28.920327470857302,29.016254425048828,178532800
2015-05-20,29.000642274660084,29.219261547929744,28.853407427700088,29.014026641845703,145819600
2015-05-21,29.016259873431665,29.3642670389056,28.96271900029755,29.310726165771484,158921600
2015-05-22,29.35756860001525,29.663189601300626,29.312949513264282,29.567262649536133,182384000
2015-05-26,29.580655133384035,29.649809963330227,28.804327832413943,28.915868759155273,282790400
2015-05-27,29.07647685424266,29.504793440770733,29.011784639197113,29.45571517944336,183332800
2015-05-28,29.41557110701242,29.43564765535413,29.246030136640115,29.397724151611328,122933200
2015-05-29,29.275029795787933,29.324108074389464,28.978330531136447,29.06310272216797,203538000
2015-06-01,29.063103230998106,29.310724221383353,29.01179535845598,29.121103286743164,128451200
2015-06-02,28.969403028342118,29.147869151254092,28.848940352652487,28.99171257019043,134670400
2015-06-03,29.147872787179708,29.210335427396807,28.978328417483077,29.027406692504883,123934000
2015-06-04,28.906940742021543,29.13002254734294,28.75747634093119,28.85786247253418,153800400
2015-06-05,28.889091400447338,28.931477484587052,28.634778299566968,28.69947052001953,142507200
2015-06-08,28.755235517679594,28.82439371783049,28.2934580764102,28.50984764099121,210699200
2015-06-09,28.26446588519156,28.572319885753103,28.02353881333458,28.425085067749023,224301600
2015-06-10,28.536620104934524,28.853395815354542,28.521004448842803,28.75078010559082,156349200
2015-06-11,28.81770601035133,29.040787815926894,28.66154942724008,28.68608856201172,141563600
2015-06-12,28.59685667699997,28.62808799304955,28.355927922921154,28.369312286376953,147544800
2015-06-15,28.130616300977774,28.384929431838998,28.04361452999784,28.31354331970215,175955600
2015-06-16,28.33808200774466,28.52100902357993,28.19084889840366,28.465238571166992,125976400
2015-06-17,28.492003641596195,28.527695839397502,28.273382760389985,28.3983097076416,131672400
2015-06-18,28.382698613475533,28.62362566779641,28.38046731888597,28.527700424194336,141628800
2015-06-19,28.489781777374187,28.51432091610068,28.197545109605183,28.24216079711914,218867600
2015-06-22,28.4407016444665,28.56785821776298,28.34923898043604,28.467472076416016,136157200
2015-06-23,28.438473021309782,28.467473047092806,28.30462255897747,28.338085174560547,121075600
2015-06-24,28.378236046028565,28.956018802673047,28.358159500644405,28.579010009765625,221123600
2015-06-25,28.746315830331476,28.822162812047033,28.44292449951172,28.44292449951172,127752400
2015-06-26,28.48085628540225,28.55224240156402,28.22208225255806,28.27562141418457,176267200
2015-06-29,27.987844499138156,28.21315761039988,27.769225272035214,27.780378341674805,196645600
2015-06-30,28.012386717101517,28.135082410490618,27.853998814167916,27.981155395507812,177482800
2015-07-01,28.30908603036946,28.31800950826813,28.106080737628375,28.24216079711914,120955200
2015-07-02,28.20423537998648,28.262237131404994,28.057000557611623,28.206466674804688,108844000
2015-07-06,27.87184072068582,28.159616447791148,27.851762473596157,28.108306884765625,112241600
2015-07-07,28.083769735230312,28.141771484058385,27.610835671669097,28.039154052734375,187787200
2015-07-08,27.769220946567717,27.80491314662569,27.336441745254415,27.3431339263916,243046400
2015-07-09,27.62868375107428,27.675530730197355,26.595815511598627,26.78543472290039,314380000
2015-07-10,27.202602723627663,27.628688193870396,27.039752215935398,27.50153160095215,245418000
2015-07-13,27.8919185362896,28.05476900706943,27.733530654834784,28.032461166381836,165762000
2015-07-14,28.117232240357136,28.19084964797463,27.89415042477383,28.02130699157715,127072400
2015-07-15,28.045847211213122,28.364854287903665,28.014615891982935,28.291236877441406,134596800
2015-07-16,28.49646357231967,28.68162354374535,28.409461821997144,28.668235778808594,144889600
2015-07-17,28.795406056016574,28.915868759155273,28.623632075726423,28.915868759155273,184658800
2015-07-20,29.217033804794962,29.663197560349335,29.156800744686514,29.462425231933594,235600800
2015-07-21,29.636422887586065,29.652036845843874,29.07202612218513,29.167949676513672,307025600
2015-07-22,27.213752036722603,27.996769738636274,27.213752036722603,27.934307098388672,461802400
2015-07-23,28.152917227267107,28.35145985607055,27.898604158867666,27.920913696289062,203998000
2015-07-24,27.95661055225864,28.050304497921413,27.639834811029807,27.773683547973633,168649200
2015-07-27,27.459140555013633,27.575144055147923,27.24275261810859,27.387754440307617,177822000
2015-07-28,27.523832321166992,27.642067106761964,27.33867571764468,27.523832321166992,134472400
2015-07-29,27.47252633594996,27.55060463216349,27.276213246065424,27.436832427978516,148046800
2015-07-30,27.28737008398687,27.343140542930758,27.151290028005434,27.298524856567383,134513200
2015-07-31,27.349829319066504,27.358752795623563,26.972822220910746,27.059823989868164,171540000
2015-08-03,27.10444190149192,27.343139387606957,26.216575483749125,26.421812057495117,279904000
2015-08-04,26.194267700722214,26.256730339924655,25.26401689121604,25.574100494384766,496554400
2015-08-05,25.197091317507358,26.198729931797953,25.007472107672537,25.743642807006836,397250400
2015-08-06,25.98789944271197,26.106667700331585,25.57333038339867,25.79966163635254,211612000
2015-08-07,25.676407662488877,26.050640103544993,25.65847992994324,25.887052536010742,154681600
2015-08-10,26.11339616388924,26.888752962705077,26.11339616388924,26.828248977661133,219806400
2015-08-11,26.400221368356252,26.48313584606692,25.39629231829836,25.432146072387695,388331200
2015-08-12,25.21702611923066,25.86465067165119,24.56716017221928,25.82431411743164,404870000
2015-08-13,26.003592948948665,26.084266072518957,25.667455503966934,25.80415153503418,194143200
2015-08-14,25.618156123531538,26.064098006803345,25.54868826248213,25.985666275024414,171718000
2015-08-17,26.003584936240777,26.36437248612328,25.882575288173083,26.254568099975586,163538800
2015-08-18,26.09098594284168,26.317318945242764,25.996867877967947,26.106672286987305,138242800
2015-08-19,26.01703275037082,26.111150806013878,25.698823109092043,25.77277374267578,193146000
2015-08-20,25.564366569513382,25.62487054080635,25.015341200347923,25.243915557861328,274006400
2015-08-21,24.746429679000364,25.075844527643355,23.675272354625772,23.699922561645508,513102000
2015-08-24,21.25956502993237,24.381160252670277,20.61642169420349,23.108320236206055,648825200
2015-08-25,24.898818722543467,24.898818722543467,23.193481447458115,23.247262954711914,414406400
2015-08-26,23.99797255931064,24.625429826094532,23.540827124854484,24.580612182617188,387098400
2015-08-27,25.149802236992745,25.37613353297059,24.654558272511903,25.304424285888672,338464400
2015-08-28,25.13635164326541,25.391815902863165,24.99517456601919,25.3873348236084,212657600
2015-08-31,25.104982321810155,25.665211336256274,25.098259847186128,25.268569946289062,224917200
2015-09-01,24.68368944719395,25.07136694780219,24.058473694109427,24.13914680480957,307383600
2015-09-02,24.701616338576237,25.174448013305664,24.455114225615663,25.174448013305664,247555200
2015-09-03,25.208063358035563,25.273050126560126,24.65903962729395,24.732990264892578,212935600
2015-09-04,24.419265692422123,24.750920354159977,24.31618374568287,24.486492156982422,199985200
2015-09-08,25.042239566152308,25.223753238727728,24.721788467969912,25.1677303314209,219374400
2015-09-09,25.4926598985961,25.550922481347587,24.59853321856181,24.68368911743164,340043200
2015-09-10,24.710578952953487,25.38509511963697,24.627666158595982,25.225990295410156,251571200
2015-09-11,25.05120076999505,25.593502044677734,25.04447829538313,25.593502044677734,199662000
2015-09-14,26.124595494971757,26.1940633341851,25.739157723175833,25.839998245239258,233453600
2015-09-15,25.978943224181307,26.113397862780076,25.640564377789012,26.057374954223633,173364800
2015-09-16,26.050650410614907,26.115637184543175,25.86913674840091,26.086505889892578,148694000
2015-09-17,25.918433543611794,26.104428259816004,25.483695321581934,25.528512954711914,256450400
2015-09-18,25.1453179681706,25.61367029631348,25.069127645614433,25.42319107055664,297141200
2015-09-21,25.472491357167897,25.853448096928165,25.470251672175387,25.81759262084961,200888000
2015-09-22,25.407510236385587,25.586784237259348,25.214791283835545,25.4119930267334,201384800
2015-09-23,25.463523173916702,25.707783861688494,25.389574258979287,25.618146896362305,143026800
2015-09-24,25.37837608586187,25.882582233263097,25.181176074808743,25.770536422729492,200878000
2015-09-25,26.093228490675873,26.149251395054904,25.550925476927503,25.705549240112305,224607600
2015-09-28,25.51282761803632,25.67417383915858,25.19685935974121,25.19685935974121,208436000
2015-09-29,25.284262476779148,25.436644874380264,24.170526650005602,24.439435958862305,293461600
2015-09-30,24.68817503766251,24.995181193347733,24.365484245585396,24.717308044433594,265892000
2015-10-01,24.441668701677433,24.564919755253936,24.047267039915706,24.55595588684082,255716400
2015-10-02,24.20413724221264,24.876412126857616,24.101055298395757,24.735233306884766,232079200
2015-10-05,24.623182574143726,24.957080264458007,24.44166893864676,24.824865341186523,208258800
2015-10-06,24.791253581160905,25.039995398838375,24.598534664587667,24.943635940551758,192787200
2015-10-07,25.039993056137806,25.04671553009205,24.51786096605542,24.824865341186523,187062400
2015-10-08,24.69265053942736,24.69265053942736,24.248948480471036,24.538026809692383,247918400
2015-10-09,24.650074004172488,25.161002537255133,24.535786818714605,25.12514877319336,211064400
2015-10-12,25.26184773453085,25.26632881443241,24.972769354906614,25.008623123168945,121868800
2015-10-13,24.833831735097373,25.199100437782125,24.802459046998475,25.05120086669922,132197200
2015-10-14,24.93915527238215,24.990695384826164,24.551476038080967,24.69713592529297,177849600
2015-10-15,24.858485425215335,25.12067223086072,24.759884557581096,25.066890716552734,150694000
2015-10-16,25.04895256938616,25.098252982722897,24.76883813877541,24.88312530517578,156930400
2015-10-19,24.829346920645275,25.04223323067941,24.67472318849822,25.037752151489258,119036800
2015-10-20,24.95035524448626,25.584534814719742,24.83382837725812,25.494897842407227,195871200
2015-10-21,25.546443938336843,25.90050909798165,25.479215770415255,25.49266242980957,167180800
2015-10-22,25.620394929783124,25.88258171081543,25.56885310571736,25.88258171081543,166616400
2015-10-23,26.15148123213002,26.718434247076598,26.06856845906971,26.6848201751709,237467600
2015-10-26,26.46073580242905,26.47193935630753,25.752605545474786,25.83327865600586,265335200
2015-10-27,25.860168586232817,26.115632849791773,25.54419863885654,25.66969108581543,279537600
2015-10-28,26.203030131893545,26.73412782469506,26.00806982979809,26.72740364074707,342205600
2015-10-29,26.599669991881104,27.04561346922825,26.503310543623737,27.00975799560547,204909200
2015-10-30,27.112841924684606,27.164383744411797,26.76774065909424,26.778945922851562,197461200
2015-11-02,27.07026801173741,27.195758770132144,26.80359844046524,27.15542221069336,128813200
2015-11-03,27.068019085532576,27.673065599084715,27.047849956583303,27.466901779174805,182076000
2015-11-04,27.592401004565872,27.747024771983217,27.25402388382609,27.33917808532715,179544400
2015-11-05,27.422447396318912,27.611491014653208,27.046612866049482,27.213150024414062,158210800
2015-11-06,27.255903114128582,27.413437990731037,27.145628700506865,27.24464988708496,132169200
2015-11-09,27.222144292300733,27.41343712700554,27.017348959170107,27.134374618530273,135485600
2015-11-10,26.3084401383808,26.57174917506117,26.119396564378523,26.27918243408203,236511600
2015-11-11,26.189165169362212,26.42546750582627,25.92810538774302,26.130651473999023,180872000
2015-11-12,26.164416325085043,26.290444271023915,26.02713514811506,26.042888641357422,130102400
2015-11-13,25.925852951063824,26.009122369930957,25.266454000795722,25.282207489013672,183249600
2015-11-16,25.066157577488287,25.709803005200715,24.980638891296227,25.696300506591797,152426800
2015-11-17,25.862834824273246,25.892092524100093,25.502753925259924,25.586023330688477,110467600
2015-11-18,26.051882252140704,26.441219192006294,25.993368560767326,26.396209716796875,186698800
2015-11-19,26.474979060688888,26.94983644140062,26.276934951724414,26.731536865234375,173183200
2015-11-20,26.826057691815596,26.988094560769092,26.747290246352513,26.84856414794922,137148400
2015-11-23,26.841809448120213,26.94533433204748,26.407461314604493,26.499732971191406,129930000
2015-11-24,26.405212037935286,26.859813920179256,26.35795157371696,26.754039764404297,171212800
2015-11-25,26.828300285387783,26.832802262006307,26.537984605528838,26.562740325927734,85553200
2015-11-27,26.621260235284563,26.648266950315282,26.465974628610375,26.513235092163086,52185600
2015-11-30,26.55374724976883,26.873320736886424,26.499735530721434,26.62351417541504,156721200
2015-12-01,26.724779771447157,26.738282268628147,26.299433940234323,26.40745735168457,139409600
2015-12-02,26.40746624208892,26.58075636025735,26.123903403816158,26.168912887573242,133546400
2015-12-03,26.229677568688263,26.28368929257516,25.70530866982279,25.925857543945312,166278000
2015-12-04,25.94611021757754,26.837311292183443,25.9056009997772,26.787799835205078,231108000
2015-12-07,26.776549449375835,26.97459356861134,26.513238664106158,26.6190128326416,128336800
2015-12-08,26.44797188091549,26.691027181077096,26.29943923103996,26.607759475708008,137238000
2015-12-09,26.474976161829343,26.486229388709443,25.898846659196288,26.020374298095703,185445600
2015-12-10,26.114897606214114,26.317443689533036,25.995620945204504,26.144153594970703,116850800
2015-12-11,25.923601197959165,25.96861066941635,25.396981453503482,25.471248626708984,187544800
2015-12-14,25.24619715137277,25.358722543968117,24.708325912127094,25.31371307373047,257274800
2015-12-15,25.192188508475535,25.385732344645458,24.834356823649205,24.865863800048828,213292400
2015-12-16,24.99639645318205,25.203442811607765,24.4855318075227,25.057159423828125,224954000
2015-12-17,25.21019406605215,25.26195651416769,24.52604103088379,24.52604103088379,179091200
2015-12-18,24.51028622435749,24.647565648243024,23.812627291848816,23.862138748168945,385813200
2015-12-21,24.14344610036852,24.16370156231571,23.75860949338291,24.154699325561523,190362400
2015-12-22,24.170454647753953,24.242470830260057,23.956655371844313,24.1321964263916,131157600
2015-12-23,24.141199125031314,24.49677980942645,24.12544563734299,24.442768096923828,130629600
2015-12-24,24.53054017780593,24.53054017780593,24.294236122320022,24.312240600585938,54281600
2015-12-28,24.213214890470855,24.235721344204507,23.895894153442327,24.039926528930664,106816800
2015-12-29,24.071436621428216,24.62731244741854,24.048931881781158,24.472026824951172,123724800
2015-12-30,24.43601889537635,24.463023895390158,24.12094739820358,24.152454376220703,100855200
2015-12-31,24.082689347954826,24.08718960898984,23.58982749004638,23.68885040283203,163649200
2016-01-04,23.09247131928628,23.713612239205943,22.955190142836607,23.709110260009766,270597600
2016-01-05,23.799118053200747,23.821622785973776,23.047449333175052,23.11496353149414,223164000
2016-01-06,22.6311135619092,23.038456779406197,22.475829638610904,22.662620544433594,273829600
2016-01-07,22.20801021652656,22.534333148639544,21.70164598028158,21.706146240234375,324377600
2016-01-08,22.17876222974189,22.304790157866496,21.775920997198742,21.82093048095703,283192000
2016-01-11,22.27328593743618,22.293539692538094,21.906451903016617,22.17426300048828,198957600
2016-01-12,22.628865116175675,22.66037209985096,22.244026626852737,22.496084213256836,196616800
2016-01-13,22.577098802915323,22.772893639718973,21.897446063656986,21.917699813842773,249758400
2016-01-14,22.04597785408347,22.613106875133813,21.546364765015802,22.397056579589844,252680400
2016-01-15,21.649881278694462,21.989708389058645,21.460839474465978,21.85917854309082,319335600
2016-01-19,22.147247282759277,22.201258987245012,21.49234871249039,21.753408432006836,212350800
2016-01-20,21.402330758209725,22.097738623752576,21.024245345147918,21.78266716003418,289337600
2016-01-21,21.84343310144887,22.027974714138363,21.36632643874029,21.672395706176758,208646000
2016-01-22,22.196759780258493,22.83365395617753,22.138247808514276,22.82465171813965,263202000
2016-01-25,22.847165285121246,22.849416274751054,22.327298285765682,22.379060745239258,207178000
2016-01-26,22.489322287302524,22.703119820332912,22.07072774058952,22.502824783325195,300308000
2016-01-27,21.613876033272483,21.746655162652843,21.006237927545712,21.024242401123047,533478800
2016-01-28,21.107513640999823,21.271799754940478,20.792442193975056,21.17502784729004,222715200
2016-01-29,21.332562311853426,21.90644073486328,21.23353942538852,21.90644073486328,257666000
2016-02-01,21.71065476647782,21.764666487210278,21.46985043683529,21.70165252685547,163774000
2016-02-02,21.47434679989208,21.61387891320668,21.217789026733964,21.262800216674805,149428800
2016-02-03,21.37982887826044,21.793921581847044,21.172782526467135,21.68364715576172,183857200
2016-02-04,21.69043312718145,22.023053229116783,21.5388313080044,21.857873916625977,185886800
2016-02-05,21.839773653124055,21.93028280241884,21.19942517660604,21.274093627929688,185672400
2016-02-08,21.072709743355976,21.654228686840714,21.052346092950472,21.49810218811035,216085600
2016-02-09,21.33519013242165,21.70853933097506,21.25373206268932,21.493579864501953,177324800
2016-02-10,21.70400705661494,21.8013040732542,21.292192138208378,21.330657958984375,169374400
2016-02-11,21.22205605628221,21.432489134607646,20.95052855691329,21.201690673828125,200298800
2016-02-12,21.312553165536052,21.382696909855685,21.04555222501636,21.267297744750977,161405600
2016-02-16,21.50036492754937,21.91444310662527,21.40759430416859,21.866926193237305,196231600
2016-02-17,21.87371349855906,22.222172580506005,21.75605281989877,22.20180892944336,179452800
2016-02-18,22.36472335718932,22.376037647567838,21.742475365374155,21.780942916870117,156084000
2016-02-19,21.722110031215855,21.894077218998742,21.676856325844767,21.73116111755371,141496800
2016-02-22,21.79225345157322,21.925754815070707,21.70400751905716,21.921228408813477,137123200
2016-02-23,21.812622259262714,21.835249115154625,21.394019383147793,21.425697326660156,127770400
2016-02-24,21.265042117091483,21.808093505328504,21.11570177690352,21.74473762512207,145022800
2016-02-25,21.7334262954955,21.894079208374023,21.55240800492678,21.894079208374023,110330800
2016-02-26,21.993637838519774,22.179180810555707,21.853350302540388,21.928020477294922,115964400
2016-02-29,21.916704500929125,22.226697740378793,21.86918759146339,21.878238677978516,140865200
2016-03-01,22.09546468989167,22.801432338301602,22.04342136196263,22.747127532958984,201628400
2016-03-02,22.74259310611177,22.828575821585314,22.545735897414303,22.796897888183594,132678400
2016-03-03,22.758440111431735,23.014126871720247,22.72902364408416,22.966609954833984,147822800
2016-03-04,23.16346320111344,23.475717911864166,22.937191221240052,23.308277130126953,184220400
2016-03-07,23.167993722692326,23.267553971361494,22.844424640836174,23.05033302307129,143315600
2016-03-08,22.80369010682502,23.02543740912557,22.717707374999783,22.860258102416992,126247600
2016-03-09,22.923615276300346,22.98470968172931,22.688292194185372,22.880624771118164,108806800
2016-03-10,22.946245689330233,23.134050148301274,22.661142469303154,22.891939163208008,134054400
2016-03-11,23.13404628662392,23.143097372800096,22.966605508160118,23.138572692871094,109632800
2016-03-14,23.059380528585958,23.285652530351765,23.029964063512647,23.197404861450195,100304400
2016-03-15,23.52323347933923,23.799285555257,23.498343424866768,23.663522720336914,160270800
2016-03-16,23.670308798119695,24.054970422113335,23.665782392387264,23.978038787841797,153214000
2016-03-17,23.87622139799819,24.091180840249617,23.749509626611857,23.939579010009766,137682800
2016-03-18,24.061758199904567,24.09796254033488,23.801546839913073,23.966724395751953,176820800
2016-03-21,23.96899268267387,24.358180793260605,23.79023759809888,23.964468002319336,142010800
2016-03-22,23.81512881948704,24.276723922528895,23.806077732017386,24.147748947143555,129777600
2016-03-23,24.093436824597873,24.226936439976935,23.962198685659956,24.014240264892578,102814000
2016-03-24,23.864902551080196,24.041394393712576,23.73366440736762,23.91015625,104532000
2016-03-28,23.984831583241125,24.02782381491597,23.772135354515047,23.801551818847656,77645600
2016-03-29,23.733670160565346,24.389859311874833,23.731406957175352,24.36496925354004,124760400
2016-03-30,24.584454768509033,24.98495547537294,24.573140477234638,24.790361404418945,182404400
2016-03-31,24.826563900665512,24.867292929364638,24.63649452463016,24.66138458251953,103553600
2016-04-01,24.613870134993224,24.88992227645211,24.48263194867367,24.887659072875977,103496000
2016-04-04,24.984951550434623,25.385453920701245,24.951010408261794,25.143342971801758,149424800
2016-04-05,24.77904898109196,25.0551011171077,24.75868360194534,24.8469295501709,106314800
2016-04-06,24.94195821325985,25.111662178516678,24.708896650866684,25.107135772705078,105616400
2016-04-07,24.878601435918707,24.98494953386156,24.464525059049166,24.559558868408203,127207600
2016-04-08,24.64328943195672,24.8378818038836,24.475846874468086,24.586721420288086,94326800
2016-04-11,24.656858365549297,25.027944281096357,24.62518042590393,24.668170928955078,117630000
2016-04-12,24.74057660716404,25.00305292350047,24.586713323361767,24.989477157592773,108929200
2016-04-13,25.07093425017294,25.419391554856478,25.07093425017294,25.351511001586914,133029200
2016-04-14,25.256474131855548,25.430702763092683,25.190855063220873,25.365083694458008,101895600
2016-04-15,25.367351251528262,25.41034347919359,24.82882457258405,24.855976104736328,187756000
2016-04-18,24.638760056928188,24.65233582567168,24.19753030957961,24.319717407226562,243286000
2016-04-19,24.410222977367255,24.437376239107543,24.036875554768923,24.19074058532715,129539600
2016-04-20,24.12964197683712,24.457735632396414,23.998403824086175,24.240514755249023,122444000
2016-04-21,24.19525965241305,24.19525965241305,23.87621537467785,23.978038787841797,126210000
2016-04-22,23.760822267809996,24.09344237092434,23.67257632939006,23.912424087524414,134732400
2016-04-25,23.758560651725116,23.90563780102329,23.647687852052886,23.776662826538086,112126400
2016-04-26,23.511922215818263,23.826440129182235,23.511922215818263,23.611480712890625,224064800
2016-04-27,21.722111431433373,22.33530832822501,21.649704462381326,22.133926391601562,458408400
2016-04-28,22.086412431487112,22.14750511847199,21.32613829168342,21.45737648010254,328970800
2016-04-29,21.267303317109604,21.43248262519851,20.93242174714489,21.210735321044922,274126000
2016-05-02,21.262776699181792,21.28766675328731,20.907529785324392,21.188106536865234,192640400
2016-05-03,21.314822269926196,21.663281366246807,21.197161586412495,21.536569595336914,227325200
2016-05-04,21.541092593013676,21.69948402059538,21.22883787067222,21.312559127807617,164102000
2016-05-05,21.399059769565113,21.414995170133142,21.09856240397627,21.226045608520508,143562000
2016-05-06,21.255648170316455,21.273858822090435,20.90961973417624,21.107675552368164,174799600
2016-05-09,21.17141575710455,21.34670520938341,21.078078574390002,21.12360954284668,131745600
2016-05-10,21.246544985832113,21.301180422551738,20.96881209919443,21.267032623291016,134747200
2016-05-11,21.28068442424547,21.301172053655105,21.048480869965076,21.059864044189453,114876400
2016-05-12,21.10767369418935,21.121332116024682,20.36781240640932,20.565866470336914,305258800
2016-05-13,20.48847069657504,20.868645235994705,20.48847069657504,20.606847763061523,177571200
2016-05-16,21.03254297875535,21.48784210458502,20.864082788510306,21.371740341186523,245039200
2016-05-17,21.5242802967465,21.55842636302387,21.173699542720385,21.282970428466797,187667600
2016-05-18,21.43548422554386,21.674515230616116,21.374017869362156,21.52654266357422,168249600
2016-05-19,21.544761734036086,21.544761734036086,21.30117668934936,21.444595336914062,121768400
2016-05-20,21.544756874215505,21.724600257195345,21.5174382983911,21.676794052124023,128104000
2016-05-23,21.824768211574394,22.12526562008119,21.779237248571153,21.952251434326172,152074400
2016-05-24,22.1320939575043,22.330147994064664,22.045585999624066,22.286895751953125,140560800
2016-05-25,22.462185286501768,22.705770285464567,22.334702068152218,22.67845344543457,152675200
2016-05-26,22.692118054966603,22.93115089139935,22.45536220143362,22.85830307006836,225324800
2016-05-27,22.637486135393196,22.871965042405936,22.59423213773205,22.844646453857422,145364800
2016-05-31,22.67390577120075,22.856026193792353,22.496339314429928,22.733095169067383,169228800
2016-06-01,22.541866174845136,22.66024495809652,22.38478910717191,22.414382934570312,116693200
2016-06-02,22.218605412811385,22.273240842302986,21.99778497521207,22.24592399597168,160766400
2016-06-03,22.261858579794595,22.371129434742336,22.184456798780094,22.291452407836914,114019600
2016-06-06,22.307393094731363,23.195227251323377,22.20722841011903,22.453088760375977,93170000
2016-06-07,22.59423261044248,22.735376048985426,22.52821398935768,22.54414939880371,89638000
2016-06-08,22.541867497036687,22.6647985160103,22.464467449995333,22.523656845092773,83392400
2016-06-09,22.423491921761386,22.76268943507791,22.41438572677468,22.68528938293457,106405600
2016-06-10,22.43031587222993,22.616988483596124,22.418934433788163,22.498611450195312,126851600
2016-06-13,22.46674268329849,22.56463209429389,22.104778866146614,22.159414291381836,152082000
2016-06-14,22.154868149683185,22.41894262839025,22.025107893581765,22.186738967895508,127727600
2016-06-15,22.268685783411325,22.402999962509963,22.088842374994137,22.11388397216797,117780800
2016-06-16,21.956809775393893,22.252755038411323,21.870303526845767,22.207225799560547,125307200
2016-06-17,21.995507675465443,22.00233688641061,21.695010236076318,21.701839447021484,244032800
2016-06-20,21.854371623080308,21.984131885119172,21.63355113191273,21.649486541748047,137647600
2016-06-21,21.613060913354236,21.934046055117438,21.553871510958555,21.833881378173828,142185600
2016-06-22,21.911272809333813,22.056968406470375,21.706387833101612,21.75191879272461,116876400
2016-06-23,21.840707468421712,21.920384496701352,21.683628657792593,21.87713050842285,128960800
2016-06-24,21.150928134085255,21.54931498992115,21.091738743477556,21.262475967407227,301245600
2016-06-27,21.17141667758771,21.182799854404006,20.82994221504597,20.95287322998047,181958400
2016-06-28,21.14865373553775,21.321667963238593,20.975639507836906,21.30573081970215,161779600
2016-06-29,21.39223434601581,21.524271537990504,21.314832574681827,21.490123748779297,146124000
2016-06-30,21.499231095422036,21.802003776043296,21.467360286935588,21.763303756713867,143345600
2016-07-01,21.73826641463874,21.961363854547113,21.701843370736256,21.829326629638672,104106000
2016-07-05,21.715499444645676,21.71777642740223,21.503785205838827,21.624439239501953,110820800
2016-07-06,21.535651754635122,21.77696151102869,21.483293319400158,21.747365951538086,123796400
2016-07-07,21.786074418063084,21.968194862954004,21.76786376303742,21.84071159362793,100558400
2016-07-08,21.965914634819505,22.056974843812966,21.86574996807282,22.00916862487793,115648400
2016-07-11,22.025099162261355,22.22998415299696,22.020546934391074,22.07745933532715,95179600
2016-07-12,22.120715153344364,22.241369184931997,22.109333713415275,22.177627563476562,96670000
2016-07-13,22.17535258561507,22.234540242351116,22.045590621589493,22.05242156982422,103568800
2016-07-14,22.17080159908672,22.53504072991015,22.154866191389104,22.489511489868164,155676000
2016-07-15,22.51909920028568,22.605607164408692,22.423486780092702,22.487228393554688,120548000
2016-07-18,22.469017852041166,22.794556893367258,22.446253236340294,22.72626304626465,145975600
2016-07-19,22.664799966530648,22.76496637436316,22.614716762614393,22.73537254333496,95119600
2016-07-20,22.764965569647345,22.869684202848237,22.70577617285413,22.755859375,105104000
2016-07-21,22.726266435747576,22.992616126512747,22.566910628416856,22.63520622253418,130808000
2016-07-22,22.596506521854337,22.60561271698975,22.38023829525389,22.459917068481445,113254800
2016-07-25,22.366576289676537,22.500888738552472,22.063801863012984,22.159414291381836,161531600
2016-07-26,22.041039045479174,22.30283649036816,21.94997883810531,22.00689125061035,224959200
2016-07-27,23.737018880171632,23.755231261828207,23.390992312838236,23.436521530151367,369379200
2016-07-28,23.40921617314791,23.77800752997383,23.40693919011725,23.752965927124023,159479200
2016-07-29,23.718817369635584,23.800771381822965,23.602715562898634,23.723369598388672,110934800
2016-08-01,23.76889907881645,24.165008954984405,23.76889907881645,24.142244338989258,152671600
2016-08-02,24.14224762674467,24.146799855832086,23.675565119560158,23.78483772277832,135266400
2016-08-03,23.85995808599503,24.09443693605807,23.850851892023883,24.08305549621582,120810400
2016-08-04,24.16545435364713,24.261584742018446,24.09678879267462,24.231830596923828,109634800
2016-08-05,24.32338432959132,24.639243840287477,24.302785707365693,24.60033416748047,162213600
2016-08-08,24.609485258853,24.80403709411621,24.52708903271134,24.80403709411621,112148800
2016-08-09,24.771994361398967,24.934500993309076,24.721639849436276,24.90474510192871,105260800
2016-08-10,24.88185552870278,24.925343830947153,24.6644175099562,24.719348907470703,96034000
2016-08-11,24.83836914609631,24.932211964247323,24.685018036971154,24.70332908630371,109938000
2016-08-12,24.66899794612241,24.820061493806705,24.66899794612241,24.76055145263672,74641600
2016-08-15,24.75139387983984,25.07183025301336,24.73766146618195,25.05809783935547,103472800
2016-08-16,25.09242846604213,25.22975958534201,24.99629807952239,25.035207748413086,135177600
2016-08-17,24.971114366612436,25.032913703563807,24.797162941056897,24.998580932617188,101424000
2016-08-18,25.000883616328917,25.085569184205237,24.952816663562427,24.966550827026367,87938800
2016-08-19,24.895590211138185,25.106163788909825,24.801749137922414,25.03063201904297,101472400
2016-08-22,24.916193032880557,24.971124440813984,24.685020811230327,24.836084365844727,103280800
2016-08-23,24.85439224223576,25.021477520652386,24.84065982760131,24.913902282714844,85030800
2016-08-24,24.84981806852593,24.891017063169663,24.64611241340915,24.726221084594727,94700400
2016-08-25,24.579732636625383,24.691884760216265,24.417225999435953,24.62093162536621,100344800
2016-08-26,24.584305555947743,24.70790074719465,24.33253304649595,24.476730346679688,111065200
2016-08-29,24.40349436889239,24.591178268907836,24.327962596069156,24.449270248413086,99881200
2016-08-30,24.215813165674433,24.376030508077367,24.147147592508567,24.26158905029297,99455600
2016-08-31,24.183758540844376,24.39204098988421,24.17917990675188,24.284465789794922,118649600
2016-09-01,24.29362338368296,24.444686889348482,24.174605080686185,24.428665161132812,106806000
2016-09-02,24.650684766074676,24.719350326588074,24.44926846613325,24.65755271911621,107210000
2016-09-06,24.696465800132074,24.788019311384804,24.60720160687611,24.65068817138672,107521600
2016-09-07,24.680442530397535,24.893303688659454,24.506491044468753,24.80175018310547,169457200
2016-09-08,24.547688186556055,24.552265075682133,24.0876331218055,24.15172004699707,212008000
2016-09-09,23.950304186078277,24.19749811312488,23.604690551757812,23.604690551757812,186228000
2016-09-12,23.49482982009149,24.19750024683711,23.467363243696187,24.133413314819336,181171200
2016-09-13,24.60720134069664,24.900171176545893,24.5454019791184,24.707908630371094,248704800
2016-09-14,24.886434865548,25.87063014465147,24.85667897528379,25.582237243652344,443554800
2016-09-15,26.06059691685577,26.488608400703036,25.975909648411054,26.45198631286621,359934400
2016-09-16,26.348994552349193,26.580164975590975,26.101800653078442,26.3032169342041,319547600
2016-09-19,26.365016812905786,26.5916103520135,25.920983512266076,25.99651527404785,188092000
2016-09-20,25.87520813630495,26.1201127277421,25.751611181808023,25.994226455688477,138057200
2016-09-21,26.058318364719387,26.090361831695407,25.73559437696434,25.989654541015625,144012800
2016-09-22,26.172758745803208,26.307800562164193,26.09265008164224,26.23455810546875,124296000
2016-09-23,26.188777575064645,26.273464865638555,25.531884855537015,25.797388076782227,209924800
2016-09-26,25.552483716270608,25.953028742676437,25.53188509596385,25.8362979888916,119477600
2016-09-27,25.863764554138143,25.904963540976546,25.71270102031809,25.884363174438477,98429600
2016-09-28,26.021697072219652,26.239135125485873,25.96218703015939,26.081205368041992,118564400
2016-09-29,25.90037899105747,26.046863846213853,25.589098237290848,25.67607307434082,143548000
2016-09-30,25.740168003580504,25.94845225875798,25.58910621359226,25.87520980834961,145516400
2016-10-03,25.797385012201293,25.875206086826246,25.698965319910553,25.753896713256836,86807200
2016-10-04,25.87750003906482,26.16360366322302,25.779080322504882,25.863767623901367,118947200
2016-10-05,25.955318465634114,26.014828502290214,25.79281183336047,25.87520980834961,85812400
2016-10-06,26.023982245396795,26.170467146015195,25.8935190762136,26.06747055053711,115117200
2016-10-07,26.163601182051714,26.220821901456944,25.98049592769764,26.106380462646484,97433600
2016-10-10,26.326108295770283,26.72207644962108,26.257444478974328,26.561859130859375,144944000
2016-10-11,26.939510363601958,27.166105639172304,26.596186093481776,26.619075775146484,256164000
2016-10-12,26.859406016999273,27.003603351129488,26.722076636210637,26.85711669921875,150347200
2016-10-13,26.731229029386608,26.880003235410353,26.486324442696798,26.774717330932617,140769600
2016-10-14,26.9807131513981,27.0470893958653,26.809050992125677,26.923492431640625,142608800
2016-10-17,26.854827374308645,26.971556379926877,26.72894109816619,26.905181884765625,94499600
2016-10-18,27.049374130220112,27.056240336029518,26.88228888849543,26.88686752319336,98214000
2016-10-19,26.83651111173864,26.95324184091527,26.046866067500126,26.8067569732666,80138400
2016-10-20,26.747252002858986,26.866270325468047,26.625944362631184,26.793027877807617,96503200
2016-10-21,26.735807426320722,26.758697110259885,26.6144997848891,26.687742233276367,92770800
2016-10-24,26.80218568949886,26.948670597321588,26.779297750071155,26.928071975708008,94154800
2016-10-25,26.996731708443775,27.090574516004875,26.85024682278932,27.065397262573242,192516000
2016-10-26,26.16360365468382,26.481750744944865,25.93472075543196,26.456573486328125,264536800
2016-10-27,26.410799097834698,26.518374345961796,26.11553993156182,26.202516555786133,138248000
2016-10-28,26.06289532854449,26.369597563133876,25.966763187546174,26.028562545776367,151446800
2016-10-31,26.012539163976705,26.145291650936002,25.909540822203006,25.987361907958984,105677600
2016-11-01,25.96904403341322,26.03999714741226,25.29841731424346,25.518144607543945,175303200
2016-11-02,25.49755005141465,25.714988062228944,25.458640385687897,25.54103660583496,113326800
2016-11-03,25.531832315983266,25.64225915016258,25.202849374019138,25.26726531982422,107730400
2016-11-04,24.968195213786938,25.36389526657879,24.871571272115432,25.039512634277344,123348000
2016-11-07,25.32478577413851,25.423710787131366,25.182149178250135,25.400705337524414,130240000
2016-11-08,25.377697966609183,25.70208059611489,25.237362443161036,25.550241470336914,97016800
2016-11-09,25.27877301861398,25.61005710827959,24.8577682024011,25.508831024169922,236705600
2016-11-10,25.55713908639396,25.55713908639396,24.347035425970823,24.797948837280273,228538000
2016-11-11,24.643816878508083,25.04641843220124,24.512683871227594,24.945192337036133,136575600
2016-11-14,24.779547311280258,24.80255276055703,23.944437391630697,24.31943130493164,204702000
2016-11-15,24.517280389531447,24.77264490369558,24.422957524546458,24.641511917114258,129058000
2016-11-16,24.547188021355673,25.359294239810122,24.524182572280637,25.304079055786133,235362000
2016-11-17,25.262671929270162,25.386903477159905,25.037216040850755,25.294879913330078,110528000
2016-11-18,25.241963923155183,25.43061141206758,25.22816100488457,25.32018280029297,113715600
2016-11-21,25.333982770773368,25.76419002557412,25.30867625517298,25.704376220703125,117058400
2016-11-22,25.75499298387835,25.86312052717091,25.628462134121555,25.72048568725586,103862000
2016-11-23,25.61926238079961,25.653771436366686,25.382302890551035,25.58935546875,109705600
2016-11-25,25.56634439798822,25.73658857833759,25.524933888606377,25.718183517456055,45903600
2016-11-28,25.635362135650787,25.874622658112738,25.626159605340344,25.667570114135742,108776000
2016-11-29,25.485829595852017,25.77340214817063,25.322488596759477,25.642269134521484,114115200
2016-11-30,25.674467422394557,25.812501844329436,25.368489921050262,25.42600440979004,144649200
2016-12-01,25.391500921084965,25.522633904830364,25.083222302593835,25.189048767089844,148347600
2016-12-02,25.115433567203517,25.327086523891644,25.041815071172717,25.283376693725586,106112000
2016-12-05,25.306382665702465,25.313284125596923,24.903781123293562,25.10163116455078,137298000
2016-12-06,25.191354501023707,25.38920454893661,25.12003707277725,25.294879913330078,104782000
2016-12-07,25.136140652705663,25.580152717341864,25.11313520092625,25.54334259033203,119994800
2016-12-08,25.504231936550035,25.865422953478195,25.444416360599178,25.794105529785156,108273200
2016-12-09,25.837815764958435,26.387654294479216,25.837815764958435,26.215110778808594,137610400
2016-12-12,26.063269759954103,26.45666871015022,25.879222666845706,26.065570831298828,105497600
2016-12-13,26.18979988188101,26.668320906667244,26.16909550595621,26.50037956237793,174935200
2016-12-14,26.465870513966813,26.73273686092633,26.452067596683612,26.50037956237793,136127200
2016-12-15,26.54408719733231,26.854666852226416,26.509579906968934,26.645313262939453,186098000
2016-12-16,26.79485573729359,26.801757196511677,26.606208246118552,26.679826736450195,177404400
2016-12-19,26.640711740854886,27.00420197375097,26.629208141088593,26.833959579467773,111117600
2016-12-20,26.856976715603903,27.031821327990908,26.843173794037757,26.905288696289062,85700000
2016-12-21,26.87077395485473,27.00880839792081,26.866171812137395,26.930587768554688,95132800
2016-12-22,26.76725331477868,26.804063444655274,26.603912312659393,26.753450393676758,104343600
2016-12-23,26.592404319614282,26.806358337402344,26.592404319614282,26.806358337402344,56998000
2016-12-27,26.806358364372283,27.100834089471928,26.799456904953356,26.97660255432129,73187600
2016-12-28,27.03641507988799,27.151444078578333,26.732738593553627,26.861572265625,83623600
2016-12-29,26.790251860249484,26.942090974031995,26.778750014031598,26.85466957092285,60158000
2016-12-30,26.836261793897304,26.962792620703265,26.555590797588746,26.645313262939453,122345200
2017-01-03,26.64071913486251,26.762649603333717,26.401458585981693,26.72123908996582,115127600
2017-01-04,26.65222051500545,26.804059646424857,26.629215064694332,26.691329956054688,84472400
2017-01-05,26.668320134489942,26.884575193415053,26.643013616734745,26.82706069946289,88774400
2017-01-06,26.86617203276788,27.183653185150572,26.79485461689209,27.12613868713379,127007600
2017-01-09,27.135338939026216,27.475825533009875,27.133039622896174,27.37459945678711,134247600
2017-01-10,27.323995303706074,27.46433086221076,27.215869488730416,27.4022159576416,97848400
2017-01-11,27.317088920650892,27.59085852729163,27.284880938128854,27.549448013305664,110354400
2017-01-12,27.35389206680409,27.44591560275894,27.195151511162045,27.434412002563477,108344800
2017-01-13,27.402202848152676,27.519532895322232,27.33318476035814,27.386098861694336,104447600
2017-01-17,27.225059408102727,27.662169903440613,27.19745357495073,27.606956481933594,137759200
2017-01-18,27.60695729071351,27.721986279424815,27.540240266636584,27.604656219482422,94852000
2017-01-19,27.468921682797355,27.627660486905143,27.462020224601755,27.55634307861328,102389200
2017-01-20,27.710481866659634,27.710481866659634,27.544841602138572,27.606956481933594,130391600
2017-01-23,27.606955430689098,27.793301818181305,27.554041327157645,27.6253604888916,88200800
2017-01-24,27.50344126914955,27.629972146699764,27.49193766427968,27.600065231323242,92844000
2017-01-25,27.70358052260405,28.090077985152917,27.671372546991893,28.039464950561523,129510400
2017-01-26,27.991157509373394,28.168303159062784,27.97505351896557,28.053274154663086,105350400
2017-01-27,28.099286001925275,28.14759797477796,27.975054462359783,28.055574417114258,82251600
2017-01-30,27.820908983715945,27.981948852539062,27.758794107227867,27.981948852539062,121510000
2017-01-31,27.87152869592351,27.92674212772511,27.749598229560107,27.917539596557617,196804000
2017-02-01,29.224272124995522,30.020274476660866,29.21967173655047,29.619972229003906,447940000
2017-02-02,29.44282796012069,29.767208875316427,29.39681530020404,29.569358825683594,134841600
2017-02-03,29.51874097170494,29.721193131971837,29.484233676389646,29.695886611938477,98029200
2017-02-06,29.707390002003997,30.022568331657627,29.6544741356893,29.974254608154297,107383600
2017-02-07,30.031768532103786,30.38835911942221,30.01106415545851,30.2595272064209,152735200
2017-02-08,30.218118783795905,30.41826811436979,30.18821012137677,30.376855850219727,92016400
2017-02-09,30.41844937928978,30.603294449258463,30.29599026963115,30.596363067626953,113399600
2017-02-10,30.605607739377785,30.716513372844734,30.510874154762057,30.52704620361328,80262000
2017-02-13,30.748855062524516,30.919837338912373,30.672606352471522,30.797374725341797,92141600
2017-02-14,30.838968783082613,31.21327745462507,30.788136306005725,31.197105407714844,132904800
2017-02-15,31.31263652618138,31.485928118966612,31.104684499463215,31.31032371520996,142492400
2017-02-16,31.347297127694766,31.400438901901097,31.1555206526763,31.273361206054688,90338400
2017-02-17,31.21558771448665,31.384257178844305,31.21558771448665,31.358840942382812,88792800
2017-02-21,31.476683120639176,31.596832942403598,31.41891925785599,31.58527946472168,98028800
2017-02-22,31.52288841982405,31.682317219483558,31.44895252071614,31.680007934570312,83347600
2017-02-23,31.74239614565189,31.76549957330831,31.492855857830456,31.545997619628906,83152800
2017-02-24,31.40274867152735,31.576040267944336,31.25718260233658,31.576040267944336,87106400
2017-02-27,31.68695094036211,31.756268295074936,31.48824307051981,31.638427734375,81029600
2017-02-28,31.673080673342007,31.756260774172254,31.58527847645834,31.652286529541016,93931600
2017-03-01,31.86022863767035,32.382412567080664,31.793224123633966,32.299232482910156,145658400
2017-03-02,32.34776761708699,32.41246287027101,32.06125754896711,32.10747146606445,104844000
2017-03-03,32.06586918347313,32.308478066569165,32.02196809193067,32.29692459106445,84432400
2017-03-06,32.2021981053339,32.29462240405926,32.024287940837276,32.19526672363281,87000000
2017-03-07,32.130571306357986,32.343141903855376,32.06818534575366,32.23685836791992,69785200
2017-03-08,32.1051648107467,32.30156341918766,32.075129989626745,32.11671829223633,74828800
2017-03-09,32.05663667525155,32.06818662806942,31.66615237296343,32.04277038574219,88623600
2017-03-10,32.17446026858715,32.19987650030907,32.033516351879285,32.149044036865234,78451200
2017-03-13,32.082043188092115,32.21605221540226,32.075111808252814,32.16291046142578,69686800
2017-03-14,32.18603322965188,32.26690054272909,32.07974614383688,32.11440658569336,61236400
2017-03-15,32.21143545714722,32.52104885946369,32.123633273411656,32.454044342041016,102767200
2017-03-16,32.51410682351409,32.5834241287132,32.407819818792184,32.50717544555664,76928000
2017-03-17,32.57881223101058,32.57881223101058,32.322340589443556,32.3454475402832,175540000
2017-03-20,32.44017885400737,32.69434122074406,32.40089985653458,32.68510055541992,86168000
2017-03-21,32.83528783751306,32.99471665093121,32.2853747768826,32.310791015625,158119600
2017-03-22,32.313117452037815,32.717464631681196,32.292319774750595,32.675872802734375,103440800
2017-03-23,32.63889508188591,32.712834526079405,32.488710433604666,32.56033706665039,81385200
2017-03-24,32.694343799918045,32.749798373115034,32.42863146197127,32.495635986328125,89582400
2017-03-27,32.20681637913718,32.62964824085136,32.02890271013015,32.551090240478516,94300400
2017-03-28,32.55802651752383,33.281227727729544,32.49101845812078,33.22577667236328,133499200
2017-03-29,33.19804055798778,33.38519840692117,33.084825660277524,33.299705505371094,116760000
2017-03-30,33.31589410152102,33.38752074455431,33.156465237671576,33.25581741333008,84829200
2017-03-31,33.20728317039026,33.33436434857821,33.043232281161146,33.19342041015625,78646800
2017-04-03,33.20498386217642,33.299713927446234,33.052486402532196,33.20267105102539,79942800
2017-04-04,33.09869627711697,33.47762710917722,33.080211416330286,33.44990158081055,79565600
2017-04-05,33.322814079164985,33.609324078860624,33.22808050761731,33.27660369873047,110871600
2017-04-06,33.33898291823909,33.3921281999704,33.14489722371151,33.19342041015625,84596000
2017-04-07,33.209595422953385,33.313569659625706,33.10331190124426,33.119483947753906,66688800
2017-04-10,33.17955967379013,33.24425490924556,33.017818059525624,33.080204010009766,75733600
2017-04-11,33.02707408133784,33.12180768348435,32.361633106140886,32.72439193725586,121517600
2017-04-12,32.717450050383505,32.844527715419915,32.58112466824049,32.7636604309082,81400000
2017-04-13,32.789074157625386,32.89767048263503,32.59036636352539,32.59036636352539,71291600
2017-04-17,32.68972853645613,32.7821528444351,32.54878455171169,32.770599365234375,66328400
2017-04-18,32.67354225474382,32.81910474726567,32.60422493535825,32.62501907348633,58790000
2017-04-19,32.782156052642144,32.80988158493575,32.45174484842545,32.504886627197266,69313600
2017-04-20,32.62964547182509,33.022438965982026,32.61578271124467,32.91153335571289,93278400
2017-04-21,32.91153623295304,32.96698728012244,32.77521437449348,32.872257232666016,69283600
2017-04-24,33.156449382600115,33.260423605852495,33.08250996345363,33.18879699707031,68537200
2017-04-25,33.251194061188805,33.47993672371542,33.24194986789126,33.394447326660156,75486000
2017-04-26,33.38057959462292,33.41061792992952,33.12873001195959,33.19804382324219,80164800
2017-04-27,33.25350330556007,33.30895788839654,33.112559325774114,33.22346496582031,56985200
2017-04-28,33.29276599678145,33.34128917368637,33.103302434789605,33.19110107421875,83441600
2017-05-01,33.526142001595545,34.01135625590871,33.49379438464133,33.86810302734375,134411600
2017-05-02,34.0899086741621,34.216989836275026,33.928170615848046,34.082977294921875,181408800
2017-05-03,33.63935221272565,34.078359553815964,33.33436094186979,33.97900390625,182788000
2017-05-04,33.854242838931896,33.99749607838162,33.690191931153905,33.85655212402344,93487600
2017-05-05,33.90969733385166,34.42264072641439,33.90969733385166,34.41802215576172,109310800
2017-05-08,34.434186938092864,35.51321526304212,34.434186938092864,35.35378646850586,195009600
2017-05-09,35.55250166092058,35.78586992640068,35.455458793091545,35.580230712890625,156521600
2017-05-10,35.49703768428148,35.56866428500854,35.145832534083304,35.41154479980469,103222800
2017-05-11,35.36979782390908,35.74565509263949,35.337316681196974,35.717811584472656,109020400
2017-05-12,35.89181032003133,36.29086629146974,35.884850329613776,36.21662521362305,130108000
2017-05-15,36.19574352326371,36.34422922660591,35.97301673833962,36.12382125854492,104038800
2017-05-16,36.179509678419514,36.20734964530216,35.896458214516294,36.070465087890625,80194000
2017-05-17,35.63659927380828,35.86164838463973,34.73408401394015,34.85936737060547,203070800
2017-05-18,35.09602551609839,35.57628262123861,35.063544376331315,35.39067459106445,134272800
2017-05-19,35.585547539773636,35.724750839087385,35.41154076049871,35.51130294799805,107843200
2017-05-22,35.7294077451704,35.863973471889224,35.47651863090263,35.727088928222656,91865600
2017-05-23,35.93821037343643,35.93821037343643,35.56931673150193,35.68300247192383,79675600
2017-05-24,35.69228707716587,35.76885052211112,35.42083679427562,35.5762825012207,76712000
2017-05-25,35.666760503466904,35.81060856307925,35.504354829883454,35.699241638183594,76942400
2017-05-26,35.72940706676329,35.78509053405886,35.569320195944684,35.63892364501953,87710400
2017-05-30,35.59483357440635,35.82916147696767,35.573953606294275,35.652835845947266,80507600
2017-05-31,35.722451704755954,35.76885283009231,35.35355797909039,35.44171905517578,97804800
2017-06-01,35.53685049387354,35.573972817349585,35.31644245102639,35.53916931152344,65616400
2017-06-02,35.631962843537316,36.065818786621094,35.471875976360536,36.065818786621094,111082800
2017-06-05,35.80829753012786,35.83381868263159,35.604131850277305,35.713172912597656,101326800
2017-06-06,35.706203171247324,36.149341452740536,35.6783632089096,35.83380889892578,106499600
2017-06-07,35.96606301262677,36.18878983634843,35.84077607662668,36.047264099121094,84278400
2017-06-08,36.019423740514945,36.08670484231927,35.82221452940671,35.959102630615234,85003200
2017-06-09,36.00550242241281,36.00550242241281,33.87797883138676,34.56472396850586,259530800
2017-06-12,33.81301798022594,33.89421906626686,33.06362580621396,33.738773345947266,289229200
2017-06-13,34.142462655827934,34.2097437423721,33.676122062916065,34.010215759277344,136661600
2017-06-14,34.221356015522005,34.221356015522005,33.372201518307364,33.6784553527832,126124800
2017-06-15,33.25154743721436,33.52067531502955,32.994017182789065,33.476593017578125,128661600
2017-06-16,33.358274735777414,33.525321604147315,32.99169986019783,33.00794219970703,201444400
2017-06-19,33.330430553899184,34.04501905813801,33.330430553899184,33.952213287353516,130165600
2017-06-20,34.075183409476445,34.075183409476445,33.627407440302356,33.643646240234375,99600400
2017-06-21,33.761980512442065,33.88958628326422,33.550851286189,33.84318161010742,85063200
2017-06-22,33.81997198142515,34.03573877374179,33.66916392232728,33.78749084472656,76425200
2017-06-23,33.671488172430905,34.14246645112893,33.66684699830492,33.938297271728516,141757600
2017-06-26,34.144775991864364,34.40230621312439,33.72948129496707,33.831565856933594,102769600
2017-06-27,33.64365116570499,33.91046385671273,33.321158535145855,33.3466796875,99047600
2017-06-28,33.52300142879953,33.89885509731291,33.21442885223566,33.833892822265625,88329600
2017-06-29,33.5740403930402,33.67148379594912,33.01025640599368,33.33506774902344,125997600
2017-06-30,33.51372556665097,33.63205251495539,33.35827983983494,33.413963317871094,92096400
2017-07-03,33.613485823453566,33.710929238845075,33.200509831479685,33.293312072753906,57111200
2017-07-05,33.337392618356084,33.592600538490956,33.11234347794667,33.43019485473633,86278400
2017-07-06,33.181946800684734,33.29331019195842,33.040421089620494,33.114662170410156,96515200
2017-07-07,33.154101307185634,33.58331958846352,33.154101307185634,33.451072692871094,76806800
2017-07-10,33.434838750141466,33.861734736524554,33.26315070466669,33.65524673461914,84362400
2017-07-11,33.578693217130656,33.83854594928799,33.497492114727514,33.76430130004883,79127200
2017-07-12,33.84316231217853,33.91508455830899,33.59955561791149,33.81300354003906,99538000
2017-07-13,33.75732349829698,34.45103197042361,33.743403518952945,34.28398513793945,100797600
2017-07-14,34.33040341206484,34.6459360822605,34.18191765786568,34.578651428222656,80528400
2017-07-17,34.527606707527475,35.01018267036603,34.46960441447506,34.69929122924805,95174000
2017-07-18,34.61576186081721,34.83153219493407,34.49279730380701,34.81993103027344,71475200
2017-07-19,34.91273797141296,35.13082715177635,34.78977339783427,35.03802490234375,83692000
2017-07-20,35.149384286938314,35.205067754332376,34.845452883625036,34.880252838134766,68974800
2017-07-21,34.79904758976671,34.90345098095028,34.54151733675225,34.864009857177734,105010400
2017-07-24,34.93594138266693,35.36747858219408,34.77817330554504,35.28627395629883,85972800
2017-07-25,35.21898362396672,35.69228065092934,35.21898362396672,35.43707275390625,75415600
2017-07-26,35.57860864023195,35.71317084727418,35.51132399653175,35.604129791259766,63124000
2017-07-27,35.671399271315785,35.727082730008235,34.17494127821325,34.93128967285156,129905200
2017-07-28,34.7758510102324,34.85473327081453,34.61344531486372,34.685367584228516,68854800
2017-07-31,34.778167945206754,34.877933714220624,34.36751432489266,34.506717681884766,79383600
2017-08-01,34.59255746097682,34.852406514372724,34.432470619089045,34.812965393066406,141474400
2017-08-02,36.95442341298408,37.063468015241696,36.23055587474565,36.457923889160156,279747200
2017-08-03,36.437046338060945,36.47416866048852,35.9660679353221,36.09367370605469,108389200
2017-08-04,36.2096753747282,36.51824447689042,36.121510751150865,36.28391647338867,82239600
2017-08-07,36.4393590208106,36.870896210885,36.348875587739144,36.845375061035156,87481200
2017-08-08,36.796657312557436,37.54604597165815,36.72009385844312,37.14002990722656,144823600
2017-08-09,36.949772539516886,37.41611315363051,36.91497258630468,37.36738967895508,104526000
2017-08-10,37.243945192944345,37.267238638725885,36.01645807921951,36.17717361450195,163217200
2017-08-11,36.47530758815783,36.93416070229305,36.351860156850435,36.680274963378906,105028400
2017-08-14,37.10884856633273,37.31614740550101,36.97608234424056,37.232295989990234,88490800
2017-08-15,37.42096985308881,37.77966548996639,37.299850322653825,37.639915466308594,117862000
2017-08-16,37.71910627608485,37.851868971949614,37.302177033630144,37.4885139465332,110686400
2017-08-17,37.38835604433153,37.43261145636436,36.76412798432432,36.7687873840332,111762400
2017-08-18,36.768795595916046,37.150784713502915,36.5032666184969,36.68494415283203,109712400
2017-08-21,36.684934979566464,36.77577372401931,36.12825579092864,36.61738967895508,105474000
2017-08-22,36.85497248223008,37.26724234582348,36.806061216936655,37.215999603271484,86418400
2017-08-23,37.050629936636696,37.37671690076482,37.00637451563045,37.2625846862793,77596400
2017-08-24,37.36740240950668,37.43961068868213,36.92951465775347,37.09721755981445,79275600
2017-08-25,37.185704340312455,37.39766255153382,37.09719709100755,37.234619140625,101920400
2017-08-28,37.29984624604826,37.73307802479244,37.25093143296134,37.6096305847168,103864000
2017-08-29,37.290540021937794,37.99395674203041,37.26724657119816,37.945045471191406,118067600
2017-08-30,38.15233689812367,38.17329886722519,37.875161237511655,38.047523498535156,109078400
2017-08-31,38.11506215835603,38.32003307581607,38.07779407262144,38.19891357421875,107140400
2017-09-01,38.385253828589875,38.417862517958746,38.11273759156137,38.21056365966797,66364400
2017-09-05,38.14068917207796,38.257149291687355,37.39767304031707,37.751712799072266,117874000
2017-09-06,37.89845697450694,37.96367436281888,37.38836103771766,37.712120056152344,86606800
2017-09-07,37.754050440577984,37.78899061790352,37.3510993181451,37.560726165771484,87714000
2017-09-08,37.46755807275102,37.53510339320149,36.924853369385254,36.94814682006836,114446000
2017-09-11,37.38369128578587,37.744718298738775,37.24160982471719,37.61661148071289,126323200
2017-09-12,37.87515877319203,38.18960250557941,36.98074594224573,37.46754837036133,286856000
2017-09-13,37.23696509847619,37.25793062538174,36.78044332681693,37.18572235107422,179629600
2017-09-14,37.03199022957224,37.127484826851486,36.822359881166186,36.866615295410156,95042800
2017-09-15,36.91086238345394,37.493162851983115,36.80138961104405,37.239280700683594,196458400
2017-09-18,37.292864250657885,37.38370301301224,36.801402343027625,36.95745849609375,113077600
2017-09-19,37.15309774962307,37.213659272855445,36.90387499764983,36.97142028808594,83242400
2017-09-20,36.77809319791226,36.861944600765995,35.83010995989348,36.35185241699219,211805600
2017-09-21,36.28896142105042,36.28896142105042,35.578554226497566,35.727622985839844,150046800
2017-09-22,35.296734239749,35.46676858657564,35.06847338265814,35.378257751464844,186581600
2017-09-25,34.93569686789998,35.364269119012555,34.74237270423862,35.066131591796875,177549200
2017-09-26,35.35263898998724,35.8510882354049,35.33167701825542,35.669410705566406,146640000
2017-09-27,35.82312863998077,36.03741480448484,35.76256711139289,35.923282623291016,102016800
2017-09-28,35.844104074679976,35.93494284761561,35.56692835482772,35.702022552490234,88022000
2017-09-29,35.685708417667065,35.89999459326319,35.40387338808492,35.89766311645508,105199200
2017-10-02,35.93027956667778,35.97453498662579,35.571583914714,35.82546615600586,74795200
2017-10-03,35.872044994281765,36.123599280752316,35.84875510265796,35.98151779174805,64921200
2017-10-04,35.78354017706002,35.837110840962715,35.51102390318841,35.748600006103516,80655200
2017-10-05,35.91164634833667,36.20512816989654,35.881369129315786,36.1934814453125,85135200
2017-10-06,36.09564795285132,36.21676746633701,36.00014980656297,36.17251205444336,69630400
2017-10-09,36.29130292963798,36.50558912928541,36.21677029910365,36.29829025268555,65051600
2017-10-10,36.34952776101765,36.80139354150929,36.12592634750615,36.312259674072266,62468000
2017-10-11,36.32856703960228,36.563815182604465,36.277324306816766,36.463661193847656,67622400
2017-10-12,36.41707953274286,36.65465560938733,36.27266657277076,36.33555603027344,64500400
2017-10-13,36.50559293514657,36.63369979450911,36.431060296841906,36.56615447998047,65576800
2017-10-16,36.77809617067088,37.26722998586739,36.71986612381796,37.239280700683594,96486000
2017-10-17,37.21599345963665,37.469875653227085,37.08788662440458,37.376708984375,75989200
2017-10-18,37.36505094012055,37.432599775538584,37.17405826062302,37.21132278442383,65496800
2017-10-19,36.510236365477255,36.58710044747309,36.107285469632174,36.33088684082031,170336800
2017-10-20,36.477638812329246,36.74316774291992,36.32624207844399,36.3937873840332,95896400
2017-10-23,36.5428439441693,36.72918078392311,36.219085062302895,36.37514114379883,87937200
2017-10-24,36.40309800217904,36.66629897638764,36.38213603628996,36.591766357421875,71028800
2017-10-25,36.54752092763744,36.696589760350115,36.16553182168114,36.431060791015625,84828400
2017-10-26,36.62206632353845,36.76181995779761,36.51725287488535,36.66399383544922,68002000
2017-10-27,37.10185976956351,38.1057488893798,36.96443769463346,37.97764205932617,177816800
2017-10-30,38.17329386171482,39.14690220770844,38.13369785168815,38.83245849609375,178803200
2017-10-31,39.1073194936238,39.514930045152674,38.8837179813567,39.37284851074219,144187200
2017-11-01,39.56615630845578,39.58246242968022,38.57391745889112,38.87205505371094,134551200
2017-11-02,38.804518780172856,39.24706587583461,38.49706231483044,39.156227111816406,165573600
2017-11-03,40.52811796768852,40.588675944952875,39.85730660195206,40.17873764038086,237594400
2017-11-06,40.14846209750659,40.75871556536482,39.997065357610694,40.58635330200195,140105200
2017-11-07,40.50716623260138,40.81927855085233,40.43496151537272,40.716793060302734,97446000
2017-11-08,40.681847524405,41.049861907958984,40.6049834233386,41.049861907958984,97638000
2017-11-09,40.78666147574387,41.01725378211168,40.327808339911776,40.96601104736328,117930400
2017-11-10,40.933294438348895,40.99640999054884,40.73693890579127,40.830440521240234,100582000
2017-11-13,40.55693131387321,40.7906888430598,40.53355413421182,40.66679763793945,67928400
2017-11-14,40.44940047554934,40.552254357040376,40.0146113372461,40.0520133972168,99130000
2017-11-15,39.7317676613305,39.81358422357712,39.36009404465854,39.52372360229492,116632400
2017-11-16,40.014615739111214,40.17590901947847,39.80891152035712,39.99591827392578,94550000
2017-11-17,39.981897418561154,40.06371400342983,39.654638212802126,39.77385330200195,87598000
2017-11-20,39.80657224212664,39.869687780332924,39.635930226680074,39.734107971191406,65049600
2017-11-21,39.921110410671325,40.60368196550586,39.921110410671325,40.4727783203125,100525200
2017-11-22,40.52421413758926,40.907576425416,40.4517498586186,40.89822769165039,102355600
2017-11-24,40.930948094323455,41.0244496868098,40.82575434420491,40.90055847167969,56106800
2017-11-27,40.91926357421964,40.92627601601087,40.51953655783263,40.694854736328125,82867200
2017-11-28,40.7439455280813,40.877185489404816,40.173576481492574,40.456424713134766,105715200
2017-11-29,40.35357178635738,40.42135991448416,39.07491755078027,39.61723327636719,166665600
2017-11-30,39.83929907290369,40.2390260682573,39.37412381322835,40.17123794555664,166108800
2017-12-01,39.7270915170193,40.129154754037586,39.38814381183188,39.98422622680664,159037200
2017-12-04,40.31849649404904,40.35122240453448,39.652289694840306,39.6920280456543,130169600
2017-12-05,39.519056556395874,40.094101782104794,39.36477569500352,39.65463638305664,109400800
2017-12-06,39.15438596756534,39.785530580238316,38.911279707691186,39.50735855102539,114240000
2017-12-07,39.51203848258087,39.84163748488926,39.48398871791025,39.579830169677734,102693200
2017-12-08,39.853329305384676,39.972544381752805,39.4629545923694,39.59151840209961,93420800
2017-12-11,39.55177233107214,40.414338164972506,39.45593089022615,40.362911224365234,141095200
2017-12-12,40.24134814052383,40.29745121893498,40.08005847794683,40.13615798950195,77636800
2017-12-13,40.323172410848755,40.566278663503006,40.2062936502376,40.2694091796875,95273600
2017-12-14,40.29979940805167,40.470444984363944,40.12448124896759,40.25772476196289,81906000
2017-12-15,40.58732093406165,40.7135484304054,40.31382505293616,40.66679763793945,160677200
2017-12-18,40.87951693560756,41.42183253648349,40.87484078640801,41.239501953125,117684400
2017-12-19,40.91459515849426,40.9987480427545,40.6948624292115,40.800052642822266,109745600
2017-12-20,40.877185677769134,41.005753056380755,40.49849955063809,40.75563430786133,93902400
2017-12-21,40.713541415944555,41.14599419717599,40.697180246485885,40.90989685058594,83799600
2017-12-22,40.83275645122192,41.00573827708574,40.790681815308574,40.90989685058594,65397600
2017-12-26,39.92578777056952,40.08240489130736,39.66397690538748,39.87202453613281,132742000
2017-12-27,39.76216479201962,39.921118230359454,39.67099948077001,39.87904357910156,85992800
2017-12-28,39.97254042334844,40.17123576447634,39.850985500534065,39.991241455078125,65920800
2017-12-29,39.860341373505804,39.87670254845045,39.556455822653554,39.55879211425781,103999600
2018-01-02,39.77617832995853,40.27641925330551,39.56579443310673,40.267066955566406,102223600
2018-01-03,40.33019497342311,40.80238628352514,40.19695500765061,40.260066986083984,118071600
2018-01-04,40.33252478094121,40.5499211500562,40.224998308918046,40.44706726074219,89738400
2018-01-05,40.54289734804072,40.99404756618664,40.451732074760365,40.90755844116211,94640000
2018-01-08,40.75563430786133,41.05016756597909,40.65745298829791,40.75563430786133,82271200
2018-01-09,40.80238443961448,40.921599515903196,40.53590095325459,40.75095748901367,86336000
2018-01-10,40.47746781204214,40.74395133955629,40.44006573912767,40.74161148071289,95839600
2018-01-11,40.8117367825329,41.02212075365002,40.788363163647276,40.97303009033203,74670800
2018-01-12,41.18340555601736,41.45924133390934,41.05951433352114,41.39612579345703,101672400
2018-01-16,41.5854802262497,41.93378037295478,41.17406808868144,41.18575668334961,118263600
2018-01-17,41.176398125146065,41.901048082180715,40.923943066330935,41.86598587036133,137547200
2018-01-18,41.92907955526688,42.099725089944926,41.66727230963817,41.90336608886719,124773600
2018-01-19,41.75142801313444,41.97817307780297,41.4709197211614,41.716365814208984,129700400
2018-01-22,41.44521571876117,41.5574183478053,41.28158614164321,41.37508773803711,108434400
2018-01-23,41.44522063076343,41.9454617211586,41.33301798842127,41.38444137573242,130756400
2018-01-24,41.43351997804808,41.44520856729474,40.48680131877495,40.72523498535156,204420400
2018-01-25,40.79303486002607,40.89588876808735,39.86268067077133,39.998260498046875,166116000
2018-01-26,40.206297393461384,40.206297393461384,39.75280718937289,40.09175491333008,156572000
2018-01-29,39.7761868421077,39.7761868421077,39.05387684544463,39.26192092895508,202561600
2018-01-30,38.693894624711604,39.124007745796824,38.499875391787135,39.0305061340332,184192800
2018-01-31,39.00711592226718,39.37411693794769,38.92062678192371,39.13801956176758,129915600
2018-02-01,39.077256358536815,39.416204154709504,38.9814148894474,39.2198486328125,188923200
2018-02-02,38.8037598511883,38.990766636131845,37.42459150008796,37.51809310913086,346375200
2018-02-05,37.19082244248908,38.30818309023463,36.466172711856956,36.58071517944336,290954000
2018-02-06,36.19267480505928,38.270778874823534,35.998655648541124,38.1094856262207,272975200
2018-02-07,38.12352220639921,38.195986484247946,37.18381931919892,37.29368209838867,206434400
2018-02-08,37.468984608667135,37.63495398759431,36.23942155748844,36.26747131347656,217562000
2018-02-09,36.866003792290925,37.05846466441262,35.26292961094662,36.71109390258789,282690400
2018-02-12,37.20163266035302,38.46672273816519,36.96926786105699,38.18976593017578,243278000
2018-02-13,38.01138368785197,38.66857413140311,37.94096978650724,38.57234191894531,130196800
2018-02-14,38.2672073520852,39.32340485070856,38.229656385108385,39.283504486083984,162579600
2018-02-15,39.851504367782084,40.62604993130771,39.66608460137815,40.60258102416992,204588800
2018-02-16,40.45472919022899,41.03211898521176,40.316250761428385,40.47115707397461,160704400
2018-02-20,40.38196338095014,40.900671851907454,40.234094542494496,40.33502197265625,135722000
2018-02-21,40.56502871075081,40.867803773727466,40.13785374935215,40.151939392089844,149886400
2018-02-22,40.323294036203414,40.82792054682032,40.3021709353275,40.48759078979492,123967600
2018-02-23,40.76219058627438,41.226916584183606,40.73167706139258,41.19171142578125,135249600
2018-02-26,41.39122004619365,42.10473876856565,41.358360702033096,42.006160736083984,152648800
2018-02-27,42.03667940368092,42.360577669613704,41.816050816738084,41.870033264160156,155712400
2018-02-28,42.07422201715211,42.39342858513631,41.790224188970356,41.8066520690918,151128400
2018-03-01,41.90521837352542,42.19626073338557,40.525122829140166,41.074344635009766,195208000
2018-03-02,40.55798498711084,41.379471937040876,40.47583485955829,41.35834884643555,153816000
2018-03-05,41.12364170727491,41.71745917963857,40.96169083637588,41.50152587890625,113605600
2018-03-06,41.757370145425206,41.83717090219632,41.339585499505745,41.46632766723633,95154000
2018-03-07,41.06027110203652,41.27385859802717,40.90301543683224,41.08139419555664,126814000
2018-03-08,41.187014556102035,41.57193979190114,41.09078593320187,41.529693603515625,95096400
2018-03-09,41.76910458230956,42.2479126835741,41.63531780640628,42.24321746826172,128740800
2018-03-12,42.31597330142616,42.80886700334209,42.29719960470139,42.651611328125,128828400
2018-03-13,42.855815990569,43.06940353794993,42.069537475364825,42.240875244140625,126774000
2018-03-14,42.323028278121285,42.369969694227,41.73390222458302,41.881771087646484,117473600
2018-03-15,41.8958556222127,42.304253487330115,41.79493175071051,41.931060791015625,90975200
2018-03-16,41.93105312956666,42.04136741352731,41.689301464223135,41.78318786621094,157618800
2018-03-19,41.61888030428851,41.654085457493494,40.75983875209598,41.1447639465332,133787200
2018-03-20,41.13069152832031,41.49683953309172,41.06027762400275,41.13069152832031,78597600
2018-03-21,41.083754981689786,41.095491231721496,40.196548916582934,40.19889831542969,148219600
2018-03-22,39.90080183419946,40.52982452051389,39.57220842812468,39.63088607788086,165963200
2018-03-23,39.522912207842715,39.882019088604274,38.71316146850586,38.71316146850586,164115200
2018-03-26,39.4478137655839,40.62840784209897,39.06523432694473,40.55095291137695,150164800
2018-03-27,40.76453853670361,41.10956343270425,39.17789604359712,39.51118469238281,163690400
2018-03-28,39.25534362385068,39.90549291864882,38.77184041292756,39.074615478515625,166674000
2018-03-29,39.386786515119255,40.31154688271614,39.173199002522075,39.37974548339844,153594000
2018-04-02,39.11218373669499,39.65201896404017,38.60286204080597,39.1215705871582,150347200
2018-04-03,39.346874353996455,39.60740319381616,38.699074559952194,39.52290725708008,121112000
2018-04-04,38.69908151081114,40.37256550802131,38.67326320379897,40.278682708740234,138422000
2018-04-05,40.50635822090288,40.89362930170126,40.38900291382461,40.5579948425293,107732800
2018-04-06,40.128480014153794,40.48289180544125,39.47833051252819,39.52058029174805,140021200
2018-04-09,39.872643872253846,40.62606300601005,39.8656028397066,39.91254425048828,116070800
2018-04-10,40.60493471440127,40.839645319686824,40.259909838119526,40.663612365722656,113634400
2018-04-11,40.42420468274402,40.820866160421915,40.29980835418697,40.47349548339844,89726400
2018-04-12,40.70116364800726,41.074352620855194,40.61431829568591,40.872501373291016,91557200
2018-04-13,41.02271494402695,41.27150758615567,40.80443582338923,41.01097869873047,100497200
2018-04-16,41.08140701517665,41.35367224350645,41.03446559890611,41.26683044433594,86313600
2018-04-17,41.42407245506441,41.99911267229984,41.40529517848783,41.834815979003906,106421600
2018-04-18,41.73389143307444,41.970951432420364,41.515612292995044,41.74093246459961,83018000
2018-04-19,40.78331502653571,41.16589447365878,40.525135499803376,40.5579948425293,139235200
2018-04-20,40.04162123421735,40.18714062906674,38.828164539945334,38.89623260498047,261964400
2018-04-23,39.15676207117359,39.17788516145341,38.51365386526357,38.783573150634766,146062000
2018-04-24,38.88450280085499,39.039412648935595,37.84004139740122,38.243743896484375,134768000
2018-04-25,38.16863731070807,38.82582771877816,38.11935008940759,38.4103889465332,113528400
2018-04-26,38.52069788990382,38.898582053680634,38.34466496108976,38.54417037963867,111852000
2018-04-27,38.49254827406108,38.57000322169767,37.70157449520931,38.098236083984375,142623200
2018-04-30,38.053638592508214,39.25770178412414,37.98557049884984,38.78828048706055,169709600
2018-05-01,39.05819917447311,39.71304029620329,38.79062918324785,39.689571380615234,214277600
2018-05-02,41.128325739745286,41.71979728634326,40.79269139625978,41.442840576171875,266157600
2018-05-03,41.28090316830111,41.66113320985868,40.94291931740563,41.51795959472656,136272800
2018-05-04,41.83716129232139,43.24542478603207,41.81838401597067,43.146846771240234,224805200
2018-05-07,43.46371797122614,44.048148799513136,43.362794107261145,43.45902633666992,169805600
2018-05-08,43.41911505261652,43.70780808695571,43.10929534247727,43.66790771484375,113611200
2018-05-09,43.78526872136192,43.98477060792433,43.47310315384662,43.97538375854492,92844800
2018-05-10,44.064576659526814,44.681863204805836,44.04344998015062,44.604408264160156,111957200
2018-05-11,44.646817320397844,44.78111639096404,44.16615931102086,44.43476104736328,104848800
2018-05-14,44.53371481746541,44.656235967916004,44.262758245240285,44.331085205078125,83115200
2018-05-15,44.0083044363058,44.076635009265765,43.61247174752895,43.92819595336914,94780800
2018-05-16,43.84100824044488,44.40412953249525,43.82451341829647,44.33815383911133,76732400
2018-05-17,44.29575178319089,44.51016293392808,43.90934217740125,44.05778121948242,69176000
2018-05-18,44.104906917053825,44.250987512042556,43.85515483070127,43.89756393432617,73190800
2018-05-21,44.295752863411764,44.59498581760541,44.03893260593715,44.20857620239258,73603200
2018-05-22,44.385286984121706,44.50309483483212,44.008300423764275,44.097835540771484,60962800
2018-05-23,43.90698701129441,44.41355932680517,43.76797101632021,44.38057327270508,80233600
2018-05-24,44.47716935972642,44.493660586497064,43.87399384244604,44.331085205078125,92936000
2018-05-25,44.34994044932966,44.6845142986647,44.21328291731223,44.43240737915039,69844000
2018-05-29,44.20151206637124,44.47246871582709,44.02950999616362,44.272193908691406,90056400
2018-05-30,44.229779925474894,44.295752034505206,44.00830059006872,44.17794418334961,74762000
2018-05-31,44.111981263816865,44.349951878449986,43.85751582088478,44.02951431274414,109931200
2018-06-01,44.293400548573096,44.82824564504332,44.23685148143154,44.82353591918945,93770000
2018-06-04,45.153383085968876,45.57277865594449,45.085056129264544,45.198150634765625,105064800
2018-06-05,45.49032190729074,45.69530640222667,45.32303318949462,45.54686737060547,86264000
2018-06-06,45.622267652366574,45.72829399486384,45.219363236624766,45.70473098754883,83734400
2018-06-07,45.742419819523526,45.756556182570655,45.31831095206301,45.58220291137695,85388800
2018-06-08,45.04265021927023,45.23821166989341,44.71278969726127,45.16752624511719,106627200
2018-06-11,45.08506190990398,45.231142481373176,44.81646017789385,45.056785583496094,73234000
2018-06-12,45.09449373664577,45.38194521050095,45.03794466802796,45.30419158935547,67644400
2018-06-13,45.33716304565847,45.445547826799476,44.87064506424611,44.93190383911133,86553600
2018-06-14,45.132190452604284,45.13690377351365,44.818821123524955,44.95547866821289,86440400
2018-06-15,44.7740470200036,44.8046782086226,44.357006263123864,44.4936637878418,246876800
2018-06-18,44.26748598323643,44.583210209144134,44.10726541196885,44.470115661621094,73939600
2018-06-19,43.62189074792149,43.902274007400344,43.22369963791943,43.75148010253906,134314000
2018-06-20,43.90698086547268,44.10725202475832,43.76089670758285,43.94232177734375,82514800
2018-06-21,44.119035175144084,44.37821385591246,43.57476354074038,43.69728469848633,102847600
2018-06-22,43.85279121043432,43.859859393539764,43.51821736100589,43.57005310058594,108801600
2018-06-25,43.21192165517229,43.570058556606334,42.5828281135387,42.922115325927734,126652400
2018-06-26,43.11532148892775,43.94939954793936,43.00929153976301,43.45460510253906,98276800
2018-06-27,43.64308281062371,44.126095578607035,43.36034476930958,43.39097595214844,101141200
2018-06-28,43.37684649918818,43.87399570915046,43.306161078797324,43.70670700073242,69460800
2018-06-29,43.89284334908779,44.10489961774891,43.09646479717635,43.61481857299805,90950800
2018-07-02,43.310870122267346,44.130811570292906,43.216621705982554,44.102535247802734,70925200
2018-07-03,44.24626212598361,44.28396149351073,43.24489559550557,43.33443069458008,55819200
2018-07-05,43.65015756585503,43.92111774246245,43.41925521678168,43.683143615722656,66416800
2018-07-06,43.6878565456575,44.39705840908352,43.636020811298415,44.28867721557617,69940800
2018-07-09,44.649171565377365,44.92719634335544,44.6020491482026,44.90363693237305,79026400
2018-07-10,44.93425948632133,45.06855852922152,44.80937989175197,44.84943771362305,63756400
2018-07-11,44.41355569937035,44.715143482285086,44.203857887887295,44.26747512817383,75326000
2018-07-12,44.65624289633007,45.09920155846209,44.60440715522057,45.009666442871094,72164400
2018-07-13,45.021441238162346,45.20050784745144,44.97902854938801,45.080345153808594,50055600
2018-07-16,45.125113793493355,45.39135705389442,44.8659351203138,44.981388092041016,60172400
2018-07-17,44.70808510901566,45.207589309963836,44.578495737483614,45.1086311340332,62138000
2018-07-18,45.1863682402803,45.191081559852485,44.75047785769445,44.8612174987793,65573600
2018-07-19,44.693942903525354,45.36780395227822,44.693942903525354,45.20994186401367,81147200
2018-07-20,45.18637448948724,45.33952324227363,44.80703310367688,45.106266021728516,82704800
2018-07-23,44.92720728084659,45.2287987336492,44.66331880425651,45.146331787109375,63957600
2018-07-24,45.344241819647266,45.629338405290476,45.24999697549978,45.47383117675781,74791600
2018-07-25,45.487955463759825,45.909709478060186,45.339516458198204,45.90264129638672,66839600
2018-07-26,45.853178878033745,46.17126156215479,45.617563140228775,45.758934020996094,76304000
2018-07-27,45.942700152902404,45.98982256720947,44.790539686327264,44.99787902832031,96096000
2018-07-30,45.21465776770341,45.28534320671292,44.547868406463465,44.745784759521484,84118000
2018-07-31,44.837666532786,45.27119853960078,44.61147388845953,44.83530807495117,157492000
2018-08-01,46.918146914157724,47.53781364713079,46.489324692851646,47.47655487060547,271742800
2018-08-02,47.25978457536614,49.09758725034946,47.205593985888,48.86432647705078,249616000
2018-08-03,48.7795027601794,49.18240706250677,48.41429782085991,49.00569534301758,133789600
2018-08-06,49.0080670799903,49.30258671388447,48.788946198074015,49.26017761230469,101701600
2018-08-07,49.319074957057836,49.36148405297779,48.715895807364944,48.798362731933594,102349600
2018-08-08,48.548598951702225,48.96328114633492,48.18810734271147,48.831336975097656,90102000
2018-08-09,49.368545611656835,49.4274495226711,48.819560729578775,49.215396881103516,93970400
2018-08-10,49.0286148009558,49.44002519266483,48.86546923859156,49.068809509277344,98444800
2018-08-13,49.489689538447394,49.87745439241345,49.10901765801939,49.38565444946289,103563600
2018-08-14,49.690657765657285,49.785233134291715,49.24141574509612,49.59371566772461,82992000
2018-08-15,49.46839996655359,49.82779284898479,49.25796671198787,49.709571838378906,115230400
2018-08-16,50.066600893302926,50.55367090797726,50.00039741215219,50.43781661987305,114001600
2018-08-17,50.466198289442694,51.5325507747448,50.399994795462334,51.445068359375,141708000
2018-08-20,51.56800870100237,51.823362921071144,50.861045725428916,50.94380187988281,121150800
2018-08-21,51.260634158592694,51.3528464083779,50.60568870827155,50.8444938659668,104639200
2018-08-22,50.622235974791955,51.15659362058982,50.5607587429564,50.84685516357422,76072400
2018-08-23,50.75227555879988,51.31973854252035,50.74045634465841,50.950889587402344,75532800
2018-08-24,51.21334139829706,51.28427111585805,50.861041500529375,51.10930633544922,73905600
2018-08-27,51.343386840644364,51.719332421045124,51.149506246562076,51.53017807006836,82100400
2018-08-28,51.78317778502412,52.144933872811826,51.76189886405302,51.94632339477539,91107200
2018-08-29,52.05271609675412,52.84243528922243,51.87775128797741,52.72184753417969,109019200
2018-08-30,52.78568406644188,53.9702573574271,52.58470689450583,53.20655059814453,195175200
2018-08-31,53.55647918343615,54.11448247965439,53.43589505535609,53.82129669189453,173360400
2018-09-04,54.005719306205876,54.18777705269031,53.584852825321335,53.993896484375,109560400
2018-09-05,54.14284956250599,54.30362837496612,53.22309041713026,53.6415901184082,133332000
2018-09-06,53.49027465750758,53.75509216076385,52.32461728550888,52.750213623046875,137160000
2018-09-07,52.4546669488255,53.28694031504542,52.185123173027854,52.324623107910156,150479200
2018-09-10,52.24186001307081,52.45465998116174,51.18260084633692,51.62238311767578,158066000
2018-09-11,51.54670845970067,53.033930352474705,51.20386835217454,52.92753219604492,142996000
2018-09-12,53.185262513230725,53.19944845556792,51.97940690511045,52.270233154296875,197114800
2018-09-13,52.84952340827975,53.99153884293053,52.6249042019705,53.532840728759766,166825600
2018-09-14,53.37677978449687,53.63450069033738,52.61307315923123,52.925174713134766,127997200
2018-09-17,52.525592202926,52.71474653653947,51.37175762273958,51.515987396240234,148780400
2018-09-18,51.49470294727404,52.454660523096074,51.3362872360447,51.601104736328125,126286800
2018-09-19,51.66257836751287,51.92739226002057,50.90596466904896,51.631839752197266,108495200
2018-09-20,52.073976907220775,52.556316902786484,51.81625243710464,52.024322509765625,106435200
2018-09-21,52.20166812140533,52.33880492393241,51.37648418489235,51.46397018432617,384986800
2018-09-24,51.26535388953533,52.315153292233006,51.22042933428429,52.20402526855469,110773600
2018-09-25,51.95814168996564,52.684020532017925,51.94631886562815,52.53506088256836,98217600
2018-09-26,52.25368342754412,52.903898945307674,51.96049404071963,52.116546630859375,95938800
2018-09-27,52.92045647589352,53.53993343518666,52.8542493888135,53.1876335144043,120724800
2018-09-28,53.14978977495271,53.39805456934215,52.96773205250956,53.374412536621094,91717600
2018-10-01,53.896967469406086,54.24453759019101,53.51866233378831,53.733821868896484,94403200
2018-10-02,53.73144499079402,54.38166049673322,53.58485210395696,54.211421966552734,99152800
2018-10-03,54.39348370673561,55.20211492695663,54.3296433555075,54.871097564697266,114619200
2018-10-04,54.56608563865395,54.937301318347934,53.60849479660541,53.90641403198242,128168000
2018-10-05,53.89931955853073,54.00571773627825,52.15437645532441,53.03157424926758,134322000
2018-10-08,52.53978898349141,53.15217302088543,52.0645381588214,52.90863800048828,118655600
2018-10-09,52.87788354358608,53.73616907381262,52.54922934016951,53.6415901184082,107564000
2018-10-10,53.308221027600226,53.5186542874467,51.0833006862872,51.15659713745117,167962400
2018-10-11,50.72153542820455,51.89901549857534,50.201363784862224,50.70498275756836,212497600
2018-10-12,52.116541014929965,52.69818987558369,51.270078290079205,52.51612854003906,161351600
2018-10-15,52.29151625611603,52.44993197126722,51.37175697346174,51.393035888671875,123164000
2018-10-16,51.76424921811775,52.72420684082225,51.25117047250022,52.52559280395508,116736000
2018-10-17,52.56105763845365,52.64144705306185,51.86118772679396,52.298606872558594,91541600
2018-10-18,51.51125096413181,51.95576305015513,50.362142773439196,51.07619857788086,130325200
2018-10-19,51.55853157432818,52.31514510060948,51.409571989781995,51.85408401489258,132314800
2018-10-22,51.9675848788607,52.811684539021144,51.76661134631194,52.17092514038086,115168400
2018-10-23,51.03127894622945,52.785678210129554,50.76409832307149,52.66272735595703,155071200
2018-10-24,52.63199757568536,53.017395633132395,50.72627177410019,50.85631561279297,163702000
2018-10-25,51.47578872209439,52.3435304176031,51.248802817676285,51.96995162963867,119423200
2018-10-26,51.04781988153455,52.06215795324573,50.28411332859877,51.142398834228516,189033600
2018-10-29,51.825720452520564,51.94394144771941,48.72832893518345,50.18244934082031,183742000
2018-10-30,49.924714978040946,50.87757572269664,49.48020657712165,50.433067321777344,146640000
2018-10-31,51.27954933650239,52.123645519315744,51.21807209884028,51.747703552246094,153435600
2018-11-01,51.792627782293415,52.575250330223895,51.262996332298286,52.54214859008789,233292800
2018-11-02,49.546428313026276,50.51583847534508,48.572284692079506,49.05699157714844,365314800
2018-11-05,48.30509650170871,48.326375413709044,46.85570603182611,47.664337158203125,264654800
2018-11-06,47.74237888525882,48.40441735489596,47.6879982232851,48.1797981262207,127531600
2018-11-07,48.69995691663436,49.66700378881958,48.26490452137793,49.640995025634766,133697600
2018-11-08,49.82131798374514,49.85453521515348,49.054946674562586,49.46779251098633,101450400
2018-11-09,48.7702373142276,48.87937811740739,47.98725541404549,48.51398849487305,137463200
2018-11-12,47.21612935039931,47.41780773297329,45.97996678297015,46.07012939453125,204542000
2018-11-13,45.46748614938422,46.784315386331606,45.42477619758487,45.60984420776367,187531600
2018-11-14,46.00606949744506,46.14368479083384,44.11505123237931,44.321475982666016,243204000
2018-11-15,44.698732002376936,45.54814833515879,44.34520285307609,45.415279388427734,185915200
2018-11-16,45.19936284522291,46.259946609491415,44.95260676177665,45.91828155517578,147713200
2018-11-19,45.080738951970936,45.246825160870316,43.89203234926841,44.098453521728516,167701200
2018-11-20,42.32131328103685,43.056842423109295,41.642729521839435,41.991512298583984,271300800
2018-11-21,42.64398271363963,42.77210887845507,41.88947564237096,41.94404602050781,124496800
2018-11-23,41.507490510580666,41.90135460850539,40.83365308403461,40.87873077392578,94496000
2018-11-26,41.341405328689035,41.50986287918792,40.39708001756018,41.43156433105469,179994000
2018-11-27,40.6936511706504,41.46714370440458,40.54417546181573,41.341392517089844,165549600
2018-11-28,41.932199377386205,43.01413640794062,41.505118017849625,42.931095123291016,184250000
2018-11-29,43.339184428515075,43.37240165859395,42.16233869639406,42.60128402709961,167080000
2018-11-30,42.77686405200895,42.78635675904082,42.003374967632006,42.37113952636719,158126000
2018-12-03,43.76627212076378,43.8801592662894,42.99515437591232,43.851688385009766,163210000
2018-12-04,42.93346662237809,43.2751317110597,41.82305870457027,41.92271041870117,165377200
2018-12-06,40.75297606435523,41.46952337319293,40.435039173164846,41.45528793334961,172393600
2018-12-07,41.16345448474832,41.40072149253783,39.93203813505562,39.97711944580078,169126400
2018-12-10,39.149052745025465,40.356740836565265,38.75281731229737,40.240482330322266,248104000
2018-12-11,40.72924494445544,40.76008718565397,39.62358010379921,40.01032638549805,189126800
2018-12-12,40.43029324768022,40.79094008262468,40.10286726659763,40.121849060058594,142510800
2018-12-13,40.45165022819319,40.9451659993989,40.22861867943218,40.560791015625,127594400
2018-12-14,40.098116353709955,40.11709814501256,39.21548297037447,39.262935638427734,162814800
2018-12-17,39.25582820608512,39.943904744588174,38.61046161430654,38.89755630493164,177151600
2018-12-18,39.239220208007154,39.74934284350836,39.00432455915935,39.40293502807617,135366000
2018-12-19,39.38632372817106,39.730360169185076,37.74680781733559,38.17388916015625,196189200
2018-12-20,38.05763571529184,38.463363988754615,36.84757585802534,37.210594177246094,259092000
2018-12-21,37.21769609037985,37.52614386743345,35.50225695564013,35.763248443603516,382978400
2018-12-24,35.15110406579586,35.957814025738095,34.78096813070543,34.837913513183594,148676800
2018-12-26,35.18669870684758,37.30549139242431,34.811816392339566,37.291255950927734,234330000
2018-12-27,36.975695536789914,37.196355771925646,35.60666728965384,37.04924774169922,212468400
2018-12-28,37.3695483010569,37.61156162757762,36.66961145378511,37.06821823120117,169165600
2018-12-31,37.61394158656188,37.81087365387044,37.12754345601977,37.4265022277832,140014000
2019-01-02,36.75028523353009,37.6898641400753,36.59368814570471,37.46920394897461,148158800
2019-01-03,34.16169817620422,34.57454401761466,33.69191057763836,33.73699188232422,365248800
2019-01-04,34.29220295413125,35.24601741169735,34.11899903898665,35.177207946777344,234428400
2019-01-07,35.281600249745665,35.31244611659193,34.617251961933846,35.09890365600586,219111200
2019-01-08,35.485649452234306,36.02187515169098,35.23889338251769,35.76799774169922,164101200
2019-01-09,35.89612022438251,36.664866551777166,35.502259784558376,36.37540054321289,180396400
2019-01-10,36.183217066092084,36.53199984154206,35.79409933557466,36.49166488647461,143122800
2019-01-11,36.27339028412049,36.467947396033274,35.9483319411463,36.133399963378906,108092800
2019-01-14,35.79173197667657,35.891383692191056,35.40498556947879,35.59005355834961,129756800
2019-01-15,35.65411403047625,36.39438593118797,35.601914999486866,36.31846237182617,114843600
2019-01-16,36.32083304295525,36.98518137158213,36.30185124837653,36.762149810791016,122278800
2019-01-17,36.586577880660485,37.40752345530275,36.36354627747528,36.98044204711914,119284800
2019-01-18,37.369549802011335,37.45971241403209,37.00890297433515,37.20820999145508,135004000
2019-01-22,37.11093991098238,37.18686348386207,36.21169577007339,36.37303924560547,121576000
2019-01-23,36.57470818551413,36.80960382903162,35.99340473442524,36.520137786865234,92522400
2019-01-24,36.565210574963224,36.6529981897714,36.002889050218684,36.23066329956055,101766000
2019-01-25,36.890275378715764,37.519035156053725,36.615048386108995,37.431243896484375,134142000
2019-01-28,36.96382275590851,37.09194895785594,36.4584465294026,37.08483123779297,104768400
2019-01-29,37.072957901306765,37.519020889305224,36.565206814706706,36.70044708251953,166348800
2019-01-30,38.73384376445083,39.42191672312946,38.017296299473955,39.208377838134766,244439200
2019-01-31,39.41242410665209,40.098125636928835,39.04465950838577,39.49072265625,162958400
2019-02-01,39.61409500678469,40.09337168073329,39.369706696277575,39.50969696044922,130672400
2019-02-04,39.72086886633868,40.72925360434192,39.69002299817537,40.63197326660156,125982000
2019-02-05,41.013969357855885,41.54070233089087,40.89296450420444,41.3271598815918,144406400
2019-02-06,41.43866921001204,41.656957978594825,41.01159161859167,41.341392517089844,112958400
2019-02-07,40.90483373299473,41.27022697955856,40.416064239909666,40.55842590332031,126966800
2019-02-08,40.26771162677322,40.66564643059835,40.13188767381337,40.606075286865234,95280000
2019-02-11,40.75858212354943,40.79670853270349,40.32966911040256,40.37255859375,83973600
2019-02-12,40.53221193539128,40.7466666211287,40.436895913781186,40.720455169677734,89134000
2019-02-13,40.83960316682641,41.09933254456883,40.48932446490647,40.55127716064453,89960800
2019-02-14,40.43927960962729,40.80861781758018,40.36064525814671,40.69900894165039,87342800
2019-02-15,40.80622461923537,40.913451927544514,40.44879783424937,40.60844802856445,98507200
2019-02-19,40.43928042114127,40.85151175450796,40.38685751910222,40.729984283447266,75891200
2019-02-20,40.79193018083782,41.29947740453898,40.744274000963244,40.992088317871094,104457600
2019-02-21,40.93730301677255,41.07312337466057,40.5798760468402,40.76097106933594,68998800
2019-02-22,40.88486432636196,41.22322795767942,40.83720814261498,41.21607971191406,75652800
2019-02-25,41.499648872153486,41.90711352229098,41.449607503854075,41.516326904296875,87493600
2019-02-26,41.39241441823523,41.771286013409664,41.26373871380323,41.5401496887207,68280800
2019-02-27,41.2732773821219,41.699805218546146,41.15889815564964,41.668827056884766,111341600
2019-02-28,41.537772157173244,41.67835919496109,41.20417154412631,41.258975982666016,112861600
2019-03-01,41.52824051212283,41.735546954193026,41.19702505785762,41.692657470703125,103544800
2019-03-04,41.86422115680062,42.35508684168328,41.45437136174755,41.902347564697266,109744800
2019-03-05,41.92378549254291,41.938081984197204,41.59018493156289,41.826087951660156,78949600
2019-03-06,41.621171381521776,41.81656650222476,41.44722463850816,41.58543014526367,83241600
2019-03-07,41.4305480580372,41.566372044364236,40.98972366767753,41.10409927368164,99185600
2019-03-08,40.58464114771072,41.23992389992285,40.38924599998411,41.20179748535156,95997600
2019-03-11,41.816553318678096,42.68152368683469,41.78319363004304,42.62910079956055,128044000
2019-03-12,42.89122670675174,43.52744613325643,42.74110624977912,43.10806655883789,129870400
2019-03-13,43.427374341932726,43.67757393364114,43.1104553438934,43.298702239990234,124130000
2019-03-14,43.82054106149008,43.868200895214414,43.501240536772094,43.780033111572266,94318000
2019-03-15,44.04690664893718,44.63785139707803,43.7824106162076,44.349525451660156,156171600
2019-03-18,44.273273139252964,44.89042929325558,44.270887966592596,44.80226516723633,104879200
2019-03-19,44.88090720826174,45.03340921139079,44.30187372223758,44.447227478027344,126585600
2019-03-20,44.375737368520994,45.152547444755115,44.018310490038075,44.835628509521484,124140800
2019-03-21,45.27884124565531,46.782416507691266,45.22879987925223,46.486942291259766,204136800
2019-03-22,46.54651613890854,47.106486442351226,45.45993886884796,45.52427673339844,169630800
2019-03-25,45.63388456100003,45.74587861908732,44.46390988385612,44.973838806152344,175381200
2019-03-26,45.66962270436676,45.96033017793337,43.98256747013785,44.50917434692383,199202000
2019-03-27,44.976211880352054,45.2168779833319,44.4519865617811,44.90949249267578,119393600
2019-03-28,45.02385959764961,45.16921330116131,44.68549601352621,44.96905517578125,83121600
2019-03-29,45.23357207727188,45.29314323520392,44.926182866218966,45.26216506958008,94256000
2019-04-01,45.66486577166774,45.67439555693616,44.88805919660428,45.56955337524414,111448000
2019-04-02,45.533803597504026,46.33682517645646,45.52427381326158,46.23197937011719,91062800
2019-04-03,46.04849391519191,46.822918780518556,46.024664003423624,46.548892974853516,93087200
2019-04-04,46.41545501139502,46.791945110655476,46.02228688104425,46.629913330078125,76457200
2019-04-05,46.8109937192725,46.96588084046188,46.687084749507655,46.94205093383789,74106400
2019-04-08,46.803855058079535,47.71171869297622,46.7847918560636,47.68074417114258,103526800
2019-04-09,47.73316823079818,48.33602791999754,47.47343527844449,47.53777313232422,143072800
2019-04-10,47.34236537124705,47.833234522974564,47.22322311456169,47.80463790893555,86781200
2019-04-11,47.85946211752939,47.89520335222447,47.28519537386603,47.40671920776367,83603200
2019-04-12,47.46629151971839,47.690279625122976,46.753822893813584,47.387657165527344,111042800
2019-04-15,47.31855473245824,47.62117718246721,47.18273076972158,47.47343826293945,70146400
2019-04-16,47.52824036298592,47.98336111335143,47.31378207550533,47.47819900512695,102785600
2019-04-17,47.54729995142792,48.46231543377523,47.32569705378426,48.40274429321289,115627200
2019-04-18,48.400370192581796,48.64580305696875,48.257401604087235,48.57670211791992,96783200
2019-04-22,48.33126412020742,48.83404475360525,48.214503361460345,48.73634719848633,77758000
2019-04-23,48.71251655805477,49.50362313511346,48.58622601734535,49.43928527832031,93292000
2019-04-24,49.41069711912076,49.677574720140036,49.3368294714054,49.363040924072266,70162400
2019-04-25,49.28440764800036,49.506010596011244,48.87693935413123,48.91506576538086,74172800
2019-04-26,48.8245100123111,48.84833992518488,48.16207915688333,48.681541442871094,74596400
2019-04-29,48.705379310244844,49.07948794297143,48.57670720353527,48.75542068481445,88818800
2019-04-30,48.386078051238684,48.46709395560244,47.444854457533815,47.81657791137695,186139600
2019-05-01,50.011167604108095,51.30505109696013,49.85628044929439,50.16366958618164,259309200
2019-05-02,50.00162852825814,50.67120752436083,49.59416398853506,49.83721160888672,127985200
2019-05-03,50.25184311826302,50.47821277895846,50.09457439721513,50.45676803588867,83569600
2019-05-06,48.679157328406795,49.763352940920356,48.490914101974354,49.67757034301758,129772400
2019-05-07,49.05802599276639,49.42498261248666,47.85468824698724,48.33840560913086,155054800
2019-05-08,48.109661555748396,48.92936120017659,48.073920318435675,48.34794616699219,105358000
2019-05-09,47.752234575494825,48.05723858660724,46.86105245762417,47.828487396240234,139634400
2019-05-10,47.2233110420529,47.565372181315134,46.11102196215222,47.16590118408203,164834800
2019-05-13,44.90064286413654,45.32402809525781,43.73812012203512,44.42462921142578,229722400
2019-05-14,44.5896940858481,45.37666791392155,44.350491826259756,45.127899169921875,146118800
2019-05-15,44.55619868228515,45.86702583004832,44.496398127096036,45.668487548828125,106178800
2019-05-16,45.42688825122322,46.039245266520595,45.17094015892705,45.467552185058594,132125600
2019-05-17,44.7140667516376,45.663699804341405,44.67340281448622,45.2092170715332,131516400
2019-05-20,43.89839107594167,44.09692935038118,43.12337459318291,43.7955322265625,154449200
2019-05-21,44.30503163302324,44.970013454882476,44.180645467442574,44.6351318359375,113459200
2019-05-22,44.17108348949689,44.42224655428425,43.66636665166303,43.72138214111328,118994400
2019-05-23,43.008562935243226,43.18557025463366,42.53254916971738,42.975074768066406,146118800
2019-05-24,43.10423814743245,43.56829102566304,42.72629821206873,42.810020446777344,94858800
2019-05-28,42.79806098088244,43.19752825231062,42.55646805143749,42.63301086425781,111792800
2019-05-29,42.20006316366321,42.90092769825239,42.09959865033098,42.4296989440918,113924800
2019-05-30,42.5660389538605,42.87221753680418,42.259860370916826,42.64976119995117,84873600
2019-05-31,42.15460420382392,42.57560242696121,41.85799580108924,41.877132415771484,108174400
2019-06-03,42.00391264942133,42.558859919788816,40.72896433762629,41.4537467956543,161584400
2019-06-04,41.96564616438153,43.0157439669586,41.74558051747907,42.97029495239258,123872000
2019-06-05,44.080195670686784,44.25003089470504,43.329100660819165,43.66398239135742,119093600
2019-06-06,43.79314581301077,44.36483901115955,43.57068583552247,44.30503845214844,90105200
2019-06-07,44.613599067232066,45.90768378892111,44.43659178289126,45.48429489135742,122737600
2019-06-10,45.88137267413092,46.732931908705964,45.835923672858236,46.06555938720703,104883600
2019-06-11,46.61095223695524,46.88364266564571,46.30955870522477,46.59899139404297,107731600
2019-06-12,46.39326993216043,46.87645943951271,46.25931727268128,46.450679779052734,73012800
2019-06-13,46.57267065219424,47.072602406865755,46.30955040496847,46.44110870361328,86698400
2019-06-14,45.8191886319466,46.30715958311369,45.52018583958195,46.10383987426758,75046000
2019-06-17,46.14210618535647,46.63486581817367,45.96748958898146,46.3789176940918,58676400
2019-06-18,46.89559690653218,47.90981200382238,46.69466791366559,47.46968078613281,106204000
2019-06-19,47.76389951339883,47.811742879326864,47.1969913965281,47.3309440612793,84496800
2019-06-20,47.92895592124832,47.986365777928654,47.3692235058782,47.71128463745117,86056000
2019-06-21,47.55339956808391,48.04376482331306,47.39791594328948,47.548614501953125,191202400
2019-06-24,47.491215693151446,47.87872584119384,47.40271202381546,47.50078582763672,72881600
2019-06-25,47.464895650291474,47.66343393459677,46.71380081144238,46.78078079223633,84281200
2019-06-26,47.30702611814578,48.07725759186515,47.20656161939147,47.792606353759766,104270000
2019-06-27,47.90980994600214,48.21599213856582,47.737587709468265,47.77825164794922,83598800
2019-06-28,47.52469168182497,47.72083923918838,47.1347945750101,47.342899322509766,124442400
2019-07-01,48.59872246403011,48.914471197496404,47.9959317500997,48.21121597290039,109012000
2019-07-02,48.17772796836317,48.58915614675348,48.1657671253992,48.493473052978516,67740800
2019-07-03,48.625013660454734,48.902489035577524,48.48388526532572,48.89531326293945,45448000
2019-07-05,48.64176894973504,49.05558773477184,48.53412503952128,48.852264404296875,69062000
2019-07-08,48.0341982544595,48.17532669133114,47.46011437400138,47.84523010253906,101354400
2019-07-09,47.64907988705199,48.20163641262728,47.555791170395594,48.137054443359375,82312000
2019-07-10,48.282978612860205,48.7326763887551,48.21360791209922,48.613075256347656,71588400
2019-07-11,48.63220718977892,48.8905460488803,48.24948579291271,48.25905227661133,80767200
2019-07-12,48.426494590976,48.79725880699689,48.36669402871252,48.629817962646484,70380800
2019-07-15,48.81878002796971,49.24455968604115,48.797252704231944,49.08668899536133,67789600
2019-07-16,48.93838218259591,49.30197058543267,48.67765263415199,48.91685485839844,67467200
2019-07-17,48.8092217046724,49.05799044819137,48.62264423454898,48.641780853271484,56430000
2019-07-18,48.797255539973115,49.246956906066245,48.725494140074105,49.194332122802734,74162400
2019-07-19,49.22542643455206,49.39526162771868,48.40496451880691,48.45998001098633,83717200
2019-07-22,48.71352085937351,49.56986507297719,48.70395437846678,49.567474365234375,89111600
2019-07-23,49.86409602597792,49.97173629421098,49.5842262186613,49.95499038696289,73420800
2019-07-24,49.67511970294401,50.02913793173765,49.55551860470898,49.91432189941406,59966400
2019-07-25,49.96694883497979,50.05067106733842,49.45027119228103,49.5196418762207,55638400
2019-07-26,49.62968434831801,50.16788943836609,49.54835645514004,49.69187927246094,70475600
2019-07-29,49.864094780283324,50.385553851109734,49.859309714055385,50.15591812133789,86693600
2019-07-30,49.9358620581026,50.27074740921103,49.58901951404553,49.94064712524414,135742800
2019-07-31,51.76814131769529,52.95219151502836,50.54342718307284,50.95963668823242,277125600
2019-08-01,51.165354806371035,52.15326117014312,49.452669637980264,49.85691833496094,216071600
2019-08-02,49.16322262546881,49.37850312251167,48.23033560503574,48.80202865600586,163448400
2019-08-05,47.35964892958403,47.51751962109188,46.0655640412733,46.24735641479492,209572000
2019-08-06,46.957779349145824,47.378777521701416,46.41478937882593,47.12282943725586,143299200
2019-08-07,46.742503985009016,47.73519168066867,46.362173353172416,47.61080551147461,133457600
2019-08-08,47.88827805859261,48.68482179511622,47.6945248672639,48.6609001159668,108038000
2019-08-09,48.33435204748465,48.6849121066314,47.85172652260763,48.259918212890625,98478800
2019-08-12,47.93097076329877,48.51444257030938,47.81811826695935,48.13746643066406,89927600
2019-08-13,48.26711319727734,50.937146286854734,48.13745120836447,50.175994873046875,188874000
2019-08-14,48.780960598066514,49.56852452960049,48.644095544305394,48.68251419067383,146189600
2019-08-15,48.852997569788144,49.256382389403456,47.942974606430376,48.440006256103516,108909600
2019-08-16,49.04989601880567,49.74141717055693,48.944246546865365,49.582942962646484,110481600
2019-08-19,50.5721820740641,51.07881647496091,50.43051745097723,50.507354736328125,97654400
2019-08-20,50.634624409226056,51.22769905454453,50.50016279412302,50.509765625,107537200
2019-08-21,51.141249340489736,51.29971983499902,50.80749515702679,51.05720901489258,86141600
2019-08-22,51.189276167751544,51.48941498513007,50.60340461002002,51.01399612426758,89014800
2019-08-23,50.286461469002404,50.91555498677708,48.26232683356407,48.65610885620117,187272000
2019-08-26,49.429272349109446,49.748620559238184,49.23718273185397,49.580543518066406,104174400
2019-08-27,49.90949029926712,50.07516753420753,48.86980886104783,49.021080017089844,103493200
2019-08-28,49.00667948910894,49.395658318642454,48.81939311460726,49.35003662109375,63755200
2019-08-29,50.06315640226348,50.26004923163214,49.621352927714746,50.185611724853516,83962000
2019-08-30,50.461745870992495,50.53137647269659,49.751015456218866,50.12078857421875,84573600
2019-09-03,49.56612247903739,49.69818428979416,49.03547910827453,49.39084243774414,80092000
2019-09-04,50.03673886776175,50.29845901885149,49.779821963278366,50.22882843017578,76752400
2019-09-05,50.90354603728645,51.3765651308316,50.7858902958723,51.21088790893555,95654800
2019-09-06,51.39577500112992,51.4846149241543,51.02600190350711,51.206085205078125,77449200
2019-09-09,51.585461226459756,51.96964040269282,50.680245133535024,51.42458724975586,109237600
2019-09-10,51.3501518092004,52.05127566981013,50.833914491991756,52.032066345214844,127111600
2019-09-11,52.36102889134553,53.7152553373028,52.27938833354673,53.686439514160156,177158400
2019-09-12,53.97697494678176,54.36595374868243,53.51115883577232,53.566383361816406,128906800
2019-09-13,52.824446149553566,53.014132321380075,52.10891604121136,52.52430725097656,159053200
2019-09-16,52.27937831072937,52.855647033642335,52.23855987155783,52.800418853759766,84632400
2019-09-17,52.81482810263167,53.02132375192014,52.61313203639829,52.99250793457031,73274800
2019-09-18,53.07895237436418,53.508753239988586,52.6899736146539,53.48954391479492,101360000
2019-09-19,53.307052941713785,53.72724727960935,52.91327096589523,53.05493927001953,88242400
2019-09-20,53.15578449922015,53.43911377467882,52.216949430695024,52.27937698364258,221652400
2019-09-23,52.5723029039895,52.786001548196495,52.26015787012007,52.5170783996582,76662000
2019-09-24,53.07174174905982,53.42230547207564,52.14971625438767,52.26736831665039,124763200
2019-09-25,52.47627620043449,53.184603139280306,52.137718705200996,53.07175064086914,87613600
2019-09-26,52.824431771617654,53.05013674812319,52.543502278670516,52.79801940917969,75334000
2019-09-27,52.95409101125522,53.054940879557066,52.17133028274097,52.54110336303711,101408000
2019-09-30,53.040529136604164,53.92413970007018,53.01411677472275,53.777671813964844,103909600
2019-10-01,54.041803963537824,54.798152420020195,53.832904827025864,53.92654800415039,139223200
2019-10-02,53.55917160743665,53.68403038252034,52.3274007167669,52.5747184753418,138449200
2019-10-03,52.447459000713295,53.05494337549281,51.65509540469614,53.02132797241211,114426000
2019-10-04,54.178663133484626,54.62287009035569,53.75846874977578,54.50761413574219,138478800
2019-10-07,54.3299328547412,55.20873658677315,54.22668318942507,54.51961898803711,122306000
2019-10-08,54.221885178414524,54.75973164617533,53.86411835463812,53.880924224853516,111820000
2019-10-09,54.51241683959961,54.6948999368784,54.17866259327657,54.51241683959961,74770400
2019-10-10,54.728505896765036,55.331186933368876,54.577238437627656,55.24714660644531,113013600
2019-10-11,55.93387223570824,57.059993724351415,55.78020129962542,56.716636657714844,166795600
2019-10-14,56.40208648570823,57.17764784685901,56.34686196781524,56.63499450683594,96427600
2019-10-15,56.75985041805286,57.06238901917909,56.397284055002885,56.502933502197266,87360000
2019-10-16,56.03472259479586,56.48373281401713,55.99390415010381,56.27483367919922,73903200
2019-10-17,56.447710219951496,56.70222736637808,56.070737747547255,56.49333190917969,67585200
2019-10-18,56.32764082698268,57.045574064199954,56.25560679138777,56.764644622802734,97433600
2019-10-21,57.03117389835004,57.8643594805564,56.98315242424609,57.74910354614258,87247200
2019-10-22,57.905186536916496,58.1549004377134,57.535413437281406,57.6170539855957,82293600
2019-10-23,58.130884866797174,58.40461130875165,57.91958597693626,58.390201568603516,75828800
2019-10-24,58.70954952666312,58.77918378053314,58.06125044639696,58.48624801635742,69275200
2019-10-25,58.38540555436381,59.24260012348222,58.31817475144487,59.20658493041992,73477200
2019-10-28,59.40828890122931,59.84769266112604,59.24021186122079,59.7996711730957,96572800
2019-10-29,59.780451077157984,59.9677374114046,58.24374175415912,58.41661834716797,142839600
2019-10-30,58.76958279527963,58.89924482176762,57.91719144782321,58.40941619873047,124522000
2019-10-31,59.365063861542914,59.82847648047376,56.96875268058943,59.73003005981445,139162000
2019-11-01,59.917323202335595,61.45163300835245,59.82608347432118,61.42522430419922,151125200
2019-11-04,61.78776829370831,61.912630719316276,61.31955618049986,61.828590393066406,103272000
2019-11-05,61.720552176754836,61.994282334049466,61.5452757723623,61.73976516723633,79897600
2019-11-06,61.65331800351261,61.82619827037496,61.317163964504836,61.766170501708984,75864400
2019-11-07,62.31284075856176,62.70058392258384,62.161115492188166,62.4790153503418,94940400
2019-11-08,62.30081516113781,62.72227105623637,61.85768527338709,62.6500244140625,69986400
2019-11-11,62.2068905553272,63.2111630337341,62.20207656212333,63.146141052246094,81821200
2019-11-12,62.98958734351304,63.2882239296663,62.83786940371136,63.08832931518555,87388800
2019-11-13,62.88845126287323,63.7674864521532,62.87400193315638,63.69282913208008,102734400
2019-11-14,63.51941415220653,63.7915553774023,63.122042983829644,63.25209426879883,89182800
2019-11-15,63.50256731633181,64.00831588526924,63.341214024330995,64.00350189208984,100206400
2019-11-18,64.01313169523063,64.40568896392628,63.635031105699284,64.32621765136719,86703200
2019-11-19,64.51887757210454,64.54296223689062,63.91439437873861,64.13114166259766,76167200
2019-11-20,63.95052001576698,64.0805639810246,62.71264022711498,63.38456344604492,106234400
2019-11-21,63.504983523819924,63.58205151905622,62.900492919948576,63.10038757324219,121395200
2019-11-22,63.24004088124478,63.38213080488367,62.8185851019478,63.04496765136719,65325200
2019-11-25,63.26896758200509,64.16727351573608,63.22320891771047,64.1504135131836,84020400
2019-11-26,64.2876744119495,64.34065772923968,63.21838008089831,63.649471282958984,105207600
2019-11-27,63.96012738993233,64.53812978101467,63.895105428258134,64.50440979003906,65235600
2019-11-29,64.20579591584789,64.54295915794552,64.03721061999535,64.36233520507812,46617600
2019-12-02,64.3671632819168,64.60318127783115,63.4471906663846,63.61817932128906,94487200
2019-12-03,62.20930043557878,62.503115708653056,61.722822542288654,62.48385238647461,114430400
2019-12-04,62.873993707598274,63.41345487874028,62.78006572711878,63.03534698486328,67181600
2019-12-05,63.529033634787936,64.03478197271555,63.27375247033387,63.96011734008789,74424400
2019-12-06,64.4177276122505,65.26545336433453,64.3743722789269,65.19561004638672,106075600
2019-12-09,65.02463432244109,65.2172969657752,63.798800431426635,64.28287506103516,128042400
2019-12-10,64.6874832617339,65.04150663179412,64.02759851675567,64.65858459472656,90420400
2019-12-11,64.73802401273718,65.28953113493121,64.6633667099047,65.21005249023438,78756800
2019-12-12,64.48996866624496,65.64114490385342,64.37918804536231,65.37622833251953,137310400
2019-12-13,65.37622984964455,66.30102352499274,65.248589228168,66.26490020751953,133587600
2019-12-16,66.71044750574998,67.62320261796066,66.70563351279964,67.39922332763672,128186000
2019-12-17,67.32938692874545,67.85921278461262,67.14394163202556,67.53168487548828,114158400
2019-12-18,67.38477250929151,67.89052104298418,67.22100855730946,67.37032318115234,116028400
2019-12-19,67.31252181714845,67.71711767990757,67.18006720064264,67.43775177001953,98369200
2019-12-20,67.97001134578234,68.07115666009031,67.08615475855936,67.29808807373047,275978000
2019-12-23,67.5605836287108,68.45647873677,67.52204963647512,68.39627075195312,98572000
2019-12-24,68.562448734815,68.61061806486987,68.13617882730028,68.46129608154297,48478800
2019-12-26,68.59375403067095,69.83644770700805,68.56485537418061,69.81958770751953,93121200
2019-12-27,70.11098306970483,70.7973554694835,69.38848735406549,69.79308319091797,146266000
2019-12-30,69.71119283116963,70.4890824372006,68.69006802789379,70.20730590820312,144114400
2019-12-31,69.8243961101836,70.72751580123949,69.72565414200866,70.72029113769531,100805600
2020-01-02,71.34405442839761,72.39408555090253,71.0911838210517,72.33387756347656,135480400
2020-01-03,71.56321309934685,72.38926493117573,71.40667380039741,71.63064575195312,146322800
2020-01-06,70.75402846338375,72.23995764322866,70.5035611498287,72.20142364501953,118387200
2020-01-07,72.21104883104543,72.46633010238772,71.64268897397623,71.86184692382812,108872000
2020-01-08,71.56560624404386,73.31886213203573,71.56560624404386,73.017822265625,132079200
2020-01-09,73.99319481949146,74.76144921222713,73.7427349209394,74.56878662109375,170108400
2020-01-10,74.8024026801614,75.30092656417412,74.23644614635045,74.73737335205078,140644800
2020-01-13,75.05288582822318,76.36060178633993,74.93487315391599,76.3341064453125,121532000
2020-01-14,76.27149402827726,76.48101668324267,75.18052540962947,75.3033447265625,161954400
2020-01-15,75.10344798902688,75.98248317068368,74.54953007278792,74.98062133789062,121923600
2020-01-16,75.52248959606675,76.03064882750155,75.1612416745226,75.91986083984375,108829200
2020-01-17,76.16791647174253,76.76277166888072,75.86206254796348,76.76036834716797,137816400
2020-01-21,76.38946504217743,76.83018415127219,76.10287451536945,76.24015045166016,110843200
2020-01-22,76.72423213565071,77.06380603496487,76.4183782339569,76.5123062133789,101832400
2020-01-23,76.56530142477,76.96026202494508,76.01860816134078,76.88079071044922,104472000
2020-01-24,77.12641705620177,77.8681760847734,76.46894331412666,76.6592025756836,146537600
2020-01-27,74.67234921705278,75.08416976822737,73.42484155700832,74.405029296875,161940000
2020-01-28,75.28404668634916,76.68086864175731,75.18530473421498,76.50988006591797,162234000
2020-01-29,78.1379073772642,78.95673430952284,77.39855173256706,78.11141204833984,216229200
2020-01-30,77.19627805111793,78.05122856412287,76.76518678742532,77.99824523925781,126743200
2020-01-31,77.29019858022654,77.71165450707113,74.24608645041388,74.53990173339844,199588400
2020-02-03,73.28514366287956,75.498389394716,72.78421654858387,74.33517456054688,173788400
2020-02-04,75.9367288800473,76.97953543976107,75.53213292898627,76.78927612304688,136616400
2020-02-05,77.91395235806485,78.21258898353346,76.81335589638837,77.41543579101562,118826800
2020-02-06,77.68515330009288,78.32335641079244,77.12883215929374,78.3209457397461,105425600
2020-02-07,77.82122317353306,78.06986841374218,76.76629135471327,77.25634002685547,117684000
2020-02-10,75.84415588740227,77.62329864501953,75.7644959675757,77.62329864501953,109348800
2020-02-11,78.11815777658227,78.1905758646545,76.93769137166434,77.15495300292969,94323200
2020-02-12,77.60399867366895,78.99206907115294,77.60399867366895,78.98724365234375,113730400
2020-02-13,78.26061390209061,78.75066279160559,78.0578358133656,78.42476654052734,94747600
2020-02-14,78.3933612458328,78.69270656111114,77.93711251400148,78.44406127929688,80113600
2020-02-18,76.1289859933218,77.18875064072564,75.94793341167819,77.00769805908203,152531200
2020-02-19,77.24910650127589,78.35232207158896,77.24910650127589,78.12298583984375,93984000
2020-02-20,77.8840228178166,78.37165530100644,76.81701596336808,77.32154846191406,100566000
2020-02-21,76.91599243144344,77.35776502195542,74.95579692410486,75.57137298583984,129554000
2020-02-24,71.75959476642028,73.43010258149737,69.82112528029087,71.98168182373047,222195200
2020-02-25,72.65037937541128,73.03179362770307,69.07277807692655,69.54351043701172,230673600
2020-02-26,69.16934036398257,71.90927139616765,69.16209855410392,70.646728515625,198054800
2020-02-27,67.85851360418104,69.0413890764873,65.89348591735909,66.02867126464844,320605600
2020-02-28,62.103468343907636,67.20915102510166,61.88861568726967,65.99005889892578,426510000
2020-03-02,68.14336733709636,72.76865844299596,67.04256816593558,72.1337661743164,341397200
2020-03-03,73.3069988099028,73.38665871766685,68.99311238709194,69.84285736083984,319475600
2020-03-04,71.56164999828624,73.24181619852034,70.76260504877715,73.08248901367188,219178400
2020-03-05,71.33955724756618,72.31241302487865,70.34739243241086,70.7119140625,187572800
2020-03-06,68.07577636210152,70.20495666747604,67.88989834828591,69.77284240722656,226176800
2020-03-09,63.67015682235863,67.13188124194363,63.48910424371685,64.25435638427734,286744800
2020-03-10,66.90254597753136,69.14759479048914,65.02683672783965,68.88204956054688,285290000
2020-03-11,66.96291749628936,67.88748961967876,65.627949126833,66.48976135253906,255598800
2020-03-12,61.78481034349421,65.17894285229022,59.86806602728879,59.923587799072266,418474000
2020-03-13,63.94538830639056,67.5736832780311,61.06302571813862,67.10294342041016,370732000
2020-03-16,58.40758108532822,62.542820889319664,57.93684495675963,58.4703483581543,322423600
2020-03-17,59.74978379495811,62.187957132183904,57.55059758461941,61.04129409790039,324056000
2020-03-18,57.881318208922394,60.35087498179023,57.24159672400037,59.547000885009766,300233600
2020-03-19,59.72080725380135,61.03645549375763,58.56689890473273,59.09074401855469,271857200
2020-03-20,59.67011594836406,60.79264444451166,55.03999854094989,55.33934020996094,401693200
2020-03-23,55.05931643178171,55.16070547027294,51.32480360482342,54.1637077331543,336752800
2020-03-24,57.05812866753022,59.79323063321941,56.56083807077307,59.597694396972656,287531200
2020-03-25,60.531937209108364,62.342463745771624,58.9748851242831,59.2693977355957,303602000
2020-03-26,59.51079529315195,62.44625922344338,59.472169846872056,62.38832473754883,252087200
2020-03-27,61.01473181958192,61.767909526223264,59.638732669554486,59.805301666259766,204216800
2020-03-30,60.529517371062305,61.68342585318123,60.206033868463194,61.512027740478516,167976400
2020-03-31,61.702731524008335,63.365997685508034,60.833677514674484,61.38648986816406,197002000
2020-04-01,59.50596949204973,60.04188561745125,57.726826674200176,58.156524658203125,176218400
2020-04-02,58.01891202578832,59.18006218576405,57.1884834576866,59.126953125,165934000
2020-04-03,58.6127685713981,59.31283722451452,57.68819275537644,58.277217864990234,129880000
2020-04-06,60.568142628925735,63.51567759082076,60.20121192500367,63.361183166503906,201820400
2020-04-07,65.37206051111131,65.58932954032026,62.52350234713508,62.62730407714844,202887200
2020-04-08,63.42635444288139,64.54405384793799,63.06184016051964,64.23023223876953,168895200
2020-04-09,64.86513503536223,65.19585671097452,63.89952086210519,64.69373321533203,161834800
2020-04-13,64.77098217772529,66.07215077341053,64.17229875609489,65.96351623535156,131022800
2020-04-14,67.59299170512948,69.58457092501276,67.12225185179103,69.29488372802734,194994800
2020-04-15,68.17234288135833,69.1210568119712,67.74506136385055,68.66239166259766,131154400
2020-04-16,69.37453102131897,69.57248363661981,68.16027185080422,69.20796203613281,157125200
2020-04-17,68.72516178272222,69.27073604048029,66.83496828577375,68.26890563964844,215250000
2020-04-20,67.09811161151838,67.99854202997274,66.83256626499734,66.85187530517578,130015200
2020-04-21,66.69496415132106,66.92912586019385,64.07573448825138,64.78546142578125,180991600
2020-04-22,66.05040482183006,67.08602784822331,65.71003238672124,66.65150451660156,116862400
2020-04-23,66.59599709494192,68.01545116760279,66.35459354155203,66.39321899414062,124814400
2020-04-24,66.91705617630512,68.31960998543786,66.86877252729914,68.30995178222656,126161200
2020-04-27,68.02750161594408,68.68895219864656,67.58091104598891,68.35823059082031,117087600
2020-04-28,68.81929803212363,69.0003506347447,67.15844834573424,67.25017547607422,112004800
2020-04-29,68.73481966758834,69.92735352024151,68.53204161617626,69.45903015136719,137280800
2020-04-30,69.9973432879905,71.10055883816591,69.6086872641838,70.92433166503906,183064000
2020-05-01,69.10174168301795,72.17963585405194,69.00518177066984,69.78250122070312,240616800
2020-05-04,69.80663901583497,70.89777995985193,69.11863770856678,70.76983642578125,133568000
2020-05-05,71.22849975051801,72.66243680032687,71.0836562103967,71.8320083618164,147751200
2020-05-06,72.53208591439893,73.2031872790944,72.14825527383692,72.57312774658203,142333600
2020-05-07,73.19836352852457,73.66910326152602,72.89660917840814,73.32389068603516,115215200
2020-05-08,73.98229650289032,75.1223827731926,73.65551811313698,75.06912994384766,133838400
2020-05-11,74.57775171164975,76.74415709638575,74.36957888241814,76.2503662109375,145946400
2020-05-12,76.93296900656856,77.38319884408511,75.25793879153254,75.37896728515625,162301200
2020-05-13,75.55808267285332,76.4779036027934,73.39409274246334,74.46882629394531,200622400
2020-05-14,73.70877656980059,74.98683718466037,72.98744407851115,74.92632293701172,158929200
2020-05-15,72.70181680027588,74.52934407916516,72.66792527667609,74.48335266113281,166348400
2020-05-18,75.80498930633232,76.61103581678174,75.11512542110488,76.23826599121094,135178400
2020-05-19,76.25520568719914,77.09998213452099,75.76625327530091,75.79772186279297,101729600
2020-05-20,76.65460843756124,77.34204942619355,76.6158784313997,77.27185821533203,111504800
2020-05-21,77.13387754437865,77.67366726497515,76.4585365069764,76.69575500488281,102688800
2020-05-22,76.43434344951643,77.27186606725144,76.3326836366315,77.18956756591797,81803200
2020-05-26,78.30543299444078,78.48455279572174,76.61103413521022,76.66670989990234,125522000
2020-05-27,76.52391007078806,77.14599099987917,75.78563172544763,77.0007553100586,112945200
2020-05-28,76.67638285095582,78.29090607267398,76.4004417495467,77.03462982177734,133560800
2020-05-29,77.27669643163954,77.73660324937043,76.60377827424547,76.95960235595703,153532400
2020-06-01,76.91360133395523,78.02706486056282,76.78288850329889,77.90603637695312,80791200
2020-06-02,77.6397816394303,78.29091555107586,77.1992361328535,78.26670837402344,87642800
2020-06-03,78.58623426753769,78.95900415271024,78.01497584988421,78.69757843017578,104491200
2020-06-04,78.52088865420797,78.81861409294638,77.64705887739464,78.01982879638672,87560400
2020-06-05,78.26912701737099,80.30240419943048,78.2400813612976,80.24188995361328,137250400
2020-06-08,79.93932296340279,80.75021537775042,79.23009773769596,80.71632385253906,95654400
2020-06-09,80.39682777642588,83.65732897173929,80.36535917971183,83.26519775390625,147712400
2020-06-10,84.2116321903992,85.8745626649843,83.77350959383725,85.40739440917969,166651600
2020-06-11,84.55292316229209,84.97652287764004,81.20527837641917,81.30693817138672,201662400
2020-06-12,83.44187634114364,84.18740853476542,80.90027823694467,82.00889587402344,200146000
2020-06-15,80.66547714891838,83.67424321088224,80.5032957450343,83.02310943603516,138808800
2020-06-16,85.0733221942709,85.49450625406323,83.44186093342775,85.22339630126953,165428800
2020-06-17,85.96655029229349,86.02706454807957,84.98379936928724,85.10482788085938,114406400
2020-06-18,85.06125763268233,85.55505601805591,84.53115217198582,85.13871765136719,96820400
2020-06-19,85.84308414219812,86.30782937031772,83.54595856056092,84.65216064453125,264476000
2020-06-22,85.04429286253834,87.00979422869749,84.99830144840965,86.86698150634766,135445200
2020-06-23,88.1087417587427,90.13718045697547,87.68998051908838,88.72114562988281,212155600
2020-06-24,88.35079128217394,89.26818923809188,86.78225950639512,87.155029296875,192623200
2020-06-25,87.3099530977363,88.35079512662277,86.55231359048508,88.31206512451172,137522400
2020-06-26,88.20797597788908,88.42824869367755,85.4509437109353,85.59860229492188,205256800
2020-06-29,85.50661981464565,87.66577111516035,85.02976731524565,87.57136535644531,130646000
2020-06-30,87.1598666501381,88.58800861953088,87.1405053436716,88.30237579345703,140223200
2020-07-01,88.37985592496987,88.92206127344404,88.08696900587378,88.1353759765625,110737200
2020-07-02,89.04067423366814,89.67486242954287,88.02161627129679,88.1353759765625,114041600
2020-07-06,89.56108299075036,90.9601720457748,89.52961440129422,90.49300384521484,118655600
2020-07-07,90.87059916943323,91.64759989931855,90.10085985246303,90.21220397949219,112424400
2020-07-08,91.18770707353977,92.34473915860562,91.10056271828748,92.31327056884766,117092000
2020-07-09,93.20403412942578,93.2572869587544,91.66455533300416,92.71024322509766,125642800
2020-07-10,92.30600122922262,92.93051232943125,91.69602034280251,92.8724136352539,90257200
2020-07-13,94.17468319640058,96.77921853086478,92.23096604261153,92.44397735595703,191649200
2020-07-14,91.82671884066302,94.16498980895781,90.89480551473416,93.97377014160156,170989200
2020-07-15,95.84486367498508,96.09418202713559,93.42429428051739,94.62005615234375,153198000
2020-07-16,93.49452529827339,94.31025628529977,92.85791414474407,93.45579528808594,110577600
2020-07-17,93.90601706451432,94.06092970486094,92.79496892260524,93.26698303222656,92186800
2020-07-20,93.35411067179673,95.37044189094031,93.01038653957822,95.23246765136719,90318000
2020-07-21,96.02158177786353,96.09661884897764,93.66878769091768,93.91810607910156,103433200
2020-07-22,93.62037185613211,94.86212529718233,93.53323489247579,94.18194580078125,89001600
2020-07-23,93.91569738113668,93.99315739757402,89.08666444146189,89.89513397216797,197004400
2020-07-24,88.09663844239333,90.01614846898383,86.31267234298356,89.67242431640625,185438800
2020-07-27,90.7326345162056,91.88966654711753,90.50994623863684,91.79768371582031,121214000
2020-07-28,91.36922942946147,91.54593364722749,90.28481172651138,90.28965759277344,103625600
2020-07-29,90.77137079362801,92.20435141750036,90.73506372270917,92.0203857421875,90329200
2020-07-30,91.19497870904048,93.2379404686909,90.78832470426487,93.13385772705078,158130000
2020-07-31,99.61613418906329,103.03397765297315,97.62157959922047,102.88390350341797,374336800
2020-08-03,104.7622549635953,108.09053834247213,104.4645296144692,105.47632598876953,308151200
2020-08-04,105.66515768756337,107.26999701904283,104.94382506056965,106.18074035644531,173071600
2020-08-05,105.9023409518437,106.88509160009556,105.43758834706337,106.5655746459961,121776800
2020-08-06,106.89719478834881,110.77736760867772,106.30899814130089,110.2835693359375,202428800
2020-08-07,109.80587577731004,110.26176460572711,106.98082882286342,107.77620697021484,198045600
2020-08-10,109.21901552378732,110.35873735584337,106.69708588297902,109.34268951416016,212403600
2020-08-11,108.60795666047292,109.10506522291367,105.83140397675015,106.09087371826172,187902400
2020-08-12,107.1796439994117,109.8737492325435,106.9856522603481,109.61670684814453,165598000
2020-08-13,110.9940770606822,112.55816241863091,110.5066629686095,111.5566635131836,210082000
2020-08-14,111.3820725095563,111.54696624880587,109.65066604650143,111.45724487304688,165565200
2020-08-17,112.57756555807367,112.60181637912858,110.54062239475888,111.16625213623047,119561600
2020-08-18,110.91890034610189,112.5169308684593,110.58425829007268,112.09256744384766,105633600
2020-08-19,112.49996719549999,113.64453639963617,112.13865437861999,112.23322296142578,145538000
2020-08-20,112.27444791147464,114.83760501028006,112.25747159683876,114.7236328125,126907200
2020-08-21,115.6814742972318,121.11817961837231,115.6693525872738,120.6356201171875,338054800
2020-08-24,124.83317459173283,124.91805616382935,120.21610549023623,122.07845306396484,345937600
2020-08-25,120.95328347307442,121.42129395286675,119.35767277780953,121.07695007324219,211495600
2020-08-26,122.39125785191554,123.17936132920332,121.3267083719839,122.72347259521484,163022400
2020-08-27,123.32486945527224,123.65708422717836,120.11425182681509,121.25640106201172,155552400
2020-08-28,122.22881026536905,122.64589926041506,120.83690034715939,121.05999755859375,187630000
2020-08-31,123.74922926791106,127.06653708598974,122.2166692582802,125.1653823852539,225702700
2020-09-01,128.77368605712132,130.75244043183687,126.61064913629612,130.1510467529297,151948100
2020-09-02,133.4586359792648,133.83692501161136,123.18662126963814,127.45449829101562,200119000
2020-09-03,123.09935930505591,124.97140134269283,116.8818246649217,117.25041198730469,257599600
2020-09-04,116.46472703859587,119.98572845730746,107.56036930998823,117.3280029296875,332607200
2020-09-08,110.52850171438395,115.41717011939836,109.2966383541402,109.43243408203125,231366600
2020-09-09,113.73912907477926,115.56267714207601,111.79918148817357,113.79732513427734,176940500
2020-09-10,116.74601936225844,116.88181506989982,109.12202651754133,110.0822982788086,182274400
2020-09-11,111.12990216626557,111.77008845058923,106.69712202889578,108.63706970214844,180860300
2020-09-14,111.27537379227499,112.44904097306566,109.41302623599448,111.89615631103516,140150100
2020-09-15,114.77697452888815,115.26196131479541,110.19869808587379,112.07074737548828,184642000
2020-09-16,111.77007759799923,112.51695412354394,108.67585899150183,108.76315307617188,154679000
2020-09-17,106.42549948987329,108.83102975873638,105.44582412860575,107.0268783569336,178011000
2020-09-18,107.08509999522968,107.5506832359034,102.90450823656477,103.63198852539062,287104900
2020-09-21,101.40105617439414,106.88140931284494,100.00429161371379,106.77471160888672,195713800
2020-09-22,109.29661551959238,109.47121104759135,105.88231201688097,108.4527359008789,183055400
2020-09-23,108.2684611226227,108.74374613747926,103.56408301527631,103.90357971191406,150718700
2020-09-24,102.01214274645399,106.93961142539536,101.847248976567,104.97056579589844,167743300
2020-09-25,105.17424100477153,109.0638373334494,104.43705897382922,108.90863800048828,149981400
2020-09-28,111.55664982653556,111.85733923135933,109.39360575227525,111.50814819335938,137672400
2020-09-29,111.11049343812664,111.84766814275456,110.1599159291002,110.66429901123047,99382200
2020-09-30,110.37329066576835,113.73910005377913,110.20839693905525,112.33263397216797,142675200
2020-10-01,114.10768678427674,114.18528644364022,112.35203704296524,113.28321075439453,116120400
2020-10-02,109.50029467405797,111.90583192133501,108.85041428317085,109.62638854980469,144712000
2020-10-05,110.48968711564349,113.14741248595817,110.14049605673375,113.00191497802734,106243800
2020-10-06,112.22594886007512,112.63334341918222,108.87954271233731,109.76222229003906,161498200
2020-10-07,111.17839334850785,112.08046922763401,110.70310088509402,111.62458038330078,96849000
2020-10-08,112.75947166061863,112.90496923314673,111.1493113518518,111.51790618896484,83477200
2020-10-09,111.81854423083884,113.48689983988513,111.4693531777682,113.45780181884766,100506900
2020-10-12,116.45504403658781,121.42131221454332,115.69846570876324,120.66473388671875,240226800
2020-10-13,121.50859444916024,121.62499394990238,116.05734733652297,117.46380615234375,262330500
2020-10-14,117.36681956932418,119.33586502763562,116.028258506117,117.55111694335938,150712000
2020-10-15,115.15525739322722,117.560787576873,114.60237278324881,117.08550262451172,112559200
2020-10-16,117.63840880188037,117.90030584427576,115.24257258596,115.4462661743164,115393800
2020-10-19,116.35803418573154,116.80422116143153,112.18715207359088,112.49754333496094,120639300
2020-10-20,112.71094256212962,115.4074757022461,112.15805784138063,113.98161315917969,124423700
2020-10-21,113.16683302863848,115.14558032107824,112.95343762450592,113.36083221435547,89946000
2020-10-22,113.92340448698165,114.49569279996962,111.14927920105526,112.27445220947266,101988000
2020-10-23,112.89522488264528,113.05042420827988,110.84858002778377,111.58576202392578,82572600
2020-10-26,110.58668561250266,113.05041929759861,109.49061077367527,111.595458984375,111850700
2020-10-27,112.02225141814819,113.75850508779021,111.10077943831497,113.09892272949219,92276800
2020-10-28,111.59548115439539,111.96406850952522,107.76408046155812,107.86107635498047,143937800
2020-10-29,108.99594897135509,113.41902674173545,108.83104781563942,111.85736846923828,146129200
2020-10-30,107.72527053869118,108.6273463236584,104.48556211975591,105.5913314819336,190272600
2020-11-02,105.8338155489353,107.35667373960923,104.09756199136386,105.50402069091797,122866900
2020-11-03,106.36731546450528,108.14236164402186,105.46523966166725,107.12389373779297,107624400
2020-11-04,110.71279021468385,112.11924902667879,108.97653651830575,111.49846649169922,138235500
2020-11-05,114.40839736997158,116.0282591074031,113.3608313760952,115.45597076416016,126387100
2020-11-06,114.96530169353447,115.82034860014043,112.8373918555085,115.32481384277344,114457900
2020-11-09,117.08347300114552,118.53122507296646,112.7596464655049,113.02198791503906,154515300
2020-11-10,112.27383288243148,114.25598657554706,110.8940882741732,112.68192291259766,138023400
2020-11-11,113.86731293234887,116.23812654293447,113.13857769111563,116.10209655761719,112295000
2020-11-12,116.22842646880996,117.1126214574974,115.20819406878398,115.83004760742188,103162300
2020-11-13,116.05354364266076,116.27701834676313,114.52805783909481,115.87864685058594,81581900
2020-11-16,115.54826720324448,117.55957633149036,114.80010222486767,116.88914489746094,91183000
2020-11-17,116.16040329852451,117.24864320805052,115.58712770640344,116.00493621826172,74271000
2020-11-18,115.24704394181461,116.42273584755772,114.65433871642078,114.68348693847656,76322100
2020-11-19,114.25597458875419,115.68429695756758,113.49809106564801,115.27620697021484,74113000
2020-11-20,115.27620565626937,115.40251710432108,113.96448361868471,114.0130615234375,73604300
2020-11-23,113.85761911856477,114.28514625847261,110.52486892820643,110.62203216552734,127959300
2020-11-24,110.68030932430327,112.56529939521855,109.39772821414678,111.90457916259766,113874200
2020-11-25,112.27381743371453,113.43979090606146,111.90458681744444,112.74020385742188,76499200
2020-11-27,113.26490259506915,114.158816151439,112.92482759135008,113.28433227539062,46691300
2020-11-30,113.65355580646789,117.54014397849063,113.49808872130923,115.6745834350586,169410200
2020-12-01,117.57900876605405,119.96925956195165,116.60736173944143,119.24052429199219,127728200
2020-12-02,118.56035832864589,119.87208764992158,117.46239993689542,119.5903091430664,89004200
2020-12-03,120.01783429457547,120.27046459048226,118.74497909552679,119.45428466796875,78967600
2020-12-04,119.12393425897255,119.3765645833526,118.07455360054387,118.78385925292969,78260400
2020-12-07,118.8421361387792,121.03806032248434,118.78383969393643,120.2413101196289,86712000
2020-12-08,120.84374345698704,121.43644873670094,119.60002903502645,120.85345458984375,82225500
2020-12-09,120.99921619827668,122.37895334699282,117.56930300737729,118.32718658447266,115089200
2020-12-10,117.08349246993481,120.35794633884018,116.7434174184058,119.74580383300781,81312200
2020-12-11,118.95875310526962,119.27939842297663,117.13205925122674,118.93932342529297,86939800
2020-12-14,119.12393693642923,119.85267228564851,118.09399334838469,118.32718658447266,79184500
2020-12-15,120.81460252887871,124.27367140820184,120.61055751786674,124.25423431396484,157243700
2020-12-16,123.79755773169585,124.73033062366706,122.9716517851633,124.18621063232422,98208600
2020-12-17,125.24531371153455,125.90604149372504,124.40969655609783,125.05098724365234,94359800
2020-12-18,125.3036238225863,125.43965383144652,122.54414204339464,123.06883239746094,192541500
2020-12-21,121.47531311924551,124.67203286094654,119.94982751976666,124.59429931640625,121251600
2020-12-22,127.87847449783371,130.59908932336018,125.97403967211778,128.1408233642578,168904800
2020-12-23,128.41289134338277,128.67522539994948,127.07201352740594,127.24691772460938,88223700
2020-12-24,127.59669160383469,129.67601559807733,127.38292807699283,128.22825622558594,54930100
2020-12-28,130.19099379190865,133.44600251933943,129.72459253226933,132.81443786621094,124486200
2020-12-29,134.13588116304936,134.85489050709643,130.53106400488656,131.04603576660156,121047300
2020-12-30,131.735898609551,132.13427742745725,129.6177004950943,129.9286346435547,96452100
2020-12-31,130.27844532518537,130.91973597132423,127.98535756948488,128.9278564453125,99116600
2021-01-04,129.73430670995643,129.82175137838865,123.1659711614339,125.74083709716797,143301900
2021-01-05,125.23559175221487,128.00479186519019,124.78862757117713,127.29547882080078,97664900
2021-01-06,124.09875295807365,127.33433916722099,122.79674215546176,123.01050567626953,155088000
2021-01-07,124.72060913109178,127.89789896268525,124.2347856325796,127.20802307128906,109578200
2021-01-08,128.67520026141898,128.86954151504634,126.53757990692247,128.3059844970703,105158200
2021-01-11,125.5270809622862,126.47929089114106,124.85664214589357,125.32302856445312,100384500
2021-01-12,124.85666571536174,126.01292826031991,123.26316489383075,125.14816284179688,91951100
2021-01-13,125.1092658720847,127.72299874717103,124.84693184960055,127.17887878417969,88636800
2021-01-14,127.09144014639318,127.28576659581172,125.10927181431389,125.2550277709961,90221800
2021-01-15,125.12869482471949,126.52786882491789,123.39916441507316,123.53519439697266,111598500
2021-01-19,124.15706500945309,125.0607045202907,123.34088500532488,124.20565032958984,90757300
2021-01-20,125.0121142129877,128.73352422939956,124.90523244341398,128.28656005859375,104319500
2021-01-21,130.00638521290585,135.7099489572785,129.80233279797613,132.9893341064453,120150900
2021-01-22,132.4160198327871,135.8848058973696,131.1917502473684,135.12692260742188,114459400
2021-01-25,139.01355380816258,140.97627022018892,132.6686847833474,138.8677978515625,157611700
2021-01-26,139.52849439587914,140.20864422957436,137.3617112330404,139.10096740722656,98390600
2021-01-27,139.3633171255217,140.208660067174,136.42895396495652,138.03216552734375,140843800
2021-01-28,135.56422012291074,137.9641898687069,132.82416793009364,133.20310974121094,142621100
2021-01-29,131.9788209864335,132.86302336292994,126.51816929301403,128.2185516357422,177523800
2021-02-01,129.95780442586786,131.5415940017464,127.21775238608966,130.3367462158203,106239800
2021-02-02,131.88166811874655,132.44522526454477,130.79342801715512,131.16265869140625,83305400
2021-02-03,131.91081569341782,131.92054165395052,129.82178018887643,130.14242553710938,89880900
2021-02-04,132.43547630144383,133.50427900274144,130.77395356806818,133.49456787109375,84183100
2021-02-05,133.65513325973174,133.72324245824956,132.20521062487953,133.08099365234375,75693800
2021-02-08,132.37065786118401,133.27564766652046,131.29051736028654,133.22698974609375,71297200
2021-02-09,132.9448026300194,134.1709170758531,132.1955269668042,132.35121154785156,76774200
2021-02-10,132.80856880476307,133.30485887781032,130.78452077617774,131.74789428710938,73046600
2021-02-11,132.24417927998556,132.72100324758284,130.17148801909838,131.49490356445312,64280000
2021-02-12,130.73588879731562,131.88413877300763,130.09363973549668,131.7284393310547,60145100
2021-02-16,131.84518629017936,132.35118706954955,129.2178071626484,129.6070556640625,80576300
2021-02-17,127.71925617483,128.6631634845205,125.98714097419074,127.32028198242188,97918500
2021-02-18,125.7243978338029,126.50288006540657,123.98255701846796,126.22068786621094,96856700
2021-02-19,126.73640709556466,127.1937647700894,125.3351422926217,126.37635040283203,87668800
2021-02-22,124.56639727156255,126.23040308983671,122.22123254914695,122.6104736328125,103916400
2021-02-23,120.43073670834654,123.30137584564321,115.20519230196524,122.4742431640625,158273000
2021-02-24,121.57899955251936,122.1823162213377,118.94190197736167,121.97796630859375,111039900
2021-02-25,121.32599812486836,123.05811336412599,117.29736837706596,117.73526000976562,148199500
2021-02-26,119.29221728289741,121.49142336780443,117.93961010314024,117.99800109863281,164560400
2021-03-01,120.42099709481208,124.4885510714253,119.48682297794498,124.3523178100586,116307900
2021-03-02,124.95564701355688,125.25730532990295,121.64710890595583,121.754150390625,102260900
2021-03-03,121.45249652917722,122.32828720569532,118.56239100874602,118.77647399902344,112966300
2021-03-04,118.47479173492613,120.27502322512267,115.42899483365645,116.89836883544922,178155000
2021-03-05,117.7255127803743,118.65968686991202,114.40724183835442,118.15367126464844,153766600
2021-03-08,117.67686731260757,117.74498394850409,113.08383865170997,113.22980499267578,154376600
2021-03-09,115.82797605727136,118.77646492277744,115.5944343694315,117.83255767822266,129525800
2021-03-10,118.4164168777091,118.88350022910564,116.23666982400522,116.7524185180664,111943300
2021-03-11,119.24355264557505,119.89552719538874,117.99798711036199,118.67915344238281,103026500
2021-03-12,117.16112781873039,117.91041082516712,115.9544870681418,117.77417755126953,88105100
2021-03-15,118.14394380720245,120.66426645422422,117.18057052802266,120.65453338623047,92403800
2021-03-16,122.31854732264155,123.79766203262986,121.36491441345117,122.19204711914062,115227900
2021-03-17,120.71296243719065,122.47426966755624,119.04895622082427,121.40386199951172,111932600
2021-03-18,119.5743861389264,119.86631876877308,117.08325541441393,117.28760528564453,121229700
2021-03-19,116.67457065039011,118.16341092060107,116.4604876842397,116.76214599609375,185549500
2021-03-22,117.09300574322106,120.53777713211232,117.02488910943605,120.07068634033203,111912300
2021-03-23,120.0123099463268,120.89782623844285,118.8543196786337,119.24356079101562,95467100
2021-03-24,119.51603034411634,119.5938800533793,116.8400078374971,116.85946655273438,88530500
2021-03-25,116.32426633816141,118.38723908571315,115.79879193762964,117.34601593017578,98844700
2021-03-26,117.1124598512715,118.2120664416162,115.72092802368101,117.94932556152344,94071200
2021-03-29,118.3775042989523,119.28248673827066,117.48225492917581,118.12449645996094,80819200
2021-03-30,116.8789257121579,117.16112532326552,115.66255191815422,116.67457580566406,85671900
2021-03-31,118.37750228821312,120.19719278132602,117.89095275757859,118.86405181884766,118323800
2021-04-01,120.33341860340158,120.83942678607517,119.19488720011346,119.69116973876953,75089100
2021-04-05,120.53777850848313,122.7661761594041,119.75929632134557,122.51316833496094,88651200
2021-04-06,123.09703422020135,123.71008397089403,122.26990148299974,122.81483459472656,80171300
2021-04-07,122.4450511751175,124.47882455845117,121.7736104771957,124.45936584472656,83466700
2021-04-08,125.48114458057893,126.88240986807646,125.06271903272915,126.85321807861328,88844600
2021-04-09,126.3082511367721,129.4610823431084,125.987126690143,129.4221649169922,106686700
2021-04-12,128.95508396794366,129.27620842056396,127.11592744716376,127.70951843261719,91420000
2021-04-13,128.87726276289945,131.03754421397457,128.38097265896974,130.813720703125,91266500
2021-04-14,131.3099778007929,131.36836136344672,128.11821435701262,128.47825622558594,87222800
2021-04-15,130.22012045971883,131.36837019796266,130.04495491166549,130.88182067871094,89347100
2021-04-16,130.68718234573052,131.0472241792983,129.6946173321828,130.5509490966797,84922400
2021-04-19,129.91846854593953,131.82574950678435,129.75304346412022,131.2126922607422,94264200
2021-04-20,131.3877969750169,131.88407199058656,128.26414346394938,129.5291748046875,94812300
2021-04-21,128.79941986842354,130.15202725871225,127.76793701877672,129.90875244140625,68847100
2021-04-22,129.46110142550572,130.54124205126504,127.87495994409139,128.3907012939453,84566500
2021-04-23,128.6047976585629,131.48516306112936,128.6047976585629,130.70669555664062,78657500
2021-04-26,131.2029887894015,131.4267974851822,129.96714844185797,131.095947265625,66905100
2021-04-27,131.3780816016613,131.7673300838562,130.5022985012677,130.77476501464844,66015800
2021-04-28,130.69693041123548,131.3878372667235,129.50002274292763,129.986572265625,107760100
2021-04-29,132.79880749394718,133.38267277073504,128.88694577541443,129.8892364501953,151101000
2021-04-30,128.23502143741464,129.9671369612886,127.54412926632877,127.92363739013672,109839500
2021-05-03,128.48796838679135,130.4633727552625,128.283625938946,128.97451782226562,75135100
2021-05-04,127.66086791309522,127.95280060042849,123.29164779323206,124.41071319580078,137564700
2021-05-05,125.72439172337612,126.94076551104096,124.5274840738415,124.65399169921875,84000900
2021-05-06,124.44961615985031,126.25958068498952,123.71005892640017,126.2498550415039,78128300
2021-05-07,127.54627247102638,127.94590938474946,126.2108524591679,126.92243194580078,78973300
2021-05-10,126.14263998590019,126.26934761190338,123.6082792363769,123.64727020263672,88071200
2021-05-11,120.38186236478138,123.08192191649415,119.67029018955704,122.73101806640625,126142800
2021-05-12,120.28438654552215,121.4930768252382,119.16342036759427,119.6702880859375,112172300
2021-05-13,121.43459040557941,122.96495055227784,121.12267010296466,121.81474304199219,105861300
2021-05-14,123.06242504546209,124.66101753625983,122.67252280548946,124.23212432861328,81918000
2021-05-17,123.61804864388507,123.72527195908786,122.00970635261075,123.0819320678711,74244600
2021-05-18,123.36458623209384,123.78372980629568,121.62952920667057,121.69776153564453,63342900
2021-05-19,120.05045503106065,121.76601312715728,119.75802646818856,121.54182434082031,92612000
2021-05-20,122.06819413421118,124.49532449020155,121.94147161685788,124.09567260742188,76857100
2021-05-21,124.59278661639331,124.76824225453443,122.04868358173061,122.26313018798828,79295400
2021-05-24,122.82848472896345,124.70975612799803,122.76025239580743,123.89096069335938,63092900
2021-05-25,124.59277665961783,125.08016000374234,123.13064893754277,123.69600677490234,72009500
2021-05-26,123.75449350065962,124.17363709199465,123.22812661130169,123.64727020263672,56575900
2021-05-27,123.24762087836753,124.41732007226534,121.92195782567474,122.11690521240234,94625600
2021-05-28,122.39959761550023,122.62379382802953,121.4053539348129,121.46383666992188,71311100
2021-06-01,121.92196296159237,122.1851426884376,120.81074644955004,121.14215850830078,67637100
2021-06-02,121.14215297391479,122.07791381305455,120.91796422365286,121.90245819091797,59278900
2021-06-03,121.5320538514475,121.69775987143738,120.02118559755706,120.42083740234375,76229200
2021-06-04,120.93747667465416,122.97471215998662,120.72303005127523,122.7115249633789,75169300
2021-06-07,122.98444744531308,123.1306617200527,121.67828344764422,122.72126770019531,71057600
2021-06-08,123.40358202860334,125.21662849111421,123.0234294041827,123.54004669189453,74403800
2021-06-09,123.99819373222839,124.52456067367201,123.32561251203367,123.92021179199219,56877900
2021-06-10,123.8130154670569,124.95348114045372,122.76028879150648,122.92599487304688,71186400
2021-06-11,123.33535493510138,124.22238272093318,122.91621132668672,124.13465118408203,53522400
2021-06-14,124.59281688929634,127.2441364345247,123.8617527922061,127.18565368652344,96906500
2021-06-15,126.65927274152149,127.30261260822043,126.12315618593904,126.3668441772461,62746300
2021-06-16,127.07842216944793,127.58529740869534,125.21665702603657,126.86397552490234,91815000
2021-06-17,126.52277798345058,129.203345250585,126.37655629930642,128.4625244140625,96721700
2021-06-18,127.40983331102534,128.1896229684165,126.95169870686416,127.16614532470703,108953300
2021-06-21,127.01016734634604,129.066894317528,125.94769141357571,128.9596710205078,79663300
2021-06-22,128.7939773736595,130.69474066397615,128.29684436989922,130.59725952148438,74783600
2021-06-23,130.39259586711862,130.92871251033458,129.86622139067492,130.32435607910156,60214200
2021-06-24,131.05539194095186,131.240597184488,129.5737648661965,130.04165649414062,68711000
2021-06-25,130.09037560621056,130.50951172104854,129.45677804212312,129.74920654296875,70783700
2021-06-28,130.04171500735643,131.83525576755738,129.98323224593216,131.3771209716797,62111300
2021-06-29,131.3965550234282,133.0438880631515,130.9579196567259,132.88792419433594,64556100
2021-06-30,132.7319822442512,133.94068011687085,132.439553660315,133.50204467773438,63261400
2021-07-01,133.15111722207564,133.86268195374564,132.3323143115352,133.80419921875,52485800
2021-07-02,134.41831341650158,136.46529884864614,134.27210654572147,136.4263153076172,78852600
2021-07-06,136.53351700878477,139.53574001915328,136.53351700878477,138.4342803955078,108181800
2021-07-07,139.91585290212097,141.23177365056304,139.05808151749494,140.91986083984375,104911600
2021-07-08,138.00536723887996,140.42274763655988,137.11833949517367,139.6234588623047,105575500
2021-07-09,139.1458282969305,141.97260274724476,139.04834716131978,141.4462432861328,99890800
2021-07-12,142.51848639937432,142.62570970674338,140.364278087154,140.85165405273438,76299700
2021-07-13,140.3934637496342,143.73686928115097,140.00356908128663,141.9628143310547,100827100
2021-07-14,144.36078433286042,145.79367103404422,143.95137538377713,145.38426208496094,127050800
2021-07-15,145.47199168239987,146.21279783696795,143.3762659892824,144.73117065429688,106820300
2021-07-16,144.7116829108476,145.97884856339024,142.1968210625346,142.69393920898438,93251400
2021-07-19,140.12058929133983,140.43251704679776,138.0931035014654,138.85340881347656,121434600
2021-07-20,139.83790622702588,143.3860023478585,139.35053030452949,142.45997619628906,96350000
2021-07-21,141.8556195804996,142.4404765741107,140.97834896361408,141.72889709472656,74993500
2021-07-22,142.2553252616605,144.45825967498962,142.12860272787458,143.09361267089844,77338200
2021-07-23,143.8246641352954,144.96512221870486,143.21056560056124,144.8091583251953,71447400
2021-07-26,144.52647939059113,146.04709009069717,143.97086362595675,145.22830200195312,72434100
2021-07-27,145.35500444699645,145.4427434254304,141.87514775749966,143.06434631347656,104818600
2021-07-28,141.15382825419624,143.25929604709813,138.94113715127986,141.3195343017578,118931200
2021-07-29,141.03680333858307,142.84984180610283,140.92958007375825,141.9628143310547,56699500
2021-07-30,140.73466343435456,142.63542638578699,140.4714762953773,142.1772918701172,70440600
2021-08-02,142.6647202141764,143.23982039265098,141.58274477107045,141.84593200683594,62880000
2021-08-03,142.12855135709023,144.30224361135603,141.51445299043982,143.63941955566406,64786600
2021-08-04,143.5517196242508,144.058579914417,142.58670986762564,143.2397918701172,56368300
2021-08-05,143.2690486927029,144.10733603044793,142.4795019309908,143.34703063964844,46397700
2021-08-06,142.86869219057516,143.61060825982952,142.16581806356817,142.66368103027344,54126800
2021-08-09,142.72220631473397,143.2103123656707,142.05838923545102,142.6148223876953,48908700
2021-08-10,142.9565812036722,144.1963754257306,141.84369939131616,142.13656616210938,69023100
2021-08-11,142.57578725696132,143.22984760890972,142.06815276895088,142.3903045654297,48493500
2021-08-12,142.71246608285676,145.5044336133679,142.37078584930737,145.34823608398438,72282600
2021-08-13,145.42634081402107,145.88516176552068,144.74299521470792,145.55325317382812,59375000
2021-08-16,145.00657783567002,147.59354953492934,142.98582599022765,147.52520751953125,103296000
2021-08-17,146.65636676617194,148.07187159409528,145.5434853619502,146.61732482910156,92229700
2021-08-18,146.23660593235846,147.134719463398,142.67342208980006,142.87843322753906,86326000
2021-08-19,141.5800696426097,144.4794213850425,141.0626783117476,143.21034240722656,86960300
2021-08-20,143.93272733385453,144.9675098694575,143.28842371499448,144.66488647460938,60549600
2021-08-23,144.7820517027598,146.61733569322215,144.37204430196212,146.1487579345703,60131800
2021-08-24,145.89492826143862,147.27139120779157,145.60206158624175,146.06088256835938,48606400
2021-08-25,146.24637657624294,146.74425443123712,144.28419502392072,144.83087158203125,58991300
2021-08-26,144.82112485660906,145.5727977281921,144.00109506679658,144.03038024902344,48597200
2021-08-27,143.97178711441077,145.21158091727293,143.33725507209095,145.06515502929688,55802400
2021-08-30,145.45564049048158,149.83883931473636,145.07491826892314,149.47763061523438,90956700
2021-08-31,149.02856544896787,149.16523456794167,147.69114453920625,148.2183074951172,86453100
2021-09-01,149.19449034490623,151.29334030752833,148.71614107484842,148.88209533691406,80313700
2021-09-02,150.20979354918074,151.0395800272227,148.77476016459727,149.99502563476562,71115500
2021-09-03,150.10239938899159,150.9517142276546,149.44833892893834,150.6295623779297,57808700
2021-09-07,151.28363626481305,153.51915609845358,150.71743128739138,152.9627227783203,82278300
2021-09-08,153.24580029178898,153.30437064554417,150.31716343749,151.4202880859375,74420200
2021-09-09,151.79126431107525,152.39651120399355,150.28788894400816,150.40504455566406,57305700
2021-09-10,151.31292061025323,151.7814983871202,145.1627795675759,145.42636108398438,140893200
2021-09-13,147.04686479158386,147.81806596111582,145.21158088499752,145.9925537109375,102404300
2021-09-14,146.77353720711707,147.4764113119793,143.41536423851278,144.59657287597656,109296300
2021-09-15,145.02608811276684,145.88515965134906,142.88818092204215,145.4849090576172,83281300
2021-09-16,144.90897545621797,145.42636685232276,143.71799510025087,145.25064086914062,68034100
2021-09-17,145.27991132028194,145.27991132028194,142.29268938190515,142.58555603027344,129868800
2021-09-20,140.37936883525987,141.3946233415319,137.90955225490944,139.53982543945312,123478900
2021-09-21,140.5062336067531,141.16030897663776,139.38359538478255,140.01812744140625,75834000
2021-09-22,141.0138330802469,142.94672884294354,140.2816740145179,142.3805389404297,76404300
2021-09-23,143.1615238009879,143.5813028239796,142.17555476827644,143.33724975585938,64838200
2021-09-24,142.19507259526048,143.96201429353556,142.09744541695585,143.4250946044922,53477900
2021-09-27,142.00962976919416,142.48797924389808,140.39888514559524,141.91200256347656,74150700
2021-09-28,139.8424227657557,141.30674132874793,138.31953384357482,138.5343017578125,108972300
2021-09-29,139.08098176355122,141.013878143942,138.65144592439347,139.4324188232422,74602000
2021-09-30,140.24268621892764,140.9455603850025,137.91929578685694,138.13406372070312,89056700
2021-10-01,138.52452409983053,139.5202648503588,135.80089824481317,139.25668334960938,94639600
2021-10-04,138.38785651091933,138.82716398233575,134.98088496397907,135.83018493652344,98322000
2021-10-05,136.17188224652747,138.85646652806082,136.04496985928344,137.7533416748047,80861100
2021-10-06,136.15234566592073,138.76858776803195,135.07850605934124,138.62216186523438,83221100
2021-10-07,139.65696027730579,140.7893703718494,139.32505159657362,139.88148498535156,61732700
2021-10-08,140.60387247260306,140.75029837603776,139.16883903566588,139.50074768066406,58773200
2021-10-11,138.88576984450557,141.36534327777014,138.4367054973454,139.4129180908203,64452200
2021-10-12,139.82286975119803,139.84239816609858,137.68496264197734,138.14378356933594,73035900
2021-10-13,137.88024208325538,138.03642474342516,135.88876048394778,137.55809020996094,78762700
2021-10-14,138.72955687137625,140.45745714105692,138.14382342191217,140.34030151367188,69907100
2021-10-15,140.35005282323274,141.45316264244676,140.0962280805495,141.39459228515625,67940300
2021-10-18,140.03769971257742,143.34705995414433,139.75460460218306,143.06396484375,85589200
2021-10-19,143.51298745891924,145.62160993395176,143.06393807186709,145.2213592529297,76378900
2021-10-20,145.16276563549152,146.18779152686344,144.59656071553547,145.70944213867188,58418800
2021-10-21,145.2701339545865,146.08039186170322,144.35249211048287,145.9241943359375,61421000
2021-10-22,146.12919675335147,146.60753116579318,145.10417103326708,145.15298461914062,58883400
2021-10-25,145.14322894722775,145.8168177773373,144.10844635434742,145.10418701171875,50720600
2021-10-26,145.77777738990952,147.25185252804923,145.4653823192533,145.7680206298828,60893400
2021-10-27,145.80706700277705,146.16826078037482,144.95776708428832,145.3092041015625,56094900
2021-10-28,146.25616571377768,149.5264686918417,146.1585385042387,148.9407501220703,100077900
2021-10-29,143.7179583128391,146.3732566337639,142.927228830471,146.23658752441406,124953200
2021-11-01,145.44589589912687,146.13899838558393,144.2842007193759,145.41661071777344,74588300
2021-11-02,145.12376630561454,147.96454849991824,145.113994646449,146.451416015625,69122000
2021-11-03,146.81257403590004,148.35499132920407,146.25614074482093,147.88641357421875,54511500
2021-11-04,147.97429607005193,148.8040677773685,147.056653914814,147.36904907226562,60394600
2021-11-05,148.49330137784227,148.79636649786093,146.70422366033108,147.89694213867188,65463900
2021-11-08,148.02403856122066,148.18046407919945,146.80199217243356,147.0757293701172,55020900
2021-11-09,146.8410949734435,148.0435844748696,146.70422637098488,147.4374542236328,56787900
2021-11-10,146.66511965093986,146.7726603269792,144.54364896685252,144.61207580566406,65187100
2021-11-11,145.62879163097531,146.0882672259821,144.37740273975967,144.5631561279297,41000000
2021-11-12,145.11067671997742,147.03662312152338,144.18192440007093,146.63580322265625,63804000
2021-11-15,147.00725921767452,148.48350051743287,146.08827812399716,146.64553833007812,59222800
2021-11-16,146.5869216938867,148.1022623119589,146.0003334167105,147.6232147216797,59256200
2021-11-17,147.62317383397615,151.5337214852073,147.61340283516802,150.0574951171875,88807000
2021-11-18,150.27258025090998,155.12165110785514,149.62733629184328,154.33953857421875,137827700
2021-11-19,154.12445397592487,157.41910052968012,153.02950540265965,156.95960998535156,117305600
2021-11-22,158.06437288139423,161.99447854129045,157.3995867561447,157.4191436767578,117467900
2021-11-23,157.51689191338718,158.18169292863084,155.502961782972,157.8004150390625,96041900
2021-11-24,157.15516717862224,158.51408217991857,156.06998937776268,158.3185577392578,69463600
2021-11-26,156.00157185337474,156.8618824271744,152.8633499442556,153.30328369140625,76959800
2021-11-29,155.8060160344783,157.58532267329434,155.2389847402696,156.6565704345703,88748200
2021-11-30,156.41212888047625,161.8184596016363,156.3436871388529,161.60337829589844,174048100
2021-12-01,163.7346542506034,166.49159798116264,160.85062784337472,161.08526611328125,152052500
2021-12-02,155.19011206164845,160.52800204808736,154.27113083970096,160.09783935546875,136739200
2021-12-03,160.35203598315746,161.27101721338744,156.14819360952984,158.2207794189453,118023100
2021-12-06,160.61599065605895,164.12571914002814,160.6062196554979,161.6229705810547,107497000
2021-12-07,165.29886939857903,167.74296195252498,164.5754126322905,167.35189819335938,120405400
2021-12-08,168.280661937793,172.02501344578044,166.8826332677211,171.16468811035156,116998900
2021-12-09,170.9984899495763,172.7973384356804,170.03062395661757,170.65631103515625,108923700
2021-12-10,171.29180928871014,175.61296364291238,170.78343380069845,175.43698120117188,115402700
2021-12-13,177.06959785970832,178.0570207166816,171.60461094345368,171.80992126464844,153237000
2021-12-14,171.33091243496327,173.76523433574428,168.3589020297747,170.43148803710938,139380400
2021-12-15,171.1940123824784,175.48583813344078,168.45662585148168,175.29031372070312,131063300
2021-12-16,175.27079308478832,177.08919884301145,166.9315491019716,168.40777587890625,150185800
2021-12-17,166.12988807604526,169.59073223954843,165.8952646870351,167.31283569335938,195432700
2021-12-20,164.51674516713837,166.76531314131543,163.7150906232475,165.95387268066406,107499100
2021-12-21,167.72340078083394,169.3267248588515,165.33796412188073,169.12142944335938,91185900
2021-12-22,169.1703411922784,171.92728536537462,168.30024464668514,171.7122039794922,92135300
2021-12-23,171.91752899586834,172.89516631761327,171.3504975591489,172.33790588378906,68356600
2021-12-27,173.12975263201184,176.3852860059842,173.1102106304085,176.29730224609375,74919600
2021-12-28,176.1310871789595,177.27492068975482,174.5375340801528,175.28053283691406,79144300
2021-12-29,175.31967594887476,176.5906072567406,174.15628532669507,175.36856079101562,62348900
2021-12-30,175.45653864701075,176.53194546765312,174.10739462067014,174.21493530273438,59773000
2021-12-31,174.1073900997929,175.2218958133562,173.29594950484335,173.59902954101562,64062300
2022-01-03,173.85319685203027,178.79026689432098,173.73588518068755,177.93971252441406,104487900
2022-01-04,178.54585013474667,178.84891521802436,175.11433471652768,175.68136596679688,99310400
2022-01-05,175.5934060632604,176.14088047095728,170.7345483186125,171.00828552246094,94537600
2022-01-06,168.83792269234627,171.3797850968752,167.80162976232634,168.15357971191406,96904000
2022-01-07,169.02367835082143,170.24572473108867,167.2052727402814,168.3197784423828,86709100
2022-01-10,165.29888813158135,168.64240533418686,164.40923476090865,168.33934020996094,106765600
2022-01-11,168.46641535499305,171.26244286002324,166.99995985190662,171.16468811035156,76138300
2022-01-12,172.18146241376857,173.2177554801649,170.91054596180936,171.6046600341797,74805200
2022-01-13,171.84905393496265,172.6702655459411,167.94827640647682,168.33934020996094,84505800
2022-01-14,167.50832321300913,169.89375992557677,167.26391395832079,169.19964599609375,80440800
2022-01-18,167.6745435442064,168.68150862321704,165.62151446360372,166.00279235839844,90956700
2022-01-19,166.19829964047344,167.25414945182573,162.22909557704548,162.51260375976562,94815000
2022-01-20,163.24581922868165,165.8854360990158,160.50843269303434,160.8310546875,91420500
2022-01-21,160.7430445202844,162.61033443094894,158.67045923078265,158.7779998779297,122848900
2022-01-24,156.44149634340394,158.67050778679211,151.24045969712583,158.00570678710938,162294600
2022-01-25,155.4247355135648,159.1202024043847,153.5085752311325,156.20684814453125,115798400
2022-01-26,159.84366081362626,160.7137572085088,154.29068942101793,156.11886596679688,108275300
2022-01-27,158.81715723147198,160.17607231774176,154.74041197266266,155.65939331054688,121954600
2022-01-28,162.0042414218655,166.5404767176366,159.1593140383979,166.5209197998047,179935700
2022-01-31,166.35470576493188,171.0864649878099,165.7192328015865,170.8713836669922,115541600
2022-02-01,170.1186120178827,170.93005253238587,168.4566320719076,170.7052001953125,86213900
2022-02-02,170.84207875406224,171.94681342176997,169.45383589849953,171.90769958496094,84914300
2022-02-03,170.57811566132818,172.29876649074853,168.27089152715305,169.033447265625,89418100
2022-02-04,168.05454433189513,170.42345318106436,167.07566180917001,168.7495574951172,82465400
2022-02-07,169.2097059817725,170.27668480396645,167.3400359774425,168.03504943847656,77251200
2022-02-08,168.10348925040896,171.64705409326743,167.80982151011347,171.13803100585938,74829200
2022-02-09,172.33231049138615,172.91963117728815,171.20658637108463,172.5574493408203,71285000
2022-02-10,170.46260694632986,171.77430598076174,167.92730472233933,168.48526000976562,90865900
2022-02-11,168.6907983800789,169.42496014785448,164.49138470392919,165.07872009277344,98670700
2022-02-14,163.8355528500562,165.99888966269845,163.04266044585623,165.3136749267578,86185500
2022-02-15,167.3596000589275,169.29778389652108,166.65480322042677,169.1411590576172,62527400
2022-02-16,168.22095896225642,169.67948428764964,166.45896752351715,168.9061737060547,61177400
2022-02-17,167.41826624498145,168.27968759105596,164.91232953264935,165.3136749267578,69589300
2022-02-18,166.23387859788448,166.93866044821442,162.68052937533312,163.76708984375,82772700
2022-02-22,161.49607262837773,163.16996871038384,158.7258326412145,160.8500213623047,91162800
2022-02-23,162.04423283731927,162.6413518716535,156.37650867254357,156.68975830078125,90009200
2022-02-24,149.357894860665,159.41102239990326,148.79014121364656,159.3033447265625,141147500
2022-02-25,160.38009360125866,161.6330619155997,157.47281159186534,161.3687744140625,91974200
2022-02-28,159.6166064975814,161.9267702066246,158.99990563300975,161.6331024169922,95056600
2022-03-01,161.22197083806662,163.0818568508139,158.5496253630897,159.75364685058594,83474400
2022-03-02,160.91852050375005,163.82580321014547,159.50892707803538,163.04269409179688,79724800
2022-03-03,164.91236813214016,165.34307890598984,162.0540324670775,162.71966552734375,76678400
2022-03-04,161.01640589639365,162.05401907314567,158.67687705595137,159.72427368164062,83737200
2022-03-07,159.91029698865853,161.53524604361925,155.68151606537282,155.93603515625,96418800
2022-03-08,155.4661583222758,159.44041971330986,152.50992837199067,154.11529541015625,131148300
2022-03-09,158.06995256595388,159.959203685233,156.04367342146804,159.5089111328125,91454900
2022-03-10,156.81698565051138,157.00297572975708,152.68609998585092,155.17247009277344,105342000
2022-03-11,155.57381332247203,155.91642822664025,151.23737032666907,151.46250915527344,96970100
2022-03-14,148.25179027503273,150.86540543880508,146.93030751756515,147.43931579589844,108732100
2022-03-15,147.7134197726543,152.28481594029148,147.20441143229365,151.81494140625,92964300
2022-03-16,153.73350876565036,156.62120932527256,151.19820652447248,156.21986389160156,102300200
2022-03-17,155.2605702418383,157.60009906528276,154.30126947324382,157.22811889648438,75615400
2022-03-18,157.1204572234023,161.00662274780382,156.38629519642316,160.51718139648438,123511700
2022-03-21,160.05708320205216,162.83712104497158,159.56764191840216,161.88760375976562,95811400
2022-03-22,162.01484532225444,165.8422796739602,161.42752475473955,165.2549591064453,81532000
2022-03-23,164.4424952526729,168.9942934206818,164.1096638130363,166.61561584472656,98062700
2022-03-24,167.44765777264146,170.46261801995993,166.61561651162776,170.39410400390625,90131400
2022-03-25,170.20815276689837,171.57858276640368,169.10201037950475,171.03041076660156,80546200
2022-03-28,168.53420969754978,172.019029244763,168.36780145361686,171.89178466796875,90371900
2022-03-29,172.95877935054617,175.22977935165113,172.6161644453855,175.18084716796875,100589400
2022-03-30,174.77950323773482,175.81711647524634,172.96856432856262,174.01597595214844,92633200
2022-03-31,174.08448573079536,174.27047582290578,170.7171270473916,170.92269897460938,103049300
2022-04-01,170.35497284823808,171.18702920461877,168.3091113767006,170.62905883789062,78751300
2022-04-04,170.8835430731966,174.72076108227714,170.75628355518236,174.67181396484375,76468400
2022-04-05,173.7516656886956,174.53477477488693,170.73670541562527,171.36318969726562,73401800
2022-04-06,168.72020734548278,169.963392443072,166.5373033062765,168.20140075683594,89058800
2022-04-07,167.5455363451221,169.69907490999924,166.2632026288955,168.5048370361328,77594700
2022-04-08,168.1524524173325,168.1524524173325,165.62693350816983,166.49813842773438,76575500
2022-04-11,165.14730089465874,165.4605355802755,162.00508096962494,162.2498016357422,72246700
2022-04-12,164.47187468621496,166.28279871101802,163.12101178667447,164.11947631835938,79265200
2022-04-13,163.85514371182387,167.4280589196407,163.24824133176645,166.80157470703125,70618900
2022-04-14,167.0169140968793,167.65319663324865,161.55474838858942,161.79946899414062,75329400
2022-04-18,160.4584131571765,163.08182595142617,160.1158132536157,161.58413696289062,69023900
2022-04-19,161.53521398147984,164.2760883021938,160.44865367684753,163.8649444580078,67723800
2022-04-20,165.1962520760154,165.3137281661249,162.59243524088046,163.6985626220703,67929800
2022-04-21,165.343047199771,167.9077145784473,162.4063996901802,162.90562438964844,87227800
2022-04-22,162.94480808191494,164.32502122927878,158.08954369720692,158.3734130859375,84882400
2022-04-25,157.71760155404482,159.72431440347455,155.11378449938243,159.44044494628906,96046400
2022-04-26,158.82372320771267,158.91181906878418,153.4105028966986,153.4888153076172,95623200
2022-04-27,152.61757531774515,156.4156292897006,152.09876878373368,153.26364135742188,88063200
2022-04-28,155.88706244158715,161.04577820352466,155.57381282317428,160.18435668945312,130216800
2022-04-29,158.42236732431553,162.69029635210208,153.92929946524063,154.3208465576172,131747600
2022-05-02,153.40069487713816,154.88858563658798,150.0333364297974,154.62429809570312,123055300
2022-05-03,154.81029731534235,157.31624964341847,153.01895506893698,156.11221313476562,88966500
2022-05-04,156.29818841895514,162.964376768375,155.8968429541357,162.51409912109375,108256500
2022-05-05,160.38990141926735,160.61504020896953,151.6778383257631,153.45941162109375,130525300
2022-05-06,152.93984857664353,156.30235682996496,151.1458596477854,154.1848602294922,116124600
2022-05-09,151.8811126841976,152.76341048572758,148.50882129057032,149.06759643554688,131577900
2022-05-10,152.4594939260044,153.65548649022554,149.92045170349726,151.4693603515625,115366700
2022-05-11,150.4792343504193,152.39085681137783,142.94056542836282,143.6169891357422,142689800
2022-05-12,139.96043637411066,143.32293029647687,136.0685607235715,139.7545623779297,182602000
2022-05-13,141.74458368466105,145.18551933414366,140.29371306035543,144.21499633789062,113990900
2022-05-16,142.68573136301794,144.61696502202452,141.3426813570236,142.67591857910156,86643800
2022-05-17,145.93055862687706,146.82265416778552,143.79345144967377,146.30308532714844,78336300
2022-05-18,143.9601314929513,144.46008977155722,137.14688920750964,138.04879760742188,109742900
2022-05-19,137.12725902913175,138.87222861134381,133.91180845347094,134.6470489501953,136095600
2022-05-20,136.3528207232791,137.93113785871375,130.00034593006458,134.88233947753906,137426100
2022-05-23,135.07841705772444,140.44077384848245,134.94117272312687,140.29373168945312,117726300
2022-05-24,138.03898075989613,139.17615657107172,134.62746828487894,137.59783935546875,104132700
2022-05-25,135.7058176181396,138.99969650386015,135.61759232548434,137.75469970703125,92482700
2022-05-26,134.68626677474316,141.49949297179577,134.4411865880973,140.9505157470703,90601500
2022-05-27,142.5288274126525,146.73439667634008,142.4013809336445,146.6951904296875,90978500
2022-05-31,146.1364342695409,147.69514080945274,143.9503080341332,145.91094970703125,103718400
2022-06-01,146.9500620711425,148.7538634677618,144.77374899266687,145.7834930419922,74286600
2022-06-02,144.920824891666,148.29313081917098,143.96991252402043,148.23431396484375,72348100
2022-06-03,144.0091506541789,145.05810131692076,141.61717995046743,142.51907348632812,88570300
2022-06-06,144.13658414441952,145.64628674294468,142.04849579123675,143.26409912109375,71598400
2022-06-07,141.5092943334597,146.06777945381725,141.26421416659088,145.7834930419922,67808200
2022-06-08,145.6560729457736,146.9206802540853,144.55811838609154,145.04827880859375,53950200
2022-06-09,144.18557316361037,145.03844740252498,139.72511089989996,139.83294677734375,69473000
2022-06-10,137.51940103001422,137.98995082700978,134.36276684809005,134.431396484375,91437900
2022-06-13,130.25523715092532,132.53938671229503,128.85338540144875,129.28472900390625,122207100
2022-06-14,130.51014411570253,131.25518271689248,128.89260543359612,130.1474151611328,84784300
2022-06-15,131.64728162043858,134.63726323315953,129.5592083618082,132.7648468017578,91533000
2022-06-16,129.48076322339185,129.78466025494586,126.50057984100815,127.5005111694336,108123900
2022-06-17,127.51033981148552,130.4611001773296,127.25544681769559,128.97100830078125,134520300
2022-06-21,130.79442925101708,134.36279718069025,130.69640612370614,133.1962127685547,81000500
2022-06-22,132.1374700396713,135.04902480535304,131.27479767249656,132.68646240234375,73409200
2022-06-23,134.1275183400123,135.86267563561398,132.96093402675356,135.54898071289062,72433800
2022-06-24,137.1468791706762,139.117333627322,137.01944763359853,138.87225341796875,89116800
2022-06-27,139.89178050713437,140.66624234545563,138.19582964679236,138.87225341796875,70207900
2022-06-28,139.3330131628478,140.59762053174873,134.61767206581916,134.7353057861328,67083400
2022-06-29,134.75490940956817,137.90173093297278,133.98044756827542,136.4900665283203,66242400
2022-06-30,134.5490488814723,135.64700354645933,131.13753620204082,134.02947998046875,98964500
2022-07-01,133.36282702594735,136.3037892489926,132.99031531614665,136.19595336914062,71051600
2022-07-05,135.05882114715405,138.82324999611623,134.23534018265374,138.77423095703125,73353800
2022-07-06,138.56834136394644,141.28381901974345,138.30365057809186,140.10743713378906,74064300
2022-07-07,140.4701612232241,143.66601661315485,140.46036340026106,143.46995544433594,66253700
2022-07-08,142.40142264422443,144.64636610420064,142.1465445700594,144.14639282226562,64547800
2022-07-11,142.80331779694055,143.75423009408246,140.95051223046443,142.01905822753906,63141600
2022-07-12,142.89154019342988,145.5286052761855,142.19552087150592,142.9895782470703,77588800
2022-07-13,140.17608985764943,143.56799177024092,139.3232005090592,142.62689208984375,71185600
2022-07-14,141.244640047542,146.01879814456234,140.4309718883509,145.54824829101562,78140700
2022-07-15,146.83247339444262,147.89122183493336,145.28356446993823,147.2147979736328,76259900
2022-07-18,147.77355664160174,148.58722466683977,143.81305239727462,144.17578125,81420900
2022-07-19,145.0090973341563,148.25395782693252,144.0189783944477,148.0284881591797,82982400
2022-07-20,148.14610577429508,150.69494637561027,147.41086501912858,150.0283203125,64823400
2022-07-21,151.45958316742,152.50853373902038,148.94996398855773,152.29286193847656,65086600
2022-07-22,152.33206789895848,153.20455292364784,150.3910366563313,151.05764770507812,66675400
2022-07-25,150.9791857674136,151.98891489270602,149.2832351431614,149.94004821777344,53623900
2022-07-26,149.2636385384265,150.0773065915356,147.83237855759032,148.61663818359375,55138700
2022-07-27,149.5773707705413,154.2338952339947,149.1656377708993,153.7045135498047,78620700
2022-07-28,153.8907653704556,154.53778073211737,151.37134852302864,154.2534942626953,81378700
2022-07-29,158.06696899861157,160.4099356728857,156.36120501340108,159.3119659423828,101786900
2022-08-01,157.84145882480365,160.3706884793457,157.72382510643268,158.3316192626953,67829400
2022-08-02,156.94935473605096,159.21389322725332,156.4886027966237,156.86111450195312,59907000
2022-08-03,157.67481177613547,163.311657015849,157.58658648416494,162.8607177734375,82507500
2022-08-04,162.7430429706028,163.8998292386339,161.19413438441296,162.54698181152344,55474100
2022-08-05,160.22044287042655,162.81208464474912,160.0142829089203,162.3212432861328,56697000
2022-08-08,163.32253000929188,164.73615535552312,161.1922805564501,161.85000610351562,60276900
2022-08-09,161.0156004495246,162.78263230320212,160.25970057725633,161.89910888671875,63135500
2022-08-10,164.60853143111325,166.23812814464867,163.8428202002786,166.1399688720703,70170500
2022-08-11,166.9449818323968,167.85795466533673,165.10923970992633,165.40374755859375,57149200
2022-08-12,166.70933581222894,169.01628078921996,166.29701596444957,168.94757080078125,68039400
2022-08-15,168.3782005294128,170.21394216296972,168.21131628811554,170.01760864257812,54091700
2022-08-16,169.61512926108554,170.52810192661653,168.51564947224608,169.8605499267578,56377100
2022-08-17,169.60531301748716,172.92339013736907,169.4089794863745,171.3527069091797,79542000
2022-08-18,170.5673396933382,171.69626861182405,169.94887490568271,170.9600067138672,62290100
2022-08-19,169.8605704706802,170.55757183637587,168.17207488829533,168.37823486328125,70346300
2022-08-22,166.58169604206546,166.74858025975374,164.0784028181707,164.5005340576172,69026800
2022-08-23,164.0195474098714,165.61969500518398,163.597416059393,164.1667938232422,54147100
2022-08-24,164.2551587296091,165.03068148199358,163.20475103663767,164.4613037109375,53841500
2022-08-25,165.68842382861962,167.02351305225312,165.26630740947445,166.91552734375,51218200
2022-08-26,167.44561591056575,167.91681938586046,160.56401098389765,160.62290954589844,78961000
2022-08-29,158.19812192757627,159.9160662270411,156.89249744175427,158.42391967773438,73314000
2022-08-30,159.1602105704912,159.58232691391927,154.83098655063566,155.9991912841797,77906200
2022-08-31,157.37349807256936,157.63855650622187,154.26156676243244,154.34010314941406,87991100
2022-09-01,153.77077627080038,155.51817026416148,151.836860169279,155.0666046142578,74229900
2022-09-02,156.82381061062185,157.4226376540656,152.13136852434044,152.9559783935547,76957800
2022-09-06,153.60388383195894,154.21252227519972,150.87480729194033,151.6994171142578,73714800
2022-09-07,151.98409298992328,153.80019664109167,150.7962505650505,153.10321044921875,87449600
2022-09-08,151.8074024718103,153.49589780674214,149.88329791132227,151.63070678710938,84923800
2022-09-09,152.62220516793604,154.92916542303703,151.91539245059826,154.48739624023438,68028800
2022-09-12,156.6667134786447,161.2511691580026,156.38203213199495,160.43637084960938,104956000
2022-09-13,156.97102730327344,157.5993035102858,150.5606417135221,151.02203369140625,122656600
2022-09-14,151.95465448242936,154.22235404144755,150.79627611743592,152.4651336669922,87965400
2022-09-15,151.8172302065752,152.3964344091801,148.6071384221947,149.57899475097656,90481100
2022-09-16,148.44021232229758,148.5776472684102,145.65222273370736,147.93954467773438,162278800
2022-09-19,146.57501740526791,151.7288507316376,146.36887246061372,151.6503143310547,81474200
2022-09-20,150.5900968013731,155.1843789131033,150.2759661753886,154.02598571777344,107689800
2022-09-21,154.45792171393398,155.83228620825895,150.78643873263653,150.90423583984375,101696800
2022-09-22,149.58879338602387,151.6405063427645,148.14571882351763,149.94219970703125,86652500
2022-09-23,148.42058784002563,148.6954577569954,145.83875792782328,147.67449951171875,96029900
2022-09-26,146.91863241520423,150.95334879982894,146.89899456754617,148.00830078125,93339400
2022-09-27,149.94217734892632,151.8859043349913,147.20327502469917,148.98011779785156,84442700
2022-09-28,144.93560783080054,147.8806554147203,142.18689375661808,147.09530639648438,146691400
2022-09-29,143.4238179924611,144.03245634378814,138.103085707034,139.8701171875,128138200
2022-09-30,138.69211755301987,140.4787870882612,135.47219979960417,135.6685333251953,124925300
2022-10-03,135.67838796700266,140.44936703001858,135.16790871082608,139.84071350097656,114311700
2022-10-04,142.37348118303015,143.54168632421022,141.61758109533244,143.42388916015625,87830100
2022-10-05,141.43100052371705,144.6803670999918,140.39040452379436,143.7183074951172,79471000
2022-10-06,143.13915751475957,144.83746445591814,142.55996829483985,142.76611328125,68402200
2022-10-07,139.9290453992253,140.47880029356153,136.8956494527264,137.52392578125,85925600
2022-10-10,137.84788513183594,139.29095992216133,136.03178109548642,137.84788513183594,74899000
2022-10-11,137.33735003488817,138.76080137670354,135.68813093384563,136.4342041015625,77033700
2022-10-12,136.58150689181417,137.78897231294513,135.62927355780315,135.80596923828125,70433700
2022-10-13,132.5173428390662,140.9598044199806,131.90868942611982,140.3708038330078,113224000
2022-10-14,141.66663200393148,141.8727919675868,135.65873850521228,135.8452606201172,88598000
2022-10-17,138.48595592005591,140.28242169324201,137.70060693296034,139.80140686035156,85250900
2022-10-18,142.825015544548,144.0128431743189,138.03439937209953,141.11688232421875,99136600
2022-10-19,139.09458913180654,142.2948685353432,138.9080670690917,141.22483825683594,61758300
2022-10-20,140.4002709458009,143.21769564184982,140.03703814278057,140.76348876953125,64522000
2022-10-21,140.25297565616944,145.14176534962488,140.03700430524796,144.5723876953125,86548600
2022-10-24,144.49383601206912,147.47814394112922,143.32563155001017,146.71243286132812,75981900
2022-10-25,147.34075911907576,149.6968066869272,146.62413491177585,149.54954528808594,74732300
2022-10-26,148.19481318791426,149.20594507644813,145.32828678897533,146.6143035888672,88194300
2022-10-27,145.35771914522275,146.31976369631963,141.48988811948774,142.14761352539062,109180200
2022-10-28,145.4853576495381,154.61500878306214,145.11232844918345,152.8872528076172,164762400
2022-10-31,150.35450854811523,151.4147275390832,149.13721674827332,150.5312042236328,97943200
2022-11-01,152.23934967138234,152.60256746450293,146.39834080336652,147.89048767089844,80379300
2022-11-02,146.22160672381153,149.38262560122348,142.34396380900958,142.3734130859375,93604600
2022-11-03,139.45780248243508,140.18425286730874,136.20843606207234,136.3360595703125,97918500
2022-11-04,139.71864706361086,140.28896920604143,132.1373281619349,136.07057189941406,140814800
2022-11-07,134.8217569283286,136.82770454508952,133.40578684396397,136.60154724121094,83374600
2022-11-08,138.06669154902085,139.06965789658196,135.19542542837,137.171875,89908500
2022-11-09,136.18857977969958,136.23774833279379,132.3438299914245,132.61915588378906,74917800
2022-11-10,138.88285345399055,144.41888427734375,137.17188688278108,144.41888427734375,118854000
2022-11-11,143.38645323831483,147.5065147597333,141.96063992686575,147.20169067382812,93979700
2022-11-14,146.48384590068005,147.77198095425382,144.96953850636208,145.80535888671875,73374100
2022-11-15,149.6795905900005,151.0267217594032,146.0806689942232,147.5359649658203,89868300
2022-11-16,146.6411761367448,147.36881668355312,144.83187247009243,146.3068389892578,64218300
2022-11-17,143.98623783804743,148.95196191687904,143.71091192910288,148.20465087890625,80389400
2022-11-18,149.76810292744864,150.15159363499748,147.4671586821555,148.76512145996094,74829600
2022-11-21,147.6540145740021,147.8605015253363,145.25473282614936,145.53988647460938,58724100
2022-11-22,145.65788443814483,147.909660354169,144.47789906303868,147.6736602783203,51804100
2022-11-23,146.95583870512687,149.29612388958984,146.84767388557262,148.54881286621094,58301400
2022-11-25,145.83487333926465,146.3953678932279,144.66473067745702,145.63821411132812,35195900
2022-11-28,142.71777000634125,144.19273663104678,140.98714790150922,141.81312561035156,69246000
2022-11-29,141.88196729880755,142.393293327039,138.00773375100172,138.8140411376953,83763800
2022-11-30,139.04018245155586,146.23802684928043,138.2043770255708,145.55953979492188,111380900
2022-12-01,145.7365320270306,146.64117635966434,144.1632284025417,145.83485412597656,71250400
2022-12-02,143.52411441944975,145.53006273642814,143.21927533321448,145.34323120117188,65447400
2022-12-05,145.30389650239576,148.40132070138284,143.33727415278167,144.18292236328125,68826400
2022-12-06,144.61557170242608,144.8417290558683,139.55151049910586,140.52499389648438,64727200
2022-12-07,139.81699890501977,140.97729872796708,137.6635453309665,138.58786010742188,69721100
2022-12-08,139.98414879173407,141.1247931057231,138.7451823842777,140.26930236816406,62128300
2022-12-09,139.96449489513216,143.14060047218985,138.54852454565471,139.78750610351562,76097000
2022-12-12,140.31849324023466,142.08845624970894,138.70586361029962,142.07862854003906,70462700
2022-12-13,147.00497801337218,147.467135331872,141.83276813492486,143.042236328125,93886200
2022-12-14,142.9242617747897,144.21239680146076,138.80418622868987,140.81997680664062,82291200
2022-12-15,138.75501875197617,139.43350575702271,133.7597969655739,134.22195434570312,98931900
2022-12-16,134.4087776749108,135.35274779526193,131.49817062820333,132.26515197753906,160156900
2022-12-19,132.85513540362356,132.94362978303496,129.12839371956332,130.16085815429688,79592600
2022-12-20,129.19722445474264,131.02618341248566,127.72225803734129,130.092041015625,77432800
2022-12-21,130.76068907847488,134.52677190815584,130.53453175568677,133.18946838378906,85928000
2022-12-22,132.10785363301125,132.31434056379908,128.12544063659777,130.02322387695312,77852100
2022-12-23,128.7350936895975,130.21006041152802,127.47645662054781,129.65940856933594,63814900
2022-12-27,129.18743096288975,129.2169290987198,126.57181955561124,127.85995483398438,69007800
2022-12-28,127.505939784758,128.8432433891337,123.76936236246999,123.9365234375,85438400
2022-12-29,125.8539861302219,128.30242867918332,125.5983306446105,127.44695281982422,75703700
2022-12-30,126.2669671564067,127.78125947114631,125.30331909041402,127.76158905029297,77034200
2023-01-03,128.10576142344397,128.71540946850325,122.09773035328112,122.98271179199219,112117500
2023-01-04,124.77233620258212,126.51280092971427,122.9925456360047,124.25118255615234,89113600
2023-01-05,125.00834271164995,125.63766124201173,122.67790010774006,122.93355560302734,80962700
2023-01-06,123.90704074173942,128.11560378272642,122.80572954739813,127.456787109375,87754700
2023-01-09,128.2925719576192,131.18350835097178,127.72224984563988,127.9779052734375,70790800
2023-01-10,128.08610610497774,129.06941726347972,125.98182082594903,128.5482635498047,63896200
2023-01-11,129.0595847172529,131.28186245070447,128.28277553296553,131.26220703125,69458900
2023-01-12,131.64567480294028,132.0193227611732,129.24639368399414,131.1835174560547,71379600
2023-01-13,129.82659632055703,132.66836552146214,129.46277592243695,132.5110321044922,57809700
2023-01-17,132.5798345273993,134.99877137842552,131.89151977321038,133.6713104248047,63646600
2023-01-18,134.5366534532576,136.296774002363,132.77651790001315,132.95352172851562,69672800
2023-01-19,131.8423392118264,133.97612225756075,131.53751520588366,133.01248168945312,58280400
2023-01-20,133.02231973826562,135.71659745917918,131.98001240951498,135.569091796875,80223600
2023-01-23,135.81489982286553,140.92812862349226,135.5985702195713,138.7550048828125,81760300
2023-01-24,137.96839974299797,140.77084282048162,137.95857203194126,140.15135192871094,66435100
2023-01-25,138.53871015801215,140.05300275817604,136.49342112366645,139.49252319335938,65799300
2023-01-26,140.78068599712554,141.8426640693374,139.53187636533838,141.55751037597656,54105100
2023-01-27,140.77080718806803,144.77287517943125,140.69214050710963,143.49456787109375,70555800
2023-01-30,142.54076039880331,143.12091025214485,140.46597371619012,140.61346435546875,64015300
2023-01-31,140.31845162185502,141.9310807734851,139.90546287615942,141.8819122314453,65874500
2023-02-01,141.56728874190614,144.16322923439725,138.96152054070433,143.00291442871094,77663600
2023-02-02,146.41500811186492,148.65695608667727,145.69719525256042,148.302978515625,118339000
2023-02-03,145.55951636317744,154.7534795979514,145.36285717719954,151.92153930664062,154357300
2023-02-06,150.0238078121574,150.54496158543438,148.26367223482333,149.19781494140625,69858300
2023-02-07,148.12600388600742,152.63939885505883,148.12600388600742,152.06907653808594,83322600
2023-02-08,151.3119247541495,152.00023955919008,148.64714493246836,149.38462829589844,64120100
2023-02-09,151.21355015828513,151.75437415824857,147.90962490884843,148.35211181640625,56007100
2023-02-10,147.1900598433605,149.0414968354293,146.95369947058745,148.7165069580078,57450700
2023-02-13,148.65743217523777,151.91715888947925,148.62788900472555,151.51339721679688,62199000
2023-02-14,149.80967642706798,151.4346261088162,148.568818055862,150.87327575683594,61707600
2023-02-15,150.78461690781828,153.1383177826238,150.55811427879883,152.9709014892578,65573800
2023-02-16,151.17855953849067,153.95573796607766,151.02100096105386,151.3755340576172,68167900
2023-02-17,150.03617955770974,150.67630162569367,148.55896091432058,150.23313903808594,59144100
2023-02-21,147.91880821074704,149.0021077790729,146.15600076088242,146.2249298095703,58867200
2023-02-22,146.60903658364012,147.67263591965713,144.9250155718982,146.6484375,51011300
2023-02-23,147.81048914517564,148.05669224456878,145.00378282832062,147.13096618652344,48394200
2023-02-24,144.87574571223192,144.95453250364176,143.50685714395402,144.48182678222656,55469600
2023-02-27,145.46664446890208,146.90446214048941,145.21058363066865,145.67344665527344,44998500
2023-02-28,144.8166705381309,146.8158385647427,144.6000106018143,145.17120361328125,50547000
2023-03-01,144.59999202590106,144.99391093566584,142.80762642427203,143.1030731201172,55479000
2023-03-02,142.18720807379,144.48182259076125,141.71448733904464,143.6939697265625,52238100
2023-03-03,145.79162671403117,148.81500811176437,145.09241829817535,148.73622131347656,70732300
2023-03-06,151.45426669807628,153.92615502016272,151.12929188498998,151.49366760253906,87558000
2023-03-07,151.36567408118486,151.69066400049135,148.83471383986452,149.29757690429688,56182000
2023-03-08,150.4892077170001,151.1391876253047,149.52409559763862,150.5482940673828,47204800
2023-03-09,151.2277963802791,152.1929083670859,147.9483691410299,148.3029022216797,53833600
2023-03-10,147.92869544727571,148.64760438030467,145.3681768808884,146.24465942382812,68572400
2023-03-13,145.56514829028342,150.8142012619364,145.45681830298673,148.18475341796875,84457100
2023-03-14,148.98242012042218,151.07021762009597,147.82034869008896,150.27252197265625,73695900
2023-03-15,148.8937927615987,150.92250395033966,147.64307677577528,150.6664581298828,77167900
2023-03-16,149.84905684492745,154.08375312665916,149.33695019463687,153.48301696777344,76161100
2023-03-17,153.70953434482817,154.35951419092353,151.93686886777078,152.64593505859375,98944600
2023-03-20,152.71487589238697,155.42311016638172,151.80883520237765,155.0094757080078,73641400
2023-03-21,154.93066212810533,156.97905827516726,154.16249478915515,156.8608856201172,73938300
2023-03-22,156.88061300312046,159.6774765177441,155.41323716716616,155.4329376220703,75701800
2023-03-23,156.41774787367245,159.09643867673987,155.28520465118157,156.51622009277344,67622100
2023-03-24,156.44728881765926,157.90480687220796,155.45263376473136,157.81617736816406,59196500
2023-03-27,157.5108907515981,158.3282868109909,155.4723219600322,155.8760986328125,52390300
2023-03-28,155.5707775962882,156.0828841253444,153.6109959947176,155.25563049316406,45992200
2023-03-29,156.94954647836764,158.60403911493316,156.92986104995282,158.3282928466797,51305700
2023-03-30,159.07676882534926,160.0024950198449,158.8207229739758,159.8941650390625,49501700
2023-03-31,159.972908545837,162.49402556851254,159.45095924162882,162.39553833007812,68749800
2023-04-03,161.77514833228696,163.76445869825218,161.7259047034759,163.6462860107422,56976200
2023-04-04,164.06975594835677,164.30610131295074,162.60238002597387,163.11448669433594,46278300
2023-04-05,162.2379998945446,162.54328933366952,159.34264903941414,161.2728729248047,51511700
2023-04-06,159.96308282888376,162.45467221127325,159.53962067833683,162.1592254638672,45390100
2023-04-10,158.96843186504725,159.5691680908203,157.6487867222166,159.5691680908203,47716900
2023-04-11,159.88429605818737,159.8941387722609,158.0722298566841,158.3578338623047,47644200
2023-04-12,158.77147274218814,159.59871163720814,157.35334033527027,157.66848754882812,50133100
2023-04-13,159.17521196081944,163.28187732223762,158.96839477228292,163.04551696777344,68445600
2023-04-14,162.0902423767061,163.79397836508667,161.33194777417597,162.70083618164062,49386500
2023-04-17,162.58269264644778,162.87813940299813,161.53879379674336,162.72056579589844,41516200
2023-04-18,163.57738134329617,164.86748346446845,163.13420364495934,163.94175720214844,49923000
2023-04-19,163.2819281451353,165.60608642613127,163.02586725800396,165.08413696289062,47720200
2023-04-20,163.56749547193866,165.32046042282218,163.04554607797024,164.11898803710938,52456400
2023-04-21,162.5432913390932,163.9220227028112,161.991798793606,162.5137481689453,58337300
2023-04-24,162.49405610505224,163.0849495926161,161.40091367199096,162.8190460205078,41949600
2023-04-25,162.68116189989732,163.78414697340926,161.24332919160244,161.28273010253906,48714100
2023-04-26,160.58350725145092,162.76979197769046,160.32746143764658,161.2728729248047,45498800
2023-04-27,162.68115222078845,165.99996498511996,162.68115222078845,165.8522491455078,64902300
2023-04-28,165.93106728858945,167.27041291997128,165.33033104891717,167.1029815673828,55275900
2023-05-01,166.70905380019818,167.86128258741087,166.07877442017465,167.01434326171875,52472900
2023-05-02,167.50673256610264,167.76279339985444,164.99545801480568,165.9802703857422,48425700
2023-05-03,166.92568277045305,168.3241144157863,164.62122562365215,164.9068145751953,65136000
2023-05-04,162.38570858289833,164.50304913491388,161.8145156138655,163.27203369140625,81235400
2023-05-05,168.38320830672657,171.65279246173276,168.16654839153733,170.9338836669922,113453200
2023-05-08,169.86043164324718,171.20963479482143,169.49605587870553,170.8649444580078,55962800
2023-05-09,170.42181373691182,170.90436226614003,168.9938385535857,169.1612548828125,45326900
2023-05-10,170.39224965147537,171.38690478906514,169.28924951921832,170.92404174804688,53724500
2023-05-11,171.2096322648924,171.9383837832071,169.55513971049686,171.11114501953125,49514700
2023-05-12,171.2196142676148,171.6535334613317,168.63584185680983,170.18414306640625,45533100
2023-05-15,170.76601261404946,170.815324358024,169.09937498339835,169.6910858154297,37266700
2023-05-16,169.61219003463674,170.74628490689332,169.42481443623242,169.6910858154297,42110300
2023-05-17,169.33607370599472,170.53919306240596,168.06389984598047,170.30252075195312,57951600
2023-05-18,170.60822168470452,172.8172584115987,170.1940301198803,172.6298828125,65496700
2023-05-19,173.95134816577144,173.95134816577144,172.5213979143073,172.7383575439453,55809500
2023-05-22,171.5746815829952,172.2945999966471,171.05201016081833,171.79164123535156,43570900
2023-05-23,170.7364424785807,170.9829861706954,168.91201313779877,169.18814086914062,50747300
2023-05-24,168.7246024757336,170.03621645106807,168.16249079935005,169.4642333984375,45143500
2023-05-25,170.02634463618594,171.49573497151061,169.31629781123684,170.59832763671875,56058300
2023-05-26,170.92377905521317,173.3399036765556,170.7166757800904,173.0045928955078,54835000
2023-05-30,174.51345913931758,176.51539231960112,174.12885165758402,174.8487548828125,55964400
2023-05-31,174.87838004309978,176.870457363353,174.31625318107535,174.7994842529297,99625300
2023-06-01,175.24323239604442,177.62977324467488,174.4838737017158,177.60018920898438,68901800
2023-06-02,178.52716847079088,179.26679934554073,176.78163539298924,178.44827270507812,61996900
2023-06-05,180.10506441660397,182.39298156722955,175.57851175717974,177.09722900390625,121946500
2023-06-06,177.4818328127375,177.62975297431,174.97694105936182,176.7323455810547,64848400
2023-06-07,175.97298038220674,178.7046879636189,174.86846975629078,175.36155700683594,61944600
2023-06-08,175.44043301517675,178.33978837820231,175.00652888652115,178.0735321044922,50214900
2023-06-09,178.99068805786467,179.71059129506313,178.13272098000036,178.45816040039062,48900000
2023-06-12,178.76388932505995,181.34766218390052,178.468033910057,181.24903869628906,54274900
2023-06-13,180.2727216495119,181.60404834381112,179.91769818813273,180.77566528320312,54929100
2023-06-14,180.83483150172444,181.84073380664427,179.50350482104812,181.4068145751953,57462900
2023-06-15,181.4167083517838,183.9413132306641,181.23918907707676,183.4383544921875,65433200
2023-06-16,184.1483615118621,184.40477651433866,181.72238065098958,182.36338806152344,101256200
2023-06-20,181.86046794433722,183.52710548415504,181.86046794433722,182.45216369628906,49799100
2023-06-21,182.34367850052172,182.84663717983523,180.0656175699355,181.41668701171875,49515700
2023-06-22,181.19971869233248,184.46395407144706,181.1306792503188,184.41464233398438,51245300
2023-06-23,182.9847233686237,184.96692915011988,182.45218058994394,184.09909057617188,53117000
2023-06-26,184.2470177435845,185.45015206010262,182.66913223239737,182.70858764648438,48088700
2023-06-27,183.31999439512526,185.78543087633778,183.10303478095216,185.45999145507812,50730800
2023-06-28,185.33180236622022,187.2745677103686,185.00637796044083,186.63356018066406,51216800
2023-06-29,186.4658826988121,187.4422009047134,186.32781886596203,186.9688262939453,46347300
2023-06-30,188.9806243235532,191.79121262094537,188.61572952588827,191.28826904296875,85213200
2023-07-03,191.10093714903454,191.19956064074086,189.10885998965753,189.7991943359375,31458200
2023-07-05,188.92150180749704,190.31199675191496,187.98462376800288,188.684814453125,46920300
2023-07-06,187.2153769807983,189.36524537083605,186.5842258571581,189.15814208984375,45094300
2023-07-07,188.7636804868427,190.0062550438309,187.60985803081866,188.04376220703125,46815000
2023-07-10,186.6434031135775,187.36332142042107,184.4540942539423,186.0023956298828,59922200
2023-07-11,186.5447760995126,186.68283993061024,184.02017173211044,185.47970581054688,46638100
2023-07-12,187.05759515232103,189.04967210294507,185.86433228601203,187.1463623046875,60750200
2023-07-13,187.86624506525828,188.5467078881079,187.15619821079162,187.9056854248047,41342300
2023-07-14,187.6000029338883,188.53686585918993,187.00830716161786,188.05364990234375,41616200
2023-07-17,189.2468674000969,191.63342276659654,189.1581153127338,191.3079833984375,50520200
2023-07-18,190.6768538720752,191.64330071063998,189.75970372238763,191.0515899658203,48288200
2023-07-19,190.43029994672796,195.48936484547627,189.98650938817815,192.40264892578125,80507300
2023-07-20,192.39277822300156,193.7537038386121,189.83858989767532,190.4598846435547,59581200
2023-07-21,191.41650251566858,192.2744696321092,188.5861710830146,189.28636169433594,71951700
2023-07-24,190.73602285584008,192.21528467718613,189.59205676918674,190.08514404296875,45377800
2023-07-25,190.65713123041024,191.75178560391285,190.2527960456413,190.943115234375,37283200
2023-07-26,190.9924473358141,192.93521264770516,190.64729522856234,191.81097412109375,47471900
2023-07-27,193.3099522093675,194.47363103189025,189.8879250921341,190.5486602783203,47460200
2023-07-28,191.97860770429688,193.91151654263126,191.4559363697747,193.12257385253906,48291400
2023-07-31,193.34938604539337,193.77344894031904,192.56044337061044,193.73399353027344,38824100
2023-08-01,193.52688862020202,194.0101044929012,192.58015448246934,192.9055938720703,35175100
2023-08-02,192.34350758944402,192.48157144604934,189.19762292480593,189.9175262451172,50389300
2023-08-03,188.92148694956984,189.71041463976601,188.0536484329567,188.52700805664062,61235200
2023-08-04,182.95511789971007,184.78940327661547,179.40488328381886,179.4739227294922,115956800
2023-08-07,179.61197056531847,180.59814508763776,174.89805755245857,176.3773193359375,97576100
2023-08-08,177.205713919119,177.77769698523286,175.12488493894773,177.31419372558594,67823000
2023-08-09,178.3693964131728,178.42856448196,174.56276182695083,175.72645568847656,60378500
2023-08-10,176.99860916334498,178.25105509162734,175.14461118800062,175.50949096679688,54686900
2023-08-11,175.10462674008653,176.3883728930982,174.34424265962002,175.56874084472656,52036700
2023-08-14,175.74650562753334,177.44501774834183,175.09474782272636,177.2178955078125,43675600
2023-08-15,176.6451282666605,177.23762299403361,174.8379899652799,175.2329864501953,43622600
2023-08-16,174.9169842350172,176.30935657463468,174.29485048513217,174.36398315429688,46964900
2023-08-17,174.9268647491592,175.29223725703497,171.31258808782235,171.8260955810547,66062900
2023-08-18,170.14734105941557,172.91236175457905,169.81159252872837,172.3099822998047,61172200
2023-08-21,172.88272795365145,173.92948217703207,171.56934282132403,173.64309692382812,46311900
2023-08-22,174.8478727981476,175.46012191641384,174.04799506153495,175.0157470703125,42038900
2023-08-23,176.28963972003098,179.2817827873095,176.10201110060572,178.85714721679688,52722800
2023-08-24,178.41274073112407,178.83737622633825,173.810958290209,174.1763458251953,54945800
2023-08-25,175.16388093182096,176.91175631972774,173.62337343895007,176.37850952148438,51449600
2023-08-28,177.83999456976295,178.33374768816518,176.31924159506977,177.93875122070312,43820700
2023-08-29,177.4548654120463,182.58989476243158,177.25736718090633,181.81964111328125,53003900
2023-08-30,182.62942352828824,185.50307057198083,182.43192527543482,185.30555725097656,60813900
2023-08-31,185.49320316115478,186.75721017905872,185.13770024560978,185.5228271484375,60794500
2023-09-01,187.1225652663115,187.54718572230075,185.92767607044595,187.0929412841797,45766500
2023-09-05,185.92768366781115,187.6064413525269,185.26605625958229,187.32994079589844,45280000
2023-09-06,186.04618648324464,186.4905763861184,179.20277485131902,180.62478637695312,81755800
2023-09-07,172.99137409505227,175.98353252575788,171.37186410651492,175.34164428710938,112488800
2023-09-08,176.121746745329,177.9881329660241,175.56873058484743,175.953857421875,65551300
2023-09-11,177.82029208697838,178.0474143493556,175.12438865362392,177.11915588378906,58953100
2023-09-12,177.24749835360407,177.87950173703112,172.6358460753217,174.09735107421875,90370200
2023-09-13,174.30471474035696,175.08485308011382,171.80632524830068,172.03346252441406,84267900
2023-09-14,171.82610607332606,173.89987544974738,171.41135521167203,173.54437255859375,60895800
2023-09-15,174.27510652680778,174.29486087176767,171.6483512368518,172.82347106933594,109259500
2023-09-18,174.27511585610648,177.13889330258442,173.96899129951683,175.7465057373047,67257600
2023-09-19,175.3021409914078,177.38578010579235,174.91701409671836,176.83277893066406,51826900
2023-09-20,177.0203732393163,177.45487842056565,173.20859833310675,173.2974853515625,58436200
2023-09-21,172.36923745366522,174.09737357666756,171.68785565712008,171.75697326660156,63149100
2023-09-22,172.48773574692532,174.8676297137013,171.87548661966315,172.60623168945312,56725400
2023-09-25,172.02357992644104,174.75897636563758,171.97420160197885,173.88009643554688,46172700
2023-09-26,172.63585300181884,173.01109513731117,169.51532957863083,169.81158447265625,64588900
2023-09-27,170.46333088230946,170.87808171574733,166.93794126401278,168.30068969726562,66921800
2023-09-28,167.2243249736919,169.8807195182162,165.5258128129139,168.55746459960938,56294400
2023-09-29,169.87081569769032,170.9077001905232,168.211797495528,169.07093811035156,51861100
2023-10-02,169.0808338409062,172.12235512412923,168.79444856905252,171.5792236328125,52164500
2023-10-03,170.1078282132375,171.46072207785286,168.6858318118607,170.24607849121094,49594600
2023-10-04,168.9524729247714,172.03350325883684,168.8339769739755,171.49037170410156,53020300
2023-10-05,171.6187292983148,173.25799352598938,170.52259660006877,172.72474670410156,48527900
2023-10-06,171.6286058875163,175.76625988669193,171.0163417068709,175.2725067138672,57266700
2023-10-09,174.60098214625398,176.81300162773064,173.60360623261292,176.75375366210938,42390800
2023-10-10,175.87486944103904,177.4746247468579,175.72673446240606,176.16123962402344,43698000
2023-10-11,175.9736336691769,177.60302823490863,175.38113888285298,177.55364990234375,47551100
2023-10-12,177.82026707710477,180.06189553412176,176.80312172309905,178.4522705078125,56743100
2023-10-13,179.1533769286896,179.65699967721181,175.9143577270369,176.61549377441406,51427100
2023-10-16,174.54174811745375,176.84263973108403,174.3047411678942,176.4871368408203,52517000
2023-10-17,174.44296868905948,176.19085892709333,172.6160912129652,174.9367218017578,57549400
2023-10-18,173.38635072108465,175.36136323860268,172.92222157401596,173.64309692382812,54764400
2023-10-19,173.84060845589931,175.61812287122567,173.00123711265553,173.2678680419922,59302900
2023-10-20,173.11972583296543,173.22835212793277,170.4830858385587,170.7200927734375,64244000
2023-10-23,168.77472302133776,171.8359838309846,167.80695589693704,170.83860778808594,55980100
2023-10-24,170.8879597127696,171.50020876645127,169.3079436842464,171.27308654785156,43816600
2023-10-25,169.73259505065448,170.89784530264086,168.51795139973865,168.96234130859375,57157000
2023-10-26,168.24146504420852,169.23885617849143,163.6001878537521,164.80494689941406,70625300
2023-10-27,164.82467062426355,166.8490614359056,164.745668316651,166.11830139160156,58499100
2023-10-30,166.90832288755587,169.03145545417337,166.7601878982554,168.16244506835938,51131000
2023-10-31,167.23418704526227,168.764809656098,165.8022909489589,168.63644409179688,44846000
2023-11-01,168.86355325507674,172.05319393081336,167.9945430130093,171.79644775390625,56934900
2023-11-02,173.32709544733643,175.55885407348563,173.2678474852133,175.3514862060547,77334800
2023-11-03,172.06309922812656,174.61086723243213,171.1842192438163,174.44297790527344,79829200
2023-11-06,174.17636920813592,177.18825142381783,174.00849494223715,176.99075317382812,63841300
2023-11-07,176.9413698079054,180.1606499568927,176.73400192517136,179.54840087890625,70530000
2023-11-08,180.07179468790036,181.15804266662394,179.3212801943679,180.60504150390625,49340300
2023-11-09,180.67414339377055,181.81963914926845,179.5385022077218,180.13101196289062,53763500
2023-11-10,181.9108804268445,184.48178544542026,181.475802800193,184.3136749267578,66133400
2023-11-13,183.7401702602705,183.9478113332898,182.14818998578377,182.73158264160156,43627500
2023-11-14,185.5991101996175,186.0045247766197,184.214786141562,185.34202575683594,60108400
2023-11-15,185.74744196041772,187.3789678351275,185.67821821290843,185.9056396484375,53790500
2023-11-16,187.44820698590362,188.82264852852316,186.5384909930313,187.58663940429688,54412900
2023-11-17,188.12059370194675,188.24914348244,186.4594046371221,187.56686401367188,50922700
2023-11-20,187.76462241033667,189.7620174322178,187.75473976876387,189.30715942382812,46505100
2023-11-21,189.26762676216626,189.37639617894334,187.61632022600733,188.50624084472656,38134500
2023-11-22,189.34672485819107,190.77059476808083,188.69410838615653,189.16873168945312,39617700
2023-11-24,188.7336553269539,188.76331834061182,187.13179223741543,187.84373474121094,24048300
2023-11-27,187.79429075090235,188.5358962659671,186.7857030257735,187.66574096679688,40552600
2023-11-28,187.65584993609482,188.9413024556769,187.2800983304318,188.26890563964844,38415400
2023-11-29,188.76331653900834,189.93999969621768,186.85492560121705,187.2504425048828,43014200
2023-11-30,187.71517468500207,188.18981305356235,186.08364867108205,187.82394409179688,48794400
2023-12-01,188.1996843513192,189.4159130354433,187.11199034893104,189.09950256347656,45704800
2023-12-04,187.85360043262926,187.92282418358675,185.35191925319242,187.30975341796875,43389500
2023-12-05,188.08104861869373,192.22413865175915,188.05137051787239,191.25511169433594,66628400
2023-12-06,192.2735994925461,192.5801273781731,189.95979375458376,190.16744995117188,41089700
2023-12-07,191.46279066889767,192.81745204226402,191.42322992176048,192.0956268310547,47477700
2023-12-08,192.0263616366492,193.79633503305183,191.50229501018384,193.51947021484375,53406400
2023-12-11,190.9485830810774,191.3243346926335,189.27749628821252,191.01779174804688,60943700
2023-12-12,190.9189094878757,192.54055280703432,189.57413099725628,192.53067016601562,52696900
2023-12-13,192.90642113434447,195.78385412672148,192.66911702808835,195.7443084716797,70404200
2023-12-14,195.8036348613561,197.3857175620074,193.964452594447,195.8926239013672,66831600
2023-12-15,195.3191123528845,196.1793699091571,194.79504567055722,195.35867309570312,128538400
2023-12-18,193.8952224343076,194.4291868327445,192.21425301938103,193.6974639892578,55751900
2023-12-19,193.96444926391277,194.7456004150459,193.69746706046115,194.7357177734375,40714100
2023-12-20,194.69614571593394,195.46741418063525,192.64932250976562,192.64932250976562,52242800
2023-12-21,193.9050960501454,194.8741228719849,191.33419132020353,192.5009765625,46482500
2023-12-22,192.9953923922105,193.22282892375426,190.81013681243016,191.43309020996094,37149600
2023-12-26,191.44298138124012,191.719846217368,190.6717128965979,190.88925170898438,28919300
2023-12-27,190.33552729492325,191.33421726083122,188.95118798803827,190.98812866210938,48087700
2023-12-28,191.96704448132198,192.48122849088116,191.00790021395272,191.41331481933594,34049900
2023-12-29,191.72975289130503,192.22415660179112,189.58404259835586,190.37509155273438,42672100
2024-01-02,185.0552730997862,186.33084291740326,181.83176685644636,183.5621795654297,82488700
2024-01-03,182.15811164141854,183.7995356475199,181.37694529807916,182.18777465820312,58414500
2024-01-04,180.11126652815247,181.04074792224714,178.85549196107084,179.87396240234375,71983600
2024-01-05,179.95306152436652,180.71443234786256,178.1534248404595,179.15211486816406,62379700
2024-01-08,180.0519155054874,183.52263874374273,179.46852282651062,183.4830780029297,59144500
2024-01-09,181.8614486084712,183.07767744176536,180.68476543102267,183.0677947998047,42841800
2024-01-10,182.28661640904596,184.31365913260458,181.8614214601624,184.10601806640625,46792900
2024-01-11,184.45208965863696,184.9563909902637,181.56477442626638,183.51272583007812,49128400
2024-01-12,183.9774674403319,184.64986419021457,183.1172099941003,183.8390350341797,40477800
2024-01-16,180.1211135415678,182.19759949773234,178.90486988724322,181.5746612548828,65603000
2024-01-17,179.24110807963172,180.8825167727283,178.281963767062,180.63531494140625,47317400
2024-01-18,184.00715864056133,187.0230241166397,183.7500741577492,186.51873779296875,78005800
2024-01-19,187.2108578544456,189.80152773623652,186.70657164411216,189.4158935546875,68903000
2024-01-22,190.14763349819026,193.14371820043874,190.1080727596782,191.71983337402344,60133900
2024-01-23,192.8371789062756,193.55900391718882,191.6604959575266,192.99537658691406,42355600
2024-01-24,193.23271418014866,194.18197579456825,192.16480052192722,192.32301330566406,53631300
2024-01-25,193.0349547434494,194.07320538533628,190.9485708187439,191.9967041015625,54822100
2024-01-26,192.09561130867766,192.58011726192578,189.79168833424328,190.2663116455078,44594000
2024-01-29,189.86087972294905,190.04875551955823,187.4580852833725,189.58401489257812,47145600
2024-01-30,188.80286821503816,189.65324309628332,185.37170567810733,185.93531799316406,55859400
2024-01-31,184.94651023142666,185.00585134318092,182.28663127585358,182.3360595703125,55467800
2024-02-01,181.93065217781273,184.857513201702,181.7625567551165,184.76852416992188,64885400
2024-02-02,177.84689023760967,185.23328233515724,177.2437171517322,183.7698516845703,102551700
2024-02-05,186.04410163536497,187.13179578344227,183.75995901240586,185.57936096191406,69668800
2024-02-06,184.76853636353553,187.19111127921153,184.67954732588265,187.1812286376953,43490800
2024-02-07,188.50625274957065,188.91166742752537,186.4989748215566,187.29002380371094,53439000
2024-02-08,187.27021997882892,187.418535043408,185.2530596605407,186.2122039794922,40962000
2024-02-09,186.77652244170517,188.10322646586073,186.13298359451971,186.97454833984375,45155200
2024-02-12,186.5487888854563,186.79630612181433,184.93497167008087,185.29139709472656,41781900
2024-02-13,183.92512331150874,184.360756090923,181.68755769129083,183.20236206054688,56529500
2024-02-14,183.47959151637605,183.68749754312392,180.6281880058035,182.32119750976562,54630500
2024-02-15,181.727184392981,182.65785175424014,179.54903541760635,182.0341033935547,65434500
2024-02-16,181.59844306951368,183.01424950876478,179.8658224253954,180.4994659423828,49752500
2024-02-20,179.98463913307552,180.61828269677792,178.21242224791314,179.75692749023438,53665600
2024-02-21,180.13318356154335,181.07374623255754,178.8658962581704,180.50941467285156,41371400
2024-02-22,181.65785591778803,183.12316891523534,180.6479964148563,182.5390167236328,52292200
2024-02-23,183.1726595934398,183.20236045475278,180.4202689919066,180.7073974609375,45119700
2024-02-26,180.43019254491847,180.9450175834942,178.85597124394113,179.3609161376953,40867400
2024-02-27,179.30151026553332,182.09349711935678,177.77679547469845,180.81631469726562,54318900
2024-02-28,180.69748823755316,181.30143093346823,178.34113428414614,179.61831665039062,48953900
2024-02-29,179.46981142225187,180.75690414056305,177.74708592784262,178.95497131347656,136682600
2024-03-01,177.76690051629518,178.73716395290236,175.61845249589473,177.8758087158203,73563100
2024-03-04,174.4006596751229,175.14321147352493,172.06409607852763,173.36109924316406,81510100
2024-03-05,169.0641855800497,170.33147275577412,167.93550746706842,168.4305419921875,95132400
2024-03-06,169.36121186741923,169.53943215491887,167.00484265804033,167.4404754638672,68587700
2024-03-07,167.47017484778516,169.0344857697736,166.81674075207243,167.32167053222656,71765100
2024-03-08,167.32165453074688,171.97497562938204,167.26225281020422,169.0344696044922,76267000
2024-03-11,171.22253935977105,172.64824117092596,170.34137853305091,171.034423828125,60139500
2024-03-12,171.43046672764987,172.30173241116674,169.31171935776177,171.50967407226562,59825400
2024-03-13,171.05423942259554,171.4700666239107,169.06419090034882,169.43052673339844,52488700
2024-03-14,171.1928340614332,172.57892461566286,170.34137411890524,171.2819366455078,72913500
2024-03-15,169.47011882986195,170.9057159423828,168.59885322457814,170.9057159423828,121752700
2024-03-18,173.82641511894556,175.94516209588443,171.79677072295308,171.99478149414062,75604200
2024-03-19,172.6086191723699,174.85607994565953,171.31163124958826,174.3313446044922,55215200
2024-03-20,173.97494430389506,176.89564514160156,173.35119593354977,176.89564514160156,53423100
2024-03-21,175.29173693263047,175.72736975318543,169.14340118299,169.6681365966797,106181300
2024-03-22,170.05426688241553,171.33146450930536,168.37115239719608,170.56910705566406,71160100
2024-03-25,168.87608692531137,170.2324767040703,167.76719930445816,169.15330505371094,54288300
2024-03-26,168.3117257823714,169.71762191427138,167.89589862566189,168.0246124267578,57388400
2024-03-27,168.7176879462108,171.87601096065072,168.42066417893392,171.58888244628906,60273300
2024-03-28,170.04434616825796,170.51957504542207,168.8166552027259,169.7770233154297,65672700
2024-04-01,169.48992969134684,169.54933141950085,167.79690490268092,168.34144592285156,46240500
2024-04-02,167.4008605129018,167.6582730022656,166.55929585931307,167.16323852539062,49329500
2024-04-03,167.11374996517486,168.98497988400436,166.90584392266877,167.9652099609375,47691700
2024-04-04,168.59885072968464,170.21266810452119,167.14346313476562,167.14346313476562,53704400
2024-04-05,167.90579979250484,168.69785802201392,167.27215623034843,167.89590454101562,42104800
2024-04-08,167.35138730592178,167.51969724864153,166.56923932419392,166.7771453857422,37425500
2024-04-09,167.02464767080627,168.39094781013864,166.67813256359855,167.98501586914062,42373800
2024-04-10,167.12365945587084,167.4107728345435,165.45044033625643,166.11378479003906,49709300
2024-04-11,166.66823651643443,173.7175391133101,166.49003132152566,173.30169677734375,91070300
2024-04-12,172.52944039553972,176.58872985356905,172.47994902506244,174.7967071533203,101670900
2024-04-15,173.6185038309996,174.8758957155582,170.78690583147454,170.9750213623047,73531800
2024-04-16,170.0443499195711,172.03438316124112,166.59891404642835,167.69789123535156,73711200
2024-04-17,167.9256158132339,168.95528100035153,166.33160400390625,166.33160400390625,50901200
2024-04-18,166.36132321946832,166.96526602396756,164.896025062108,165.3811492919922,43122900
2024-04-19,164.55939469854349,164.7474951408098,162.4505426435407,163.3614044189453,68149400
2024-04-22,163.8762247169617,165.59893510418706,163.13367296874276,164.1930389404297,48116400
2024-04-23,163.70794332424896,165.39105789202225,163.2822057253187,165.24253845214844,49537800
2024-04-24,164.8861093338651,167.6187098522012,164.5593998092657,167.34149169921875,48251800
2024-04-25,167.84640961058278,168.9156860278579,166.4801094484109,168.2028350830078,50558300
2024-04-26,168.19293999888993,169.63843239437367,167.49987955768663,167.6186981201172,44838400
2024-04-29,171.64826373021612,174.28185098854456,171.38095596804143,171.7769775390625,68169400
2024-04-30,171.60868084411632,173.2521991943247,168.31174889120035,168.6384735107422,65934800
2024-05-01,167.8959162536964,170.99483730573115,167.43058257791944,167.6186981201172,50383100
2024-05-02,170.79682058773386,171.69778712393833,169.19291342760516,171.31166076660156,94214900
2024-05-03,184.7963833456082,185.14291355827163,180.84601747897057,181.55886840820312,163224100
2024-05-06,180.53910014061182,182.3707188474722,178.62825898838415,179.90545654296875,78569700
2024-05-07,181.62815272879564,183.0637497391675,179.5193160584302,180.5885772705078,77305800
2024-05-08,181.0341248704048,181.25194126160505,179.64801918938014,180.9252166748047,45057100
2024-05-09,180.74701199258516,182.82616313989396,180.30148392023486,182.737060546875,48983000
2024-05-10,183.31206939842306,183.50044009541958,180.56586910059414,181.47796630859375,50759500
2024-05-13,183.84743912898392,185.49318663872077,183.0344740478803,184.6802215576172,72044800
2024-05-14,185.8996730578337,186.68289706997302,184.69014911402812,185.8203582763672,52393600
2024-05-15,186.2962297111884,189.01268886802714,185.76085876781028,188.09068298339844,70400000
2024-05-16,188.83421956137332,189.45881387860598,188.03117836935675,188.20962524414062,52845200
2024-05-17,187.88248620977504,189.17132485957902,187.55531842828847,188.23939514160156,41282900
2024-05-20,187.7040166341828,190.27176982167657,187.38675756521698,189.39932250976562,44361300
2024-05-21,189.44890089382775,191.07481584379752,189.28036268210627,190.69808959960938,42309400
2024-05-22,190.6187885434668,191.16406816634918,188.63596455316463,189.2605438232422,34648500
2024-05-23,189.33983451815809,189.35966699130785,185.0272019643745,185.27505493164062,51005900
2024-05-24,187.19839293954828,188.94327235106317,186.4250777783575,188.34841918945312,36327000
2024-05-28,189.86528785982966,191.34249703943843,187.47599667367734,188.3583526611328,52280100
2024-05-29,187.98160889548626,190.5989356775744,187.88246165547932,188.65576171875,53068000
2024-05-30,189.12170872016605,190.52951165486797,188.99283547357805,189.64715576171875,49889100
2024-05-31,189.79589676882185,190.9161970579539,188.2790377703441,190.59893798828125,75158300
2024-06-03,191.24334718637152,193.31540952983562,190.86662095571478,192.3636474609375,50080500
2024-06-04,192.96839571544555,193.64256361833955,191.37222208281784,192.68089294433594,47471400
2024-06-05,193.7218709101011,195.20898869639487,193.19642383583022,194.18783569335938,54156800
2024-06-06,194.0093836485974,194.8124248113502,192.50243342955554,192.8097686767578,41181800
2024-06-07,192.97832848334124,195.24867030234284,192.47271383884646,195.1990966796875,53103900
2024-06-10,195.20899197297106,195.60556579928584,190.49978557066368,191.46145629882812,97010200
2024-06-11,191.98691085726122,205.38089548057218,191.96709351098235,205.3709716796875,172373300
2024-06-12,205.58908283581826,218.30889945026047,205.1231180281253,211.24014282226562,198134300
2024-06-13,212.8958066808934,214.888539245905,209.7827737762817,212.4001007080078,97862700
2024-06-14,212.01345147179217,213.32210737882852,209.4853479747781,210.66513061523438,70122700
2024-06-17,211.53758704443374,217.06966817138198,210.8931752545736,214.8092498779297,93728300
2024-06-18,215.7213082393038,216.7523850703462,211.17073132176122,212.44964599609375,79943300
2024-06-20,212.09275812722348,212.40010854906527,207.0563985691976,207.87925720214844,86172500
2024-06-21,208.58315742215362,210.07027533194446,205.33132746963062,205.70806884765625,241805100
2024-06-24,205.93610206103614,210.87332959032133,204.8158016590104,206.3524932861328,80727000
2024-06-25,207.35380525957078,209.5646648210329,206.81844945769743,207.27450561523438,55549700
2024-06-26,209.68362348048936,213.01476817493463,208.8310086144187,211.41859436035156,66213200
2024-06-27,212.84625148948237,213.88723714823547,210.52635096614495,212.26132202148438,49772700
2024-06-28,213.91693728719588,214.21436386520998,208.49391330369318,208.8111572265625,82542700
2024-07-01,210.26855134899324,215.64200216221636,210.10001313722785,214.88853454589844,60402900
2024-07-02,214.2936836981781,218.4873670751859,213.25271326862932,218.37831115722656,58046200
2024-07-03,218.11061688690268,219.64730834960938,217.14894613859082,219.64730834960938,37369800
2024-07-05,219.7464397478406,224.5052198536283,219.7464397478406,224.3961639404297,60412400
2024-07-08,225.13973799267995,225.89322076278884,221.3327197032473,225.8634796142578,59085900
2024-07-09,225.9725055332989,227.42988222637766,224.4259054004998,226.716064453125,48076100
2024-07-10,227.3307677065015,231.0783037422216,227.28119408246098,230.97915649414062,62627700
2024-07-11,229.40283250811748,230.39424455320685,223.83110165559438,225.6156463623047,64710600
2024-07-12,226.95403700304678,230.64209091466597,226.71609267309665,228.56011962890625,53046500
2024-07-15,234.44907084333448,235.1926297333435,231.0881852656036,232.38693237304688,62631300
2024-07-16,232.98182214446476,234.2409196318231,230.3347538954296,232.80337524414062,43234300
2024-07-17,227.4794799069808,229.47222770464353,224.6936146131452,226.9143829345703,57345900
2024-07-18,228.3023336745397,228.46096321097224,220.36112971273346,222.2547149658203,66034600
2024-07-19,222.88923571935766,224.8522270905052,221.36245288688534,222.38360595703125,49151500
2024-07-22,225.06043082550624,225.82382229500527,221.17409763275575,222.03663635253906,48201800
2024-07-23,222.44310313331528,224.9910392063895,220.7676144514488,223.07760620117188,39960300
2024-07-24,222.07627816799848,222.86941075843336,215.26528287042115,216.6631622314453,61777600
2024-07-25,217.0498282561097,218.95335266428125,212.7768448313927,215.62220764160156,51391200
2024-07-26,216.8217851678197,217.6050090608147,214.15488466672127,216.08815002441406,41601300
2024-07-29,215.09674706599597,217.41664743865044,213.8971319294418,216.36575317382812,36311800
2024-07-30,217.3075942808937,218.43780333279796,214.26395224147618,216.9209442138672,41643800
2024-07-31,219.53825698895486,221.89782218872546,218.7352157578384,220.17276000976562,50036300
2024-08-01,222.44310665442717,222.55216258005441,215.15623749650504,216.48472595214844,62501000
2024-08-02,217.26793834308685,223.66255798049997,215.8403177402066,217.9718475341797,105568600
2024-08-05,197.3802115476467,211.6664621054212,194.3167520967801,207.47279357910156,119548600
2024-08-06,203.53686913101606,208.18659343179937,199.34320096724198,205.45028686523438,69660500
2024-08-07,205.12314519344287,211.8052677945223,204.61753049861642,208.01808166503906,63516400
2024-08-08,211.27980900719393,212.36044444161047,207.0365669160157,211.47808837890625,47161100
2024-08-09,210.2784745623819,214.91827509282652,210.1495861717322,214.38291931152344,42201600
2024-08-12,214.4623401059105,217.8767320905019,213.9958359256548,215.91146850585938,38028100
2024-08-13,217.38044783379533,220.23902400333975,217.38044783379533,219.62364196777344,44155300
2024-08-14,218.92885985517657,221.37054778476931,218.06532277692483,220.07029724121094,41960600
2024-08-15,222.9288560878089,223.67327566716008,221.1025352094067,223.04795837402344,46414000
2024-08-16,222.25393109506462,225.1422830006272,221.98593577772976,224.3680877685547,44340200
2024-08-19,224.04054098731652,224.30853630427512,221.38047353975193,224.2092742919922,40687800
2024-08-20,224.0901616619868,225.47973889834265,223.7725353535306,224.82464599609375,30299000
2024-08-21,224.8346020684513,226.28373058529078,223.37553826276908,224.71548461914062,34765500
2024-08-22,226.09512887719345,226.64103964823346,222.23407290784718,222.85939025878906,43695300
2024-08-23,223.98097823318813,226.52192810531062,222.66087229355688,225.15219116210938,38677300
2024-08-26,225.0727813784282,225.58891654674125,222.22414052811973,225.48965454101562,30602200
2024-08-27,224.31846403822652,227.147264886192,223.21672230373292,226.33335876464844,35934600
2024-08-28,226.22414704916858,228.14971479709,224.0008084384826,224.80479431152344,38052200
2024-08-29,228.38793686624163,231.18694665641485,227.17701311839377,228.08023071289062,51906300
2024-08-30,228.47729089511273,228.6857199244299,225.787447784096,227.296142578125,52990800
2024-09-03,226.84948058831634,227.2961293418145,219.52438650802387,221.11248779296875,50190600
2024-09-04,220.01074262314262,220.12984491677884,215.86183603349318,219.20677185058594,43840200
2024-09-05,219.98093752982143,223.80228200866125,219.87175539355434,220.72535705566406,36615400
2024-09-06,222.2837029728863,223.56411324365834,218.13481142105056,219.177001953125,48423000
2024-09-09,219.17698492990527,219.62363365317324,215.0975649862482,219.2663116455078,67180000
2024-09-10,217.29111136152258,219.83206111139577,215.1174037589381,218.47225952148438,51591000
2024-09-11,219.81222755985956,221.43008920211523,216.26878297144034,221.0032958984375,44587100
2024-09-12,220.84449248276735,221.8866830044339,218.1844402475294,221.11248779296875,37455600
2024-09-13,221.91644846858938,222.37301734416337,220.25887596851652,220.844482421875,36766600
2024-09-16,214.92882889414335,215.60377723416104,212.32832783334672,214.71047973632812,59357400
2024-09-17,214.14471619981742,215.28615358843467,212.904016801209,215.17697143554688,45519300
2024-09-18,215.931307109631,221.05291740528648,215.92137182236397,219.04794311523438,59894900
2024-09-19,223.31594824973243,228.11001204196916,222.9586262544957,227.1670684814453,66781300
2024-09-20,228.25889437635817,231.35567496568984,225.9263736470506,226.50205993652344,318679900
2024-09-23,225.64847983003366,227.74278104335218,224.12986496132828,224.7849578857422,54146000
2024-09-24,226.94872814757065,227.64353192764617,224.05045616714196,225.67825317382812,43556100
2024-09-25,223.2564112941643,225.59885242729763,222.3531936181764,224.68569946289062,42308700
2024-09-26,225.60876888531146,226.7998372114188,223.73283210674714,225.82713317871094,36636700
2024-09-27,226.7601514881057,227.81226214161182,225.6087788258606,226.09512329101562,34026000
2024-09-30,228.32838978012126,231.26637268066406,227.94129216556473,231.26637268066406,54541900
2024-10-01,227.81225543239978,227.9412778656533,222.07526286618742,224.52688598632812,63285000
2024-10-02,224.20925878310885,225.67824256269316,221.360617941662,225.09263610839844,32880600
2024-10-03,223.46483520314058,225.12240767637772,221.65838486968212,223.9908905029297,34044200
2024-10-04,226.20429410810965,226.3035561118749,222.46235586119454,225.11248779296875,37245100
2024-10-07,222.8296017820206,224.01074997862722,219.68319006872073,220.04051208496094,39505400
2024-10-08,222.63110049734397,224.298593199742,221.58890998571715,224.0901641845703,31855700
2024-10-09,223.55419337095574,228.04056698162543,223.15717559100585,227.83212280273438,33591100
2024-10-10,226.08521111865923,227.7924147414137,225.47974919262126,227.33583068847656,28183500
2024-10-11,227.5938974682738,227.70307961960657,225.6484741750507,225.85691833496094,31759200
2024-10-14,226.99834931201846,230.0058033150611,226.89910245149323,229.57901000976562,39882100
2024-10-15,231.87181141001133,235.72294688412148,230.64103225198252,232.1100311279297,64751400
2024-10-16,229.87676649695567,230.39288648800354,228.1298522341637,230.055419921875,34082200
2024-10-17,231.6931740173152,232.11006236609234,228.80483716826546,230.42269897460938,32993800
2024-10-18,234.42267769537074,234.42267769537074,232.2688255608399,233.25146484375,46431500
2024-10-21,232.70554934615632,235.08770100400858,232.70554934615632,234.72044372558594,36254500
2024-10-22,232.1497589598997,234.46242459274853,230.86936376892484,234.1051025390625,38846600
2024-10-23,232.33831918874512,233.3904297884605,226.06533615950997,229.0430145263672,52287000
2024-10-24,228.26884002769643,229.10260155629064,226.710529416834,228.85446166992188,31109500
2024-10-25,228.03061417648678,231.48471683213373,227.86188088691335,229.6881866455078,38802300
2024-10-28,231.5839844241638,232.98348177622344,230.81970938626554,231.6633758544922,36087100
2024-10-29,231.36561495313973,232.5864588417728,230.59141979007921,231.93136596679688,35417200
2024-10-30,230.87925826342104,231.7328600109945,227.8420287171323,228.387939453125,47070900
2024-10-31,227.63359787833264,228.11995749798112,223.69313535160188,224.2291259765625,64370100
2024-11-01,219.32586653780092,223.67328184782377,218.6310779402587,221.25143432617188,65276700
2024-11-04,219.34572401852256,221.13231895883285,218.0752491010658,220.35812377929688,44944500
2024-11-05,220.14968230766976,222.28367900181775,219.49458945583885,221.7873992919922,28111300
2024-11-06,220.95368405362794,224.3879467919736,219.54425129715867,221.0628662109375,54561100
2024-11-07,222.95862926675593,226.18444740932767,222.8990781242877,225.78741455078125,42137700
2024-11-08,225.72780810336752,227.20835428792034,224.9726384261151,225.51914978027344,38328800
2024-11-11,223.57158868270503,224.26714170400084,220.0938084143074,222.8064727783203,42005600
2024-11-12,223.12444853772337,224.15783943194586,221.9420008205612,222.8064727783203,40398300
2024-11-13,222.58787261698694,225.2111120360391,221.34580821096,223.69082641601562,48566200
2024-11-14,223.59148192887395,227.41703140021204,223.57160465201176,226.7711639404297,44923900
2024-11-15,224.96268496170848,225.4793879673537,222.84621765747355,223.5715789794922,47923700
2024-11-18,223.8199993254601,228.28149999782985,223.74050538640262,226.57241821289062,44633700
2024-11-19,225.53901477922054,228.6988344551977,225.22105418122663,226.8307647705078,36211800
2024-11-20,226.61215353970658,228.47027695087482,224.45593165289552,227.5461883544922,35169600
2024-11-21,227.42695953023323,228.69883223369175,224.2770861035494,227.06924438476562,42108300
2024-11-22,226.61216818417898,229.25528492407807,226.61216818417898,228.41067504882812,38168300
2024-11-25,229.99057974831032,231.7692092379923,228.28149797848934,231.39161682128906,90152800
2024-11-26,231.8487208075284,234.07450576495518,231.8487208075284,233.56773376464844,45986200
2024-11-27,232.9814664022851,234.1937224347506,232.32565277909848,233.43853759765625,33498400
2024-11-29,233.31932748739487,236.30028225823045,232.4846637904217,235.82333374023438,28481400
2024-12-02,235.76369091824088,239.26133321145704,235.654388648958,238.06895446777344,48137100
2024-12-03,238.28756099978403,241.21882985808793,237.3833345065081,241.10952758789062,38861000
2024-12-04,241.32815927991484,242.56029272240895,239.7184485394643,241.46726989746094,44383900
2024-12-05,242.44105143123323,242.98754766386446,240.59285890906452,241.4970703125,40033900
2024-12-06,241.36790273028285,243.0769846168902,240.5431701206591,241.29833984375,36870600
2024-12-09,240.29475369946152,245.67041216886827,240.21525975684386,245.1835174560547,44649200
2024-12-10,245.32260336553807,246.63423054379348,243.78244060146582,246.197021484375,36914800
2024-12-11,246.3858398593606,249.20780656351602,244.69662013013263,244.9251708984375,45205800
2024-12-12,245.32260415969785,247.1608653940442,244.1202792424049,246.3858184814453,32777500
2024-12-13,246.24673423955153,247.7073880681415,244.676762972136,246.5547637939453,33155300
2024-12-16,246.41563368868003,249.78411156803347,246.07778066556844,249.44625854492188,51694800
2024-12-17,248.49237939681157,252.2185726786221,248.19428090188288,251.87078857421875,51356400
2024-12-18,250.559158393614,252.66569465886903,246.16722071424974,246.47525024414062,56774100
2024-12-19,245.92873792847348,250.400169527173,245.5213371883983,248.20419311523438,60882300
2024-12-20,246.46529524609687,253.3811159043778,244.13022347118752,252.87435913085938,147495300
2024-12-23,253.15258832932108,254.02699130961165,251.84096111600803,253.6494140625,40858800
2024-12-24,253.86798918256417,256.57070690893096,253.66924678278625,256.560791015625,23234700
2024-12-26,256.55086249805703,258.44874034869076,255.99442012888886,257.3755798339844,27237100
2024-12-27,256.1931309155478,257.0576331183779,251.45342458389948,253.9673614501953,42355300
2024-12-30,250.6287158030117,251.890657464443,249.15811581542044,250.59890747070312,35557500
2024-12-31,250.83739579916153,251.6720594492945,247.84649497663966,248.83021545410156,39480700
2025-01-02,247.34966196417784,247.51859606258614,240.28481431614935,242.3019256591797,55740700
2025-01-03,241.81504821777344,242.629834626151,240.35437918764114,241.81504821777344,40244100
2025-01-06,242.75898865424097,245.75982034447205,241.65603491404494,243.44461059570312,45045600
2025-01-07,241.43743349025635,243.99112508347835,239.81779188041267,240.67233276367188,40856000
2025-01-08,240.3841632667122,242.16280789951685,238.52603985831155,241.15921020507812,37628900
2025-01-10,238.48630187104285,238.63535869995312,231.5208099984783,235.34637451171875,61710900
2025-01-13,232.04743903723335,233.18020116738663,228.26162915914,232.9119110107422,49630700
2025-01-14,233.25969544364762,234.62099318079112,230.99417118008773,231.7990264892578,39435300
2025-01-15,233.1503884256181,237.4429702030776,232.94171493841435,236.35987854003906,39832000
2025-01-16,235.84318609247865,236.49898454969573,226.58234697208553,226.81088256835938,71759100
2025-01-17,230.64637201374376,230.81529094249188,227.0294813062853,228.51995849609375,68488300
2025-01-21,222.57792910461188,222.99526090225285,217.98726416864307,221.2265625,98070400
2025-01-22,218.39465138442915,222.6971640978084,218.39465138442915,222.4090118408203,64126500
2025-01-23,223.3132731450397,225.58872871016843,220.8887607380179,222.24012756347656,60234800
2025-01-24,223.35296445648333,224.19757422629087,220.00436403066544,221.36566162109375,54697900
2025-01-27,222.59782027357136,230.67619691244207,222.55806572164707,228.40074157714844,94863400
2025-01-28,229.3844597561093,238.66516132615985,229.3447052045828,236.74740600585938,75707600
2025-01-29,232.6336842670617,238.33724933385383,232.52438199561368,237.84042358398438,45486100
2025-01-30,237.1548105184623,239.26134692510684,235.7040877651042,236.0816650390625,55658300
2025-01-31,245.62071750771995,245.62071750771995,231.95800933839706,234.5017547607422,100959800
2025-02-03,228.52991033796462,230.35822543026035,224.2671369795404,226.56246948242188,73063300
2025-02-04,225.80731341689966,231.64998934854387,225.21111642561868,231.32208251953125,45067300
2025-02-05,227.0791817096477,231.19289841511937,226.82083777153602,230.99417114257812,39620300
2025-02-06,229.8216550685821,232.31573010563136,228.96711414866223,231.73941040039062,29925300
2025-02-07,231.1233398047693,232.51444580894437,225.81722939017394,226.1848907470703,39707200
2025-02-10,228.36338248973718,229.378010419489,226.00582893863492,226.45346069335938,33115600
2025-02-11,227.00058728303875,233.99363668198936,226.93096309298542,231.39735412597656,53718400
2025-02-12,229.98481838871234,235.71455375787428,229.4675472393098,235.62501525878906,45243300
2025-02-13,235.66481592241834,241.06626881430705,234.33186254170715,240.26052856445312,53614100
2025-02-14,239.981993568851,244.25939586817944,239.72336558929686,243.31439208984375,40896200
2025-02-18,242.86674847770814,243.8913336127375,240.56889220053384,243.18507385253906,48822500
2025-02-19,243.37407429304395,244.716969605811,241.88195827091008,243.5829620361328,32204200
2025-02-20,243.65259654249155,245.4829218502696,243.00600383864503,244.5379180908203,32316900
2025-02-21,244.6572756706751,247.38287960480025,243.93111682470231,244.25938415527344,53197400
2025-02-24,243.64264638435856,247.55199828948733,243.1353323966777,245.80125427246094,51326400
2025-02-25,246.69650753214344,248.68599549611233,243.62275227067275,245.74154663085938,48013300
2025-02-26,243.04581476744292,243.69239232640413,237.87314875998453,239.0966796875,44433600
2025-02-27,238.1516754344793,241.18564780716906,235.81402085750776,236.05276489257812,41153600
2025-02-28,235.70459571566596,240.8175794410065,228.9900734891547,240.5688934326172,56833400
2025-03-03,240.51914741730602,242.74737946323825,234.8690087281554,236.77891540527344,47184000
2025-03-04,236.46059966619734,238.80819608105105,233.44651142335266,234.68994140625,53798100
2025-03-05,234.18263593082168,235.30670153327668,228.0251680036218,234.50096130371094,47227600
2025-03-06,233.207802772317,236.60982567864426,231.93453157387603,234.09312438964844,45170400
2025-03-07,233.87426828677374,240.10136041796665,233.5261018066448,237.81346130371094,46273600
2025-03-10,234.3019970725287,234.91874867921032,223.04150278970278,226.28436279296875,72071200
2025-03-11,222.63365113389432,224.65298022983382,216.30707871737093,219.67926025390625,76137400
2025-03-12,218.9829331071368,220.58447147788527,213.7804264853068,215.83953857421875,62547500
2025-03-13,214.8149446944866,215.7002661687503,207.3245242537218,208.57789611816406,61368300
2025-03-14,210.13965751241793,212.82546311709572,208.47843695256688,212.36788940429688,60107600
2025-03-17,212.18883784213668,214.0888025037831,208.8663965620962,212.87521362304688,48073400
2025-03-18,213.0343879953175,214.019174884069,210.3784232206469,211.57211303710938,42432400
2025-03-19,213.0940452987452,217.61017604964766,212.62651443867486,214.1086883544922,54385400
2025-03-20,212.86529372925065,216.34689805154306,211.1045924362575,212.97471618652344,48862900
2025-03-21,210.4480334492585,217.68976839110027,210.16950634984832,217.12277221679688,94127800
2025-03-24,219.838409330833,220.31588216896776,217.43113083289424,219.56982421875,44299500
2025-03-25,219.60962662242414,222.9221258053629,218.9232508666907,222.57395935058594,34493600
2025-03-26,222.33523531503357,223.83730853242594,219.3112201065871,220.3656463623047,34466100
2025-03-27,220.2263848697343,223.80746952519274,219.40074548587612,222.6734619140625,37094800
2025-03-28,220.504904155295,222.6336557419088,216.5358700680628,216.7547149658203,39818600
2025-03-31,215.86939419548492,224.43414081005062,215.09349507460487,220.96249389648438,65299300
2025-04-01,218.65466729819107,222.5043215641154,217.74944665223015,222.01690673828125,36412700
2025-04-02,220.15675729790527,224.00641185945875,219.8583310514353,222.71324157714844,35905900
2025-04-03,204.4596482635752,206.39941095201831,200.1922037418915,202.12200927734375,103419000
2025-04-04,192.87092693410324,198.82944937179326,186.35535024633944,187.389892578125,125910900
2025-04-07,176.26863687444822,193.12954493623218,173.70219548773406,180.50625610351562,160466300
2025-04-08,185.71869040589692,189.33955773730443,168.32062862424334,171.5137481689453,120859500
2025-04-09,171.04623198001363,199.55559936553783,170.98654976711688,197.8048553466797,184395900
2025-04-10,188.07624843340898,193.7562279640405,182.03814529024513,189.4191436767578,121880000
2025-04-11,185.12186726950821,198.49121408156802,185.0820690088969,197.1085205078125,87435900
2025-04-14,210.32868138530173,211.8207974391945,200.10271391024364,201.45556640625,101352900
2025-04-15,200.7990180691496,202.44033954558066,198.74984792281177,201.07754516601562,51343900
2025-04-16,197.31741584829123,199.64511311117855,191.35889396287376,193.24891662597656,59732400
2025-04-17,196.16351652823,197.78495412822454,193.39812938355274,195.94467163085938,52164700
2025-04-21,192.25416731460396,192.78138039340035,188.81234657174457,192.14474487304688,46742500
2025-04-22,195.0892017003565,200.53045296496776,194.93999616163734,198.690185546875,52976400
2025-04-23,204.9172632087338,206.9067512010516,201.7340854567431,203.52462768554688,52929200
2025-04-24,203.81310578126346,207.73239972806866,201.87335793866913,207.27481079101562,47311000
2025-04-25,205.28531450927932,208.6475540878433,205.1162098506388,208.18002319335938,38222300
2025-04-28,208.89624364686077,210.38835967290976,206.3696005213303,209.03550720214844,38743100
2025-04-29,207.59312493762445,211.12446912484504,207.27479957627347,210.09988403320312,36827600
2025-04-30,208.19992461631293,212.4574277707069,205.5837430092506,211.3831024169922,52286500
2025-05-01,207.98107159612528,213.43226431553572,207.8020097882055,212.19879150390625,57365700
2025-05-02,205.0067917796952,205.9020705063368,201.09745506032002,204.27069091796875,101010600
2025-05-05,202.03252954096354,203.0272736250085,197.1682315771274,197.8446502685547,69018500
2025-05-06,197.1682179665783,199.59538061408486,195.98447015970467,197.4666290283203,51216500
2025-05-07,198.12317194216024,198.3917570874617,192.23428894820486,195.21852111816406,68536700
2025-05-08,196.68078271707188,198.99853803284546,193.65675249053749,196.45199584960938,50478900
2025-05-09,197.95407268173315,199.4859718922483,196.5017396407649,197.48654174804688,36453900
2025-05-12,210.1363584051843,210.4351760021984,205.93303241640405,209.95706176757812,63775800
2025-05-13,209.59847136477597,212.55673652410627,208.17412935394688,212.08859252929688,51909300
2025-05-14,211.5905625216416,213.09460539099953,209.7478820292828,211.490966796875,49325800
2025-05-15,210.11643191755599,212.11849916658366,208.71199985896817,210.6144561767578,45029500
2025-05-16,211.52086084946143,211.73003772257164,208.94109887256835,210.42520141601562,54737900
2025-05-19,207.0884445111699,208.65223273202483,203.45285841572866,207.9550018310547,46140500
2025-05-20,206.84939942841044,207.64624130377067,204.2198318786679,206.0426025390625,42496600
2025-05-21,204.3592586621154,206.22186440009241,199.91689108628387,201.2914276123047,59211800
2025-05-22,199.91689038506837,201.94882252859867,198.91087172706415,200.56431579589844,46742400
2025-05-23,192.9047141233614,196.9187884239126,192.69555244631704,194.49839782714844,78432900
2025-05-27,197.51641281084125,199.94677348688452,196.64984031499387,199.4188690185547,56288500
2025-05-28,199.79734764673603,201.92889064401075,199.1100718095576,199.62802124023438,45339700
2025-05-29,202.775557811137,203.00464471322186,197.72558456215265,199.15989685058594,51396800
2025-05-30,198.5821728136608,201.1619498266407,196.00241099917397,200.05633544921875,70819900
2025-06-02,199.488582384924,201.33127809714276,199.32921098525782,200.90296936035156,35423300
2025-06-03,200.55435521702816,202.9647905668523,200.16589694161215,202.46676635742188,46381600
2025-06-04,202.10821066626008,205.42505409163678,201.30141378953226,202.01856994628906,43604000
2025-06-05,202.69587362440456,203.9409342732031,199.35910500622674,199.83721923828125,55126100
2025-06-06,202.19783403313102,204.8871617909174,201.2515910514923,203.11419677734375,46607700
2025-06-09,203.58234611432158,205.18598475848052,199.22961916524454,200.65396118164062,72862600
2025-06-10,199.8073282051838,203.54250994980842,199.77744796710627,201.869140625,54672600
2025-06-11,202.69585666840098,203.69190510411792,197.62597377823997,197.9945068359375,60989900
2025-06-12,198.29333609984755,198.890956077424,196.58013147350607,198.41285705566406,43904600
2025-06-13,198.94075911963023,199.57822954037988,194.92668495173118,195.67372131347656,51447300
2025-06-16,196.52037110088898,197.90487790098294,195.78328974313985,197.6359405517578,43020700
2025-06-17,196.42074594971083,197.60604600468164,194.43861931524052,194.86691284179688,38856200
2025-06-18,195.16572178414586,196.78928550519313,194.29916455806153,195.80319213867188,45394700
2025-06-20,197.45664606001856,200.90296511361447,196.08209436431653,200.2057342529297,96813500
2025-06-23,200.83325703321927,201.50060768152076,198.17380945321412,200.70376586914062,55814300
2025-06-24,201.78945874554142,202.63610603642124,199.4089034764897,199.50851440429688,54064000
2025-06-25,200.6539838527012,202.8652129211553,199.82726170562196,200.7635498046875,39525700
2025-06-26,200.63402778217431,201.83925306874522,198.67182635942322,200.2057342529297,50799100
2025-06-27,201.09221242791352,202.41695863400855,199.20968154525062,200.28541564941406,73188600
2025-06-30,201.211736268348,206.57048164253425,198.4726031076903,204.3592529296875,91912800
2025-07-01,205.85332972802502,209.35942450018746,205.3254252695324,206.99879455566406,78788900
2025-07-02,208.08449026524102,212.49697770796604,207.31752868499885,211.6005401611328,67941800
2025-07-03,211.31168447150716,213.80180573654258,210.97303162710094,212.70616149902344,34955800
2025-07-07,211.83958469799765,215.37555986284275,207.97492690746134,209.12037658691406,50229000
2025-07-08,209.26978591644843,210.59451698338924,207.6262968509882,209.1801300048828,42848900
2025-07-09,208.70202548866368,210.49491569520316,206.40115605631001,210.3056640625,48749400
2025-07-10,209.678147079363,212.6364120977978,209.2000480941239,211.57064819335938,44443600
2025-07-11,209.73792710960444,211.29176024279,209.03072603053,210.32559204101562,39765800
2025-07-14,209.10044482334126,210.07658325197187,206.71988962428105,207.79562377929688,38840100
2025-07-15,208.39325734338402,211.05270487364396,208.09443976951917,208.28369140625,42296300
2025-07-16,209.46900551017632,211.5606982702429,207.81556132948495,209.32955932617188,47490500
2025-07-17,209.7379236663323,210.96305897069354,208.761785269157,209.19009399414062,48068100
2025-07-18,210.0367321724359,210.95309492429405,208.87135730762196,210.3455047607422,48974600
2025-07-21,211.2618775331451,214.92732845073886,210.7937335563828,211.64036560058594,51377400
2025-07-22,212.29777975345726,214.1006251327807,211.39137195770533,213.55279541015625,46404100
2025-07-23,214.15043456376964,214.29983576430007,211.5706725113145,213.3037872314453,46989300
2025-07-24,213.05474462863134,214.8376797586153,212.68621158769832,212.91529846191406,46022600
2025-07-25,213.85160291428238,214.38947759784276,212.5567368669443,213.03485107421875,40268800
2025-07-28,213.18426788884761,214.00103498726418,212.21809958876685,213.20419311523438,37858000
2025-07-29,213.33363944545516,213.96115480223384,209.9869314052821,210.43515014648438,51411700
2025-07-30,211.06266703997414,211.5507362671114,206.89919168476044,208.22393798828125,45512500
2025-07-31,207.66614913739534,209.01080544085684,206.3414028602417,206.74978637695312,80698400
2025-08-01,210.03674932642843,212.7360475386617,200.7037794341265,201.58030700683594,104434500
2025-08-04,203.70186769022786,207.0585613783641,200.88304868853191,202.5464630126953,75109300
2025-08-05,202.59626309701343,204.5285996595603,201.36117265797924,202.1181640625,44155100
2025-08-06,204.81746371165528,214.5289368613384,204.77761325937152,212.4073486328125,108483100
2025-08-07,218.01508808955717,219.97730473834642,215.7241736307253,219.16053771972656,90224800
2025-08-08,219.95738825778145,230.08719950298993,218.38362983130105,228.4437255859375,113854000
2025-08-11,227.27701087414155,228.91238364576833,224.12592192869855,226.53909301757812,61806100
2025-08-12,227.36674823663387,230.14888579943394,226.429412881848,229.0021209716797,55626200
2025-08-13,230.4181341091737,234.33703985510917,229.77992501054072,232.6717529296875,69878500
2025-08-14,233.39969406647393,234.4567012802976,230.19875827485632,232.12330627441406,51916300
2025-08-15,233.33985018068216,233.6190590405621,228.69299310222902,230.9366455078125,56038700
2025-08-18,231.04634466466607,232.46233685580373,229.46083388892833,230.23863220214844,37476200
2025-08-19,230.62753117126795,232.2130419457167,228.70298322789472,229.90956115722656,39402600
2025-08-20,229.33119207499826,229.81981519856654,225.13307755654054,225.3723907470703,42263900
2025-08-21,225.63166356522294,225.88095827873425,223.14868274098328,224.26551818847656,30621200
2025-08-22,225.53193619713707,228.44369658121065,224.77408575714253,227.11744689941406,42477800
2025-08-25,225.84106025439092,228.6531118971015,225.59176554347297,226.51914978027344,30983100
2025-08-26,226.22996704217394,228.84258604761433,224.05612439304167,228.6630859375,54575100
2025-08-27,227.96506627689797,230.24859923631865,227.6160475796746,229.8397674560547,31259500
2025-08-28,230.16884905542523,232.75153884501827,228.69301327644948,231.9039306640625,38074700
2025-08-29,231.85405874294378,232.7216147258446,230.71727541448905,231.485107421875,39418400
2025-09-02,228.6032698757151,230.19876225122124,226.32970313085187,229.0719451904297,44075600
2025-09-03,236.5408165177042,238.17618932549604,233.69885053091846,237.79725646972656,66427800
2025-09-04,237.7772812570227,239.22318747047024,236.07211403385233,239.10353088378906,47549400
2025-09-05,239.3229322237051,240.63921565449175,237.8171975861315,239.01380920410156,54870400
2025-09-08,238.62491556233425,239.47250850410185,235.6732593017711,237.20892333984375,48999500
2025-09-09,236.33140663047269,238.10638391026913,232.70167593051625,233.6888885498047,66313900
2025-09-10,231.53496736029473,231.76431424305812,225.31256565050364,226.1501922607422,83440800
2025-09-11,226.23995033725743,229.7998710451417,226.010588238333,229.3810577392578,50208600
2025-09-12,228.57335925244223,233.84842918261825,228.373926506362,233.40968322753906,55824200
2025-09-15,236.33139853346725,237.5180438551372,234.36695488957946,236.03224182128906,42699500
2025-09-16,236.51088466190768,240.53949594661788,235.65332541334,237.4781494140625,63421100
2025-09-17,238.2958480596019,239.42266510979977,237.05934071942244,238.3157958984375,46508000
2025-09-18,239.29302360434258,240.51954939992544,235.98238232851827,237.20892333984375,44249600
2025-09-19,240.5494606794321,245.60516498271895,239.53234916144805,244.8074188232422,163741300
2025-09-22,247.5995237986898,255.9160073848096,247.42002368458668,255.35755920410156,105517400
2025-09-23,255.15815615601056,256.6140289111009,252.86464151383097,253.7122344970703,60275200
2025-09-24,254.49998437943248,255.01852163586054,250.33176892231356,251.5981903076172,42303700
2025-09-25,252.49566170312627,256.4444966190252,250.99989343760635,256.14532470703125,55202100
2025-09-26,253.38315498635407,256.87328100426123,253.06405044687503,254.73931884765625,46076300
2025-09-29,253.8418726304012,254.28063380560434,252.29624220529692,253.7122344970703,40127700
2025-09-30,254.1410137555297,255.1980209495745,252.39595068950493,253.9116668701172,37704300
2025-10-01,254.32049261064776,258.0599285933123,254.21080232618834,254.72933959960938,48713900
2025-10-02,255.85613542550084,257.45162766856953,253.43299812845933,256.40460205078125,42630200
2025-10-03,253.9515436206674,258.5086431914624,253.23357360959045,257.2920837402344,49155600
2025-10-06,257.2621558739689,258.33912604890287,254.3304629034206,255.96583557128906,44664100
2025-10-07,256.0855101139428,256.6738420114173,254.70939836699205,255.75645446777344,31955800
2025-10-08,255.79633660873378,257.7906945345413,255.38748958216482,257.3320007324219,36496900
2025-10-09,257.08267167133846,257.27213808351553,252.42584836214985,253.32330322265625,38322000
2025-10-10,254.22079760361632,255.65673769030235,243.31165772832736,244.5780792236328,61999100
2025-10-13,248.67648318296307,248.98560621270488,244.86725241658198,246.96133422851562,38142900
2025-10-14,245.90431694508948,248.14796941642882,244.00966795095763,247.07101440429688,35478000
2025-10-15,248.78616738422895,251.10959602979932,246.77186176083558,248.63658142089844,33893600
2025-10-16,247.54965348458146,248.33741809379524,244.43846029169785,246.7519073486328,39777000
2025-10-17,247.3203043073955,252.66518358811555,246.57242016484557,251.5782470703125,49147000
2025-10-20,255.168106265739,263.63416054313814,254.90884523128253,261.50018310546875,90483000
2025-10-21,261.141213133835,264.5415968076956,261.0913359303388,262.0286865234375,46695900
2025-10-22,261.9090191460537,262.1084670888602,254.70938662410154,257.72088623046875,45015300
2025-10-23,259.2066564378435,259.8847307097371,257.2821086816683,258.84765625,32754900
2025-10-24,260.4531458541269,263.3848541030092,258.44880663072195,262.07855224609375,38253700
2025-10-27,264.13273028939324,268.3607587413759,263.9033682058253,268.0516357421875,44888200
2025-10-28,268.23110734142335,269.12859257872884,267.39348082722177,268.2410888671875,41534800
2025-10-29,268.5203194424725,270.6443152614699,266.35642794866993,268.93914794921875,51086700
2025-10-30,271.2226702585742,273.36662916750566,267.72259312931254,270.63433837890625,69886500
2025-10-31,276.2085578376442,276.53764389728985,268.4006608909581,269.60723876953125,86167100
2025-11-03,269.6571458353552,270.08592548154905,265.4988962118729,268.2909851074219,50194600
2025-11-04,267.5730004152706,270.72408938596277,266.86501191822913,269.2781982421875,49274800
2025-11-05,267.8521863717013,270.93349568379296,266.17693326929896,269.3778991699219,43683100
2025-11-06,267.1342708755924,272.6287059365568,267.1342708755924,269.0089416503906,51204000
2025-11-07,269.03885049148494,271.5218466038475,266.0173996929098,267.7126159667969,48227400
2025-11-10,268.46119877683986,273.2223721938244,266.9639805623884,268.9303283691406,41312400
2025-11-11,269.3096487524697,275.3983427074405,269.2996575494418,274.73956298828125,46208300
2025-11-12,274.49005224267427,275.2187095291286,271.19618380015726,272.962890625,48398000
2025-11-13,273.6016390736082,276.1868626363035,271.58539619817094,272.4438171386719,49602800
2025-11-14,270.5473523374902,275.4482508823214,269.10005949599775,271.90484619140625,47431300
2025-11-17,268.3214829895084,269.98836893107386,265.237217022597,266.9639892578125,45018300
2025-11-18,269.48928956232544,270.20795552947055,264.8279672087311,266.94403076171875,45677300
2025-11-19,265.0376012369211,271.70520656667077,265.0076580872151,268.0619812011719,40424500
2025-11-20,270.327749378444,274.91922505965954,265.42688147061517,265.7562561035156,45823600
2025-11-21,265.4568071090486,272.8230952896135,265.17732758833057,270.98651123046875,59030800
2025-11-24,270.397645153795,276.48633959077114,270.397645153795,275.4083557128906,65585800
2025-11-25,274.75950033189645,279.8600396675645,274.7395483878858,276.45635986328125,46914200
2025-11-26,276.4464065684995,279.0116481613461,276.11703191175064,277.0353088378906,33431400
2025-11-28,276.7458380127342,278.4826014787427,275.4781737009374,278.3328857421875,20135600
2025-12-01,277.4944549964911,282.89442609469603,275.62792768573877,282.57501220703125,46587700
2025-12-02,282.47518456741903,286.86701880065203,282.10587559562896,285.6592712402344,53669500
2025-12-03,285.6692634925469,288.0847586222564,282.77461708045536,283.623046875,43538700
2025-12-04,283.5731318378766,284.20196835267484,278.07334059490756,280.179443359375,43989100
2025-12-05,280.01974631085085,280.6186397013617,277.53434330937836,278.26300048828125,47265800
2025-12-08,277.6142094762677,279.15136205700173,275.6378704438954,277.3746643066406,38211800
2025-12-09,277.6441787437343,279.5107061083118,276.4064879695729,276.6659851074219,32193300
2025-12-10,277.23491184461454,279.2312028389952,275.92734368017386,278.26300048828125,33038300
2025-12-11,278.5824273392719,279.07150890817053,273.3022288840155,277.514404296875,33248000
2025-12-12,277.38461586894516,278.70217518025987,276.30663218031253,277.763916015625,39532900
2025-12-15,279.63046152672615,279.63046152672615,272.33402020742307,273.6016540527344,50409100
2025-12-16,272.3140798989353,274.9891026980292,271.2859911871425,274.1007385253906,37648600
2025-12-17,274.50001118897205,275.6478724530811,271.13626563598973,271.33587646484375,50138700
2025-12-18,273.1025913325419,273.12257373871984,266.4549687260805,271.68524169921875,51630700
2025-12-19,271.6453053723066,274.09077415448866,269.399477884542,273.1625061035156,144632000
2025-12-22,272.3539780142796,273.37210596231955,270.00836035897595,270.4674987792969,36571800
2025-12-23,270.3377490962612,271.99467443806464,269.06012395403746,271.85491943359375,29642000
2025-12-24,271.8349404799371,274.9192064044749,271.69521595033444,273.3022155761719,17910600
2025-12-26,273.65160578690546,274.8593534534055,272.35399820928086,272.89300537109375,21521800
2025-12-29,272.1843267483383,273.8512128461511,271.8449608988494,273.2523498535156,23715200
2025-12-30,272.30405905646904,273.57169281796894,271.77504318392386,272.57354736328125,22139600
2025-12-31,272.553621806917,273.17246717497864,271.24605357156486,271.3558349609375,27293600
2026-01-02,271.7551282774649,277.32476727085935,268.5011639041959,270.5074462890625,37838100
2026-01-05,270.1381413175191,271.00652312062255,265.64648609237463,266.764404296875,45647200
2026-01-06,266.5048844877732,267.05385240251036,261.63392891626114,261.87347412109375,52352100
2026-01-07,262.7119324450406,263.1910228349833,259.3282042611396,259.84722900390625,48309800
2026-01-08,256.5433578451618,258.80916773471864,255.22581364132833,258.55963134765625,50419300
2026-01-09,258.5995368285105,259.7274461787287,255.74485516422806,258.8890075683594,39997000
2026-01-12,258.679389570116,260.81540508500296,256.32375036738995,259.7673645019531,45263800
2026-01-13,258.24022168851656,261.3244878277737,257.9108470550362,260.5658874511719,45730800
2026-01-14,259.0087756526009,261.33447181199796,256.23393227813756,259.4779052734375,40019400
2026-01-15,260.16664839115424,260.55593980217856,256.57331808587395,257.7311706542969,39388600
2026-01-16,257.4217218192236,258.41986733264514,254.4572284259222,255.05612182617188,72142800
2026-01-20,252.26132447540706,254.31750190322293,242.9685916985444,246.2425079345703,80267500
2026-01-21,248.23880604127606,251.09350304772093,244.72532928784554,247.1907501220703,54641700
2026-01-22,248.737864640942,250.53452965267718,247.68980878155546,247.8894500732422,39708300
2026-01-23,246.86136630134166,248.94748685874615,244.22624741136653,247.58001708984375,41689000
2026-01-26,251.01365072947274,256.08423219515316,249.33677343540953,254.93637084960938,55969200
2026-01-27,258.6894015269614,261.4642450011371,257.73115984508394,257.7910461425781,49648300
2026-01-28,257.1721946066941,258.3799421919039,254.03801819206552,255.96444702148438,41288000
2026-01-29,257.52154586161765,259.16847988830324,253.93820707645818,257.801025390625,67253000
2026-01-30,254.6968198516284,261.4143357105436,251.71235892004358,258.99884033203125,92443400
2026-02-02,259.5477742456141,269.98836769074944,258.72928762151224,269.50927734375,73913400
2026-02-03,268.70080609664296,271.3758289780004,267.11372779647115,268.98028564453125,64394700
2026-02-04,271.7850411492978,278.432693698261,271.7850411492978,275.97723388671875,90545700
2026-02-05,277.6142303156022,278.98168486317746,272.72332314901723,275.3983459472656,52977400
2026-02-06,276.6060720438839,280.3890519626743,276.4164219647768,277.6042175292969,50453400
2026-02-09,277.6541982366954,277.9439398399519,271.4499228389202,274.3672180175781,44623400
2026-02-10,274.6369782150198,275.11651686144285,272.68876099546605,273.4280700683594,34376900
2026-02-11,274.44714753122867,279.92208361183503,274.1973776592452,275.24639892578125,51931300
2026-02-12,275.3363333447182,275.46621856633783,259.94051360693726,261.4891052246094,81077200
2026-02-13,261.7688319830923,261.9886306947134,255.21485759663088,255.5445556640625,56290700
2026-02-17,257.8124646511843,266.0449008431299,255.30478047881587,263.6371154785156,58469100
2026-02-18,263.35737977838915,266.57441720150126,262.20844437502524,264.106689453125,34203300
2026-02-19,262.35827847824623,264.2365527856389,259.81060750150084,260.3401184082031,30845300
2026-02-20,258.73163460792017,264.5063132392292,257.9223826043077,264.3364562988281,42070500
2026-02-23,263.24744081710827,269.1819753311392,263.13755670993424,265.9349670410156,37308200
2026-02-24,267.61343657617186,274.6369951599546,267.46358073991865,271.8895263671875,47014600
2026-02-25,271.5298429675081,274.6869380517792,270.8005039088116,273.97760009765625,33714300
2026-02-26,274.6969199809464,275.8558253670768,270.55071567552415,272.6987609863281,32345100
2026-02-27,272.5588900215503,272.5588900215503,262.6480379442022,263.93682861328125,72366500
2026-03-02,262.16844722421786,266.2846497598317,259.960490133898,264.476318359375,41827900
2026-03-03,263.23749216234586,265.31556422164516,259.8905695547566,263.5072326660156,38568900
2026-03-04,264.4063951364299,265.9050144519466,261.179387723623,262.2783508300781,39803100
2026-03-05,260.54995479568396,261.3192350446657,257.01320478174756,260.0504150390625,49658600
2026-03-06,258.39192833924307,258.53178361058343,254.13584003818684,257.2229919433594,41120000
2026-03-09,255.45463216869055,260.9095975388004,253.44647267699952,259.6407775878906,38218500
2026-03-10,257.4128391437035,262.2384104290217,256.71350175461305,260.58990478515625,30590800
2026-03-11,260.8496568052655,261.888707997661,259.3110658747261,260.5699157714844,26218900
2026-03-12,258.4219063383753,258.71164792954545,253.94601921584928,255.52456665039062,40794000
2026-03-13,255.24483747003174,256.0940459350445,249.29033192864068,249.8897705078125,36930000
2026-03-16,251.87794235419486,253.6563027081548,249.6499992581203,252.58729553222656,32074200
2026-03-17,252.72716690012706,254.89516767044782,251.94787083452104,253.99598693847656,32361600
2026-03-18,252.3974721128864,254.70534343896443,248.7708084606242,249.70994567871094,35757900
2026-03-19,249.17043241392184,251.5982036354298,247.0723745163624,248.73085021972656,34864100
2026-03-20,247.7517334570195,248.97061168291066,245.77356028907465,247.76173400878906,88331100
2026-03-23,253.73622734962268,254.3656523266213,250.0496214753341,251.25851440429688,40546100
2026-03-24,250.1195650925759,254.5954370944537,249.32029842391177,251.4083709716797,45152300
2026-03-25,253.86611511385965,254.76528059453105,251.3684162845015,252.38746643066406,28476700
2026-03-26,251.88793104116345,256.76344411909713,250.53918279672283,252.6572265625,41796700
2026-03-27,253.666280215245,255.2548282141602,247.8416601166152,248.57098388671875,47900000
2026-03-30,249.83982057534305,250.63907198816298,245.28400520065438,246.40298461914062,39446200
2026-03-31,247.6818040942864,255.24482803058763,246.87255213324852,253.55638122558594,49598100
2026-04-01,253.8461228128272,255.94418062939917,253.096813183035,255.3946990966797,40059400
2026-04-02,253.96601496217014,255.89424639361263,250.4192795609811,255.68443298339844,31289400
2026-04-06,256.27389167390277,261.9186847371787,256.2239194053331,258.6217041015625,29329900
2026-04-07,255.92421782448065,255.96418954301222,245.47383916108728,253.26666259765625,62148000
2026-04-08,258.2121146377317,259.51090582044134,256.29386854025813,258.66168212890625,41032800
2026-04-09,258.7615948993736,260.879638597066,255.8342992320816,260.2502136230469,28121600
2026-04-10,259.7406946341393,261.94865175168746,258.78155637925676,260.240234375,31291500
2026-04-13,259.49093671136296,259.9405042051452,256.4237552437805,258.96142578125,36234700
2026-04-14,259.01136264890187,261.68888841493145,256.9532612999924,258.59173583984375,48370700
2026-04-15,257.92237663273806,266.3146386359468,257.57269269729437,266.18475341796875,49913500
2026-04-16,266.55439590858066,266.91408037974617,261.0294875448873,263.15753173828125,43323100
2026-04-17,266.7142527536172,272.0493335842862,266.47448343207725,269.98126220703125,61436200
2026-04-20,270.08114756253855,274.0275237795767,270.04120633500696,272.79864501953125,36590200
2026-04-21,271.250098918132,272.5488901425708,265.1557075406741,265.9250183105469,50209800
2026-04-22,267.5734973129919,273.48803128351057,266.62435952726383,272.9185791015625,43249200
2026-04-23,274.79681820267325,275.5161566987003,271.39995382845746,273.1783142089844,33399600
2026-04-24,272.50893317942314,272.80864483253174,269.4017800912603,270.81048583984375,38157100
2026-04-27,265.84505761361925,268.1129570778125,264.8260075108844,267.3636474609375,41466800
2026-04-28,272.0893199684016,272.97851539952296,268.4127145556596,270.4608154296875,40018900
2026-04-29,267.3037117460274,270.7905199823619,266.7942019267937,269.92132568359375,30047900
2026-04-30,270.25102650288807,275.7459641951834,267.893213328058,271.1002502441406,91848200
2026-05-01,278.6032901046287,286.95561044034525,278.1137509144006,279.88214111328125,79915400
2026-05-04,279.4025768563376,280.3716851917065,274.60697695873915,276.5751647949219,46668400
2026-05-05,276.6750995896243,284.30808218316156,276.2455026895375,283.9184265136719,49311700
2026-05-06,281.66051049385584,287.76487170009636,280.8112868075762,287.245361328125,58336100
2026-05-07,289.00371711581823,291.8611003514943,285.5169394038565,287.1754150390625,45224300
2026-05-08,289.7430674686918,294.4886952888782,289.7330669166447,293.0500183105469,52692800
2026-05-11,291.9800109863281,293.8800048828125,290.2300109863281,292.67999267578125,42247300
2026-05-12,292.55999755859375,295.2699890136719,292.55999755859375,294.79998779296875,45748100
2026-05-13,293.5,300.9200134277344,293.5,298.8699951171875,52684300
2026-05-14,299.82000732421875,300.45001220703125,295.3800048828125,298.2099914550781,35324900
2026-05-15,297.8999938964844,303.20001220703125,296.5199890136719,300.2300109863281,54862800
2026-05-18,300.239990234375,300.6600036621094,294.9100036621094,297.8399963378906,34483000
2026-05-19,296.9700012207031,300.510009765625,296.3500061035156,298.9700012207031,42243600
2026-05-20,298.17999267578125,302.79998779296875,298.0799865722656,302.25,38229800
2026-05-21,301.05999755859375,305.5400085449219,300.3999938964844,304.989990234375,42965100
2026-05-22,306.1199951171875,311.3999938964844,305.8399963378906,308.82000732421875,43670200
2026-05-26,309.55999755859375,311.82000732421875,307.6700134277344,308.3299865722656,48000500
2026-05-27,308.3299865722656,313.260009765625,308.29998779296875,310.8500061035156,50430900
2026-05-28,310.67999267578125,312.79998779296875,309.57000732421875,312.510009765625,48220400
2026-05-29,311.7799987792969,315.0,309.5299987792969,312.05999755859375,70026800
2026-06-01,309.6300048828125,310.94000244140625,305.0199890136719,306.30999755859375,48849900
2026-06-02,307.4599914550781,315.45001220703125,306.69000244140625,315.20001220703125,44534700
2026-06-03,314.17999267578125,316.94000244140625,308.8500061035156,310.260009765625,50836700
2026-06-04,313.2300109863281,313.5400085449219,309.6499938964844,311.2300109863281,44869100
2026-06-05,312.8599853515625,315.1700134277344,307.1499938964844,307.3399963378906,65246700
2026-06-08,308.739013671875,317.3999938964844,301.1700134277344,301.5400085449219,73859905
