Date,Open,High,Low,Close,Volume
2013-01-02,38.093766376429976,38.37600102950414,37.521673353442935,37.76576614379883,8352400
2013-01-03,37.77340559400296,38.02512507707762,37.53693936824016,37.92596435546875,7448100
2013-01-04,38.94808774533078,39.5888319437083,38.665853137961015,39.32948303222656,13587200
2013-01-07,39.138770970324146,39.588817359459775,38.90993155463745,39.27607345581055,6989100
2013-01-08,39.22268820598162,39.68036427628943,39.1158979958543,39.57357406616211,5246100
2013-01-09,39.810050498768916,40.47368058474047,39.66512129541556,40.405029296875,7267200
2013-01-10,40.618595123291016,40.83217553739948,40.32873391141889,40.618595123291016,6324400
2013-01-11,40.70251945573813,40.733031787519906,40.39740195755255,40.51182174682617,5126500
2013-01-14,40.58045842222444,40.748270366949775,40.2372020878532,40.27534103393555,6286100
2013-01-15,40.168546258485414,40.702500172434966,40.16091963406123,40.649105072021484,5915600
2013-01-16,40.5575645280753,40.6643576292589,40.21431117290725,40.37449645996094,4467100
2013-01-17,40.13041250650849,40.78641286478384,40.06176123855374,40.679622650146484,4880800
2013-01-18,40.66436817989781,41.01525115966797,40.37450693539343,41.01525115966797,6557400
2013-01-22,40.97712175832509,41.015260715478796,40.519445543032894,40.7635383605957,6089100
2013-01-23,40.237182617560734,40.3973678594839,39.81764859403231,39.97020721435547,10413800
2013-01-24,40.12278207250305,40.62622372295537,40.12278207250305,40.54994583129883,6719100
2013-01-25,40.557569041843585,40.938964287645305,40.49654731561901,40.58808135986328,6028200
2013-01-28,40.51942502113011,40.61858858735903,40.01598347615824,40.15328598022461,8054100
2013-01-29,40.244829587155586,41.85431817119399,40.244829587155586,41.434783935546875,11003300
2013-01-30,41.36611738315498,41.78565146379189,41.18304934169824,41.30509567260742,6316700
2013-01-31,41.24408485692057,41.31273612289841,40.58808451753573,40.9542236328125,5121400
2013-02-01,40.84743899960264,41.556834541647554,40.84743899960264,41.34325408935547,4205500
2013-02-04,41.06862578744625,41.09913809476965,40.78639421923924,40.847415924072266,4968900
2013-02-05,41.00760749672924,41.48816622683326,41.00760749672924,41.2669563293457,3519900
2013-02-06,41.137298583984375,41.31274007832176,40.90846197875367,41.137298583984375,3575100
2013-02-07,41.0762718476789,41.129666955855846,40.59571587408637,41.02287673950195,5233900
2013-02-08,40.916087171913475,41.190692252500575,40.85506543723589,40.97711181640625,17142800
2013-02-11,40.855057715248805,41.23645294179581,40.79403308229025,41.11440658569336,18307300
2013-02-12,40.99236614236167,41.122039141380746,40.94659766104107,41.03813171386719,19666700
2013-02-13,41.107416642208484,41.145906144285455,40.99964192520789,41.138206481933594,4385000
2013-02-14,40.96884748505246,41.24597656738479,40.93805471222432,41.184391021728516,4276900
2013-02-15,41.18438366586356,41.56928444778752,41.18438366586356,41.253665924072266,5482800
2013-02-19,41.27676900225456,41.70785903930664,41.261372614871206,41.70785903930664,3981200
2013-02-20,41.692462639527236,42.09275990169358,41.6462734773909,41.792537689208984,4446300
2013-02-21,41.65397618868748,41.76174797166786,41.51541162869533,41.584693908691406,5512500
2013-02-22,41.62318823410362,41.77714920043945,41.207494505965236,41.77714920043945,5519000
2013-02-25,41.95419351717142,42.285208489938164,41.39223861694336,41.39223861694336,6361000
2013-02-26,41.630873491529755,41.96958515101143,41.353744435335585,41.90030288696289,4772100
2013-02-27,41.95418736470616,42.33139144227343,41.76943368789441,42.18512725830078,3972000
2013-02-28,42.0927622634868,42.32370221400508,42.015783258834304,42.07736587524414,5877500
2013-03-01,41.807941509165346,42.22363229605097,41.807941509165346,42.16974639892578,4592600
2013-03-04,42.077356035321934,42.26980643850884,41.97728100342792,42.154335021972656,4424200
2013-03-05,42.31600070768553,42.90874837354103,42.269811548175596,42.75478744506836,4866800
2013-03-06,42.785569857598574,42.85484917524688,42.27749803569961,42.40066909790039,6787700
2013-03-07,42.40837716601004,42.77018491661552,42.40068044084336,42.608524322509766,3602300
2013-03-08,42.723990054400936,42.793272317897504,42.315996134121214,42.462257385253906,4824800
2013-03-11,42.3852933854435,42.52385796143433,42.17744652145725,42.39299011230469,4766200
2013-03-12,42.385272715125296,42.670098455065215,42.30059407814213,42.40066909790039,3870600
2013-03-13,42.45456669717503,42.546942082784064,42.33909526274333,42.385284423828125,3623700
2013-03-14,42.6932123814311,42.83947662084431,42.192842911740804,42.39299011230469,5357000
2013-03-15,42.09276703348334,42.439178466796875,41.86952378350783,42.439178466796875,10614700
2013-03-18,42.054272761160554,42.300609099921495,41.98499048234899,42.07736587524414,3926500
2013-03-19,42.20823341958616,42.30830553764075,41.95419742015349,42.17744064331055,3337200
2013-03-20,42.37757600446359,42.68549780827395,42.3544828969738,42.57002639770508,3802800
2013-03-21,42.369876332350195,42.56232671219929,42.246708206709165,42.40066909790039,2702500
2013-03-22,42.5315528907058,42.86256792640903,42.43917748946987,42.777889251708984,2811100
2013-03-25,42.877949826049445,42.9472320877037,42.539235241713044,42.81636428833008,4675200
2013-03-26,43.03191587070279,43.632360252344085,42.93953755309611,43.33213806152344,5107900
2013-03-27,43.13199362119315,43.463008627868575,43.07041100462327,43.39372634887695,3417800
2013-03-28,43.50150592171433,43.83252098767683,43.35524461167375,43.7170524597168,4223200
2013-04-01,43.624654538589105,43.724729567165376,43.27824617358509,43.578468322753906,3668000
2013-04-02,43.59388764226239,43.98648536621297,43.33215484744148,43.493812561035156,4040300
2013-04-03,43.62466481684487,44.05575486442106,43.55538547676941,43.76322937011719,5563600
2013-04-04,43.763220674578754,44.09423560422928,43.53998043782849,43.824806213378906,3016200
2013-04-05,43.45531950998718,43.578487701251525,43.27826541857976,43.47841262817383,3001200
2013-04-08,43.45530557779816,43.74013137817383,43.01651885356308,43.74013137817383,3691900
2013-04-09,43.84790893060317,44.055755764759276,43.55538636688191,43.67855453491211,4145100
2013-04-10,44.04806368885296,44.40217184225045,44.040364025722845,44.332889556884766,3238000
2013-04-11,44.37906532349408,44.84864185298146,44.3251794441011,44.648494720458984,4048000
2013-04-12,44.47144755478002,44.91023431839012,44.15582895399801,44.271297454833984,4709100
2013-04-15,43.894100904670914,44.45605589081687,43.47840720974839,43.486106872558594,5645800
2013-04-16,43.72473224711742,44.13272911021511,43.524585114257576,44.01725769042969,4130500
2013-04-17,43.86330865282037,44.36368102529287,43.678557855012144,44.24051284790039,4147400
2013-04-18,44.24820102025316,44.271294131374624,43.239759743916764,43.33213806152344,4098600
2013-04-19,43.53999540221527,44.217418942481906,43.393731165574984,44.202022552490234,4892900
2013-04-22,44.23279793539672,44.36366573057409,43.870993190856865,44.32517623901367,2732900
2013-04-23,44.60232072330029,44.95643182666105,44.27900533706446,44.90254592895508,4014600
2013-04-24,44.57923203875488,44.90255039370004,43.12430678290534,43.14739990234375,6678800
2013-04-25,43.40142901297816,43.49380441250215,42.354498029836314,43.439918518066406,7431300
2013-04-26,43.45530834068781,43.68624827287991,43.3244405192906,43.46300506591797,3457300
2013-04-29,43.56306724517098,43.593860010116856,42.9472266290518,43.116580963134766,4852700
2013-04-30,43.031923432776324,43.031923432776324,42.46226878700378,42.63162612915039,4679000
2013-05-01,42.41606279357119,42.439158836149545,41.68475369509151,41.75403594970703,5789900
2013-05-02,41.815647764622035,42.20824846063879,41.68478282365766,42.10817337036133,4060900
2013-05-03,42.48535600549782,42.48535600549782,42.01577942150704,42.331398010253906,3407600
2013-05-06,42.35450469247208,42.46227649829676,41.80024633501775,41.931114196777344,4618300
2013-05-07,41.969589525604235,42.02347541030752,41.45382085358077,41.700157165527344,6318500
2013-05-08,41.746353623388515,42.169744050029415,41.69246772926481,41.96959686279297,5429000
2013-05-09,42.01578167208503,42.29290784030467,41.83872468226152,42.00038528442383,12817600
2013-05-10,41.54620070374763,42.200531005859375,41.47691842992492,42.200531005859375,15278800
2013-05-13,42.12355119474456,43.34753605097748,41.992683374908566,43.324440002441406,18982900
2013-05-14,43.33997809701192,43.62730555103843,43.2623200267666,43.38656997680664,4821500
2013-05-15,43.42540098558043,44.34174555091023,43.42540098558043,44.046653747558594,5386200
2013-05-16,43.92239285032235,43.92239285032235,43.34773507729646,43.440921783447266,3819900
2013-05-17,43.46422549781506,43.666130543905936,42.982754377590425,43.40986633300781,3762700
2013-05-20,43.40986230902296,43.44092257006768,42.61776788651811,42.72648620605469,4242600
2013-05-21,42.76530485301079,43.04486788068957,42.44691428534361,42.819664001464844,4220100
2013-05-22,42.91285422538985,43.53410676579343,42.446917782438824,42.64882278442383,4569300
2013-05-23,42.45469396084472,42.94392943619966,42.33044401053978,42.509056091308594,3953000
2013-05-24,42.32268449846242,42.32268449846242,41.84898058331052,42.043121337890625,4983600
2013-05-28,42.48575878797413,42.85850865291753,42.18289970785465,42.35374450683594,4344000
2013-05-29,42.12076285185406,42.2139495479452,41.49951031164207,41.7402458190918,4201600
2013-05-30,41.88003538186061,42.41586269015814,41.771317055164204,41.99652099609375,4393500
2013-05-31,41.87226420614885,41.98098548510184,41.27431346484312,41.28207778930664,4827100
2013-06-03,41.21996009340947,41.34421003873295,40.78508380360111,41.26655197143555,4173000
2013-06-04,41.26655008202486,41.4839867357974,40.55211366971378,40.76955032348633,4093300
2013-06-05,40.62977229264197,41.05688131200818,40.19489598505224,40.233726501464844,4540700
2013-06-06,40.2958510628984,40.71519576750172,39.86874203221838,40.45116424560547,4976800
2013-06-07,40.831674371932614,41.204424168903806,40.59870315676757,40.761783599853516,4367400
2013-06-10,40.92486403442314,41.025818037457746,40.49775504637985,40.87826919555664,4212600
2013-06-11,40.55987878089198,40.629769558437836,40.210424893162696,40.33467483520508,5268400
2013-06-12,40.62200283146258,40.85497108872461,40.194890903738056,40.21042251586914,3507000
2013-06-13,40.132767691417435,40.29584517637843,39.47269046427886,40.2647819519043,7099100
2013-06-14,39.96969242065676,40.59870645816669,39.90756596826688,40.42009735107422,6116300
2013-06-17,40.70742332668415,41.196658753464895,40.53658151344734,40.660831451416016,5134700
2013-06-18,40.74625822775805,40.940398961890914,40.14053712286381,40.65306854248047,5163600
2013-06-19,40.598712460155056,40.67637053712314,39.85321269537787,39.89204025268555,4578700
2013-06-20,39.57364411454643,39.57364411454643,38.21465905872531,38.369972229003906,7952200
2013-06-21,38.84368122269272,39.162071930979025,38.463164053105324,38.75825881958008,7198300
2013-06-24,38.292315764188814,38.51751674261952,37.80308033202126,38.098175048828125,5861800
2013-06-25,38.47093110180913,38.47093110180913,37.981695590351336,38.22243118286133,4041300
2013-06-26,38.56411937293067,38.75049580077071,38.22243271130223,38.66507339477539,6075500
2013-06-27,38.91356537062967,39.084410147703586,38.6107063293457,38.6107063293457,3657300
2013-06-28,38.533053053995594,38.7194294669033,38.09041240598644,38.144771575927734,8242900
2013-07-01,38.32337560090745,39.06887819098639,38.261252113106316,38.952392578125,6987400
2013-07-02,38.890264284030515,39.550341442396224,38.88249699754518,39.2164192199707,5845400
2013-07-03,39.200882925735726,39.200882925735726,38.43985187044941,38.936851501464844,2671200
2013-07-05,39.28631351916761,39.4649226138169,38.804845396097676,39.27854919433594,2700400
2013-07-08,39.44940217576257,39.75226128996742,39.340683823212416,39.70566940307617,4376000
2013-07-09,39.92308696443594,40.2337132190745,39.728946295874714,40.21818161010742,4518800
2013-07-10,40.21043706566238,40.3113910998677,39.79885956349535,39.93087387084961,3865200
2013-07-11,40.427864720553714,40.427864720553714,39.93862927522708,40.024051666259766,3922600
2013-07-12,40.0939479874871,40.0939479874871,39.682367588548125,39.954166412353516,4066900
2013-07-15,39.9230976620982,40.163833222067375,39.736721266903956,40.024051666259766,2922300
2013-07-16,40.031818646379214,40.218195053933115,39.44939644600798,39.60470962524414,4029900
2013-07-17,39.76001858862728,39.79108181365131,39.30184638775561,39.34843826293945,4038000
2013-07-18,39.31736820835476,39.34842846329109,38.696118674356214,38.76600646972656,6040300
2013-07-19,38.77378690614372,39.30184992973367,38.40880138509854,39.29408264160156,7808800
2013-07-22,39.25525254617846,39.472692164511166,39.08441072891622,39.317378997802734,3362600
2013-07-23,39.42608672384636,39.65129060689709,39.26300927571368,39.59693145751953,3926400
2013-07-24,40.38125602194072,40.909318837677276,40.18711536798908,40.80836486816406,8955800
2013-07-25,40.6996616471921,40.8782707594852,40.28808425635811,40.83944320678711,4085400
2013-07-26,40.69966165240617,41.46846023027723,40.57541170634495,41.43739700317383,4349400
2013-07-29,41.336445208554075,41.80238475298461,41.27432171337486,41.59271240234375,4230700
2013-07-30,41.77909146092544,41.91887304679121,41.320919143332745,41.406341552734375,3594200
2013-07-31,41.43740017063939,41.66260414082502,41.10347785963385,41.24325942993164,4334500
2013-08-01,41.49175670828342,41.678130148619495,41.2432568129337,41.54611587524414,3297800
2013-08-02,41.52280738768243,41.872258223297344,41.328666717962356,41.8411979675293,3626300
2013-08-05,41.833431243896484,42.28383902562746,41.615994638841016,41.833431243896484,3794000
2013-08-06,41.85674954326917,42.08195057618363,41.33645075980149,41.406341552734375,4177300
2013-08-07,41.4063406124087,41.740262953021094,41.19666823837164,41.63930892944336,3377600
2013-08-08,41.84120320894095,41.87226346859989,41.32867189516965,41.600467681884766,17504400
2013-08-09,41.6004691890372,42.09746890980899,41.429624424139895,42.07417297363281,14719900
2013-08-12,41.82567495233854,42.00428404969742,41.60823830552811,41.97322082519531,17194000
2013-08-13,43.88538472569092,44.27721851788459,42.89012653478445,43.070369720458984,14253300
2013-08-14,43.07035931182401,43.18007226881162,42.32587468868162,42.47477340698242,5054300
2013-08-15,42.129952399551186,42.2631773940137,41.74595709968111,41.839996337890625,4509000
2013-08-16,41.66757936433336,41.785130628195944,41.369788010933064,41.424644470214844,5112300
2013-08-19,41.30710574401682,41.651921294965064,41.28359667988989,41.36980056762695,3372700
2013-08-20,41.36980441155538,41.597068684078046,41.32278328947876,41.37763977050781,2890900
2013-08-21,41.32277573453807,41.4795097900175,41.00147226605928,41.079837799072266,3969600
2013-08-22,41.06417647581578,41.354132601623824,40.993646284191755,41.1111946105957,2388600
2013-08-23,41.11118181478416,41.236568450927734,40.69583914308105,41.236568450927734,3249400
2013-08-26,41.299271466685326,41.35412794405304,40.78205111617991,40.789886474609375,4048600
2013-08-27,40.50776203355398,40.546947790477375,40.15511413687168,40.17862319946289,4527000
2013-08-28,40.11592119706294,40.55477588672625,39.9670255115563,40.335350036621094,3211800
2013-08-29,40.17079577692885,40.546958817408694,40.04540909325368,40.31969451904297,2305000
2013-08-30,40.327516627157614,40.4529032696304,40.10025240347152,40.28049850463867,3237300
2013-09-03,40.57045479243328,40.67233237424323,39.99837804596003,40.20996856689453,2641600
2013-09-04,40.249143539986406,41.06415805776935,40.186448735794116,40.89175033569336,4179500
2013-09-05,40.97797040271733,41.0249885350035,40.68801130283405,40.91527557373047,2424400
2013-09-06,40.92311050336186,41.32277954167582,40.50776476965683,41.07200622558594,2886500
2013-09-09,41.07200774781734,41.20523275849547,40.821234422433164,41.173885345458984,2324500
2013-09-10,41.44816882411725,41.6362503178204,41.166048078289506,41.4324951171875,3414600
2013-09-11,41.43249625153687,41.6519251651071,41.29143587476101,41.37763977050781,3943800
2013-09-12,41.45600512626794,41.70677844585938,41.346289183174626,41.46384048461914,3094200
2013-09-13,41.54220504980679,41.7616339413836,41.47951321610893,41.7459602355957,2784500
2013-09-16,42.137785317476755,42.19264178181896,41.8713383523347,42.03590774536133,2666100
2013-09-17,42.03591574490056,42.45909682703266,42.01240668126667,42.184814453125,3782200
2013-09-18,42.21617135511965,42.513965870151395,41.70678922592421,42.44343566894531,3332500
2013-09-19,42.23967947926145,42.4120842965692,42.028088895359225,42.20833206176758,3410300
2013-09-20,42.349398954460796,42.45911194308325,42.09862555490812,42.2631950378418,5877800
2013-09-23,42.19264905423189,42.20832275952452,41.40114636840277,41.56571578979492,4571400
2013-09-24,41.52654333487213,41.604908891344614,41.009322889572445,41.08768844604492,5359100
2013-09-25,41.22089853039571,41.495183877378864,41.03282005364779,41.228736877441406,4167600
2013-09-26,40.12377305239882,40.711523625462895,39.3009228479999,39.99838638305664,14551200
2013-09-27,39.71625565376022,39.825968588195224,39.23821816276206,39.5751953125,5866600
2013-09-30,39.418466401682096,39.7005871209459,39.34793622186615,39.441978454589844,4803500
2013-10-01,39.50467521180438,39.72410113660713,39.37145318301815,39.70842742919922,3978100
2013-10-02,39.53601812874155,39.708422911706656,39.35577499823723,39.60654830932617,3424800
2013-10-03,39.37928394222703,39.41063135338127,38.00786609349276,38.24296569824219,15000900
2013-10-04,38.28998594571982,38.28998594571982,37.623866926355966,37.91382598876953,10750400
2013-10-07,37.74924392830427,37.78059133073308,37.2712094938026,37.341739654541016,7826100
2013-10-08,37.420116605889525,37.89815417592134,37.247708829300024,37.655216217041016,10496100
2013-10-09,37.686560049220994,37.819782053419104,37.24770529115873,37.58468246459961,6925000
2013-10-10,38.25864219899631,38.5250892343666,38.015704228982436,38.51725387573242,6285000
2013-10-11,38.109739618477505,38.47022583992415,38.01569739504968,38.30565643310547,6571900
2013-10-14,38.10974499012667,38.43888385015685,37.984358330669394,38.42321014404297,5516000
2013-10-15,38.24297036734793,38.46239928276411,38.08623628189467,38.25080871582031,4968700
2013-10-16,38.35268310812092,38.40753958929363,38.015705872657705,38.32917404174805,7249600
2013-10-17,38.32917095055648,38.99528701933466,38.32917095055648,38.94826889038086,5555800
2013-10-18,39.15986171786979,39.19120614251176,38.619129287804,38.838558197021484,7022700
2013-10-21,38.84638949842481,38.963940794279644,38.70532913918047,38.90908432006836,4469200
2013-10-22,38.963941381324574,39.473323362311554,38.815042672404616,39.30091857910156,5792100
2013-10-23,39.59089243601577,39.96705257207719,39.13636373653217,39.42632293701172,5754500
2013-10-24,39.825981909569464,39.96704229801291,39.465495578860335,39.6143913269043,5580400
2013-10-25,39.55951265818597,39.96701988634973,39.42629069350204,39.7005729675293,4546700
2013-10-28,39.73194071704163,40.076753322345574,39.65357217757202,39.87300109863281,4474700
2013-10-29,39.93570066134634,39.951374372270394,39.28525809999903,39.34011459350586,6986400
2013-10-30,39.371445537600785,39.394954599420494,38.376187731369434,38.564266204833984,8599400
2013-10-31,38.61129234433263,39.34793860862981,38.57210957304784,39.04230880737305,6757500
2013-11-01,39.11283840356312,39.52034579559818,39.034472862171434,39.481163024902344,5045400
2013-11-04,39.489006923985905,39.614393611003635,39.26174261956176,39.50468063354492,4322800
2013-11-05,39.402801256277755,39.7241048142511,39.34794476999847,39.473331451416016,3692700
2013-11-06,39.62222403146263,39.62222403146263,39.38712142457959,39.56736755371094,5477800
2013-11-07,39.614389026498415,39.66924550887932,39.15986345970602,39.19120788574219,18678300
2013-11-08,39.14419550729317,39.708434121806825,39.089339016846765,39.67708969116211,18998600
2013-11-11,38.97178120735507,39.434145113862506,38.79937341492565,39.40279769897461,8162900
2013-11-12,39.24605853088017,39.40278959417344,39.159854652396824,39.230384826660156,27846900
2013-11-13,39.00087775605002,40.10094264280967,38.992964945060955,40.00597381591797,8956300
2013-11-14,39.96640816230113,40.4729126539905,39.95849535043313,40.38585662841797,5480100
2013-11-15,40.25921294412579,40.46498219099458,40.235471499873086,40.37001037597656,5759000
2013-11-18,40.441255368508685,40.441255368508685,40.180090310796004,40.38585662841797,4024500
2013-11-19,40.314613342285156,40.43332660650951,40.18798726931424,40.314613342285156,3724800
2013-11-20,40.27506422151472,40.362120258053324,39.950584551965086,40.1009521484375,3711400
2013-11-21,40.13259746649128,40.21965347706138,39.80020508322841,39.95848846435547,4749300
2013-11-22,39.98224415636087,40.55206332378343,39.88727530145893,40.54414749145508,5165100
2013-11-25,40.67075752791643,40.85278235229714,40.536218621680185,40.631187438964844,4338300
2013-11-26,40.67867474062273,40.71824483092013,39.9980583190918,39.9980583190918,5851200
2013-11-27,39.81602455359211,40.085105333837355,39.72896856307104,39.855594635009766,3287300
2013-11-29,40.06927624731506,40.18007368164124,39.64982493578983,39.74479675292969,2142800
2013-12-02,39.80811445821647,39.95848501586189,39.46780627481409,39.7606315612793,3588300
2013-12-03,39.697325532704056,39.80021019650527,39.29370572702974,39.39658737182617,5035800
2013-12-04,39.404496231793,39.594433864744424,39.19872694059066,39.46780776977539,4106300
2013-12-05,39.43615797357559,39.713151644231004,39.35701476838505,39.539039611816406,3716500
2013-12-06,39.83977559234016,40.10885643738197,39.76854822103484,40.06928634643555,3854200
2013-12-09,40.02971141947411,40.401673852238694,39.95848405677382,40.19590759277344,3804800
2013-12-10,40.25131075708767,40.26713939710081,39.82394653374594,39.95848846435547,4385600
2013-12-11,40.045546430815776,40.077203714774875,39.4678145840836,39.55487060546875,4610500
2013-12-12,39.41241322553451,39.531126522983726,38.89008015096614,38.961307525634766,5274400
2013-12-13,39.0008727672059,39.3095236793759,38.84259241563454,39.087928771972656,4286900
2013-12-16,39.26204476687685,39.523209788683,38.91382071246265,38.929649353027344,4906900
2013-12-17,39.02462322023858,39.02462322023858,38.68431497796054,38.95339584350586,4110200
2013-12-18,38.969230062406076,40.02972503498632,38.8821740318278,39.97432327270508,6207900
2013-12-19,39.72106194239632,39.97431414497551,39.48363837985387,39.68149185180664,5356300
2013-12-20,39.74482110804777,40.306724451602655,39.562796208826,39.7289924621582,6367100
2013-12-23,39.95057508198076,40.28297050460858,39.792291691158205,40.00597381591797,4574300
2013-12-24,40.029719255510486,40.28297147935279,39.97431750122812,40.15634536743164,1359500
2013-12-26,40.172155401451754,40.55994941692141,40.06135797388999,40.354183197021484,2440000
2013-12-27,40.441249931224895,40.66284788079906,40.29088237391041,40.55996322631836,2265000
2013-12-30,40.480821260191945,40.536219990395566,40.06928567939046,40.496646881103516,3309200
2013-12-31,40.51247386780097,40.56787259574391,40.24339303821919,40.36210632324219,2928600
2014-01-02,40.33837438231108,40.433343221312775,40.01389474830075,40.148433685302734,3175900
2014-01-03,40.18800142695055,40.52039687247449,40.100945405051306,40.441253662109375,4006300
2014-01-06,40.50457289917927,41.10604627225939,40.496657067727945,40.78156661987305,7898300
2014-01-07,40.781566411019945,41.21684656845974,40.480831235522594,40.51248550415039,7359200
2014-01-08,40.22758938494695,40.480841713551676,39.982249870796046,40.44918441772461,7517100
2014-01-09,40.55203997844894,40.94774683490959,40.51246687759989,40.90026092529297,6351700
2014-01-10,40.749908199209976,41.24058403401925,40.55996751079729,41.09812927246094,5399100
2014-01-13,41.177262246126716,41.56505636660819,41.082293428071694,41.208919525146484,5406300
2014-01-14,41.26432354625735,41.588803150315194,41.05064141397467,41.501747131347656,4994500
2014-01-15,41.66794356589036,42.403958743653995,41.48591570988045,42.26941680908203,8427400
2014-01-16,42.411865622948504,44.03426330762476,42.411865622948504,43.76518249511719,12158200
2014-01-17,43.80475214656226,43.88389533710499,43.41696107941697,43.65438461303711,7850900
2014-01-21,43.80475691183966,44.15298095010099,43.44070725275223,43.99469757080078,5624400
2014-01-22,44.11341355320465,44.14506781579374,43.741448041990864,44.00261306762695,3342300
2014-01-23,43.82851689838337,43.82851689838337,43.22704044789333,43.64649200439453,5130300
2014-01-24,43.29825606307325,43.51193818979652,42.73635288854423,42.831321716308594,5943500
2014-01-27,42.91046458815512,43.266598444252324,42.5859849950634,42.839237213134766,6378300
2014-01-28,42.942126007964,43.155808168637684,42.62556219211805,42.91838455200195,5771200
2014-01-29,42.88671024147922,42.91045470702134,42.396034559331056,42.66511535644531,7314000
2014-01-30,42.80757808520136,43.1795435852685,41.968678262136656,42.15861892700195,7277600
2014-01-31,42.039912322814814,42.78384344131171,41.842058815811164,42.74427032470703,8214700
2014-02-03,42.82340442956451,43.037086533954835,41.55714044269644,41.67585372924805,6997800
2014-02-04,41.82622868387819,42.10322539522466,41.470094799154595,42.02408218383789,6001900
2014-02-05,41.992427588799146,42.324820017001045,41.517577381218835,41.72334671020508,4467300
2014-02-06,41.88162709372705,41.92911302018652,41.509664569644656,41.72334671020508,4494400
2014-02-07,41.7945698217228,42.38021442655108,41.74708390011329,42.11113357543945,4488800
2014-02-10,41.74708243166907,42.72843697738208,41.383032769148265,42.712608337402344,4220500
2014-02-11,42.59389815316455,43.234944533571706,42.46727204309699,43.13997268676758,5869500
2014-02-12,43.24380429575468,43.24380429575468,42.421251583959915,42.580970764160156,6049500
2014-02-13,42.35736051836071,42.88443161557695,42.237570386379446,42.708740234375,3769200
2014-02-14,42.65282924469708,43.41947738440985,42.58894342291547,43.28371810913086,3970200
2014-02-18,43.2358036839026,44.19411543107457,43.14795800884006,44.12224197387695,6844600
2014-02-19,45.759365943464395,46.4781006680843,45.160421355077716,46.390254974365234,16112300
2014-02-20,46.19856112026902,46.733619519723604,45.83919703961825,46.358280181884766,8991600
2014-02-21,46.39823284511183,46.92530388473682,46.13469884849397,46.28643035888672,6617300
2014-02-24,46.398216897727046,47.03709325038024,46.23051322603028,46.342315673828125,4142200
2014-02-25,46.31038582380375,46.98918830952275,46.26246917150786,46.70169448852539,5463600
2014-02-26,46.69370841968855,47.02911583593795,46.6218349667224,46.84543991088867,4598500
2014-02-27,46.75759827845027,47.63605200682177,46.67774023332065,47.5482063293457,5659200
2014-02-28,47.54021803075652,48.01138780175209,47.3805019427356,47.60410690307617,5882500
2014-03-03,47.07704814791609,47.51627359709869,46.965245638639416,47.140933990478516,4088000
2014-03-04,47.55619534837942,47.99542073031415,47.55619534837942,47.795772552490234,5599100
2014-03-05,47.86763469734313,47.89159454456014,47.29265015274279,47.46035385131836,3539300
2014-03-06,47.476336253517346,47.851672748041416,46.86940410027905,46.89336395263672,5075100
2014-03-07,47.029128004329436,47.180862581178495,46.43817105715947,46.78955078125,4288600
2014-03-10,46.72564051768475,47.05306328357182,46.47807882054349,47.03709411621094,3978100
2014-03-11,47.05307472186609,47.132935810025586,46.57392037846515,46.661766052246094,3438800
2014-03-12,46.446154245151156,47.284676023860804,46.41420980399908,47.27669143676758,4546500
2014-03-13,47.30862791404737,47.38050137134566,46.50204766587887,46.58989334106445,4103700
2014-03-14,46.56593931946848,47.10099494190845,46.50205044410231,47.01314926147461,4201800
2014-03-17,47.21279742740999,47.34855976436846,46.83746094699617,47.01314926147461,3016200
2014-03-18,47.045093438409005,47.675982370401506,46.96523539103316,47.436405181884766,4082800
2014-03-19,47.39647186605768,47.707925553971485,46.82148723800801,47.15689468383789,2865900
2014-03-20,47.02112816149292,47.029112746236194,46.55794304027709,46.773563385009766,3546400
2014-03-21,47.02114261606853,47.71591746508145,46.12671653043551,46.1426887512207,7410400
2014-03-24,46.14267730542628,46.310384058875954,45.3680445910264,45.83921432495117,5910900
2014-03-25,45.87914448677859,46.19059510661877,45.471860563611486,45.68748092651367,6410000
2014-03-26,45.83122180052417,46.55794083326056,45.71143475672126,45.90309524536133,6628500
2014-03-27,45.91907069516742,46.41419721315255,45.65553369673725,45.94302749633789,5472500
2014-03-28,46.054814373475054,46.693690621381016,45.839197143152674,46.006900787353516,3117500
2014-03-31,46.27045074854803,47.22077782243162,46.166635911573735,47.005157470703125,5098900
2014-04-01,47.220785650752326,47.843686961418584,46.7256559996383,46.97322082519531,6344300
2014-04-02,47.252713094940425,47.340558750543956,46.91730573324155,47.23674392700195,3881400
2014-04-03,47.7798001210356,48.0593063323741,46.917318589381004,47.09300994873047,5446800
2014-04-04,47.29265335054243,47.883610151116756,47.061060772246776,47.12494659423828,5177900
2014-04-07,47.32460210644298,47.97945092374188,46.781561872606524,46.81350326538086,5522400
2014-04-08,46.31835868259714,47.06104985001191,45.99892050761015,46.78154373168945,6169800
2014-04-09,46.877384498365096,48.28290608205609,46.84544006441126,48.258949279785156,6638600
2014-04-10,48.23499231943778,48.23499231943778,46.741622024073386,46.84543991088867,5514500
2014-04-11,46.621829331018574,47.02911015100152,46.34232013820927,46.677730560302734,5351000
2014-04-14,47.05307033447651,47.6360455613207,46.55794381961096,47.077030181884766,3675600
2014-04-15,47.26869376191993,47.667990052328946,46.541974635231064,47.452369689941406,4526200
2014-04-16,47.43639988216452,47.91555420566562,47.39646781654869,47.883609771728516,5321800
2014-04-17,47.69993387114859,48.274921496762076,47.61208820096998,48.258949279785156,4743000
2014-04-21,48.26694162467449,48.62630894845631,47.87563290819269,48.602352142333984,3343000
2014-04-22,48.69019317509432,48.83394009087442,47.891600552488946,47.93951416015625,6270800
2014-04-23,47.65202874121915,47.92355040269574,47.30064902193929,47.564186096191406,6555400
2014-04-24,46.56592607042015,47.260700637207364,45.79927501610184,46.86140441894531,7854500
2014-04-25,46.87738958137278,47.2207846676393,46.54197908126606,46.71767044067383,4260400
2014-04-28,47.65202237140746,47.65202237140746,46.44614879998952,47.09300994873047,4930700
2014-04-29,47.27667605128386,47.6520124503096,47.21278718977138,47.612083435058594,5110900
2014-04-30,47.51624986848653,47.58013872553411,46.845432101428834,47.19681167602539,5198100
2014-05-01,47.260716365953485,47.683969523329026,46.94926569947794,47.5322380065918,4173400
2014-05-02,47.40445209694287,47.620072441191624,46.917310176201816,47.18084716796875,4122500
2014-05-05,46.93329155647333,47.093010699666124,46.35031927325049,47.02113723754883,3805900
2014-05-06,46.90932229499981,47.59610924949871,46.67772975118645,46.76557540893555,4185900
2014-05-07,46.86140450629174,47.252713094940425,46.358290417355036,47.23674392700195,5453300
2014-05-08,47.180854608090556,47.52424664042783,46.94926201148172,47.51626205444336,11023900
2014-05-09,47.46835437550086,47.51627103963609,46.661776997424404,47.40446853637695,5098400
2014-05-12,47.88361041471649,47.955483868845675,47.16487891981362,47.452369689941406,4982700
2014-05-13,47.54094337913568,48.595796339741455,47.315476115235526,48.34617614746094,6843500
2014-05-14,48.35423969787976,48.708544173978396,48.31397866333766,48.394500732421875,4050200
2014-05-15,47.99188146763266,48.16098271768048,46.71156098424122,46.87260818481445,9782900
2014-05-16,46.6873991671828,47.106120607859,46.550511060354545,46.9772834777832,8677100
2014-05-19,46.92895988833848,47.315471208445636,46.880647893149415,47.226898193359375,3564300
2014-05-20,47.226903857726874,47.404052980865494,46.97728058967431,47.234954833984375,3952800
2014-05-21,47.31547455307963,47.589253808139965,47.226901531732324,47.56509780883789,3020700
2014-05-22,47.61342108359773,48.20124071775083,47.26717069924842,48.08850860595703,3782400
2014-05-23,48.0160430822742,48.20124629762058,47.83083986692782,48.152931213378906,2624600
2014-05-27,48.31397085463972,48.3220218315589,47.86303935417738,48.0965576171875,4006600
2014-05-28,48.499183089384026,48.515288117946604,48.072410583496094,48.072410583496094,2604600
2014-05-29,48.24149307033105,48.31396413940893,47.79861568006363,47.88719177246094,3362100
2014-05-30,47.8147366951664,48.394502369974695,47.75031658034318,48.20124816894531,4803000
2014-06-02,48.11266424951621,48.201240357182925,47.387953433806345,47.90330505371094,3405700
2014-06-03,47.75835851320281,48.01603276367775,47.59731133872613,47.790565490722656,2798200
2014-06-04,47.65368777089193,47.87110104304331,47.500694611253564,47.68589782714844,2997400
2014-06-05,47.73420434994253,48.12071576540818,47.565106181623754,47.97577667236328,2753800
2014-06-06,48.19318613026415,48.19318613026415,47.814728769431035,48.01603698730469,2551300
2014-06-09,47.9677154613706,48.12070858057015,47.66172615125227,48.10460662841797,2570100
2014-06-10,48.16902932336956,48.16902932336956,47.58120970559262,48.11266326904297,2988000
2014-06-11,47.71003958766632,48.18512702457261,47.67782954102746,47.88719177246094,2977400
2014-06-12,47.726157363739354,47.91136057382168,47.27522580546068,47.41211700439453,3937400
2014-06-13,48.27369723788987,48.27369723788987,47.3798885186895,47.42820358276367,2881200
2014-06-16,47.46041826965232,47.64562143780133,47.10611695733064,47.37184524536133,3209200
2014-06-17,47.31548320835153,47.77446878108565,47.21080514441469,47.71004867553711,2805700
2014-06-18,47.80667684773504,48.3139744394306,47.55705661236531,48.30592346191406,3211600
2014-06-19,48.354231080112164,48.47501723393182,48.03213978945889,48.19318389892578,2431300
2014-06-20,48.85347596258997,50.037169245398694,48.54748968855037,49.94859313964844,11960600
2014-06-23,49.98885467698261,50.24652893228917,49.698970371832885,49.98080062866211,5103400
2014-06-24,49.91638251421265,50.24652783862068,49.59428816623046,49.83585739135742,3809500
2014-06-25,49.90028634652613,50.81019735839661,49.90028634652613,50.72967529296875,6416500
2014-06-26,50.60083178495245,50.81019097178131,50.27873742028702,50.761878967285156,3663000
2014-06-27,50.70550643458187,50.93902159381796,50.48003917944067,50.810184478759766,4643700
2014-06-30,51.00345299647658,51.03566305031302,49.972755847468946,50.06132888793945,4879100
2014-07-01,50.431738023167476,50.6088871746324,49.9244404296875,50.327056884765625,4109000
2014-07-02,50.286793740150024,50.79409131230931,50.02106541654099,50.488101959228516,3941000
2014-07-03,50.64913987599214,50.810183964395264,50.27873048619533,50.777976989746094,2709100
2014-07-07,50.59277107012445,50.91486230107495,50.18210068063499,50.415618896484375,2627300
2014-07-08,50.318997023469045,50.35925804752487,49.81975049567524,50.294837951660156,3449400
2014-07-09,50.35121208288148,50.49615425012633,50.14185288114988,50.423683166503906,2748600
2014-07-10,50.02911265481077,50.49614606219958,49.9244315350591,50.35120391845703,2619200
2014-07-11,50.27873572432421,50.689406179006184,50.14184762057649,50.600830078125,2400700
2014-07-14,50.72968095484037,50.9631992710517,50.49616263862904,50.73773193359375,2436600
2014-07-15,50.72967165688455,50.82629874281616,50.51225840974868,50.616939544677734,3854400
2014-07-16,50.76992957505785,50.86655665506725,49.98080176625557,50.57667541503906,3885700
2014-07-17,50.214314179566266,50.624981525587245,50.037161993739616,50.1337890625,3424700
2014-07-18,50.310953268428214,51.13229122842024,50.182116122060044,51.10813522338867,3281400
2014-07-21,50.72967324995666,51.28528285116088,50.528365022774295,51.24502182006836,3479400
2014-07-22,51.38997031428293,51.6556986812941,51.08398091122404,51.3094482421875,3101800
2014-07-23,51.478528015427415,51.88919842263125,51.373846901786564,51.736202239990234,5559900
2014-07-24,51.61541986065514,52.903791077255235,51.373850641507524,51.83283615112305,5090200
2014-07-25,51.550996443753895,51.615416536294475,51.124227153408405,51.35774230957031,2987400
2014-07-28,51.35775679105248,52.179097843945186,50.624994926239516,51.04371643066406,3956600
2014-07-29,51.29333087420334,51.38190697523237,50.415626983936654,50.544464111328125,5287400
2014-07-30,50.84240464168684,50.87461469479008,50.14185288114988,50.423683166503906,3974000
2014-07-31,49.900276510168375,50.2867878771287,49.07088465549584,49.16751480102539,5485600
2014-08-01,49.12725938652056,49.16752349013317,48.46696863397551,48.861534118652344,6884700
2014-08-04,49.11920164323513,49.67481117895438,48.91789343977925,49.62649917602539,4379100
2014-08-05,49.52181239798568,49.68285955671318,48.90983688088403,49.0145149230957,3389600
2014-08-06,49.04672794745999,49.45739530901906,48.88568077895318,49.2077751159668,2682800
2014-08-07,49.44129539400226,49.45739734696912,48.42670034080527,48.59579849243164,2352400
2014-08-08,48.70047960639108,49.15141108234892,48.587747505331464,49.10309600830078,2665400
2014-08-11,49.40104209847735,49.81976361671906,49.167526868764895,49.183631896972656,2850400
2014-08-12,49.175575507208265,49.48961586301733,49.119209447023046,49.417144775390625,3481500
2014-08-13,49.70936658837506,49.91229508782779,49.0762275645012,49.1817512512207,4136900
2014-08-14,49.33596727863665,49.69312335773703,49.33596727863665,49.66876983642578,1801600
2014-08-15,49.78239602079138,49.88791655818017,49.108672253990115,49.3846549987793,3075600
2014-08-18,49.660647538745515,49.87981062310998,49.57135853069604,49.79863739013672,2198300
2014-08-19,50.236967878237216,50.61847436490789,49.77429124805649,50.45613098144531,3523200
2014-08-20,50.27755756385861,50.52107420962073,50.058394440538365,50.33437728881836,2082200
2014-08-21,50.62658782129619,50.68340753843861,50.25320022394824,50.35060501098633,2846000
2014-08-22,50.33438514707655,50.98375884189943,50.2450992056595,50.58601760864258,3147200
2014-08-25,50.67530584400956,51.24350626975993,50.480493119359096,50.918819427490234,2078700
2014-08-26,50.902572335999515,51.154204732085965,50.82951796916425,50.98374557495117,1927700
2014-08-27,51.29218300109953,51.37335622170524,50.97561518184167,51.13795852661133,3082100
2014-08-28,50.98373946541597,51.35712703052207,50.76457639117316,51.22725296020508,2162000
2014-08-29,51.438309302566985,51.616887352562436,51.113625598371314,51.59253692626953,3388300
2014-09-02,51.62498756832996,51.844150628234196,51.52758279607537,51.68992614746094,3470600
2014-09-03,51.876628975425405,52.079560522420486,51.746754890929395,52.071441650390625,4701200
2014-09-04,52.04710285048268,52.25003134635387,51.94969494302546,52.128273010253906,5792000
2014-09-05,52.03895761898865,52.615273512213385,51.92531821428986,52.53410339355469,5457200
2014-09-08,52.45294929317808,52.96432677048903,52.428592676547574,52.76139831542969,4264100
2014-09-09,52.54224439694309,52.62341454979508,52.03086066749275,52.306846618652344,4745800
2014-09-10,52.63152555861869,52.728933454679066,52.21755593435446,52.58282470703125,3893000
2014-09-11,52.47730906896026,52.915635353149234,52.404251591819055,52.90751647949219,3577000
2014-09-12,52.96434019117788,53.199738001840615,52.761411684698274,52.98057174682617,5376800
2014-09-15,52.87503454547935,52.95620468399932,52.59093596421718,52.91562271118164,2720900
2014-09-16,52.96431778432654,53.500051787372975,52.68021923402188,53.410762786865234,2867100
2014-09-17,53.38642682228826,53.7192325334222,53.29714398013311,53.50007247924805,5096200
2014-09-18,53.63804764625136,54.10884312123581,53.60557835216092,54.05201721191406,4326900
2014-09-19,54.37670255498965,54.49846085646174,53.897794413519726,54.00331497192383,6504900
2014-09-22,53.83285583128857,53.86532512454267,53.370179239965466,53.63804626464844,3981700
2014-09-23,53.28901367790335,53.67052016528412,53.16725536596917,53.53252410888672,2718900
2014-09-24,53.83286508949942,54.019562009597635,53.63805548935581,53.72734451293945,3273600
2014-09-25,53.548757045340835,53.686746896463475,53.16725059221458,53.2321891784668,3122600
2014-09-26,53.410772040438765,53.410772040438765,52.75327963252528,53.151023864746094,2925400
2014-09-29,52.81010512872322,53.12667305894675,52.62341439699431,53.037384033203125,3520600
2014-09-30,53.11043246851395,53.22407190141746,52.623405442801115,52.6396369934082,4945700
2014-10-01,53.47572254309144,53.47572254309144,52.517899659802396,52.82635498046875,4246900
2014-10-02,52.83445423890486,52.8831612835697,52.25813811893609,52.6234130859375,4306900
2014-10-03,52.93997570825333,53.37830190904121,52.85880556578555,53.30524444580078,3609800
2014-10-06,53.516296834311426,53.548766132947804,53.0779705920485,53.26466751098633,3428800
2014-10-07,52.866929514924216,52.91563656509594,52.030865102796696,52.128273010253906,6157400
2014-10-08,51.827929307384245,52.97244883548692,51.462660543415716,52.95621109008789,3411200
2014-10-09,52.712687782388,53.069837586507134,52.18507265760193,52.19319152832031,3632100
2014-10-10,51.96591489265694,52.850686157366674,51.811693481398606,52.071441650390625,3281200
2014-10-13,51.99837770026348,52.37176525954814,51.32465693863612,51.36524200439453,4030300
2014-10-14,51.74675957655772,51.90098409822339,50.95128034993435,51.25161361694336,4432900
2014-10-15,50.25321079128556,51.25161858358942,49.17363284212175,51.03245544433594,6814100
2014-10-16,50.34248763917389,50.77269494002195,49.595709371716715,50.24508285522461,5488400
2014-10-17,50.691534429891846,50.983751933678455,50.24509239752578,50.79705810546875,5329400
2014-10-20,50.8376357219964,51.219139099121094,50.650941921181676,51.219139099121094,2900700
2014-10-21,51.470782288359125,52.5584791230254,51.470782288359125,52.50165939331055,3478200
2014-10-22,52.42860191631369,53.00492427998931,52.42048923555876,52.50165939331055,4294500
2014-10-23,52.168848939186134,52.923743103932395,51.77111086744665,52.233787536621094,6343000
2014-10-24,52.42046935816817,53.76791080599056,52.27436065246369,53.61368942260742,4784700
2014-10-27,53.524413416549685,54.07637908397516,53.402655100095416,53.73545455932617,4112500
2014-10-28,53.573116852947216,53.65428700354124,51.738644820114445,52.6234130859375,8981000
2014-10-29,52.76139589149694,53.548759251816215,52.582817868387245,53.15913391113281,6196800
2014-10-30,53.0860840243566,54.368593321069945,53.01302656169072,54.22248458862305,4134900
2014-10-31,54.62834007549462,54.733860637850846,53.50005841250499,53.84097671508789,4471900
2014-11-03,53.613706011545176,54.10885199003399,53.597468265396174,54.011444091796875,3465400
2014-11-04,54.287433146736404,54.5715380170395,53.938395859371475,54.522830963134766,4057800
2014-11-05,54.72573850862605,54.87996609994611,54.19001066400976,54.37670135498047,3073900
2014-11-06,54.40916803862737,54.57151449351783,54.100719063661536,54.35234832763672,3091800
2014-11-07,54.23872438669509,54.328013414149076,53.77604769574524,54.06014633178711,3796800
2014-11-10,54.238708023765184,55.537448677351954,53.914021312147504,55.480628967285156,4438100
2014-11-11,55.48064024902561,55.7403884325616,55.04231402814266,55.07478332519531,5282300
2014-11-12,55.06660330573537,55.47541254518097,54.79678771059713,55.107486724853516,4499400
2014-11-13,55.336421966552734,55.728881602854,55.1156677097131,55.336421966552734,3292700
2014-11-14,55.33642388226035,55.36912937291222,54.87855948900317,55.05025863647461,2333300
2014-11-17,54.83768955703789,55.06662180998699,54.731401364721826,55.0175666809082,3309300
2014-11-18,54.93580178418674,55.59807092703111,54.78863017045071,55.41819381713867,3705400
2014-11-19,55.320072890406266,55.320072890406266,54.70685899117262,54.95214080810547,3126000
2014-11-20,54.74774384034563,54.845860323616826,54.42069513404354,54.61692810058594,2467600
2014-11-21,55.14837363646475,55.18925706279639,54.80497531184509,55.074790954589844,5892000
2014-11-24,55.27919409380873,55.32824921371285,54.6578022106387,54.72321319580078,4574100
2014-11-25,54.66596906866756,54.960312204332034,54.57603054177376,54.65779113769531,4380000
2014-11-26,54.80496600185248,55.09930915522065,54.69049991309085,55.042076110839844,2372900
2014-11-28,55.377300111866624,56.04774698830652,55.27100572157144,55.696170806884766,2237800
2014-12-01,55.573534212216074,56.22762531381783,55.271013101042,56.01504898071289,4669500
2014-12-02,56.113166071389635,57.862869494815534,56.08046057662318,57.54399871826172,8413400
2014-12-03,57.462248018383946,58.181756551563616,57.23331575344001,58.157222747802734,6423400
2014-12-04,58.03455750815575,59.22827963864937,57.920085191814266,59.17921829223633,6516600
2014-12-05,58.94210679410897,59.04022324665354,58.60688649763161,58.745880126953125,5787500
2014-12-08,58.84401241272461,59.57169247724467,58.72136837352725,59.54716491699219,4915100
2014-12-09,59.01570605410154,59.08111703394847,58.48425275923038,59.04023361206055,3794600
2014-12-10,58.78676749153879,59.032049282480735,58.05090964284556,58.091793060302734,4117600
2014-12-11,60.2012306212345,61.40313046915195,58.49241144116794,58.549644470214844,10901500
2014-12-12,58.42701202604857,58.582361523267274,56.79995310346405,56.86536407470703,7844400
2014-12-15,56.97166746554722,57.821991605383474,56.75908487110435,56.9634895324707,5718800
2014-12-16,56.7345497302161,58.33708131268187,56.44020655813725,56.62826156616211,4916700
2014-12-17,56.873548104059054,57.80563281368191,56.60373870554132,57.46223449707031,5506500
2014-12-18,58.21442345315167,59.260980170738,57.977319623361076,59.236446380615234,5875600
2014-12-19,59.06475377080591,59.408158253015834,58.32072424154053,59.19557571411133,8311300
2014-12-22,58.001867989912235,58.53331511256035,57.43770913536161,58.39432144165039,4622900
2014-12-23,58.598713878117366,58.647775227802896,56.42385200536342,57.02070999145508,4768100
2014-12-24,57.26601924439598,57.81382232170899,57.26601924439598,57.3641357421875,1507000
2014-12-26,57.47042442870177,58.04275507588188,57.44589686352779,57.55218505859375,1438200
2014-12-29,57.16789187682617,57.55217362268964,57.14336431652595,57.3150634765625,1739600
2014-12-30,57.13518775409577,57.364126210903606,56.775439797839404,56.938961029052734,2726100
2014-12-31,57.18424257498658,57.64210696037681,56.35844610453543,56.407501220703125,2491000
2015-01-02,57.045246123204954,57.90374813552508,57.004368936577904,57.28235626220703,3146200
2015-01-05,57.01253618969167,57.30687308725052,56.53831600051676,56.71819305419922,4845500
2015-01-06,57.16789669884792,57.97734368464078,56.57921025024783,57.00437545776367,5127400
2015-01-07,57.25783571438106,57.666645058322594,55.96599669042129,56.60374450683594,9043000
2015-01-08,57.233295507528034,58.451545336709565,56.9553082092713,57.94462585449219,7472200
2015-01-09,57.25782796242681,57.3232389457062,56.423859758386016,57.17606735229492,8141700
2015-01-12,57.41318404045952,57.73205482291902,56.64462049405179,56.75908660888672,5797600
2015-01-13,57.2905421088541,57.88740650506014,56.26034079934431,56.726383209228516,3364800
2015-01-14,56.227609338012826,57.135166175738746,56.17855423476259,57.03705596923828,3376100
2015-01-15,57.59304665960474,58.27166524459383,57.012538298119026,57.02070999145508,4055000
2015-01-16,56.89806870979442,57.9527973287038,56.775430924518794,57.789276123046875,4263300
2015-01-20,57.94463207967193,58.9502994583889,57.94463207967193,58.89306640625,6163300
2015-01-21,58.557842608386395,59.2773446844167,58.140855402605396,59.064762115478516,5195900
2015-01-22,59.432706845016696,59.432706845016696,58.574204692512325,59.244651794433594,4582800
2015-01-23,59.24463478098853,59.57168342316291,58.90941444526194,58.97481918334961,2903200
2015-01-26,58.75408757866438,59.00754741100629,58.09999004224707,58.958492279052734,3466600
2015-01-27,58.67230511422316,58.98299789754805,58.41883913825913,58.64777755737305,3661600
2015-01-28,58.958478609004715,59.179232889548274,57.85469473041699,58.02639389038086,3105200
2015-01-29,58.02640734431674,58.999375714304975,57.576714508287786,58.958492279052734,4416600
2015-01-30,59.70249837428694,60.07043043125628,58.525132010613255,58.8685302734375,6720100
2015-02-02,58.762241917718896,58.86853007358444,57.42134812063308,58.61507034301758,6274500
2015-02-03,58.53329840379325,58.57418181906578,57.110644130963244,57.960968017578125,6811500
2015-02-04,57.421363053109516,57.63393942012128,57.04525296822757,57.413185119628906,5376400
2015-02-05,57.80561674966095,58.51694698319533,57.78926712681411,58.386131286621094,3847000
2015-02-06,58.1817386272325,58.369787399244906,57.429524825379524,57.52764129638672,3246000
2015-02-09,57.23331095991394,57.44589357581567,56.7263851028978,56.9144401550293,3771200
2015-02-10,57.323238175452346,57.69116403506937,57.14336109281838,57.64210891723633,6888000
2015-02-11,57.64213142715166,58.1526782814899,57.3950912080378,57.600955963134766,3456400
2015-02-12,57.79856026844593,58.095005862552476,57.502114674339396,58.07853317260742,3383500
2015-02-13,58.21027932635474,58.37496850190323,57.79855010499416,58.10322570800781,2691900
2015-02-17,57.97972063789807,58.98433481095717,57.88913969305409,58.926692962646484,3971600
2015-02-18,58.80318154041376,58.83611435576542,57.80679110753656,58.47379684448242,3800000
2015-02-19,58.32560348062768,58.70439387324123,58.27619166768247,58.56440734863281,2337000
2015-02-20,58.44085299408972,59.2560751812938,57.86442825246348,59.1901969909668,3461700
2015-02-23,59.13255638253857,59.2231373255113,58.22675323530134,58.53966522216797,3378600
2015-02-24,58.465561462626994,58.87729076870183,58.06206850177103,58.383216857910156,3158600
2015-02-25,58.35851469730601,58.35851469730601,57.683278879786684,57.93854904174805,3029500
2015-02-26,57.78210043673344,57.89738416204109,57.26332367284899,57.66681671142578,4544900
2015-02-27,57.60093493923136,58.05383974813538,57.56800211903057,57.78209686279297,3353200
2015-03-02,57.78211751568625,58.58087376461875,57.77388744894014,58.56440734863281,3815100
2015-03-03,58.56437507876222,58.589077830376375,57.716207484237884,57.946781158447266,4137300
2015-03-04,57.6503436698931,58.31734318710263,57.4856481651869,58.1773567199707,3005100
2015-03-05,58.2514573586295,58.539666601017565,57.971484461021184,58.12793731689453,3465900
2015-03-06,57.85620278142054,57.85620278142054,56.25045474785663,56.33280563354492,5880800
2015-03-09,56.6045446855807,57.428003318759025,56.34103817426327,57.2962532043457,5848000
2015-03-10,56.91747621548957,57.17274644070657,56.44810493678837,56.63749694824219,3664900
2015-03-11,56.728061288476376,57.09038507544572,56.332804686773834,56.37397384643555,3424500
2015-03-12,56.61279693053961,57.33743846955319,56.439871322905425,57.2797966003418,2724000
2015-03-13,57.15625711275136,57.68327004657604,56.93391980106579,57.551513671875,3223800
2015-03-16,57.86445047101428,58.79496298982995,57.790342190308124,58.52322006225586,3922300
2015-03-17,58.2267767648028,58.67968166268584,57.913864651488055,58.333824157714844,2572500
2015-03-18,58.38321035886145,61.07591695655076,58.21028482345846,60.5571403503418,6436200
2015-03-19,60.32658024091575,61.413545367666906,59.774858191000085,61.11709976196289,7051200
2015-03-20,61.94057222151481,62.74755833097132,61.38061998368103,62.68168640136719,10713900
2015-03-23,62.599319973078146,63.78510236681922,62.54167812240966,62.87929916381836,6284400
2015-03-24,62.80516707859353,63.15925442878441,62.05582322922928,62.22051239013672,5111600
2015-03-25,62.30289409542219,62.97813004139263,61.23239517211914,61.23239517211914,5431600
2015-03-26,60.93592721657589,61.224136426642865,60.45831979275658,60.47479248046875,4023500
2015-03-27,60.62303462347668,60.92771033609496,60.27717717842246,60.59009552001953,4171600
2015-03-30,60.93594293663409,61.10063216130418,60.664200061686344,60.828895568847656,3370700
2015-03-31,60.400686846088846,60.91946978310131,59.82426834106445,59.82426834106445,4348000
2015-04-01,60.046603640896976,60.08777908666125,58.52320638498313,58.90199661254883,5875800
2015-04-02,58.84436231104863,59.10786886328636,58.078545411968356,58.66320037841797,3781800
2015-04-06,58.572613825252816,59.050221368906605,58.33381005342592,58.7208366394043,3936900
2015-04-07,58.671430666889975,59.35490287578986,58.61378881086777,59.04198455810547,3128100
2015-04-08,59.22315359731365,59.519599258948595,58.91024152447314,59.41255187988281,3215400
2015-04-09,59.47019219870968,59.75016515937777,59.20668564881961,59.58547592163086,2595800
2015-04-10,59.700746487557545,60.9194679387717,59.494881844497,60.87005615234375,3956400
2015-04-13,60.34305160576775,60.63949723582267,60.203065136711594,60.540679931640625,4351500
2015-04-14,60.3595256612923,60.73007956598653,60.1948301506016,60.491275787353516,3950600
2015-04-15,60.55716468713925,60.95242141762385,60.35953632189695,60.69715118408203,4358700
2015-04-16,60.61479325433168,60.93594163331337,60.43363134157461,60.51597595214844,2880000
2015-04-17,60.12070516620545,60.277158004746006,59.25607125234036,59.6760368347168,4386700
2015-04-20,60.112485570424965,60.32658659319803,59.536066988910584,59.62664794921875,2540400
2015-04-21,60.0960150738134,60.2112987822765,59.33842834071037,59.46194839477539,4048400
2015-04-22,59.676050613566886,59.676050613566886,59.190206733052975,59.53606414794922,3506100
2015-04-23,60.01366100149441,60.063072789995694,58.52320293359316,59.618404388427734,5448700
2015-04-24,59.47019319281827,59.643118780090674,58.679673529933645,58.943180084228516,3816300
2015-04-27,59.23136703113542,59.42899530161102,58.16086852462113,58.374969482421875,5328400
2015-04-28,58.152638619437425,58.69611793532553,57.80678129206558,58.613773345947266,4557900
2015-04-29,59.173760110591274,59.96427994149132,59.15728741354513,59.51961135864258,6789600
2015-04-30,59.256099860263404,59.79134938523338,58.81966766193935,59.18199157714844,5479300
2015-05-01,59.50311740149446,60.38421781082818,58.671422495444226,60.2112922668457,6533400
2015-05-04,60.31832991986264,60.598302770107445,59.98894529178875,60.15364074707031,4040700
2015-05-05,59.97250442810224,60.0877881546508,59.14080930158027,59.21492385864258,3735900
2015-05-06,59.26432199334967,59.519592172841726,58.91023451091337,59.3302001953125,3567600
2015-05-07,59.083158621401765,59.52782704994259,59.05845586689799,59.14080047607422,3628100
2015-05-08,59.70076106488682,60.688909079860615,59.70076106488682,60.32659149169922,3713300
2015-05-11,60.32659375316624,60.92771516202049,60.268951888173476,60.49951934814453,2958600
2015-05-12,60.2277743736073,60.2277743736073,59.54430208173417,59.6513557434082,3152800
2015-05-13,59.914849140821296,60.3018756857313,59.69251180194127,59.94778823852539,2682100
2015-05-14,60.2629038465599,60.71064769786477,60.05561537795257,60.577980041503906,3364300
2015-05-15,60.718900280981735,60.876435109817045,60.18823633742043,60.44527816772461,3464400
2015-05-18,60.56966197530204,60.60282254643343,60.21312573922111,60.47845458984375,2162000
2015-05-19,60.37896077088226,61.00911923506182,60.2214195733525,60.90132522583008,3548000
2015-05-20,60.901311439383,61.10031279940548,60.6774428167803,60.826690673828125,1980300
2015-05-21,60.81009452262664,61.64754105165651,60.67743329603195,61.581207275390625,3288200
2015-05-22,61.398836444727955,61.63099847776334,61.24958851978508,61.60612487792969,3023400
2015-05-26,61.324185085593115,61.66414101815403,61.208104114947545,61.61438751220703,4194600
2015-05-27,61.655852103862806,62.17821650896975,61.473437329588954,62.10359573364258,2901100
2015-05-28,62.02066877288692,63.41364655650491,61.97091527372863,63.35560607910156,4823600
2015-05-29,63.1400396887132,65.95916282704596,63.03224568613898,65.42021179199219,11917000
2015-06-01,65.43680187362936,66.20791498974889,65.32072087343417,65.50313568115234,4866500
2015-06-02,65.30408736064157,65.30408736064157,64.2676461850864,64.6324691772461,4467700
2015-06-03,64.6739669537337,64.81492151733067,64.07697547739521,64.53301239013672,3270800
2015-06-04,64.12669975983954,65.17143447037407,64.11841278324962,64.40861511230469,3786500
2015-06-05,64.30912264724893,64.8895337051898,63.83650555806384,64.77345275878906,2788900
2015-06-08,64.65739571269775,65.37875524255863,64.53302141674052,65.10513305664062,6065900
2015-06-09,64.98073652708896,68.72850609035127,64.68224087835853,68.6290054321289,10109100
2015-06-10,67.98228432846295,69.22601440712606,67.41845977309814,68.96897888183594,13169400
2015-06-11,68.91095120145233,72.33535304361729,68.88607760740771,71.79640197753906,16740800
2015-06-12,71.21599917700733,71.3072065752136,68.89436666511288,69.8230209350586,12630500
2015-06-15,69.29232484663558,70.15464483637685,68.89432857216416,69.71519470214844,5462700
2015-06-16,69.57426437462357,70.74336737147603,69.34209611035638,70.29562377929688,5694500
2015-06-17,70.21268257392248,70.21268257392248,68.82799845827986,69.2591552734375,5968200
2015-06-18,69.55768446149123,69.95568091261724,68.6124500067483,68.8529052734375,7251500
2015-06-19,68.38026297655605,68.99383455140341,68.25588873580595,68.51292419433594,6907000
2015-06-22,69.06848507026838,69.1845660474536,68.69536222136833,68.75340270996094,3537100
2015-06-23,69.44159154784516,69.44159154784516,68.36368968598107,68.54610443115234,3643500
2015-06-24,68.40515654680591,68.88606704439051,68.20616149902344,68.20616149902344,4212100
2015-06-25,69.78155999068858,72.05343875714681,69.71522619398961,70.31221771240234,9630100
2015-06-26,70.63557004628545,71.24914170308105,70.1297860387031,71.18280792236328,14369800
2015-06-29,70.76823158561257,70.95893962451055,69.42500731296718,69.46646118164062,4441900
2015-06-30,70.06348302475665,70.12152352688747,69.14312197243906,69.22603607177734,4261200
2015-07-01,69.48306089528967,70.44487559748768,69.31722641150468,70.35366821289062,3629100
2015-07-02,70.65215074078891,71.50617761321699,70.2209938154824,71.42326354980469,5128100
2015-07-06,70.735046381051,71.67199339879834,70.68529922114793,71.59736633300781,5062900
2015-07-07,71.83785903998407,73.61224703146857,71.3569484897098,73.57079315185547,6912300
2015-07-08,73.18936926014202,73.38007732926945,72.2773017675648,72.34363555908203,5330000
2015-07-09,72.96551222512748,73.2225478007108,72.05344458750129,72.53435516357422,4767600
2015-07-10,73.21424118049512,73.34690242310279,72.71674412438729,73.20594787597656,4471200
2015-07-13,73.91074513624952,74.77306556630703,73.52104196511455,73.64541625976562,5940500
2015-07-14,73.83610493874866,73.87755880877185,72.84111716912595,73.59564971923828,6028700
2015-07-15,72.79136250362417,73.10643845231387,71.39009152673033,71.62225341796875,6615900
2015-07-16,71.97051527436143,72.5177532108071,71.78810052023347,72.27729797363281,5578000
2015-07-17,72.13634907329973,72.50117861015474,71.82127304434049,72.4431381225586,4430100
2015-07-20,72.7167356765152,72.8991503991043,72.36019953489205,72.85769653320312,4320500
2015-07-21,72.61723749119909,72.70844484766256,70.90917762774059,70.95063781738281,8065300
2015-07-22,69.08504656952451,71.97050258076347,67.57598795053771,71.62225341796875,12677800
2015-07-23,73.8443885162711,74.51600696946777,70.99210555696578,71.93733978271484,5258500
2015-07-24,71.30718776847418,71.48130921205207,69.78154864801753,70.2458724975586,3460300
2015-07-27,70.06347211880205,70.15467951165907,69.10165100356053,69.77326965332031,5420600
2015-07-28,70.23759023285909,71.0584504033038,70.06346876191259,71.0418701171875,3027800
2015-07-29,71.2325776286022,71.29890509847412,70.23758966925601,70.55266571044922,2711800
2015-07-30,69.8644643515376,70.45316248195736,69.63230242133693,70.09662628173828,3867800
2015-07-31,70.37851417154145,70.6935964040541,69.96393761376059,70.07173156738281,4113600
2015-08-03,70.32050015017684,70.47804132567576,69.25918477530507,69.76496887207031,4815500
2015-08-04,70.05516895833244,70.469745658117,69.52451128868329,69.69034576416016,2848200
2015-08-05,70.21269782692974,70.54436039383612,69.62399977549117,70.25415802001953,3776800
2015-08-06,70.59413592300271,70.59413592300271,67.36043566705361,68.57099914550781,3866500
2015-08-07,68.40517803791477,68.56271926012123,66.8712450077072,68.21446990966797,4545300
2015-08-10,68.67049677217469,69.45819011446189,68.35542070044772,69.24261474609375,3211600
2015-08-11,68.66218658722585,69.44159275709822,68.59585912723045,69.26747131347656,3205600
2015-08-12,68.99217989906775,69.65115566847653,68.09964438638004,69.55105590820312,2826900
2015-08-13,69.40093565950819,69.85971844565809,69.14235246951176,69.2591323852539,2253900
2015-08-14,69.15904103367787,70.02654718701892,69.05894123258699,69.9931869506836,2280200
2015-08-17,69.45099740190436,69.88475051960803,69.17572769588512,69.62616729736328,2814700
2015-08-18,69.92642857364783,70.0598885630231,69.42594247644504,69.55940246582031,2241400
2015-08-19,69.35089414830678,70.5103565159445,68.87543120880086,69.87640380859375,2651300
2015-08-20,72.45389775892335,74.19725925924557,71.57804220718448,72.845947265625,10887700
2015-08-21,72.55399084441461,73.1545703617259,70.51033020019531,70.51033020019531,8320000
2015-08-24,68.06631731909127,69.2007564714119,66.3146118634292,67.34061431884766,8620700
2015-08-25,68.55844372051227,68.90044018114692,64.94659096438528,65.2802505493164,6439000
2015-08-26,66.63156443007618,67.8160563065968,64.87151627721869,67.64922332763672,7217800
2015-08-27,68.22480480513077,70.10163337944617,68.15807159512144,69.85138702392578,4703400
2015-08-28,69.85135441054727,70.06823405980256,69.04223211804107,69.392578125,4860800
2015-08-31,69.57611645023678,70.41859927407629,68.44167745390811,68.6919174194336,3445300
2015-09-01,66.94022066062905,67.7743667124749,66.23119778936595,66.56485748291016,4300500
2015-09-02,67.32390364273286,68.25814918660366,66.98190718983355,68.24146270751953,3257900
2015-09-03,68.44164587140922,69.11730173978268,67.84939692236084,68.06627655029297,3227700
2015-09-04,67.26550729633173,67.65755678516828,66.46472820518808,66.99858093261719,3416400
2015-09-08,67.94951715853645,69.21742235806303,67.78269054155915,69.13400268554688,2643600
2015-09-09,69.60946912843748,69.65117896684313,67.47405777384714,67.64088439941406,2839600
2015-09-10,67.66593166346587,68.12470818472802,67.14875880768527,67.43236541748047,3667700
2015-09-11,67.27386243182058,68.27483488175594,65.68064084250928,68.2331314086914,3645900
2015-09-14,68.33322800868524,68.63352103041707,67.79937516205706,68.3082046508789,3197200
2015-09-15,68.75865589103853,69.53441193526272,68.49172942227477,69.20075225830078,3532600
2015-09-16,70.15167657972512,70.51035961046449,68.90880083489611,70.4436264038086,3845000
2015-09-17,70.4602827733508,77.4504209002935,70.30179306628743,75.05642700195312,16918100
2015-09-18,75.65701413085458,76.2826234198,73.72179631827784,73.81355285644531,11578000
2015-09-21,74.32239001245532,74.91463277079822,72.66244164109827,73.06282806396484,6644100
2015-09-22,72.42054842053982,73.38816074114668,72.25372178237988,73.2380142211914,5059500
2015-09-23,73.40485549474805,73.75519532315134,72.22036958117717,72.31212615966797,4863300
2015-09-24,72.11193359541596,72.1870100597457,70.96915741954383,71.19437408447266,5693500
2015-09-25,71.93673968415028,72.09522943954644,69.42596514040524,70.11830139160156,5794900
2015-09-28,69.80129830795549,69.95144475813805,65.48042420161886,66.51476287841797,8295100
2015-09-29,67.04029401465802,68.56677585031571,66.05600180745469,66.96521759033203,7315200
2015-09-30,68.0079336685243,69.87641923724429,67.98291030260864,69.8096923828125,6780700
2015-10-01,69.73459915982522,71.16933119175549,69.56777251779873,71.05255126953125,5350400
2015-10-02,70.20173084416818,73.02948529234367,69.72626151179189,73.00445556640625,5616600
2015-10-05,73.47157538677146,73.80523503314392,71.40289067048492,72.2120132446289,5297400
2015-10-06,72.06188072992686,72.16198055250533,68.46671309237651,70.21007537841797,5521200
2015-10-07,70.3184878813945,70.77726421641468,68.73360971490006,70.05989837646484,5128000
2015-10-08,69.3592373897798,70.05991693682911,68.22479838253264,69.87640380859375,4595400
2015-10-09,71.17765365513847,72.21199253462478,70.90238404852487,71.85330963134766,5115100
2015-10-12,65.54719085236138,67.35728605234547,65.31363100256068,66.26455688476562,26477400
2015-10-13,66.55647607168801,67.77432784528638,66.3479396783179,66.4146728515625,10104700
2015-10-14,67.54080363151203,68.39997300590251,65.93924481532616,66.10607147216797,9495500
2015-10-15,66.18113920681894,66.79841181606297,65.73904285427173,66.61489868164062,6408600
2015-10-16,67.21549297184048,68.00792920597858,66.69832010874251,67.99124908447266,5519800
2015-10-19,67.67428538779514,67.81609509202195,66.28960587265045,66.94023895263672,5869900
2015-10-20,66.85679119847413,67.01527458254942,64.7547400911041,64.8882064819336,7458000
2015-10-21,65.25524614079936,65.38036295295194,63.32836450127123,64.23758697509766,8955200
2015-10-22,64.4127405148689,64.92990684448012,62.694402181465875,64.2125473022461,10075500
2015-10-23,64.68800662053188,65.96424862272119,64.45444046055208,65.32195281982422,5679200
2015-10-26,65.32195390262503,66.61488240540137,64.8715144183809,65.98927307128906,4755200
2015-10-27,66.31458931398252,67.52409814579647,66.31458931398252,67.49073791503906,4771600
2015-10-28,67.73264814962602,69.31752671702472,67.05699197105181,69.2925033569336,5710300
2015-10-29,68.65017906374797,69.70954107740474,67.80769030389477,68.39993286132812,5158600
2015-10-30,68.46672188756229,68.85877162131997,68.04130554199219,68.04130554199219,4044300
2015-11-02,67.6825866330419,68.55009898937797,67.40731700416055,68.43331909179688,3473900
2015-11-03,68.59182086054805,68.85040405571068,67.67425526991633,68.12469482421875,4826100
2015-11-04,68.5251188483137,68.5251188483137,67.50745935846653,67.60755920410156,3401900
2015-11-05,67.56579479626271,67.89945431497537,66.44804272720515,67.240478515625,3787200
2015-11-06,66.98191929683567,67.22381601103446,65.43040739098518,67.1153793334961,6082600
2015-11-09,66.75670651926251,66.97358627144874,65.54719730766584,66.19783020019531,4160200
2015-11-10,66.071881108508,67.42337101003385,66.071881108508,67.20511627197266,3302600
2015-11-11,67.23873383731345,68.22926727001128,67.12960960649367,67.74239349365234,3323400
2015-11-12,67.61645092385753,67.79273139873445,66.98687505456418,67.03723907470703,3647800
2015-11-13,66.86938455129496,67.38143392792094,66.46645299737673,66.77704620361328,3638600
2015-11-16,67.15474877897289,68.21243786546697,67.13796290970355,68.187255859375,3318900
2015-11-17,67.93543202546068,69.19458373254,67.68359912229411,68.24602508544922,3012100
2015-11-18,68.40553731309772,70.31105781906592,68.32159511734287,70.21871948242188,3916600
2015-11-19,69.84094107732842,70.41175673824596,69.44641228019728,70.27745056152344,3156100
2015-11-20,70.7643563365994,71.77167553676723,70.60486167489411,70.90705871582031,4251500
2015-11-23,70.93222735920395,71.28478837234097,70.61324450032446,71.1336898803711,4033100
2015-11-24,70.1431624594693,70.7811346335802,69.71505536765966,70.41178131103516,3431100
2015-11-25,70.4117708180544,70.86506626334129,70.1347622718049,70.29425048828125,2529400
2015-11-27,70.3194475555761,70.72237906133003,70.17674518235495,70.21871948242188,1253800
2015-11-30,70.311023242109,70.53766769962772,68.86719512939453,68.86719512939453,6563300
2015-12-01,70.68877821788192,72.63626599458256,69.9584678999778,72.611083984375,7368900
2015-12-02,72.40964798996932,72.80418337257018,70.86508462025309,70.98260498046875,4444800
2015-12-03,71.0581620924613,71.21765036068689,69.30373990694211,69.72345733642578,3669800
2015-12-04,70.06760976713021,73.26585366607785,70.03403161332035,72.71183013916016,6987600
2015-12-07,73.40854006398179,74.00454415911588,72.0990243718598,72.51034545898438,4379000
2015-12-08,71.8724139393389,73.59325153386614,71.83043963521742,72.53556823730469,4761000
2015-12-09,72.20816449525859,72.45999744754637,70.15155220096116,70.39498901367188,5479500
2015-12-10,70.70557433062525,71.78004952029335,69.97526397309586,71.2763900756836,3667200
2015-12-11,70.34464802116314,70.83151540164403,69.77383202617649,69.91653442382812,3738200
2015-12-14,69.9752897576701,71.10852552671237,69.64791067782187,71.08334350585938,5208700
2015-12-15,71.50302462964713,72.17457473188581,71.36871204744884,71.7884292602539,3975500
2015-12-16,72.19138524746197,72.67825891757711,70.55449012046282,72.43482208251953,2983600
2015-12-17,72.82095984984728,73.20709904133258,72.35926820547438,72.37606048583984,3928200
2015-12-18,71.83043251420418,72.17460384161748,71.15888214111328,71.15888214111328,5821300
2015-12-21,71.95634908789054,72.56913287995123,71.47787152796656,72.22496795654297,3742400
2015-12-22,72.41800470863029,72.58589543551845,71.57857028731864,72.11581420898438,2446100
2015-12-23,72.49356552674247,72.92167892438377,72.30049276957024,72.3592529296875,2804200
2015-12-24,72.1745831625613,72.31728549453368,71.74646976226704,72.0654525756836,1486900
2015-12-28,71.8388199670054,71.93954802772186,71.2596080003729,71.76326751708984,2031100
2015-12-29,72.05705861917332,72.92168158440568,71.8555961206191,72.40122985839844,2097700
2015-12-30,72.56911155930304,73.11474527717887,72.30888890798046,72.3592529296875,1969400
2015-12-31,71.95633237076333,71.98151438316492,70.5796601882052,70.73075866699219,3178500
2016-01-04,70.00885658909561,70.17674097052934,68.65736618410463,69.56395721435547,6907300
2016-01-05,69.58912806488483,71.68771451796111,69.56394605214834,70.60484313964844,7475300
2016-01-06,69.41283127857959,71.2511882249934,69.25333669618196,70.15992736816406,6628400
2016-01-07,68.52304150219749,69.51357454892964,67.85149769020903,68.33837127685547,5833200
2016-01-08,68.55662442167075,69.2449605593508,68.02778291245565,68.20406341552734,5880200
2016-01-11,68.24603165990364,68.76647698349885,66.17262729113884,67.38140869140625,4889300
2016-01-12,67.66681238960912,67.99419131693311,66.7518254971671,67.49053192138672,4329300
2016-01-13,67.77593517431644,67.84309146684618,66.39086706167939,66.56715393066406,4628400
2016-01-14,66.55037526047215,69.4464285251958,65.99635174478226,69.28693389892578,8253700
2016-01-15,67.73399343149093,68.48108986213305,67.2219377110222,68.1956787109375,6674300
2016-01-19,69.09386514413964,71.18406206864292,68.80006429261657,69.86614990234375,9162300
2016-01-20,68.70771961165094,70.06760594710953,67.49893816228763,69.35408782958984,8354400
2016-01-21,69.30370428977336,69.3540747104028,67.65001744278422,68.32996368408203,4930800
2016-01-22,69.16940833504964,69.80738038751282,68.75808719797742,69.23656463623047,3456300
2016-01-25,69.25336415592574,69.84096589610336,68.51466391050552,68.5902099609375,2632800
2016-01-26,68.62377596668088,68.97633694835818,67.91865400332628,68.80005645751953,4583400
2016-01-27,68.50625516559488,69.8829273358978,67.9606214190337,68.63217163085938,4341900
2016-01-28,68.72449384579728,69.24493905388488,64.25030713824036,64.4769515991211,10128700
2016-01-29,64.93864737409844,66.66788023337433,64.82952320485455,66.39926147460938,7042500
2016-02-01,65.65217378598477,66.4496404316642,64.87149941734715,65.8116683959961,4056000
2016-02-02,65.19049014142799,65.72772774037176,63.87257175145772,64.04885864257812,4804200
2016-02-03,64.1831899509056,65.09817729745542,62.26927945533038,63.872596740722656,6966400
2016-02-04,63.75505710426458,64.24193072303075,61.648080810061856,62.35320281982422,6339500
2016-02-05,62.252477384692014,63.645935588336336,61.74042173035875,62.386783599853516,6312800
2016-02-08,61.74042269210197,62.60503937962797,61.13602870351494,62.27766036987305,4348800
2016-02-09,61.639683479545766,62.924017404208755,61.04368567679787,61.899906158447266,5160000
2016-02-10,62.322555931904255,63.28617552350733,61.688595334850625,61.76466751098633,4748700
2016-02-11,61.02928657275802,61.39275766638921,59.87125571203579,60.36996841430664,5425400
2016-02-12,60.49673940786111,60.6319874152973,59.533119926308004,60.2431526184082,6332600
2016-02-16,60.81794452757429,62.06050820357419,60.801041750919204,61.98443603515625,4811300
2016-02-17,62.559235600172755,63.328437796668325,61.781572340740254,63.125572204589844,4000300
2016-02-18,62.06050895810883,63.01568029972505,61.84074061402059,62.10277557373047,5620000
2016-02-19,61.44345942606562,61.76466378757633,61.02926721769358,61.37583541870117,6650800
2016-02-22,61.62942432324227,62.246475676787036,60.94474251104671,61.713951110839844,5672600
2016-02-23,61.790019385478594,62.973413684103406,61.7562073827773,62.10277557373047,4411200
2016-02-24,61.9844439198279,62.78745811718182,61.4011980918457,62.63530731201172,3636100
2016-02-25,62.77900091820717,63.303077325319784,62.356360526691354,63.2439079284668,4306800
2016-02-26,63.75108026413041,64.06383650077817,62.05207039610151,62.212669372558594,4807700
2016-02-29,62.01823175055931,62.01823175055931,60.84329238769594,60.86019515991211,5730200
2016-03-01,61.392732569380975,61.544883347516155,60.74186929284585,61.485713958740234,4541700
2016-03-02,61.47728132664712,62.59305183186133,61.232149097223676,62.56768798828125,6738800
2016-03-03,62.38172371683756,62.457795891006484,61.35048014045543,61.91681671142578,4526500
2016-03-04,62.01825838816816,62.60149779032058,61.62097535617755,62.212669372558594,3481600
2016-03-07,61.84919981056774,62.516972472829735,61.53645001550793,62.043617248535156,3443100
2016-03-08,61.654767711666,63.01566996453617,61.612501102976495,61.705482482910156,3278900
2016-03-09,62.13658032680061,62.50005125220731,61.7054854038812,62.16193771362305,2372000
2016-03-10,62.55074775279214,62.72825585767277,61.223657821942005,61.72237014770508,4419200
2016-03-11,62.10280303602246,63.353815444276144,61.866125361433,63.10023498535156,3527200
2016-03-14,62.77054788907188,63.05794023751971,62.373264919998626,62.474700927734375,3201800
2016-03-15,60.56438753422479,60.8602346071017,58.831558830401804,60.21781921386719,13748200
2016-03-16,60.26007438784746,61.620977113311355,60.158638361154914,61.265960693359375,5287400
2016-03-17,61.054636661953104,61.156066233330634,57.37765992397639,58.375091552734375,15421600
2016-03-18,58.49341891420388,60.05719328962345,58.37508013808278,59.972660064697266,10131700
2016-03-21,59.845873127717965,60.057193292082815,59.03439802145486,59.38096618652344,5900100
2016-03-22,59.347154312134535,61.063073018577306,59.30489414855977,60.79258346557617,7655400
2016-03-23,61.00393047580582,61.054651722987444,59.93888101972877,60.15864944458008,3884400
2016-03-24,59.719088157937286,60.38686074534406,59.33870793907035,60.116371154785156,2892900
2016-03-28,60.310784596148615,60.41222061513718,59.4908611773549,59.69373321533203,2661900
2016-03-29,59.79516718272112,60.80950810025978,59.727549614070234,60.60663604736328,3814800
2016-03-30,60.84331157676892,61.139158551195216,60.07410299428018,60.674251556396484,3081000
2016-03-31,60.66579178065867,61.139153348439486,60.09945527081037,60.8686637878418,3680000
2016-04-01,60.52210180034777,62.29719012632405,60.462932404447905,62.06051254272461,4083600
2016-04-04,62.178839809254356,62.37325718773474,61.61250334647565,61.857635498046875,2796300
2016-04-05,61.51952499830125,62.25492148929665,61.26594467135703,61.73929977416992,3591800
2016-04-06,61.53642343641237,63.446752737329405,61.53642343641237,63.193172454833984,5669100
2016-04-07,62.98187431943606,63.531308130154486,62.423985894988846,63.04949188232422,3724100
2016-04-08,63.632708290383285,63.632708290383285,62.43241165485484,62.880409240722656,3224900
2016-04-11,62.95651865851266,63.176287029659,62.381727439782026,62.508514404296875,3351100
2016-04-12,62.36479748185871,63.64117290854972,62.15347734593537,63.032569885253906,2849800
2016-04-13,63.16779829436533,63.59888659480575,62.61836482141823,63.53126907348633,2341600
2016-04-14,63.64962449934806,64.09762213441019,63.22698424755685,63.92856216430664,3022100
2016-04-15,63.920126159647495,64.45265065655421,63.47212199039999,63.84404754638672,3007500
2016-04-18,63.886308106741986,65.30637974627165,63.55664919479573,65.27256774902344,4088400
2016-04-19,65.57689499459455,66.354551889364,64.78232887007965,65.2979507446289,3819600
2016-04-20,65.32329704408687,65.73748281675229,64.73160308313629,65.15424346923828,4049400
2016-04-21,65.23030067171146,66.01641186739387,65.01053236464512,65.39936065673828,3286600
2016-04-22,65.17115016941494,65.8811894142694,65.02745397724732,65.7882080078125,2697200
2016-04-25,65.47547256572544,65.93192512895772,65.21343749106694,65.88121032714844,3767100
2016-04-26,64.76541213177228,66.18548402221693,64.31740792580909,64.46955871582031,5347300
2016-04-27,64.68085721885592,65.22184264010312,64.08916348324216,64.67240905761719,3690900
2016-04-28,64.34276514634465,64.79921746942536,63.96238498595429,64.63015747070312,4383000
2016-04-29,64.67242543499906,64.67242543499906,63.48057660275778,63.84404754638672,3386600
2016-05-02,64.19907791683214,65.15424940377135,64.0807391138632,64.87530517578125,3571900
2016-05-03,64.52874705857735,64.7907885482573,63.89478632219319,64.45267486572266,3270700
2016-05-04,63.53975514060046,63.92013536371717,63.08330274224877,63.28617477416992,4176800
2016-05-05,63.15938984098347,63.72572649587953,63.015693635827425,63.624290466308594,3446400
2016-05-06,63.15937744643246,63.353788403731556,61.992885906717056,63.05794143676758,4196900
2016-05-09,63.210081107042356,64.15679768376367,63.19317833289513,63.89475631713867,2963200
2016-05-10,64.4864560119661,65.19648860134272,64.28359047914121,64.98516845703125,4366000
2016-05-11,64.64480104080681,65.57230657280547,64.5341765884084,64.93411254882812,3716300
2016-05-12,65.28301202612045,65.47021669385248,64.12575270927422,64.63630676269531,4081900
2016-05-13,64.51718271564397,65.5638241247649,64.3044513025098,64.95115661621094,3629700
2016-05-16,64.65329949844515,66.77210142690137,64.53416399786423,66.61893463134766,4580100
2016-05-17,66.5508891994714,66.97635199181585,64.26189729920328,65.00220489501953,7153300
2016-05-18,65.0107211522066,65.39363509902907,64.33848910765698,64.95115661621094,4664900
2016-05-19,63.921523329009254,64.01512564961237,62.747242031277814,63.232269287109375,4848800
2016-05-20,63.64072207759082,64.27891623421482,63.547119748588905,63.657737731933594,4689200
2016-05-23,63.81940992896466,63.9385389748017,62.9004088678965,63.03656005859375,4440500
2016-05-24,63.43650262749296,63.98959904378095,63.274824694829036,63.81090545654297,3711800
2016-05-25,64.23637820856615,64.24488928319823,63.35141471621544,63.428001403808594,4621700
2016-05-26,63.47903674723727,64.32996219020839,63.19822979296577,64.26188659667969,2654600
2016-05-27,64.26189496129311,64.43208396726745,63.538609539030794,63.81090545654297,3247500
2016-05-31,63.827932159152795,64.35550188521384,63.57265187799296,63.844947814941406,4438800
2016-06-01,63.73432233831182,64.19382289521518,63.54711768638307,63.76836013793945,2450200
2016-06-02,64.00661801288688,64.39804296912598,63.734322108892435,64.2108383178711,3231000
2016-06-03,64.24488489334234,64.32997615770552,63.18122785868436,63.92153549194336,5319000
2016-06-06,63.91303070777034,64.24489121587925,63.13868519415089,63.68327713012695,3253800
2016-06-07,63.49605977330447,63.8619579785445,63.40245745391427,63.56412887573242,2902900
2016-06-08,63.53010461126258,63.89599636500654,63.30886215072603,63.742835998535156,3194900
2016-06-09,63.623704134876306,64.27892048118048,63.17271460645886,63.33439254760742,2760500
2016-06-10,63.04508199000024,63.13017975362934,62.262231904176375,62.92595291137695,4124200
2016-06-13,63.03655077450264,63.793873808089984,62.6876682687593,62.84934616088867,3767000
2016-06-14,62.577051507846626,63.28332111196557,62.16860448014975,63.24077224731445,3691900
2016-06-15,63.589669347621815,63.725814060056436,62.63663039239244,62.72172164916992,3408900
2016-06-16,62.51749635474154,63.36842183883048,62.0750114674694,63.181217193603516,4788700
2016-06-17,63.521577958845604,63.88747611489697,62.517485797498495,62.84934616088867,6604900
2016-06-20,63.351389353858224,63.564120690160024,62.30475481479866,62.35580825805664,3640100
2016-06-21,62.713195062533735,62.79829279030737,61.71761397121559,61.751651763916016,5999200
2016-06-22,61.69210811855496,62.89191637193993,61.69210811855496,62.1771354675293,4410800
2016-06-23,62.61962075488533,62.917449951171875,62.287760242727,62.917449951171875,2989700
2016-06-24,61.6495427418815,63.921518497842065,61.156010942965956,63.24928665161133,10471300
2016-06-27,63.01954127235976,63.87897785631306,62.28774481347619,63.72581100463867,7657800
2016-06-28,63.930041297618075,64.88308035605058,62.755766246016144,63.94706344604492,8012300
2016-06-29,64.56822754476526,66.57641233562727,64.55972296365114,66.49983215332031,7123700
2016-06-30,66.54236440466983,67.06142942366145,65.91268141961523,67.0103759765625,4017200
2016-07-01,67.12951142839422,67.50392072168138,66.68703302982,67.1805648803711,2909600
2016-07-05,67.06143053585059,67.98894262315332,67.01037708790493,67.7677001953125,3286600
2016-07-06,67.49540399765779,68.41440500857185,67.30819936668873,68.09104919433594,4669800
2016-07-07,67.92941161987042,68.11661634409984,66.92531886522544,67.49543762207031,3587300
2016-07-08,67.49542614932334,67.98896461257397,67.16356564625256,67.78474426269531,3134900
2016-07-11,67.68261852516781,67.87832776467332,67.18056907851887,67.34224700927734,3461400
2016-07-12,67.75918272725346,67.93787627024147,67.19757537672616,67.79322052001953,4430000
2016-07-13,67.99746877573594,68.09957569427267,67.50393036265098,67.52945709228516,2917200
2016-07-14,67.64858220490743,68.66118570153021,67.5634909470842,68.57608795166016,3823800
2016-07-15,68.90795093553268,68.92496658930119,68.022987622501,68.26124572753906,4529100
2016-07-18,68.38887246145676,68.57607058444029,67.95489871680338,68.03147888183594,3087600
2016-07-19,67.94640191961716,68.28677342826079,67.71665488420948,68.04851531982422,3303700
2016-07-20,68.30378293408486,68.51651429633286,68.06552484709447,68.31229400634766,2811100
2016-07-21,68.24419401039845,68.58456536669853,68.0910272246656,68.41438293457031,2685900
2016-07-22,68.41442015340361,69.52913062196895,68.31230674334873,69.42701721191406,4315900
2016-07-25,69.42699848628878,69.77588100750813,68.92495562936779,69.75886535644531,4180100
2016-07-26,70.41407664711842,70.92463058723825,69.46103786472796,69.85246276855469,5134900
2016-07-27,69.9886203786247,71.128857399918,69.90352912946115,70.9671859741211,4057200
2016-07-28,70.83956433517045,70.95869341348738,69.7333583313156,70.56726837158203,4862000
2016-07-29,70.68638524260916,71.00973461476414,70.32048699609709,70.53321838378906,3016200
2016-08-01,70.64385516815322,71.29907165215837,70.57578603993261,70.7800064086914,3131100
2016-08-02,70.74597249627699,71.22248888031714,70.26094503622217,70.89913940429688,3340100
2016-08-03,70.98419498514409,70.98419498514409,70.08221614272539,70.3885498046875,2940900
2016-08-04,70.64383189277282,70.64383189277282,70.09073551345122,70.1332778930664,2093800
2016-08-05,70.13325494747447,70.21834617091174,68.95898048313404,69.40145874023438,5886900
2016-08-08,69.29935643058025,69.6482324172512,68.46544680509653,69.43550109863281,4227300
2016-08-09,69.56315708745477,69.89501750098536,68.66968274822864,69.35042572021484,2242800
2016-08-10,68.17617016676166,69.06113368348602,67.79324970234504,68.54206848144531,4956700
2016-08-11,68.49066631952076,69.0815415689352,68.49066631952076,68.98734283447266,2408000
2016-08-12,68.67052338318925,69.12438661375046,68.42218176896597,68.69621276855469,2525000
2016-08-15,68.79038228392137,69.03872379253691,68.56773014974682,68.73043823242188,2780400
2016-08-16,68.72188655422356,68.85033998530655,68.37078094482422,68.37078094482422,2158700
2016-08-17,68.64480209468367,68.80750363751963,68.14811909707394,68.60198211669922,2519500
2016-08-18,68.59342788913075,68.83320412436937,68.07105543375556,68.31939697265625,3037200
2016-08-19,68.12245008576402,68.32797166801578,67.46305881481187,67.70283508300781,3745500
2016-08-22,67.92548491243788,68.42216804123348,67.66857804349861,67.89979553222656,3157000
2016-08-23,68.23377853369912,68.482120127184,68.0282569345238,68.13957977294922,3406900
2016-08-24,68.25088324840661,68.4992247714363,66.94923811169141,67.17189025878906,3423000
2016-08-25,67.17190249056793,67.79703253012158,66.62384059284425,66.80367279052734,2800500
2016-08-26,66.83793164127191,67.497316407204,66.65809289896777,67.0006332397461,2602300
2016-08-29,67.07771083061891,67.42880995842775,66.8379345416931,67.30892181396484,2203300
2016-08-30,67.30892997078502,67.30892997078502,66.47827163104753,66.59815979003906,2025700
2016-08-31,66.70091230813354,66.87217921031777,66.39262665747111,66.58102416992188,2182600
2016-09-01,66.58102479864297,66.79511169510162,65.7674972054655,66.13572692871094,3544700
2016-09-02,66.38403089199754,66.47822960499981,65.46773966558413,65.8102798461914,3943400
2016-09-06,66.04154205728852,67.3945665619957,66.04154205728852,67.23186492919922,5528600
2016-09-07,67.2147129318489,67.55725323591307,67.01775666706568,67.30034637451172,2971400
2016-09-08,68.53350815528906,68.65339631546092,68.00257674121785,68.41361999511719,4405400
2016-09-09,68.18239708876065,68.18239708876065,66.9663785523269,67.0006332397461,4152500
2016-09-12,66.78654840897106,67.8998029175773,66.63240557752425,67.719970703125,3288900
2016-09-13,67.54009819872263,67.54009819872263,66.78650856856267,67.20612335205078,3149000
2016-09-14,67.36885144719975,67.85696922601419,66.8122243052574,67.04344177246094,2660900
2016-09-15,66.89785108926256,67.70281308040113,66.59812431801195,67.4972915649414,2652300
2016-09-16,67.39455410430644,67.57439285130535,66.94069091762766,67.48019409179688,4255100
2016-09-19,67.47163168556197,67.96831488732802,67.21472477887912,67.78848266601562,3321500
2016-09-20,68.1909424426909,68.80751362808708,67.89978745703843,68.405029296875,3629400
2016-09-21,68.33650875079542,69.36412277107675,68.23374473540304,69.25279998779297,3147600
2016-09-22,69.40695861919242,69.75805765195248,69.132927715546,69.61248016357422,2639800
2016-09-23,69.33843634458607,69.75804465845232,69.16716297832677,69.50114440917969,2197700
2016-09-26,69.36416103280821,69.49261448955181,68.07963953220066,68.09676361083984,4332800
2016-09-27,69.038714597348,69.30418014242993,68.1738020836991,69.26136016845703,6888900
2016-09-28,69.22709883685786,69.50969495770973,68.52489445175966,69.11577606201172,2467800
2016-09-29,68.80750574888128,68.91026977915048,67.8484009333483,68.2851333618164,3269200
2016-09-30,68.59341952418781,69.0644131669779,68.53347547268831,68.73043823242188,3623000
2016-10-03,68.50778838734568,69.42407979568996,68.2423227980365,69.3641357421875,3983500
2016-10-04,69.41553114387563,69.71525801669686,69.09012142300615,69.4583511352539,3184100
2016-10-05,69.66388356608029,70.29757902997372,69.56112602423586,70.00642395019531,3560400
2016-10-06,69.5782345841657,70.03209771518402,69.13293675752874,69.76663208007812,2994200
2016-10-07,69.85225624860338,70.48595148701011,69.62104532831042,70.29755401611328,4241400
2016-10-10,70.33178601080313,71.28233182852941,70.3060966427689,71.12818908691406,4608400
2016-10-11,70.73430032532342,70.94838719466968,69.57823253753614,70.05778503417969,4218200
2016-10-12,70.05778980755623,70.40889543324477,68.90172194100045,68.94454193115234,3629800
2016-10-13,68.44784555724254,68.92739799383344,68.16524935707494,68.5077896118164,3565000
2016-10-14,68.65338936065227,68.7818428145136,67.83129640271953,67.88267517089844,3143900
2016-10-17,68.10532528250654,68.10532528250654,66.80367977272057,67.24897766113281,3884700
2016-10-18,67.72852926457853,67.77991456384353,67.22328731127128,67.45449829101562,3218300
2016-10-19,67.61720618158117,67.93405714781058,67.24897644968732,67.27466583251953,2988500
2016-10-20,67.42022846216405,67.74563809696724,67.12906697130926,67.42878723144531,2661900
2016-10-21,67.25753498514712,67.46305656053137,66.86361591007186,67.00919342041016,3215000
2016-10-24,67.21467174969905,67.38594506349914,66.31551135253191,66.42683410644531,4363200
2016-10-25,65.83599942525208,67.03488734078226,64.65424211998845,66.58102416992188,8496000
2016-10-26,66.29841649754393,66.49537928124924,65.39925561561718,65.73323059082031,2988700
2016-10-27,66.24705890637158,66.2984376779207,65.1937483557133,65.21944427490234,3789900
2016-10-28,64.75699230862077,64.80837106158658,63.24981906530606,63.823570251464844,5651500
2016-10-31,63.909192567543094,64.00339128720314,63.19842931930496,63.2326774597168,3562100
2016-11-01,63.20699439830247,63.352578409937415,61.5285544138736,62.49623107910156,8190500
2016-11-02,62.641792789820514,62.93294767298081,62.20505393167008,62.213619232177734,4433900
2016-11-03,62.35066135874209,62.75314574183347,61.55425789718617,61.751220703125,4843200
2016-11-04,61.75977385328666,62.53904655222621,61.37441362187562,62.07661819458008,3617200
2016-11-07,62.701758986789024,63.309764869515746,62.556181493758466,63.266944885253906,4969400
2016-11-08,63.001479465056626,63.77219345019164,62.82164729076051,63.38683319091797,2690800
2016-11-09,66.06719010203201,67.90833795323788,65.57907244226217,67.12905883789062,7332700
2016-11-10,68.05998837349279,68.69783344173656,67.23251209075026,67.52557373046875,6904800
2016-11-11,67.20664827357704,67.31007868923832,66.18954087033124,66.94805908203125,3072700
2016-11-14,67.24115043375583,67.43939651619496,66.1033694361706,66.38780975341797,3221700
2016-11-15,66.7411702433339,66.83598581137483,65.66372658486357,66.64635467529297,3097600
2016-11-16,66.81879982901758,66.81879982901758,66.2154334978646,66.3188705444336,1922300
2016-11-17,66.37054136695856,67.06872287955314,66.13781638815884,66.98252868652344,4519200
2016-11-18,66.87049547586616,67.16355712884521,65.95681836250225,66.08611297607422,4571600
2016-11-21,66.19815767881012,66.40502507200132,65.59478513239166,66.06024169921875,4060300
2016-11-22,67.06872757980616,67.06872757980616,65.07761330364038,65.49996948242188,5208800
2016-11-23,55.458201238495185,58.98360186010455,55.320291809140194,58.61296081542969,53877200
2016-11-25,59.069785478748926,59.59557864724754,58.42331911513875,59.57834243774414,8620700
2016-11-28,58.98357784979297,58.98357784979297,57.83717618104349,57.923370361328125,12507700
2016-11-29,58.24230673969092,58.302643334571044,57.30277882281528,57.880287170410156,8930000
2016-11-30,58.00959481480555,58.457808681098285,57.58723197934452,57.85444259643555,9085300
2016-12-01,58.00096259822477,58.009583991024776,56.595978076833724,56.863182067871094,7168100
2016-12-02,57.14764154072961,58.9491250406017,56.85457330618263,58.36299514770508,12272200
2016-12-05,58.75086623662381,58.880154248290424,57.52688492454721,57.97510528564453,7286000
2016-12-06,57.92339618136107,58.552626472695096,57.863059570646634,58.440574645996094,4617200
2016-12-07,57.96648137529749,58.07853317260742,57.37173024267764,58.07853317260742,5835900
2016-12-08,57.794117865445195,57.983742548026,57.22522408910741,57.914791107177734,4811400
2016-12-09,58.07854921363026,58.759494730423675,57.940639777020074,58.48366928100586,4350800
2016-12-12,58.59574325398353,59.07843627466385,58.11304365710401,58.276817321777344,5273700
2016-12-13,58.60432821523428,59.38008915763792,58.60432821523428,59.16460037231445,6010900
2016-12-14,58.97497672297907,59.40595434868256,58.21645846917173,58.32851028442383,6140300
2016-12-15,60.655798280440294,61.70737824760803,60.04381079193388,61.51775360107422,14320800
2016-12-16,62.80206035757676,63.53472100852955,61.85391089303804,63.189937591552734,17584700
2016-12-19,63.336477495913826,64.20704760248385,63.1813252809276,63.28475570678711,6102400
2016-12-20,63.483013918712786,63.870891202307945,62.922741616477246,63.250282287597656,6001500
2016-12-21,63.207149187749756,63.6898417875994,63.008896683558106,63.13819122314453,5054100
2016-12-22,63.06064112848395,63.3364665099278,62.64689976822027,63.14683532714844,4827500
2016-12-23,63.336475629788886,63.78468947310031,63.1468444197044,63.60367965698242,2570100
2016-12-27,63.8364070978599,64.1811905313939,63.508866452910965,63.62091827392578,2786700
2016-12-28,63.491642958499156,63.59507340593954,62.89689158092362,62.974464416503906,3256800
2016-12-29,63.258864764265425,63.67260597826166,63.12957022387951,63.4053955078125,3031600
2016-12-30,63.32784300776011,63.56918938645978,63.12097562261691,63.39680099487305,2933900
2017-01-03,63.7329851025943,64.36220886905377,63.38820162344771,64.30187225341797,3622700
2017-01-04,64.60353469453675,64.64663508173622,64.11222053096338,64.40528869628906,3021600
2017-01-05,64.58630250961649,67.120452867101,64.15532491555157,65.15518951416016,3310800
2017-01-06,65.04314179957547,65.56893502351268,64.67250078231147,65.22415161132812,2296500
2017-01-09,65.22416110237805,66.04302264749704,65.08625166315439,65.7413330078125,3204100
2017-01-10,65.88787041824695,65.9913008536153,65.34483432777283,65.7413330078125,3559400
2017-01-11,65.9482176994666,66.30161603780742,63.784707534984875,64.87077331542969,7701700
2017-01-12,64.5173477495789,66.80153042783448,64.43977493533382,66.49984741210938,11900700
2017-01-13,66.30157548850292,67.33592541030065,65.83611901012313,66.71531677246094,5602600
2017-01-17,66.42225121872286,66.42225121872286,65.39652922473606,66.24124145507812,4913300
2017-01-18,66.64636753891897,66.98252949914985,66.26710519355264,66.82737731933594,3360300
2017-01-19,66.77565610782698,66.90495067540036,66.16366883592092,66.23262023925781,4439200
2017-01-20,66.38778929014317,66.72395788181282,65.91371785672557,66.20677947998047,4371200
2017-01-23,65.71545058766087,66.26710128867121,65.6464991821809,65.78440856933594,5055100
2017-01-24,65.68098751715445,65.87924011847568,63.931219409244925,64.51734924316406,6594300
2017-01-25,64.75008084368014,65.16381568162501,64.01741361913372,64.51734924316406,4830800
2017-01-26,64.62939025663808,64.94830940509328,64.25012794366982,64.28460693359375,3748000
2017-01-27,64.57766835109831,64.99140965314122,64.2242702134446,64.97416687011719,3132800
2017-01-30,64.72418523514456,64.8017645897133,64.00014633220162,64.38802337646484,5909600
2017-01-31,64.00015896635618,66.6118815729941,63.784670215627706,66.39639282226562,6964100
2017-02-01,67.13769364076994,67.72382347158606,66.29298118165642,66.88772583007812,4959200
2017-02-02,66.36191983842946,67.15492351078117,65.98266407463905,66.70670318603516,3830900
2017-02-03,66.77569989551327,67.12909826401105,66.1206118127818,66.56883239746094,3836300
2017-02-06,66.30160078861883,67.10321948902009,66.16369135880419,67.08598327636719,2835500
2017-02-07,66.95669414482312,67.24114099835496,66.64638968209704,66.97393035888672,3346800
2017-02-08,66.74981548456897,67.7927805294908,66.53432667587778,67.32732391357422,2820800
2017-02-09,67.3273352210683,67.7410701205713,66.96531553995375,66.97393035888672,2962600
2017-02-10,67.12045641006337,67.44799703141135,66.88772481431367,67.05149841308594,2598600
2017-02-13,67.31184874556288,67.73704743347656,67.27713770281113,67.48539733886719,2097500
2017-02-14,67.25106715687376,68.40518383376438,67.03412823056125,68.38782501220703,3311200
2017-02-15,67.97996623805692,69.8890324099043,67.72832295592625,69.63738250732422,4272800
2017-02-16,69.46386434948822,69.75021877280308,68.90850108788347,69.45518493652344,3629600
2017-02-17,69.54195690025911,70.28822749964458,69.48121425242317,69.75889587402344,3111100
2017-02-21,69.56798864098539,70.17542174087204,69.51592540573446,69.73286437988281,3178800
2017-02-22,69.784895590249,70.47042322841754,69.70680077321096,70.34893798828125,3468800
2017-02-23,70.61798305174896,71.91961709147209,70.40972345912013,71.63326263427734,6193500
2017-02-24,71.52044031753965,72.23199989697403,71.36424398934908,71.91093444824219,4016000
2017-02-27,71.87618746561759,72.37080782074078,71.72867062401656,72.07576751708984,3104200
2017-02-28,71.8675585039094,72.4402806963052,71.65929889778978,71.85887908935547,3672000
2017-03-01,72.40556836475643,73.01299496360704,71.99772195390528,72.76134490966797,3420600
2017-03-02,72.77870853712176,72.84812399552916,71.88491416780448,71.94566345214844,3371600
2017-03-03,71.7634065000991,72.80471749749636,71.67663223876227,72.7005844116211,2649100
2017-03-06,72.24067280828514,73.13446025342772,71.98034341124583,72.74397277832031,3960100
2017-03-07,71.98036947522355,72.14524526107982,70.60931979965609,71.79814147949219,5570600
2017-03-08,71.79812273489343,72.88281763138576,71.73738008550795,72.37952423095703,4491800
2017-03-09,72.60511467656345,73.5596445810143,72.46627721322801,73.36874389648438,5861600
2017-03-10,73.32536559323968,73.36875603171211,72.80471343382767,73.2038803100586,3629400
2017-03-13,73.3340496519652,73.36876068085238,72.74397540178678,73.01297760009766,2248500
2017-03-14,72.89148256589385,73.36875087373187,72.82206051739907,73.2906494140625,2839100
2017-03-15,73.26464454250998,74.74850661332685,73.21258129736133,74.52288818359375,4883900
2017-03-16,74.2278405985299,74.2278405985299,72.71794718385468,73.75057220458984,4742800
2017-03-17,73.27330673048455,73.542308927782,72.74397512773987,72.85678100585938,5786900
2017-03-20,73.41215439107582,73.63777279900994,72.86547050847479,72.94356536865234,3121900
2017-03-21,73.1865209920915,73.71585255971247,72.57041516856327,72.65719604492188,4066200
2017-03-22,72.96958253502979,73.36875603171211,72.43157817249964,73.2038803100586,2850300
2017-03-23,72.82206539685176,73.80263369130371,72.82206539685176,73.25594329833984,3021100
2017-03-24,73.15182443574851,73.74189870786843,72.77000972424382,73.04769134521484,2479100
2017-03-27,72.8047205086581,73.27330948379966,72.66587638841523,73.0997543334961,2340300
2017-03-28,73.12578687652159,73.75925159735665,72.92620672671136,73.54231262207031,2755000
2017-03-29,73.3687385576536,73.55096643902446,73.16915185684753,73.27328491210938,2066600
2017-03-30,73.38611151463016,73.71585635222284,72.96091300449321,73.55098724365234,3204100
2017-03-31,73.23861141187176,73.70720046992096,72.96092974270778,72.9869613647461,3151900
2017-04-03,73.0043008012885,73.59437507259133,72.95223756631978,73.281982421875,2429900
2017-04-04,73.35140395019774,74.96543042704334,73.14314439138114,74.7051010131836,4624600
2017-04-05,74.55758873762827,75.25179613745297,74.25387548287462,74.30593872070312,4056300
2017-04-06,74.16710896640339,74.54024432423738,73.8633956798997,74.0716552734375,2684600
2017-04-07,74.05426321056072,74.33195137125824,73.68113464063623,74.03691101074219,2808500
2017-04-10,74.15842721466201,74.49685152616263,73.95884704144518,74.16710662841797,1994900
2017-04-11,74.16708680192889,74.74848157955367,74.03692211219693,74.56625366210938,2699200
2017-04-12,74.4014061583314,74.92205849422709,74.34066349615114,74.84396362304688,2545100
2017-04-13,74.65305291691874,74.90470296922616,74.4361139015282,74.52288818359375,2172500
2017-04-17,70.54854657568508,72.01504932147184,70.38367086124619,71.4857177734375,12424500
2017-04-18,71.07788925103328,71.2427583708315,70.19277452179178,70.46177673339844,8210800
2017-04-19,70.39235102396447,70.90432375465326,69.31632909360121,70.19276428222656,5504500
2017-04-20,70.4530879441091,71.32951644113412,70.07127331462452,71.1039047241211,3267200
2017-04-21,70.99975085238665,71.3642065534964,70.86958621043355,71.06049346923828,3204000
2017-04-24,71.86755418767723,72.65721535332098,71.78077990871002,72.3882064819336,4813600
2017-04-25,71.77209000173323,71.77209000173323,69.85435024897947,70.46177673339844,9221100
2017-04-26,70.58328500644915,70.90435717870106,70.22750841274964,70.2535400390625,4421700
2017-04-27,70.26221511176713,70.80889909190962,70.01924445392604,70.5746078491211,3219200
2017-04-28,70.6093064646708,71.3729293435857,70.46178291655032,71.20805358886719,3161800
2017-05-01,71.2340698987661,71.34688238899119,70.93903610684173,70.9997787475586,2397200
2017-05-02,71.13862997865517,71.13862997865517,70.72210424312014,70.8956527709961,3626500
2017-05-03,70.51384451260576,70.7741673037811,70.49648568758955,70.50516510009766,3373200
2017-05-04,70.59194671554374,72.11051966046519,70.53988347597699,72.05845642089844,3567100
2017-05-05,72.07579535289062,72.11918579150668,71.21671895599434,71.5985336303711,3135600
2017-05-08,71.46836326172165,71.51175369689332,69.73285178206926,70.0018539428711,4712900
2017-05-09,70.13201916194899,70.23615223488336,69.72417290185302,70.10598754882812,3988100
2017-05-10,70.14936947606253,70.38366722874687,69.58533355242041,70.33160400390625,4018500
2017-05-11,70.49754685484243,70.74208633408264,69.79012812372594,70.06086730957031,3920500
2017-05-12,70.156945351723,70.4014848588799,69.64165996461222,70.03467559814453,2935200
2017-05-15,70.03465965318213,70.29666335268415,69.37090495401642,70.13072967529297,2559100
2017-05-16,70.06961112921147,70.13074600631818,68.47136220359099,68.98664093017578,7170100
2017-05-17,68.98664726397236,69.02158243455534,68.05215310628542,68.24429321289062,4486000
2017-05-18,68.61982961746811,68.94297490863612,68.15695032417452,68.38402557373047,2928200
2017-05-19,68.55869063512452,68.74209524997828,67.88620704732739,67.94734191894531,5091800
2017-05-22,68.03465151777993,68.13072151836299,67.11762211701391,67.23116302490234,6936500
2017-05-23,67.41459034593936,68.43641888292923,67.26611423648185,68.11327362060547,5884800
2017-05-24,68.11328161886604,68.3665565845039,67.94734790311851,68.08708190917969,2253800
2017-05-25,68.3927456069077,68.52375079807001,67.91240212358029,68.4189453125,1736700
2017-05-26,68.22680716543734,68.42767600312268,67.87746223440153,68.1656723022461,2238900
2017-05-30,68.07834360329295,68.70716326226439,67.90367443722381,68.42768859863281,3244900
2017-05-31,68.54122868029138,69.79013252506014,68.54122868029138,69.4931869506836,5163900
2017-06-01,69.51937587068267,70.06959631148891,69.32723582235035,69.8599853515625,3093100
2017-06-02,70.27920721392097,70.79448587997126,69.78139279790581,69.98226165771484,4005700
2017-06-05,69.86874075951465,69.92987564115113,68.97791724663988,69.30105590820312,2814800
2017-06-06,69.35343296391494,69.39709691069082,68.777012895597,69.0739517211914,2688000
2017-06-07,69.135114400679,69.46698848319082,69.07397286271991,69.33598327636719,2899900
2017-06-08,69.33600084309222,70.270495115832,69.29233020868624,69.95608520507812,4610400
2017-06-09,69.95607869880342,70.90804380204926,69.60673364565629,70.77703857421875,4599300
2017-06-12,70.70715405401681,70.99536416481666,70.60234856012559,70.65475463867188,2842400
2017-06-13,70.92550641852718,70.99537676018376,70.078346849748,70.96044158935547,4492900
2017-06-14,70.65474934523428,71.27483347876442,70.54120840289158,71.26609802246094,4025600
2017-06-15,71.08268329722165,71.74643795455063,70.70713868805919,71.65910339355469,3484800
2017-06-16,71.8250604874611,72.10453517172351,71.3185172031869,71.51065063476562,4903200
2017-06-19,71.63290179211599,72.27919224550543,71.50190327351034,71.9123764038086,2538000
2017-06-20,71.80760554317948,73.08270937186705,71.80760554317948,72.2704849243164,3694700
2017-06-21,72.57616775852517,72.84691371451285,71.9473478988429,72.17442321777344,3781400
2017-06-22,72.34907259790369,74.02592731824785,72.34907259790369,73.6329116821289,4891600
2017-06-23,73.46698885791908,73.65912231243372,73.10890833613594,73.26611328125,3928000
2017-06-26,73.4407567366238,73.75516651663649,73.06521875498696,73.60669708251953,2952800
2017-06-27,73.51936381296163,73.65036900081635,72.52373504638672,72.52373504638672,2365800
2017-06-28,72.88183870059879,73.29231868153416,72.40149503223881,72.57616424560547,3035300
2017-06-29,72.56740854654,72.68094950044419,71.88618947592094,72.22679901123047,2366800
2017-06-30,72.4626056634387,72.60233965470971,71.61544626950432,71.87745666503906,5713900
2017-07-03,71.97353072144772,72.41021029627547,71.89492493311393,72.22679901123047,1464700
2017-07-05,72.16566413728265,72.27920509118684,71.64164998012964,72.22679901123047,2263600
2017-07-06,71.89491761229455,72.11325737747562,71.06522916988682,71.26609802246094,3391000
2017-07-07,71.28358714608311,71.92113569189566,71.11764674992797,71.86873626708984,1803700
2017-07-10,71.90366360567326,72.11326794526718,71.51938343041623,71.85999298095703,2269700
2017-07-11,71.95606248620709,72.3490714529044,71.51064743760217,71.92112731933594,2708900
2017-07-12,72.2530001389932,73.37962749666565,72.14819464988834,72.92548370361328,3527000
2017-07-13,72.97788664296712,73.56304232307696,72.62854832213907,73.37963104248047,2944100
2017-07-14,73.4582423388285,73.86872222611203,73.19623191535334,73.6678466796875,2005700
2017-07-17,73.63290905100482,73.82504913337031,72.85561992740013,73.04776000976562,1989100
2017-07-18,72.9342097585921,73.16127829424751,72.68093485663783,73.10014343261719,1704500
2017-07-19,72.94298110787429,73.60673618082909,72.94298110787429,73.56307220458984,2297400
2017-07-20,73.82504894400626,74.34033431477397,73.72025010894963,74.0171890258789,2980600
2017-07-21,73.90365583681033,74.20059475817263,73.63290996140161,73.93859100341797,3064400
2017-07-24,73.93859732255073,74.69841560579871,73.80759210237623,74.00846099853516,3952200
2017-07-25,73.13512104376157,73.71154149932715,70.54124232012452,71.78141784667969,13319900
2017-07-26,71.23990397449818,71.51064317260006,70.7770247016654,71.4757080078125,7030500
2017-07-27,71.40585117991027,72.53248536520069,71.14384075051176,72.50627899169922,5577400
2017-07-28,72.37529531655414,72.68096977154748,72.05214994230212,72.57616424560547,3820100
2017-07-31,72.78574947748909,73.15256539014061,72.16566527107574,72.1918716430664,4083000
2017-08-01,72.366550443531,72.61982543420916,71.72026644229852,71.93860626220703,3439400
2017-08-02,71.66784099914338,71.76391102701359,70.80321741151208,71.45823669433594,4574400
2017-08-03,71.2486241037493,71.85997269800852,71.1787537892054,71.5542984008789,3688300
2017-08-04,71.52811852110781,71.89492777931615,71.40584876837171,71.88619232177734,2802600
2017-08-07,71.88620196184195,71.96480776382877,71.3709231723831,71.67659759521484,2769700
2017-08-08,71.50190645713957,72.24426030282642,71.29229549163692,71.58924102783203,3292600
2017-08-09,71.72899341510545,72.26174309520235,71.58925939877966,72.11327362060547,2392100
2017-08-10,72.08704740667474,72.08704740667474,71.31849394143057,71.65910339355469,3367500
2017-08-11,71.89643982561299,72.04585623964792,71.2987674637729,71.32513427734375,2446400
2017-08-14,71.49212925279721,71.79096879877702,71.35150400610715,71.62397003173828,1879600
2017-08-15,71.63275501445253,72.37105258359554,71.63275501445253,71.81732940673828,1949500
2017-08-16,72.1952594453901,72.24799306288403,70.33192672744858,70.92081451416016,3970500
2017-08-17,70.66592966288304,70.81534606116062,68.29281610627042,68.3807144165039,7318200
2017-08-18,68.29281308501692,68.29281308501692,67.62483155555097,67.73908996582031,4061300
2017-08-21,67.78304930722312,68.24008972269593,67.58089256022343,68.01156616210938,3638100
2017-08-22,68.14342772078835,69.1278315310613,68.14342772078835,68.78504943847656,2131900
2017-08-23,68.73227404908286,69.01353117924411,68.60044000814707,68.6883316040039,1801500
2017-08-24,68.84653123136715,69.64635337897604,68.78500645078185,69.31236267089844,4188400
2017-08-25,69.40026324847379,69.90125272834993,69.20689771138142,69.25084686279297,2171500
2017-08-28,69.52331570182899,69.81336401946712,69.11021780198669,69.29479217529297,1923200
2017-08-29,69.03112581932605,69.29480065386869,68.66197702754626,69.0399169921875,2154300
2017-08-30,69.52330680574393,70.99111713828901,69.21568288959652,70.7450180053711,5036900
2017-08-31,70.9911416294728,71.50092241249939,70.61320162904975,71.44818878173828,3939500
2017-09-01,71.66790253450233,71.81731891991099,69.81336100405674,70.3846664428711,4345000
2017-09-05,69.84852684104393,70.35830754875738,69.47937806885135,70.1561508178711,3384000
2017-09-06,70.49891467184256,70.90322132407441,70.19129077402462,70.7625961303711,2689200
2017-09-07,70.85930177852184,72.731419280698,70.63956939398801,71.66791534423828,6249300
2017-09-08,71.72944092513927,73.05662641977875,71.66791612502752,72.8808364868164,3961300
2017-09-11,72.89841876433191,73.25877639158995,71.87006609814614,72.62594604492188,4389200
2017-09-12,72.59957385654002,72.71383898082345,72.01069271309385,72.22163391113281,2566400
2017-09-13,72.03704406602235,72.581982641858,71.96672811319871,72.45014190673828,2454900
2017-09-14,72.36225135682245,73.82127051750624,72.17767700728587,73.01265716552734,3370300
2017-09-15,73.21483380280529,73.45214182951855,72.23043029805706,72.45895385742188,5374500
2017-09-18,72.55563224557474,72.66109949296494,72.1337431389144,72.52925872802734,2200000
2017-09-19,72.63472985131945,72.81051306058797,71.6766999611168,71.83490753173828,2259200
2017-09-20,72.1249254274814,72.44134046462436,71.53604449390319,72.08976745605469,2849900
2017-09-21,72.0810165339438,73.56640296015728,71.96675139721164,73.24120330810547,4426700
2017-09-22,73.249987894397,73.85645144972514,72.72263148814233,73.75098419189453,3148700
2017-09-25,73.71579036988345,74.4013540353235,73.65426559749004,74.39256286621094,4223800
2017-09-26,74.20800422678028,74.8232520806963,73.83885551443065,74.02342987060547,2347200
2017-09-27,74.12890214387696,74.53321556761928,73.80370255854828,74.40137481689453,3085200
2017-09-28,74.34865054318352,75.21879566238974,73.96192608479247,74.70901489257812,2841000
2017-09-29,74.8584103679432,75.24514142382921,74.17284655483523,75.1836166381836,3506100
2017-10-02,75.39457924897502,76.18561722207713,75.35942126064819,75.89556884765625,3071100
2017-10-03,75.79886984390458,76.08012698466177,75.52640387477395,75.98344421386719,2128800
2017-10-04,76.02741010917597,76.60750686169328,75.83404452500353,76.43171691894531,2317700
2017-10-05,76.26471518362659,78.30383150029189,75.93072436394621,77.03817749023438,5221000
2017-10-06,76.73933570720408,76.89754329204582,76.15045452695433,76.53718566894531,2297200
2017-10-09,76.58991128334695,76.71296086916287,75.9922389926555,76.51081085205078,1701400
2017-10-10,75.04301350779194,76.20320041474349,74.92875506368277,75.72858428955078,4943700
2017-10-11,75.89554582635662,76.1680184768156,75.10450809319899,75.64065551757812,3433200
2017-10-12,75.6758253862453,75.98344935700531,75.50883334823251,75.96587371826172,1941100
2017-10-13,75.93950171674756,76.20317651407669,75.33303828320196,76.07134246826172,3026500
2017-10-16,76.00984472955396,76.23836162742653,75.39458990542381,75.54400634765625,3800700
2017-10-17,75.5351882902895,76.02738656616599,75.07814128637683,75.64065551757812,3643700
2017-10-18,75.87797272624144,76.08012272243295,75.1660353897571,75.35061645507812,4002200
2017-10-19,75.31545399927339,75.9219106574972,75.15724645675883,75.90433502197266,3233400
2017-10-20,76.0449757736891,76.80085566408417,75.8779837321133,76.66902160644531,3223200
2017-10-23,76.8799666609998,77.51279699221092,76.57234266824442,76.62507629394531,4909800
2017-10-24,76.83601263252716,77.63584166869751,73.6103430880658,74.8584213256836,8696100
2017-10-25,75.50884893763002,75.91315576920118,74.42776252496071,74.57717895507812,3916000
2017-10-26,74.4189830031152,74.80571425286679,73.68068520526442,73.97073364257812,3820700
2017-10-27,73.89159035043716,74.54199619328651,73.46970131099238,73.70701599121094,2892900
2017-10-30,73.61912871486979,73.61912871486979,72.45015099884517,72.64351654052734,4667200
2017-10-31,72.74017657340637,73.03900925844867,71.82608947481692,72.01945495605469,3853300
2017-11-01,72.22162382905324,73.67185861273158,72.07220744737154,72.85445404052734,3309300
2017-11-02,72.55561763416777,73.75974650404814,72.34466977046881,73.06539154052734,2716100
2017-11-03,72.69626013156537,73.46971569869939,72.65231767878167,73.39940643310547,1534800
2017-11-06,73.20603859456233,73.3290881876607,72.88083226668812,72.8984146118164,1861700
2017-11-07,72.98630154867817,73.32029232203867,72.74898684453562,73.1972427368164,2851900
2017-11-08,72.95116161411138,74.17287330227717,72.95116161411138,73.83888244628906,2328700
2017-11-09,73.67187265234408,74.05860378987717,73.50487389646386,73.8212890625,2098600
2017-11-10,73.54003789145747,73.71582783456432,72.57321667432214,73.20604705810547,2692500
2017-11-13,73.24120006790994,73.24120006790994,72.53805375468262,72.8281021118164,2478700
2017-11-14,73.13767738966568,73.50915749218883,72.71312388103274,72.96077728271484,2684800
2017-11-15,72.97847564207251,73.53569583384059,72.01438855060759,72.69544219970703,1838100
2017-11-16,72.89002699222829,73.96908732288223,72.38586672767565,73.80104064941406,2599700
2017-11-17,73.41185329398581,73.83640674000786,73.23495996117136,73.31455993652344,4097800
2017-11-20,73.49146107819978,73.69489450579559,73.25265437872095,73.5710678100586,2205900
2017-11-21,73.9867798906113,74.76512014052553,73.73912648145901,73.86295318603516,3529900
2017-11-22,74.00446660082163,74.52631349752102,73.83641992904498,74.01331329345703,2230900
2017-11-24,74.18134741267279,74.44668739025434,73.92484737737735,74.32286071777344,817600
2017-11-27,74.42898784105564,75.40191441943912,74.32284781961428,75.01274108886719,2980900
2017-11-28,75.24273851666257,75.49923861228845,74.95085839942803,75.22505187988281,2659400
2017-11-29,74.9950715150187,75.39308487686054,74.69434475989878,75.14543151855469,2316000
2017-11-30,75.40192196474217,75.60535533918365,74.57935527338674,74.86238861083984,5002100
2017-12-01,75.16312429466699,75.54345101987222,74.45553749259517,75.4638442993164,2736300
2017-12-04,75.61421803305414,76.75519841586993,75.49923802475764,75.6938247680664,4228300
2017-12-05,75.70264048540125,76.5782805500614,75.36654051236965,76.11834716796875,3876800
2017-12-06,76.10067107157148,76.41023776695995,74.76510418798364,75.4638442993164,3130900
2017-12-07,75.3665723518783,75.95033264160156,74.87126549857355,75.95033264160156,4344900
2017-12-08,75.76457682517177,76.47215693311239,75.5965234285635,76.46331024169922,3777100
2017-12-11,76.60481604792871,76.80824267621387,76.12719602127856,76.65788269042969,3336800
2017-12-12,76.49868873274382,76.86132884491485,76.05644864358786,76.69327545166016,4252500
2017-12-13,76.4279269951173,78.79832713273326,76.36600691135668,77.73695373535156,5786800
2017-12-14,78.02883709515741,78.1261304479881,76.17143019683581,76.50753021240234,4388400
2017-12-15,76.85246673614593,77.48929341646311,76.30408670630683,76.54290008544922,7346400
2017-12-18,76.73749409121605,77.34778076140975,76.05644064661837,76.13604736328125,3796000
2017-12-19,76.10067535172274,76.74634210298343,75.93262195846805,76.69327545166016,4027600
2017-12-20,76.6667483725616,76.89671512711317,75.74688810240413,75.83533477783203,3016900
2017-12-21,76.09183224571406,76.22450562832168,75.56999215498558,75.72035217285156,2024300
2017-12-22,75.71148725226169,75.87069392344918,74.95968059589455,75.24271392822266,1834800
2017-12-26,75.43732095502149,75.56114764955835,75.1454408544494,75.1719741821289,1099900
2017-12-27,75.348883699449,75.5876904264666,75.16314363442432,75.30465698242188,1332800
2017-12-28,75.44617195390005,75.56999865550577,75.08353179344819,75.22505187988281,1731700
2017-12-29,75.2869614994834,75.56999491027642,74.70320129394531,74.70320129394531,2563800
2018-01-02,74.70321748290557,75.18083773238322,74.34942395573137,74.8978042602539,3456700
2018-01-03,74.95086349035358,75.55231040245481,74.53515664327705,75.30465698242188,3078400
2018-01-04,75.42845087845399,75.88838424247074,74.95083088415045,75.6407241821289,2462500
2018-01-05,76.14491967602551,76.72868001956128,76.00340631120042,76.56947326660156,2946300
2018-01-08,76.6755654125317,76.69325204155798,75.53458552102002,76.18025207519531,3251400
2018-01-09,76.24217382898286,76.43676051001844,75.83531383592978,76.11834716796875,2426000
2018-01-10,75.72033137113141,76.21563799887855,75.61419134459416,76.15372467041016,1674600
2018-01-11,76.2156534592396,76.58713350540475,75.95031346114223,76.41024017333984,2647500
2018-01-12,76.52520116188974,77.3123945138351,76.09180788231586,76.93206787109375,2728900
2018-01-16,76.00337599474345,76.58712935737952,75.31348258978822,75.43730926513672,4878300
2018-01-17,75.88840422290355,76.38371097790174,75.59652413597314,76.25103759765625,4083300
2018-01-18,76.10066120667373,76.18910785845544,75.4196078170559,75.90607452392578,4445800
2018-01-19,76.21567423516058,76.31296761873227,75.46386724687467,75.61422729492188,5826900
2018-01-22,73.63297822658015,75.68497206459413,72.88117139009265,75.56999206542969,6374000
2018-01-23,75.34002299723984,75.99453644962965,74.50860945768501,74.66781616210938,5728100
2018-01-24,75.05699040804451,75.32233716760396,74.54399027185538,74.56168365478516,5977700
2018-01-25,75.01275904058181,75.53460583582988,74.79163900402965,75.18965911865234,5201600
2018-01-26,74.96854451216741,77.3654850722406,74.96854451216741,77.02053833007812,6394100
2018-01-29,76.74633340686356,78.12612691735866,76.64020011624295,77.48045349121094,5324500
2018-01-30,76.6313489156856,76.89669562271445,75.36654220853603,76.14488220214844,5388400
2018-01-31,76.50756078178208,76.7109942593614,71.88172494687431,72.04093170166016,10558500
2018-02-01,72.12052201376038,73.29688239219956,71.89940194629656,72.89002227783203,8410700
2018-02-02,72.42123456076646,73.43838811529274,71.74903448393803,71.8021011352539,5152500
2018-02-05,71.54558630081395,72.18241297730295,67.70694635915626,68.5383529663086,8145200
2018-02-06,67.71579168555512,69.97121855280662,66.96398497915374,68.98059844970703,10558800
2018-02-07,68.77719065252529,69.48477085022941,67.84848362973017,67.85733032226562,8240300
2018-02-08,68.273037631383,68.67989776626177,65.61959668804809,65.63728332519531,8059600
2018-02-09,66.38907285239216,67.94575968749841,65.17733945776497,67.42391967773438,8939700
2018-02-12,67.82192363778175,68.1934036016426,66.51289032716457,67.44159698486328,6454200
2018-02-13,67.23819656580636,67.7423501203374,66.99938982862844,67.40625,4041200
2018-02-14,67.19504023745588,68.78113072663555,67.13265932326215,68.63855743408203,4361100
2018-02-15,69.28011464529915,69.6365410320668,68.63854850877094,69.52069854736328,4810700
2018-02-16,69.4583453762321,70.97315627703394,69.42270884525459,70.36723327636719,4699600
2018-02-20,69.6633035664715,70.12665332162727,68.77224059263496,69.10193634033203,3195000
2018-02-21,69.13757287680703,70.17120918962749,69.10193634033203,69.10193634033203,3871100
2018-02-22,68.78115844726562,69.58310974714611,68.18414104191989,68.78115844726562,7687400
2018-02-23,69.26232244343393,70.26922107647572,69.18212324706099,70.17120361328125,5170300
2018-02-26,70.38505986479667,71.70383600981606,70.36724159720093,71.44542694091797,6015900
2018-02-27,71.41867770133668,71.4721392885918,70.11772695806648,70.12663269042969,4860400
2018-02-28,70.19792636368553,70.55435284368171,68.62074819740967,68.62965393066406,6123400
2018-03-01,68.6653139148565,68.94154807295212,67.30198858656428,68.16632080078125,6258400
2018-03-02,68.05939394040092,69.14649195916772,68.00593233235391,68.81680297851562,3216700
2018-03-05,68.5227493478801,69.57420401026748,68.35344519430886,69.235595703125,3816600
2018-03-06,69.37816905433985,69.50291733646667,68.50492428118068,68.78115844726562,2962700
2018-03-07,68.23761432278317,69.15540823469317,68.20197098273293,69.0039291381836,2266500
2018-03-08,69.1910207285871,70.41177228929108,69.03062916900137,70.29593658447266,3497200
2018-03-09,70.64346288162042,71.24938590202693,70.28703637580422,70.93751525878906,4399500
2018-03-12,71.133543994946,71.25829224139974,70.0464463059038,70.42960357666016,5059600
2018-03-13,70.46524428729248,71.16918467943798,70.18901021045734,70.52761840820312,4863200
2018-03-14,70.74147200416868,70.89295104185177,69.52071357504589,69.93951416015625,3167900
2018-03-15,70.01972455135177,71.16028397950151,69.91279455561131,70.17120361328125,3910100
2018-03-16,70.57216222689856,71.72163391113281,70.50088237848567,71.72163391113281,8326300
2018-03-19,71.39195816840052,71.46323802989403,69.64547579381342,70.15338134765625,5117000
2018-03-20,70.42960628450169,70.57217280095747,69.3692393506069,69.83259582519531,3943800
2018-03-21,69.91278600103479,70.39396072558431,69.52962872768627,69.71675109863281,4052000
2018-03-22,69.11083258978994,69.51181495194378,68.08611574913803,68.19303894042969,3816900
2018-03-23,68.40686789983693,68.43360548646265,66.3930714631603,66.61583709716797,4298100
2018-03-26,67.37326659771307,67.9257280446062,66.51784702715851,67.88117218017578,3488700
2018-03-27,67.8009743207706,68.255418313494,66.9544672660646,67.4178237915039,4070600
2018-03-28,67.77422912468649,69.1999349324868,67.75641086131009,68.62074279785156,4257500
2018-03-29,69.02173598223445,69.32470092336847,68.2643338268057,68.94154357910156,3424000
2018-04-02,68.50490746831653,68.88806475460409,67.1861382957011,67.45345306396484,6282600
2018-04-03,67.9435531321793,69.14648681158661,67.596039109201,69.09302520751953,3610600
2018-04-04,68.451453338389,70.23357918088627,68.35343587319001,70.03754425048828,3022200
2018-04-05,69.9662852676926,70.26033777963283,69.5831277880268,70.0553970336914,2213100
2018-04-06,69.66327965281901,69.72565376764527,67.98808428443633,68.47816467285156,4012800
2018-04-09,68.85241317420054,69.81476254046446,68.01481884276551,68.91478729248047,5377500
2018-04-10,69.58312110192908,70.99991510623957,69.56530282940541,70.59002685546875,3657200
2018-04-11,69.81477311291434,70.3048604009513,69.60983246393164,70.15338134765625,2830000
2018-04-12,70.56327696190972,70.99989590250765,70.22466869109148,70.65238189697266,2121100
2018-04-13,71.1781042531296,71.68600985024345,70.60782452297617,71.03553771972656,2652400
2018-04-16,71.69490293547578,71.95331193033674,70.99096259739292,71.3919448852539,2743000
2018-04-17,71.79292966861301,71.8553037928078,70.83058021109075,71.21373748779297,3782400
2018-04-18,71.24939091896644,71.49888745112473,70.91969518817405,71.03553771972656,4261000
2018-04-19,70.35832300957739,71.06226348876953,69.99299077000207,71.06226348876953,4989400
2018-04-20,70.96422854951243,71.20481927084728,70.23355745207392,70.4474105834961,5424100
2018-04-23,70.77711102581961,71.54342549701771,70.54543281869093,71.46322631835938,4015900
2018-04-24,72.32756087629818,72.62161321168469,70.3226697140124,71.3652114868164,6394900
2018-04-25,71.52561512418211,73.35229676633332,71.2939436677469,72.30084228515625,5379000
2018-04-26,72.55033041850702,74.45720423705268,72.55033041850702,73.55723571777344,5058700
2018-04-27,73.51267343546006,74.17205793609313,73.40574346308621,73.71762084960938,3209600
2018-04-30,74.0384004862354,74.14533046339845,72.22954419507666,72.23845672607422,5483500
2018-05-01,71.89092530635078,72.11369093920409,70.11771277235337,70.45631408691406,6306100
2018-05-02,70.10883187610898,70.741485743069,69.91279694302575,70.24249267578125,5166300
2018-05-03,70.08210025748818,70.12664932467828,69.00391493639088,69.5385513305664,4469300
2018-05-04,68.98607710006748,70.0553564887421,68.69202475831175,69.85932159423828,3367500
2018-05-07,69.86824190147938,70.62564397050235,69.7078503152405,70.06427001953125,3722600
2018-05-08,69.93062857162904,70.30487340721727,69.65439441350995,70.28704833984375,4591700
2018-05-09,70.35831708310292,70.9731525836535,69.90387315668423,70.6345443725586,3325200
2018-05-10,70.80385641961165,72.32757314563321,70.75930735407636,72.05134582519531,3718400
2018-05-11,72.30972431314814,73.46810150146484,72.19388183552925,73.46810150146484,4393800
2018-05-14,73.60179868885729,74.24336510388,73.5126937530532,74.02059936523438,4739700
2018-05-15,73.70872407220955,73.90475899765751,72.9156786361849,73.25428009033203,3662700
2018-05-16,73.39154461726007,73.52612020815809,72.63788708249596,72.83527374267578,3614500
2018-05-17,72.70965934670033,73.4274208716488,72.70068535965886,73.26593017578125,2808400
2018-05-18,73.11340728301234,73.83117572679858,73.11340728301234,73.6337890625,4002300
2018-05-21,73.83118681137715,74.0554886280923,73.27491584167022,73.41847229003906,2505900
2018-05-22,73.69660099051565,74.36950640996533,73.4005209631223,73.76837921142578,2620700
2018-05-23,73.31079923243466,74.39641911919416,73.22107988178013,74.18109130859375,2516900
2018-05-24,74.2080078125,74.27978603242063,73.66071086461385,74.2080078125,2481800
2018-05-25,74.27978116729649,74.88988230636627,74.10033562924811,74.26183319091797,2338100
2018-05-29,73.66967927644586,74.12725683736558,73.25696481086726,73.96575927734375,3459300
2018-05-30,74.39642250564454,75.38334909806366,74.38745536177429,75.23979949951172,3475400
2018-05-31,75.2577364376649,76.36130429036628,75.07829773818958,76.29850006103516,9526400
2018-06-01,76.44207300038414,76.87273559387505,75.86786077249607,76.1280517578125,4057700
2018-06-04,75.94858359039665,76.72914939890111,75.68839270584614,76.32540893554688,4263100
2018-06-05,76.48691939313483,76.89065992459942,75.84990305597049,76.10111999511719,3667600
2018-06-06,76.15494507777751,77.09701538085938,75.95756524264922,77.09701538085938,2720100
2018-06-07,77.33926058115576,77.44692791313878,76.5497206820574,77.05215454101562,3123600
2018-06-08,77.00728849175539,77.53663740509286,76.64840427594083,77.2315902709961,3172300
2018-06-11,77.43796604297873,77.85965460280356,76.98936235723302,77.03422546386719,3506900
2018-06-12,76.94449741588762,77.1777663776538,76.6663585073999,76.7022476196289,3016900
2018-06-13,76.9444889618014,77.50075302736222,76.8009325286583,76.90859985351562,3052100
2018-06-14,76.86372250988462,77.57251686556911,76.41511900718403,77.47382354736328,3115100
2018-06-15,77.27645070493587,78.29926632605593,77.24953558519283,77.94935607910156,5575200
2018-06-18,77.1418646939816,77.29438824870354,76.2715727656382,77.25849914550781,2903900
2018-06-19,77.06113525851116,77.94040143360857,76.8637485552149,77.89553833007812,3044500
2018-06-20,77.82374043760544,78.20057261465513,77.33924779152454,77.41102600097656,4675500
2018-06-21,76.9983163185007,77.41103078061205,76.43307828574656,77.22261810302734,2856400
2018-06-22,77.17775492818444,77.5186980212063,76.98934225079473,77.0880355834961,3769500
2018-06-25,77.159790767605,77.70708750554498,76.37025118679341,76.95343017578125,3414100
2018-06-26,76.74708160228165,77.15979596860322,76.22669994012357,76.36128234863281,2840600
2018-06-27,76.18187979868758,76.80094821893606,75.9396299795543,75.96654510498047,3005400
2018-06-28,76.12803551426131,77.1239361318844,76.09214640203231,76.7022476196289,2564600
2018-06-29,77.01625600608769,77.24953177426497,76.37923977138759,76.55868530273438,2964000
2018-07-02,76.31645682861443,77.09702970606563,76.00243561762223,77.03422546386719,2347000
2018-07-03,76.98935194088595,78.07497189209275,76.98935194088595,77.61740112304688,2163500
2018-07-05,77.97626701435013,78.22748388994744,77.27643977428362,77.66223907470703,2675500
2018-07-06,77.90449522354527,78.694035018316,77.89552123577883,78.40692901611328,2290500
2018-07-09,78.59534331991972,79.25030753752571,78.5235651065922,78.83759307861328,2718300
2018-07-10,79.02603774923679,79.16062024242619,78.65817939086246,78.9991226196289,2227200
2018-07-11,78.74787619937607,79.01704110860277,78.23646834796371,78.55946350097656,2449500
2018-07-12,79.04394847244457,79.84246228759002,78.88245091178891,79.77069091796875,2604500
2018-07-13,79.6989017487928,80.63199787709088,79.43871088987972,80.48844146728516,3335000
2018-07-16,80.41667945063833,80.60509214257692,79.70788493611823,79.91424560546875,3175200
2018-07-17,80.17444130072518,80.7217382769337,80.15649332224231,80.36285400390625,2179400
2018-07-18,80.38976671703385,80.86528545535496,79.91424797871272,80.77556610107422,3021400
2018-07-19,80.59614324398835,80.73072572445285,79.73482495222464,80.23725891113281,3171000
2018-07-20,79.86939069317282,80.18341872373736,79.18751807488316,79.37593078613281,3829800
2018-07-23,79.22341459344209,79.99501348981539,79.10677325285019,79.74378967285156,3145300
2018-07-24,81.69969736913978,84.12216126989127,80.74865978874217,83.75430297851562,9910000
2018-07-25,83.58382059541627,86.71507160289497,83.46717928611642,86.51768493652344,8476800
2018-07-26,86.70608536058884,86.99319133151214,85.08214285428645,85.39616394042969,4826100
2018-07-27,85.81786771325025,86.99320692281276,85.25262281174048,86.67021179199219,3975500
2018-07-30,86.47284016714201,88.03398585284589,86.35620567827165,87.94425964355469,5356000
2018-07-31,88.15060420157971,89.00294827259454,87.50461394579493,88.65303802490234,4957800
2018-08-01,88.59024091764084,89.13753788138507,88.32108285286125,88.55435180664062,4971800
2018-08-02,87.88145736174923,90.07064549036464,87.78276400544942,89.2452163696289,4321000
2018-08-03,88.98501264483328,90.33979746811161,88.71584773989261,90.24110412597656,4572100
2018-08-06,90.07958400225341,92.04446267391619,89.91808646874657,91.5151138305664,5090900
2018-08-07,91.32672888073458,93.13908455518254,91.22803553337299,91.46131134033203,5095100
2018-08-08,91.38053704602154,92.1162465562151,91.00371172632043,91.75736236572266,3901600
2018-08-09,91.56897421046729,92.16113431001864,91.44336573695308,91.68561553955078,3298100
2018-08-10,91.6496986965848,92.5827948211904,91.50614228734716,91.73941802978516,2783800
2018-08-13,91.91887162315426,92.12523228365828,91.62279846002757,91.90990447998047,2816400
2018-08-14,91.81339049392267,92.77870741491883,91.3623076919062,92.4178466796875,3283900
2018-08-15,92.27348006594069,93.3199952797611,92.09304973120148,93.22075653076172,3143200
2018-08-16,93.14858207381798,94.67324387641636,93.14858207381798,94.14998626708984,4427200
2018-08-17,94.21313638573746,95.55736095284989,93.7891175312113,95.22356414794922,3824300
2018-08-20,95.25063004596566,95.97235827756698,95.25063004596566,95.46714782714844,2765500
2018-08-21,95.64758180230508,95.74682055640848,94.47477080022847,94.79052734375,2775500
2018-08-22,94.54693087402151,95.29572287903171,93.96052202339456,94.75442504882812,1964400
2018-08-23,94.7183383817581,94.95290330051743,94.17704054713883,94.56497192382812,2043400
2018-08-24,95.24160488312417,95.66562373967615,94.30335200293969,95.42203521728516,3089900
2018-08-27,95.76485189751482,96.07158480826145,94.67323266572043,94.82659912109375,2452500
2018-08-28,94.75443668350685,95.25964713600044,94.35748168056121,94.88976287841797,2516800
2018-08-29,94.1860788943715,95.25965115117118,94.07781655728412,95.02509307861328,2949500
2018-08-30,94.88977086620292,95.39498136122495,94.67325306590446,95.1604232788086,2928600
2018-08-31,94.85369061393092,95.50325094707422,94.24924131396929,95.31379699707031,3278900
2018-09-04,95.00704916269846,95.35889316654185,94.16803494976965,94.38455963134766,3107000
2018-09-05,94.59205896908571,95.72878951849916,94.4567327565165,95.37694549560547,3366600
2018-09-06,95.33183328294966,95.40400817982288,93.51848545910498,95.06118774414062,3180700
2018-09-07,94.86270811444216,96.74823079332462,94.54695155134903,96.55877685546875,3822900
2018-09-10,96.98280149335973,97.28953449192825,95.9813971319529,96.00846099853516,2950800
2018-09-11,95.99943509015141,96.18888902103218,95.19650145502348,95.30476379394531,3516400
2018-09-12,95.45810539156456,96.07157805289621,95.18745993928503,95.60245513916016,3926000
2018-09-13,95.77386325483295,96.27004999706273,95.46712350025913,96.15277099609375,5167400
2018-09-14,96.14377031988123,96.25203265016346,95.08823841078971,95.42203521728516,3103100
2018-09-17,95.27770474303776,96.32421320690824,94.77249423516766,95.367919921875,4972200
2018-09-18,95.51224933675985,96.7031073390807,94.82660173452194,96.42343139648438,3668800
2018-09-19,96.4234264047199,96.5948400171493,95.17844074769222,95.39495849609375,3270400
2018-09-20,95.37692385651538,95.72876779958281,94.02367580380198,95.69268035888672,3762000
2018-09-21,95.83702331051462,96.41440855466608,95.0431134375751,95.92723846435547,5333700
2018-09-24,95.58443131247985,96.23399156927552,95.25965118408203,95.25965118408203,3095500
2018-09-25,95.6385779963414,96.31520220209397,95.21455905946007,95.35890197753906,3775700
2018-09-26,95.68366122308686,96.86550259111732,95.63855708235302,95.9092025756836,3707300
2018-09-27,96.07159220786562,96.68506495958493,95.81898699532987,96.25202941894531,2093700
2018-09-28,96.32420068763355,97.19930226286924,95.90018871390974,96.81137084960938,2812300
2018-10-01,97.13614935110654,97.17223679394971,96.55876403156785,97.072998046875,2707500
2018-10-02,96.982786090107,97.56017142874954,96.70311700253906,97.39778137207031,3787900
2018-10-03,97.85790650662011,98.88637476912925,97.65040538422942,97.99323272705078,5097200
2018-10-04,102.50400687765249,104.36246488513034,100.1764191374494,101.93563842773438,10940700
2018-10-05,102.92803767693985,104.15498305827157,102.92803767693985,103.76705169677734,8330300
2018-10-08,103.61368009836141,105.20149290409609,103.54150522469739,104.16400146484375,6002300
2018-10-09,103.83022627123407,104.65120019730031,103.05437025728227,104.1550064086914,4716000
2018-10-10,103.71295265048614,104.08284383640752,102.17025035844827,102.2514419555664,5602900
2018-10-11,102.0258787894722,102.23337985389496,96.15278716348867,97.35266876220703,7226300
2018-10-12,98.33602634102246,100.15839737864957,97.82179235015448,99.67123413085938,4519100
2018-10-15,99.68924594727221,100.87108005414079,99.22012311249934,99.7975082397461,3884700
2018-10-16,99.99600581159076,100.33883305559674,99.17503890810512,100.16741943359375,4192800
2018-10-17,100.12233634984285,102.63937219196279,100.0140740053415,102.47698211669922,4402100
2018-10-18,102.78374864857679,103.0724414258289,101.412459677374,102.22440338134766,3619600
2018-10-19,101.83641476057994,102.2694571253261,99.83361361218174,100.9703369140625,4224000
2018-10-22,101.04251621969932,101.69207635381628,100.47415454383459,101.069580078125,2938300
2018-10-23,99.86972649902343,100.5553742639416,98.39017550518435,99.59005737304688,3757000
2018-10-24,99.43666679034882,100.27568084801985,95.80094150143289,95.91822052001953,6739400
2018-10-25,96.01746457542373,98.17363934825885,93.97856882766774,97.33462524414062,4114800
2018-10-26,96.57682447104156,96.95573234851989,94.78151007841335,95.98139190673828,4464500
2018-10-29,96.93768227116763,98.40821647236116,95.9001974306154,96.892578125,3587800
2018-10-30,96.73920327864433,97.89397394198788,96.60387708588274,97.7406005859375,3325900
2018-10-31,98.86828745925791,99.62610985618916,97.74960446499958,97.83080291748047,4349200
2018-11-01,98.10145149858867,98.54351744548983,96.82940202154279,97.30754852294922,3639400
2018-11-02,97.56015391690674,97.7856952394228,95.56636945182181,96.30614471435547,3577200
2018-11-05,99.62613840864574,101.11471288965102,99.02168916361794,99.36450958251953,7368600
2018-11-06,98.33603339931307,98.60668578571263,94.68226059779953,95.53932189941406,6803700
2018-11-07,96.39636348674757,99.94187348516378,96.27908447250601,98.98558044433594,5875400
2018-11-08,98.77810102760128,100.0862451636391,98.3450654317228,99.32842254638672,3666300
2018-11-09,99.61710246759853,101.52969560597849,98.96754227407418,101.23197937011719,5054400
2018-11-12,101.27709882796026,103.48740150329974,101.27709882796026,102.12512969970703,5078900
2018-11-13,103.0723837537273,103.0723837537273,100.8891454171597,101.39435577392578,4239700
2018-11-14,101.87764311560849,102.14058908939637,99.5020672582904,99.56553649902344,5392800
2018-11-15,98.9943061235006,101.75976623468739,98.41401398830534,101.73255920410156,4796800
2018-11-16,101.26108786118782,103.63666386041085,101.25201884979037,103.21051025390625,4766400
2018-11-19,102.45794491341186,105.26873670892655,102.45794491341186,105.00579071044922,4869800
2018-11-20,104.16257909668931,105.35943299560114,103.65482499340273,104.01750946044922,4877300
2018-11-21,103.6185347877358,103.6185347877358,101.6691122266347,101.7597885131836,3619700
2018-11-23,101.42429616807338,103.19237293301354,101.00721157012926,102.34007263183594,1897000
2018-11-26,100.88025187666699,103.0019435486467,100.61730594065091,101.89575958251953,3296200
2018-11-27,101.80511791093117,103.5913328088542,101.2882949079773,103.56413269042969,3263200
2018-11-28,104.02655313823108,105.02392999146915,103.14704576808226,104.75191497802734,4814500
2018-11-29,104.54337032571829,106.92800839633719,104.2441552110697,106.08477020263672,4688300
2018-11-30,106.63787728788546,107.63525422599817,105.37755432577062,107.57178497314453,8965600
2018-12-03,107.57177430631779,107.61711244713025,106.57439746710506,107.46296691894531,4290100
2018-12-04,107.5808271928278,108.65980422262136,105.46819743200142,105.6495361328125,5676600
2018-12-06,104.56149706841828,105.16898936605453,102.43980507334415,105.0329818725586,5064400
2018-12-07,104.75192558529871,104.97860248024399,102.2494107281663,102.98384857177734,4128100
2018-12-10,103.00196619652836,103.95401179772657,100.66265928667998,103.44625091552734,3832600
2018-12-11,104.12628565141809,104.83352330999803,103.29211641427771,103.81800842285156,3806800
2018-12-12,104.70658843252514,104.94232740923648,103.60946623555148,103.67293548583984,3758800
2018-12-13,103.92681657450369,104.40737044469053,103.21957891074062,104.14442443847656,3609900
2018-12-14,103.62760031982604,103.8905463232027,100.86213969606234,101.4877700805664,5306100
2018-12-17,100.83493110239273,100.91653836716078,97.67052415123906,98.25081634521484,6121700
2018-12-18,99.22099165885629,99.42953740587424,95.81176987729918,96.56433868408203,6864400
2018-12-19,101.13413867637318,101.13413867637318,97.65237885426816,98.93083953857422,8362800
2018-12-20,98.92178616775129,99.88290081495045,98.03321669789997,99.09406280517578,8362300
2018-12-21,99.0940750816547,101.10696707362892,98.54098288863007,99.21194458007812,13154500
2018-12-24,99.1484378674831,99.20284500727277,96.68219300425902,96.79100036621094,3284000
2018-12-26,96.8000749467207,100.72611236572266,96.50085987235336,100.72611236572266,3792400
2018-12-27,99.95542402711898,102.36726908437667,98.58630080384096,102.35820007324219,4101600
2018-12-28,102.82062816703043,104.3529590826558,102.08619041458911,103.54598999023438,3984000
2018-12-31,103.67294861962678,105.04207909801453,103.58227923881833,104.92420959472656,2731000
2019-01-02,104.08095915129273,104.66125142239281,102.23127494305017,104.16255950927734,4247100
2019-01-03,104.01748941494985,104.0356205218742,100.73520565128186,100.92561340332031,4203300
2019-01-04,101.74165138421867,104.12628970417148,101.31549773715433,103.96308898925781,5795200
2019-01-07,101.88671540922509,105.57701433675449,101.59656931115012,104.52523040771484,7749600
2019-01-08,104.89699665114767,105.55888927601646,103.83614358069816,105.4863510131836,3428900
2019-01-09,105.5135688056422,107.19097652827149,105.37756127837383,106.27519989013672,5820100
2019-01-10,106.16635748803594,106.28423386770575,104.24414238406821,105.12364959716797,4282300
2019-01-11,104.51616335755357,105.36847056310275,104.36202475329047,105.34127044677734,2648800
2019-01-14,104.45270895114056,104.49804709654238,103.66387779513518,103.9812240600586,4404600
2019-01-15,103.28305109654124,107.19095807361984,102.8206283504944,106.16637420654297,5097700
2019-01-16,106.07569682609622,107.05494247866892,105.61328103262728,105.90342712402344,2920600
2019-01-17,105.91251314886986,108.07954377186903,105.6767741522135,108.04328155517578,4401900
2019-01-18,104.79722807323587,105.99408139460282,104.28946729733981,105.71299743652344,8887000
2019-01-22,104.89698928426384,106.1845122297921,104.89698928426384,106.16637420654297,4377500
2019-01-23,106.18449509334182,107.80750203076207,106.01221848842272,107.707763671875,4012100
2019-01-24,107.19094346478315,107.19094346478315,103.54597606292116,104.26227569580078,6946200
2019-01-25,104.57963321059447,104.58870222196533,103.40091768464693,104.24415588378906,4599100
2019-01-28,104.01746877126669,104.37108408596255,102.94755381670203,104.29854583740234,3590900
2019-01-29,103.7182618316963,105.13272320159186,103.2830461414032,104.91511535644531,3767400
2019-01-30,104.7519042427589,106.15730347213044,104.7519042427589,106.03036499023438,4362900
2019-01-31,106.03036408729204,108.931824959677,105.83995636606944,108.67794799804688,5746100
2019-02-01,109.09504681046153,109.70253917905698,108.01606266502388,109.61186981201172,4171500
2019-02-04,109.9020144036594,110.47323763394054,107.6171145649056,108.95903778076172,4518400
2019-02-05,109.4577244329072,110.38256298783016,109.16757832571285,109.19477844238281,8832400
2019-02-06,107.59898223002077,109.54840482669272,106.75574394018729,108.14300537109375,7421000
2019-02-07,107.89818524299784,108.19740035810428,105.95783187691221,106.53812408447266,7935000
2019-02-08,106.74668388838208,110.10149908722771,106.49279996123495,108.44222259521484,16195100
2019-02-11,108.07951878374118,108.75048723714832,106.12103440649764,107.00054168701172,7203100
2019-02-12,106.7738532526823,108.7142063152342,106.53810741848012,108.34245300292969,6975500
2019-02-13,108.44221068813377,109.05877203681825,107.09121851146809,108.487548828125,12738600
2019-02-14,108.42829778162265,110.53414188803599,108.300671287605,110.07833099365234,17847000
2019-02-15,110.47033770884941,111.65544891357422,109.75927376806366,111.65544891357422,10366400
2019-02-19,110.58882759150733,112.43030734352358,110.57971638208036,111.33635711669922,17861300
2019-02-20,111.56424390531556,112.17503563583976,110.86229836502069,111.81950378417969,19880300
2019-02-21,111.27255569919537,112.82231694643087,111.03553903671757,111.87422943115234,20798700
2019-02-22,111.88335051124862,113.71570538603812,111.81041909545291,113.04110717773438,19574000
2019-02-25,113.13225852075321,113.6518826434324,112.55793931835686,112.9408187866211,13682400
2019-02-26,112.9134594082883,114.09857034880157,112.42118287708071,113.65187072753906,20790900
2019-02-27,113.48779963294545,115.30193208175314,113.11403829942883,114.5726318359375,32135600
2019-02-28,114.42676284915414,116.47791185565644,114.13504415754538,115.12871551513672,36023600
2019-03-01,116.00386343217596,117.9820808878805,115.39307855131042,117.45333862304688,43290900
2019-03-04,118.97574697401848,118.97574697401848,114.26266429917125,116.19530487060547,59468600
2019-03-05,117.05222081889295,117.48068413108939,115.52070303846216,117.13427734375,53212600
2019-03-06,117.37130207289107,117.40776082293054,114.30825239054022,115.48424530029297,74822500
2019-03-07,115.23809081936643,115.94915456087118,114.07120931868687,115.17427062988281,60615600
2019-03-08,115.20163442535166,115.75772420762289,114.18061563795891,115.5024642944336,50169800
2019-03-11,111.94714895605867,113.87067132376451,111.6827778251048,112.58528137207031,61771200
2019-03-12,112.58528137207031,113.05932160180443,111.83775184683309,112.58528137207031,8077600
2019-03-13,113.58806345177246,119.19453834827993,112.27533292143475,113.32369232177734,68139300
2019-03-14,113.93449057111853,113.93449057111853,111.68278371216492,112.20240783691406,42768700
2019-03-15,112.22062335997705,113.18694703532512,111.18137523875765,112.98638916015625,47331000
2019-03-18,113.03198912719733,114.27179537649769,112.58529637645786,114.17151641845703,16052200
2019-03-19,114.18973200101753,115.45688556223901,114.08033489709058,115.40218353271484,13726300
2019-03-20,116.26822712664082,117.69036164297889,115.62097658390444,116.83343505859375,7520700
2019-03-21,115.66657249195801,117.58097689767992,115.44778520547841,116.9701919555664,5704300
2019-03-22,117.35307316474972,118.03678953074609,116.16796897009618,116.9610824584961,15332900
2019-03-25,117.24365759904546,119.03955331083841,117.06133605632499,118.39229583740234,5972800
2019-03-26,118.72964038180437,120.45260520359692,118.23735676972298,119.44070434570312,5872900
2019-03-27,119.38599556887225,119.93296029594649,117.16163617880116,117.38954162597656,7675100
2019-03-28,117.9091436508388,118.41964956122908,117.48068035242352,117.5536117553711,6112900
2019-03-29,117.60832920954785,118.45614475868068,117.58098166701892,118.29204559326172,5729100
2019-04-01,119.15810156118687,119.74153900555764,117.64480590820312,117.64480590820312,5132300
2019-04-02,117.63567851672875,118.11885089922708,116.9063921580236,117.89094543457031,3214600
2019-04-03,117.69947932615624,117.82710580892058,115.63009415325135,115.82154083251953,4425300
2019-04-04,116.08590599535044,116.09502415994598,113.59718260514482,114.50880432128906,5539800
2019-04-05,115.31104242110936,115.78508966384457,114.50881772087159,115.76685333251953,4656400
2019-04-08,115.32014032901672,116.0312041130877,114.9463721088597,115.92181396484375,3430900
2019-04-09,115.55718402655948,116.79698330493423,115.4113211966786,115.99475860595703,4215600
2019-04-10,116.28648387409477,116.66025218041902,115.71216459804852,115.94918823242188,4227100
2019-04-11,115.64834235645064,116.06768755074987,113.50603251280623,114.08946990966797,5520700
2019-04-12,114.17147827664957,114.17147827664957,112.1476773706535,112.18414306640625,5470400
2019-04-15,112.83143667804438,113.36017903603702,112.27535373167905,113.11404418945312,4549100
2019-04-16,113.88890797607705,113.88890797607705,109.20317263584819,109.35814666748047,6573400
2019-04-17,109.39460983603809,109.44930491531707,105.64784389274402,106.20393371582031,14842800
2019-04-18,105.95779795126124,106.34067741301558,104.05250489708425,105.0188217163086,9805800
2019-04-22,104.87296362441862,105.35612202375661,103.6058099885663,105.26496124267578,7519700
2019-04-23,105.78460399537512,107.47110308562772,105.22851409108469,107.10645294189453,5891500
2019-04-24,107.83572119945991,107.96334766858983,106.8694045174417,107.57135009765625,4254100
2019-04-25,107.34346250023312,108.19127101729333,106.43184073802307,107.78104400634766,3425000
2019-04-26,108.32799002764,109.32165417475542,108.1821272417586,109.27607727050781,3372500
2019-04-29,109.30345758971946,109.40373654631155,108.7109020157996,109.02996826171875,4097200
2019-04-30,106.30419232525516,106.78735064676815,104.75443843114326,106.6961898803711,7548300
2019-05-01,106.70532830341926,108.96614634185296,106.25862863955484,107.73545837402344,5392100
2019-05-02,107.97247802343591,108.09098634240291,106.53211404619826,107.99070739746094,4168800
2019-05-03,107.97247013206407,107.97247013206407,106.24038761116641,106.57769012451172,5695500
2019-05-06,105.58402007975339,106.73266531548839,105.10997987816823,106.34066772460938,5952100
2019-05-07,106.02159765204735,106.19480103112309,104.34421024724341,104.78179168701172,5127200
2019-05-08,105.61137074819887,106.55945813460276,105.04616975514068,105.97602081298828,2992600
2019-05-09,105.62049860827885,105.884869755642,104.63594542950337,105.56580352783203,5818900
2019-05-10,105.4108166332928,106.0398378436643,104.1254336289809,105.94867706298828,3660500
2019-05-13,104.70886920001254,105.0097060307635,103.80636566288133,104.26217651367188,4284600
2019-05-14,104.59035198058841,105.31964510670753,104.40802348271785,104.78179168701172,3668400
2019-05-15,105.06440795484127,105.60226145537058,104.21659943890968,105.4017105102539,3724400
2019-05-16,105.03042911925213,107.88147825546957,105.03042911925213,107.01058197021484,3914100
2019-05-17,106.06633204088438,106.93723527018223,105.62630276207516,106.35052490234375,3109800
2019-05-20,106.22220530775598,106.61640207668742,105.42464245132052,106.55223083496094,3042800
2019-05-21,107.29478274450418,107.98233474748525,106.82724542411766,106.87308502197266,2611100
2019-05-22,106.45137248046434,108.53235984237325,106.45137248046434,108.15650177001953,3934200
2019-05-23,107.95481899135343,108.138163369365,106.7813981861441,107.08391571044922,3653500
2019-05-24,107.74394950015736,107.7622881315213,106.75387323066171,107.06556701660156,2086400
2019-05-28,107.34058346886086,108.55068134909249,106.06632136131357,106.12133026123047,5007200
2019-05-29,105.98382062234859,106.15800265298172,104.90207215752876,105.87380981445312,5915800
2019-05-30,105.87381453396938,106.61637528062195,105.38794568384873,106.24967956542969,2392800
2019-05-31,105.73630697319999,107.78980026231882,105.41545083244371,106.2863540649414,6098400
2019-06-03,106.82723418089331,107.91815214893268,106.37803554458178,107.04724884033203,4722000
2019-06-04,108.24817569628628,109.02739980486888,107.63396432786209,107.77146911621094,3122700
2019-06-05,108.20234879841395,108.52320499910388,106.82724480047939,107.27644348144531,4175800
2019-06-06,107.73477755963029,109.03654758334952,107.50559363213486,107.71644592285156,3882800
2019-06-07,108.3490152890632,109.03656719521604,108.0739917289462,108.49568939208984,2726300
2019-06-10,106.34136092781688,106.34136092781688,104.39787836538375,104.44371795654297,8172400
2019-06-11,105.22293893725828,105.96549273194094,102.53690263758489,102.86692810058594,5681200
2019-06-12,103.1327912230448,105.88299898899265,103.1327912230448,105.64464569091797,3793800
2019-06-13,105.7913310852171,105.7913310852171,101.40016500157188,102.50941467285156,8477300
2019-06-14,102.79358445287355,102.90359526860092,101.7668448159749,102.4360580444336,3188100
2019-06-17,102.34439052834043,103.97617923493567,102.06936697355131,103.95784759521484,3032300
2019-06-18,104.18702397524736,105.26877248765854,103.79282730561941,105.103759765625,2868700
2019-06-19,105.44295447519235,106.33218936947668,104.81957381692062,105.6354751586914,3320600
2019-06-20,106.66222577570791,107.32227677500812,105.66298695309078,105.93800354003906,2840100
2019-06-21,106.10299375196463,106.27717578259775,105.2504292246563,105.87380981445312,4024600
2019-06-24,105.4979662130919,106.47887331994357,105.15877142132463,106.00216674804688,2570500
2019-06-25,105.89217335373826,107.10226454866661,105.58047948845501,105.7546615600586,2110100
2019-06-26,105.25044098215697,105.37878344196942,101.40932251638819,102.06936645507812,4677500
2019-06-27,102.43608377010773,102.86695083057336,101.90438217924256,102.18856811523438,3615900
2019-06-28,102.49107549712906,102.51857645481968,100.8592797347076,101.56517028808594,8958700
2019-07-01,102.04186590788034,103.44447064869932,101.42765456286567,103.35279846191406,3236400
2019-07-02,103.42616043644078,104.70042298092943,103.04113297569047,104.69125366210938,2343400
2019-07-03,105.30546446433438,105.8555046531085,104.30621860990398,104.89292907714844,3707700
2019-07-05,104.553720308401,104.84707548329074,103.17861661470421,103.42613220214844,2444000
2019-07-08,103.1052705262496,103.3986256853593,101.6751649998571,102.23436737060547,2998700
2019-07-09,102.53690913970823,103.92118230873515,102.53690913970823,103.66449737548828,2717700
2019-07-10,103.83867753425685,105.1037776160872,103.28863736544115,104.99376678466797,3339100
2019-07-11,102.24355909809812,102.89444078147845,100.01589046607123,100.67594146728516,6589600
2019-07-12,100.35507932194085,100.35507932194085,96.39478054409764,99.27333068847656,7211100
2019-07-15,99.2824958167634,100.07088921098,98.631607205378,99.43833923339844,4405200
2019-07-16,99.92420615069982,100.09838819771096,98.97996935842981,99.75919342041016,2206500
2019-07-17,100.24506567985978,100.52008923767663,98.16407833872958,98.1732406616211,3507300
2019-07-18,98.85163020509358,99.4475099173985,98.31075240667724,99.31916046142578,3232900
2019-07-19,99.46584911859739,99.48418075990728,97.70571779896332,97.89823150634766,4820600
2019-07-22,98.01739306552383,98.4207590680275,97.05482464246643,98.33824920654297,2894400
2019-07-23,98.5491013078116,100.29090077626589,97.2289994800754,99.20915222167969,5098200
2019-07-24,99.32834082902129,100.52926970426593,98.23742978207282,99.48418426513672,3762700
2019-07-25,99.53001253071103,101.1893022073599,98.71411817082317,98.84246063232422,4596700
2019-07-26,98.93413346816857,100.13506221456768,98.58577635526038,99.25498962402344,3470700
2019-07-29,99.07163893899904,101.06095397276539,99.07163893899904,99.66751861572266,3192500
2019-07-30,99.2824882520387,100.85926792619132,98.09072893461675,99.6400146484375,4664200
2019-07-31,99.06245511044298,101.49180605557547,98.64992685306534,99.87834930419922,5535700
2019-08-01,99.94253034959227,101.51931698960901,99.29164879361119,101.3084716796875,3679000
2019-08-02,101.72102219724023,103.83868004576276,101.01513857911284,103.05945587158203,4477700
2019-08-05,102.1060309934765,103.12360829207762,98.49409669369305,99.6583480834961,4765800
2019-08-06,100.3550889259273,102.78444067360158,99.96089217446212,102.1243896484375,5490000
2019-08-07,101.18014672456626,102.10604497454008,99.49334898287225,101.8676986694336,4231700
2019-08-08,102.63773633465834,105.00291630825707,102.34438116698136,104.48037719726562,4815900
2019-08-09,103.81114355130633,105.01207201464673,102.99524937837886,104.29701232910156,2788100
2019-08-12,103.49948487000643,104.56289488076465,102.94027540952379,104.14119720458984,2318400
2019-08-13,104.07701493563727,106.46969594881735,103.98534275386551,106.06632995605469,5247200
2019-08-14,105.88656790447381,105.8957886242329,101.60906827154722,101.67359924316406,4937900
2019-08-15,101.79345288830731,102.61392121327674,100.67798479518429,101.61830139160156,3939900
2019-08-16,102.2728359309015,102.6323666926908,100.75174045922006,101.8856430053711,3497600
2019-08-19,102.37424556219457,104.11658915797176,102.13455603666843,103.73861694335938,2903500
2019-08-20,103.55423141504102,104.06125849877846,102.24517046428045,102.33735656738281,2074800
2019-08-21,103.25001066102824,103.65563795358247,101.40626047065274,102.752197265625,2207300
2019-08-22,102.73376296316589,103.49891394760695,102.13454274401298,102.8904800415039,1840200
2019-08-23,102.75219769721,103.76625889950607,100.37375825363183,100.95454406738281,3870100
2019-08-26,101.96861082728194,103.08407891393894,101.63673521086423,103.04720306396484,2565500
2019-08-27,103.53580402775528,104.06127262344651,102.0792465209961,102.0792465209961,2945200
2019-08-28,101.71045384495552,102.8259215689763,101.21264058216703,102.30045318603516,1744400
2019-08-29,103.07486429779411,103.60033288268521,101.95939614507266,103.4804916381836,2708600
2019-08-30,104.00595864784671,105.25048874759759,103.1762695702296,104.14424133300781,2870700
2019-09-03,103.74781628709883,105.11218738712812,103.42516143461545,105.05687713623047,3710300
2019-09-04,105.44407537903443,105.55470292720837,103.66485608766106,104.40235900878906,3756400
2019-09-05,105.05687403745468,106.42125213058831,104.41156435152206,105.6468734741211,4045900
2019-09-06,105.81282697106435,106.00641990559744,104.94626209266467,105.13986206054688,2904700
2019-09-09,105.5731517729683,105.5731517729683,101.72893362340622,102.39268493652344,4982300
2019-09-10,99.90359616572528,102.44796609875321,98.08750129250338,102.4203109741211,6589500
2019-09-11,103.04721405350428,103.25002773331643,101.67362190389012,102.96424865722656,3404100
2019-09-12,103.17626985629177,103.63720745254041,102.43877392230368,102.76142883300781,3578500
2019-09-13,103.01031509533871,103.3882872380948,101.62750253406242,102.22672271728516,2842600
2019-09-16,101.79343712675164,101.89484394072925,100.67796920634612,101.52609252929688,1728900
2019-09-17,101.71050701179306,102.50332035954638,101.06519005973652,102.43878936767578,2438100
2019-09-18,102.7337432936457,104.08890055082958,102.48483312667244,103.91374206542969,3132500
2019-09-19,104.04283553495895,106.11705473297114,103.60955306603826,105.41642761230469,3929800
2019-09-20,106.87298759116068,108.07142811262405,105.52705070142372,107.08502197265625,7517700
2019-09-23,106.93752482743824,107.43533828701621,105.06611926829403,105.25971221923828,2611300
2019-09-24,105.42564097101334,105.60079949728478,103.19470483295734,104.40235900878906,3480200
2019-09-25,104.0612597899906,104.95547977121176,102.61391614994314,102.68766784667969,3093400
2019-09-26,103.28686664682694,103.85843162793726,102.04233691431565,103.08405303955078,2266400
2019-09-27,103.5726459042253,104.5129622617438,102.67842610606756,103.5910873413086,1906300
2019-09-30,103.61876075238794,104.58672536968302,102.96423028735545,103.09329223632812,2516600
2019-10-01,103.19470045400281,103.66485168875619,101.7842326830451,102.291259765625,2203400
2019-10-02,101.71050190533485,101.99628099307817,98.3272212966145,98.64065551757812,4483900
2019-10-03,98.72361786000509,99.65471383857246,97.9123701661479,98.90799713134766,2735000
2019-10-04,99.09235670247064,99.8022044980379,98.64063985378638,99.74688720703125,2865300
2019-10-07,99.84828833904388,100.16172952570388,99.16610274457034,99.40579223632812,1460800
2019-10-08,98.53923055039944,99.86673296762379,97.67266569100588,98.8157958984375,2802500
2019-10-09,99.1568729883249,99.70078289697688,98.52999770548003,98.91719055175781,1636600
2019-10-10,98.66829372850474,99.09235544297026,98.25345273464798,98.56688690185547,2736900
2019-10-11,99.33204950488496,100.61345542770927,99.18454610177025,99.89439392089844,2554900
2019-10-14,100.04186435198795,100.60420862219782,99.45186495920181,99.47030639648438,1341300
2019-10-15,99.88517721436114,101.49845882568374,99.7653359695259,101.12970733642578,1760000
2019-10-16,100.65031254019875,100.9268778528754,99.36890685593656,99.51640319824219,2314600
2019-10-17,100.68719162645105,100.90843966370818,99.80219244407425,99.98656463623047,2018900
2019-10-18,99.84829112174124,100.42907694359624,99.47032598319414,100.15251159667969,2207100
2019-10-21,100.36454484682787,100.48438607803462,99.3504766083521,99.47954559326172,3944900
2019-10-22,101.38783516991637,102.75220649466456,100.38298756856652,101.2587661743164,5708500
2019-10-23,97.71876517754006,99.33204667811265,93.44126507583265,99.00939178466797,9047500
2019-10-24,99.10157438334483,99.75610486782831,97.9492304951664,99.41500854492188,3304500
2019-10-25,99.63627390203904,101.95017560391578,99.13846044704911,101.59064483642578,4234600
2019-10-28,101.97781188086654,104.34703027632321,101.97781188086654,104.16265106201172,4168500
2019-10-29,103.71095119086742,103.99673022792167,102.78907606917082,102.94579315185547,2987800
2019-10-30,102.66921233060587,104.36545880670849,102.56780552677935,103.91374206542969,2424700
2019-10-31,103.58187532757603,105.71140432207142,103.24999976566141,105.04765319824219,4124400
2019-11-01,105.15829970230328,105.56392702523597,103.53579744392188,103.72017669677734,2629100
2019-11-04,104.39313377182924,105.39798128256052,104.05204448807683,104.2732925415039,3002100
2019-11-05,104.12579392861741,104.24564219779135,101.87642337663016,102.55860900878906,3357300
2019-11-06,102.85358447100404,105.3610853769828,102.79827422651398,104.92780303955078,3973700
2019-11-07,105.3057825333832,105.67452690036221,103.27765334825875,103.9598388671875,3076200
2019-11-08,103.8492291463502,104.69735253176422,103.34219503911969,104.66047668457031,2224100
2019-11-11,104.59594456984614,105.28735087215873,103.45282145269361,103.98751068115234,1770200
2019-11-12,103.95983899229564,105.13062416224169,103.66483927834864,104.3285903930664,2273200
2019-11-13,104.05202316485314,104.6604569454294,103.48045819116858,103.978271484375,3250600
2019-11-14,104.02001917444785,104.17763761110443,102.91667597024953,103.27827453613281,2627100
2019-11-15,103.22264668047048,105.53131609122866,103.22264668047048,104.94719696044922,4857400
2019-11-18,104.78955325164499,105.81872040367683,104.6412085932818,105.76309204101562,3361600
2019-11-19,105.72599943810982,107.6638031795491,105.46639099209108,106.71807861328125,3781600
2019-11-20,106.58829694210098,107.47838626268917,105.74456931402514,106.26378631591797,3638200
2019-11-21,106.34723876704196,107.10752390788397,105.03992238743149,106.39360046386719,2909500
2019-11-22,106.70881648494007,108.18303185512077,106.35649170893859,107.73798370361328,3120100
2019-11-25,108.1088729082584,109.83342327039593,108.1088729082584,108.91551971435547,2939300
2019-11-26,108.91551854668857,109.50891145269664,108.47974408394484,108.56318664550781,4704900
2019-11-27,109.15656990774193,109.31418832686664,108.12740269660941,108.88768768310547,1798200
2019-11-29,108.6929806347217,109.44399186417925,108.63734519542095,108.80423736572266,1243900
2019-12-02,108.96186747341395,109.63870997941684,107.64527747412178,108.2386703491211,2199700
2019-12-03,107.92342741183914,109.33273364228404,107.4783792437088,109.0453109741211,2786000
2019-12-04,109.66652338865607,110.18574038215388,109.00822839367105,110.02812194824219,2597000
2019-12-05,109.77780615053986,111.18711269345864,108.9804330164535,111.04803466796875,3003200
2019-12-06,111.23343748598789,111.91954655727103,110.87183898397383,110.9274673461914,2462800
2019-12-09,110.8254849714818,112.04008478931226,110.2784538416743,111.48377990722656,2335100
2019-12-10,111.78048012279008,112.32751834502821,111.36325321546657,111.86392974853516,3592600
2019-12-11,111.78050165796041,112.37389460988813,111.2427441585148,111.98448181152344,3438100
2019-12-12,111.78050460152207,113.05074018064924,111.78050460152207,112.83748626708984,2959400
2019-12-13,113.09708937303341,113.29179575581126,111.9288440025649,112.67985534667969,3343900
2019-12-16,114.10771244192799,115.21105571588501,113.17126136845353,113.90373229980469,3468400
2019-12-17,114.96996247820846,117.77930801018249,114.33020800402824,116.20310974121094,6718800
2019-12-18,118.56742117274162,120.51449193354095,118.39126230989939,120.0509033203125,8173000
2019-12-19,119.68004400018124,121.45095598560982,118.99392772557685,121.32115173339844,4423400
2019-12-20,122.8417219270745,127.02328633292667,121.68275033644561,122.78607940673828,9229900
2019-12-23,122.74900150866303,122.92516745831443,121.4880398216666,121.59929656982422,2473400
2019-12-24,121.5251215908032,121.65492583204032,120.65357276495341,121.56220245361328,1215800
2019-12-26,121.46024546707265,122.1092668499711,121.14500853075127,121.59004974365234,1272000
2019-12-27,121.98870635328358,122.17413895670776,121.31185683676416,121.94234466552734,2161300
2019-12-30,121.94238349330885,122.32251549970633,121.33970965578136,121.7384033203125,1856200
2019-12-31,121.62711527459359,121.9423663187545,120.99664148147839,121.8589096069336,1549800
2020-01-02,122.17413209198504,122.62843982270753,121.20985997219857,122.58209228515625,2204200
2020-01-03,120.81118934421117,122.8231621264444,120.7462801507838,122.17414093017578,1963500
2020-01-06,121.84963063306272,122.90661211598746,121.40458952120015,122.62845611572266,2102900
2020-01-07,122.10923348826469,123.24965747432341,122.10923348826469,122.86024475097656,2448300
2020-01-08,122.81388325469874,124.43644315808143,122.3966422471778,123.97285461425781,5188600
2020-01-09,124.7517061597917,126.42989477709531,124.25102250470508,126.02193450927734,4522800
2020-01-10,125.89209765823645,128.2007735864524,125.66030339768622,127.95043182373047,4177600
2020-01-13,128.13592033928157,129.79557589198495,127.84849759434317,128.82203674316406,5117100
2020-01-14,128.86836726574523,130.6392650087812,128.06171346169262,130.407470703125,4685200
2020-01-15,130.3425511536086,131.37171824317204,129.81405344520624,130.83395385742188,3676500
2020-01-16,131.50155567108263,131.63135992472496,129.66574861311167,131.13067626953125,3794800
2020-01-17,130.620738556092,131.4181115756078,129.21142514186818,129.4154052734375,5393200
2020-01-21,129.34125125965411,131.26051532726058,128.34916462043225,130.64857482910156,4849500
2020-01-22,130.9637675434039,131.89094465875544,130.44455062242304,131.25119018554688,2742100
2020-01-23,130.96376237676185,131.4180842384967,129.69353430607396,130.9266815185547,3138700
2020-01-24,131.52011792036183,131.64992218855414,128.59950066462866,128.94256591796875,3183300
2020-01-27,127.3385365995708,128.970377825227,127.3385365995708,128.23789978027344,2826400
2020-01-28,128.59024483958456,129.69358828616632,128.16373698088708,129.1187286376953,2649100
2020-01-29,129.35044489392592,130.86174777596236,128.84977559028266,129.7305908203125,2815500
2020-01-30,128.11731963013048,133.25388847601818,128.04315791506136,132.2803497314453,5243400
2020-01-31,132.44723737550981,132.44723737550981,129.313374652957,129.4709930419922,3913500
2020-02-03,130.29618976581577,131.26046182092358,129.50808361390645,130.73196411132812,5137800
2020-02-04,131.937342098435,133.57844999866765,131.4552059064676,132.99432373046875,3177500
2020-02-05,134.236715644989,136.62883455007884,134.00492134194852,136.61956787109375,4060900
2020-02-06,136.98118722765437,137.1017106631759,136.118904932596,136.57322692871094,3285000
2020-02-07,136.49901227767515,136.49901227767515,134.79300982804816,135.7480010986328,2670400
2020-02-10,131.19556837601954,134.950638710295,130.84323652735347,134.91354370117188,4892100
2020-02-11,135.11756472279072,135.23810231753913,132.75325941509428,133.74534606933594,2976400
2020-02-12,134.1347331235347,134.34797993298704,133.04067074255084,133.0592041015625,3953200
2020-02-13,133.14305076627056,133.96320010328785,132.14582243867656,132.1551513671875,3455500
2020-02-14,132.57453781394483,132.63978342836938,131.00881371888326,131.52139282226562,2273700
2020-02-18,131.42821320636696,132.3042792788438,130.97153653301052,131.41888427734375,2858200
2020-02-19,131.9874199362831,132.19245732157188,130.81312654675463,131.25115966796875,3082800
2020-02-20,131.99675409981168,133.09648719092857,131.59599402324875,132.34158325195312,3417000
2020-02-21,131.72646002727515,132.94735535421006,130.78516241527836,132.37884521484375,2900900
2020-02-24,129.8065938493132,131.95947234952362,128.49249437848033,128.75344848632812,4727400
2020-02-25,129.4896968403983,129.75996560423343,125.46352418362657,126.19979858398438,3401600
2020-02-26,126.7776426740997,127.70031093686565,124.24264784997345,124.44768524169922,4659000
2020-02-27,124.26129446867976,125.51014826934623,120.27240838650823,120.40288543701172,4292800
2020-02-28,117.78399058666142,118.17542878948719,113.24523863614746,117.55099487304688,7898300
2020-03-02,119.05149960076675,123.95373189052542,117.62556683022693,123.80461120605469,7355700
2020-03-03,124.21468386217798,126.42347885717074,119.93688562342078,121.44669342041016,6936600
2020-03-04,123.98170589880297,131.27913499835122,123.95374754455027,130.831787109375,5301900
2020-03-05,128.96783171863925,132.25773107166282,128.17564035970085,130.617431640625,6882100
2020-03-06,126.86150329502276,132.67708150416448,126.33028045575955,131.8383026123047,8010700
2020-03-09,124.90434809228492,131.34433890953133,124.2426339980484,126.48871612548828,5351300
2020-03-10,129.75999219992937,132.27634351570006,125.55675388931438,131.58668518066406,5961200
2020-03-11,129.97436859797122,132.1924786923357,128.04515676657843,130.49627685546875,7211800
2020-03-12,121.89404971719267,127.21567887840027,117.36461890095305,117.44849395751953,7836300
2020-03-13,123.90712841468748,129.8904571533203,119.76912190624789,129.8904571533203,6841700
2020-03-16,122.08974840099974,129.24736957281388,119.52679566739096,120.57994079589844,6619700
2020-03-17,124.14948838434208,133.82346433440213,122.18300326263143,133.45999145507812,8909200
2020-03-18,127.06655221037732,134.20554503278362,124.96027585925917,133.35743713378906,6734600
2020-03-19,132.79825339869362,133.2549159350042,122.20159776780342,124.03760528564453,6554800
2020-03-20,123.17088673172078,123.2547617955331,112.05232835111528,114.0747299194336,9113500
2020-03-23,112.72332214007143,118.2499806895305,109.09790944566959,110.95256042480469,7299300
2020-03-24,114.85758759966727,116.12508510004638,109.42413189267403,114.5313949584961,6827300
2020-03-25,111.94981757729937,117.56035296355847,111.10170950505145,113.64602661132812,6472100
2020-03-26,114.90417787927883,126.50736978424733,113.64600232850204,125.2119140625,6723600
2020-03-27,121.76353844100005,128.2501445232403,121.34414905511892,124.98820495605469,4717400
2020-03-30,124.76457308153051,132.1272481061696,124.42905859659844,129.02374267578125,5057400
2020-03-31,127.64438319769458,132.36021435779298,125.37034266493639,129.28466796875,7560100
2020-04-01,124.8857387140941,127.85876715733876,123.93511194500593,127.1411361694336,3297900
2020-04-02,126.1438923687301,133.0871621936882,123.9816851947083,132.5093231201172,4725000
2020-04-03,131.33504482263268,134.76474971416272,129.04237456848858,130.16075134277344,4013200
2020-04-06,132.59324644596907,133.73958173613147,130.75723850676,131.97813415527344,4159900
2020-04-07,133.39469954162448,134.95110907409054,130.52419087939407,132.22972106933594,3900600
2020-04-08,132.3881989259901,137.2345080819821,130.94362231251944,136.27456665039062,4006600
2020-04-09,134.6809112831743,136.4423592784578,133.78621521432996,135.81793212890625,4415300
2020-04-13,135.10959368087916,136.61940178052174,133.16175237833937,134.5970001220703,2289000
2020-04-14,137.26248802107222,141.24206036732747,134.25218619099257,140.8319854736328,3809600
2020-04-15,138.80955341379337,142.96618972345289,138.40879331990539,140.89718627929688,3614400
2020-04-16,142.49088884315245,145.00724024981534,141.66142449226533,144.2057342529297,3512900
2020-04-17,144.84877978954046,146.9457413026412,142.62134124001733,146.59158325195312,3709900
2020-04-20,145.97652752519116,149.30370002572076,145.02590071606792,147.0576171875,2562200
2020-04-21,144.83949696754237,145.20296980766366,141.11156456796658,142.28585815429688,4270200
2020-04-22,144.09390105828504,146.58229411476918,143.12464493590153,146.0510711669922,3278000
2020-04-23,146.4890642568438,151.50313677055175,143.52536548393635,149.05201721191406,5692900
2020-04-24,150.9812393587431,153.68398425148385,149.68578361456397,151.8479766845703,4414000
2020-04-27,152.84521453078773,153.31120603850354,149.78831137784655,150.3195343017578,3210300
2020-04-28,149.99335462930117,150.96261074594503,145.9392226656721,146.60093688964844,3270200
2020-04-29,147.02960741776906,147.281246765914,144.14978386108962,144.60646057128906,3240700
2020-04-30,144.6437496022869,146.30267809962996,142.85434406203814,144.12184143066406,4175800
2020-05-01,143.26443231053642,144.0845819264971,141.26067448718905,143.18055725097656,2576400
2020-05-04,144.13116703339574,145.38934978723506,140.971745193395,142.85435485839844,2228500
2020-05-05,143.33898050241586,148.3903263830797,142.36039556108304,147.15078735351562,2862600
2020-05-06,147.68202933627558,148.12937718502147,145.7155446787293,146.02308654785156,1964800
2020-05-07,146.78732692591214,146.96440597660052,142.3324491892638,142.56544494628906,2330600
2020-05-08,143.71176556812136,143.91680295126088,142.17399941550605,143.06869506835938,1966600
2020-05-11,143.03145410254257,148.62335296088105,142.66798124558792,147.76593017578125,3196200
2020-05-12,148.996082112684,150.4220146248188,146.8711625173095,146.99232482910156,2329400
2020-05-13,146.34930075699305,148.51150831153632,145.42663239555606,147.18807983398438,2650000
2020-05-14,146.01766687056545,148.83613787415894,144.02319246668017,148.3024139404297,2393900
2020-05-15,148.53643768849514,149.36043390567892,146.101868989655,149.09825134277344,2824500
2020-05-18,151.0739950738169,152.03845543108412,147.11315233048268,147.90907287597656,2703700
2020-05-19,146.86968164163997,149.0046047007928,145.39957346879825,146.72921752929688,2339400
2020-05-20,145.39024579356422,147.4127951348969,141.96312646982366,143.38641357421875,3780800
2020-05-21,143.4051223021619,143.4051223021619,140.1933786601844,142.59048461914062,3049800
2020-05-22,142.53428298363815,142.85264544487634,140.61472108143505,141.54173278808594,2355000
2020-05-26,141.4949408744448,142.10357595869024,137.7962804126072,138.54537963867188,5013400
2020-05-27,138.74200480473826,138.74200480473826,134.4815164935434,136.42916870117188,5376100
2020-05-28,138.04910978804742,142.42197303450175,137.18765055628285,141.06422424316406,3982700
2020-05-29,142.00995333297428,143.86396292072138,140.3993949313742,143.21786499023438,9466300
2020-06-01,144.64115197203455,145.12806863161086,141.28894387458072,142.7496795654297,5233800
2020-06-02,142.40319308441374,144.27593363372816,141.4293599975594,144.06993103027344,3269400
2020-06-03,143.58302740680847,144.56621914124392,141.25147435735397,142.82456970214844,3190300
2020-06-04,142.5249628819903,143.77032309803732,140.18403658616012,141.1204071044922,3328700
2020-06-05,140.17470916487773,142.1036307717103,138.90124427572346,139.7158966064453,4578800
2020-06-08,137.4124180981645,139.7533451526477,137.1970568097598,139.7158966064453,4076400
2020-06-09,140.22144463985043,142.09418513587514,139.62216825263758,139.64089965820312,4302100
2020-06-10,140.41807281821875,142.70280396349,140.3056986853943,141.3918914794922,4940200
2020-06-11,142.18788075511847,142.55306471613918,133.94781665057675,134.9122772216797,4547400
2020-06-12,136.27935722386218,137.06591930807937,132.46833669225808,134.4066162109375,3973200
2020-06-15,132.96462110989575,133.80734890882013,130.79223452653707,132.51516723632812,3709900
2020-06-16,146.3734212560613,156.7764822195889,145.13740552502173,153.29319763183594,15029300
2020-06-17,153.78013214857754,153.90186489277144,149.25746065627771,149.79119873046875,4711200
2020-06-18,149.0702051894237,152.6003265539578,148.13383453586212,150.82122802734375,3631600
2020-06-19,151.9073431300669,152.1414356948371,148.18995205848617,149.7630615234375,6004900
2020-06-22,149.05145180695067,151.20510685029004,148.80800061654472,150.2406463623047,2647300
2020-06-23,150.652594254861,152.50660316839753,148.83603386100583,149.2012176513672,2771500
2020-06-24,148.46152549291998,149.6226156111683,146.38278212188303,147.03823852539062,3096000
2020-06-25,147.60942930387455,152.9935591045818,146.7386116899418,152.49728393554688,3735400
2020-06-26,152.0010225212438,153.36811542792114,149.98781740607527,152.46920776367188,5290400
2020-06-29,153.42428345924324,153.7613773477426,150.78371228468532,152.36618041992188,2640300
2020-06-30,152.73139784653216,154.66031885387167,151.97294000266376,153.73330688476562,3296300
2020-07-01,153.86438829089863,154.9412085168843,152.17891874284774,152.90928649902344,2065100
2020-07-02,153.6303092051324,154.28576567371525,152.03846798272903,153.44302368164062,1960200
2020-07-06,153.99550053968372,158.17170501790935,153.57412237939144,156.2708740234375,2760100
2020-07-07,155.54986776099884,157.66607430153925,154.75396138379236,156.13978576660156,3273300
2020-07-08,156.22406577487843,159.014460419788,156.22406577487843,158.3683624267578,2781800
2020-07-09,159.0706142260717,159.88525193320015,153.29321035099585,155.85885620117188,2955200
2020-07-10,155.56857793348783,155.56857793348783,152.38492428354343,152.96546936035156,2245100
2020-07-13,154.13596905130854,156.37389427207017,150.7931190640756,151.76695251464844,3455600
2020-07-14,152.5160221363017,154.2857616998326,151.2519163246886,153.452392578125,2642900
2020-07-15,154.67904941732084,155.88696110873525,153.4711234380261,154.92250061035156,2346200
2020-07-16,154.45429251466481,154.91311914803967,152.25383067742047,154.50111389160156,1486800
2020-07-17,155.47495199853037,156.61732515497886,154.60413428910715,155.40005493164062,2935800
2020-07-20,155.89633880195657,157.0387120217673,155.18468803611205,156.4113311767578,1806200
2020-07-21,156.2521222796456,156.5892161912856,154.27638018684308,154.7820281982422,1540700
2020-07-22,155.00675956459932,155.29704640883605,152.00101839109527,154.35130310058594,1686500
2020-07-23,154.7445855373735,154.93187106991772,150.55900820927644,151.24256896972656,2408800
2020-07-24,151.19576782165572,151.19576782165572,148.3679244987632,149.38856506347656,2247900
2020-07-27,149.4447629663577,151.4485956061054,148.49901945604958,150.28749084472656,2709700
2020-07-28,151.38298973809336,154.8850199205915,151.08335866179067,152.30062866210938,3483100
2020-07-29,152.18828404831257,152.65646926086205,150.8492811986028,151.45791625976562,3108900
2020-07-30,148.36791085606603,148.41473224116305,140.8769464527266,143.2646942138672,6638100
2020-07-31,143.3863837188811,143.58301347396116,139.27571881364906,140.72708129882812,5342700
2020-08-03,143.07741962958536,144.0606115422047,141.59795247983178,143.1148681640625,3615000
2020-08-04,143.62051297110668,146.07379912792845,143.34895752279704,144.99697875976562,3260000
2020-08-05,147.30046161316957,147.46901575637568,143.5456205281127,144.51943969726562,2386400
2020-08-06,144.06059367556003,145.60559914100446,141.3919322848339,143.15231323242188,2176200
2020-08-07,143.22721619405385,143.73284990052304,141.93502052836476,143.19911193847656,2017100
2020-08-10,143.19914141715523,143.72352092720877,141.8882283617231,143.2646942138672,1745200
2020-08-11,143.3957556395807,143.3957556395807,140.64282450892955,141.04547119140625,2103400
2020-08-12,141.19530152826326,143.42386789227777,141.0174031349313,142.84332275390625,2430400
2020-08-13,141.91178089562993,142.73038950493182,140.94260492829258,141.5730438232422,2077700
2020-08-14,140.95200406138304,142.7303698572348,140.34038796507105,141.22486877441406,1538000
2020-08-17,142.0058784402682,143.68074123740192,141.4789572489262,142.57984924316406,2704700
2020-08-18,143.16323975486904,144.1041746579113,142.22230485182678,144.06654357910156,1959700
2020-08-19,144.72514646672826,145.28971296169325,143.03146133935564,143.294921875,1938800
2020-08-20,143.5396147604555,143.82189808798626,141.9400283811498,142.4010772705078,1830200
2020-08-21,142.40108554066163,142.41050407855974,139.21131677662436,140.44393920898438,3112000
2020-08-24,141.18724707223123,141.5165655851431,139.4935618311077,140.6885528564453,2268400
2020-08-25,141.47895444602523,142.37283961773736,140.4909700530696,140.839111328125,2216100
2020-08-26,140.37808123133405,140.63213767661907,138.70321824358157,140.44393920898438,3029700
2020-08-27,141.68594112532205,142.02467817315778,140.1428088757422,140.17103576660156,3146100
2020-08-28,140.04873129255648,140.34041878149114,138.29859200142292,138.6373291015625,2102600
2020-08-31,138.64678482126737,140.00171922767282,138.34567871482434,139.62535095214844,4430700
2020-09-01,139.83230784196985,140.38745587512187,137.98806949286703,138.5996856689453,2358700
2020-09-02,138.1198077366711,141.1402146474373,137.85634715126457,140.716796875,2406800
2020-09-03,143.20087074979688,144.3111669318034,138.75025312734698,140.21810913085938,4226100
2020-09-04,139.98287530634494,143.5678346250618,139.21130187272334,141.99647521972656,4361800
2020-09-08,142.0340838034466,142.37282085474644,139.7287967620422,140.49095153808594,4351200
2020-09-09,141.72358309156778,145.0168546152759,141.43189562524324,142.9938507080078,2328500
2020-09-10,141.02733676077509,141.70481108231425,137.11304387133288,137.58351135253906,3961300
2020-09-11,138.84432333107102,140.3780515007979,138.20449462070906,139.343017578125,3001400
2020-09-14,140.28394520007413,141.62007069614742,138.75963564325536,140.1992645263672,3072500
2020-09-15,141.1026227868207,142.89979777438347,140.59450983267047,141.2155303955078,2923500
2020-09-16,142.75862331720776,143.66191264900706,141.88354652215682,142.04351806640625,3618800
2020-09-17,141.26254104406905,143.66191321185988,140.63211647361783,143.46432495117188,3620700
2020-09-18,143.05975340797562,145.3744598629114,143.05975340797562,145.06394958496094,13209800
2020-09-21,144.1230151733953,144.5840785015311,140.2557716700363,142.25054931640625,3501600
2020-09-22,141.99649898887802,142.61751951147508,140.34044426195248,141.00851440429688,2926400
2020-09-23,141.1872552790344,142.6362884066261,139.91698768497398,140.96142578125,3545700
2020-09-24,140.44392560862042,140.8203081499143,138.6655593788939,140.0205078125,3424200
2020-09-25,139.62528356708856,141.5165569287679,139.11718520459286,141.38482666015625,2440600
2020-09-28,142.08113708779894,142.62688092666818,139.16423382841737,139.35243225097656,2427100
2020-09-29,139.23953333789783,139.67236968078498,137.31061404806638,137.62112426757812,3308300
2020-09-30,137.75286682548682,139.68178628692004,136.49201747592602,139.27719116210938,5083900
2020-10-01,139.56885581518057,139.9264156213129,135.55106033701364,135.76747131347656,3809200
2020-10-02,135.18411566268972,138.26097681268448,134.8077474448581,136.63316345214844,3880000
2020-10-05,136.50139777030435,138.7596352072003,135.66395214120027,137.96925354003906,2790600
2020-10-06,138.25154943071126,139.098399402949,135.42874490497132,135.616943359375,2409200
2020-10-07,139.74766843698433,141.03674477612705,138.17630872993766,140.16168212890625,4602800
2020-10-08,143.39845295030477,144.84750053374526,141.61068263349003,144.43348693847656,4686100
2020-10-09,144.9886298742606,147.86788786623444,144.96982151697782,147.6138458251953,4590600
2020-10-12,147.56682020277864,147.86791190101408,145.29916367697155,145.3650360107422,3242700
2020-10-13,143.96305894795083,145.21450425517313,139.77590095463063,141.2155303955078,5963900
2020-10-14,141.49775488411984,141.7047616522438,138.9854611337314,139.691162109375,2710200
2020-10-15,137.85632571311422,138.23270817482424,136.79307935790024,138.11038208007812,3785900
2020-10-16,138.42095653245542,139.61594807256137,137.37651804697518,137.4894256591797,2918900
2020-10-19,138.31740139835898,138.70318807255478,133.8103304864306,134.365478515625,3158900
2020-10-20,134.89242993213125,135.6075352985215,133.7162612888745,135.1088409423828,2188700
2020-10-21,133.88559774221167,134.8641779113306,132.86940085835508,132.96348571777344,1983700
2020-10-22,133.17053965134383,133.85741823410387,132.4836610685838,133.283447265625,3056600
2020-10-23,133.83857609389057,136.15326774768565,133.3492859596023,133.97030639648438,2427200
2020-10-26,133.51864368506506,133.88560768635918,131.7779229025267,133.33045959472656,2947100
2020-10-27,125.16315548193177,128.04241377315927,124.08107180967215,124.10929870605469,11374600
2020-10-28,122.75435985059659,126.17936193505042,122.61321101662705,123.55414581298828,6188000
2020-10-29,124.20342250429013,125.26668367013764,122.67911236796493,124.72093963623047,4099900
2020-10-30,123.97757550982332,125.2384391697924,121.57820303462556,122.7543716430664,4335300
2020-11-02,124.71150258478805,126.03822421040407,122.31213012860071,123.85526275634766,3449500
2020-11-03,125.74651933476137,126.15112874291388,122.98016887433798,123.2436294555664,3628400
2020-11-04,126.94152511649132,143.00327567384187,126.94152511649132,139.81350708007812,12211700
2020-11-05,138.95724344783602,140.02050435916982,136.1532617825995,136.92483520507812,5731000
2020-11-06,136.48259330901027,138.68437725805947,130.88403421496446,134.3090362548828,6229800
2020-11-09,134.1208518349156,136.20032424256297,132.295450223179,133.9232635498047,5493800
2020-11-10,138.88197680045164,140.38746380715546,135.2970032921031,137.9033966064453,5377000
2020-11-11,139.03250562844505,139.03250562844505,134.90180288385386,136.20970153808594,3046800
2020-11-12,135.1788381298886,135.6801092803287,132.27533304531104,133.3818817138672,3463400
2020-11-13,134.70596834512213,135.44368197094767,133.65617785632045,134.65869140625,2142700
2020-11-16,135.30176502109856,136.47452424606806,132.4077130309997,132.96571350097656,4957600
2020-11-17,132.00108403437702,134.2614730414667,131.0931387720659,133.5426788330078,3619200
2020-11-18,134.20467374555338,134.69647788039234,132.5306722774044,132.56849670410156,2795100
2020-11-19,132.64416238283525,136.08676252625023,131.38628731083605,135.63279724121094,4626100
2020-11-20,135.09370833616055,139.11322860463298,135.09370833616055,137.60000610351562,5063800
2020-11-23,137.6472667499799,137.7229300307801,133.50480675305792,135.6044158935547,3794200
2020-11-24,135.61388546475706,137.74186679953996,135.3490711642656,137.0419921875,4127000
2020-11-25,137.04199087402634,137.4581317511807,134.8761851304872,136.90013122558594,3223700
2020-11-27,137.75133920319504,139.89824027859575,137.47707236351965,139.44427490234375,1754000
2020-11-30,138.40388014309096,140.13463974692561,137.04197000031652,137.7512969970703,5842200
2020-12-01,138.73492282618776,140.0306223537079,137.38246500942074,137.66619873046875,3954400
2020-12-02,137.47708440367182,139.11326194669766,136.5502341368555,137.28793334960938,3757400
2020-12-03,137.79863107571106,138.55524965977168,135.36801065080155,136.29486083984375,4059600
2020-12-04,136.25699981896474,140.65482160907268,136.19078903616153,140.3994598388672,3058600
2020-12-07,139.31185102249185,140.2859924584858,138.53631310109225,139.4253387451172,2637200
2020-12-08,139.0091622641938,141.99779659941242,138.9429659200426,141.20335388183594,2754400
2020-12-09,146.20653202070537,150.32063591960062,145.34587814454932,149.43161010742188,8364400
2020-12-10,151.20015106996902,153.21464453276639,149.6017984568853,152.2688751220703,6430600
2020-12-11,151.05827745853944,152.4390925889096,150.43406624170626,151.3609161376953,3441900
2020-12-14,151.97570413501816,153.48892668491243,149.2708027722638,149.34646606445312,4390100
2020-12-15,150.783989201732,159.1067617419645,149.47883741018418,158.3501434326172,6974300
2020-12-16,160.48760350501954,163.79779623403152,157.70703930364226,162.71961975097656,6009900
2020-12-17,162.41700247270538,164.46932068582953,161.82117746328112,163.26820373535156,3521100
2020-12-18,163.164175943403,163.5141060784825,159.83506290022052,162.1049041748047,7356400
2020-12-21,159.7215358345246,159.83502354091783,156.80856444297018,159.626953125,3655900
2020-12-22,158.61502804906542,159.25814445848886,156.8748009944217,157.6787109375,2447900
2020-12-23,158.36913365325708,158.88930987541883,156.49651368477518,156.50596618652344,1697300
2020-12-24,156.8558924412675,158.83254742296347,156.8558924412675,157.62196350097656,627200
2020-12-28,158.14214487134984,158.51099444674077,156.2506056270274,157.47064208984375,1482000
2020-12-29,157.59361705705285,158.65287455229176,156.9126616868847,157.54632568359375,1712000
2020-12-30,158.3596914320705,159.2581698206962,157.64089717612885,157.9530029296875,1413300
2020-12-31,158.00969912947687,159.9674342651689,157.27198572748037,159.68370056152344,1643600
2021-01-04,159.85398492329892,160.28903086618254,154.25503051480746,156.52487182617188,3164800
2021-01-05,156.23167556194431,157.6219579664138,154.34958894665553,157.30039978027344,2322600
2021-01-06,154.14151708920406,158.20832903705931,154.13206458897926,155.4088592529297,3619700
2021-01-07,155.27638616507164,158.0569500265865,153.00654577227635,156.8369140625,3025500
2021-01-08,157.20579954190072,157.81109141422132,155.71148207526312,157.385498046875,3438100
2021-01-11,174.96735863258144,179.03417039516577,172.14896954510095,175.85638427734375,11396500
2021-01-12,172.8772186414961,174.24859610500627,167.8173599459164,169.10360717773438,7179300
2021-01-13,170.07772032398543,177.44525792035012,169.61428810258187,175.4402313232422,7303900
2021-01-14,175.22272857520244,178.7126205238284,174.57014527667263,176.5657196044922,4413200
2021-01-15,176.6697326792422,181.3796604070502,176.6697326792422,180.4244384765625,6624600
2021-01-19,185.37081956412354,188.6999322011404,183.5454913801321,187.71632385253906,7729100
2021-01-20,187.99060895934605,190.82791748053006,187.9054787359245,190.34556579589844,5335800
2021-01-21,192.6532603755392,193.6179493869804,187.27182916147677,191.37648010253906,8698800
2021-01-22,191.0832615567114,195.33922426498287,189.68352675119863,194.96092224121094,6128800
2021-01-25,196.94703913250856,201.00438379882888,196.80516505358744,200.8341522216797,5959100
2021-01-26,201.0233182003251,201.66643455918103,199.17907048737305,201.18409729003906,6601500
2021-01-27,199.62359382588647,200.52207204804537,193.97734823216237,196.3134002685547,7358000
2021-01-28,196.7200707835866,200.35182247300276,196.31339679504762,198.72509765625,5460400
2021-01-29,200.46529079628272,206.17773169154427,193.37202021056444,196.69166564941406,8401700
2021-02-01,198.10091295349827,198.5075869671774,192.08581753236345,192.12364196777344,5383800
2021-02-02,193.29637690343208,194.73393616684564,186.64761840842772,186.84622192382812,5314600
2021-02-03,187.08268886453132,189.71192729074846,186.21258253360256,186.27879333496094,3679000
2021-02-04,186.13691612238676,190.93197501042437,185.03036740160096,190.68606567382812,2924300
2021-02-05,190.68605254409795,191.91555584852418,189.957820379257,190.8279266357422,2732200
2021-02-08,191.40489446026973,195.23525055956637,190.96038150506465,194.61105346679688,2909300
2021-02-09,192.7005427002874,193.83546325569822,189.45656012320245,190.77117919921875,2661300
2021-02-10,193.3814799378887,194.40291267216816,190.70495067174187,193.30581665039062,3062700
2021-02-11,192.66953145725216,193.9136613034554,191.4823824449872,192.3941192626953,3544700
2021-02-12,191.5108635495194,197.7505254105245,191.036003967704,196.86727905273438,2611300
2021-02-16,195.6231850189783,197.05727049275438,193.3723548271139,195.41424560546875,2741900
2021-02-17,194.70190573382322,196.29744134317556,193.99912288070516,196.07901000976562,3329900
2021-02-18,194.9773252584479,195.0912869079633,190.84604156476198,191.0074920654297,3919400
2021-02-19,191.01702858635474,192.67903719725737,190.2572503230577,190.8175811767578,3434900
2021-02-22,189.16509685065483,191.472922451588,188.00645255339566,190.5896759033203,2263600
2021-02-23,190.23824444283215,194.03712111921342,188.69019755990615,192.29913330078125,3287700
2021-02-24,191.52985173873967,196.07901440431186,191.49186935051577,194.23655700683594,2848800
2021-02-25,193.3343322999435,195.21477213964363,191.60583650906588,193.57176208496094,2386700
2021-02-26,196.30695635768905,196.58238304182967,191.90025983552363,194.5879669189453,3887900
2021-03-01,195.4332381115223,197.76955398633567,194.48351880317915,196.0885467529297,2797400
2021-03-02,198.38683745823982,199.3935374629184,193.83768899608907,193.87567138671875,3445300
2021-03-03,193.14437227231443,194.037110561339,189.66841131614726,191.84326171875,3660300
2021-03-04,193.54329868255388,194.4455436523516,188.623759437982,190.4567108154297,4308400
2021-03-05,190.91254722186338,197.22817376053817,190.77958712078276,196.51588439941406,3875900
2021-03-08,196.59187091195568,200.28627795474483,195.94606882336504,196.620361328125,3300300
2021-03-09,197.86448217364733,201.49241624483852,195.69912369350956,195.74661254882812,4227300
2021-03-10,196.48744074678322,197.57961223047622,194.11314231130487,195.11984252929688,3400200
2021-03-11,196.12649954191843,196.82929694096273,193.9991378869768,194.89187622070312,4037300
2021-03-12,194.5879474380845,197.97845160924004,192.1091799868015,197.6175537109375,4541400
2021-03-15,183.30527451109592,183.466725015794,178.73712805252222,179.64886474609375,12388500
2021-03-16,181.90922662694592,181.985205909216,177.8159388012719,181.30140686035156,6194200
2021-03-17,180.19022208999263,180.2851998078476,177.17961392602365,177.341064453125,5134200
2021-03-18,176.66674762468858,177.68293950643272,174.5583701041182,174.68182373046875,4240000
2021-03-19,175.413115727868,176.45781253959245,174.63435359767988,175.0237274169922,6048600
2021-03-22,174.79579781440322,176.5622758651004,173.9885308078966,176.49578857421875,2666600
2021-03-23,176.03048681152913,177.27461683779083,174.0360703856533,174.44444274902344,3284700
2021-03-24,174.46342394270758,174.59638405851442,170.77852309396107,171.1109161376953,3931500
2021-03-25,171.89916939648066,174.40642742017008,171.15838960481545,173.8840789794922,2630500
2021-03-26,174.7958211863972,176.56229947329064,173.44722166502598,175.99246215820312,2868200
2021-03-29,175.37518154659048,178.23383162035796,174.28299558110461,176.970703125,3002600
2021-03-30,176.20137249197901,177.46450055531426,175.4226104140839,176.17288208007812,2523600
2021-03-31,176.23936490089275,178.49019433337523,175.94493983277695,177.426513671875,3621300
2021-04-01,177.42652221321487,178.61367104134666,175.37512556022807,175.92596435546875,2340400
2021-04-05,176.2583673778613,176.55277798536721,173.893576052047,175.59356689453125,2864800
2021-04-06,175.40365722511498,176.29639567247898,173.31427769452455,173.6086883544922,2488400
2021-04-07,173.70364117265643,173.96956139742852,172.1081198240239,173.15281677246094,3406600
2021-04-08,173.7511237043466,174.7198413402013,173.2952625487064,173.42822265625,2393200
2021-04-09,173.3522584407305,175.83102633292341,173.2382967648119,175.21371459960938,2611200
2021-04-12,174.20698196359385,174.69134801925046,171.78520965156918,172.67794799804688,2876100
2021-04-13,172.07010724797314,174.4064227143466,172.07010724797314,173.35223388671875,3089100
2021-04-14,173.40924137455914,175.1947182738833,172.89639933516088,173.7986297607422,2002100
2021-04-15,174.54884080954898,178.28124384785593,174.18795745998767,176.57174682617188,2586600
2021-04-16,177.95837435521963,180.73155246240725,177.48351479251838,179.73434448242188,3731800
2021-04-19,179.7248544704418,181.28239327344522,178.61368482057634,180.104736328125,2966400
2021-04-20,180.83599903890888,183.77062728344484,180.60806126097486,181.02593994140625,2460900
2021-04-21,181.92825216295415,183.30534244170417,180.25675117879317,181.3489227294922,2219800
2021-04-22,180.4466579092123,181.65280541708594,177.3600703397126,177.64498901367188,2982600
2021-04-23,177.62600533697955,179.62042172892384,177.62600533697955,179.2310333251953,2482800
2021-04-26,179.08856906734033,179.16453385609393,176.70476443345729,177.8064422607422,2797500
2021-04-27,174.7482999987857,176.52426993212563,171.6996955627369,173.04830932617188,6838700
2021-04-28,172.32654322772524,172.8488916778118,169.60085380395276,171.4718017578125,4682800
2021-04-29,171.9561391572935,173.44720511090904,170.94943922274308,173.038818359375,2432500
2021-04-30,172.69692335005087,174.7008312966686,172.07961171135847,173.58016967773438,3103900
2021-05-03,173.78907723685495,176.9801335134781,173.72258995388555,176.57174682617188,3197000
2021-05-04,178.10082676458364,180.52261343725766,177.38853741918328,178.7371368408203,3703500
2021-05-05,179.16452109939394,183.83715231117287,178.70865994150023,183.1153564453125,4274400
2021-05-06,181.9187429798841,184.34053020191456,179.80087290344872,184.14108276367188,3101600
2021-05-07,185.0243086227294,186.40139861742946,184.1505541725158,185.59413146972656,2526700
2021-05-10,186.306407923314,186.72428667695138,183.77065947726658,184.96730041503906,2242000
2021-05-11,183.6661907897626,185.9075286238429,183.30529286573366,184.9578094482422,1850200
2021-05-12,184.95778520094885,185.8125265503102,183.03934866009735,183.4857177734375,2397400
2021-05-13,183.39035397040044,187.07247037226432,182.91339596267508,185.95639038085938,2174300
2021-05-14,186.690903945678,188.17901055431307,185.9373021659187,187.16786193847656,1823700
2021-05-17,187.42544351739997,190.4112057635793,186.0995006338555,186.51922607421875,2466000
2021-05-18,186.01358873413284,187.30138093991707,184.65902998848455,185.66064453125,2369400
2021-05-19,184.687644662709,188.29344534023315,184.2106867471042,187.45399475097656,3070500
2021-05-20,188.07410806862657,191.81345755919835,187.12972585797814,190.3348846435547,3494400
2021-05-21,190.78315114598175,192.61466765031125,190.27757695989283,190.66868591308594,2579000
2021-05-24,191.73712793039223,194.23638334810954,190.82136210894552,191.75621032714844,2074900
2021-05-25,192.1473003433347,192.54795788779987,189.9628390231031,190.03915405273438,2919100
2021-05-26,190.0486984642952,193.11077551651982,189.11386477201287,191.72760009765625,2891300
2021-05-27,191.40324060391208,192.09960976767965,186.49057899981548,190.0200653076172,9340300
2021-05-28,189.9437489507379,192.95812699913967,189.38094200500552,190.53518676757812,2386000
2021-06-01,191.08849622890602,191.63222088277487,187.61622735915034,189.2760467529297,3070200
2021-06-02,189.83885878059635,191.6608422261019,189.11388770457182,189.95333862304688,2030300
2021-06-03,189.81974454281146,194.25544799117696,189.45725181559274,193.3587646484375,3066600
2021-06-04,193.44460304509263,195.02810696590524,192.01372916485033,192.71009826660156,2817700
2021-06-07,192.6814876081682,222.57720993005148,192.5288575631186,212.265380859375,17231400
2021-06-08,211.4927002126941,212.0268907868361,207.3526941518906,210.52923583984375,4618500
2021-06-09,211.14931827200888,216.2813765963795,210.10953874094412,215.58502197265625,4934900
2021-06-10,216.5103362273159,224.98111576883076,215.82351547770094,222.77755737304688,5598200
2021-06-11,216.56756180827352,219.0095845915214,211.34963979873518,213.76304626464844,5636000
2021-06-14,213.89658705030828,216.2146105690766,212.74235680666268,215.680419921875,2720700
2021-06-15,215.68041967319664,216.2146103197823,212.59926042386277,213.2193145751953,2188900
2021-06-16,213.22882271023514,214.0205746641099,210.0522809756298,210.5864715576172,2548800
2021-06-17,210.1190662914748,212.81865012409165,210.1190662914748,211.96966552734375,1890700
2021-06-18,210.27174615703484,210.8631841134105,208.2589968988548,208.4783935546875,4016600
2021-06-21,209.00300517103426,213.45779122426538,208.03000675801317,212.40847778320312,3671300
2021-06-22,212.37031552323018,213.30514909150162,210.3480037836439,211.2351531982422,1658800
2021-06-23,211.95061362225573,211.99831233680905,206.99978689706523,207.09518432617188,2419600
2021-06-24,224.0939744761559,228.33889832389573,219.80135191101573,222.2338409423828,12290500
2021-06-25,222.376885144747,222.72984394967293,218.81878267019783,219.61053466796875,6992200
2021-06-28,218.44675102526466,219.28620171319812,216.42445388317282,217.70269775390625,2507500
2021-06-29,217.7312862959214,220.73611531193825,217.349725789494,218.79966735839844,1621200
2021-06-30,219.4865193270609,220.21150477087238,218.5039870545713,218.9427947998047,1786700
2021-07-01,218.93326852970688,220.8315667190587,218.12244861636853,220.47862243652344,1977300
2021-07-02,221.279909201485,223.41668641202858,220.66940350641593,223.17820739746094,1994000
2021-07-06,222.8634194648856,224.7235529184175,222.48184429774807,224.5709228515625,3125400
2021-07-07,223.86502107338222,225.68700429910643,222.70125683443223,224.95249938964844,3141500
2021-07-08,223.05418856233712,226.33566205680648,221.40391789475467,226.19256591796875,2431500
2021-07-09,226.24028147044555,227.48037532132383,222.02397402194308,224.16075134277344,4030100
2021-07-12,224.33241160728025,227.03199548514138,224.31332921276328,225.13369750976562,2928600
2021-07-13,225.1051073489319,225.74422936128315,223.24497394647622,224.45645141601562,1974000
2021-07-14,224.92383317676186,226.29747445979945,223.91268460885976,225.45803833007812,2103400
2021-07-15,224.17978889916304,225.11463703826,220.05887944037016,220.8029327392578,3611200
2021-07-16,221.78546468774587,222.30057291094255,220.5549194816855,221.747314453125,2229100
2021-07-19,221.19403918681505,223.50251408133747,219.9444115983705,223.34988403320312,2305600
2021-07-20,224.17024866008396,226.7935175273828,223.15910008013057,224.1893310546875,2297800
2021-07-21,225.48663817168597,226.4310055680852,222.825204741322,226.3546905517578,1651500
2021-07-22,226.34522100611284,228.6536963230476,225.47715382355986,227.4994659423828,1703500
2021-07-23,228.25303869014724,233.28018051243038,227.5662179474002,232.8986053466797,2448100
2021-07-26,231.39141693427044,233.97652120823847,231.39141693427044,232.00192260742188,2678800
2021-07-27,232.4788721348277,232.81273399768946,231.47725743503665,232.3548583984375,2116500
2021-07-28,232.15456054470158,236.95275744479918,231.45820585543623,235.1498565673828,1688000
2021-07-29,236.09421168635524,236.8001147714144,231.07661873053306,234.0242156982422,1924100
2021-07-30,233.61401044394154,234.6156251030387,231.44863171644462,232.27853393554688,1905100
2021-08-02,234.40578565770412,236.46624780820878,232.99399398670073,235.23570251464844,1958900
2021-08-03,233.47095613040122,247.41720429641373,232.27856105312645,244.19297790527344,5406200
2021-08-04,244.2024910538395,258.17735434854666,243.64921803837333,250.37432861328125,3892400
2021-08-05,251.14705423063282,253.2742978219234,249.28690600904224,252.01512145996094,2262400
2021-08-06,251.3664332112764,252.09138962969115,248.72406706315476,251.29965209960938,2155200
2021-08-09,252.38708595020452,260.45723638151924,252.3107854780834,254.84820556640625,3238500
2021-08-10,254.45703899318386,258.5874815875942,253.9133000018994,257.0326232910156,2060200
2021-08-11,257.16625058553524,258.4540432062731,250.55561867328052,251.92926025390625,2813300
2021-08-12,251.88136158133756,253.1637327304559,250.24487737605622,252.13973999023438,2100900
2021-08-13,251.83351738060665,254.26429564730157,251.70910321501788,252.84793090820312,1482300
2021-08-16,253.48908489695737,258.6377276383702,252.9053021969023,258.33148193359375,2623200
2021-08-17,259.49908946782523,264.006533329336,255.6902341312135,260.982421875,2096100
2021-08-18,260.3125316317836,262.94427103947754,256.50367644786564,256.97259521484375,2527400
2021-08-19,254.70452530274628,260.1594151645,254.01548689079007,258.7717590332031,1901000
2021-08-20,257.79565408578304,261.1355616472781,257.4894082770226,259.2598571777344,1536800
2021-08-23,260.59002771661,261.1738105273819,256.18786899765126,256.3027038574219,2438800
2021-08-24,254.75238283075728,255.93904869254627,250.5224470635735,251.46986389160156,3736000
2021-08-25,251.47943026132424,253.14459410497125,250.05351543913008,252.52255249023438,2388500
2021-08-26,252.64698758626423,254.16860798414777,249.37404785133367,250.08224487304688,1732900
2021-08-27,251.2305957514477,251.81437853613332,247.46002892971475,248.57972717285156,1839700
2021-08-30,249.80470915620583,252.71398569127058,248.4457617441384,251.0296630859375,1300700
2021-08-31,251.53683058829117,252.30244492800855,246.77097989110308,247.18251037597656,2733400
2021-09-01,247.4217695563105,247.64185995880473,243.5459325923759,246.33078002929688,2956800
2021-09-02,246.34032547523367,248.56056303874024,245.4407469659715,248.40744018554688,1469700
2021-09-03,249.61328493309676,249.76640781680086,245.73746233222496,248.36920166015625,1124500
2021-09-07,247.8619707204921,249.60371049696542,243.4693624660156,243.84259033203125,2403700
2021-09-08,243.65120492297436,244.7134711432958,242.7707556895142,243.88087463378906,1542400
2021-09-09,242.39753351664305,243.09615117709714,229.363251427238,229.67906188964844,4976600
2021-09-10,231.78446345382307,233.4017892756756,228.31057737641316,229.20057678222656,4633500
2021-09-13,229.71734575053094,230.7796120441626,225.0376352359054,227.726806640625,2832800
2021-09-14,228.45408474335105,229.47806286307463,222.0039264900324,223.06619262695312,3826000
2021-09-15,223.53515210390805,229.08573243704615,223.03751004025523,223.67869567871094,2802500
2021-09-16,224.01364640704344,224.59741460580653,219.85070757622123,221.1043701171875,2958700
2021-09-17,219.83156034742203,220.90339120805803,218.41519573575275,220.2047882080078,4480000
2021-09-20,218.28123456983556,222.7216958414266,217.5156347776437,221.67857360839844,2803400
2021-09-21,222.08051158718746,223.66912861035522,219.86028823896152,220.27178955078125,2172800
2021-09-22,220.10911404183528,221.09481890607532,217.79318511596827,218.4822235107422,2529600
2021-09-23,219.43918916529108,224.1284637978636,219.16165214347822,222.19532775878906,1912300
2021-09-24,222.76001012756873,225.2673355050934,221.39149796474504,221.7168731689453,1642500
2021-09-27,220.0803774786678,221.12349964338492,215.9078742171989,216.6638946533203,2785900
2021-09-28,216.65436353066787,216.66392823548335,210.730554869456,212.0703582763672,3583300
2021-09-29,215.7164707670829,221.48715544951432,214.90301833018162,220.45359802246094,3971000
2021-09-30,222.76950568794467,226.96115242637444,220.87465788400462,221.11390686035156,3786100
2021-10-01,221.06610387461197,221.71685422741817,215.75477248437687,219.71673583984375,2215700
2021-10-04,218.0036770821008,220.29089678441554,214.57762987983955,215.1805419921875,4784700
2021-10-05,216.70218167717928,222.5589926622056,216.44378866236917,220.99908447265625,2802000
2021-10-06,220.64499516900474,220.9225321861406,216.32894847092064,218.05154418945312,2462700
2021-10-07,219.2668969382736,224.04231175805572,219.15206210257978,223.1522979736328,2001800
2021-10-08,223.38205758020393,225.6692779788978,221.59247930833735,223.87969970703125,2563000
2021-10-11,226.52100478253294,227.75553809702916,223.5543252302824,223.62130737304688,1892300
2021-10-12,224.60694646222612,224.96104489336398,222.00391631097142,222.76951599121094,1719200
2021-10-13,224.00406461640367,227.68849051877967,222.78867558658493,226.2721405029297,2105700
2021-10-14,226.8176447387182,228.18615678122433,224.0423618367211,226.51141357421875,1824700
2021-10-15,227.20996771599877,229.0091247037172,225.6787830180799,227.6501922607422,2598300
2021-10-18,227.7172066160891,232.22466442563115,226.52096155653555,228.70291137695312,2546000
2021-10-19,228.7794723244598,232.11939378053629,228.7794723244598,231.88970947265625,1573200
2021-10-20,233.24866992927005,235.3253498436342,232.5883402426201,233.23910522460938,1537500
2021-10-21,234.41618048788598,234.41618048788598,229.5163653646332,230.79873657226562,1717700
2021-10-22,230.59777914149066,233.54531418282826,229.25797588373607,233.26779174804688,1960700
2021-10-25,234.13862824969056,235.6793922844589,230.17666567494314,234.51185607910156,2763100
2021-10-26,233.98552168548815,238.21544224749047,226.89417783039596,237.75608825683594,4533000
2021-10-27,237.9188010665153,243.517234094001,237.64127862258837,239.41171264648438,3181300
2021-10-28,239.40213630685815,245.7087367963446,239.3255748702473,242.4549560546875,3386500
2021-10-29,242.86645399927536,245.44077568473605,240.94289721473223,243.80430603027344,3152000
2021-11-01,244.13929534785026,245.45039004037477,237.382904673283,238.58871459960938,2735800
2021-11-02,240.4452745191833,248.14908158289055,238.67482586078737,245.80445861816406,3987800
2021-11-03,246.6848526378441,255.31697539725062,246.6753025372164,254.8097686767578,4382900
2021-11-04,254.063309326682,259.45117228985436,253.86231913835815,259.3459167480469,4133400
2021-11-05,257.42240956279466,257.9009076833725,247.44094577679095,253.60400390625,3745700
2021-11-08,252.63738538754913,255.43182678672642,248.0055278727835,249.32618713378906,2386100
2021-11-09,249.32623639639053,250.88614498520397,247.2782795707078,250.7521514892578,1963800
2021-11-10,250.7329484109353,254.56093235614043,250.35015585745475,253.26898193359375,2215100
2021-11-11,251.03919478594895,252.95318676350843,250.68511094293243,251.3358612060547,1739400
2021-11-12,251.335841988212,252.04630905783904,248.5995417092035,249.2908172607422,1964000
2021-11-15,249.04122716700593,249.25242178034247,246.90018610425042,248.1195068359375,1903200
2021-11-16,246.7081782014117,249.96294301229207,245.77689131822933,247.4378662109375,2565700
2021-11-17,246.56413401657488,253.9953244202896,245.85366692785584,250.75978088378906,2873600
2021-11-18,251.54709076367052,253.27526516340873,249.45407238398013,250.90380859375,1689200
2021-11-19,255.80032353176182,259.99597040162865,249.9148854227615,250.2989501953125,2786800
2021-11-22,251.758283817689,253.45765607908695,248.79156819184502,250.04930114746094,1995400
2021-11-23,249.11800389745062,252.2767519517945,248.90677999989515,251.50865173339844,1986200
2021-11-24,252.2863423830051,254.3697795086071,249.67486014401624,251.5470733642578,2518500
2021-11-26,251.35504218183627,255.27228020910187,248.69556648344428,249.9821014404297,1495500
2021-11-29,249.64610236606808,251.85435800355458,244.3463415761611,244.66317749023438,4041700
2021-11-30,243.16539434259232,243.86626572870594,236.64628399567852,238.14404296875,8265900
2021-12-01,239.48821200722026,245.11441892992096,238.00004869805574,239.19058227539062,3241400
2021-12-02,236.68470671936566,240.00665645408813,235.34055309865548,237.99044799804688,3817700
2021-12-03,242.0708762799959,243.36700708721506,233.381937531536,235.78219604492188,4169700
2021-12-06,236.1086276474369,237.0879372227396,231.8937742846335,236.5022735595703,3491200
2021-12-07,234.49564739100202,235.64776848057167,231.81695084148777,235.3309326171875,4035800
2021-12-08,236.77110967734578,238.27846445856468,229.9159717088993,234.57247924804688,3636200
2021-12-09,234.73571267940005,236.09905790702385,233.0651272962468,233.20913696289062,2291100
2021-12-10,231.57693661090454,234.83168654332712,231.57693661090454,234.39964294433594,2380800
2021-12-13,235.71497044749486,240.69790922583627,235.66697699954568,238.61448669433594,3016700
2021-12-14,237.85603395548685,240.03545823877815,236.55988843809772,239.43060302734375,3424000
2021-12-15,251.61428453599078,264.5468774505747,246.94816715677257,264.2972412109375,10016700
2021-12-16,264.6717133566998,272.5733454728358,261.1961144867496,267.9072570800781,5546400
2021-12-17,265.6318421823376,265.6318421823376,254.74424295647444,256.7508850097656,7582900
2021-12-20,258.4886581003449,259.2375376069114,249.96293491787515,252.9680633544922,3479400
2021-12-21,253.46729913908356,255.33951250046408,250.1741514890945,254.31219482421875,2702500
2021-12-22,254.17774720868798,255.9251423081729,252.36316714386015,255.86753845214844,2721000
2021-12-23,258.3158176557761,264.2876621978476,256.04037720116594,262.2042541503906,2632200
2021-12-27,264.06691511635546,269.1170403725177,263.75967491749077,267.3024597167969,1677100
2021-12-28,268.19533318420224,268.2529370555713,264.8829933803344,265.40142822265625,1033900
2021-12-29,264.81576715609555,268.2145126137621,264.7389424643767,267.3120422363281,1112300
2021-12-30,268.0513240143563,269.4530670537241,265.34382485472696,266.188720703125,1181500
2021-12-31,266.3998666867292,267.60960623374234,264.9981240576685,265.1997375488281,1315700
2022-01-03,263.46195536173104,263.46195536173104,256.40519010496115,260.8888854980469,2621300
2022-01-04,258.26785125640095,259.11274705632337,253.0640771978069,256.16522216796875,2340500
2022-01-05,257.4613633718239,258.04701245485427,250.03017150497968,250.2509765625,3004200
2022-01-06,249.72289515684722,250.87500163356208,245.2680160568142,248.9835968017578,2863200
2022-01-07,249.3772660428389,250.82703165925307,246.4681536993281,249.1468505859375,2245100
2022-01-10,247.88908563220437,249.78049039875899,245.68084500297664,249.7324676513672,2576700
2022-01-11,251.15340789646788,251.94069960051144,246.80414130709238,251.8542938232422,2294000
2022-01-12,242.81012436736833,247.16900165493604,240.957131987201,245.7096405029297,6562800
2022-01-13,243.93347865620268,245.30641949062033,238.6337037691173,239.70901489257812,3726500
2022-01-14,240.16985433068012,240.54429406238637,233.20910483484772,234.38043212890625,2894300
2022-01-18,233.06511458141622,238.60491563969168,232.4314427827193,237.2127685546875,3241200
2022-01-19,236.50226181409158,240.41948527074493,234.9660905820655,235.27333068847656,2487600
2022-01-20,235.78218191275232,238.05762215905324,232.82506184350117,233.429931640625,2655400
2022-01-21,237.03031848444613,237.99042182937663,232.46021718656772,233.3627166748047,2788600
2022-01-24,232.87310434459246,234.03482136305956,223.3968729397364,230.8280792236328,3712800
2022-01-25,227.36207411995022,231.89376314681334,225.73949709910113,229.90635681152344,2525100
2022-01-26,230.06956521550728,232.75784281435006,226.49797966274284,228.37017822265625,2913200
2022-01-27,230.40561238671836,233.5643608117783,226.35397482175765,227.2756805419922,2178500
2022-01-28,228.01499217983636,235.43658835060964,225.67233722709125,235.32138061523438,3081100
2022-01-31,233.56434753600206,235.69577815850462,232.26820214528593,235.59976196289062,3237100
2022-02-01,237.19354288734377,238.91212149101798,233.55474287423473,238.3744659423828,2449400
2022-02-02,235.56137609414395,241.83085015193248,234.29403256851904,240.82273864746094,2586700
2022-02-03,237.62558816863864,238.2208475802886,231.48093235478896,235.04290771484375,3473600
2022-02-04,233.03630692142244,234.36125434976287,231.596151768884,232.60426330566406,3569300
2022-02-07,232.73865841758322,234.2940211687954,230.71283974717053,233.8331756591797,3948300
2022-02-08,232.24903657801065,233.19954434070485,227.99578499902086,230.33843994140625,2615000
2022-02-09,231.6345140691302,234.70685631180552,231.44249634146638,233.5643310546875,1759900
2022-02-10,230.32879946607792,234.35163505024832,228.61022082857613,230.0791778564453,2283100
2022-02-11,229.68552927823043,231.02968281067282,225.48028640319922,226.33477783203125,2054300
2022-02-14,225.6020794707946,228.37872515647214,223.5485173731645,226.26731872558594,2572000
2022-02-15,228.1569202410648,236.00478518679012,228.1569202410648,235.08888244628906,3409600
2022-02-16,233.87413021839652,238.15478691438682,233.87413021839652,236.76646423339844,2459000
2022-02-17,236.76646861323587,236.77610443077572,231.7820146671846,232.32191467285156,2059100
2022-02-18,229.47775393949652,233.7294731879961,229.47775393949652,231.68556213378906,2517900
2022-02-22,230.62508904955234,232.2158669377161,228.99573846803804,230.54795837402344,2936700
2022-02-23,231.91701548695588,233.9705629006111,229.47781466119687,229.7574005126953,2296300
2022-02-24,226.73971227559926,235.17568703620142,225.60206788353227,234.356201171875,3272300
2022-02-25,235.088905898721,243.8237522958784,234.98285306274613,241.8473358154297,2442200
2022-02-28,237.30638264506484,241.0856976192844,235.81200701244293,240.97964477539062,3188800
2022-03-01,238.67539803683758,241.35562635213137,236.63148672878742,240.5457763671875,2873200
2022-03-02,240.91217091713474,247.27531229457298,240.1215924763422,245.04820251464844,2452000
2022-03-03,245.68448120491394,250.26399511022464,245.26026988454728,249.35775756835938,3153700
2022-03-04,247.0149882835725,254.00479635032738,246.34976373529457,253.43597412109375,3497100
2022-03-07,250.53394521439006,254.16866360099175,248.60572263810195,252.25009155273438,3074800
2022-03-08,250.6015167236328,255.7787912170933,249.618133500957,250.6015167236328,3482600
2022-03-09,253.8504871683077,258.17936680416744,252.6646491292828,253.3588104248047,2965900
2022-03-10,253.40703324356394,258.12155204528057,253.40703324356394,256.472900390625,2797200
2022-03-11,255.5569902960605,261.96832458026734,255.5569902960605,256.7428283691406,2469600
2022-03-14,259.33629673719406,261.17775290459394,257.72624729573727,259.345947265625,2713800
2022-03-15,260.18477771369584,266.5575703201861,260.18477771369584,265.57415771484375,4396900
2022-03-16,267.8782906418183,268.61099511336045,263.21199617636574,266.5188903808594,3148600
2022-03-17,267.068540870991,275.62985585374764,266.5286407749927,275.26348876953125,3270100
2022-03-18,275.58159843201764,280.8938616493457,274.6367586700762,277.3170166015625,4557900
2022-03-21,277.4327354426699,284.7310371574023,277.4327354426699,279.2452697753906,3495700
2022-03-22,279.2741260756594,280.132169811101,273.2195084433725,274.7909851074219,3791600
2022-03-23,274.21257041743524,277.8376091828072,273.18096418409243,273.9908142089844,3149200
2022-03-24,276.0153930786061,278.4835153019657,274.44388717542705,277.3651428222656,2412400
2022-03-25,278.14616407374945,281.1831093741406,276.29505707238235,278.6474914550781,2399800
2022-03-28,280.8746062514867,281.95443590739586,277.9629999486851,281.1927795410156,2195000
2022-03-29,281.5494193828037,282.6195982163777,277.25911236512326,278.0400695800781,2798100
2022-03-30,280.15147688543254,281.8001285589264,277.65443189707275,279.48626708984375,2220100
2022-03-31,278.98492467263543,281.32770842716167,275.6587578343485,276.09259033203125,3227600
2022-04-01,275.88044874265074,282.61960688663754,273.80761528604535,282.1664733886719,3066200
2022-04-04,282.2436199970029,284.3935990692978,280.5082311989229,280.96136474609375,3014100
2022-04-05,281.2505952101432,285.21307917282974,278.7246279022,281.9929504394531,2324200
2022-04-06,285.463744304156,295.5579919595893,284.1911101795962,294.86383056640625,4672900
2022-04-07,294.0539149829706,302.7309157529599,294.0539149829706,297.3608093261719,4270800
2022-04-08,296.9463325741389,301.1691455176714,296.89813876960795,300.50390625,3024700
2022-04-11,301.8536106441891,302.4995781765514,296.9944813370988,297.871826171875,2178100
2022-04-12,295.57730071867815,298.4985574855622,293.2634389249079,297.0234680175781,2688100
2022-04-13,296.2521567224015,297.23553978128547,289.62871595754723,291.8076171875,2528700
2022-04-14,292.8488571527359,293.54301858362146,289.4166226951204,291.02667236328125,1898100
2022-04-18,290.26498397658435,291.21944470839804,286.1482100679723,288.0957336425781,1581400
2022-04-19,287.70051927270043,288.93458082879056,283.25594991131624,286.35076904296875,2021700
2022-04-20,286.3603650454444,288.26931626021536,281.80975793962676,282.40753173828125,2608600
2022-04-21,282.4074828940066,282.918460684314,276.3721369983319,279.21624755859375,2716800
2022-04-22,278.91734772107003,279.2258703546288,268.4085419275526,268.7267150878906,2772600
2022-04-25,268.7460987633105,275.6877138007558,266.8949916125418,274.9646301269531,2410200
2022-04-26,275.90937480416244,279.7947423075331,272.6410526779504,272.6795959472656,2166600
2022-04-27,272.939887592857,277.78936576952475,270.51995905694537,274.85845947265625,2352100
2022-04-28,285.36731800479265,289.7251202735137,278.2039775114062,286.60137939453125,5886900
2022-04-29,285.17443265394587,286.63987094493626,278.7630996751508,281.6457824707031,3910900
2022-05-02,280.77813908858525,282.33034412899514,274.0775539135746,279.1680603027344,2789900
2022-05-03,278.2714368153669,279.4090810372647,273.91363510343075,277.7315368652344,2109500
2022-05-04,278.14612989188043,286.3218048911449,273.9233173890664,284.3164367675781,2743600
2022-05-05,282.8895623436628,284.40319478656244,277.95328756783226,281.8772277832031,3120200
2022-05-06,279.7561789182877,287.54618499943314,278.1653717919856,286.24462890625,2931200
2022-05-09,282.97637156761584,284.345393400721,276.3625514764517,278.8499755859375,3460500
2022-05-10,281.5205144983592,282.8991866689579,274.77173504120674,275.4466247558594,3140800
2022-05-11,273.48945657192587,283.93076866741364,272.8434890759866,276.40106201171875,2625200
2022-05-12,273.1616729318497,281.5108812756491,273.1616729318497,281.32769775390625,2370000
2022-05-13,283.0786273146711,283.24306202085666,277.1583874621662,282.11126708984375,2337700
2022-05-16,282.57557920380833,299.33994831936855,282.08224556707785,289.6083068847656,5118300
2022-05-17,290.2080794631579,293.4970984594419,283.8138422826361,291.5623779296875,2553000
2022-05-18,290.2081158417027,292.72325874996335,284.43297315559295,285.55511474609375,2161400
2022-05-19,283.99760957097345,283.99760957097345,275.08822992302714,276.92620849609375,3157400
2022-05-20,281.2406215143774,289.4728361546049,279.48970203898017,289.0955810546875,3129100
2022-05-23,290.78845482976317,294.96745758810056,289.57925469284754,292.7231750488281,2873600
2022-05-24,293.79695034942876,297.6277178961567,290.0145685243226,295.9735107421875,2804900
2022-05-25,296.9795442472563,300.2879287068265,294.6965886311741,296.9892272949219,3195700
2022-05-26,295.2674031700034,303.66408372127256,293.7002546425688,303.228759765625,3284200
2022-05-27,302.4451052785346,313.5020232559714,301.1004901977729,312.921630859375,3694300
2022-05-31,306.29526247935667,308.0655186422028,298.9433191119471,303.2093811035156,6298900
2022-06-01,303.2093462268938,303.6543235982498,295.6155636848296,300.9263610839844,2731500
2022-06-02,300.4331040941877,300.52984603126794,288.43784193359954,292.55877685546875,3703300
2022-06-03,292.297592938143,295.82845214270645,290.88525516061634,291.8042297363281,2490000
2022-06-06,304.84419068893266,304.84419068893266,293.1971669086061,293.4583435058594,3734400
2022-06-07,294.0677803618178,301.96144213275556,293.1294399062637,301.9130859375,3652800
2022-06-08,302.23232156022783,305.2021242762187,300.66520285632066,303.2577209472656,2684500
2022-06-09,301.4294849287347,301.7390473196951,293.2165756470663,293.3520202636719,1963300
2022-06-10,289.4631839923571,291.81386203661873,287.18019872125353,287.3156433105469,2469800
2022-06-13,280.9505037814888,283.59140858223407,279.0931881478985,281.77276611328125,2898800
2022-06-14,279.7314960708727,282.46911180196645,277.9128546002172,281.2986145019531,2422600
2022-06-15,282.08223406775613,286.6675118688039,279.1124312334154,283.4268493652344,1970100
2022-06-16,280.7279318270544,280.7279318270544,273.86932227498426,278.6674499511719,2628600
2022-06-17,280.54415506220215,291.1657516950024,280.224909648221,281.40509033203125,6900000
2022-06-21,282.8367892130287,289.51156890616585,280.83434644864013,287.6348876953125,2821300
2022-06-22,287.26723304007135,299.54303447295894,286.75453339289936,296.6796569824219,4535700
2022-06-23,299.39797743951544,302.96753888605474,297.1633777725262,302.51287841796875,3729300
2022-06-24,309.1199378329943,315.18530513623887,308.59758458430065,314.9918212890625,5449900
2022-06-27,313.64725847212594,320.0511792976175,311.4900342531315,316.5880126953125,3218900
2022-06-28,315.862429218179,318.32921534221765,306.42101411915417,307.2529296875,2742900
2022-06-29,307.77534678313395,314.10189120955306,307.2819835989774,312.4573669433594,2562500
2022-06-30,311.61572409745463,316.3751194156684,309.5649253407049,313.6471862792969,2732900
2022-07-01,313.30864572173044,314.77902268914386,307.38840565416774,314.1115417480469,1817800
2022-07-05,311.9157276732898,316.74284720949106,308.52028280945274,316.5010070800781,2107700
2022-07-06,317.29417420670705,321.87945252123103,316.0849738476876,319.3739929199219,2252500
2022-07-07,316.56865507982025,319.7125760240813,315.5916117394952,317.2458190917969,2395000
2022-07-08,315.89143751178904,323.60129890114183,315.5141824136138,319.6835021972656,1898200
2022-07-11,319.81890911328776,321.82135160934297,318.67743127822257,320.263916015625,1342600
2022-07-12,319.22892069400024,321.15395837494304,312.8056336951728,313.02813720703125,2058200
2022-07-13,311.49964218164064,314.0824771740998,310.35813480190103,311.9349365234375,2564200
2022-07-14,307.1755739460715,317.0619966210741,305.21183387124523,316.22039794921875,2615700
2022-07-15,321.13443818263045,324.3847529827878,317.4584827031937,320.7765197753906,3340300
2022-07-18,319.34501291211154,321.13463556979076,309.2747875302429,311.2675476074219,2116300
2022-07-19,313.5118326931044,316.6944567177566,311.335271763948,315.552978515625,1628100
2022-07-20,316.41391482803965,317.12009855923804,309.8552123904679,311.5190734863281,2051000
2022-07-21,310.95798852088234,317.34254305363584,309.2747614794615,316.24945068359375,1692100
2022-07-22,316.2783864864775,318.47428321619395,315.19491841074347,318.0196228027344,1850800
2022-07-25,318.0196746571087,321.4247720287422,317.3521937386946,320.728271484375,1741700
2022-07-26,320.186543157472,321.71498880553696,317.88422115798784,320.7379455566406,1812300
2022-07-27,318.24219388795433,320.0704894564748,314.5758901797933,318.2034912109375,1643000
2022-07-28,319.461088156421,322.70175139166463,311.2385247793981,320.0028076171875,2350900
2022-07-29,320.254264341677,320.254264341677,316.1526665547522,318.9289855957031,3399900
2022-08-01,316.8200775609054,319.6447521799629,312.9022519158548,313.5697326660156,2464300
2022-08-02,316.51055596695807,318.2421388255764,308.9361097924267,309.74871826171875,3405700
2022-08-03,310.1647064951268,310.503288470348,300.0944832430907,303.5866394042969,5152200
2022-08-04,300.0750821145888,300.12343830572206,292.37487530258977,295.80902099609375,4696300
2022-08-05,292.60709610186706,295.35439526606757,290.5079116780073,291.4849548339844,2814300
2022-08-08,290.8368728738278,296.1283349790726,286.85135309846135,292.6264953613281,3218900
2022-08-09,295.131928843993,296.6893941644969,291.4656253085628,293.1294860839844,2122900
2022-08-10,294.5611460648042,297.10530781336666,292.7134847587322,294.66754150390625,2351000
2022-08-11,291.20446017737464,295.45118592249304,289.850161707021,291.33990478515625,2198800
2022-08-12,293.9894052448664,299.39516945992256,292.41714077987814,298.99725341796875,2305100
2022-08-15,300.09394717936834,305.3347399348505,298.24996838253327,304.68450927734375,2795800
2022-08-16,304.67489364835984,305.10192419710677,300.5016755612781,301.16162109375,2248000
2022-08-17,300.87041687996026,311.14820312095054,300.87041687996026,307.4796447753906,2747200
2022-08-18,307.41165220425233,309.55648921944675,304.93684254194073,307.3825378417969,2261600
2022-08-19,308.1492447720625,316.1463053041892,308.1395301122949,313.254150390625,3393100
2022-08-22,312.77863079096267,316.16573011799596,310.9443666389646,313.574462890625,2488000
2022-08-23,311.7693315392126,312.35164852183993,304.61661543603884,305.81036376953125,2962000
2022-08-24,307.1399391618779,311.4004992581679,305.92679124115415,309.46917724609375,1827000
2022-08-25,311.14818688182993,313.8365120311698,306.5187954274201,313.6133117675781,1977900
2022-08-26,314.05003623978746,315.0205546111646,305.9753162816407,306.25677490234375,1858000
2022-08-29,304.1021503030609,305.5870418719097,300.55005035804044,301.0061950683594,1697000
2022-08-30,300.99655819437936,302.77259364216985,296.9883128976166,297.9879455566406,1980300
2022-08-31,298.08497885284,299.71544234619626,292.23272558164564,292.3492126464844,3183500
2022-09-01,292.1259786691876,300.2880402984406,291.6407195684082,300.01629638671875,2939200
2022-09-02,300.96740780803566,301.0741802194931,290.922567363944,292.4462585449219,2525400
2022-09-06,294.01854333818034,303.6072396710249,293.31976894774334,297.7744445800781,2322200
2022-09-07,299.666899522947,303.18988539330445,295.8915990560468,302.4134826660156,2228100
2022-09-08,302.7531586302158,306.4217161723485,298.52168395668974,306.198486328125,2212500
2022-09-09,307.12053131067586,310.7308606116943,305.926783125917,308.33367919921875,2177000
2022-09-12,309.488634496178,311.00264086843407,305.5968461375873,305.92681884765625,2077400
2022-09-13,300.8704172769073,303.10259773948485,295.9983959758942,297.4444885253906,2272400
2022-09-14,298.1529092934658,302.6172992569395,296.88153272979315,300.4821472167969,2002900
2022-09-15,300.5791673192062,303.073406067813,296.7359237461902,300.34625244140625,2348100
2022-09-16,298.890557292439,302.7629162884994,297.69680898019357,299.783447265625,4380200
2022-09-19,297.44440182478615,297.48320122443096,288.8747103041591,296.0953674316406,2515300
2022-09-20,294.8628829072218,294.8628829072218,290.1267487697097,292.8345031738281,1816800
2022-09-21,292.1259895850328,295.55191777983697,287.58397134030423,287.7392578125,2241200
2022-09-22,291.9318317102859,303.39364806563503,291.11660006300565,301.7049560546875,5918300
2022-09-23,302.675534461376,305.88794763288604,296.1245360017563,302.2776184082031,4572600
2022-09-26,299.6960185453841,302.539659478052,295.8916036574942,298.4343566894531,3760000
2022-09-27,300.0357306158547,304.6942362901476,299.2302134477241,301.9282531738281,3019600
2022-09-28,323.6969651482951,331.62611263565026,318.4270579244746,324.52191162109375,9436300
2022-09-29,324.1239442228859,324.81300380890656,317.62146084130416,320.28070068359375,3743100
2022-09-30,317.50506596379614,319.7955046255318,312.9145332150377,313.8171081542969,4474100
2022-10-03,316.3792637046803,319.6402207234846,307.7028273886553,312.0701599121094,3340500
2022-10-04,312.6816485875042,320.3681682712738,312.2934471044172,320.16436767578125,2622500
2022-10-05,318.62112107448456,324.007514988107,317.8641180445209,321.99853515625,2186100
2022-10-06,318.27172774404966,329.25800042299227,317.23326620461387,323.134033203125,4299200
2022-10-07,323.15347858357376,323.2505363368614,315.32138881736194,317.0295104980469,2601600
2022-10-10,316.6121650541019,317.3691680701828,310.79874085912695,314.3411560058594,1956200
2022-10-11,310.5658281195257,319.32960639705897,310.0126256299001,317.9417724609375,2598900
2022-10-12,317.7283447451218,323.8134849527443,314.3315300648667,315.0011901855469,1764700
2022-10-13,309.71180449035114,323.5416906821168,309.692404786199,322.30914306640625,2657400
2022-10-14,321.7850276683606,325.40507139280527,318.5532149370844,321.62005615234375,2231400
2022-10-17,322.9788213980636,327.62758313390543,321.96947398540703,322.94970703125,2230000
2022-10-18,324.2889032949267,325.44379248273015,320.63003142806616,325.15264892578125,2087100
2022-10-19,325.366219755472,325.73502140262883,316.3598122322648,319.5819396972656,2419000
2022-10-20,321.38707288201766,321.66853143276836,316.2918526986284,319.368408203125,1761200
2022-10-21,319.3684349223516,332.33454400962006,317.1362252654916,330.7234802246094,3274700
2022-10-24,334.071780117445,341.39918077085696,334.071780117445,337.6432800292969,3375900
2022-10-25,336.3039982516085,341.94270733257315,332.93629848980805,340.9527893066406,2513100
2022-10-26,342.10766797460354,350.82293213607596,340.10840283757125,347.30963134765625,2373500
2022-10-27,348.40631951776896,350.4735280248671,344.8445343059143,345.8247375488281,2347600
2022-10-28,349.69718152307667,351.3276452546437,346.5138824966444,349.28955078125,2942100
2022-10-31,348.07636238008376,353.1910124827656,340.12781559016946,351.4149475097656,4258200
2022-11-01,335.6343047157066,348.40632811069133,330.704085164629,342.185302734375,7013000
2022-11-02,343.7187449567816,352.44369449535566,339.885186044635,344.4951477050781,3774400
2022-11-03,343.62174433162915,352.13318008666226,341.1469342443945,351.01708984375,2602500
2022-11-04,354.4332701239112,355.093215413291,342.92290849271285,346.8729248046875,3004600
2022-11-07,347.4454675207275,356.1801301120307,346.9602084878773,354.3070373535156,2560300
2022-11-08,354.38475810536914,357.8786299758255,351.25968793483156,355.8502502441406,3278600
2022-11-09,357.57774247578845,358.8976330647296,351.24025955754325,352.5601501464844,2323700
2022-11-10,356.4131400394608,358.1212617684321,352.29815182097786,357.8495178222656,2994000
2022-11-11,355.36497282433646,356.98572174707357,334.36294327291495,341.91357421875,6646300
2022-11-14,349.45609064956705,351.13975177184955,331.01345537356843,346.52667236328125,4717400
2022-11-15,347.383159938477,347.431809339948,337.08641610552337,340.580322265625,4180700
2022-11-16,340.62892516176225,347.3247213570197,340.5899878256079,343.48046875,3563800
2022-11-17,343.46102674505136,352.59959906444794,343.26636975806986,351.1105651855469,2929700
2022-11-18,352.84295539072133,354.90621876311445,349.7286510616102,351.9865417480469,2420900
2022-11-21,350.74076320389366,354.0205284897015,345.85515203232256,351.4998779296875,1999200
2022-11-22,352.3076898748414,353.08625852475546,347.7335173802482,351.2176818847656,2460400
2022-11-23,351.66529529382746,352.7650448505472,349.0278625298036,352.0351257324219,1993000
2022-11-25,353.1835863644424,356.03513042247056,351.8697257822636,355.4706726074219,1039100
2022-11-28,353.71882395650175,359.61656817884625,351.3344095736608,355.9766845703125,2481300
2022-11-29,354.8574888102605,356.3075853491302,350.98407020028935,354.2054443359375,2207000
2022-11-30,355.2954957971463,362.38057735356074,352.1130289077477,361.1445617675781,5556400
2022-12-01,364.75521923749574,365.1445035249085,358.6238803339179,360.41461181640625,2516100
2022-12-02,356.2784227276099,364.99854568738425,355.22735212378757,364.7260437011719,1925600
2022-12-05,363.7527542589849,365.20285067757385,358.41946809255865,359.4024353027344,2296500
2022-12-06,357.17380113923787,360.71635663837935,355.7334165351108,358.6725769042969,1971000
2022-12-07,359.4316698836514,365.19314854952876,358.8866659477032,362.0107116699219,1629100
2022-12-08,363.26618353864626,363.26618353864626,356.68716922156335,361.8355407714844,2090900
2022-12-09,363.01309316488744,363.98631861573165,351.1494725430579,351.32464599609375,2787200
2022-12-12,353.2126819130117,357.98148036026697,352.7942021255026,357.4170227050781,2639200
2022-12-13,351.94757961803725,362.76010181276325,348.7262052476606,349.0570983886719,5032600
2022-12-14,349.39771336745446,359.53870694173764,347.49991166933427,353.7674865722656,5095500
2022-12-15,351.0035012593669,354.22487518613815,347.1397949589137,350.37091064453125,3437100
2022-12-16,348.3466505521157,350.82839378543616,345.66056794846713,350.2347106933594,6612200
2022-12-19,348.22981813593964,350.0692286101869,345.11548461677967,348.20062255859375,2658400
2022-12-20,348.90140325357896,351.7724308648716,346.79923223895463,350.0108947753906,2276000
2022-12-21,352.92084029898183,360.7552953028064,351.53884673693835,358.15679931640625,2211200
2022-12-22,357.48518438503106,359.859856892037,352.5898614915894,355.52899169921875,1958100
2022-12-23,355.05216091846415,358.0496826171875,352.765074880216,358.0496826171875,1030300
2022-12-27,359.6068627498539,359.83071533223944,354.5752732799698,355.1105651855469,1372100
2022-12-28,356.36601292081536,358.15674436980765,354.1957092508667,355.4414367675781,996000
2022-12-29,358.2443375504872,361.01803635961375,356.64823336260145,357.1932373046875,1077900
2022-12-30,357.6506771889063,358.09838236296383,352.41471854853535,356.04486083984375,1388000
2023-01-03,356.4536364346764,359.1202652142242,351.78213548964465,355.2176208496094,2006700
2023-01-04,354.87698001393153,357.29056037782016,350.69209231442125,353.3782043457031,1886200
2023-01-05,351.2857355728338,351.81125592776823,343.50964408601,349.3100891113281,2008500
2023-01-06,350.3611574649507,356.8817797757417,348.00593883822364,353.2224426269531,2131300
2023-01-09,354.2540891401541,355.1981190822009,339.4513373029337,340.4634704589844,2980600
2023-01-10,339.65573239073024,343.75300382635567,334.1472719632575,343.3053283691406,2465200
2023-01-11,344.85267717581206,352.0740225550524,341.60210797452817,350.7601623535156,2602800
2023-01-12,349.6312542893038,350.84778614138907,343.6264399991977,349.5047302246094,2019700
2023-01-13,349.94270475479715,353.58255866840125,349.03761215603765,351.93780517578125,1690900
2023-01-17,351.9378018346829,352.3076322781022,347.0035414036659,348.16168212890625,2435200
2023-01-18,346.7797747849822,349.3880124293174,342.16666495378826,342.5851745605469,2302300
2023-01-19,342.9355537657793,346.27371096980124,341.03778136809444,341.6800842285156,2658300
2023-01-20,337.70923072283284,339.72381452990066,332.4343357222922,336.80413818359375,5391900
2023-01-23,337.32970246115855,337.32970246115855,331.1108064780899,333.0475158691406,3403100
2023-01-24,336.7360283786417,337.3491652055129,332.22024773027886,337.1156005859375,2242500
2023-01-25,336.29801476529195,340.4147687730792,335.86008116902605,340.3661193847656,2503300
2023-01-26,341.602195869512,342.75059498391886,337.446533124757,338.6922607421875,2576200
2023-01-27,336.84307438934553,338.77007163353653,332.3857145241084,332.9404602050781,2363600
2023-01-30,335.1106798591669,338.48777309393785,330.37107704130716,331.38323974609375,2647700
2023-01-31,331.5585136520789,335.1789143273074,330.29333216308913,334.93560791015625,2406700
2023-02-01,333.6119989954338,336.67765357822145,328.4830812710571,333.39788818359375,2990900
2023-02-02,325.0573047562571,326.32248597840817,308.51247187944165,321.8456726074219,13036600
2023-02-03,324.03546447737074,333.16429534923924,320.55130031454405,330.0013122558594,5670700
2023-02-06,332.82378862297907,334.22523623037836,325.66083088510544,328.61944580078125,3055700
2023-02-07,327.05248260933575,331.83102433123906,323.7824585335232,330.5852966308594,2464100
2023-02-08,329.4952953841749,333.68989583583675,328.7751178599102,331.6072082519531,2399400
2023-02-09,331.76289682485776,338.0499260322425,331.3833245757169,332.6387939453125,3072800
2023-02-10,334.0791348872499,339.10098245512415,333.5536144572482,335.8796081542969,1980000
2023-02-13,337.1934799733816,341.4172755778757,336.7360627463713,341.01824951171875,2291600
2023-02-14,342.258238811695,345.46074516800667,339.07524921366524,339.3486328125,2028900
2023-02-15,337.6790158173825,338.67490675334557,326.4507127571894,327.0951232910156,3600700
2023-02-16,323.17988149742126,325.07404995397224,318.0246265735551,318.3663635253906,3654200
2023-02-17,315.51533159586404,323.7559326147928,312.92794580360527,320.64129638671875,3695600
2023-02-21,319.4208591284116,323.8828970099926,318.62022501904215,319.7723693847656,2515600
2023-02-22,320.9439914627626,324.7421018353485,318.62021583486205,321.2955017089844,2379800
2023-02-23,320.26051760433126,324.9666187017904,317.9953222615701,319.7820739746094,2229500
2023-02-24,318.2980547464301,319.49900598650675,312.5276784605599,314.04107666015625,2594600
2023-02-27,314.97837790018485,315.759465477996,308.43665769883756,309.1396484375,3043500
2023-02-28,308.0363565866008,308.0363565866008,302.3245900602712,303.86724853515625,3966900
2023-03-01,302.67606423213135,309.4228149168955,301.89497663016516,306.74755859375,3580800
2023-03-02,304.42372972282163,308.8271572414592,303.19348865727613,307.606689453125,2885200
2023-03-03,308.8955620029163,312.59602929611157,307.79225417116976,310.9068908691406,3002800
2023-03-06,309.45208151051946,312.6741048702318,309.0224744230139,311.4243469238281,2673700
2023-03-07,311.463385390939,312.78149658623494,302.2854734108349,303.2911376953125,2620800
2023-03-08,303.1642547521504,305.6344808212305,302.0121400978308,305.15606689453125,2313200
2023-03-09,304.9314492002357,311.238818710072,304.9314492002357,309.36419677734375,3920300
2023-03-10,311.3169533731152,318.8155008907083,306.91349571891794,307.5774230957031,4597300
2023-03-13,309.7449561526864,323.9609627855134,309.7449561526864,316.82366943359375,5275600
2023-03-14,316.3940735244273,319.5477731756858,313.84575095591197,319.3427429199219,4214300
2023-03-15,318.29801521349475,323.5313670508437,316.8334537938008,321.68603515625,4743500
2023-03-16,319.8992665906659,323.86334357542506,317.360687636754,321.7445983886719,3498200
2023-03-17,323.6680886509799,327.0365919899613,320.3484219061832,321.40289306640625,8679800
2023-03-20,321.40291790008314,326.0504695798464,321.2369509381385,325.718505859375,3540900
2023-03-21,326.4898220060283,326.5386288032229,320.3288726558859,323.25799560546875,3240400
2023-03-22,323.9316611804544,327.67119109378683,322.83812683184397,323.15057373046875,2472200
2023-03-23,323.072442724032,327.41728962434206,322.4084856855549,324.7810974121094,2703400
2023-03-24,325.12289088879754,328.9698082779878,321.0025898687472,328.188720703125,2791900
2023-03-27,320.05543166110954,328.27651504293044,315.62271451228776,326.6947937011719,3102300
2023-03-28,327.8664616854485,330.8248744751827,326.8119906044822,329.6727600097656,2433200
2023-03-29,330.990901423869,331.7426989392723,326.6753137284371,327.9348449707031,2743800
2023-03-30,328.1301463250937,333.24633856145937,328.1301463250937,332.6409912109375,2146900
2023-03-31,333.919992976212,335.5310045268695,332.6409450944445,335.30645751953125,2933600
2023-04-03,335.13071428004764,343.2346390676334,334.2129200294466,342.4535217285156,3039600
2023-04-04,343.75207894554177,350.51834514209236,342.97096169123466,346.2418212890625,3585900
2023-04-05,349.62013315551496,356.23020693438946,349.47368295436473,353.6818542480469,3442700
2023-04-06,356.2301375116266,360.7702716419872,355.6443070246112,359.5888671875,3531700
2023-04-10,359.4814907696342,359.6474875148909,354.4629422481215,358.3293762207031,1868000
2023-04-11,359.07138321402186,360.0867909225122,354.9998897134863,355.43927001953125,2027000
2023-04-12,355.4197408541015,363.6408250824212,354.74604024338015,360.3309020996094,2672600
2023-04-13,363.8165178457771,366.6870601266714,361.5610960245849,366.2867431640625,2839900
2023-04-14,365.39832632751086,367.4194283783139,363.7092177758976,365.87677001953125,2287900
2023-04-17,366.1403951999666,367.0191261891302,362.39112112870873,363.5530090332031,2059700
2023-04-18,364.18761681485455,365.41785797760633,360.9265302023432,361.1706237792969,1925300
2023-04-19,361.7955040641945,362.5082680676265,358.67112401704486,361.7174072265625,2173000
2023-04-20,362.61565070146384,367.1753018093,361.02415589030926,365.954833984375,2766500
2023-04-21,369.0792306339874,377.14406147751987,369.06945735682467,376.1383972167969,3682500
2023-04-24,376.1384534061192,377.9056886351101,372.61375622676,374.2931213378906,2059700
2023-04-25,375.952924553752,381.2546598210072,374.9277434239591,375.7478942871094,2648600
2023-04-26,372.11576180595625,372.48678880078575,361.92241191219017,367.3803405761719,3161200
2023-04-27,382.01615908049405,389.11438841710316,371.773973995603,381.1276550292969,4981300
2023-04-28,388.59696258115844,394.75788189061586,383.23667733071034,386.50750732421875,5350100
2023-05-01,387.8744246097653,397.72603672190047,382.9925536049465,396.222412109375,4091100
2023-05-02,397.3843181480829,401.8170655682555,389.82719101845163,394.6504821777344,3884600
2023-05-03,405.22459644732953,423.9417035913711,404.5216058081971,421.0028076171875,10129800
2023-05-04,421.2566447906856,422.4771124951474,415.17382302488073,418.3177490234375,4070700
2023-05-05,417.9858546513066,421.080944576653,414.5294811964455,417.70269775390625,2753400
2023-05-08,416.13069403854695,424.72277504027153,413.00628469433303,422.49664306640625,2478600
2023-05-09,421.56910960358937,425.30863975949563,417.9369961120553,418.25921630859375,2601600
2023-05-10,415.9940277531513,428.03273943897176,415.9940277531513,425.62109375,2766300
2023-05-11,426.38261977835543,426.5290699472266,420.9344351237426,425.259765625,2595900
2023-05-12,430.8787492135696,436.1453108170375,425.2597929428763,425.2695617675781,3939200
2023-05-15,426.189782607076,426.8065032057819,421.5889047400882,425.3479309082031,2234800
2023-05-16,425.04445823607426,429.2342088377622,421.579094413353,427.4427795410156,2128800
2023-05-17,429.5474257966912,429.6942867872562,423.6054408730993,428.2454833984375,2274200
2023-05-18,427.3057406887643,430.2522513832958,424.4472987913399,428.6566467285156,2268100
2023-05-19,429.743237401893,438.0738049349258,429.743237401893,433.0519714355469,3442800
2023-05-22,434.9412665968045,445.3569256484324,423.2726287240501,424.8388671875,4398000
2023-05-23,423.79147048679687,426.69884631981427,412.62205793887773,414.28619384765625,4492100
2023-05-24,415.05956916435076,419.9149746275668,411.39844007152396,416.792236328125,3133000
2023-05-25,417.38933034073,419.17096088055723,410.9480598887648,418.2997131347656,2882200
2023-05-26,415.9405503010109,422.56781716339344,414.73650520715285,416.8117980957031,2338400
2023-05-30,414.8539355787031,419.6897726991258,413.160403754447,418.2311706542969,2595700
2023-05-31,417.9962987505103,421.48123037358533,415.06935530491563,420.4044189453125,3950900
2023-06-01,421.1972869577389,427.57982491668247,419.102426676833,427.2861328125,2914400
2023-06-02,430.68299981455806,435.32307253999556,427.57006043008306,433.0030212402344,2499000
2023-06-05,433.6589232418287,438.3576987223541,432.3961157552292,434.8923645019531,2113800
2023-06-06,438.3870271442262,439.4051060310435,430.74171147896294,433.7274169921875,1495300
2023-06-07,430.91795855446674,437.2711009108554,426.4932481159843,427.168701171875,2458300
2023-06-08,426.68903964553226,438.03464933515164,423.22367571635687,436.2628173828125,2040300
2023-06-09,439.8260353747795,439.8260353747795,433.2673296912315,436.6347961425781,2082000
2023-06-12,436.74248071884455,437.56476490448597,429.4299918502251,435.9201965332031,2566600
2023-06-13,434.31480190389703,437.96613212537125,432.92473083327735,436.3215637207031,1766300
2023-06-14,434.921720492073,439.31703490421233,434.1875349733904,438.2793884277344,2163300
2023-06-15,438.55350617014034,446.9525757999614,438.2500451964228,444.35845947265625,2287100
2023-06-16,446.1889721389779,447.3441133189823,438.06399820020516,438.2695617675781,4295700
2023-06-20,436.4585839532377,445.2884073982272,435.72439844944813,442.4201965332031,2506300
2023-06-21,444.9163382827051,445.73862231972424,440.71678956321523,443.4479675292969,2347500
2023-06-22,445.4058451885005,452.5127699923136,444.2507339026267,448.0293273925781,2912500
2023-06-23,447.363718733599,450.3102595698669,442.782408171053,449.1649169921875,4832100
2023-06-26,455.4494976683929,455.4494976683929,439.4540478816283,443.21307373046875,3214700
2023-06-27,452.74767757616974,458.11213648893073,442.1754194332128,454.70550537109375,4138700
2023-06-28,458.6309753029774,458.6505428269248,447.67692602682166,449.02783203125,2854700
2023-06-29,449.3802440660159,456.0074808792166,447.8629393642166,454.69573974609375,2112400
2023-06-30,454.85238065356737,459.9623128895297,454.21609253324067,459.0910949707031,3173200
2023-07-03,456.4284615224996,456.4284615224996,447.72590152611804,451.6905212402344,2113200
2023-07-05,452.3561527469981,457.39755373144715,450.30042742956806,455.8802490234375,2130200
2023-07-06,453.3546808593066,457.7402266624824,451.88630974931624,453.4427795410156,2191700
2023-07-07,452.58126152394334,453.834270152214,441.7251096872207,442.5473937988281,2914700
2023-07-10,443.40885003769574,445.0828143849639,440.227379731691,443.6046447753906,2011400
2023-07-11,440.511356075303,441.05954559515857,428.3825957318006,430.1250915527344,3570900
2023-07-12,429.2244784422254,434.93153465779153,425.8374439276956,431.3095703125,3107800
2023-07-13,430.94732887110354,432.91492573277924,425.18151096589344,425.533935546875,2865100
2023-07-14,431.79895953949546,440.95181116343883,431.5737985709966,439.982666015625,2955000
2023-07-17,439.97286710259453,441.11817964339247,433.9133876331334,437.7115783691406,2347900
2023-07-18,437.52558994727127,443.7612668585356,435.65586076896943,441.68597412109375,2237000
2023-07-19,441.8817884420997,445.40588493508454,439.1016761737688,443.9962463378906,2212800
2023-07-20,445.5526891775981,455.41036006304296,445.4058580563523,454.0398864746094,2624200
2023-07-21,455.59639039393096,457.19202507107684,452.22892368088446,452.2974548339844,2226700
2023-07-24,452.25824785838125,455.8215089992496,448.019563571751,449.634765625,2190700
2023-07-25,448.1076352015947,451.201006702048,446.97209149580186,447.89227294921875,1737800
2023-07-26,445.40587659336927,445.40587659336927,437.1438399211391,444.0256042480469,1959800
2023-07-27,443.7612571248406,449.0082212988241,442.7138120801561,445.3960266113281,1883500
2023-07-28,445.53310184136484,449.879482081473,442.25373420030786,448.8124694824219,1437600
2023-07-31,449.341078661467,449.341078661467,441.2944046526815,444.96533203125,2110200
2023-08-01,445.748518642788,447.72591426911913,441.93075982260115,443.5361633300781,1738200
2023-08-02,445.6310666623117,451.9059094897124,441.8035090308978,444.8968811035156,2366600
2023-08-03,441.2748311876682,444.52483268619017,438.8079787771484,439.6889953613281,2414100
2023-08-04,439.76729543711326,442.92919826537354,437.4668715429007,440.01202392578125,1870400
2023-08-07,443.6927330989449,445.40583245453934,441.0790197946706,444.5052185058594,2446400
2023-08-08,495.3305562882011,526.6558088597869,492.10992039344006,510.6015930175781,15094500
2023-08-09,509.39736854287816,521.3009937915424,505.99076764352645,515.1337890625,5376600
2023-08-10,512.4320164445621,517.5909116749291,509.0254152857717,510.34698486328125,4108500
2023-08-11,512.676781100739,520.59622118188,509.03524991508135,517.1406860351562,2524300
2023-08-14,521.1922934217081,532.0030092876751,519.2008095213029,527.78466796875,3981100
2023-08-15,527.5198126640828,536.8982894170106,523.6448613355305,536.2410278320312,2826800
2023-08-16,537.0061718928168,542.3722805823354,532.1991875387448,535.8681640625,2597100
2023-08-17,532.8957776661447,538.3796035575098,527.1862782025684,527.4511108398438,2549900
2023-08-18,524.8711204481482,537.3692094948557,523.7625715883148,536.0546264648438,2958600
2023-08-21,536.6040609349633,542.9904624035968,535.3876149173675,539.60595703125,2305400
2023-08-22,539.0956912844892,545.5408890854828,536.8884137187081,543.147216796875,1936600
2023-08-23,546.1490919476747,546.8162329453922,537.8007282886581,542.8529052734375,2121300
2023-08-24,542.2055577877026,546.4042596646796,536.9080669521185,537.5947875976562,1776700
2023-08-25,539.1938233947034,545.5409445665424,536.6922538743243,543.1375122070312,1847600
2023-08-28,539.6843285016611,545.6684798817961,539.6745087979695,543.40234375,1373700
2023-08-29,542.9414059139168,545.7863063734244,539.4195445259226,543.3828735351562,1701200
2023-08-30,544.4716869593994,547.1596512824077,536.6529872074897,537.5849609375,2191100
2023-08-31,536.6334014143658,546.8260743494632,532.6897125587816,543.6770629882812,3043400
2023-09-01,545.7568210822033,548.591961265276,543.000178655836,546.5317993164062,2030800
2023-09-05,548.6115399243204,551.2602853536557,546.1394294163528,547.59130859375,2257200
2023-09-06,550.3675614814292,550.9267456997018,542.2055316373536,549.31787109375,2424300
2023-09-07,553.4773127604747,565.3671766345295,551.937116317676,562.3456420898438,3707100
2023-09-08,561.4627550754842,576.3937327072292,560.3737859773444,575.324462890625,4308300
2023-09-11,576.0014215198922,586.8023171273475,573.3820754514741,584.251708984375,3876500
2023-09-12,579.7488653304578,589.7159847771267,576.6881114534478,587.9207153320312,3212100
2023-09-13,583.3688850480922,589.3432777044552,580.4651262785817,587.5087890625,3126600
2023-09-14,587.8618999172095,590.4125682518323,578.8071740261089,580.3767700195312,3244800
2023-09-15,580.7593216557974,582.780204738131,564.1409697525564,564.7295532226562,5941200
2023-09-18,567.0252367238285,567.0252367238285,553.6932502276255,560.432861328125,2723600
2023-09-19,560.7662392921311,567.4272911723914,559.7950467071821,564.0428466796875,2185100
2023-09-20,562.5321707219929,564.3274403615051,558.3825070093309,558.823974609375,1869900
2023-09-21,556.4205202391767,557.2151380233498,532.1993175663157,539.6844482421875,4049900
2023-09-22,538.3893547080786,544.9425096472515,537.2317673862364,540.0864868164062,2353800
2023-09-25,539.6548642718031,542.1662534670991,535.3874845433922,541.8032836914062,1686500
2023-09-26,540.2434902433547,543.6083552762187,537.5947450352688,539.5665893554688,1864300
2023-09-27,539.4489475407125,541.2147579657735,533.3470189995462,539.3214111328125,2004200
2023-09-28,540.8517944350635,541.2049445489291,531.1201676367492,534.1122436523438,2178800
2023-09-29,535.1324009703964,535.7210442882656,522.0947687902703,526.93115234375,2967700
2023-10-02,525.8324148784161,530.3745066380321,516.8070897024004,528.069091796875,2810100
2023-10-03,525.822636966509,527.1372199044727,506.7615735616223,515.2178955078125,3266100
2023-10-04,515.5808990982821,525.9894267875842,513.68755226128,521.368896484375,2220400
2023-10-05,523.4093670604586,532.1992602693897,521.5160201952492,531.1986083984375,2950700
2023-10-06,533.670738844848,555.6061614608926,532.4052544203146,554.48779296875,4745200
2023-10-09,553.31065976052,568.7811853406607,552.8790118886004,560.9036865234375,4208100
2023-10-10,559.1770794976302,574.8242395746114,558.9121869837851,568.310302734375,3526700
2023-10-11,584.8795617099033,597.230473384105,573.9020313686431,593.7871704101562,5850600
2023-10-12,593.963800024525,601.3606120991375,590.7656899623628,598.9080810546875,4063500
2023-10-13,606.157751407767,618.0083377995544,591.118814917574,597.6327514648438,3963800
2023-10-16,599.3887743806519,610.1700913945533,596.8773849576036,604.9315185546875,2941500
2023-10-17,607.2467304888121,608.6201719234549,591.089483540962,596.7597045898438,2911700
2023-10-18,595.7098999023438,604.1858605507671,591.7858506995077,595.7098999023438,2049100
2023-10-19,593.5125423219621,593.5125423219621,567.3587763066795,579.5821533203125,3493700
2023-10-20,578.797335808815,585.5859250837997,569.8505072047175,573.5391235351562,3666900
2023-10-23,574.9321677277527,577.1689049075567,565.2005407576179,565.7008666992188,2781900
2023-10-24,568.9871159907002,583.2314332962425,568.1140007010382,581.1810913085938,2633000
2023-10-25,585.605452060197,588.3130554372182,574.745639320398,575.324462890625,2283300
2023-10-26,568.9871193360372,569.9681316107544,555.4098831084052,557.3130493164062,2846500
2023-10-27,552.3198337066005,559.9717189057988,546.0707891375679,549.5925903320312,2717400
2023-10-30,560.3640736656214,562.3260983224382,551.8684733709096,554.968505859375,2290900
2023-10-31,558.1666374691636,558.7944998215613,537.2122254369457,543.4122314453125,3661400
2023-11-01,544.4619151141759,547.8267806656776,540.7929380952279,543.9321899414062,2935900
2023-11-02,567.3489823146538,586.0961170316343,561.1293366486759,569.271728515625,5181300
2023-11-03,567.4469097800153,571.930142957126,556.4105219442217,557.028564453125,3056500
2023-11-06,560.256236590725,586.3610257370244,560.1679789929929,583.8888549804688,3978500
2023-11-07,585.6643981999446,590.5106018129303,578.9248478549795,588.5387573242188,3168200
2023-11-08,596.1220231848735,613.9862821789391,580.935969003716,607.374267578125,7776400
2023-11-09,603.087282676808,603.9603982135087,572.3521428290885,580.0923461914062,6279800
2023-11-10,583.702275152736,587.4889679792288,574.8731651084089,586.36083984375,3645900
2023-11-13,583.0647374250689,607.0014656366335,567.172383316673,601.076171875,5744800
2023-11-14,597.7737816527816,605.4594802090896,592.3191150010201,600.3291625976562,3827600
2023-11-15,600.388161377248,602.3832650024539,574.3825893906314,578.4318237304688,4287000
2023-11-16,581.3410134997844,584.8693818018126,571.7584693212165,578.6382446289062,3030500
2023-11-17,582.2747052459829,585.9406234386822,577.1247116493141,581.5474243164062,2628200
2023-11-20,581.2820061829195,594.4715005640152,580.5448874509474,587.336181640625,2827200
2023-11-21,588.1617823725685,591.228191505702,581.606356564087,582.4220581054688,1851600
2023-11-22,585.173997064369,588.8890441684789,576.6725372835054,584.8693237304688,2052200
2023-11-24,588.0830704506528,593.1348046417994,586.7267673411719,590.7760009765625,1341700
2023-11-27,590.8449325506765,593.3216709313257,580.9872282581348,581.3705444335938,2630700
2023-11-28,581.8323629540935,585.1543160415313,579.2376907224485,581.439208984375,1793900
2023-11-29,582.0288889921331,584.3286655517458,574.4021585474268,581.6947021484375,1908600
2023-11-30,581.3016846629015,585.9897190296259,576.1418535143791,580.8888549804688,5658400
2023-12-01,581.5376292037653,591.6312022857779,572.9870387549847,574.0091552734375,3638600
2023-12-04,572.1320153929819,577.0068497835929,564.4659911396362,575.6210327148438,2577100
2023-12-05,573.2622307332542,581.6358594671458,569.419351149681,578.048583984375,2157300
2023-12-06,580.5940383427417,583.6997989751951,574.3629613555382,579.129638671875,2093100
2023-12-07,578.1763417545241,578.7561749338964,567.6895554156536,578.16650390625,2095000
2023-12-08,578.8839487996623,588.0242096780705,574.7266180745428,587.7785034179688,2446800
2023-12-11,588.3780535732824,590.8646298936594,557.664768905884,574.0091552734375,5614100
2023-12-12,572.0041293399194,575.7879814585003,568.2398929295532,574.7167358398438,2846100
2023-12-13,573.2424971722659,588.3878034487553,572.3088014606028,587.2379150390625,3112500
2023-12-14,584.2894612080912,584.2894612080912,558.9227504136541,563.8171997070312,5275900
2023-12-15,562.2741160218509,563.8565097423177,552.0036435373526,562.2151489257812,5317000
2023-12-18,566.5690797725716,573.036084849928,565.8123453392709,569.8026123046875,3033900
2023-12-19,570.2841299119005,575.0606443756669,567.3356553065827,569.8516845703125,2192700
2023-12-20,566.5789592143816,569.9009126447266,560.2397857031469,560.4166870117188,2647100
2023-12-21,561.5959492004639,565.1243169824561,557.2813934834375,562.1758422851562,1786500
2023-12-22,563.1784014469289,566.0089422496543,557.6745454474618,560.5935668945312,2226100
2023-12-26,559.7188858610351,562.9327430845208,557.8908455999386,560.8687744140625,1678700
2023-12-27,560.7016700148832,573.6552964900708,560.7016700148832,571.5225830078125,2163400
2023-12-28,571.984559616942,576.6136876526624,570.0385850224964,570.8739624023438,1973500
2023-12-29,572.839581275555,576.1025677816887,569.5176276633357,572.9083862304688,2000100
2024-01-02,570.4415060849346,582.5400810097964,569.1048783078554,582.029052734375,3226700
2024-01-03,589.6949299518586,609.194202029823,588.5155280945809,607.0909423828125,5130300
2024-01-04,614.5211287552113,625.479590793673,602.7370673767234,603.9459228515625,6272500
2024-01-05,603.4545498500491,609.2925327480737,599.7099890004547,607.9263916015625,2404000
2024-01-08,611.7397481637338,615.3074076579342,599.1203089500448,615.2779541015625,2453900
2024-01-09,619.2878503006121,623.523823678138,613.0075841137299,614.7373657226562,2918900
2024-01-10,617.6957015431677,626.1086815099474,615.0126083721614,619.3665161132812,2679100
2024-01-11,623.4943386349473,628.7721038531139,617.3516826559942,624.8014526367188,2690300
2024-01-12,627.2389631784586,632.9393365098982,622.1380987347497,631.8778686523438,2067800
2024-01-16,632.8508165145743,636.6052151961442,622.7866981576578,623.6712646484375,2413600
2024-01-17,628.4674736176049,629.5191035917496,614.4523791769418,618.1084594726562,2124100
2024-01-18,610.6095259995071,613.1648469261049,602.1768709627335,612.6439208984375,3385000
2024-01-19,611.7003089955106,618.7766591749076,609.3513434521304,617.7839965820312,3125000
2024-01-22,619.1797868839042,621.7744594353168,614.2656615911748,620.044677734375,2030200
2024-01-23,616.9093613946242,619.179684505001,604.2604097815431,618.8651733398438,2525000
2024-01-24,622.6393828583207,632.1236091773142,621.1454694953769,622.8162841796875,2276900
2024-01-25,616.5948699400107,621.7448629619878,613.9510684856753,616.840576171875,2407900
2024-01-26,626.403543403909,628.6148998433018,619.6712155720662,628.2709350585938,2410300
2024-01-29,630.4822316724201,634.560979379471,628.7819636339365,633.922119140625,2718500
2024-01-30,634.6101310319268,635.6912145653431,629.9908414141972,633.9024658203125,2006100
2024-01-31,639.2097006886135,652.1534885831875,626.0594979576796,634.5216064453125,4719000
2024-02-01,636.2121736931759,649.1756388542557,632.1235877814715,649.087158203125,2494300
2024-02-02,651.0036593113649,661.0677781928974,648.4089867909097,656.1831665039062,3019200
2024-02-05,679.1517682350075,699.6534838676171,670.8075933674181,694.071044921875,7602400
2024-02-06,729.2560257746113,729.2560257746113,679.2302178015252,692.9210205078125,8187300
2024-02-07,698.179255289458,728.2635153056174,694.8769775586477,712.921630859375,5798000
2024-02-08,715.8110398174051,728.273252376242,713.2851726208605,723.0446166992188,4636900
2024-02-09,722.8678762731842,732.892704501678,721.0103223982131,727.4478149414062,2833900
2024-02-12,728.0767742449692,728.0767742449692,713.9732589813818,724.5975952148438,2932300
2024-02-13,717.6391623087225,730.2193105043012,717.6391623087225,730.20947265625,2860300
2024-02-14,734.2952849463506,752.2435681398961,733.487948717928,745.6077270507812,3394300
2024-02-15,744.121111406021,751.200011504094,738.4206020724542,746.070556640625,2507000
2024-02-16,759.1159326863705,782.1936758437231,751.7022587752963,769.9754638671875,5009400
2024-02-20,777.7927340812535,781.1205103331658,741.5613883601776,743.9833374023438,4701100
2024-02-21,726.6750066944264,737.9185249655327,721.9097692321435,734.3839721679688,3541800
2024-02-22,751.7809577302168,763.1426166780849,744.5839163689857,757.747314453125,3167400
2024-02-23,762.0400307959704,765.6336544612136,750.4814487291133,757.64892578125,2394800
2024-02-26,759.3816506456432,768.163799554303,757.2353438094831,759.9920654296875,2243800
2024-02-27,743.2351080419289,761.0061826128634,733.9212648500659,753.1790161132812,2716700
2024-02-28,750.4714897656313,751.2099005459845,740.0451031065539,745.9327392578125,2716300
2024-02-29,741.4432309380334,744.7710071158998,732.5330858845258,742.033935546875,3905400
2024-03-01,757.1368132917449,771.9640977188076,752.3223611138618,770.0343627929688,4247500
2024-03-04,784.1331061954901,788.4060692921684,774.0119278523263,780.0374145507812,3855600
2024-03-05,773.1750805540977,776.345355103476,757.3928136269416,765.5744018554688,3168700
2024-03-06,772.1708788140631,775.6758661534518,762.0399048134309,767.7207641601562,2518600
2024-03-07,759.9133520343802,780.7365006240537,749.3589690421676,768.104736328125,3977400
2024-03-08,767.9471032927142,767.9471032927142,743.3334140846144,750.3630981445312,4054900
2024-03-11,740.5866349536308,745.1056751712856,716.3765809655798,723.0222778320312,3968900
2024-03-12,729.5104290782593,744.2884384365173,726.6060015691908,743.2842407226562,2701700
2024-03-13,745.3026531494386,749.0144174282574,734.1871305896259,746.1296997070312,2357500
2024-03-14,753.1297368816078,756.1325951956867,737.820032942599,748.9749145507812,2647500
2024-03-15,743.707681828702,749.1325495286118,736.156217436071,742.516357421875,3730100
2024-03-18,750.5010492291583,757.786666150343,746.5332931559489,750.8751220703125,2521400
2024-03-19,746.7204254906045,761.8922804379207,743.3335787018448,760.8388671875,2557100
2024-03-20,758.2100960739289,761.2129548623076,744.9482659779758,760.9176025390625,2038000
2024-03-21,762.0399871948678,768.4789080891982,747.1536294616791,758.3577880859375,3013200
2024-03-22,758.1017718341215,764.9936061235226,755.4238307829838,758.7023315429688,1981000
2024-03-25,759.184721500576,766.4605435604794,756.2803538053774,761.1932373046875,1806600
2024-03-26,762.2367690124776,766.3029554349068,757.1171094399937,762.9259643554688,2099000
2024-03-27,766.6770514528831,773.1258259471994,755.5221107814541,766.1552124023438,2297700
2024-03-28,768.2622387631795,781.4059260130499,764.4421890275547,765.938720703125,3209400
2024-04-01,764.0090032374194,765.4858247642958,742.1717428043821,748.7977294921875,2921300
2024-04-02,743.4025070910039,753.2479849921251,741.8567598494845,752.1551513671875,2596800
2024-04-03,753.8584368600444,775.0852858542909,753.5827346210912,763.999267578125,3044900
2024-04-04,769.4633995665753,775.7251687040646,755.95543376062,756.21142578125,2354000
2024-04-05,753.6416293816927,774.5534710731657,751.2984613570385,772.0921020507812,2113400
2024-04-08,772.8896472447016,773.0668586179532,761.399932430029,765.279052734375,1664200
2024-04-09,765.6236762058749,765.800887578137,739.0507438017407,745.5388793945312,2464100
2024-04-10,739.67101526229,753.4349726994989,735.2897660359729,750.2056274414062,1700300
2024-04-11,748.0396055104653,751.5347374773805,739.0703311908841,747.8525390625,1594800
2024-04-12,747.8328460733281,751.7021110251266,738.2039414651441,740.025390625,2495000
2024-04-15,748.3252275154572,756.1326840867157,737.9382606053276,739.1689453125,2358600
2024-04-16,740.06477868939,741.5022399077327,731.5189122020292,735.2011108398438,2569800
2024-04-17,747.4686757666274,759.9035188552593,733.3699445502173,739.1689453125,3069400
2024-04-18,737.8397527028029,740.576824272402,732.277094010298,734.4234008789062,1717300
2024-04-19,737.583681466065,738.4205830129209,710.9123196250591,715.0867919921875,3505500
2024-04-22,718.463839568446,726.4780723866056,714.2105862307399,720.029296875,2354100
2024-04-23,729.7467489510622,734.6300669616585,720.1375540254068,734.1673583984375,2042000
2024-04-24,741.0099596446584,741.0099596446584,717.5284620758964,720.8858032226562,2133400
2024-04-25,713.7970633877472,716.7408513172022,707.2005819559665,713.6690673828125,2608800
2024-04-26,712.3006160001449,726.0547798766244,709.8589567099813,722.1756591796875,2009200
2024-04-29,724.3809875325843,729.1363698626425,718.3358500884801,725.80859375,2665600
2024-04-30,763.0245558092328,783.2077859951544,755.7979484143658,769.0302734375,7437100
2024-05-01,762.7882570669242,770.5169331985518,756.3788413252522,764.7474975585938,2802100
2024-05-02,765.3282786400138,765.3282786400138,742.6344077691688,744.2293701171875,3205600
2024-05-03,731.5188610490769,733.4879562335967,719.0545149715542,723.6129150390625,4595100
2024-05-06,726.6356066007653,755.1382762493414,724.627150805033,754.8330688476562,3398300
2024-05-07,757.0187754061909,767.0513192020608,750.3336578449436,765.751708984375,2879400
2024-05-08,767.061158029091,769.2763905533475,760.2678143432544,763.0245361328125,2089800
2024-05-09,764.9935434288618,771.8853771534461,757.3140835827293,759.6277465820312,2522100
2024-05-10,762.0596030821142,765.4070290887337,748.2562255859375,748.2562255859375,2082300
2024-05-13,751.7021860606403,751.7514014283561,738.9326309451438,745.9918212890625,1848900
2024-05-14,739.9073175892524,752.6867276933027,739.9073175892524,752.1747436523438,1956200
2024-05-15,753.6244642747732,776.8105821195152,752.5888790359128,776.179443359375,3038300
2024-05-16,773.9013099343164,775.6468887599989,759.5319920484307,760.4984741210938,2299700
2024-05-17,762.2441281131529,764.1968360760962,756.5338417938971,759.3939208984375,1670300
2024-05-20,756.3366686295487,773.526578885074,755.5673835323385,772.3923950195312,2188800
2024-05-21,781.5446145806172,805.3619344425326,780.4893456224138,792.1070556640625,4334500
2024-05-22,789.9669210134006,793.7934822004073,784.2961222670497,791.8505859375,1767500
2024-05-23,798.842969141933,809.3068113651362,791.1109316957909,797.3143310546875,3025800
2024-05-24,796.8705055804576,798.961299616177,793.0735600462516,796.308349609375,1778100
2024-05-28,797.8567949417867,797.8567949417867,777.3926064435888,796.7324829101562,2483500
2024-05-29,791.9393325475395,804.3756256767433,791.0418935379302,800.3518676757812,2380000
2024-05-30,801.5944391098608,808.6952768449505,795.0064580483858,803.8331909179688,1984600
2024-05-31,807.521701034578,814.8296681751668,799.9277500720615,809.04052734375,4472100
2024-06-03,812.4824686980122,826.733444441962,807.2258679994161,819.8101196289062,2537200
2024-06-04,822.5123781673913,823.9621013075157,813.9420729223535,821.121826171875,1748300
2024-06-05,819.0506965644819,826.9010760007623,806.3579746900868,820.30322265625,2169000
2024-06-06,823.380180374098,835.3036162925841,820.421503047206,825.7569580078125,2109000
2024-06-07,826.2206417100174,845.0082335685473,825.480972265237,838.2821655273438,2468800
2024-06-10,842.2172199560728,859.6241321017287,837.6904765413676,853.08544921875,3417500
2024-06-11,869.9893176898527,869.9893176898527,840.4912677250328,853.8941040039062,4109100
2024-06-12,859.9888497008728,859.9888497008728,842.0888283500789,855.3535766601562,2594600
2024-06-13,857.0598250733799,872.8689931471647,849.633515999574,871.162841796875,2243400
2024-06-14,870.1767200201524,872.4252837834891,863.9338931841355,866.3501586914062,2023300
2024-06-17,865.9063102327419,879.9107295669679,864.7819982989837,872.8197631835938,2532200
2024-06-18,874.7823800204866,882.5439730975586,871.8237022977567,879.1809692382812,2437000
2024-06-20,880.6996463916518,892.9781697380171,858.1446669821491,873.7861938476562,3360000
2024-06-21,873.4607730039974,879.6838558036118,867.681503882469,871.705322265625,3445900
2024-06-24,877.7213341533533,891.1340429216041,870.7783252743042,877.8495483398438,2878200
2024-06-25,879.4866134942417,896.8934629962815,879.2203132622142,892.1497192382812,2830100
2024-06-26,891.5481965488312,893.8658032917255,885.473071606579,888.845947265625,2232100
2024-06-27,891.0848051757586,897.0415885357426,887.327226335394,896.5188598632812,1948100
2024-06-28,898.7575532865151,902.9292697240921,892.9092407226562,892.9092407226562,3375400
2024-07-01,899.2111664464175,904.2014668614479,891.8538999032635,901.7753295898438,2546100
2024-07-02,890.2759219582232,899.4379380563623,866.3993734457395,894.2208251953125,4584600
2024-07-03,898.4517070611446,905.8484005879926,871.8236103644915,885.7293701171875,3078400
2024-07-05,886.0549552891327,903.8366377048371,884.5460609169697,901.97265625,2880900
2024-07-08,905.2468762808928,915.8191886908317,899.4379914726308,905.3553466796875,2364600
2024-07-09,916.2531482993198,922.1212043659937,908.0971011458709,919.6556396484375,2416000
2024-07-10,923.6695206060209,932.6638952410669,920.1486872161688,926.8353271484375,2683300
2024-07-11,921.2237110013508,929.8926143673675,905.9667661271784,921.2730102539062,2855100
2024-07-12,924.0936102551416,937.6936428918835,923.1370000855658,935.3366088867188,2315100
2024-07-15,943.0291517370608,952.7927513482858,935.0308746935042,937.3682250976562,2358700
2024-07-16,942.5853690701874,943.2165680695155,925.4546306362021,928.6302490234375,2111800
2024-07-17,897.4754346008184,912.2589511071068,890.2069545843103,893.1163330078125,4200600
2024-07-18,894.5364671509096,897.3373148733396,825.1356982783221,837.2071533203125,7649600
2024-07-19,855.7087632790806,868.0859468466093,841.2507176419774,845.6591186523438,3782200
2024-07-22,852.8880638153578,862.3755512404564,845.0180011565387,854.0419311523438,2904500
2024-07-23,858.0164098395937,875.4923013857525,852.1779702040949,866.1921997070312,2087700
2024-07-24,860.4820540827074,866.2416395319818,842.5031761003147,848.035888671875,2726100
2024-07-25,835.3333331599077,839.8896919797693,795.2728421160123,809.8788452148438,5468000
2024-07-26,800.6871858400011,810.6875305282684,790.2627712543688,793.5370483398438,4173900
2024-07-29,802.7977474586673,813.4095476808344,792.9256166550218,796.6633911132812,2473700
2024-07-30,803.9515294860051,810.5789980729758,765.123825083662,779.3255004882812,3848600
2024-07-31,789.1482716500586,799.9671998416989,781.179610625841,793.1918334960938,2961700
2024-08-01,822.1375551507665,829.3074360537312,808.882677852814,820.9738159179688,4060700
2024-08-02,805.4210516181116,808.8925858876497,776.179491153284,793.3792724609375,3515900
2024-08-05,747.5592136899636,782.0179481905217,737.2531412512581,764.5814819335938,4661800
2024-08-06,778.2703077744693,795.1643619661884,774.187318172091,782.254638671875,3437600
2024-08-07,767.5795804229593,775.745559496925,752.5100804728628,761.5044555664062,4407700
2024-08-08,862.9476126279544,865.689349364839,813.8730050489946,833.6665649414062,9434900
2024-08-09,848.1542594315875,895.976342870054,848.1542594315875,879.3978881835938,6587600
2024-08-12,891.755363229604,892.2582878868375,870.8374897392503,872.198486328125,4206100
2024-08-13,881.7648123619675,902.0909123965657,878.06646547673,895.5423583984375,3506800
2024-08-14,897.46543466946,921.5096233281379,891.3409510771558,918.8468017578125,3562900
2024-08-15,924.3972357478444,926.3329610614433,908.5955735983086,920.0320434570312,3080000
2024-08-16,916.8816269845554,924.6935475478202,907.9931916150886,910.6893310546875,2364900
2024-08-19,910.689394574587,914.5213029123147,905.1390649234735,910.3832397460938,2374600
2024-08-20,920.5456141013377,955.0130159336348,918.9753575829427,938.194091796875,4961500
2024-08-21,943.7740900837089,944.6431863895515,927.5279929092217,940.1693115234375,2617000
2024-08-22,940.1791250659779,960.4744330805187,936.3867599119891,942.3419799804688,3183700
2024-08-23,943.5963523814046,948.5936261266398,931.4191783871742,940.9298095703125,2063300
2024-08-26,937.4336622781029,943.1617530155745,931.0833762425352,938.7471923828125,2166000
2024-08-27,940.6927568390224,960.4250643547581,938.1743788370553,942.648193359375,2912900
2024-08-28,942.3223180811104,946.4603809772216,931.5672967690745,937.1768798828125,1701800
2024-08-29,943.161753159212,945.6505343519756,924.3972784890287,928.5452270507812,1762800
2024-08-30,933.285677102274,949.0873393600903,928.8513452757435,948.1195068359375,2555100
2024-09-03,945.8974097228277,957.6301489159448,939.7841391504519,944.6727905273438,2529400
2024-09-04,937.9768276862811,942.1741443671622,926.3823672523702,934.5794677734375,1891700
2024-09-05,929.4932869291206,931.3105046803316,894.9370351115855,901.4354858398438,3201100
2024-09-06,906.3833854726037,916.3977037126625,881.9303027092425,891.5199584960938,3440000
2024-09-09,901.2576709135751,904.0822035150288,884.8140423660276,897.010986328125,2405900
2024-09-10,902.7786363524554,903.766240306924,883.9055392494148,890.0780639648438,1930400
2024-09-11,890.9669809241275,910.1165768489345,886.0783290233522,909.4746704101562,2721100
2024-09-12,912.8521232620578,925.9971282539625,907.2425405593984,923.4293823242188,2510800
2024-09-13,925.3947017917218,930.6684726440759,910.6694944944512,912.2595825195312,2045400
2024-09-16,919.5876148518136,921.04924931977,909.0202411738624,912.0916748046875,1760300
2024-09-17,910.0769984723362,910.0769984723362,891.1149914403154,894.9468994140625,2248000
2024-09-18,895.0752467419585,904.1513285737371,892.2605998687437,893.7518310546875,1777000
2024-09-19,901.5341666027676,905.4450996195054,892.655617475884,903.697021484375,2446500
2024-09-20,910.5609406384273,928.2094181007194,901.8799237667206,910.067138671875,9921800
2024-09-23,909.5831494012373,910.5707532550931,898.1763369449133,907.1339111328125,2292000
2024-09-24,910.689340434482,914.205208050141,897.9295144062223,912.970703125,2767400
2024-09-25,920.2394784842635,927.6563939191789,909.7709005480638,913.09912109375,1805100
2024-09-26,908.8524243356699,910.4226808665061,894.0778474838231,898.0480346679688,2693000
2024-09-27,882.5425380962877,890.0384777595066,864.7557833050532,866.9087524414062,4377300
2024-09-30,853.8033654878003,876.4293449123622,848.1641253694436,874.9578247070312,3244600
2024-10-01,877.8120435636271,880.2217996342015,867.97548643386,873.5159301757812,2455200
2024-10-02,869.0914483449915,882.2759365465287,867.8075753065574,880.0242309570312,1751600
2024-10-03,878.5132231086963,880.9427506009952,869.9605991601827,874.5726928710938,1974700
2024-10-04,874.9280928541584,877.9501581985363,866.0199471916833,876.16259765625,1970500
2024-10-07,879.4711574716594,894.0580863445266,878.5428073957436,887.2633666992188,2915700
2024-10-08,891.8063474373542,910.5411650273294,891.0458731232685,902.3934326171875,2200000
2024-10-09,904.9315606235859,909.9288339729111,900.6947615704272,908.3388061523438,1820100
2024-10-10,908.5956525629249,910.5708605032792,893.9297577172201,899.4010620117188,1682100
2024-10-11,904.6846694925131,920.683864987074,899.8849289277126,920.506103515625,2293900
2024-10-14,924.39733320936,925.3849371978316,914.5212933246447,917.98779296875,1550400
2024-10-15,912.9805637765944,915.0347967937024,896.546820196849,901.9984130859375,2284200
2024-10-16,898.7491935022532,906.4327203921245,886.7102997181995,905.0599365234375,1645400
2024-10-17,909.583189683227,918.9753123939066,904.6846526508845,905.7512817382812,2191200
2024-10-18,905.8105128829028,909.5041417228571,894.3938145237004,906.5906982421875,2286900
2024-10-21,906.6006658473754,907.4697621563159,893.3470375538744,894.8975830078125,1592200
2024-10-22,890.5027548679675,899.8257389070016,889.0411202578198,897.8801879882812,1391800
2024-10-23,894.3937778816127,896.6949116891147,880.6759461826346,892.0531616210938,2646600
2024-10-24,887.1942311695166,888.8435128097339,877.2688239988529,880.2711181640625,1797100
2024-10-25,888.5768574297608,889.791651243211,878.424320456705,881.634033203125,2228300
2024-10-28,883.7771140484133,887.0757376599736,879.7378477762671,884.4882202148438,2084100
2024-10-29,887.0757222606943,896.7245713910407,887.0757222606943,892.379150390625,3187500
2024-10-30,788.601727432622,849.833170263959,759.4674118919053,836.3326416015625,18257200
2024-10-31,826.1405656078075,842.9199465811809,815.010250128897,819.4544677734375,6582800
2024-11-01,817.7360785651472,822.6740983632459,806.6057626510928,808.7785034179688,5266300
2024-11-04,795.02108981376,810.0227945283444,793.7174455138065,796.14697265625,3918100
2024-11-05,793.8657775000326,799.1790920919789,787.6043413232528,796.068115234375,3733300
2024-11-06,807.1982479009105,810.5560647251991,758.0945545756394,766.755859375,8257900
2024-11-07,774.9233801211517,792.6014527574014,768.543437590154,787.564697265625,4557600
2024-11-08,793.5397843107334,836.7672290625749,791.3275610780711,821.232177734375,7212900
2024-11-11,820.9950887959316,833.5376700574842,814.4077878311746,822.1209716796875,3342800
2024-11-12,819.9087439457052,823.6517409082327,800.6701795917758,808.7092895507812,3378600
2024-11-13,810.1512227721638,818.8322391845533,801.2331307943823,801.7467041015625,3059300
2024-11-14,799.159171006142,799.159171006142,773.7975110791742,776.4837646484375,3998800
2024-11-15,766.8486392814001,769.6085959980185,736.1921140840558,738.1705932617188,7334600
2024-11-18,725.3005966761358,726.1018783501875,703.7450871735967,719.3750610351562,9148100
2024-11-19,708.6022288404723,722.144921635317,704.7540722329982,721.8778076171875,5832500
2024-11-20,727.8725816395919,749.2203890575768,727.546176044891,745.302978515625,5158900
2024-11-21,738.0914265944192,744.8973996981612,727.0910873547788,741.8505249023438,4143200
2024-11-22,748.9038865988307,753.0884114965659,737.062716627772,739.961181640625,4015500
2024-11-25,741.9296567803187,746.8758544921875,732.0471634125473,746.8758544921875,5690500
2024-11-26,776.750936847367,798.3163477976982,765.62199147844,780.8265991210938,6622600
2024-11-27,779.6394251892316,786.277243930261,771.9035651006635,779.7086791992188,2714700
2024-11-29,782.8149241741015,791.7180798302923,780.8364451393925,786.7916259765625,2206900
2024-12-02,789.5220302586848,796.684115552454,786.6631132239523,791.19384765625,2895600
2024-12-03,794.2900709994814,808.3372840902878,792.9842676033727,804.5781860351562,2782100
2024-12-04,819.1893168500569,837.3518024197847,811.6711197822258,820.91064453125,3871100
2024-12-05,818.872691983906,822.1866201158363,808.6637332270067,816.7359008789062,2423400
2024-12-06,818.7738034247557,831.950481796838,816.8052263328897,817.8142700195312,3047100
2024-12-09,814.8365996577222,814.8365996577222,792.6578666625062,794.93310546875,3176000
2024-12-10,800.5619301860041,805.2410140546959,788.4239412795979,790.9761962890625,2695200
2024-12-11,786.6927196699687,790.8969875839547,777.9082679982398,787.46435546875,3510900
2024-12-12,788.1568499173972,793.2119101784889,770.0142294024444,773.9315795898438,2823800
2024-12-13,768.7676902758395,785.703465527187,764.6722242933268,780.628662109375,3059400
2024-12-16,783.4777289844752,791.1740417179959,766.907966408099,770.6176147460938,3426200
2024-12-17,769.489867494714,779.5207710958218,764.1183039443717,770.24169921875,3924800
2024-12-18,766.6605754692969,770.6175332781706,754.2950823165662,756.4813232421875,3354200
2024-12-19,756.8671371707532,764.6524474098912,744.3038434936045,749.3884887695312,4032600
2024-12-20,802.6195160458608,802.6195160458608,758.3609465131781,759.4985961914062,9942300
2024-12-23,776.7211730235422,790.758484155388,764.7513990443692,787.711669921875,3622300
2024-12-24,782.8544366401604,789.1657893059335,778.6303647708647,787.108154296875,1165400
2024-12-26,785.5749224500158,795.2595561035016,782.9831196070459,785.5947265625,1274200
2024-12-27,781.4992599827128,784.7637384867091,770.8352284408144,774.7427368164062,2096500
2024-12-30,769.5492376100277,771.3694650047667,762.7037166184424,765.51318359375,1719100
2024-12-31,762.7036925795165,765.5823531017489,756.075775522927,763.6929321289062,2327000
2025-01-02,772.1905348486804,778.5315338629526,763.4654346824714,769.6976318359375,1938900
2025-01-03,769.7964906143683,777.3840011090275,767.1849442022482,773.5654907226562,1799100
2025-01-06,775.2867613476476,776.3255111379375,755.135957318878,756.8671264648438,3991100
2025-01-07,756.6693205914984,775.5242231183803,753.424586037479,764.968994140625,3576100
2025-01-08,765.5032735497898,784.0317113794212,762.3772426959115,778.7491455078125,3478400
2025-01-10,783.4083937274022,791.3915633682859,776.4144635407288,791.2926635742188,3973100
2025-01-13,785.8519283123518,796.6742114821718,775.1779948490623,788.8987426757812,3683800
2025-01-14,775.7913156659957,775.7913156659957,721.1556344510946,736.8944091796875,10373000
2025-01-15,740.9404641169773,746.4801817534102,727.358223661927,738.7047729492188,5736900
2025-01-16,739.4565202241802,757.272733134538,738.3683809344024,749.4478149414062,3070300
2025-01-17,739.7829578541036,747.1528038627115,717.2085062664847,717.9108276367188,5560100
2025-01-21,723.4012079934328,735.2819843693536,718.7122222975308,734.3619384765625,5122800
2025-01-22,737.5571848885482,752.1880149917868,731.0974221333154,745.8667602539062,3737800
2025-01-23,739.6148137333369,758.3510131835938,736.2415334418686,758.3510131835938,3127200
2025-01-24,753.7510966715531,780.7968724965741,752.30678517418,776.9586181640625,4170600
2025-01-27,770.330794753814,800.5421505624513,770.330794753814,799.4737548828125,3915200
2025-01-28,798.5537308993622,807.367889170392,791.5004480226709,796.3279418945312,2808800
2025-01-29,798.3063948270081,800.4134798460777,790.402380680743,795.427734375,1827600
2025-01-30,799.7111658488745,815.7467616490654,796.3378853482407,814.3717041015625,2643000
2025-01-31,814.1441353146105,818.4473031299844,802.3029670912364,802.3524169921875,2561600
2025-02-03,795.6157224808405,809.1584145104802,793.1228194615413,801.7094116210938,2808800
2025-02-04,802.3227544356474,820.119164933589,797.2677546401995,817.18115234375,4299700
2025-02-05,826.163474870603,837.7870401534278,822.1174583460883,833.1177978515625,4578900
2025-02-06,830.4864972930455,878.1876046367054,826.6185364170228,861.0045166015625,7138500
2025-02-07,867.0981937421521,879.7900940182154,860.2625144663265,868.8590087890625,4426100
2025-02-10,868.2852639794542,870.5308572163142,850.1228392219829,859.530517578125,3065600
2025-02-11,857.7004461276393,864.7833751529541,851.2406825071125,855.6922607421875,1944200
2025-02-12,847.7090953747899,868.3347775584754,846.8979116457158,863.5764770507812,2533400
2025-02-13,867.6323534299642,873.9931565941786,858.4620833317107,862.4783935546875,2472900
2025-02-14,861.2298021076508,865.5899819049602,833.8698402062711,836.6246948242188,3222300
2025-02-18,848.6645953631569,854.9174521760136,843.6504190638013,849.4375610351562,4289400
2025-02-19,849.4177474775664,873.3490798868614,849.4177474775664,859.1983642578125,3205500
2025-02-20,858.9902794588294,872.3481907587442,856.1759707205731,865.21337890625,2990300
2025-02-21,872.6455287366432,886.3007727902121,865.5206354604421,865.7683715820312,3940400
2025-02-24,871.3275182879961,885.0223777603499,862.1415044212681,873.41845703125,3017100
2025-02-25,882.6738843989931,903.7413739109966,882.6738843989931,893.6337280273438,5111300
2025-02-26,890.2347903803555,914.0769122227404,888.4807992910095,906.72412109375,3032800
2025-02-27,907.4276896151971,917.1191560821977,895.873303088721,896.9633178710938,3085400
2025-02-28,893.6733282705939,912.8777751838909,884.5268702899774,912.2931518554688,4071100
2025-03-03,904.5340791760576,927.1573578374276,901.7594468207913,921.3008422851562,3979800
2025-03-04,913.8886275162813,920.7459463824819,894.614745284671,902.8098754882812,3343500
2025-03-05,896.6065235996111,922.063888863773,893.4751657591925,921.3008422851562,3109500
2025-03-06,912.0851150545407,922.9458884922533,890.1456499042681,904.4945068359375,3273100
2025-03-07,897.1912242665609,899.7775748061075,853.5896677781592,861.7055053710938,4818100
2025-03-10,846.1774292413895,855.373423644403,818.302214853086,822.2461547851562,5962900
2025-03-11,819.709297512024,824.8126253665204,804.2902036050821,816.5977172851562,3796500
2025-03-12,807.570142384189,827.0917589553915,805.895443946502,814.4175415039062,3014800
2025-03-13,810.8303591924356,813.6743648625607,788.1773840812681,794.390625,3566300
2025-03-14,795.8373753428683,807.8278393661346,792.755552647738,806.1134643554688,3102300
2025-03-17,809.5521078395997,821.4929767685143,807.1936551304258,817.2913818359375,2546600
2025-03-18,825.8728835790433,828.7168892327269,805.2612516896747,815.0617065429688,2354900
2025-03-19,814.2789005631333,834.5041120522384,812.0790327640384,829.4304809570312,3790500
2025-03-20,831.4322027138546,846.6530958983386,824.9216900138515,834.9401245117188,4402700
2025-03-21,830.2132494319782,842.7288826939503,817.8462820307219,829.9853515625,5963800
2025-03-24,837.6652216600173,859.0200637848461,830.1736835729035,857.0679321289062,3102400
2025-03-25,861.6757262008502,866.9970930081133,840.2415931127327,844.6314697265625,2670600
2025-03-26,838.0318258323884,843.6999991325448,818.9165289034271,819.2732543945312,2562100
2025-03-27,815.368919392211,819.2831620651702,807.9070786540999,814.2293090820312,2128200
2025-03-28,812.5744263655606,822.2658918481783,810.0276919421065,815.0617065429688,2124700
2025-03-31,801.6542258381487,820.51192784806,782.251576956936,818.430908203125,3737000
2025-04-01,811.1871557482112,813.228499029718,789.7827784181902,797.938232421875,2987700
2025-04-02,787.8404615544745,812.4257911830879,787.8404615544745,810.810546875,2683800
2025-04-03,803.1704105450145,811.3753992902953,779.9327506707667,781.9443969726562,2675100
2025-04-04,755.2086202599061,761.3128716186513,728.0468609368164,731.5250854492188,5299400
2025-04-07,691.6098537450821,741.2264496872552,670.9586052469618,717.1762084960938,6274400
2025-04-08,748.1432480082452,756.5861143757023,706.8209113654352,719.6635131835938,4115200
2025-04-09,698.0212970550468,747.9946185740325,682.7607282821751,746.884765625,6619000
2025-04-10,732.2089173130028,735.2312859500568,685.5056980573722,714.3817749023438,4182700
2025-04-11,716.3438379862524,729.1765805312785,705.5326003173528,725.777587890625,3603400
2025-04-14,743.6543345564743,752.6818247080322,727.8685954531355,747.5189819335938,3461200
2025-04-15,748.7278971913169,758.3796863520244,744.684826944257,750.3233032226562,2458100
2025-04-16,748.7972958743117,749.4512926140219,723.7264128112408,728.2451171875,3302600
2025-04-17,833.1861192712236,850.2303766811353,814.3978503554307,832.353759765625,10853400
2025-04-21,833.8896402392384,836.2678705340638,799.6921389687251,810.6123657226562,3326600
2025-04-22,814.43742364308,824.4657765675412,806.6287765937242,820.046142578125,3086500
2025-04-23,829.3808784220079,838.3489134874701,811.2267690638973,821.9091186523438,2714600
2025-04-24,828.4296083379195,854.4419016619271,821.7011169051259,851.9447021484375,2939500
2025-04-25,851.8753845311377,877.5607113961408,843.3632045240574,876.5300903320312,3398900
2025-04-28,862.5576967431444,874.2607483769284,856.5822726277341,869.3456420898438,3457600
2025-04-29,869.7520588116905,884.3882689425736,866.1153091848041,877.1841430664062,2454400
2025-04-30,880.1569169382054,894.3274111907766,874.1319574435178,890.8095703125,4374100
2025-05-01,836.3570860350544,843.2243235712637,784.8973498358386,786.908935546875,12601100
2025-05-02,817.6480988386162,824.0000867816154,800.2768736753477,816.1616821289062,6059400
2025-05-05,809.6016669686994,822.1272201264519,804.6767017715935,814.0213012695312,2889600
2025-05-06,809.4926619692526,811.008775593729,763.3740665239776,768.1008911132812,5982000
2025-05-07,773.4321393659171,777.2373926472083,765.2667668158506,769.6863403320312,3807800
2025-05-08,758.0724875417862,763.0073714396357,732.3872248989853,744.6452026367188,6162000
2025-05-09,745.2001648969455,755.1096096545917,726.3623007354679,727.9180908203125,4072600
2025-05-12,721.2787907120905,758.3995946052854,715.6403139131869,748.7279663085938,9176100
2025-05-13,748.7080692941358,752.6223119795914,734.1411737399764,739.3040161132812,4523900
2025-05-14,742.4552016355852,752.6223012546769,707.5640866548499,709.0802001953125,7558500
2025-05-15,719.1284234469372,731.9908634825607,705.7605920477652,726.649658203125,5212900
2025-05-16,734.8019635302478,753.5394087517552,732.8160122774633,752.06982421875,4645100
2025-05-19,747.7106830399196,753.3904748080496,742.3088929453609,749.8058471679688,4062700
2025-05-20,750.6896595901695,758.1369776416593,737.7809749675873,741.7628173828125,3873500
2025-05-21,741.8024652055376,745.2481223099613,718.8845696778066,719.8577270507812,4060000
2025-05-22,712.062825897776,717.1170987049102,706.5518230723604,710.1762084960938,4249900
2025-05-23,705.0126938856665,714.5849934580499,704.0197182604754,708.6966552734375,2635700
2025-05-27,711.993380821146,726.1730420142063,709.3123343642387,720.1257934570312,3792700
2025-05-28,720.1257965943657,724.8623100019898,709.7194308181516,714.3367919921875,2948800
2025-05-29,714.1778803561419,722.2210197440323,711.9238667704178,717.4944458007812,2785500
2025-05-30,719.9073575716005,740.6605732255449,712.0727650243483,732.4883422851562,6106200
2025-06-02,727.3547092129658,742.1202532054027,725.5673650522263,741.8720092773438,2946900
2025-06-03,741.0080778414051,751.6825660649162,736.251746302451,745.5062866210938,3056500
2025-06-04,751.0769383766451,767.1929153254514,750.6896632905156,760.4605712890625,3135900
2025-06-05,764.0948102340544,764.591298089957,747.7603476535744,760.3016357421875,3636400
2025-06-06,763.0819776894343,767.173032891909,759.8250487758351,764.47216796875,2069900
2025-06-09,766.5275606886495,773.8159679777386,762.1982014253257,768.2752075195312,2262200
2025-06-10,771.6314766273975,802.9499068954023,771.5420821518275,801.52001953125,4744400
2025-06-11,803.9627872109468,814.954974704884,799.375244396997,802.9300537109375,3125400
2025-06-12,804.6379790707737,812.8101493131512,800.6858947535443,806.3260498046875,2271100
2025-06-13,804.6479536406637,819.2049507039201,802.4236371681417,813.6045532226562,2754600
2025-06-16,815.9081578354939,819.2048439956161,800.100003755097,801.9072265625,2821800
2025-06-17,799.5042102672049,799.5042102672049,783.3981750691147,785.6820068359375,2875600
2025-06-18,784.4011091532079,785.0763253072132,773.9649256099805,779.5156860351562,2442900
2025-06-20,780.4788148233979,780.4788148233979,750.2526353975836,757.3722534179688,6210600
2025-06-23,765.1175328329152,787.6382126000583,758.4645840640372,765.2267456054688,3951500
2025-06-24,767.4610165918929,778.929874003963,757.6603511119031,772.6145629882812,2788500
2025-06-25,773.5280547179452,793.3379316551778,768.1659618033892,786.734619140625,3023100
2025-06-26,788.3730864495052,793.1889944576951,782.7131127139228,789.5348510742188,3118200
2025-06-27,790.2100838781311,796.8630334751597,769.1987438305247,770.0030517578125,4115100
2025-06-30,773.0712854644383,779.4859303529176,768.5631975709022,774.0543823242188,3041500
2025-07-01,774.0543355503318,784.4507614880841,767.5701754813786,770.4498291015625,2734000
2025-07-02,771.0455899187671,774.3621552466735,762.6052969190123,773.8060913085938,1978300
2025-07-03,774.9777931996747,778.0460540010872,767.5701730745881,775.186279296875,1450800
2025-07-07,775.1963002830723,775.6630304003414,756.6773389322245,767.441162109375,2576900
2025-07-08,769.4072502793106,787.1219646630796,763.399758998832,772.197509765625,3301800
2025-07-09,778.2943157865544,788.4226797127131,776.4970322532799,781.3923950195312,2703100
2025-07-10,784.1230950541994,793.8741235891125,780.905863520134,785.0962524414062,3130400
2025-07-11,780.826384408735,790.1405009290862,771.7406935020874,787.4396362304688,2852500
2025-07-14,784.4508000565347,795.254380480511,781.8293296728286,793.7252197265625,2401400
2025-07-15,796.038794807981,799.7624536004602,759.0107535938827,766.3289794921875,4174100
2025-07-16,768.0667054453978,790.4483559486604,766.7360913379792,784.252197265625,3255400
2025-07-17,781.2633347914689,784.4508086296577,754.6814163240725,756.1510009765625,4107300
2025-07-18,758.4943505424546,770.5093920349506,755.1579669696292,766.2892456054688,3357700
2025-07-21,762.7741478224008,766.5772618295156,755.1580409602935,756.8262329101562,3058000
2025-07-22,757.9780660614024,772.8230036754439,757.1439398411768,770.9860229492188,2496600
2025-07-23,774.520996004741,794.4699031968688,771.6215241177013,793.2783203125,2683600
2025-07-24,795.7309815855306,804.4493372040571,792.0470805767403,799.7723999023438,2786400
2025-07-25,803.3173017007066,809.4638234049727,796.7338682857209,806.9813842773438,2976900
2025-07-28,806.9417423024552,814.4585151617638,796.8630145118524,802.43359375,2587700
2025-07-29,769.059615534921,774.0145541678087,749.8753193375092,757.5907592773438,7100700
2025-07-30,768.5632333535505,772.6344097010941,753.0827146867446,754.7410278320312,4338700
2025-07-31,742.0507157901812,761.0662243623443,730.2740387352552,734.8715209960938,5810300
2025-08-01,741.5740365753774,762.6052522755176,740.7498498667923,756.97509765625,4859500
2025-08-04,754.631727806284,769.0398151808272,747.2837438521802,763.5983276367188,3353400
2025-08-05,760.1923665574335,764.5316652475561,754.1848760680199,760.5697021484375,3615200
2025-08-06,751.2456829706957,757.6404488161534,734.9906758308475,741.1272583007812,4752100
2025-08-07,670.913940995567,673.5254719592162,628.7522311720338,636.3583984375,26101600
2025-08-08,650.3990605473799,651.5707645592591,619.3983893784804,621.2552490234375,14125100
2025-08-11,624.9986881839362,649.8429572093127,621.5034552675156,630.7579345703125,11294200
2025-08-12,635.007992137773,641.6410628751348,624.9789613051432,634.9384765625,6897400
2025-08-13,645.8314338073365,657.1016840090457,639.9728528051832,655.8505249023438,6310000
2025-08-14,657.3498779751664,680.6649267606529,650.4983217718285,679.622314453125,8395900
2025-08-15,690.8377595246925,703.36674775122,682.4784193574195,697.8336791992188,8224600
2025-08-18,691.6537744046942,704.3220987577787,690.1411169035953,694.6690673828125,4997300
2025-08-19,703.1876343908247,710.8105684362407,695.1666741243157,699.8041381835938,5941000
2025-08-20,698.1223183363958,702.3815572491695,681.8316086999087,702.0233154296875,4139400
2025-08-21,701.7844613478051,714.9205408942363,701.7844613478051,706.382080078125,3617300
2025-08-22,711.5768051031941,715.9754413272808,705.9939907490184,708.2330932617188,3222700
2025-08-25,707.556367742491,710.0442593308965,690.8675715308148,691.9622802734375,2898100
2025-08-26,712.7710201316221,732.6144470211726,709.6462135378677,732.4652099609375,7695600
2025-08-27,733.3906616500641,742.9740249833892,728.0068301961271,730.6141357421875,4326200
2025-08-28,732.236223334917,735.0127491571174,722.8220806539038,728.4148559570312,3117000
2025-08-29,728.7731099096707,733.8483844222534,724.971604297772,729.0318603515625,2551200
2025-09-02,724.4641319187007,733.5698402156438,720.1352244762794,731.6292724609375,3222500
2025-09-03,728.4746118491627,734.2564697265625,725.4891418111343,734.2564697265625,2222500
2025-09-04,732.7537800512297,743.3820461940132,731.7685846480948,739.3118286132812,2423400
2025-09-05,741.0931457454939,741.0931457454939,719.0703249248501,723.6878662109375,3958200
2025-09-08,726.1757586766698,739.1028334455611,715.736514716972,735.0625,4534600
2025-09-09,730.6241312154693,749.1937890609478,730.3156350712186,746.9745483398438,2986900
2025-09-10,744.4667467105412,752.1393654199935,738.893833163906,750.965087890625,2477400
2025-09-11,748.8354824723289,757.4436120885704,746.7357164456465,752.6171264648438,2197500
2025-09-12,756.4882014029394,757.9112681007058,744.3771621751556,751.7313842773438,2198300
2025-09-15,749.4227151053394,752.6768971756948,738.5157750539797,744.5663452148438,2790900
2025-09-16,741.7996546109322,766.648746501858,740.9338732279431,761.0062255859375,3881300
2025-09-17,757.8018237524461,773.196928632511,752.676803475302,756.4484252929688,3471200
2025-09-18,757.6923826062474,768.7983042058081,755.3338661813469,759.23486328125,3464000
2025-09-19,761.2948991786442,761.2948991786442,745.5714349775044,748.347900390625,7349500
2025-09-22,744.9344525546569,758.3491446350332,742.6555657136219,751.2935180664062,2527400
2025-09-23,746.9347608087787,749.3529842660714,739.5705770394301,743.3621215820312,2910100
2025-09-24,742.3768598605202,743.3222707753013,732.5944535078013,738.2568969726562,2243000
2025-09-25,734.097200427429,736.4159324651006,708.601291516652,711.1290283203125,5136400
2025-09-26,720.6128129418678,725.4691821479196,713.6069321437383,721.03076171875,3559700
2025-09-29,722.0359606710274,724.3347703112019,712.611855496749,722.9913330078125,3309200
2025-09-30,723.4391396706473,762.6383160934887,721.7971068126287,759.3045654296875,6234300
2025-10-01,759.6030543027127,829.2640193905464,759.6030543027127,821.4221801757812,10124500
2025-10-02,810.415810759146,830.4184972461792,808.8733299932679,815.8792114257812,4291800
2025-10-03,820.9445040200115,844.0221884529898,812.1472927793045,835.8021850585938,5088500
2025-10-06,835.8818178026648,852.4213160210445,834.5980268854345,840.9570922851562,3651400
2025-10-07,840.9073660938759,844.4301987554189,832.5281641393967,839.5440063476562,2610800
2025-10-08,845.8832012295368,851.8541414735099,840.8974564074919,841.6239013671875,2180900
2025-10-09,847.5649677501092,856.0835062252507,841.6039891484251,851.2072143554688,3071700
2025-10-10,853.8444247541355,860.1636453268367,826.0894905887748,829.453125,3431000
2025-10-13,828.6470454253974,831.2742736013473,813.3912767272703,815.431396484375,2167500
2025-10-14,818.1083429326723,818.1083429326723,802.096245986526,808.4154663085938,1928400
2025-10-15,808.5648488468509,826.1691739547106,804.6638514447183,822.5667114257812,2355800
2025-10-16,821.0739430573967,830.6573069060424,811.4209109512346,815.4114990234375,2272900
2025-10-17,785.1388321676542,800.5438380598712,780.053535396394,798.941650390625,3983000
2025-10-20,801.6981587056789,805.4897030452578,795.8964392716899,805.0419311523438,2279700
2025-10-21,803.0217258571607,809.0523725580666,794.8415675777164,795.6973876953125,2099500
2025-10-22,794.5331008462077,811.9881267789378,789.9752663408884,808.4951171875,2930600
2025-10-23,802.4943080035898,820.705661668991,802.116143635735,817.0633544921875,2632900
2025-10-24,811.2616927950235,830.1099626003627,808.5647963465123,821.4520874023438,2211200
2025-10-27,821.0042654669336,822.4173709531499,807.5497276434761,822.4074096679688,2114800
2025-10-28,821.9994395869525,825.4427036577539,810.1073047961088,816.1279907226562,2493500
2025-10-29,823.303071227942,826.2686187003058,805.7087083987568,809.58984375,3591200
2025-10-30,833.4436934964059,848.8686215551454,808.3159881103949,840.4097900390625,6037200
2025-10-31,835.0956819186229,865.6967508933163,830.1497822019227,858.680908203125,5015000
2025-11-03,862.3331061912252,896.9745061500568,858.4420097427619,892.1878051757812,5401500
2025-11-04,887.0925305680031,910.7872071179662,879.3602049800431,902.4677124023438,5911500
2025-11-05,906.587721003653,950.8324081561916,903.4629145008593,921.3259887695312,7272900
2025-11-06,923.5053769391623,945.2993320054183,911.8222475138836,932.899658203125,6417400
2025-11-07,926.6599973832721,927.4859944068219,896.5366470008657,919.8929443359375,4373400
2025-11-10,935.1885134044273,977.2338824447324,933.8649380346666,961.958251953125,5696600
2025-11-11,961.8686123323375,995.1068675087495,960.61470528139,983.8317260742188,4166400
2025-11-12,988.3099884123251,1017.4680667296722,985.3045958287406,1012.8505859375,5185200
2025-11-13,1005.1978229544862,1027.9470290101992,1005.1978229544862,1017.9158935546875,4153600
2025-11-14,1005.5877104721058,1030.1244443885844,1004.381780615709,1021.8126831054688,3862300
2025-11-17,1000.3255756777976,1028.649508298634,994.9239221459187,1018.2448120117188,4720000
2025-11-18,1010.5807349763423,1037.2003656461097,1010.5807349763423,1026.5665283203125,3430500
2025-11-19,1026.157955141491,1052.0201481912093,1022.7794049200058,1046.0504150390625,3571200
2025-11-20,1041.9643281119393,1053.4254374120706,1034.7388461618564,1039.7618408203125,3135700
2025-11-21,1037.4795000888141,1063.042780114143,1034.4896456216993,1056.1162109375,4266700
2025-11-24,1053.1962827193977,1072.0821498078544,1045.8312592865523,1066.541015625,5497200
2025-11-25,1072.1916491594002,1107.352366316718,1069.620418156335,1106.186279296875,4181500
2025-11-26,1098.2732940757862,1108.22950050273,1094.386458630951,1100.6053466796875,3093700
2025-11-28,1093.0110212945272,1095.3332194299996,1064.079167386875,1071.8328857421875,2732200
2025-12-01,1070.7466013133148,1080.483579998982,1051.4321369083575,1054.3123779296875,3070200
2025-12-02,1049.010291596009,1064.56760766436,1036.8416231587428,1042.5821533203125,3280000
2025-12-03,1042.8512641317866,1047.9240163711931,1018.8626583401341,1030.064697265625,3447000
2025-12-04,1029.1378110101127,1029.1378110101127,1003.7738667812239,1011.0591430664062,3854900
2025-12-05,1020.377521861433,1023.9155040186192,1000.6045916131167,1006.8932495117188,2502100
2025-12-08,1007.3218623657772,1010.7701832108983,985.5358032720646,994.2163696289062,3088600
2025-12-09,999.4485767002333,1008.5775722296804,975.8685571035728,978.8982543945312,2569700
2025-12-10,981.6688677586786,999.6079942760961,973.8155119503097,990.2796630859375,2966300
2025-12-11,1004.7406098077453,1028.0714747065383,983.6621116550675,1005.9664306640625,4517000
2025-12-12,1005.3485653679636,1025.4204701196209,1000.1063440065902,1024.03515625,3275200
2025-12-15,1029.0581233021942,1061.398333727903,1029.0581233021942,1058.5977783203125,4648400
2025-12-16,1059.9034237902617,1064.6373600977406,1032.7256268292847,1050.724609375,4024500
2025-12-17,1060.7007296526526,1060.7007296526526,1032.9050352709846,1038.266845703125,3726600
2025-12-18,1038.276828357429,1075.6101050032985,1036.024461625301,1053.3057861328125,3848600
2025-12-19,1055.428632425438,1071.7432672258853,1055.428632425438,1067.8165283203125,5829100
2025-12-22,1073.078656160433,1079.8158045298378,1059.4050844563105,1072.8394775390625,2625600
2025-12-23,1059.903382950549,1084.7988844125769,1059.903382950549,1068.015869140625,2108600
2025-12-24,1071.0058380118999,1082.0583002085477,1069.0823112830287,1073.337890625,932800
2025-12-26,1073.3378091590694,1077.7329293196894,1064.6872316369654,1074.105224609375,1014600
2025-12-29,1074.3045178019713,1081.8290337193034,1070.7466444308739,1075.0819091796875,1653000
2025-12-30,1075.31114342699,1078.7096455824349,1068.4444293707961,1076.0985107421875,1251500
2025-12-31,1076.1084307368067,1079.8357729107013,1070.796499757671,1071.045654296875,1646700
2026-01-02,1072.7598517680326,1077.0054550205873,1048.5220290845991,1076.7064208984375,2469100
2026-01-05,1065.6140192570313,1081.7094269254765,1029.8852824349965,1037.98779296875,4084800
2026-01-06,1040.5789964737464,1067.2086051262331,1036.4132005969204,1060.441650390625,2690700
2026-01-07,1073.357824914489,1113.8803558783313,1072.321303033383,1104.3426513671875,4652800
2026-01-08,1109.9236375344708,1130.1151315037457,1066.5309648980485,1081.52001953125,3156000
2026-01-09,1083.154458968468,1100.7846972843408,1059.435020019225,1059.9632568359375,2561900
2026-01-12,1054.4220204454787,1079.6962425559345,1054.4220204454787,1077.34423828125,2380200
2026-01-13,1079.3375293789677,1086.5330837103616,1065.4745359116723,1073.547119140625,2194200
2026-01-14,1078.0917515392853,1080.3341425177584,1057.5315129459177,1069.660400390625,1912600
2026-01-15,1058.9665794701723,1064.0393315002927,1009.145589896656,1029.4765625,4183400
2026-01-16,1020.9655793820677,1046.3891963254314,1014.5572711831193,1034.8883056640625,3829000
2026-01-20,1024.6729775680276,1042.3130701998687,1012.524199858942,1037.7685546875,2484900
2026-01-21,1040.32985978363,1077.6731145445165,1038.4961163594983,1074.8726806640625,3685900
2026-01-22,1074.8726146071951,1091.775219312159,1068.1155144278098,1083.70263671875,2478200
2026-01-23,1080.064994815659,1080.6529654745325,1059.4250713515887,1060.6907958984375,2592900
2026-01-26,1058.617671085677,1063.4711963572774,1039.7915406130785,1059.1558837890625,2244900
2026-01-27,1060.5112881424259,1069.7599334508118,1031.3104503567147,1035.9945068359375,2587900
2026-01-28,1025.6296864105066,1026.2076811389297,1000.744160483774,1020.337646484375,3300200
2026-01-29,1021.8923586015108,1036.4828627296029,1014.5572637103229,1020.676513671875,2293000
2026-01-30,1029.8055008151143,1045.023756557955,1016.5504318157022,1033.6424560546875,3303100
2026-02-02,1034.0610037251938,1053.833994713948,1034.0610037251938,1040.598876953125,2757100
2026-02-03,1037.2303360735064,1045.2531608166285,990.2198751304529,1000.0664672851562,5483900
2026-02-04,1071.484074468819,1110.2325920635112,1061.3983039027282,1103.3758544921875,7119400
2026-02-05,1061.896634965065,1071.3645073556497,1002.428447202777,1017.3876953125,7742400
2026-02-06,1052.428759347951,1056.4351837493032,1029.7756484154418,1054.6014404296875,4887100
2026-02-09,1073.4474920908606,1103.1965218362955,1039.3931251339422,1041.13720703125,3423800
2026-02-10,1047.106886830628,1052.0800017961278,1020.417422880305,1021.5336303710938,3539400
2026-02-11,1023.0285304073461,1026.6163314138576,1009.1954656267221,1011.7767333984375,2599900
2026-02-12,1021.4040809660809,1056.2557899219587,1008.5776097089087,1034.7587890625,3592200
2026-02-13,1038.1927834268372,1062.5109063439502,1031.9135537447264,1038.2127685546875,2698700
2026-02-17,1043.8131616141866,1065.1664186889575,1033.1016200317115,1034.2696533203125,2984600
2026-02-18,1030.585923449878,1035.7570754830406,1009.5721090672547,1018.8062133789062,3236900
2026-02-19,1009.0829543394955,1023.4681645324832,1005.2695115421718,1021.4616088867188,2145800
2026-02-20,1022.1005406967669,1026.8823483519013,1000.7373519273956,1007.7852172851562,3249400
2026-02-23,1045.2207588154968,1062.6207378375525,1032.2231136507573,1056.740966796875,4767600
2026-02-24,1041.157682974726,1057.0803466475645,1022.3201151970201,1040.359130859375,2803100
2026-02-25,1034.7986940966075,1051.819444072113,1025.2352002657751,1027.06201171875,2481900
2026-02-26,1022.3201295430953,1025.155336894915,1005.6488763421559,1020.2637329101562,2666400
2026-02-27,1017.4185232803184,1051.1904029542225,1015.6116362309695,1050.18212890625,4325900
2026-03-02,1042.8248698187447,1054.3849263193688,1011.2592120236809,1016.2206420898438,3094300
2026-03-03,1013.2557562247102,1018.2571564550171,993.3600125791421,1005.9982299804688,2846000
2026-03-04,1009.8915446082733,1013.9145874726661,991.9523939096591,1001.8453979492188,1965500
2026-03-05,988.2987203014923,991.8526001312242,963.9406264593275,981.5703125,3769900
2026-03-06,973.3245007709129,989.5165980910544,964.4298390654943,988.628173828125,2627800
2026-03-09,985.194111803648,1007.1962156394599,978.8949575433462,1006.6571655273438,2802200
2026-03-10,1004.2712450318838,1010.2609343660699,992.2918663635114,999.6292114257812,1663700
2026-03-11,998.311502098723,1001.2064819613405,988.5981814336653,998.121826171875,1446900
2026-03-12,991.7427905232294,992.7909739355993,971.487619440222,975.5706176757812,2340100
2026-03-13,978.4457011691946,1001.4959880540754,976.3193565917665,983.38720703125,1984400
2026-03-16,990.2752976176918,996.4546627567153,973.8336299823382,987.4202270507812,2289900
2026-03-17,977.2377631609971,979.4838966606686,923.6600091426449,928.751220703125,5637500
2026-03-18,923.4104199289278,927.4035460691609,903.5545855733535,916.4723510742188,3443800
2026-03-19,912.429354351158,922.9412885225436,909.2947356002531,915.92333984375,2379000
2026-03-20,908.985266389583,923.7897990519223,897.7446062242202,905.1419067382812,4818800
2026-03-23,911.9201796099584,925.1873800592911,905.6709275208751,908.9852294921875,2817500
2026-03-24,905.4413416487102,907.1084547321748,894.0709004748627,901.4682006835938,2572700
2026-03-25,910.9219087844001,920.5653425404496,907.5277881210985,914.7353515625,2177700
2026-03-26,910.8121323585593,914.7752808955319,894.7497552881431,895.4585571289062,2163200
2026-03-27,894.4602639056106,899.2819808262025,875.6027109060323,876.7307739257812,2740800
2026-03-30,886.9531807909435,895.8878129375857,881.5924136890123,885.1063842773438,3070200
2026-03-31,891.954584390635,922.5519386829161,890.606928652067,918.189453125,3464200
2026-04-01,925.2871837626982,975.0015914677158,924.3986985831475,952.8796997070312,6267900
2026-04-02,943.3760237355892,956.0442184915349,928.4217862644292,933.9722290039062,2727100
2026-04-06,930.4382803520751,934.3914970823199,918.1994001721444,925.4668579101562,1821100
2026-04-07,922.9112880456931,931.0572386408663,896.9060659931422,929.489990234375,2726900
2026-04-08,939.9020790414424,959.4883584820097,931.5264820836841,951.6618041992188,2568000
2026-04-09,946.8400394832781,962.1038028461878,937.6758224852963,953.5485229492188,1672100
2026-04-10,962.0339403843994,962.2835107695718,933.9322906418785,937.8555297851562,1958900
2026-04-13,938.3546520722086,944.2745151105288,925.5766607891305,927.9525756835938,2089600
2026-04-14,923.4104377725906,938.314774067385,913.4675315563798,920.9147338867188,2360200
2026-04-15,921.9130237081006,928.4018538695544,886.5040059043586,903.4747924804688,4233400
2026-04-16,910.1033183857057,918.4190207097819,896.6065933400325,902.4365234375,2836600
2026-04-17,916.2227707820681,928.3918250000387,916.2227707820681,925.4369506835938,3266100
2026-04-20,925.3071846536486,928.0424663269345,910.9319060922493,918.3192138671875,1926300
2026-04-21,908.635854709379,911.4809326787256,879.5958183867632,901.4682006835938,4062800
2026-04-22,904.8423820878868,920.9545992997852,900.6795043349576,919.8964233398438,2623800
2026-04-23,927.8926781305523,928.4018114534182,910.3229477912832,916.0730590820312,2149200
2026-04-24,898.4633856614171,898.8726542867313,870.2319542406808,882.4409790039062,4463700
2026-04-27,876.6209957110293,889.6685430796404,866.5483079089853,866.7779541015625,2700300
2026-04-28,870.4016800589637,876.6409395474864,861.8663243344502,872.498046875,2561300
2026-04-29,864.5517248180772,867.5266452462313,849.0484441524184,849.7472534179688,3904600
2026-04-30,897.2355055865567,943.8751895675202,895.2588667183905,932.993896484375,8236700
2026-05-01,947.319267312977,982.75826152448,942.1780930763838,961.674560546875,4352400
2026-05-04,958.3502971422698,972.5458316721597,950.1244668406421,966.2666625976562,3696900
2026-05-05,970.219853370513,991.0938934084766,962.7526660738614,987.170654296875,2955500
2026-05-06,989.6463581052714,994.7775397290237,981.8098725641821,985.353759765625,3921200
2026-05-07,983.6766911132756,987.3004580328533,965.4380676031924,973.2846069335938,3494900
2026-05-08,972.39609732087,978.3158994826379,945.8817423190412,946.8201293945312,3559200
2026-05-11,947.3691720921403,993.2901224780607,941.6390458580445,965.3282470703125,3517500
2026-05-12,972.7654684278397,995.8058234825106,969.5110608513935,988.1689453125,3037500
2026-05-13,993.0405436127813,1021.0623132357589,990.2952694283781,1014.0044555664062,3486400
2026-05-14,1015.7414675474674,1016.4202916784651,994.2983997103153,1004.9700317382812,1751700
2026-05-15,1006.97998046875,1014.3800048828125,997.4099731445312,1004.9199829101562,2820700
2026-05-18,1000.6099853515625,1003.0,978.8699951171875,988.0900268554688,2016000
2026-05-19,989.510009765625,1021.7999877929688,984.5999755859375,1021.4099731445312,3796000
2026-05-20,1024.989990234375,1037.8800048828125,1003.6900024414062,1018.8699951171875,2998800
2026-05-21,1024.300048828125,1047.300048828125,1022.0,1041.6500244140625,2705200
2026-05-22,1049.81005859375,1070.3399658203125,1047.0699462890625,1065.0,3470600
2026-05-26,1075.0,1082.0,1060.3599853515625,1064.739990234375,2981000
2026-05-27,1072.260009765625,1093.0,1069.9000244140625,1082.9200439453125,2583000
2026-05-28,1096.6400146484375,1149.0999755859375,1092.010009765625,1126.800048828125,4600700
2026-05-29,1127.0,1132.6600341796875,1089.010009765625,1105.0,4600800
2026-06-01,1095.0,1106.1700439453125,1071.5999755859375,1082.199951171875,2693400
2026-06-02,1067.3699951171875,1078.219970703125,1052.1500244140625,1064.1500244140625,2408500
2026-06-03,1059.5,1093.280029296875,1053.510009765625,1078.780029296875,2655600
2026-06-04,1108.5999755859375,1140.4599609375,1101.6199951171875,1125.27001953125,4046700
2026-06-05,1142.969970703125,1166.2900390625,1131.030029296875,1131.4200439453125,4120400
2026-06-08,1159.0,1182.72998046875,1143.594970703125,1149.1500244140625,4496254
