Date,Open,High,Low,Close,Volume
2013-01-02,0.28939042057386244,0.29330731977295416,0.2882383897819778,0.29307690262794495,478836000
2013-01-03,0.29307697658613624,0.2965330698339379,0.2898513005414898,0.2933073937892914,298888000
2013-01-04,0.2937681132980561,0.3039060002876661,0.29284649969290033,0.3029843866825104,524968000
2013-01-07,0.30275389926339846,0.303675512654601,0.29215520793170435,0.29422885179519653,610732000
2013-01-08,0.29492011411387425,0.29584175509209554,0.2857038691311209,0.28777751326560974,466424000
2013-01-09,0.2900815526999854,0.29146400033008246,0.27948288824668155,0.2813261151313782,695020000
2013-01-10,0.2838606524578486,0.28524310037606526,0.280174142986991,0.2817870080471039,506368000
2013-01-11,0.28293897985534955,0.28316936948264937,0.27856124733775867,0.2813261151313782,513172000
2013-01-14,0.2831693272439342,0.2831693272439342,0.27786998207446734,0.2810956835746765,305684000
2013-01-15,0.27971338489367387,0.27971338489367387,0.2744140369061785,0.2760268747806549,375888000
2013-01-16,0.2755659792068734,0.2808653254890552,0.2755659792068734,0.2785612642765045,337376000
2013-01-17,0.27948285468727224,0.2833997525467858,0.27879163095522363,0.28224772214889526,580736000
2013-01-18,0.28224779250559584,0.28224779250559584,0.27694844586100203,0.28040453791618347,397088000
2013-01-22,0.2801740684527885,0.282708546473083,0.277639617899067,0.2790220379829407,308224000
2013-01-23,0.2799437376901644,0.2801741273526241,0.276487645554061,0.2794829308986664,421808000
2013-01-24,0.2785613096395032,0.282017402021145,0.2771788617002142,0.2808653712272644,396980000
2013-01-25,0.28132603177520316,0.286164569580322,0.2799436120212881,0.285934180021286,393920000
2013-01-28,0.2873167508062252,0.2923857083014964,0.2866255268326354,0.29054245352745056,422492000
2013-01-29,0.28939047516603555,0.29008167179829286,0.2831694857430331,0.28432151675224304,388872000
2013-01-30,0.2845519373506108,0.2884688373355452,0.2829390994117068,0.2838607132434845,287592000
2013-01-31,0.28386078106408136,0.28708648517916735,0.2806351044155881,0.28247833251953125,470544000
2013-02-01,0.2847820963945303,0.2859341539509357,0.2824780362148472,0.28501251339912415,288816000
2013-02-04,0.2833998085914272,0.2891599617199975,0.279943716714285,0.2801741063594818,511744000
2013-02-05,0.2815563992084472,0.2882381896417787,0.2806347862015002,0.28662532567977905,367296000
2013-02-06,0.2797133927154032,0.28662557877066297,0.2781005547958264,0.28432151675224304,530688000
2013-02-07,0.2833997760540538,0.2857038370409507,0.28040449127777317,0.28316935896873474,440000000
2013-02-08,0.28501251339912415,0.28731657357880724,0.28316925976206486,0.28501251339912415,307232000
2013-02-11,0.287316586773265,0.29123351123185454,0.2845517199239869,0.2882382273674011,408308000
2013-02-12,0.2857039085791951,0.28962080774436905,0.28524310175974765,0.2863951325416565,277804000
2013-02-13,0.2866253500315895,0.2919246939381734,0.28409090031387646,0.28501251339912415,856396000
2013-02-14,0.2810958588204081,0.2935378109924465,0.2776397655726065,0.2933073937892914,882096000
2013-02-15,0.29261616964641357,0.29468984207504706,0.28685601423341084,0.2933073937892914,733860000
2013-02-19,0.29353764052850456,0.29376803013127967,0.2875470713912056,0.28939032554626465,433552000
2013-02-20,0.2903119327802677,0.2949200543376416,0.28432136376905315,0.2852430045604706,713012000
2013-02-21,0.28478219616624784,0.28800789802784765,0.28247813517935094,0.28316935896873474,580408000
2013-02-22,0.2850126268831048,0.288699135625087,0.28339978960845313,0.28846871852874756,370148000
2013-02-25,0.28915997369487223,0.2914640350417176,0.28293901355170525,0.2833998203277588,644444000
2013-02-26,0.2839793345203732,0.28838389661346064,0.2830520393820363,0.28676116466522217,487504000
2013-02-27,0.2867612687983173,0.2941795220585175,0.2860658041007872,0.2920931279659271,476980000
2013-02-28,0.2911658351181499,0.2978885954683212,0.2900067366001832,0.29348403215408325,591392000
2013-03-01,0.29139761193797675,0.29557037175302453,0.2888476120096764,0.2946431040763855,389396000
2013-03-04,0.2925567367586568,0.2962658630701856,0.29023853972272345,0.29348403215408325,353680000
2013-03-05,0.2951068022589483,0.29719316880383456,0.29371587280562944,0.29672953486442566,366168000
2013-03-06,0.29858406893859357,0.3013658999369858,0.295106773281831,0.2964977025985718,342928000
2013-03-07,0.2981203125459962,0.301133973070551,0.29417938461469134,0.29580211639404297,314824000
2013-03-08,0.29649761357005733,0.2985839792836119,0.2951066846709669,0.2971930503845215,246464000
2013-03-11,0.2941795282678342,0.2955704300571617,0.2918613033487722,0.2944113314151764,299748000
2013-03-12,0.29394761224821675,0.29626580885997045,0.29116578184112907,0.29533854126930237,310856000
2013-03-13,0.29533854126930237,0.30043856828814375,0.2925566832271312,0.29533854126930237,485840000
2013-03-14,0.2971930758306595,0.29812037105447664,0.29371578092028305,0.29557034373283386,383304000
2013-03-15,0.29557030739075285,0.29557030739075285,0.2918611822217097,0.2930203080177307,355776000
2013-03-18,0.2911657973642262,0.2937157971920548,0.28884760062888115,0.2909339666366577,298312000
2013-03-19,0.2911657915177616,0.2925566929499891,0.2869930319509104,0.2890793979167938,355480000
2013-03-20,0.29186117906995257,0.29348393858581007,0.2893111797244674,0.29255664348602295,340588000
2013-03-21,0.29093404772203085,0.291397681671301,0.2874567516498663,0.28792038559913635,339032000
2013-03-22,0.288847507105744,0.29047023876806,0.2876884091133645,0.28931114077568054,232476000
2013-03-25,0.29093392786930183,0.29116575856597854,0.28560207056146864,0.2876884639263153,362076000
2013-03-26,0.2883838468550948,0.29000660615841983,0.2872247488584776,0.2897747755050659,232540000
2013-03-27,0.28861580584020813,0.29487493227801914,0.28792034120598725,0.29325219988822937,254944000
2013-03-28,0.292556688427447,0.2976567431720274,0.29047032249381605,0.29742491245269775,349276000
2013-04-01,0.29672941893540716,0.29672941893540716,0.28560207056146864,0.2876884639263153,442828000
2013-04-02,0.28792025731578824,0.2886157217473743,0.28282023087595726,0.2846747934818268,371524000
2013-04-03,0.2842111815823131,0.28583394141688007,0.27911115425461946,0.28119754791259766,353156000
2013-04-04,0.2802701424821994,0.2849065341643414,0.2793428751998007,0.28397926688194275,294676000
2013-04-05,0.2798065828968592,0.28884756565093994,0.2791111184334559,0.28884756565093994,551352000
2013-04-08,0.28907936617537006,0.28907936617537006,0.28282024132989836,0.2881520986557007,326660000
2013-04-09,0.2883838861830164,0.2948748413762824,0.28629752055861085,0.29278847575187683,380584000
2013-04-10,0.29302034986610626,0.2978885462562731,0.2923248853432013,0.29742491245269775,384688000
2013-04-11,0.2932521775744184,0.2978885712696525,0.28513848860775876,0.2960340082645416,969220000
2013-04-12,0.2974248722010005,0.30669765755791967,0.2948748451738156,0.30345219373703003,770548000
2013-04-15,0.3025249076509267,0.30345220279534735,0.2953385153658423,0.2971930503845215,430420000
2013-04-16,0.29997485981031247,0.3025248588673372,0.2983521004780244,0.3004384934902191,468844000
2013-04-17,0.29812043504470975,0.300902266043102,0.2946431393879472,0.2964977025985718,532948000
2013-04-18,0.2971931211902043,0.2990476842858106,0.2907021641731262,0.2907021641731262,402548000
2013-04-19,0.2904703040155582,0.29232486674696545,0.2867611785527435,0.2913975715637207,303028000
2013-04-22,0.29116582890986986,0.2944112936369409,0.28884763192336543,0.29186126589775085,245568000
2013-04-23,0.2944112292726882,0.3025249169516373,0.2939475955037646,0.29951128363609314,376948000
2013-04-24,0.3004386379009497,0.3122614544143196,0.30020680713202486,0.30971142649650574,556556000
2013-04-25,0.31133407552764025,0.3129568074258687,0.30855221783344305,0.31226134300231934,353224000
2013-04-26,0.3117977638886972,0.3122613977072605,0.30924773643397147,0.3108704686164856,324332000
2013-04-29,0.311334053086722,0.31573861472658743,0.30994312433988136,0.3145795166492462,269712000
2013-04-30,0.3152750248660812,0.31921595335006714,0.313188631455678,0.31921595335006714,276712000
2013-05-01,0.31921597541146635,0.3213023689660628,0.31527504665511813,0.3164341449737549,341316000
2013-05-02,0.3162022964417543,0.32107052015979565,0.31434773370940133,0.3201432526111603,323480000
2013-05-03,0.32222971088488195,0.323852443378218,0.3203751476203163,0.32153424620628357,293864000
2013-05-06,0.3215342146689782,0.32338877775164115,0.31875238386252747,0.32060694694519043,217116000
2013-05-07,0.32060690444786394,0.3213023689660628,0.3134204838182826,0.3164341449737549,448068000
2013-05-08,0.3168978248315322,0.3240842465055747,0.31573872634443423,0.32222968339920044,334032000
2013-05-09,0.3164340754687266,0.32385229755156597,0.31597044177012623,0.32246139645576477,566800000
2013-05-10,0.3291841705358761,0.3384569831441948,0.3291841705358761,0.33706605434417725,861136000
2013-05-13,0.33474789662121635,0.33613882558129193,0.3287205746409987,0.3301115036010742,289812000
2013-05-14,0.33405253669707957,0.3377616633281546,0.33080707162120715,0.3349798321723938,454140000
2013-05-15,0.333356970580959,0.3419343198514153,0.333356970580959,0.3407752215862274,313172000
2013-05-16,0.3403115534781586,0.34378884792294934,0.33799332954655176,0.339152455329895,308368000
2013-05-17,0.3407753506317938,0.34703447810701216,0.33822532242869713,0.34471628069877625,312116000
2013-05-20,0.34332531921651294,0.34541171327061804,0.34216622062037355,0.3440207839012146,236380000
2013-05-21,0.3460012837742709,0.34903025387892156,0.3420403356876351,0.3476322591304779,357784000
2013-05-22,0.34903017803505415,0.34903017803505415,0.33411833913535605,0.3355163335800171,480404000
2013-05-23,0.33155529353424174,0.3420401942613559,0.3306233159376093,0.34087520837783813,393884000
2013-05-24,0.3390112358617423,0.341807196513301,0.335050261515291,0.33877822756767273,283304000
2013-05-28,0.3413412516001713,0.3422732293453999,0.33528331292980945,0.3385452628135681,279300000
2013-05-29,0.3364483118057251,0.338545275700038,0.33505031735920987,0.3364483118057251,335052000
2013-05-30,0.33598225655688185,0.34437016602839143,0.335050251184795,0.34087520837783813,284504000
2013-05-31,0.3390112188027569,0.3439041427529097,0.33714723587036133,0.33714723587036133,577508000
2013-06-03,0.3376133139895397,0.3401762946716607,0.3296913913746408,0.3366813361644745,444468000
2013-06-04,0.3387782105204123,0.34483614810683444,0.3350502446556211,0.33714723587036133,363676000
2013-06-05,0.3366813107546836,0.339244263467914,0.3289923692886152,0.3299243748188019,464520000
2013-06-06,0.32992436207179693,0.3345843062163107,0.329691353754388,0.3320213258266449,341044000
2013-06-07,0.3343513360508891,0.3387783001586017,0.3329533693132914,0.3366813361644745,274584000
2013-06-10,0.3357493145824675,0.338545275700038,0.3338853312456005,0.3364483118057251,224148000
2013-06-11,0.3320214147186717,0.3366813878862572,0.33015745878219604,0.33015745878219604,296336000
2013-06-12,0.3317883386069233,0.33458429948226676,0.32549739191807864,0.3273613750934601,312588000
2013-06-13,0.32619648818206404,0.3364483848735474,0.32596350757402076,0.33481740951538086,236256000
2013-06-14,0.3359823338279551,0.33644832273344205,0.3320213586926643,0.3343513309955597,236012000
2013-06-17,0.33691437661406237,0.3406423441278311,0.335050392857178,0.33761337399482727,255336000
2013-06-18,0.3392442724733467,0.3429722391421362,0.33272034469069506,0.3355163335800171,486772000
2013-06-19,0.33854531717497954,0.36068008382073197,0.33738033091864855,0.3457682430744171,1159588000
2013-06-20,0.3429722395970296,0.3434382284873814,0.33411833957850634,0.3364483118057251,628696000
2013-06-21,0.33831232492754254,0.3394773111437171,0.33039040199227826,0.3359823524951935,714228000
2013-06-24,0.3310893283938941,0.33528328342932767,0.32409941259332353,0.3289923369884491,580772000
2013-06-25,0.3324874178646611,0.3331863874244876,0.32782744488787674,0.33132243156433105,457360000
2013-06-26,0.33505018654859664,0.3355162030324657,0.3280602725959492,0.3294582664966583,579752000
2013-06-27,0.33039037391334586,0.33085636280512015,0.32293446831857736,0.32642942667007446,808036000
2013-06-28,0.32642938340428856,0.3303903301225659,0.32223542838327757,0.3271283805370331,431536000
2013-07-01,0.3294584429740887,0.33015744029886757,0.3264294730836896,0.32852643728256226,199524000
2013-07-02,0.3266624101249498,0.3331863379940214,0.32526444343723027,0.32829341292381287,256392000
2013-07-03,0.3254973949615779,0.33318630827225926,0.3254973949615779,0.3292253613471985,140388000
2013-07-05,0.3301573860994436,0.3324873582825701,0.32806039446935414,0.3317883610725403,184684000
2013-07-08,0.3327204120825828,0.3343513874147317,0.3282934750702549,0.33015745878219604,262084000
2013-07-09,0.33085635553401405,0.3338853249271704,0.3299243777709472,0.3317883610725403,157364000
2013-07-10,0.3317883515364558,0.3371472929587147,0.3308563460247168,0.3362152874469757,208468000
2013-07-11,0.33807922003703206,0.34134119717615435,0.3373802229518305,0.34087520837783813,239832000
2013-07-12,0.34017628474105155,0.34437024038233505,0.3390112986059984,0.3411082625389099,216360000
2013-07-15,0.34180724347287855,0.34180724347287855,0.33505030754655923,0.3404092490673065,201332000
2013-07-16,0.34180730596379094,0.34413727854874876,0.3401763307094133,0.3422732949256897,162560000
2013-07-17,0.34227323234958285,0.3434382184290732,0.3394772713138979,0.3404092490673065,166100000
2013-07-18,0.33994328936445767,0.34110827554392686,0.33458434738380716,0.3390113115310669,344488000
2013-07-19,0.33691429432032666,0.3385452692934233,0.3282934027978505,0.3317883610725403,480532000
2013-07-22,0.3343512976432699,0.3373802668899796,0.33015737013678037,0.3315553367137909,292384000
2013-07-23,0.33574923129475975,0.33574923129475975,0.329458313396919,0.3310892879962921,246792000
2013-07-24,0.3341182566953867,0.335050234244899,0.33062329922153594,0.3310892879962921,284252000
2013-07-25,0.3308562964105093,0.33668125360287404,0.3285263246437451,0.3322542905807495,243320000
2013-07-26,0.3282933707561701,0.332953314667609,0.3282933707561701,0.3308563232421875,227360000
2013-07-29,0.33015745878219604,0.3343513874147317,0.32922545303849277,0.33015745878219604,179540000
2013-07-30,0.3313223624268284,0.34017626201687357,0.3310893541051988,0.3357492983341217,266076000
2013-07-31,0.33411833957850634,0.33971026181364744,0.3338853312456005,0.3364483118057251,270160000
2013-08-01,0.3376133041337504,0.3418072597750339,0.33365235682966166,0.3411082625389099,277648000
2013-08-02,0.34040926857955445,0.3446032242612088,0.3380792962870199,0.3439042270183563,209628000
2013-08-05,0.3429722677475012,0.3467002347272192,0.3411082842576422,0.3455352485179901,185188000
2013-08-06,0.34576819058805386,0.34646718779083985,0.33971025186452053,0.3404092490673065,206608000
2013-08-07,0.3385453111652432,0.34367127282247606,0.33831233058339083,0.3401763141155243,244380000
2013-08-08,0.3420402410154588,0.34413720478224685,0.33807926624970214,0.3425062298774719,345696000
2013-08-09,0.3289924525911703,0.34273930849465967,0.3287594719812261,0.33761337399482727,906224000
2013-08-12,0.3238665154488359,0.3397103355898804,0.30545971419105405,0.33481740951538086,257568000
2013-08-13,0.33528335521039626,0.33738031928932555,0.3331863633560047,0.3359823524951935,197468000
2013-08-14,0.3352834159232821,0.3522922233144658,0.3350504075276693,0.3501952588558197,828508000
2013-08-15,0.34646714719704463,0.3553210459188966,0.3450691529552685,0.35252508521080017,723616000
2013-08-16,0.35182623910056254,0.3588161577587404,0.3511272416796512,0.3539232313632965,660456000
2013-08-19,0.35182611145386833,0.3529910974742272,0.3480981450785369,0.34833115339279175,393432000
2013-08-20,0.3482140823322028,0.35242918378129323,0.34774574393019353,0.3500874638557434,234192000
2013-08-21,0.34797988042517464,0.35242916479330527,0.34704320367162184,0.348448246717453,261540000
2013-08-22,0.34821423391691486,0.3536001976733994,0.34821423391691486,0.35032179951667786,129016000
2013-08-23,0.3507901381225644,0.3536001976733994,0.3496192776500902,0.35032179951667786,245120000
2013-08-26,0.35055584219534563,0.3519608854769486,0.3496191652846148,0.35102418065071106,300152000
2013-08-27,0.3477457625599863,0.3500874826109892,0.34540404250898343,0.34657490253448486,277464000
2013-08-28,0.34727742413288676,0.3498532994396869,0.3451698593376812,0.34657490253448486,318824000
2013-08-29,0.3454040637352815,0.3491508272133399,0.3444673589080135,0.3458724021911621,276216000
2013-08-30,0.34610669977791275,0.34704337699928045,0.3437649788089776,0.34540417790412903,378120000
2013-09-03,0.3463407371763739,0.3505558390680736,0.343530678553743,0.3456382155418396,284680000
2013-09-04,0.34563828378643124,0.3510242468272848,0.34516994524277267,0.3489167094230652,222080000
2013-09-05,0.3475114388928649,0.3512582006258887,0.3472772837317345,0.34985315799713135,174904000
2013-09-06,0.35008744499392136,0.35196082641652887,0.3458723437719299,0.348448246717453,226756000
2013-09-09,0.35125828437584605,0.3543025255203247,0.3503216076770066,0.3543025255203247,246408000
2013-09-10,0.3568784563355487,0.36203023441465604,0.35523923011062597,0.3617960512638092,292132000
2013-09-11,0.3613279593118119,0.3688214902636448,0.3587520545576791,0.3678847849369049,396164000
2013-09-12,0.3660112227367995,0.3723338898667268,0.3660112227367995,0.36765044927597046,303808000
2013-09-13,0.3688214254508442,0.3716314851062104,0.36624552114937375,0.36999228596687317,159696000
2013-09-16,0.3730363802534513,0.3756122556130347,0.3688212784921719,0.37022629380226135,231412000
2013-09-17,0.3716312909866726,0.3744413491742205,0.3699920927035614,0.37139710783958435,168608000
2013-09-18,0.3716313893824807,0.3756123085284823,0.36975800745627124,0.3746756315231323,268168000
2013-09-19,0.37631478159294607,0.37701730321389626,0.3713971581618004,0.37303638458251953,227572000
2013-09-20,0.373972991725425,0.37631471141488654,0.36905536921135534,0.36975789070129395,356036000
2013-09-23,0.3695236958730181,0.372567936956087,0.3641377351745885,0.366245299577713,271244000
2013-09-24,0.3664795891282814,0.3690554647038926,0.36437202411313635,0.36765044927597046,229732000
2013-09-25,0.36694790290110463,0.37092882155214807,0.3653086764722873,0.3681187629699707,233156000
2013-09-26,0.36905530631384453,0.3697578276840535,0.36484020600808637,0.3669477701187134,148816000
2013-09-27,0.36413783683187934,0.367182078764817,0.362732821419721,0.3648403584957123,151920000
2013-09-30,0.36109361783406335,0.36694791842607977,0.35898605287163315,0.36437201499938965,226640000
2013-10-01,0.3648403201377171,0.3664795464861541,0.3620302616933323,0.36413779854774475,226976000
2013-10-02,0.36039100265246277,0.36530859712425473,0.36039100265246277,0.36390358209609985,162036000
2013-10-03,0.36413778220501225,0.3674162068392439,0.35851766556847703,0.3601568639278412,436768000
2013-10-04,0.35968846544141353,0.36811866690345435,0.35875176088146526,0.36507442593574524,246228000
2013-10-07,0.36366938305357216,0.36765032858122954,0.3617960018491744,0.36507442593574524,169952000
2013-10-08,0.36413780460492395,0.36928961107341485,0.35922020922432596,0.3620302677154541,290712000
2013-10-09,0.3643720112317017,0.3646061944191637,0.35453679192191395,0.3564101457595825,275860000
2013-10-10,0.35898594807440026,0.36132766762759866,0.3564100453996824,0.3603909909725189,223484000
2013-10-11,0.3547709294807834,0.35922021441186863,0.35360006943294603,0.3573468327522278,213704000
2013-10-14,0.35641010192990363,0.36273276805877686,0.35641010192990363,0.36273276805877686,166628000
2013-10-15,0.362732865506531,0.3648404028386738,0.3606253002588772,0.3608594834804535,208820000
2013-10-16,0.3629669224681507,0.36671368550513517,0.3624985840674035,0.36530864238739014,210072000
2013-10-17,0.3624985040228339,0.3669477876362289,0.3624985040228339,0.3660110831260681,213324000
2013-10-18,0.36530867042818443,0.3713971538517553,0.363903655118095,0.37022629380226135,255068000
2013-10-21,0.3746755908593329,0.3749097461275026,0.36999215050986106,0.371163010597229,195008000
2013-10-22,0.37116289856005047,0.3713970537575394,0.36601109339832166,0.3692895174026489,179452000
2013-10-23,0.3685870089714403,0.3685870089714403,0.36179600552592206,0.3629668653011322,252216000
2013-10-24,0.36390357030231646,0.36624528985551486,0.35968846952345956,0.3603909909725189,236436000
2013-10-25,0.3622644207305939,0.36249857596798396,0.35570759952012393,0.35687845945358276,330492000
2013-10-28,0.3564101143615872,0.3580493406983997,0.35125833593083133,0.35617595911026,394024000
2013-10-29,0.35570765548097866,0.3573468540626034,0.3524292304022219,0.35664433240890503,387952000
2013-10-30,0.35781518905334087,0.35945438761905435,0.3533659039001107,0.3564101457595825,204032000
2013-10-31,0.35687856530163353,0.35945444116993064,0.3550051832693649,0.35570770502090454,293368000
2013-11-01,0.35758098801249194,0.35898603123609896,0.3547709294807834,0.3573468327522278,206136000
2013-11-04,0.35851772198532034,0.35851772198532034,0.34634075416413734,0.3470432758331299,410264000
2013-11-05,0.34493570408188384,0.3482141009870859,0.3411889408340773,0.34657490253448486,422368000
2013-11-06,0.34657498878926035,0.3491508926526504,0.3430624078385531,0.3489167094230652,198044000
2013-11-07,0.3477457539075019,0.348682430738395,0.3400180723483688,0.34072059392929077,553076000
2013-11-08,0.35125837050707004,0.36554287511779293,0.34985332719878326,0.36437201499938965,734532000
2013-11-11,0.36296688903366703,0.36835284993489376,0.36226439545500777,0.3674161732196808,297624000
2013-11-12,0.3690554398588612,0.3711630047321237,0.3639036611389516,0.3681187629699707,316032000
2013-11-13,0.3671820271885225,0.3781881332397461,0.3664795335388731,0.3781881332397461,332792000
2013-11-14,0.37701723273043775,0.3821690104617702,0.37678304959539966,0.3798272907733917,307980000
2013-11-15,0.3812323798710977,0.3817007182823291,0.3749097136152092,0.3786564767360687,450332000
2013-11-18,0.3704604385460166,0.37373883517828976,0.3685870570780737,0.3695237338542938,316948000
2013-11-19,0.3677578951647022,0.3710540462317278,0.36304909188799056,0.36351996660232544,206716000
2013-11-20,0.3637555288955718,0.36469730675072043,0.35739864765675994,0.35810497403144836,204776000
2013-11-21,0.3585758613765387,0.3616365903953386,0.3569277851561674,0.36093026399612427,213568000
2013-11-22,0.36140107754661566,0.36140107754661566,0.35669227310692375,0.3573985993862152,158668000
2013-11-25,0.3573985624980959,0.36563896941704094,0.3573985624980959,0.36516809463500977,248208000
2013-11-26,0.369170572510939,0.37223130069523647,0.36681617053327714,0.36822882294654846,753176000
2013-11-27,0.3679933196201406,0.37081862404820076,0.36563891797454473,0.36964142322540283,181272000
2013-11-29,0.3696414697654891,0.37058321931562677,0.3649326378147457,0.3672870397567749,116964000
2013-12-02,0.36587447801830325,0.3734085599082448,0.36516815170153283,0.37081873416900635,373872000
2013-12-03,0.3708186280065996,0.3757628546751203,0.3682287749421255,0.370583176612854,290560000
2013-12-04,0.3696414226176818,0.37646917615201164,0.3686996451209829,0.37576285004615784,493176000
2013-12-05,0.3764691767709581,0.3764691767709581,0.36917052044293847,0.36964142322540283,271812000
2013-12-06,0.3741147626102855,0.3741147626102855,0.3632845041761714,0.3642262816429138,281000000
2013-12-09,0.36422643185649217,0.3654036331254089,0.35739864765675994,0.35810497403144836,385220000
2013-12-10,0.3581048796585364,0.36799336209814426,0.35763400488839975,0.36634528636932373,524268000
2013-12-11,0.3670516104037877,0.36752248517116093,0.3621073551796573,0.36281368136405945,414156000
2013-12-12,0.3616364760412649,0.3635200031546767,0.35504414517766597,0.3557504713535309,258724000
2013-12-13,0.356456801161693,0.35904662641067575,0.35316062166296325,0.35363149642944336,184588000
2013-12-16,0.3538670093370067,0.3571631613418197,0.35363155787951034,0.3541024327278137,237620000
2013-12-17,0.35386694424011916,0.3566922208768946,0.3508062161891606,0.3557504713535309,274104000
2013-12-18,0.3564568054242887,0.36140103263148077,0.35198342492252277,0.3606947064399719,426232000
2013-12-19,0.3602238687766317,0.36257827094641193,0.3578694666068514,0.36210739612579346,258544000
2013-12-20,0.36281371296570336,0.3696414959207219,0.361871935282242,0.3694060444831848,382080000
2013-12-23,0.3715250492095947,0.37458577800946496,0.3684643484764156,0.3715250492095947,168568000
2013-12-24,0.3736438841593564,0.3736438841593564,0.3686996296919642,0.37246668338775635,79600000
2013-12-26,0.37387942341897584,0.37505662446727156,0.36799339011081056,0.36893516778945923,168920000
2013-12-27,0.3708186895450914,0.3717604391429963,0.3686997108497757,0.37105411291122437,210976000
2013-12-30,0.37128963241839613,0.37623388888062104,0.3708187575331108,0.37599843740463257,248180000
2013-12-31,0.37670469473530355,0.3790590967969809,0.3743502926736262,0.37717556953430176,235776000
2014-01-02,0.37482111885798863,0.37623377113844736,0.3701123153453699,0.3734084665775299,260092000
2014-01-03,0.3741148467886229,0.37482117303093765,0.36775796674116357,0.36893516778945923,259332000
2014-01-06,0.3727022629510541,0.37670476970582023,0.3691706591556901,0.37387949228286743,409492000
2014-01-07,0.37764636850308964,0.3814134222720354,0.3750565435952851,0.3800007700920105,333288000
2014-01-08,0.38141347860694047,0.387064060094952,0.38000082621826636,0.3851805329322815,308192000
2014-01-09,0.3792945657701819,0.3800008920869523,0.36964153299661895,0.37081873416900635,292172000
2014-01-10,0.3719959018168017,0.37458572732264284,0.3670516461116792,0.370347797870636,218492000
2014-01-13,0.37034774076136545,0.37270214253090034,0.360930133683226,0.3616364598274231,243332000
2014-01-14,0.36352001195769496,0.37364394587909605,0.3618719081518715,0.3729376196861267,241828000
2014-01-15,0.3745857586601998,0.37835281361417417,0.3729376826428446,0.37694016098976135,175044000
2014-01-16,0.3769401515886546,0.37882367901866554,0.3752920756124034,0.3781173527240753,220652000
2014-01-17,0.37811733037254236,0.3825907112627209,0.374114852362047,0.3764692544937134,340400000
2014-01-21,0.3769400474820039,0.38023622659082723,0.3738793478285924,0.37788182497024536,246076000
2014-01-22,0.37858823876646636,0.3790591135863206,0.37293765672815243,0.37741103768348694,337940000
2014-01-23,0.37623388888062104,0.3802363675055837,0.373173160026229,0.37599843740463257,185028000
2014-01-24,0.37293761735129055,0.37435026972838514,0.36634528636932373,0.36634528636932373,246696000
2014-01-27,0.36634524494721016,0.3715249229664239,0.3618718649699989,0.363990843296051,233812000
2014-01-28,0.36328454914540553,0.36775792951613884,0.3618718968037668,0.3675224781036377,167996000
2014-01-29,0.3661097935554216,0.36822877188147374,0.3637553919042625,0.363990843296051,162944000
2014-01-30,0.3661098830869737,0.3708187156075105,0.3649326819735116,0.3701123893260956,202896000
2014-01-31,0.3649325918675297,0.3717603734797665,0.364697168542979,0.36964142322540283,335348000
2014-02-03,0.37223132903233935,0.3727022038503813,0.3632845952227933,0.36469724774360657,431728000
2014-02-04,0.3644617315222982,0.3675224593955921,0.3625782045182187,0.36681613326072693,280692000
2014-02-05,0.3642262927071685,0.3654034935263464,0.3606946621829533,0.36351996660232544,214676000
2014-02-06,0.36399089377342003,0.369170572510939,0.36352001899122477,0.36822882294654846,168380000
2014-02-07,0.3691705837947386,0.37411483932562517,0.36587443215193843,0.3736439645290375,157248000
2014-02-10,0.37317305081151875,0.37976538147624334,0.3729375994044387,0.37482112646102905,324372000
2014-02-11,0.37694018788726263,0.3835325204937852,0.37505668834256334,0.38259077072143555,235384000
2014-02-12,0.3837679173690594,0.3990715594925801,0.3837679173690594,0.3962462544441223,744528000
2014-02-13,0.40613481001979707,0.4110790663240436,0.3990716027661253,0.4087246358394623,902836000
2014-02-14,0.404957710734484,0.42261573331300356,0.404722259206758,0.421673983335495,817536000
2014-02-18,0.4219092690450764,0.4233218934561518,0.4179067630469793,0.4214383661746979,428988000
2014-02-19,0.42143833487700033,0.4308559705848786,0.41955480773542464,0.4270889163017273,450340000
2014-02-20,0.42803067953216833,0.4430988690801307,0.4273243813898316,0.442157119512558,398088000
2014-02-21,0.4414508063414994,0.4471013881138787,0.43603567600131005,0.4388609528541565,451052000
2014-02-24,0.4379191904400923,0.4485139993781522,0.433916712676829,0.4452178478240967,403112000
2014-02-25,0.4446266527342149,0.4465186848828261,0.43847755529958343,0.44320762157440186,242184000
2014-02-26,0.44226145417106466,0.4488835501175315,0.44107893804467446,0.44249796867370605,360884000
2014-02-27,0.4424981114680058,0.4469916629209959,0.4363490143490975,0.4375315308570862,388848000
2014-02-28,0.4351664267810574,0.43942349115334733,0.42830781523864225,0.43469342589378357,321692000
2014-03-03,0.4249968441251874,0.43256494402885437,0.42121278007664537,0.43256494402885437,375948000
2014-03-04,0.43469344585543923,0.43989651224120796,0.4339839303952403,0.4370584785938263,260344000
2014-03-05,0.4365853562045904,0.4410789343634146,0.4346933529728834,0.4408424198627472,241472000
2014-03-06,0.44155200924278587,0.44391704187256775,0.43398391046616647,0.43469342589378357,290144000
2014-03-07,0.43658546606332743,0.4372949815504582,0.43090939855311194,0.43422043323516846,268452000
2014-03-10,0.4328013885622168,0.43469342028029173,0.42594277710837153,0.42783480882644653,300888000
2014-03-11,0.42996349369605613,0.43587610568141355,0.428544490502046,0.4320920407772064,297220000
2014-03-12,0.4299634144906685,0.4358760253868388,0.4283078969725816,0.4332744777202606,239428000
2014-03-13,0.43422053430136254,0.4358760802211395,0.41742878603573547,0.4195573329925537,385172000
2014-03-14,0.41530017551261394,0.4252333078694616,0.41530017551261394,0.4214492440223694,460048000
2014-03-17,0.4226317604504088,0.4257063088019943,0.4209762430898367,0.4214492440223694,299656000
2014-03-18,0.4231047732006098,0.43422042155527946,0.42121274135029246,0.4313823878765106,293904000
2014-03-19,0.4346934722005632,0.447228152112377,0.433510927566286,0.4389505088329315,366168000
2014-03-20,0.4365855318874679,0.4429711440409901,0.4346935278944148,0.43918707966804504,191800000
2014-03-21,0.4429710354350024,0.44651858434233127,0.4361124239647857,0.43847745656967163,566116000
2014-03-24,0.4387140674335504,0.44226161711979517,0.42996342231941165,0.4363490343093872,306096000
2014-03-25,0.4410791005577136,0.4415521015438625,0.43303797101950753,0.4363490343093872,304424000
2014-03-26,0.4403695418319539,0.44864715695543883,0.422631766945356,0.4264158308506012,557756000
2014-03-27,0.42546980565896775,0.42901735480322944,0.41600964641418886,0.4207397401332855,540728000
2014-03-28,0.42003035783043535,0.4259429416120392,0.41884784107411455,0.42334139347076416,398820000
2014-03-31,0.4240508460900778,0.4278349104248333,0.42121281193572074,0.42357784509658813,273404000
2014-04-01,0.43705850008820113,0.44628211694415915,0.431855405253132,0.4410790503025055,656272000
2014-04-02,0.4410792486231132,0.44202525091297346,0.43634918078695567,0.43824121356010437,239948000
2014-04-03,0.4391871644497926,0.4536138809390168,0.43895064980829385,0.44297122955322266,599548000
2014-04-04,0.4453360430542246,0.4479375900510038,0.4273617849881758,0.42925381660461426,368032000
2014-04-07,0.4294904270143482,0.43895055963613483,0.4271253938589015,0.43067294359207153,428576000
2014-04-08,0.4306728951558322,0.44722815357546725,0.429963379650311,0.4460456371307373,470692000
2014-04-09,0.4481741321881977,0.45195819589226094,0.44202503571744856,0.4455725848674774,421968000
2014-04-10,0.4436805555256373,0.44982962344702243,0.4332743950385493,0.43469342589378357,372748000
2014-04-11,0.4313824361186479,0.4380045342386105,0.4228683059367792,0.42854440212249756,353112000
2014-04-14,0.4313824456166963,0.4349299952383475,0.42854441155805895,0.4332744777202606,290184000
2014-04-15,0.4337474865954402,0.4387140674335504,0.42949042133326276,0.4363490343093872,304636000
2014-04-16,0.4384775660265737,0.43895056702694335,0.43185546744113995,0.4372950494289398,235136000
2014-04-17,0.435639474075886,0.44297108728659285,0.4346934722005632,0.4389505088329315,153532000
2014-04-21,0.43918690660376847,0.44368048480009625,0.4363488735391136,0.44249796867370605,117004000
2014-04-22,0.44320757019796825,0.4491201805495229,0.4408425373347127,0.44628211855888367,255120000
2014-04-23,0.44699175525226564,0.4526678525791249,0.44628223956223034,0.4514853358268738,261580000
2014-04-24,0.4545598161474904,0.4602358844209008,0.4545598161474904,0.4555058181285858,391492000
2014-04-25,0.4545599113115868,0.4588169775045894,0.4420251991806527,0.44297122955322266,313600000
2014-04-28,0.4465186315069952,0.4488836643616937,0.4356394690980158,0.4410790503025055,226788000
2014-04-29,0.44273461078858656,0.44368064093866744,0.4370585426617744,0.4420250952243805,171300000
2014-04-30,0.4413155766254001,0.4417885775702611,0.43587599527595794,0.43682199716567993,305740000
2014-05-01,0.44344414503925333,0.4443901470357799,0.43563952989094135,0.43918707966804504,198104000
2014-05-02,0.44131562357895593,0.44131562357895593,0.43327449388712186,0.4358760416507721,156376000
2014-05-05,0.4354029627111182,0.44391709242527627,0.43492996176997967,0.4406060576438904,239260000
2014-05-06,0.44486318591422314,0.44864722217614494,0.4304364718958297,0.43161898851394653,416188000
2014-05-07,0.4316190397125364,0.4356395910523668,0.4273619737436592,0.4320920407772064,293900000
2014-05-08,0.4304364318091539,0.44439011532605377,0.42830788517872376,0.4375315308570862,432728000
2014-05-09,0.4242873931561747,0.4283079441986765,0.4188478108311799,0.42688891291618347,539532000
2014-05-12,0.4278347954005621,0.440369473421869,0.42759828087069507,0.43942347168922424,299856000
2014-05-13,0.43351082976317346,0.44060595500104704,0.43090931109624897,0.43232831358909607,221104000
2014-05-14,0.4325649594030918,0.434220476910638,0.4278348932710066,0.42807137966156006,214320000
2014-05-15,0.42712535801306295,0.4294903909700279,0.42144926200029714,0.42570632696151733,325896000
2014-05-16,0.4223953678677311,0.4278349502831772,0.4223953678677311,0.4247604012489319,283960000
2014-05-19,0.4292538406879816,0.44084248917455754,0.42736180896539033,0.43847745656967163,360076000
2014-05-20,0.4385962798349263,0.4397842426517732,0.4312309273644362,0.4333692491054535,256200000
2014-05-21,0.4350323913843856,0.43883388372760274,0.43075571957908326,0.4333692491054535,216712000
2014-05-22,0.4324189950448007,0.43764602704185185,0.4324189950448007,0.4352701008319855,130364000
2014-05-23,0.43764588861505355,0.44144738067774286,0.4350323592815465,0.4393090307712555,182656000
2014-05-27,0.4419225445963067,0.4471495747566223,0.44049697804200943,0.4471495747566223,209680000
2014-05-28,0.4488129260374951,0.45380235434161426,0.4445362529744815,0.4509512484073639,224676000
2014-05-29,0.4507135563648181,0.45451504908310186,0.44928801783791456,0.4502383768558502,171884000
2014-05-30,0.45023842377533807,0.4526143498910438,0.4478624976596323,0.4514263868331909,239128000
2014-06-02,0.4528518680737212,0.45570297320798925,0.446199270544917,0.4500007629394531,181500000
2014-06-03,0.4509511656354643,0.45142634515007435,0.4421602171604595,0.4481000602245331,243212000
2014-06-04,0.44691208603175764,0.4519015132945321,0.4466744821187955,0.4485752284526825,161236000
2014-06-05,0.4492880278118204,0.4519015293307969,0.44667449796957287,0.4504759907722473,188696000
2014-06-06,0.45261428886751326,0.45617817756057205,0.4509511464754064,0.45213910937309265,161052000
2014-06-09,0.4516639483758029,0.4568909796750328,0.44857523905067187,0.45261430740356445,247456000
2014-06-10,0.4509511990948214,0.4571286182129124,0.4490504525720801,0.4549902677536011,217608000
2014-06-11,0.4533270057269911,0.4621179525380637,0.4533270057269911,0.4609299898147583,266228000
2014-06-12,0.4609300133759256,0.4659194400748916,0.45689091725160996,0.46378111839294434,337148000
2014-06-13,0.4685329281280329,0.4687705319931502,0.4597419816443925,0.46425625681877136,227852000
2014-06-16,0.46211802684666353,0.4659194911785573,0.4587917136925777,0.4628307819366455,198620000
2014-06-17,0.4633058746513843,0.4678201212749531,0.4609299494130295,0.4659193754196167,157608000
2014-06-18,0.46473148345159165,0.4675826168296734,0.4604548117077363,0.46544426679611206,215536000
2014-06-19,0.45689097579313487,0.4592669016656228,0.4514263406217586,0.454752653837204,474592000
2014-06-20,0.4559405669457302,0.4576037092100602,0.4461992606038057,0.44976314902305603,353148000
2014-06-23,0.4438233065942575,0.44477366544927804,0.43859624792184754,0.44453608989715576,414200000
2014-06-24,0.44382339046992075,0.4473872793346654,0.4357452253825369,0.43764597177505493,275780000
2014-06-25,0.43883393401505194,0.4423978228739906,0.4347948656395757,0.4421602189540863,215420000
2014-06-26,0.4421601618794962,0.44239776576873024,0.43479480951571453,0.43622034788131714,256908000
2014-06-27,0.4357452479117241,0.43930913696073126,0.4331317179464765,0.4366956353187561,302820000
2014-06-30,0.43503231764574357,0.44168491395711446,0.43503231764574357,0.44049695134162903,180512000
2014-07-01,0.4400218512771744,0.44810001551257983,0.43859628455231814,0.44548648595809937,321180000
2014-07-02,0.44382336735725403,0.44572411365078823,0.44120983766323574,0.44382336735725403,179284000
2014-07-03,0.43978431071178065,0.4490504391111517,0.43978431071178065,0.4478624761104584,136892000
2014-07-07,0.44857514737823095,0.44881275124824915,0.44358569269396914,0.44429847598075867,127496000
2014-07-08,0.4431107002841218,0.44501144707664836,0.4364581006719173,0.44073477387428284,221940000
2014-07-09,0.44453619735439204,0.4559406479877519,0.4412098839112228,0.45403990149497986,387668000
2014-07-10,0.4454864931988624,0.4535646575655672,0.44192260465206373,0.45166391134262085,266308000
2014-07-11,0.4521391278896837,0.4540398742684775,0.45047598542946565,0.45261430740356445,191188000
2014-07-14,0.4545151012080106,0.4595045574325523,0.4528519585742546,0.4583165943622589,272636000
2014-07-15,0.45902924494392733,0.4614051703964963,0.4559405361909345,0.4602172076702118,395440000
2014-07-16,0.46211799342214194,0.4656818819073593,0.4571285382135304,0.4597420394420624,319728000
2014-07-17,0.4545149619280961,0.46330590861302035,0.4545149619280961,0.4585540294647217,324832000
2014-07-18,0.44905031859881983,0.45261420664445356,0.4374082673224575,0.4381210505962372,567816000
2014-07-21,0.4364581006719173,0.4438234838717289,0.4364581006719173,0.44073477387428284,243364000
2014-07-22,0.4440608930202464,0.44643681853924355,0.43788350366481377,0.4388338625431061,298816000
2014-07-23,0.43907160691818964,0.43930918255214885,0.429092693886742,0.4295678734779358,297352000
2014-07-24,0.4319436786778087,0.43313164148442973,0.4271918274513245,0.43028053641319275,254576000
2014-07-25,0.4288550265659028,0.4298054139311455,0.42196485270343115,0.4226776361465454,266132000
2014-07-28,0.4245782866615403,0.4245782866615403,0.413886621686151,0.4210143983364105,330352000
2014-07-29,0.42125202957563973,0.42814223111228084,0.4210144256758951,0.4224399924278259,217972000
2014-07-30,0.4250536248766812,0.4307558366175581,0.4238656617370589,0.4295678734779358,246184000
2014-07-31,0.4243408035937851,0.42766708875962783,0.4150746749347556,0.4157874584197998,401880000
2014-08-01,0.41578734094421843,0.4226775415885412,0.41436177437690613,0.420301616191864,219884000
2014-08-04,0.4198263995355086,0.4233902875548164,0.4172128986486414,0.4193512201309204,241724000
2014-08-05,0.4181634456825433,0.4257664328712861,0.414599556059049,0.41958901286125183,298136000
2014-08-06,0.41673780092947144,0.42434078670294356,0.41364911982267905,0.41911375522613525,223456000
2014-08-07,0.4226774715212009,0.4264789345317561,0.41198578068525266,0.41483691334724426,407696000
2014-08-08,0.43289415746603155,0.45380231294889667,0.43289415746603155,0.4514263868331909,894348000
2014-08-11,0.45190153193998633,0.4538022783522981,0.4478624635158684,0.4490504264831543,344624000
2014-08-12,0.4488128508836599,0.4514263524177262,0.44406097069124484,0.4490504264831543,296152000
2014-08-13,0.4497631651196745,0.4554654037885135,0.44691205994688926,0.45166391134262085,256596000
2014-08-14,0.4533270336558158,0.4533270336558158,0.4447736901917513,0.4466744363307953,255992000
2014-08-15,0.44810008061913364,0.45499025470275245,0.44382340814645516,0.45237675309181213,369796000
2014-08-18,0.4542773580575384,0.4590292372058371,0.44976311110306244,0.4585540294647217,284076000
2014-08-19,0.4586734102173929,0.4646394997170048,0.45700288239865455,0.46225306391716003,248260000
2014-08-20,0.4605825468844695,0.462730356223763,0.45819611102873853,0.459389328956604,221468000
2014-08-21,0.45819611373743346,0.4605825496072722,0.4543778334148272,0.45509374141693115,272796000
2014-08-22,0.4546164024498283,0.4591506470983363,0.4517526854578293,0.45533233880996704,251224000
2014-08-25,0.45724155755796747,0.46034392992453327,0.45509374817408654,0.4560483396053314,153380000
2014-08-26,0.45724157877834953,0.4651168233209463,0.45557107925684387,0.46416226029396057,269636000
2014-08-27,0.46129860043439724,0.4648782551267111,0.4581962273446785,0.4589121639728546,182972000
2014-08-28,0.4579573879976537,0.46368482146492607,0.4565255154065589,0.4627302587032318,179704000
2014-08-29,0.46440088682642633,0.4651168233209463,0.459389359813348,0.46416226029396057,207932000
2014-09-02,0.4653555750846863,0.4653555750846863,0.46105998367274875,0.4653555750846863,192636000
2014-09-03,0.4677419186969858,0.4713215727545368,0.4646395461573959,0.46965107321739197,259456000
2014-09-04,0.4689350995793928,0.4808673072748336,0.4686964446150314,0.4780035614967346,491832000
2014-09-05,0.47752627191862496,0.47967408134373185,0.47346933649150375,0.4765717089176178,253792000
2014-09-08,0.4760945504753192,0.47704911372305636,0.4703670856431922,0.4722762405872345,319288000
2014-09-09,0.4701282730340772,0.47323064503452117,0.46583268322181304,0.46630996465682983,198588000
2014-09-10,0.4689350058470617,0.4696509421484827,0.4636848252690104,0.46798041462898254,172376000
2014-09-11,0.4646395948627447,0.4663100945749979,0.458196194124881,0.4632077217102051,250720000
2014-09-12,0.4660713958475708,0.4660713958475708,0.4558097150797911,0.4562869966030121,262536000
2014-09-15,0.4577188012632747,0.45843473766546566,0.44817305843021527,0.4500822126865387,294152000
2014-09-16,0.4488891244028672,0.45915080660012053,0.4474572511851795,0.4567643702030182,219936000
2014-09-17,0.4555710932094007,0.461298528443849,0.4534232836600609,0.4570029377937317,173584000
2014-09-18,0.459866608692972,0.4644008251417324,0.45843473589412265,0.46392354369163513,219604000
2014-09-19,0.4653553909547974,0.46583267237870457,0.4546164024498283,0.45533233880996704,601316000
2014-09-22,0.46463948682193323,0.46463948682193323,0.45032084397168903,0.4507981538772583,221464000
2014-09-23,0.44841170718092055,0.4539005152719815,0.44674120779196086,0.44888901710510254,196144000
2014-09-24,0.4486503480532932,0.4529459380961158,0.44817306659265915,0.4515140652656555,159592000
2014-09-25,0.45103678125071867,0.4522299991198254,0.4407751018866891,0.44172966480255127,298440000
2014-09-26,0.4431616936285092,0.44602541183275163,0.4412525386761582,0.4426844120025635,241188000
2014-09-29,0.4391046045908405,0.44507069396397186,0.4348090145524743,0.44196832180023193,208540000
2014-09-30,0.4400591274884688,0.4434001543026964,0.4350476014914052,0.44029778242111206,277204000
2014-10-01,0.4410138113373677,0.444116155421565,0.43480906627185,0.43600228428840637,350976000
2014-10-02,0.43528633569733927,0.4374341166880549,0.42407006389442675,0.4340931177139282,288996000
2014-10-03,0.4367180943892459,0.44268418274526977,0.43504756689071655,0.43504756689071655,239140000
2014-10-06,0.43671816836852145,0.4402978219885227,0.42955883267996087,0.43242257833480835,199032000
2014-10-07,0.4305133945158165,0.43480898425486486,0.4274110225682507,0.42788830399513245,301896000
2014-10-08,0.4274110719823682,0.4379114068305195,0.4240700447108185,0.4357635974884033,260172000
2014-10-09,0.43385454140270113,0.43433185144145825,0.4238315142144227,0.42741116881370544,306956000
2014-10-10,0.42407010388826155,0.42550197698281833,0.401876241614012,0.4021148681640625,691376000
2014-10-13,0.40473992123704294,0.4128538205944431,0.40020570427890817,0.4006829857826233,397628000
2014-10-14,0.4061717636110514,0.4212063147615853,0.4037853278236193,0.4099900722503662,376620000
2014-10-15,0.40402393349235655,0.4183425759269055,0.40139887133072566,0.41619476675987244,404428000
2014-10-16,0.408796923051191,0.4212063855414215,0.4078423315066727,0.41643351316452026,351116000
2014-10-17,0.42144503583123194,0.42621790815480975,0.414047072350261,0.41571757197380066,290716000
2014-10-20,0.4157175050516777,0.42311546734172606,0.4128537878082442,0.41929715871810913,200336000
2014-10-21,0.42239952567123407,0.4376727315274033,0.421206307797247,0.43719545006752014,351092000
2014-10-22,0.4364796910978925,0.4379115645082075,0.4269339442253113,0.4269339442253113,239512000
2014-10-23,0.43433172810655135,0.43958188100492773,0.43122935597842416,0.43647950887680054,214476000
2014-10-24,0.43910459914870187,0.44363881563666263,0.43647950847763545,0.44101375341415405,210156000
2014-10-27,0.4407751289246263,0.44292290984134397,0.43600225715542285,0.4412524104118347,145092000
2014-10-28,0.44005916995784766,0.45223000372612876,0.4395818884950551,0.4517527222633362,192580000
2014-10-29,0.4498435800563483,0.45246867084511283,0.44483205344091026,0.44888901710510254,168340000
2014-10-30,0.4476958100224789,0.44960493597115625,0.4402978474013948,0.4460252821445465,170260000
2014-10-31,0.45628691227869456,0.46654861959861654,0.4539004766550541,0.46630996465682983,256316000
2014-11-03,0.4770490054945084,0.47871953347190616,0.4717988519259251,0.4741852879524231,308732000
2014-11-04,0.47728763987400885,0.4820605117209793,0.46941239563679554,0.4803900122642517,360196000
2014-11-05,0.48325375813128213,0.4834923846544945,0.47681035837902386,0.4803900122642517,335652000
2014-11-06,0.48134464884831374,0.48325383201727445,0.47394668497499065,0.4825378954410553,394088000
2014-11-07,0.4880267617634418,0.4937541981470009,0.46750336745141263,0.4722762405872345,450800000
2014-11-10,0.471798757377534,0.48086724659917646,0.4706055396034057,0.47776487469673157,293388000
2014-11-11,0.4749012116474705,0.4775262741367137,0.46798053028806047,0.47203749418258667,212992000
2014-11-12,0.4703670064595576,0.4715602245426415,0.46249176142149107,0.46893516182899475,204584000
2014-11-13,0.4706056767887548,0.4713216133516443,0.46273043149409904,0.46654874086380005,225328000
2014-11-14,0.467026085827544,0.4722762405872345,0.4624918392793725,0.4722762405872345,160248000
2014-11-17,0.47012844681739807,0.4751399748589807,0.46702607367015964,0.47012844681739807,158732000
2014-11-18,0.470366963899809,0.4825378270740093,0.46917374592468986,0.4813445806503296,207772000
2014-11-19,0.4817039520374861,0.4831418843454664,0.47451434763548145,0.47954705357551575,240300000
2014-11-20,0.4761920737016001,0.4879351152482547,0.4747541409182684,0.4874557852745056,220968000
2014-11-21,0.49176960839402084,0.49248857482189967,0.4860179341089086,0.49009203910827637,198976000
2014-11-24,0.4912901624777962,0.4953642665158923,0.48937295721442337,0.4932074248790741,136004000
2014-11-25,0.492248907345734,0.4965627061416607,0.49129030443705746,0.4929678738117218,190240000
2014-11-26,0.49009187995371445,0.5018349182783591,0.4898521864636483,0.5013555884361267,219264000
2014-11-28,0.5030331504458647,0.5054296853491582,0.49847971698823734,0.5025538206100464,124832000
2014-12-01,0.5003970303235797,0.5032728382186391,0.492488458620833,0.4932074248790741,190060000
2014-12-02,0.4927280205377488,0.49608315781060625,0.48817458730292995,0.4939263164997101,245952000
2014-12-03,0.4963228711874585,0.5068676132412214,0.4948849388306048,0.5066279768943787,284424000
2014-12-04,0.5059090669311043,0.5078262721946778,0.4987194614858461,0.5020745992660522,185332000
2014-12-05,0.5023141758213164,0.5075865753751361,0.5020745394763831,0.5049504041671753,165680000
2014-12-08,0.5042315740734755,0.5092642815026607,0.49440573848679664,0.49847984313964844,226944000
2014-12-09,0.4953641891090459,0.49800041735662115,0.4879349484520065,0.49680212140083313,239448000
2014-12-10,0.49536438523980847,0.49728164810059644,0.4852989694878666,0.48577824234962463,204364000
2014-12-11,0.4886541040024617,0.4920092425585016,0.4845799990218535,0.4855386018753052,135652000
2014-12-12,0.47906792884811017,0.4833816987925684,0.46996108753624466,0.47044041752815247,323964000
2014-12-15,0.4759523366072434,0.48457990343118656,0.46756446330281864,0.4690023958683014,254696000
2014-12-16,0.4685230764513403,0.4759523182356933,0.4634903412353654,0.46372997760772705,185308000
2014-12-17,0.4730764192729813,0.4833815247155894,0.4577385792794173,0.482662558555603,345596000
2014-12-18,0.48865411525008906,0.49440578964110676,0.48002657509460284,0.48458001017570496,226156000
2014-12-19,0.48793494697929174,0.4912900842247379,0.48338151378167427,0.4893728792667389,325528000
2014-12-22,0.48889372237705214,0.4980005919933319,0.48721615316098293,0.4980005919933319,148976000
2014-12-23,0.5018350876146446,0.5042316233586798,0.4944057868115923,0.494885116815567,109280000
2014-12-24,0.49608337611836173,0.49680234258434947,0.4924886009263443,0.4929678738117218,45644000
2014-12-26,0.49296764614449623,0.4960831470123045,0.4917694073465135,0.4934469759464264,52636000
2014-12-29,0.49200920735962494,0.4960833120487672,0.4896126718284875,0.49272817373275757,82944000
2014-12-30,0.48937291332606697,0.49176944825930746,0.48745565109673467,0.4881746172904968,112120000
2014-12-31,0.4888936086129245,0.4915298371715186,0.4790678034540215,0.4805057644844055,166300000
2015-01-02,0.4824230670928955,0.4860178989724025,0.47475413050855675,0.4824230670928955,113680000
2015-01-05,0.4824231731073955,0.48386110617519007,0.47211806230543685,0.4742749333381653,197952000
2015-01-06,0.474993790261219,0.47547309165022456,0.4594163094203207,0.45989561080932617,197764000
2015-01-07,0.4632507549394561,0.4673248882197394,0.4572594160789891,0.4586973488330841,321808000
2015-01-08,0.4639696513377999,0.4788281923258689,0.463729986391946,0.4759523272514343,283780000
2015-01-09,0.4776300530233031,0.48146452177316446,0.47115938343679203,0.4778696894645691,209540000
2015-01-12,0.4790677757201465,0.4793074406394946,0.46756440240148545,0.47187817096710205,190732000
2015-01-13,0.47547310874516935,0.48505925114576265,0.4678042005384863,0.47115933895111084,236720000
2015-01-14,0.4661265812836866,0.4745144549835911,0.46492831361227166,0.4730765223503113,155260000
2015-01-15,0.47643168146387593,0.4793075181161624,0.46948171193781635,0.46972137689590454,188932000
2015-01-16,0.4690024645076,0.478828271815531,0.4675645317316734,0.478348970413208,181512000
2015-01-20,0.48170407835188284,0.48434025018251653,0.4737955057220701,0.47978687286376953,140308000
2015-01-21,0.4771506867469136,0.48769546009195663,0.47379551990437213,0.486497163772583,144780000
2015-01-22,0.4874558160125147,0.4963230496895719,0.48242310809141664,0.494885116815567,159712000
2015-01-23,0.4953642403379089,0.4972815026378672,0.4912901365151126,0.496322900056839,120416000
2015-01-26,0.4941660761833191,0.49656261156753284,0.4910505744700502,0.4941660761833191,133240000
2015-01-27,0.4864972008951749,0.4869765308870827,0.4694817861132957,0.47044041752815247,357948000
2015-01-28,0.4761920250882738,0.47810925908067087,0.46253175074804154,0.4627714157104492,272728000
2015-01-29,0.4630110409657519,0.476671285565548,0.4608541421959194,0.4740351140499115,235340000
2015-01-30,0.47067993332381286,0.47619196969743405,0.4594162242109922,0.46013516187667847,298200000
2015-02-02,0.46301102289462487,0.4721178617953703,0.45390418399387944,0.47020062804222107,259604000
2015-02-03,0.4735559108999107,0.4824231161562444,0.4711593751158119,0.4819437861442566,183468000
2015-02-04,0.4805058464478138,0.48865405560196146,0.47906788517214616,0.48314201831817627,181516000
2015-02-05,0.4836213302679192,0.49129026723241803,0.48314205741883626,0.4910506308078766,140448000
2015-02-06,0.49057125682223296,0.4963229875987011,0.4867367886838916,0.48889368772506714,210524000
2015-02-09,0.4860177824038893,0.4898521926384836,0.48290228123485607,0.48841431736946106,273944000
2015-02-10,0.48889362738079317,0.5023142356395227,0.4867367286058442,0.5020745992660522,226204000
2015-02-11,0.503272860601464,0.503272860601464,0.49536428854698716,0.4987194836139679,320832000
2015-02-12,0.5272382754067684,0.5392209517968956,0.5241227738315446,0.5344278812408447,676904000
2015-02-13,0.5332296782762898,0.5353865775450521,0.525081468333745,0.5346676111221313,310084000
2015-02-17,0.533708774460196,0.5389811735392082,0.5303536373816852,0.5363449454307556,203340000
2015-02-18,0.5356261514582972,0.5365848113355812,0.5291555115451427,0.5301141142845154,170948000
2015-02-19,0.536824477404527,0.5377830801968785,0.5291555407898855,0.5315520763397217,169432000
2015-02-20,0.5310727028214657,0.5356260795062969,0.5272382352411574,0.5353864431381226,157752000
2015-02-23,0.5351469000497096,0.5351469000497096,0.5284365663300373,0.5310727953910828,125008000
2015-02-24,0.5331175612375618,0.536726176738739,0.5283060356640529,0.536726176738739,149356000
2015-02-25,0.5345610512098564,0.536966871706403,0.5302307005034914,0.5326364636421204,123820000
2015-02-26,0.5331176155834301,0.5372074070020341,0.5297495014523017,0.534079909324646,152864000
2015-02-27,0.5326364768825458,0.5338393871607213,0.5287872442934707,0.5307118892669678,157492000
2015-03-02,0.529268439882766,0.546589958509401,0.5285467051601628,0.543703019618988,301512000
2015-03-03,0.5396131571426399,0.5422594792072416,0.5319146926809991,0.5335987210273743,160344000
2015-03-04,0.5316741633174802,0.5408160401886377,0.5295089593119757,0.5396131873130798,226840000
2015-03-05,0.5396133202034128,0.5509204038646652,0.5381698505109271,0.5499581098556519,323056000
2015-03-06,0.5468304289535931,0.5494767509353804,0.5420189031551189,0.5425000786781311,257392000
2015-03-09,0.5427407904608609,0.5480334932714498,0.5415378799938474,0.5439436435699463,222388000
2015-03-10,0.546349516152571,0.5569349238857274,0.5453872220017221,0.5533262491226196,527212000
2015-03-11,0.5533259405771093,0.5605432287208824,0.5489955906340084,0.5504390597343445,262120000
2015-03-12,0.5451465301127976,0.5492363222768893,0.5350423005934424,0.5453870892524719,406972000
2015-03-13,0.542740725161683,0.5475522517349881,0.5352828188225155,0.5461087822914124,359288000
2015-03-16,0.5504390521928781,0.5559723120964182,0.5468303794914796,0.5526041984558105,236956000
2015-03-17,0.551401335345719,0.5595809168366893,0.5475521036564667,0.5593403577804565,299900000
2015-03-18,0.5593406713635664,0.562227553730549,0.5451466466459371,0.5501987338066101,413844000
2015-03-19,0.5521230519660039,0.5605431922401269,0.5480332613531578,0.5586186051368713,310756000
2015-03-20,0.5631896000953971,0.5680011254582651,0.5578968992530796,0.5646330118179321,462084000
2015-03-23,0.5477926368087407,0.555009924375584,0.5461086087789343,0.5463491678237915,426012000
2015-03-24,0.5446653147102642,0.5485145474536546,0.5364857309792607,0.5388914942741394,330480000
2015-03-25,0.5386509690540356,0.5386509690540356,0.504489047815559,0.5061731338500977,542552000
2015-03-26,0.4958283614147322,0.5066542685960476,0.4922196874490092,0.5044890642166138,311920000
2015-03-27,0.5073758897817058,0.5162772070934761,0.4991963071014751,0.5143526196479797,318288000
2015-03-30,0.5167584963275149,0.5191642598426423,0.5100223240704025,0.5165179371833801,253252000
2015-03-31,0.5150743240872512,0.5155554422414664,0.5030455098632103,0.5035266280174255,357276000
2015-04-01,0.5054512023925781,0.5071352304138805,0.4967904458845208,0.5054512023925781,330768000
2015-04-02,0.5083382314512062,0.5097817008504344,0.5023238520983148,0.5066542029380798,192204000
2015-04-06,0.5044890029396065,0.5230134314503978,0.49919635824331177,0.521329402923584,515864000
2015-04-07,0.5213293966285787,0.5316741841383222,0.5184424578415175,0.5259003639221191,413964000
2015-04-08,0.5263814558278754,0.5316741575535353,0.5213293705610521,0.5297495126724243,366432000
2015-04-09,0.5256598420538224,0.5437030980043462,0.5254192828975804,0.5420190691947937,379432000
2015-04-10,0.5425002015532717,0.547792846715619,0.5405755563832069,0.5475522875785828,258728000
2015-04-13,0.5463492534305809,0.5494767509353804,0.540094258420982,0.5425000786781311,236724000
2015-04-14,0.5403349404756155,0.5425001445552283,0.5326364753200488,0.5379291772842407,220276000
2015-04-15,0.539372627344438,0.5485145042009326,0.5367262477782049,0.5444247126579285,243560000
2015-04-16,0.5412973113509079,0.5458682792727134,0.537207519079055,0.541056752204895,155284000
2015-04-17,0.5297495014523017,0.5393726109382062,0.5295089423564765,0.534079909324646,293636000
2015-04-20,0.5364856072479548,0.5398536636124158,0.5304711717189248,0.5314335227012634,231624000
2015-04-21,0.537929178862264,0.537929178862264,0.5280655095981491,0.5307118892669678,230456000
2015-04-22,0.5338392958093792,0.5374479113105562,0.5256596564480864,0.536726176738739,207420000
2015-04-23,0.5268625718321455,0.5396131204662838,0.5208481361256683,0.5345609784126282,259380000
2015-04-24,0.5343205473823961,0.5345611065137712,0.5239757590802625,0.5299901962280273,240960000
2015-04-27,0.5316741462926486,0.5434624023568101,0.5271031793244791,0.534079909324646,248456000
2015-04-28,0.5331175612375618,0.5386508213828881,0.528065419234841,0.536726176738739,234484000
2015-04-29,0.5328770227486079,0.5381697245967587,0.530471259609979,0.5326364636421204,195156000
2015-04-30,0.529990117906042,0.5367262314524686,0.5287872077110858,0.534079909324646,218844000
2015-05-01,0.5384101710458136,0.5489955725272159,0.5360044084105685,0.547311544418335,256968000
2015-05-04,0.5468305828044363,0.5504392568475487,0.5422596148024699,0.5439436435699463,200720000
2015-05-05,0.5420190131656334,0.5427407479176821,0.5275844328405062,0.5299901962280273,292928000
2015-05-06,0.532877178708557,0.5379293229288575,0.5246975931148401,0.531674325466156,316484000
2015-05-07,0.5295090528273747,0.5427407809428387,0.527825024089431,0.541056752204895,534564000
2015-05-08,0.505451272881892,0.5254191102364597,0.4929412831414218,0.5011208653450012,1146552000
2015-05-11,0.49414434393634143,0.5013616928699011,0.49029516764902265,0.4963095486164093,544144000
2015-05-12,0.4927007240642315,0.505210656446791,0.49246010762913045,0.5011208653450012,388800000
2015-05-13,0.5047297299922332,0.5085789634787979,0.4991964676099089,0.5040079951286316,308524000
2015-05-14,0.5054514254729722,0.5148339206108127,0.5042485150080516,0.5121875405311584,293052000
2015-05-15,0.5143526327674134,0.516758395814604,0.5093005475756879,0.5124280452728271,215824000
2015-05-18,0.5112252361907506,0.5148339101542907,0.5088194726676993,0.5117064118385315,324972000
2015-05-19,0.5123830656539791,0.5140749468700878,0.5075492674967468,0.5085160732269287,253808000
2015-05-20,0.5087577458477646,0.5148000223560146,0.5080326703618377,0.5085160732269287,196824000
2015-05-21,0.5087577302449838,0.5109329566360535,0.5044072774628445,0.5048906803131104,239692000
2015-05-22,0.5060991435293826,0.5080326396259315,0.5029571691549286,0.5041655898094177,212592000
2015-05-26,0.5017487853526035,0.5051324329703879,0.49715665922936664,0.5010237097740173,259732000
2015-05-27,0.5044073098407295,0.5302681827098968,0.5027154861913276,0.5278512835502625,432332000
2015-05-28,0.5278512531078707,0.5367937737204402,0.5268845050244558,0.5351019501686096,327656000
2015-05-29,0.5351019855696779,0.5384856328971932,0.5341352374223052,0.5348603129386902,335168000
2015-06-01,0.5382438644417511,0.5462196360786239,0.5348602177166322,0.5409024357795715,372660000
2015-06-02,0.5375185878028883,0.5404188882661852,0.5297844916496898,0.5302678942680359,224304000
2015-06-03,0.5317183447041994,0.5358270675980333,0.5235008412931089,0.5244676470756531,250788000
2015-06-04,0.5213255113337869,0.5355852295529565,0.5213255113337869,0.5338934063911438,323712000
2015-06-05,0.5322017077876284,0.5404192114738019,0.526642833657316,0.5380023121833801,313320000
2015-06-08,0.536310413530362,0.5399357331478962,0.5196337934688221,0.5256760120391846,342812000
2015-06-09,0.5261594507266213,0.532201669708643,0.5251927026043082,0.5283346772193909,256888000
2015-06-10,0.5220507735841071,0.5254344211194341,0.5160084964509445,0.5189087986946106,529460000
2015-06-11,0.5189087731314252,0.528092967078215,0.5189087731314252,0.5244676470756531,283052000
2015-06-12,0.5210838475169094,0.524225821681414,0.5089993536624352,0.5102078318595886,323728000
2015-06-15,0.5075491636513846,0.5116579431054467,0.5036821720155268,0.5092410445213318,306548000
2015-06-16,0.5082742869692677,0.5162500588120881,0.5031988167505322,0.5155249834060669,256892000
2015-06-17,0.5152833363133138,0.5244675868285038,0.5140749156590821,0.5215672850608826,233544000
2015-06-18,0.5259175011964805,0.533651539726289,0.524467350964832,0.5302678942680359,299404000
2015-06-19,0.5302682575467693,0.5346186535987151,0.523742634657136,0.5285764336585999,355656000
2015-06-22,0.5295430770337586,0.5324433789094701,0.5184253300080887,0.5264011025428772,514236000
2015-06-23,0.5273678923179206,0.5314766152177139,0.5087577741400016,0.5128664970397949,414064000
2015-06-24,0.5121411975408298,0.514799825848861,0.5053739057532535,0.5077908039093018,253368000
2015-06-25,0.5077908447721393,0.5147998672757271,0.5077908447721393,0.5116578936576843,350460000
2015-06-26,0.5075491154364351,0.5080325181566999,0.49909000000731585,0.5012651681900024,421296000
2015-06-29,0.49546478396503374,0.5005403124880288,0.48555551479250664,0.4862805902957916,391724000
2015-06-30,0.4891807783320674,0.49135600459133716,0.48265515717767227,0.48603880405426025,315916000
2015-07-01,0.49812333132759395,0.5051322973328429,0.48869740896043823,0.4930478036403656,302892000
2015-07-02,0.4928064492829333,0.49667350128635424,0.49038954898372633,0.4935315251350403,145764000
2015-07-06,0.48942250892126193,0.49618980267951246,0.4838636357812358,0.4874889552593231,214776000
2015-07-07,0.4845887816571062,0.48652227797674674,0.46307833257813713,0.47830480337142944,594252000
2015-07-08,0.475646182743532,0.4785464557372504,0.4710540574260785,0.4749211072921753,332492000
2015-07-09,0.48241353602516324,0.4845887625164068,0.46622028889995404,0.4691205620765686,357588000
2015-07-10,0.4751628193010594,0.4816884700926555,0.47395436971916544,0.477338045835495,216708000
2015-07-13,0.4821718090044867,0.4831385570748251,0.4773380110293774,0.48047998547554016,212472000
2015-07-14,0.4812050255167582,0.4816883995163504,0.47443770308734834,0.4807216227054596,249216000
2015-07-15,0.4795132435582199,0.4826552182334864,0.4729876215783345,0.477338045835495,265732000
2015-07-16,0.4802383963224402,0.4879724979400635,0.4785465723979783,0.4879724979400635,282848000
2015-07-17,0.48628055461191716,0.4867638998296915,0.47878812750224936,0.4850720763206482,220372000
2015-07-20,0.485072082156671,0.4870056359212811,0.4749211121685741,0.47612956166267395,188412000
2015-07-21,0.4751628286344467,0.4850721269253051,0.4751628286344467,0.47830480337142944,149720000
2015-07-22,0.4749211372415079,0.4749211372415079,0.4633200157233395,0.4691205620765686,356472000
2015-07-23,0.47008730936540843,0.4819301027613039,0.4691205324930301,0.4749211072921753,169916000
2015-07-24,0.47830465830904284,0.47878803224235317,0.4674286151568995,0.46936213970184326,188844000
2015-07-27,0.4652534132421565,0.47202073509273873,0.4613863927644696,0.4667035639286041,192420000
2015-07-28,0.46791216106538813,0.47999665789816204,0.46307836233227856,0.47685471177101135,198308000
2015-07-29,0.47588790363784766,0.4865222774427549,0.47395437850861805,0.48265522718429565,232680000
2015-07-30,0.4814465757338346,0.4886972991315125,0.4814465757338346,0.48386350274086,190180000
2015-07-31,0.48579715215439007,0.4860388247634681,0.47927153072195033,0.48217180371284485,218340000
2015-08-03,0.486038864217047,0.49087266253148465,0.47975494369530447,0.49038931727409363,397132000
2015-08-04,0.4886973939519732,0.4937728638599167,0.4867638404465117,0.492322713136673,260100000
2015-08-05,0.5044071930570142,0.5048905958263891,0.49643142191448225,0.4973982274532318,234628000
2015-08-06,0.4961897837780583,0.49981516074145754,0.4860387859039523,0.49425628781318665,655676000
2015-08-07,0.5428358751125785,0.564829631820632,0.5288178307394811,0.5554037690162659,1405248000
2015-08-10,0.5515367437144675,0.5788477007617144,0.5481530399344301,0.5747389793395996,662304000
2015-08-11,0.5662801001156319,0.5773978497897636,0.5662801001156319,0.5718389749526978,435008000
2015-08-12,0.5626547502044962,0.5773978196950424,0.5626547502044962,0.5732890963554382,384048000
2015-08-13,0.5740140930519737,0.5752225714334304,0.5670050682604191,0.5684552192687988,276884000
2015-08-14,0.5679716881923257,0.5723221402355064,0.564588041685457,0.5689384937286377,214652000
2015-08-17,0.5679717317898748,0.5679717317898748,0.5583041366719316,0.5653131604194641,273880000
2015-08-18,0.5635657326855537,0.5674490530528451,0.5557990919509709,0.5601678490638733,287084000
2015-08-19,0.5594397701407836,0.565750159037511,0.5519158182104377,0.5579835176467896,249248000
2015-08-20,0.5516730988542686,0.5543428563713336,0.5351690012598289,0.5378388166427612,426932000
2015-08-21,0.5339555855428424,0.5429357331179584,0.5206066799911552,0.5210921168327332,382664000
2015-08-24,0.49196729733610584,0.5298296396269264,0.48541421743681273,0.5026464462280273,682284000
2015-08-25,0.5247325171982861,0.526674206057024,0.4922098219394684,0.4922098219394684,622684000
2015-08-26,0.5082285369376479,0.5298294590093965,0.5043452166522072,0.5293440222740173,614976000
2015-08-27,0.5349262946520768,0.5494887026039587,0.5317711004759158,0.5492460131645203,463764000
2015-08-28,0.549245868134733,0.5550708182042196,0.5453625487997918,0.5516729354858398,320944000
2015-08-31,0.549003122886119,0.5528864418258461,0.5434208627601069,0.5456051826477051,219352000
2015-09-01,0.529829464641416,0.5388096103474066,0.5193930665796724,0.5232763290405273,353408000
2015-09-02,0.5375959957852394,0.5392949374151221,0.5286158509419197,0.5390522480010986,344044000
2015-09-03,0.5470617065449632,0.5497315221933007,0.5395378121402692,0.5405086278915405,262556000
2015-09-04,0.5312857050775435,0.5397804726434975,0.5276451317391845,0.5278878211975098,287972000
2015-09-08,0.5407513495150944,0.552644002306437,0.538567028411326,0.550459623336792,238448000
2015-09-09,0.5521586262226474,0.5567700158059578,0.5383242838750865,0.5395378470420837,289392000
2015-09-10,0.536382675794137,0.5548284085347758,0.5339556072194708,0.5480325818061829,357076000
2015-09-11,0.5419646166166111,0.5533718263390991,0.5397802388402267,0.5497312545776367,301584000
2015-09-14,0.5524013352561733,0.5541002774573844,0.5477898876438123,0.5507023930549622,192460000
2015-09-15,0.550944660952287,0.5596821126337147,0.5492457200511531,0.556769609451294,327976000
2015-09-16,0.5557990738517035,0.5638084037653399,0.5516730641789004,0.5606532096862793,173508000
2015-09-17,0.5703615709359608,0.5754584548688825,0.5645366185927803,0.5657501816749573,268712000
2015-09-18,0.5579833209914109,0.5701186577212718,0.5545854382802198,0.5652645230293274,326412000
2015-09-21,0.5659926817874286,0.5723030688254614,0.5630801776573047,0.571089506149292,281840000
2015-09-22,0.5587117306591763,0.5625950519575992,0.5526440302805382,0.5555565357208252,228356000
2015-09-23,0.5560420270527293,0.5616242916971307,0.5538577053971004,0.5582264065742493,161632000
2015-09-24,0.5548283232572024,0.5747303056568656,0.5460908661581828,0.5689053535461426,382440000
2015-09-25,0.5759437530972934,0.5841958304483961,0.567449044175979,0.5730313062667847,369692000
2015-09-28,0.5730311826973852,0.5766717549169281,0.5618666609233098,0.5655072331428528,395584000
2015-09-29,0.5715749092643523,0.5764290439525798,0.5635655812421921,0.5754582285881042,380736000
2015-09-30,0.5807975987104097,0.5990006282324826,0.5773997168402679,0.5982725024223328,556380000
2015-10-01,0.5982727359844038,0.5999716775827313,0.5696333024906363,0.5866228342056274,489296000
2015-10-02,0.5834677812625,0.6019135117530823,0.5774000816330481,0.6019135117530823,386144000
2015-10-05,0.6057964831350351,0.624484892313823,0.6026412904062456,0.6169610023498535,482024000
2015-10-06,0.6104080323252062,0.6276401927611174,0.6079809650300421,0.6249704360961914,453216000
2015-10-07,0.6264270209115604,0.6378342374737104,0.6162333097088896,0.631523847579956,310152000
2015-10-08,0.6288537551166293,0.6368630829743904,0.6181746127290487,0.6351641416549683,460068000
2015-10-09,0.6317665244403663,0.6378342247140181,0.6208447449600228,0.632737398147583,423248000
2015-10-12,0.6334651666930908,0.6431734941073645,0.6288537791636857,0.6395328640937805,227588000
2015-10-13,0.6344360870181529,0.6446297360808931,0.6322517088479135,0.6407464742660522,298444000
2015-10-14,0.6414746698408232,0.6744828647485721,0.6407466015053523,0.6640464663505554,612148000
2015-10-15,0.6652600003679455,0.6793370303847244,0.6584642326811345,0.6657454371452332,526048000
2015-10-16,0.6679298913366947,0.6824923019108017,0.6662308913570939,0.6761819124221802,448396000
2015-10-19,0.6783662441065006,0.68152143863099,0.6672017185376723,0.6749683022499084,294712000
2015-10-20,0.672055949271313,0.6771527759719045,0.6669590647048416,0.6739975810050964,264824000
2015-10-21,0.6781234842446923,0.6822495522896115,0.6640465117435779,0.6652600169181824,386280000
2015-10-22,0.6730263776387797,0.6914720999529945,0.6720555623308414,0.6892877221107483,306884000
2015-10-23,0.6953558246398377,0.6985110196303939,0.6849194237939703,0.6938995718955994,381776000
2015-10-26,0.6943847923316764,0.6960837340484483,0.6844337735916179,0.690744161605835,247436000
2015-10-27,0.6873461776195402,0.6946273801401843,0.6868607409718224,0.6902586817741394,208268000
2015-10-28,0.6946274515740558,0.6958410143852234,0.6844337438505153,0.6958410143852234,217036000
2015-10-29,0.6846765954966137,0.6917150525571533,0.6705995656437976,0.6718130707740784,327168000
2015-10-30,0.6790941290311262,0.6934138440354305,0.6739972469905299,0.6885596513748169,301160000
2015-11-02,0.6907441931641882,0.6972972709042341,0.6866181833969692,0.6965691447257996,190088000
2015-11-03,0.6924430088965232,0.6963263285192449,0.6839483014710579,0.691714882850647,376768000
2015-11-04,0.6897733881372721,0.6948702135986926,0.6771526113384793,0.6803078055381775,442264000
2015-11-05,0.6837055443553994,0.6856472330716956,0.6705993914502776,0.6725410223007202,478800000
2015-11-06,0.739042771502803,0.7752060943399862,0.7237522405814665,0.7657405138015747,1172272000
2015-11-09,0.7582167414436838,0.7645271294636478,0.7516636061312011,0.7623427510261536,492568000
2015-11-10,0.7523918312804256,0.7565178992716859,0.7317617806534739,0.747780442237854,552260000
2015-11-11,0.7482655405736082,0.7536051117214818,0.737829145511297,0.740498960018158,619896000
2015-11-12,0.7388000834760077,0.7455959076890996,0.7346740742129216,0.7378292679786682,291080000
2015-11-13,0.7385574325291253,0.7417126264591812,0.7196262689487898,0.7232668995857239,292940000
2015-11-16,0.7327324432182427,0.7383147046602668,0.7269074345024903,0.7378292679786682,344280000
2015-11-17,0.739770956839205,0.7441396555101614,0.7346740742129216,0.7378292679786682,257048000
2015-11-18,0.7408747309704368,0.7569542769606761,0.7328349870181167,0.7559797167778015,350216000
2015-11-19,0.7586593747236161,0.7657245557418174,0.7525686373376339,0.7581720948219299,254072000
2015-11-20,0.7637758593330345,0.7691357080638571,0.7591469017057604,0.7647503614425659,239744000
2015-11-23,0.7710845916728724,0.7710845916728724,0.750619818231333,0.7532997131347656,242552000
2015-11-24,0.7532996751862865,0.7659683742472033,0.7498888894654513,0.7593904137611389,195428000
2015-11-25,0.7579286558923982,0.7669429004771533,0.7557359829656448,0.7584158778190613,138300000
2015-11-27,0.7598777928093089,0.7671866457591944,0.7559797262855833,0.7647503614425659,86996000
2015-11-30,0.765481280734069,0.7762009785904547,0.7647503896036062,0.7727901339530945,327244000
2015-12-01,0.7796116492389433,0.7986146996346262,0.7788807582171406,0.7978838086128235,409496000
2015-12-02,0.7991019003196742,0.8073852542321404,0.7900876554048619,0.7917930483818054,294240000
2015-12-03,0.7981275034941904,0.8064108584979451,0.7861896929972501,0.7900877594947815,246656000
2015-12-04,0.7900876972585307,0.8237084528050892,0.7900876972585307,0.8222466707229614,458756000
2015-12-07,0.8220031702413724,0.8220031702413724,0.8042182880510148,0.8066545724868774,333588000
2015-12-08,0.7966657175099678,0.8210285603967317,0.7915495379294272,0.8176177740097046,314488000
2015-12-09,0.8173740445947524,0.8222466124662234,0.7886258593017184,0.7969092130661011,372676000
2015-12-10,0.7993455655498454,0.8078725890989514,0.7966656704163987,0.8034873008728027,236596000
2015-12-11,0.7954475102160234,0.8010509692250091,0.7898440512070378,0.7915494441986084,227320000
2015-12-14,0.7922803435080601,0.7978838025757539,0.7839969313521693,0.7934984564781189,275892000
2015-12-15,0.8025127460281932,0.8088470964631165,0.7981274577731827,0.8032436370849609,307296000
2015-12-16,0.8049491411413309,0.8107962704014287,0.7978839567613862,0.8081163167953491,236356000
2015-12-17,0.8093343278493185,0.8176176818803278,0.7954475147771928,0.7959347367286682,254160000
2015-12-18,0.7903311953938233,0.7983709376119518,0.7820478422253233,0.7830223441123962,395896000
2015-12-21,0.7915496581278761,0.8022692990087319,0.784484415192163,0.8015384078025818,284216000
2015-12-22,0.8039744941747585,0.8103088443420631,0.7973965330273557,0.8022691011428833,130012000
2015-12-23,0.8034873090509863,0.8086034883811668,0.8020255269321929,0.8054363131523132,122524000
2015-12-24,0.8030001367783677,0.8100653792439164,0.8017819654873125,0.8081163167953491,52448000
2015-12-28,0.7995893689201617,0.8073854446411133,0.788382448355338,0.8073854446411133,142024000
2015-12-29,0.8078727383141873,0.8229777260352269,0.805680064753325,0.8205414414405823,203660000
2015-12-30,0.8198103762771471,0.8268756175279449,0.8132324150761125,0.813476026058197,180344000
2015-12-31,0.8122578873504034,0.8159122843083686,0.8029999732971191,0.8029999732971191,148528000
2016-01-04,0.7866769514293674,0.7937421350456448,0.780586211803641,0.788625955581665,358076000
2016-01-05,0.8034872381856081,0.8146941559938093,0.7917930403522535,0.8012945652008057,490272000
2016-01-06,0.788138489979362,0.7917929445116885,0.7591466970033814,0.7681609988212585,449344000
2016-01-07,0.7489144156541989,0.7540306529097975,0.7279623608357139,0.7377075552940369,645304000
2016-01-08,0.7472091402102525,0.7479400313618109,0.7204100109669944,0.7218717932701111,398472000
2016-01-11,0.7226027113332706,0.728206171646836,0.7101776193796402,0.7230899333953857,409372000
2016-01-12,0.7360021661415609,0.745990972424831,0.7301550954425732,0.7352712750434875,469356000
2016-01-13,0.7408747867786799,0.7457474138032977,0.7121266532727372,0.7128575444221497,481672000
2016-01-14,0.6982395596533265,0.7065229707097997,0.6777747881706666,0.6984832286834717,600236000
2016-01-15,0.6704660866854342,0.6785058305059188,0.6490267504689422,0.6604772806167603,841452000
2016-01-19,0.6741204636582103,0.693123515054912,0.6631571558392522,0.6658371090888977,457140000
2016-01-20,0.6531683144501884,0.6780184326785708,0.6443976810704307,0.6694914102554321,481180000
2016-01-21,0.6768003566430096,0.6877636054001625,0.6629134858193761,0.6772875785827637,481456000
2016-01-22,0.690200073867465,0.6977525968085878,0.6887382914862407,0.6931236386299133,257996000
2016-01-25,0.6928799869980926,0.700919731538159,0.6909309245754565,0.6923927068710327,270728000
2016-01-26,0.6938543703902178,0.7021377245330391,0.6867891292281202,0.6992141604423523,227944000
2016-01-27,0.6982396958863596,0.7004323690719649,0.6777749204108323,0.6909308433532715,231700000
2016-01-28,0.6965342002145303,0.6989704840335138,0.6699786891619337,0.683378279209137,276776000
2016-01-29,0.689225397837724,0.7150500197750532,0.6865455028716816,0.7135882377624512,310504000
2016-02-01,0.7128574591008928,0.7174863583790052,0.7067667196133183,0.7138319611549377,289884000
2016-02-02,0.7065230591337365,0.7101774561018366,0.6787493749824502,0.6836219429969788,341908000
2016-02-03,0.688981701784969,0.6931233782521767,0.6711968250275316,0.6870326399803162,326772000
2016-02-04,0.6880072559291001,0.7028686295723326,0.680454792658339,0.6872764229774475,348140000
2016-02-05,0.6826474599246866,0.6901999231307772,0.6419614635990907,0.6439104676246643,600428000
2016-02-08,0.634165324188036,0.637332499258142,0.6054171375780253,0.6144314408302307,608852000
2016-02-09,0.6071225959991197,0.6468340322575817,0.6041990318728647,0.6210094094276428,425372000
2016-02-10,0.6249075737690297,0.6429360671524527,0.6161369380975905,0.6195477247238159,335800000
2016-02-11,0.60371175265922,0.622714803335002,0.60371175265922,0.6163804531097412,340144000
2016-02-12,0.6261255552734702,0.6280746172825449,0.6029808287327493,0.6268564462661743,340816000
2016-02-16,0.6358706693702525,0.6585281731999697,0.6339216655132563,0.6575536131858826,485352000
2016-02-17,0.6658368432088646,0.6802109315123562,0.6631568910293698,0.6738765835762024,771468000
2016-02-18,0.7291804448846415,0.7547614538523094,0.728449553935372,0.731860339641571,1068660000
2016-02-19,0.7279624940271832,0.7481837195945201,0.7223590337790692,0.7416056990623474,525628000
2016-02-22,0.7523253063053654,0.7764445377427859,0.7508635241420797,0.7679175138473511,449668000
2016-02-23,0.7618267828361925,0.7771753783833248,0.7581723276651636,0.7698665261268616,369380000
2016-02-24,0.7666994478699594,0.7764445854430855,0.7455037213713684,0.7752264142036438,336852000
2016-02-25,0.7781497547702488,0.7808296494059455,0.7630447726446451,0.7769315838813782,349616000
2016-02-26,0.7805861728249441,0.782535176879918,0.7640194060152868,0.7718155384063721,361964000
2016-02-29,0.7729158963760273,0.7829410359245255,0.7663139695224097,0.766802966594696,323344000
2016-03-01,0.7687592603867989,0.8007909059524536,0.7675366509039251,0.8007909059524536,348700000
2016-03-02,0.796389405326877,0.8083707074372719,0.7949222975913648,0.8054364919662476,233812000
2016-03-03,0.8044583168221885,0.8078815288178897,0.787586697032681,0.7983454465866089,302004000
2016-03-04,0.8044583754617076,0.8051919292710014,0.7897874158702554,0.7959003448486328,175304000
2016-03-07,0.7914991970913854,0.7968785734505155,0.7804959458150088,0.790765643119812,239968000
2016-03-08,0.7826966622532862,0.7873424849644762,0.7738940722784311,0.7763392329216003,274940000
2016-03-09,0.7831854776786942,0.7844080284769908,0.7658248016246426,0.7758499979972839,222788000
2016-03-10,0.7804957595988969,0.7848970823782391,0.7589783758905921,0.7746273875236511,286084000
2016-03-11,0.7861197596937992,0.7880759228985162,0.7768281739373574,0.7878313660621643,277400000
2016-03-14,0.7841637155870615,0.7929663049477547,0.780495945729596,0.7897875905036926,190312000
2016-03-15,0.7856307027047935,0.790765521418317,0.7719377945048489,0.7858752012252808,226216000
2016-03-16,0.7800068404339839,0.8120384789902148,0.7763390710852026,0.8093487620353699,363644000
2016-03-17,0.8064146618721173,0.8103268717244803,0.7914991431954078,0.8025023937225342,353680000
2016-03-18,0.8120384883219416,0.8374681423425968,0.8069036111746392,0.8267094492912292,545512000
2016-03-21,0.8193737932690668,0.8293989302945257,0.810571206913862,0.8291544318199158,337780000
2016-03-22,0.8264649509748714,0.8335558746371159,0.8174178059073433,0.8276875019073486,242012000
2016-03-23,0.8313552788349738,0.8479823447695656,0.8276875094098626,0.8418694734573364,429008000
2016-03-24,0.8342893180394088,0.8445590126795074,0.8315996597063484,0.8430919051170349,244956000
2016-03-28,0.841624862306446,0.8553177701143291,0.8406468099552858,0.851650059223175,265388000
2016-03-29,0.8479821806957311,0.8672989599035908,0.8460260762456314,0.8653428554534912,261812000
2016-03-30,0.8685216931828149,0.8863713674585706,0.868032637851709,0.8743900656700134,376700000
2016-03-31,0.8783021513465336,0.8802582556710086,0.8643647477173426,0.8712111711502075,379884000
2016-04-01,0.8658320399718943,0.8844153277593388,0.8592301131512067,0.883926272392273,348292000
2016-04-04,0.8912617485233063,0.8959075704462329,0.8719449652306078,0.8753681778907776,393940000
2016-04-05,0.8675437002343849,0.8822146616057771,0.8641204292766187,0.8741456270217896,339568000
2016-04-06,0.863142376749301,0.875857233255324,0.8467598090494443,0.8753681778907776,453376000
2016-04-07,0.8697444192082769,0.8775689562983393,0.8626534944112106,0.8663212060928345,378104000
2016-04-08,0.8734120717262732,0.8790359460726987,0.86338687399714,0.8719449639320374,255936000
2016-04-11,0.8770797858963116,0.8917508055913272,0.8743901271292143,0.8773243427276611,387524000
2016-04-12,0.8802585597164322,0.8814811690644259,0.8592301686276107,0.8763463497161865,292764000
2016-04-13,0.8802584512318127,0.898597181111062,0.8802584512318127,0.8983526825904846,350716000
2016-04-14,0.8959077015746832,0.9047102913443704,0.8922399315468024,0.9007980227470398,416564000
2016-04-15,0.9005532902503798,0.915957803771558,0.8976190749902652,0.9078887701034546,436972000
2016-04-18,0.9061772809728568,0.9061772809728568,0.8951740306239016,0.9039766192436218,307320000
2016-04-19,0.9073998853510165,0.9091114918087295,0.882214727291887,0.88783860206604,309152000
2016-04-20,0.8863714951978116,0.8966411922533349,0.8853934426918624,0.8912618160247803,200172000
2016-04-21,0.8915061950936509,0.8956630197069602,0.8863713764026899,0.8902836441993713,178280000
2016-04-22,0.8932177980804288,0.8993306687250929,0.8839261554163326,0.8868603706359863,223540000
2016-04-25,0.8871050491515792,0.896152136851749,0.8846598887380948,0.8912618160247803,191972000
2016-04-26,0.8966411926649508,0.9069108897251886,0.8880831020652155,0.891995370388031,214536000
2016-04-27,0.8897945417611299,0.9127790919884663,0.8880829356214153,0.9122900366783142,352396000
2016-04-28,0.9066660241425512,0.9120453985418191,0.8829479820269293,0.8851485848426819,381224000
2016-04-29,0.8814808627821067,0.8834369671025549,0.8592298700766967,0.8687660098075867,321904000
2016-05-02,0.8770796676626544,0.8856377564729826,0.8729229016566815,0.8802583813667297,256076000
2016-05-03,0.8702331772908358,0.8739008877192521,0.8621641443916727,0.8697441220283508,224024000
2016-05-04,0.8592298562482643,0.8599634099309271,0.8411356875351179,0.8499382734298706,525764000
2016-05-05,0.8570293764440631,0.8650984098137097,0.8487157862803114,0.8550732135772705,246884000
2016-05-06,0.8536062882199722,0.86607664697903,0.8518946817819097,0.8638759851455688,183240000
2016-05-09,0.8660767069945651,0.8697444186739355,0.8555625107912896,0.8626534938812256,333336000
2016-05-10,0.8680327580663284,0.880747615463829,0.8597192243666807,0.8792805075645447,269676000
2016-05-11,0.8819703449978097,0.8915064310481886,0.8770799652347125,0.8817257881164551,328176000
2016-05-12,0.8880828490620506,0.8919951162703125,0.8540951114925095,0.8697441220283508,670540000
2016-05-13,0.9582593008690913,1.002516747141502,0.9536135366836535,1.0020277500152588,2110256000
2016-05-16,0.9944471461971134,1.0465291581478666,0.9912684334948756,1.0316135883331299,973032000
2016-05-17,1.0269678905758268,1.0411498502097647,1.0137640413490012,1.0338144302368164,628392000
2016-05-18,1.0269683720278864,1.072203988310326,1.0269683720278864,1.0602226257324219,541072000
2016-05-19,1.0560654474702689,1.07244812857859,1.0545984565535733,1.0648680925369263,398880000
2016-05-20,1.0714697953975836,1.0883414699723488,1.0697581897560149,1.0839401483535767,391084000
2016-05-23,1.0885865674064727,1.0927432762827884,1.0790504236156957,1.0856523513793945,413636000
2016-05-24,1.0889622335060765,1.1154386465605828,1.0860203968447681,1.112006425857544,415788000
2016-05-25,1.1154380726573576,1.120095841927817,1.0985225790066475,1.107348084449768,458076000
2016-05-26,1.1093093130132536,1.1272053411597993,1.1061223442927504,1.1191153526306152,309964000
2016-05-27,1.1203410021961362,1.1269600722977016,1.116663650108556,1.1252440214157104,277416000
2016-05-31,1.130146842851834,1.1477977323327146,1.1294113258041587,1.1453461647033691,412524000
2016-06-01,1.139953126839449,1.1585845538956248,1.1365210249316586,1.1475528478622437,387132000
2016-06-02,1.1536818037613235,1.1654491466458388,1.1424048447618171,1.155643105506897,329208000
2016-06-03,1.1443658456043364,1.1458366461809328,1.1193603654469901,1.1394627094268799,461076000
2016-06-06,1.142404282444623,1.1512297852638975,1.1276952279763388,1.133578896522522,322512000
2016-06-07,1.1404434659648388,1.1468174033108953,1.1352953127769956,1.1357855796813965,193400000
2016-06-08,1.136030460465287,1.1401980789173947,1.1227923218131113,1.1321080923080444,234616000
2016-06-09,1.1281861863067857,1.1632427313765896,1.1257346175313467,1.1615266799926758,472168000
2016-06-10,1.1477983235306368,1.1580946323239922,1.1311279589973258,1.132598876953125,400024000
2016-06-13,1.1338243984198233,1.1693713208295293,1.1338243984198233,1.1470625400543213,475588000
2016-06-14,1.1443656089006455,1.154661912190308,1.131617738029344,1.149268627166748,298344000
2016-06-15,1.1588295779511752,1.1710870656716583,1.1460817065559026,1.1610358953475952,301036000
2016-06-16,1.1524556219782318,1.167654943891325,1.141178668011363,1.165693759918213,246456000
2016-06-17,1.167164672395266,1.1674098057787647,1.1406882797253555,1.1453461647033691,471000000
2016-06-20,1.163732774901304,1.1808932837213357,1.1629972577249033,1.1659390926361084,293768000
2016-06-21,1.1708419240639456,1.1740288918903923,1.157113402312644,1.1588295698165894,212508000
2016-06-22,1.1612810555175173,1.1688807752316188,1.155887770147901,1.1578489542007446,202620000
2016-06-23,1.1688810150983906,1.1899640110115792,1.1681454978668984,1.188738226890564,297880000
2016-06-24,1.139952899865994,1.1610358908854923,1.110534789173277,1.121076226234436,1017684000
2016-06-27,1.1117606868962842,1.1203410586356932,1.0926388759074828,1.1090641021728516,449088000
2016-06-28,1.130147040635285,1.1313727077672793,1.1097994465805918,1.1252440214157104,381920000
2016-06-29,1.1350501304552156,1.1524558906813664,1.1321082953610486,1.1436303853988647,318932000
2016-06-30,1.1455913678808263,1.1595650236661976,1.136275714254431,1.1524556875228882,430940000
2016-07-01,1.146081794952674,1.1610359848977765,1.13995299217113,1.1438753604888916,218488000
2016-07-05,1.1375017253225173,1.1627523433540266,1.1284312023508685,1.1607911586761475,371084000
2016-07-06,1.1527009601260094,1.1750097386381384,1.1468172902643317,1.1681454181671143,273104000
2016-07-07,1.175990233436579,1.2027117634607467,1.170596947506639,1.1985441446304321,395400000
2016-07-08,1.2112922795478205,1.252477742327389,1.2066343928705348,1.2465940713882446,481932000
2016-07-11,1.264489852736481,1.2845921963398725,1.263018935290233,1.2752765417099,448776000
2016-07-12,1.2894952887778266,1.3061655300747737,1.2733151974167733,1.294398307800293,436760000
2016-07-13,1.2968501933988799,1.304204782845481,1.2919471727335567,1.2939083576202393,324604000
2016-07-14,1.300772252823801,1.3189134116372112,1.2899855641441433,1.3071460723876953,316892000
2016-07-15,1.290475732257729,1.2978303187260427,1.2708636575384735,1.2919466495513916,428616000
2016-07-18,1.3078816361685868,1.3098428204810286,1.2936628453332837,1.2985658645629883,252992000
2016-07-19,1.2978304786831323,1.3171974223899428,1.2953789105924776,1.3120492696762085,382652000
2016-07-20,1.3164624030332484,1.336319738005699,1.3110691148503792,1.3292102813720703,296460000
2016-07-21,1.3262680347166187,1.3304356539976325,1.3002820190392141,1.3046947717666626,361308000
2016-07-22,1.309352985217844,1.3402420282363892,1.2997920770338613,1.3402420282363892,315768000
2016-07-25,1.3483314381453637,1.368188646489764,1.3424477689038286,1.3650016784667969,312528000
2016-07-26,1.3770147568274533,1.3954010559593044,1.3750535718489107,1.3882917165756226,514508000
2016-07-27,1.4003035392743257,1.4027551072292705,1.3659824061854593,1.3743175268173218,446676000
2016-07-28,1.3775042686220438,1.3875554384115396,1.3730915171667135,1.3772591352462769,221916000
2016-07-29,1.3824080066364572,1.4034910075934226,1.3576477693339333,1.3998137712478638,409588000
2016-08-01,1.4056970876790233,1.410845240641242,1.3816722569581312,1.3907427787780762,301120000
2016-08-02,1.3973616628095198,1.3980971799329431,1.360589079759683,1.3738272190093994,282748000
2016-08-03,1.3721113009678525,1.3802012887248676,1.3645115800757468,1.377504587173462,299828000
2016-08-04,1.3841240302449451,1.4093746509441307,1.3814274448644306,1.4030007123947144,272712000
2016-08-05,1.4191801462036882,1.4275152664310446,1.4123159432984755,1.426779866218567,371588000
2016-08-08,1.446391994152909,1.4498240957308868,1.4248186172382022,1.4400180578231812,305064000
2016-08-09,1.4471272888964415,1.4576688431722002,1.440017952845644,1.4436951875686646,372344000
2016-08-10,1.4564433432805362,1.458649661165106,1.429721810736621,1.4343796968460083,375740000
2016-08-11,1.4419792153570516,1.469681277778853,1.4390373806597083,1.463552474975586,681064000
2016-08-12,1.5174859647663914,1.5537682849290508,1.4863517974366116,1.5454331636428833,1425744000
2016-08-15,1.5471492086601952,1.5567101139834318,1.5231243786349236,1.5439622402191162,573304000
2016-08-16,1.5417557281580818,1.5442071790900072,1.5299885065110264,1.5346463918685913,287652000
2016-08-17,1.5346466503625378,1.538078752383645,1.4870872551621475,1.499099612236023,595212000
2016-08-18,1.4968928366460703,1.524840028056532,1.4910091681819007,1.5223885774612427,331684000
2016-08-19,1.5216532737630206,1.537833247410456,1.5150342042615415,1.5263111591339111,291560000
2016-08-22,1.5309688716856207,1.5348913564012074,1.5128277159554109,1.5326849222183228,244748000
2016-08-23,1.5482813715705743,1.5551582259625234,1.5406676444294063,1.545088529586792,339764000
2016-08-24,1.5504915312336602,1.5512282867079774,1.5141422342438244,1.521264672279358,298448000
2016-08-25,1.521755805690406,1.5224925610901554,1.4922834816735258,1.5111948251724243,406032000
2016-08-26,1.5151246892121226,1.532071236216529,1.5030900795860624,1.523475170135498,300024000
2016-08-29,1.5296153217679753,1.5357553022649417,1.5200367976040476,1.52249276638031,274652000
2016-08-30,1.5205281055238493,1.5286330023103538,1.5094759522490466,1.5136512517929077,285544000
2016-08-31,1.5165983079324437,1.5207734898121148,1.502107729706434,1.5065284967422485,388544000
2016-09-01,1.5077567952672823,1.5566317630047921,1.5065287521657411,1.55098295211792,428492000
2016-09-02,1.5541753279236417,1.555894540905271,1.5183173233209748,1.5357550382614136,323148000
2016-09-06,1.5411586443621277,1.5502458810806274,1.533299333475438,1.5502458810806274,306812000
2016-09-07,1.545333910726982,1.5529476368627049,1.5185632523310124,1.5274049043655396,397988000
2016-09-08,1.5259313733610709,1.5409132414069528,1.5084936533611675,1.5384571552276611,315808000
2016-09-09,1.521510353623644,1.530106419602201,1.449057462911192,1.4618288278579712,697760000
2016-09-12,1.4424262935379462,1.4949852678336306,1.4077962078848354,1.4920380115509033,598260000
2016-09-13,1.4883543776629113,1.5055466322690358,1.4620748838424245,1.4704253673553467,471768000
2016-09-14,1.4738634245029267,1.488354003670617,1.4615833461094108,1.483441948890686,319048000
2016-09-15,1.4858975347674157,1.5414037468116304,1.4824589921773226,1.539684534072876,515212000
2016-09-16,1.545088029417183,1.5534385094917436,1.525685398583237,1.5433688163757324,902444000
2016-09-19,1.5595789015512267,1.6028050551298638,1.5524564629041646,1.5637542009353638,417128000
2016-09-20,1.5816834109600992,1.5816834109600992,1.5409133381478577,1.5495094060897827,331112000
2016-09-21,1.5541757109909025,1.595928237314501,1.5539301258062246,1.592980980873108,336212000
2016-09-22,1.60231357962971,1.6072256336159787,1.587823002803327,1.5969102382659912,308732000
2016-09-23,1.5988750106777478,1.6035413620020114,1.588068446028572,1.5951908826828003,276132000
2016-09-26,1.5770167712233798,1.586595296092364,1.560315807555083,1.5802096128463745,230040000
2016-09-27,1.5740691307085917,1.6366979048520949,1.573332375335038,1.6342418193817139,402752000
2016-09-28,1.6366985298870336,1.641365000372744,1.6192606911483567,1.640136957168579,319788000
2016-09-29,1.6374352660171387,1.6605220329521004,1.622207928650059,1.6553642749786377,336684000
2016-09-30,1.6644516411305939,1.6993273184122495,1.6546275297776911,1.68287193775177,429932000
2016-10-03,1.6828714355621224,1.70718612147165,1.6782049664951288,1.681152105331421,242596000
2016-10-04,1.6836085173065176,1.7118528052137567,1.6649426374207623,1.6774684190750122,281624000
2016-10-05,1.6917131503496974,1.7089053992941716,1.670591304732974,1.6757489442825317,305440000
2016-10-06,1.6556095845350438,1.665924863809516,1.6273651834398768,1.6538903713226318,360212000
2016-10-07,1.6649427230742124,1.6693636080818461,1.6371896041216842,1.641856074333191,286260000
2016-10-10,1.6504517982219755,1.6592935663953907,1.6325227938350453,1.6479958295822144,287876000
2016-10-11,1.6425925013371354,1.6450484698220746,1.6116464317936088,1.6241722106933594,388540000
2016-10-12,1.617541010257999,1.6401364833919723,1.6040328902521324,1.6315404176712036,419920000
2016-10-13,1.6123834180623609,1.6160674296059592,1.564490799545121,1.6050152778625488,390116000
2016-10-14,1.6246635732501573,1.635715725521947,1.6111554522027596,1.6207339763641357,330636000
2016-10-17,1.6204880755158377,1.6357154068735607,1.6091903402786243,1.6114007234573364,195328000
2016-10-18,1.6337509105871972,1.6452942330750613,1.6271196427135866,1.6359612941741943,269372000
2016-10-19,1.6249087384997716,1.6401360677912775,1.616558142929745,1.6325223445892334,199060000
2016-10-20,1.6516799299849996,1.6688721798390043,1.6283476996448554,1.663468837738037,312084000
2016-10-21,1.6575743472268194,1.6617495290331175,1.6430837692554616,1.6588023900985718,279508000
2016-10-24,1.6701001927622061,1.7386233715553883,1.6698544904880706,1.7366585731506348,339836000
2016-10-25,1.7337112761863025,1.7757093827453903,1.7253607953281556,1.765148401260376,397460000
2016-10-26,1.7504123176684094,1.791673670640554,1.7486931043872884,1.7722710371017456,333792000
2016-10-27,1.7857791599592399,1.7892175865249003,1.728799302233428,1.7359217405319214,388664000
2016-10-28,1.7442726262336485,1.7707977024598398,1.7297820449697667,1.732974886894226,290856000
2016-10-31,1.7386237070260782,1.7592543870382635,1.737641249077825,1.7477110624313354,252388000
2016-11-01,1.7540965422912196,1.7636750670001873,1.677222759439141,1.695888638496399,473224000
2016-11-02,1.7089053883213938,1.731992032126004,1.6858186274041695,1.6887658834457397,295848000
2016-11-03,1.6966253385550216,1.6980989667014903,1.6366982233449174,1.66911780834198,309664000
2016-11-04,1.658065713728621,1.6880293309368422,1.6352246523292808,1.6595393419265747,328780000
2016-11-07,1.7081686506347162,1.761464497404835,1.7069406076683244,1.7504123449325562,487580000
2016-11-08,1.7570438859328543,1.7626928141881875,1.7315012675173271,1.7477110624313354,429884000
2016-11-09,1.7003092299721392,1.7413249957715282,1.6877835672829882,1.7182382345199585,456532000
2016-11-10,1.7558155956736674,1.756061180831628,1.6396453838499685,1.664451241493225,869280000
2016-11-11,1.9527898056277582,2.1802181305168276,1.9279838229258677,2.160569906234741,2175344000
2016-11-14,2.1635167957236963,2.1659728818980017,2.053732367055261,2.0542235374450684,1348796000
2016-11-15,2.0701871177568543,2.1477976415817674,2.06134535024858,2.116851806640625,626092000
2016-11-16,2.145096265797276,2.2733008512805424,2.120781578803012,2.250459909439087,987984000
2016-11-17,2.2671600699735155,2.3280696170703052,2.226389903788727,2.269124984741211,832988000
2016-11-18,2.269125920008733,2.316772721956208,2.2546353410216837,2.2929494380950928,576060000
2016-11-21,2.310878246752644,2.317263929054057,2.2693711946808492,2.283616304397583,436436000
2016-11-22,2.2914763625724426,2.302282815844343,2.268880880840059,2.300072431564331,330368000
2016-11-23,2.3052369396303893,2.3428704202241324,2.2818698960489026,2.3113863468170166,443236000
2016-11-25,2.3224550706031333,2.339181036097256,2.2976118406186155,2.3160598278045654,195564000
2016-11-28,2.3089269651486886,2.3303263896242417,2.302285651205823,2.3148303031921387,278736000
2016-11-29,2.312124129078461,2.3229469920887627,2.275966599397766,2.2936763763427734,444568000
2016-11-30,2.302285186011915,2.3160597168553645,2.2653896825592708,2.2678494453430176,440500000
2016-12-01,2.2653900449336306,2.2671118322424944,2.0850935794953926,2.155687093734741,1035524000
2016-12-02,2.1214976291570955,2.184220195907379,2.0937029562235785,2.1756112575531006,478292000
2016-12-05,2.213489575494441,2.2779339004862798,2.189138489022861,2.2599780559539795,602284000
2016-12-06,2.2680950760475986,2.305482716341283,2.2523529240595144,2.297119617462158,498796000
2016-12-07,2.2835916891393184,2.344100307813604,2.265389772225389,2.3384430408477783,480804000
2016-12-08,2.3413946725190264,2.376568389776538,2.288757014402109,2.2993335723876953,381544000
2016-12-09,2.317044454151321,2.318766241872883,2.231200669128337,2.2585034370422363,382312000
2016-12-12,2.210046193880821,2.212505956665766,2.153226987173576,2.203650951385498,601332000
2016-12-13,2.215950061086338,2.2700636824269025,2.2149662495672566,2.2425148487091064,387796000
2016-12-14,2.2762124571013977,2.388621230889203,2.252353272628307,2.372387170791626,983980000
2016-12-15,2.383455273409221,2.458230554228341,2.3760762202773917,2.427976131439209,746548000
2016-12-16,2.4555249756365605,2.4769243961360994,2.4038711292175683,2.4697914123535156,1089528000
2016-12-19,2.452326964833111,2.519968786475869,2.435108863201112,2.4997992515563965,744656000
2016-12-20,2.5723605471172033,2.610485923950998,2.5610457814349057,2.5868728160858154,848056000
2016-12-21,2.5984337588827495,2.606058882167203,2.5509614668538565,2.603107213973999,576136000
2016-12-22,2.6274602637746507,2.6778842616716454,2.6203270407634127,2.6345934867858887,718612000
2016-12-23,2.616635358668206,2.701741358901442,2.6139297606475167,2.700265407562256,647692000
2016-12-27,2.7563473090152124,2.886711693718592,2.7356856289837985,2.885727882385254,1194272000
2016-12-28,2.9418092408280483,2.9499262711117824,2.6734553357773043,2.687229633331299,2295764000
2016-12-29,2.5802318931275225,2.742326638439548,2.5285780506291964,2.7408506870269775,2175368000
2016-12-30,2.738883243923856,2.7529036103819693,2.614668037530389,2.625490665435791,1212932000
2017-01-03,2.5679340088401847,2.616390360672771,2.444456752900813,2.5091471672058105,1501996000
2017-01-04,2.5433366601693703,2.5949905081166054,2.497340079223391,2.567687749862671,1199220000
2017-01-05,2.571130692254742,2.602860828264275,2.4855327941831007,2.502504825592041,984296000
2017-01-06,2.5298079298383245,2.5642439030004542,2.489222784664614,2.5359573364257812,822856000
2017-01-09,2.545796462800636,2.656483214536337,2.545796462800636,2.638773202896118,916248000
2017-01-10,2.6518092975328793,2.685753128741895,2.5981876008433225,2.618849277496338,880920000
2017-01-11,2.607288683247517,2.61220797370093,2.561784015030158,2.5866270065307617,525664000
2017-01-12,2.5637526229133467,2.5753132286273623,2.499554116101543,2.544320821762085,625616000
2017-01-13,2.548256089447979,2.5826920681371366,2.534973697493455,2.544074773788452,457820000
2017-01-17,2.5334985008139856,2.5384177933080756,2.4737276074534376,2.4870100021362305,580612000
2017-01-18,2.465610715212129,2.5391559132162027,2.437816042503486,2.532268762588501,654424000
2017-01-19,2.5352192366844797,2.618603215493472,2.5330055442516506,2.5866270065307617,644872000
2017-01-20,2.6092571453701883,2.6269671596843973,2.5364499342809452,2.5583412647247314,492024000
2017-01-23,2.553175245048988,2.60482908829994,2.550715482376114,2.5849053859710693,369904000
2017-01-24,2.594990432202098,2.646152372988506,2.5802320898306745,2.640002965927124,428052000
2017-01-25,2.6823104855582245,2.688459893959086,2.6154066111036545,2.651318311691284,522760000
2017-01-26,2.6540235383706063,2.7044475073051353,2.6245070859144852,2.697068452835083,458800000
2017-01-27,2.7039555656179335,2.752165841027187,2.6773907822186884,2.7492141723632812,471996000
2017-01-30,2.7283065250454235,2.7305202177929897,2.6542694456049754,2.7061691284179688,496004000
2017-01-31,2.6798507451503153,2.7069074362496477,2.6614027559804834,2.6855080127716064,362756000
2017-02-01,2.719942459080588,2.807016063115039,2.7022326888142354,2.8028347492218018,590004000
2017-02-02,2.7868483286226367,2.846865293202944,2.756348057820163,2.8382561206817627,483240000
2017-02-03,2.839732097601044,2.8508007992209605,2.801606700119091,2.813413143157959,372744000
2017-02-06,2.804065232576084,2.885973501622842,2.804065232576084,2.885481595993042,506768000
2017-02-07,2.919671943672788,2.9742774646626557,2.899994308037366,2.930248737335205,746224000
2017-02-08,2.9122926959847173,2.934675928799721,2.8626064699079588,2.9174580574035645,449580000
2017-02-09,2.9236077738606894,2.9285273006464063,2.84342150460666,2.862607002258301,842568000
2017-02-10,2.949925366273704,2.968865019601039,2.769628968140071,2.794718027114868,1651092000
2017-02-13,2.789060804278896,2.8035730746434693,2.661402039086788,2.665829658508301,1180724000
2017-02-14,2.6562376293592855,2.7093674394038962,2.6144225901354146,2.6756694316864014,850632000
2017-02-15,2.6786212891952803,2.7007584574799663,2.650580547628329,2.6810808181762695,373020000
2017-02-16,2.6906729542128573,2.6919028356037185,2.598925866722435,2.638035297393799,647176000
2017-02-17,2.6245080669220546,2.641972015537178,2.577527654817933,2.6375443935394287,563740000
2017-02-21,2.6621402981663205,2.7359315390968164,2.661894228059426,2.7319960594177246,551952000
2017-02-22,2.7440634978135288,2.753422203984601,2.7088451593546186,2.727808952331543,433772000
2017-02-23,2.5982659723108745,2.6201849309070337,2.454930408929533,2.474879026412964,1592888000
2017-02-24,2.3906499688863017,2.5120665275018887,2.3569094461878444,2.498767375946045,1029904000
2017-02-27,2.516992855525954,2.5864440228198635,2.5012308335104962,2.571420907974243,715400000
2017-02-28,2.5810261848219334,2.5908776557095834,2.482021298095385,2.499260902404785,625360000
2017-03-01,2.5561519163682407,2.5704363617320163,2.4901486563590733,2.5315239429473877,504804000
2017-03-02,2.5187171501493224,2.532755213880659,2.4354740557425822,2.438183069229126,754332000
2017-03-03,2.4275936199535453,2.4325191213029353,2.3697173937120057,2.4241456985473633,864692000
2017-03-06,2.3879417107634335,2.4160178367351186,2.3438574156919465,2.4054276943206787,883568000
2017-03-07,2.405426513065591,2.451234745927306,2.392619890126027,2.4317784309387207,603400000
2017-03-08,2.4800505604867773,2.4948275295840374,2.4251299813252016,2.4273464679718018,638712000
2017-03-09,2.411338254085188,2.4492653767794295,2.398777771874124,2.426853895187378,478060000
2017-03-10,2.453205744866898,2.4650270835365276,2.4229131388206158,2.4411377906799316,499740000
2017-03-13,2.451481637032486,2.5182237776418317,2.4507427300127476,2.5083725452423096,774136000
2017-03-14,2.521179365441611,2.5305378373023526,2.4743858317782754,2.5066487789154053,522016000
2017-03-15,2.5182244635217144,2.5364491192450664,2.470692013504071,2.5256128311157227,615036000
2017-03-16,2.53620282156962,2.5571367242259133,2.522164759571124,2.5566439628601074,523100000
2017-03-17,2.5741295240609903,2.613534690457664,2.5566435445942948,2.6123032569885254,1119688000
2017-03-20,2.629789292628745,2.6994868313417046,2.6137808920599173,2.6955461502075195,748568000
2017-03-21,2.6783070848522548,2.7081071707146784,2.600482257454959,2.608363151550293,913484000
2017-03-22,2.5972807640589384,2.666239651785733,2.593340316584492,2.661560297012329,616764000
2017-03-23,2.653679019434173,2.6736278712912966,2.6278196141304773,2.6374244689941406,533940000
2017-03-24,2.683725422133769,2.6916063164516815,2.6209237088064854,2.6467831134796143,439500000
2017-03-27,2.600235172238444,2.6699327059592726,2.55097901030837,2.665992259979248,506644000
2017-03-28,2.667224530597137,2.681755120542884,2.6418576520869608,2.6522014141082764,432444000
2017-03-29,2.659589078886729,2.6719031786970144,2.641364427249672,2.643580913543701,349992000
2017-03-30,2.6507231935062188,2.7090919250544463,2.645058786820256,2.694314956665039,525532000
2017-03-31,2.6847107911527397,2.706383605385506,2.6696876731167554,2.6827404499053955,440808000
2017-04-03,2.683231802134935,2.7004713982249235,2.6455506015967183,2.669193744659424,445232000
2017-04-04,2.546546032303542,2.571666757037447,2.4711840929737328,2.482020378112793,1271280000
2017-04-05,2.4633037100857216,2.5211799232172014,2.450497080657409,2.463550090789795,747048000
2017-04-06,2.46872212875976,2.4935964819583676,2.4236525421897746,2.4815287590026855,635120000
2017-04-07,2.4879316612737292,2.5054176433142326,2.4559150909792837,2.470938205718994,429068000
2017-04-10,2.4716768341216384,2.478326293237492,2.4037032544408836,2.4078900814056396,756332000
2017-04-11,2.3778433716698966,2.435719566296251,2.3729178730110867,2.4165096282958984,618148000
2017-04-12,2.4165092725946775,2.4307934749617366,2.3913885520039084,2.3965604305267334,414092000
2017-04-13,2.3724264529857795,2.3940990329863405,2.351738691329956,2.351738691329956,506892000
2017-04-17,2.364545241636515,2.444094040528329,2.3593733601177287,2.443847894668579,497292000
2017-04-18,2.4295621655497754,2.45148134883117,2.40370277161808,2.445324182510376,370116000
2017-04-19,2.462810482303927,2.48694591980789,2.448279896700383,2.4549295902252197,380828000
2017-04-20,2.4694605416081967,2.4985217171198597,2.448280259342568,2.493842363357544,404016000
2017-04-21,2.4834983973706537,2.5068951664587122,2.471677057361909,2.5041861534118652,341896000
2017-04-24,2.535709955767849,2.5485165835682904,2.514776288845689,2.535463809967041,371820000
2017-04-25,2.549994653690903,2.594078948268915,2.5285682232736106,2.5795483589172363,388440000
2017-04-26,2.5930933981753723,2.5955560303182144,2.559845398091779,2.5618157386779785,327004000
2017-04-27,2.5692040877535467,2.6100865995157867,2.5512255814348435,2.601713180541992,319700000
2017-04-28,2.5948168166461714,2.6017126549510143,2.5630464024778736,2.568711042404175,348248000
2017-05-01,2.579548274976923,2.631513696847482,2.5724060534462483,2.6263415813446045,307732000
2017-05-02,2.5994966326968756,2.6007280661669334,2.5258584143676903,2.548516273498535,629972000
2017-05-03,2.5416209259840086,2.577085418222555,2.5268441912265933,2.5674805641174316,336904000
2017-05-04,2.573637755333926,2.584720424947022,2.5497484557177845,2.5576295852661133,209788000
2017-05-05,2.54605381704411,2.5650173770727904,2.530537942148709,2.557875156402588,228428000
2017-05-08,2.5696971654518155,2.571174745044671,2.519702082044593,2.5310311317443848,365240000
2017-05-09,2.536695099364868,2.5842273070045736,2.528321445174524,2.53521728515625,847672000
2017-05-10,2.814746561581942,3.000196286790456,2.8080971017814176,2.9871432781219482,2129096000
2017-05-11,2.9566044499466226,3.212244242165562,2.9531565297926985,3.1154556274414062,1939792000
2017-05-12,3.118657911087424,3.191803388276,3.0977240060748827,3.149689197540283,962620000
2017-05-15,3.1908178702766903,3.3102641139026403,3.186384662235067,3.3078012466430664,1087540000
2017-05-16,3.3587810355258756,3.384887050023621,3.2844043778111973,3.369371175765991,1120700000
2017-05-17,3.302629558184894,3.3213469746499116,3.141315501262564,3.1455023288726807,1271368000
2017-05-18,3.189340479217032,3.2861291084895776,3.129001632581832,3.2772629261016846,1156032000
2017-05-19,3.3783439246924383,3.407682111391923,3.3337201618292505,3.35295033454895,1018372000
2017-05-22,3.396588244938052,3.4387465497366225,3.385740309750181,3.4244472980499268,836608000
2017-05-23,3.444171142220138,3.4463899636458977,3.345801433016775,3.378344774246216,681248000
2017-05-24,3.475234763322068,3.4779468648983247,3.404231074114113,3.416311740875244,815996000
2017-05-25,3.4515660234250993,3.4523057086682765,3.3637976434246832,3.408668041229248,608228000
2017-05-26,3.4005328468514824,3.5817400124327925,3.3803165823265253,3.4969301223754883,779140000
2017-05-30,3.5427870034216355,3.6066409505002266,3.526761974163199,3.5716323852539062,989652000
2017-05-31,3.6165019482286525,3.6241447363909933,3.5021072361841976,3.558811664581299,887316000
2017-06-01,3.5745894528950632,3.5755757782189024,3.513694033056301,3.5590574741363525,503340000
2017-06-02,3.556100224950482,3.582233505559965,3.5353909126212373,3.5413079261779785,487456000
2017-06-05,3.525036010434045,3.6618658225670244,3.5134486243272063,3.649045705795288,817376000
2017-06-06,3.6443609024376618,3.690464035214239,3.619213952849801,3.6325271129608154,758728000
2017-06-07,3.656935523273544,3.6951492374650847,3.6414035384616446,3.6764121055603027,612612000
2017-06-08,3.7834099996465405,3.9446475373302308,3.7422377861185647,3.9431684017181396,1161744000
2017-06-09,4.061507773543877,4.154206851212726,3.5193649776751523,3.6882452964782715,3692928000
2017-06-12,3.596532744954067,3.740019255725093,3.503587015872353,3.6973676681518555,1697532000
2017-06-13,3.806584815983754,3.8157069752859445,3.5908619011840957,3.7326228618621826,1672504000
2017-06-14,3.735580969115222,3.7982021713586356,3.6611257426194843,3.740511655807495,1184640000
2017-06-15,3.6231587164922225,3.78686147698821,3.611817736544497,3.7565371990203857,963824000
2017-06-16,3.766152099339197,3.8139810091092814,3.704023938716276,3.738046407699585,924960000
2017-06-19,3.782177802879952,3.8837526530642084,3.77847984576815,3.878575325012207,778176000
2017-06-20,3.9207332138848434,3.9875456612321845,3.868713298754314,3.8729043006896973,1095444000
2017-06-21,3.900517291074151,3.9352794509320526,3.8386355256277778,3.9315812587738037,682652000
2017-06-22,3.9397163438147773,3.95302973900359,3.8805466912570954,3.904461145401001,469132000
2017-06-23,3.9121042508877597,3.927882873207779,3.7774930335171475,3.792532205581665,1088588000
2017-06-26,3.8253215240536282,3.860823361580767,3.656934494717069,3.751112937927246,1063960000
2017-06-27,3.7336087130082625,3.742237591428163,3.6081196630174825,3.6137900352478027,999492000
2017-06-28,3.6813430687002087,3.7459367053598016,3.5933280169054256,3.7412524223327637,994948000
2017-06-29,3.712899675787962,3.7158579470741504,3.552155179939054,3.616255760192871,1064424000
2017-06-30,3.6335134743351345,3.647073275603063,3.5378558854453286,3.5639891624450684,731060000
2017-07-03,3.576070362193365,3.590862662104509,3.416558564558222,3.435049057006836,709072000
2017-07-05,3.4984099083275737,3.5556073960307093,3.479426370870628,3.5267622470855713,820188000
2017-07-06,3.4976690254848144,3.5842046719996032,3.445648887483464,3.5373618602752686,746284000
2017-07-07,3.594067570875428,3.6364725216570046,3.571139201879183,3.6182284355163574,654972000
2017-07-10,3.69169690496112,3.7967230542961623,3.665563628924915,3.7893269062042236,958492000
2017-07-11,3.793025629895059,3.8507161573913433,3.7511137262958276,3.8430733680725098,757956000
2017-07-12,3.9027359024782537,4.0186097624409305,3.8598379102742273,4.006529331207275,1145208000
2017-07-13,4.018609539311494,4.099967876946383,3.913830025925479,3.960179567337036,1369132000
2017-07-14,3.976452043177156,4.068165054223206,3.9695489385951275,4.066686153411865,941948000
2017-07-17,4.1007084611352465,4.129553845876933,3.987792854117006,4.0494279861450195,930792000
2017-07-18,3.9885305046269686,4.106130569963522,3.976696482553523,4.0915846824646,776640000
2017-07-19,4.100708790422489,4.127088715572717,4.058304068230077,4.070384502410889,687044000
2017-07-20,4.0908460892615714,4.12979924622593,4.041044997461201,4.129552841186523,699596000
2017-07-21,4.109088663506019,4.173928906907089,4.094789181596186,4.144343852996826,648332000
2017-07-24,4.151495382262104,4.16111035204074,4.085669024142947,4.0962700843811035,652524000
2017-07-25,4.073341998949852,4.090846634090149,4.032909465886904,4.076547145843506,496556000
2017-07-26,4.133990423259096,4.189462121833369,4.088873379053538,4.123635768890381,640404000
2017-07-27,4.148536138274292,4.160123757807409,3.88449128748743,3.9875452518463135,782856000
2017-07-28,3.9517963648684185,4.0772856348946735,3.9268960580777983,4.052877902984619,513348000
2017-07-31,4.066438677257495,4.1024335658994335,3.959933382163176,4.006529331207275,559672000
2017-08-01,3.9971595979403043,4.057068926478595,3.9693007867762526,4.055343151092529,431384000
2017-08-02,4.0864077925157725,4.090352153468697,3.975957691778552,4.052877902984619,478444000
2017-08-03,4.0523866738208945,4.1081047910442585,4.035375317419268,4.104406833648682,442420000
2017-08-04,4.127086714185362,4.19291305746018,4.10440522801529,4.122402667999268,589096000
2017-08-07,4.1514959354084855,4.249618767665108,4.14188049411003,4.249125957489014,717412000
2017-08-08,4.287093378615998,4.3036114553880305,4.159385467099917,4.198585510253906,755336000
2017-08-09,4.15248103545533,4.245673392527062,4.133743907981555,4.243207931518555,530784000
2017-08-10,4.244440891265307,4.256768197656512,4.051399928541747,4.0615081787109375,1328088000
2017-08-11,3.874137353068691,3.9199938540704466,3.7698508739760883,3.845045566558838,1497196000
2017-08-14,3.936512093213958,4.155439938462175,3.9249247068549793,4.151741981506348,1279020000
2017-08-15,4.156918237246325,4.183051274741345,4.0824630155280035,4.116732120513916,764532000
2017-08-16,4.131772396618513,4.155193574635667,4.039319709895831,4.071616172790527,596632000
2017-08-17,4.0632354445923085,4.080246334244439,3.9786719256695062,3.9808905124664307,525444000
2017-08-18,4.03512817752658,4.05213953083044,3.9357721591015804,3.981628656387329,601204000
2017-08-21,4.006036415141319,4.017377160659298,3.8798076680545575,3.923691749572754,623672000
2017-08-22,3.9602130628234042,4.016967203500811,3.940965951169214,4.011044979095459,450456000
2017-08-23,3.977731688520714,4.102344037148433,3.9690947417578593,4.091239929199219,579520000
2017-08-24,4.123318779692817,4.127760800017181,4.049785411456159,4.076188087463379,469700000
2017-08-25,4.100371965784593,4.110489119683128,4.035721206195906,4.042137145996094,357200000
2017-08-28,4.06113633673126,4.073967742313019,4.005615786555115,4.0707597732543945,389496000
2017-08-29,4.0120323843262415,4.085812860889076,4.0038891493235615,4.064097881317139,324096000
2017-08-30,4.083837227371453,4.099383355759798,4.053486248552185,4.0882792472839355,384400000
2017-08-31,4.108512028744885,4.185006717267959,4.101109605416797,4.181058883666992,612684000
2017-09-01,4.193645373682579,4.241763027562376,4.185008425187449,4.2062296867370605,445432000
2017-09-05,4.154904100136262,4.159839364847334,4.035967326907536,4.093955039978027,695364000
2017-09-06,4.126773645831955,4.140592008890526,4.056694401189748,4.091486930847168,397672000
2017-09-07,4.108266451135546,4.142812357188386,4.070265954477423,4.110487461090088,352868000
2017-09-08,4.098889548180518,4.113694868928455,4.014991946187767,4.0391740798950195,498856000
2017-09-11,4.084824452960619,4.180813119196103,4.0793954746670025,4.170202255249023,567444000
2017-09-12,4.194879442097447,4.194879442097447,4.120112009234755,4.185256004333496,411488000
2017-09-13,4.160083972991174,4.2328774449555775,4.127759087283436,4.204007148742676,580960000
2017-09-14,4.165019421191666,4.258047190436093,4.140590671717259,4.180071830749512,513712000
2017-09-15,4.265451836452265,4.4443511962890625,4.260269949278315,4.4443511962890625,1364792000
2017-09-18,4.568468943563326,4.718004230469194,4.561559762772193,4.627937316894531,1684460000
2017-09-19,4.577599139328865,4.684691912364669,4.555637545702236,4.623002529144287,874280000
2017-09-20,4.626703838446828,4.674081146439339,4.545520491706357,4.585741996765137,724920000
2017-09-21,4.482103637868586,4.508260158034046,4.382660384018477,4.460389137268066,1075600000
2017-09-22,4.449039946445701,4.498638279534807,4.407091133271735,4.416961193084717,491232000
2017-09-25,4.386114599843208,4.387348650945643,4.19882593035556,4.219553470611572,874580000
2017-09-26,4.354037207567398,4.409064037369204,4.203514947142014,4.2432427406311035,1125620000
2017-09-27,4.333556078407726,4.349595450635252,4.262736501000881,4.336270332336426,713720000
2017-09-28,4.343425660637264,4.347373965426331,4.287658502912653,4.335036277770996,435244000
2017-09-29,4.418933963831018,4.434972863986991,4.373777197721946,4.411284446716309,619092000
2017-10-02,4.4613776388751285,4.49049504483526,4.367609952714213,4.416961193084717,503480000
2017-10-03,4.423127940808316,4.455947015448963,4.381919484035338,4.426089286804199,390332000
2017-10-04,4.432257656898726,4.485310550686096,4.39573737431475,4.463102340698242,427848000
2017-10-05,4.487532997964961,4.490987588596641,4.430778403891061,4.460636138916016,437364000
2017-10-06,4.43300054402543,4.487040427249241,4.416961167438068,4.473715305328369,318800000
2017-10-09,4.510480403324936,4.607703111711555,4.49172677967013,4.574637413024902,563492000
2017-10-10,4.72367906821317,4.761186316278002,4.620781228656902,4.661989688873291,974876000
2017-10-11,4.678522207209927,4.71306857897507,4.632625577253638,4.711587905883789,529508000
2017-10-12,4.715042593866637,4.764640907580657,4.686665535841932,4.713809013366699,528292000
2017-10-13,4.775992483557607,4.81177244288442,4.729108885804572,4.801655292510986,628728000
2017-10-16,4.83151263262083,4.8870331734610435,4.768342574124737,4.8840718269348145,576640000
2017-10-17,4.863345521237712,4.908008587266425,4.8450856054065286,4.879631519317627,478596000
2017-10-18,4.888513370283382,4.889253236190173,4.770316497105285,4.875434875488281,567316000
2017-10-19,4.797953034844264,4.885798458987188,4.748848437707955,4.880863666534424,570772000
2017-10-20,4.897890955677958,4.925033966777259,4.849772836939612,4.858656406402588,451620000
2017-10-23,4.8803726379185655,4.906775792345585,4.831514635852318,4.851748943328857,428696000
2017-10-24,4.860876179146727,4.904305648969899,4.834966752825777,4.902578353881836,407244000
2017-10-25,4.863098355682998,4.915904650176435,4.717264726082027,4.778707027435303,828160000
2017-10-26,4.80634393075185,4.840396124000379,4.782408417215794,4.828798770904541,322744000
2017-10-27,4.880864040723219,4.981294252288455,4.854954142760017,4.981047630310059,572192000
2017-10-30,4.981048759724676,5.08542682922171,4.965256007126421,5.029906749725342,504056000
2017-10-31,5.061738191741753,5.129843051892422,5.056062590623898,5.103193283081055,411908000
2017-11-01,5.165868763585285,5.181167798233534,5.04865884259544,5.112815856933594,502576000
2017-11-02,5.083203886007035,5.127866927041652,5.025215730976338,5.081723213195801,342308000
2017-11-03,5.112816895637146,5.14958381652832,5.0669202530208235,5.14958381652832,353640000
2017-11-06,5.11281462612448,5.181413172892945,5.100476940844082,5.172776699066162,389944000
2017-11-07,5.19547957856975,5.253467745481951,5.183388512989801,5.231999397277832,427700000
2017-11-08,5.22755949736851,5.231261181322571,5.113804607990144,5.161181926727295,522988000
2017-11-09,5.0651912662464555,5.091347312526664,4.9442801487197015,5.06642484664917,978564000
2017-11-10,5.257910610678226,5.39584810052816,5.222130648916055,5.333418369293213,1253256000
2017-11-13,5.33341703786811,5.358832749540778,5.2315061572511885,5.246805191040039,582376000
2017-11-14,5.255936327697299,5.300352767925329,5.2122602242267675,5.285053730010986,529292000
2017-11-15,5.230026444931423,5.231260496305435,5.12762230156524,5.18141508102417,501948000
2017-11-16,5.25544185547486,5.285546209545831,5.21275272077284,5.221635818481445,441768000
2017-11-17,5.2786370306660775,5.31392327018724,5.200415034451737,5.2154669761657715,515664000
2017-11-20,5.2310119706509575,5.294675731703782,5.194245062612149,5.2825846672058105,396100000
2017-11-21,5.322314162365672,5.3427950861461415,5.290482506927567,5.331197261810303,399176000
2017-11-22,5.358358777921161,5.358358777921161,5.274649684699717,5.307244300842285,356640000
2017-11-24,5.323540376993147,5.3583575379437,5.2990941850535,5.357369422912598,180752000
2017-11-27,5.366012740536126,5.367247177941411,5.284525742400765,5.287735939025879,422896000
2017-11-28,5.292924287611298,5.3023076182987605,5.142050616355864,5.203042030334473,512752000
2017-11-29,5.185753973503644,5.188470112425873,4.722021410189646,4.850177764892578,1396788000
2017-11-30,4.918825384343876,5.004756565350237,4.855858700600845,4.956111431121826,823768000
2017-12-01,4.921541796166544,4.941790154847692,4.752642357858887,4.881292343139648,811548000
2017-12-04,4.939812212810802,4.945985811813881,4.555838186380829,4.609174728393555,1240844000
2017-12-05,4.503985460880966,4.75832253190958,4.45904457324678,4.63584566116333,981488000
2017-12-06,4.585471987872158,4.69510853690682,4.564235982135408,4.673378944396973,467032000
2017-12-07,4.740048085684807,4.780544796670754,4.694613153463657,4.74078893661499,542600000
2017-12-08,4.790669944524561,4.809683868173237,4.720048414331491,4.7284440994262695,466876000
2017-12-11,4.742516772527789,4.809681752765574,4.72671352481275,4.806718349456787,372748000
2017-12-12,4.763260014025102,4.7864713030833475,4.688934247785812,4.712392330169678,455016000
2017-12-13,4.753383500010347,4.75461793784421,4.589916331395567,4.597324371337891,554280000
2017-12-14,4.590902437909763,4.675352369434619,4.558307826650252,4.604483604431152,438164000
2017-12-15,4.648438809323871,4.750420516997268,4.583496359015741,4.730172157287598,670036000
2017-12-18,4.7706694184392875,4.889689313381648,4.741038194648875,4.886726379394531,477704000
2017-12-19,4.877341701368436,4.882527187648366,4.8141277506400355,4.842524528503418,373100000
2017-12-20,4.881786042859807,4.890922106148219,4.804003282361591,4.859562397003174,288820000
2017-12-21,4.863017914232466,4.88795769218551,4.828694811516735,4.837090492248535,300904000
2017-12-22,4.800298843351743,4.8311649616097,4.722516093467407,4.821781635284424,466276000
2017-12-26,4.766470055877033,4.883020566518192,4.736591577211188,4.875365734100342,355080000
2017-12-27,4.862030451241272,4.937837431953995,4.847461641539324,4.868697166442871,329488000
2017-12-28,4.892404009305769,4.923270133044771,4.868205073793837,4.874378204345703,240248000
2017-12-29,4.9005520474901685,4.9005520474901685,4.778075218200684,4.778075218200684,279964000
2018-01-02,4.834375017324645,4.926232998453694,4.802768516998509,4.9225287437438965,355616000
2018-01-03,5.039819567643107,5.2768715921266445,5.031177092524499,5.246499061584473,914704000
2018-01-04,5.3277399216062165,5.38428668271751,5.251932446899893,5.274156093597412,583268000
2018-01-05,5.288972512914284,5.3561370440293965,5.2121773888911465,5.318850994110107,580124000
2018-01-08,5.442314845965731,5.555901948622903,5.397373497373646,5.481823444366455,881216000
2018-01-09,5.4872563701388914,5.526764973194895,5.3988558354776055,5.480342388153076,497000000
2018-01-10,5.387990627341934,5.526764791172021,5.33366641767401,5.523307800292969,582664000
2018-01-11,5.555901280923127,5.58726145673746,5.511700788622706,5.533184051513672,406032000
2018-01-12,5.521331639654908,5.555654749671344,5.46552573671378,5.506021976470947,359916000
2018-01-16,5.532443747287633,5.617880865788269,5.350704010135814,5.435153484344482,702348000
2018-01-17,5.449723250238655,5.558865734748603,5.3558904323801855,5.5489888191223145,538408000
2018-01-18,5.529725568545394,5.596396484631688,5.49861266276359,5.542072296142578,408632000
2018-01-19,5.632203082211665,5.706281587472886,5.605288008141734,5.682082653045654,609380000
2018-01-22,5.689984119368288,5.7722115122356215,5.6324497178900605,5.770483016967773,550944000
2018-01-23,5.8238200022750926,5.92209791736987,5.805300610615454,5.899380683898926,475228000
2018-01-24,5.902588978618879,5.938393786514186,5.767025048759921,5.82258415222168,579972000
2018-01-25,5.876908457477814,5.920121303638124,5.8213498239538755,5.836165428161621,409884000
2018-01-26,5.879873476482648,6.008770257563276,5.867033157046664,6.008523464202881,516356000
2018-01-29,5.993953241669754,6.126554246914878,5.941357538495678,6.095440864562988,455116000
2018-01-30,5.953702890329546,6.084822173825824,5.887031972420351,5.993458271026611,570832000
2018-01-31,6.068773423608203,6.155198660306278,6.036178805971639,6.069514274597168,478576000
2018-02-01,5.8897486775111245,6.09667543038426,5.878390063502736,5.938640594482422,519224000
2018-02-02,5.8522170708127845,5.8761692122464035,5.70825742887083,5.766285419464111,718464000
2018-02-05,5.605287660717667,5.759124205306844,5.062043752540937,5.276872158050537,1165204000
2018-02-06,5.047228677775093,5.573187218233309,5.037351292123833,5.570224285125732,1114800000
2018-02-07,5.668995208734599,5.802089811251349,5.597879640627276,5.6497344970703125,802932000
2018-02-08,5.775173819591477,5.808262016728006,5.370950913075161,5.3711981773376465,1144000000
2018-02-09,5.883082503165837,5.8988857527203,5.371198794069494,5.730727195739746,1674604000
2018-02-12,5.811719975476617,5.8146833792840935,5.55664259075197,5.630721092224121,1093172000
2018-02-13,5.594422507483304,5.790484254656035,5.562074685872346,5.7443084716796875,625524000
2018-02-14,5.704060004472654,5.990250813952045,5.692948180613447,5.961359977722168,744988000
2018-02-15,6.044574406786816,6.13297493093032,5.963828714785373,6.086799144744873,698900000
2018-02-16,6.05963625055315,6.173223333825346,6.01197877048852,6.021115303039551,637656000
2018-02-20,6.043586590630636,6.219399989606605,6.039882335841647,6.150506973266602,686240000
2018-02-21,6.214956641701972,6.22187062410018,5.959878731140292,5.963582515716553,892292000
2018-02-22,5.997432767055689,6.069086435851359,5.917625143276872,5.983101844787598,534364000
2018-02-23,6.042896324410254,6.0764994621276855,5.99224443544721,6.0764994621276855,415300000
2018-02-26,6.122703811875432,6.127151209647181,6.030294831831411,6.092559814453125,469312000
2018-02-27,6.065873932299561,6.150129420626533,6.056732190844464,6.079710960388184,455436000
2018-02-28,6.090582207639398,6.130115361349495,5.967782295909265,5.979395389556885,523116000
2018-03-01,5.9771709264830095,6.031034996811385,5.636444334778007,5.73750114440918,1040120000
2018-03-02,5.630019649725559,5.8509115742309685,5.4815231620254234,5.844487190246582,913428000
2018-03-05,5.794329418233156,5.86203003734076,5.671035164841826,5.8224968910217285,620776000
2018-03-06,5.907741672821975,6.00262153121743,5.864749376895527,5.983348846435547,636808000
2018-03-07,5.880561610998472,6.02757595760045,5.879326406215545,5.9754414558410645,581208000
2018-03-08,6.002867703637452,6.002867703637452,5.9149061354144825,5.959134101867676,411912000
2018-03-09,6.006572947217894,6.074520512230115,5.990512930707261,6.061672687530518,505524000
2018-03-12,6.102936137303769,6.251185216531933,6.094782183459162,6.171130657196045,605060000
2018-03-13,6.21387633344253,6.288248295020169,6.0792163846093725,6.120479106903076,619772000
2018-03-14,6.1634705457422845,6.190649761224744,6.0836629398698125,6.145927906036377,505496000
2018-03-15,6.159518045344583,6.241796067659434,6.118749218602539,6.16075325012207,401952000
2018-03-16,6.17706093479271,6.207946239466674,6.139504298744164,6.188920974731445,399456000
2018-03-19,6.132092418807679,6.161000737351498,5.855854233128718,5.954687118530273,713772000
2018-03-20,5.957651760642879,6.205475515716861,5.957651760642879,6.166683673858643,554696000
2018-03-21,6.160258768339329,6.226477242198689,6.1110895132459655,6.141480922698975,438688000
2018-03-22,6.078226922452298,6.124678344170441,5.938378292695647,5.975687503814697,551196000
2018-03-23,5.989278912147866,5.991749793357609,5.745161692403051,5.756280422210693,735620000
2018-03-26,5.880561289586409,6.041906076450035,5.828674208637452,6.040670871734619,611424000
2018-03-27,6.12146888557702,6.177062542715958,5.432108950871604,5.57220458984375,1409000000
2018-03-28,5.537858501727341,5.667823629263365,5.361688892153834,5.469169616699219,945904000
2018-03-29,5.537364338975265,5.818791220491202,5.453109325727342,5.722182273864746,916628000
2018-04-02,5.65176530715143,5.79779096834299,5.374044438160918,5.461758613586426,922092000
2018-04-03,5.628537623434345,5.691543432348143,5.469169351519257,5.568002223968506,667432000
2018-04-04,5.312519161276846,5.600370416788938,5.287563877461739,5.589993000030518,789168000
2018-04-05,5.648305632525994,5.661400879524381,5.398505324909835,5.469912052154541,701240000
2018-04-06,5.367372361645052,5.475347468322936,5.264585964188444,5.293741703033447,662988000
2018-04-09,5.356747878247084,5.484489560749731,5.3023894347219755,5.322403430938721,499524000
2018-04-10,5.552436272948301,5.658187426207416,5.495360010454197,5.631255626678467,761676000
2018-04-11,5.616430906603208,5.657693626934737,5.557378126997672,5.589993000030518,460244000
2018-04-12,5.682895919574601,5.81434367122385,5.638667953244426,5.796553611755371,593920000
2018-04-13,5.8600534187104,5.868454318867843,5.671776832869516,5.7199578285217285,503036000
2018-04-16,5.7266291042846555,5.75306700922149,5.625572299221727,5.719710826873779,350792000
2018-04-17,5.771845214741535,5.890444657744426,5.716251578561338,5.869195461273193,447224000
2018-04-18,5.818791538526428,5.911447457746737,5.751338323408006,5.840287685394287,391364000
2018-04-19,5.726135671923989,5.759491859702497,5.603830121341837,5.659176349639893,471996000
2018-04-20,5.650528546341313,5.7347835656376525,5.619890657406888,5.651022911071777,386200000
2018-04-23,5.6688113837247585,5.719957147374276,5.5057370465032145,5.531680583953857,427508000
2018-04-24,5.557378239507013,5.653245873112171,5.400233890919394,5.465463638305664,414596000
2018-04-25,5.435813617197795,5.474852876017845,5.196143822824847,5.353288173675537,588492000
2018-04-26,5.5148796816834365,5.572944202692886,5.44890862482424,5.56479024887085,375824000
2018-04-27,5.670540986708159,5.690307558874956,5.549964566600113,5.592215538024902,400848000
2018-04-30,5.608522986965027,5.658186599813355,5.537610650652489,5.556882858276367,327844000
2018-05-01,5.548730126055674,5.614948128368746,5.490171241475929,5.61223030090332,253788000
2018-05-02,5.608772192633306,5.653246640850052,5.565532478120005,5.591723442077637,268248000
2018-05-03,5.623597549092021,5.782965868818142,5.5783813137634475,5.75677490234375,443144000
2018-05-04,5.728114407698638,5.909967164072404,5.710818706077088,5.906754970550537,400660000
2018-05-07,6.011270441302017,6.201524085165289,6.001386914792115,6.1444478034973145,687616000
2018-05-08,6.144692086179353,6.189661358266512,6.095769782220099,6.186943531036377,506616000
2018-05-09,6.206959309418752,6.322099651854573,6.179780084683126,6.319875717163086,596760000
2018-05-10,6.372749907244618,6.4364970300968425,6.3549598480978355,6.4273552894592285,994080000
2018-05-11,6.245749355437441,6.418954183886718,6.190403134889553,6.2889885902404785,1214456000
2018-05-14,6.3270395144221085,6.386833602372193,6.28577679618445,6.3094964027404785,523140000
2018-05-15,6.245996110622868,6.2487144092462685,5.967040139842372,6.067355632781982,963528000
2018-05-16,6.028810429912492,6.140491591104779,5.991995111059349,6.078474044799805,553828000
2018-05-17,6.080204642737312,6.214123280156427,6.064144152159315,6.120479106903076,519784000
2018-05-18,6.172367155324837,6.235619921994685,6.071804224633403,6.076745986938477,483716000
2018-05-21,6.174097139823752,6.177803226165363,5.942086426627042,6.03474235534668,640624000
2018-05-22,6.048084903173839,6.073287138099452,5.9361562908444645,5.996691703796387,518264000
2018-05-23,5.940569570593514,6.121298791763546,5.93982780058425,6.120062351226807,442956000
2018-05-24,6.116351575562364,6.1660459026312795,6.063195970849392,6.123768329620361,437372000
2018-05-25,6.13637980691821,6.179398694454872,6.100778147825897,6.163081169128418,292112000
2018-05-29,6.14503201996083,6.214010960221167,6.099293630790483,6.146020889282227,352684000
2018-05-30,6.179646296831554,6.263458762327375,6.154922673455589,6.254805564880371,390996000
2018-05-31,6.222911408000627,6.30944384185246,6.2122804730806225,6.235025882720947,493868000
2018-06-01,6.279775571954369,6.375455875053813,6.2711223754936745,6.369274616241455,421968000
2018-06-04,6.40339274467173,6.570029246817029,6.371252370342508,6.548025608062744,642024000
2018-06-05,6.551238626485291,6.591043794732279,6.5064891122517645,6.553463935852051,391712000
2018-06-06,6.463469476292254,6.558655080895738,6.447151957547763,6.555440902709961,371356000
2018-06-07,6.551733682992139,6.563601057186747,6.409573235207362,6.499814510345459,369448000
2018-06-08,6.427127912611173,6.527010792002189,6.408337979971783,6.4844865798950195,360456000
2018-06-11,6.471878160963969,6.513413508368006,6.430589913038131,6.443446159362793,265372000
2018-06-12,6.469898714529508,6.5040168245084224,6.419709711431199,6.4919023513793945,319160000
2018-06-13,6.493385239607516,6.568297380275118,6.4783036887804855,6.487451553344727,338208000
2018-06-14,6.532450519907455,6.655573484370887,6.517616064187925,6.59895658493042,430016000
2018-06-15,6.5418427865413245,6.613046546422544,6.510938388332273,6.558160305023193,432260000
2018-06-18,6.514153248893579,6.57151190474623,6.4869576962839,6.553958415985107,356268000
2018-06-19,6.450862480404295,6.5181107874782995,6.30499410382464,6.4323201179504395,594932000
2018-06-20,6.473361162652067,6.538136587845209,6.435039526343012,6.485228538513184,369780000
2018-06-21,6.517121329739927,6.535416591080686,6.3490012845776205,6.35666561126709,359516000
2018-06-22,6.377431989047714,6.39078290107934,6.189038982088868,6.204367160797119,434160000
2018-06-25,6.098056287817744,6.101764664828243,5.823377972128069,5.911888122558594,665816000
2018-06-26,6.02512384662331,6.073334649697153,5.931421277708338,5.982846260070801,478884000
2018-06-27,6.026357660368959,6.092616603467039,5.822388443238685,5.8278279304504395,453892000
2018-06-28,5.817940296388929,5.966776223814269,5.810275969033915,5.954908847808838,338012000
2018-06-29,6.019931340017258,6.032540013347362,5.85576677164779,5.857003211975098,392300000
2018-07-02,5.787529698463304,5.992734924092776,5.767009128743978,5.9890265464782715,357572000
2018-07-03,6.0236393295648005,6.0295730166874435,5.847113198684711,5.8555192947387695,222732000
2018-07-05,5.910653165265387,6.006085894889845,5.871837331918492,6.001141548156738,306216000
2018-07-06,5.9766650814098945,6.123275691441566,5.955402739792998,6.114869594573975,296352000
2018-07-09,6.189040564563735,6.198682630405443,6.083718195534143,6.162338733673096,303880000
2018-07-10,6.174700891949751,6.283236970522963,6.134401516993033,6.261233329772949,360016000
2018-07-11,6.168519385515629,6.203132167984538,6.109182513334937,6.119813919067383,367508000
2018-07-12,6.165058249355427,6.259254534040166,6.155168613242787,6.2112908363342285,345508000
2018-07-13,6.2298320106434515,6.2298320106434515,6.122037269203718,6.164067268371582,246988000
2018-07-16,6.136378765106201,6.189287281586046,6.124017191361547,6.136378765106201,197036000
2018-07-17,6.0871782461174275,6.287191537048126,6.061712860753229,6.2721099853515625,362136000
2018-07-18,6.264692350295349,6.278537459906332,6.171979158524365,6.222909450531006,277640000
2018-07-19,6.2041206336081025,6.2646934705515,6.18903955289805,6.231069087982178,235752000
2018-07-20,6.228598117488264,6.2674139515510445,6.192007121605458,6.202885627746582,222352000
2018-07-23,6.176430355628103,6.178160994623873,6.0147382161009535,6.166293621063232,301584000
2018-07-24,6.214258340720101,6.300790776367516,6.131434283086601,6.148988246917725,354620000
2018-07-25,6.158382832475902,6.239723345249112,6.100529498278359,6.227114200592041,319112000
2018-07-26,6.207089255285769,6.33738188386494,6.190277059823228,6.300543785095215,325124000
2018-07-27,6.337133794000203,6.344056350681981,6.1769251778891014,6.230822563171387,295420000
2018-07-30,6.244914898588753,6.25084858563641,6.000893374499714,6.0357537269592285,340340000
2018-07-31,6.025369543202064,6.12846658338702,5.986553716003607,6.053801536560059,283988000
2018-08-01,6.085202276327069,6.140335639175553,6.029821342440442,6.0936079025268555,283556000
2018-08-02,6.022402810446132,6.200164907682016,5.9635610819659,6.19620943069458,269668000
2018-08-03,6.220686485067241,6.256535712566218,6.203874762019097,6.2328009605407715,214288000
2018-08-06,6.22019135556885,6.283977902639579,6.173711199442598,6.280516624450684,207508000
2018-08-07,6.329222115783142,6.37125212463202,6.3025207594226975,6.3527092933654785,258132000
2018-08-08,6.353945886167342,6.43404995717187,6.319085532312254,6.389052867889404,262100000
2018-08-09,6.406855651539733,6.4095751607005065,6.332932347384844,6.340596675872803,204280000
2018-08-10,6.258760872243204,6.3316952943591875,6.2476352664436865,6.299307346343994,256396000
2018-08-13,6.307959184277792,6.452839127921763,6.306228545338702,6.332188129425049,375208000
2018-08-14,6.43750992345539,6.477562186576666,6.354438789956748,6.463469505310059,466220000
2018-08-15,6.484237858456508,6.5181093397136065,6.326749240272591,6.405370235443115,591136000
2018-08-16,6.475091964497334,6.477564373827441,6.3047465926947055,6.3648247718811035,801260000
2018-08-17,6.253568129968853,6.254309899799555,6.0258641260586865,6.0528130531311035,1143188000
2018-08-20,6.012266134159834,6.259995547129348,5.9019989683404335,6.127477645874023,854388000
2018-08-21,6.143795822264557,6.267413442545277,6.124017021882193,6.26296329498291,673988000
2018-08-22,6.230328345923656,6.502781407875291,6.226867067592977,6.497836589813232,749856000
2018-08-23,6.459268251708762,6.662495759442093,6.445423137541601,6.597225666046143,720684000
2018-08-24,6.60563053130619,6.744823888499425,6.6011803842341825,6.730237007141113,531512000
2018-08-27,6.759905786011847,6.895390782287352,6.728507181744651,6.821220397949219,505776000
2018-08-28,6.815286080173353,6.838031958112946,6.663730675070671,6.783639907836914,475384000
2018-08-29,6.7759733641336055,6.91400625458893,6.755194330947645,6.889021873474121,420108000
2018-08-30,6.857851907460349,6.96892158076988,6.8353412912755545,6.872199535369873,346608000
2018-08-31,6.852162050917383,6.956057664812607,6.8422670058694015,6.943194389343262,306592000
2018-09-04,6.930082178555278,7.05549897418571,6.901634636819532,7.017899036407471,391720000
2018-09-05,7.00033802863459,7.035711924845331,6.80639945012959,6.887289524078369,393156000
2018-09-06,6.870962477559457,6.873436239069993,6.713387691094614,6.746287822723389,322796000
2018-09-07,6.654266896479998,6.8504320095660916,6.609492892734052,6.725015163421631,295420000
2018-09-10,6.747523714343405,6.825692770961656,6.703739134381931,6.796008110046387,220140000
2018-09-11,6.7497500993448964,6.837319263553331,6.728971071598156,6.748266220092773,243112000
2018-09-12,6.708439905373068,6.727982290265793,6.479127459547784,6.634476184844971,419092000
2018-09-13,6.700277184038123,6.802688457167006,6.682961325274999,6.712151050567627,305536000
2018-09-14,6.802441158943348,6.90411025548557,6.765582914854368,6.838062286376953,386936000
2018-09-17,6.812581703085187,6.861561035710957,6.756923263323712,6.776217937469482,205528000
2018-09-18,6.780176648816838,6.882835138502996,6.697555010488127,6.704233646392822,299520000
2018-09-19,6.685681336944088,6.745792364554479,6.635712588493468,6.7279815673828125,224860000
2018-09-20,6.606027784289586,6.648328013817437,6.53305348337467,6.58698034286499,430584000
2018-09-21,6.598854386601227,6.6443705539703535,6.483827087597518,6.516974449157715,435128000
2018-09-24,6.486053978745938,6.57609691499487,6.3989797450026416,6.572633743286133,293912000
2018-09-25,6.63868143865924,6.664655225404641,6.5530910878733595,6.6396708488464355,280388000
2018-09-26,6.644618533251586,6.684939948246591,6.586981260005063,6.602812767028809,268548000
2018-09-27,6.637939279939521,6.659213250394395,6.583270710339509,6.614686489105225,214428000
2018-09-28,6.746534150636501,6.973867266689335,6.71858107591866,6.951603889465332,709396000
2018-10-01,7.029279962617605,7.224702405153943,6.99069013205169,7.157912731170654,622060000
2018-10-02,7.1304545096009555,7.242018180778075,7.06440654019592,7.086669921875,383964000
2018-10-03,7.156922699488836,7.164343983919293,6.98895840006214,7.092854022979736,320552000
2018-10-04,7.056737575588032,7.08097977620803,6.831877717918174,6.908810138702393,391220000
2018-10-05,6.8840738843702605,6.946163745093689,6.618150403395672,6.675540447235107,426636000
2018-10-08,6.592423650802323,6.707698204267434,6.433611742656048,6.574365615844727,408612000
2018-10-09,6.5538334262312885,6.648328942870429,6.50089644123862,6.568675994873047,273500000
2018-10-10,6.462801951834877,6.508565836912431,6.075419728350444,6.077646255493164,684940000
2018-10-11,5.990569459579847,6.1239024834928335,5.794899830998788,5.816421031951904,725436000
2018-10-12,6.073191641353088,6.1728818955498195,5.928232458306137,6.098670482635498,608236000
2018-10-15,6.085311597585648,6.085311597585648,5.821614769553963,5.822604179382324,449760000
2018-10-16,5.935159483401088,6.092239782889113,5.8859329088283365,6.081108093261719,408712000
2018-10-17,6.143198171812938,6.181293529998051,5.9636072518085514,6.01258659362793,329668000
2018-10-18,6.081849207865503,6.120191320698833,5.864905151175235,5.925263404846191,524020000
2018-10-19,5.980427798795011,5.999969708399224,5.632624932339949,5.668988227844238,613608000
2018-10-22,5.721182302909348,5.821119771922053,5.617039488300972,5.719697952270508,368844000
2018-10-23,5.452788075499012,5.5457997249829,5.360766308179031,5.468372821807861,626436000
2018-10-24,5.430029305408423,5.4765348863878796,4.918961911989338,4.932814598083496,884288000
2018-10-25,4.835350289730436,5.188595159343033,4.791070768860585,5.141347408294678,951720000
2018-10-26,4.905603874712344,5.067136769292304,4.777218817229926,4.905109405517578,664784000
2018-10-29,5.046110048303205,5.049573219640273,4.353967419109413,4.591690540313721,758016000
2018-10-30,4.614696653597426,5.031515796486237,4.5916910961498605,5.021620750427246,807192000
2018-10-31,5.186120382505118,5.258847433583098,5.04660321136501,5.215310096740723,745772000
2018-11-01,5.251674635167855,5.404797289971184,5.125268412199563,5.395397186279297,566528000
2018-11-02,5.385997978722489,5.491625191679545,5.199975165957487,5.316486835479736,452960000
2018-11-05,5.303375339716033,5.3266286019097615,5.0780210135951505,5.238564491271973,379332000
2018-11-06,5.230649442131772,5.314755451588281,5.183896148686008,5.221002101898193,299012000
2018-11-07,5.287543800590485,5.3780812001815415,5.223969597297446,5.2885332107543945,483812000
2018-11-08,5.229411431666337,5.2301536072223564,5.042151998909643,5.095584392547607,511352000
2018-11-09,5.006778356612328,5.1779585856268,4.973136051283547,5.087668418884277,413240000
2018-11-12,4.996389398433703,5.018405546787777,4.666891707906829,4.688660621643066,617116000
2018-11-13,4.78637237013519,5.051553217455858,4.780187729744398,4.930341720581055,644712000
2018-11-14,5.10325403518271,5.1176016661692465,4.770046359259233,4.877899646759033,526580000
2018-11-15,4.871960150225753,5.078514687955519,4.836091327532918,5.006529808044434,840708000
2018-11-16,4.040054850732546,4.221624597657671,3.9977541439452753,4.0675129890441895,1963520000
2018-11-19,4.002207133571936,4.002948837344284,3.5777192599394287,3.579450845718384,1697820000
2018-11-20,3.316248565605062,3.8159367939608377,3.297695827476737,3.6877989768981934,1692032000
2018-11-21,3.824842270731728,3.8416634234545715,3.5524874183724475,3.579698085784912,1025496000
2018-11-23,3.5450658623026983,3.7004143271210364,3.532202588078987,3.586871385574341,411968000
2018-11-26,3.707836891417966,3.7963954906072437,3.625462461010882,3.786005973815918,814832000
2018-11-27,3.7600314644551864,3.8839641820689237,3.7241628654717807,3.8028266429901123,738060000
2018-11-28,3.9203273328214707,3.9648540955246956,3.7879841613545278,3.9596593379974365,804524000
2018-11-29,3.9618884205902503,3.999031030074503,3.8663079417888864,3.896517276763916,549172000
2018-11-30,3.9061743557532105,4.057468988240912,3.85590787831367,4.046821594238281,729564000
2018-12-03,4.273886762475256,4.325391352126382,4.143639451874544,4.210496425628662,890804000
2018-12-04,4.165924821161724,4.17087729419902,3.875221360444782,3.8903262615203857,812112000
2018-12-06,3.7499265231281838,3.9244971717933717,3.73432665914404,3.9195449352264404,692308000
2018-12-07,3.9237549295416496,3.933907358665661,3.6058135415596,3.6550893783569336,681676000
2018-12-10,3.6102703696963077,3.785088756441355,3.606556014736308,3.760326862335205,629472000
2018-12-11,3.851946084073952,3.860117477322949,3.590461500106057,3.6694517135620117,671912000
2018-12-12,3.6751457622945525,3.7831071606823317,3.5860033817538723,3.6870315074920654,654136000
2018-12-13,3.733831335221216,3.797964343397347,3.6508793091919505,3.686783790588379,471384000
2018-12-14,3.645184685706574,3.7288796474623247,3.602842122772373,3.626365900039673,471820000
2018-12-17,3.5964027558871665,3.668459426027195,3.497355444980511,3.555298089981079,662868000
2018-12-18,3.5991269530294487,3.7224407310238683,3.5718890628796562,3.638498306274414,564372000
2018-12-19,3.6048232523688317,3.6583088857672417,3.3782527600922303,3.4297573566436768,745364000
2018-12-20,3.4213375498695466,3.511222851201115,3.2856428206917148,3.3453187942504883,749588000
2018-12-21,3.371814015403391,3.404747300038811,3.1809005712858642,3.208386182785034,863740000
2018-12-24,3.132119766766623,3.2185384332547193,3.0828437015886583,3.1467292308807373,463840000
2018-12-26,3.192786731529265,3.2967863177925203,3.081853871001386,3.2957959175109863,695100000
2018-12-27,3.2435474004611327,3.2779662791145765,3.0996812956400186,3.24800443649292,637044000
2018-12-28,3.2685574277578042,3.4020236512278625,3.226710068592887,3.3094143867492676,628728000
2018-12-31,3.352748100528841,3.385185954618849,3.274996007369128,3.3057007789611816,465140000
2019-01-02,3.234881381222815,3.429013743136944,3.2202719163607765,3.3730521202087402,508752000
2019-01-03,3.3128810650449374,3.3468047509537686,3.161834173940892,3.169262647628784,705552000
2019-01-04,3.242309862485577,3.410442449788006,3.211605332463338,3.372309446334839,585620000
2019-01-07,3.4295095174791683,3.587737410041579,3.378252408279678,3.55084228515625,709160000
2019-01-08,3.632307311197659,3.6345360652495455,3.389889336575069,3.4624414443969727,786016000
2019-01-09,3.513699147202186,3.577832398815382,3.463185196648294,3.5305373668670654,617260000
2019-01-10,3.5112232812615605,3.60482271243211,3.4508043821688683,3.596156120300293,523156000
2019-01-11,3.57387062673555,3.7080797783897244,3.5461375306410936,3.6852989196777344,874764000
2019-01-14,3.6330510639730837,3.750421983358888,3.609527289244213,3.7251648902893066,730168000
2019-01-15,3.7578505840273353,3.797221943267232,3.692727166916526,3.7110509872436523,617012000
2019-01-16,3.7382886240345203,3.771221671354495,3.6800984845296334,3.6855459213256836,470104000
2019-01-17,3.6526127323510096,3.7967263343986897,3.6253746048394815,3.75685977935791,493436000
2019-01-18,3.8066311124384677,3.911868797573999,3.755126529017135,3.885868787765503,651336000
2019-01-22,3.8556595552286868,3.867297583177716,3.653603289208936,3.6838126182556152,661552000
2019-01-23,3.739031685104363,3.827678875022303,3.6654891602247064,3.6966888904571533,591020000
2019-01-24,3.7811268114937553,3.925983108591916,3.7764220564709214,3.908402442932129,708972000
2019-01-25,3.8489739187978556,3.9836780228449444,3.7464601814829033,3.965601921081543,1154572000
2019-01-28,3.3812243066881917,3.5072618469617893,3.243796453580163,3.4173765182495117,2511528000
2019-01-29,3.371319346140535,3.419605021487195,3.2440436966893182,3.258653163909912,1153932000
2019-01-30,3.3346716185944336,3.4163855399650047,3.255186215779982,3.4020237922668457,974228000
2019-01-31,3.3988039917009822,3.5951650838160276,3.3770135380925757,3.5595080852508545,842852000
2019-02-01,3.5780794122343567,3.6347839467533984,3.530536904544244,3.5837745666503906,625048000
2019-02-04,3.599622847127747,3.7311080411348154,3.5775849071350003,3.693965435028076,528592000
2019-02-05,3.7058507771176155,3.7496791731204335,3.672174809486618,3.713031768798828,542424000
2019-02-06,3.7462128231283276,3.8529363617477665,3.740765385567621,3.78855562210083,702464000
2019-02-07,3.7422505305478992,3.7444790489285333,3.6075464299573263,3.6503841876983643,637120000
2019-02-08,3.5832798133270645,3.679603194977889,3.5689180664556606,3.6689558029174805,461604000
2019-02-11,3.6248800635033493,3.679108374140384,3.5780802271071166,3.626365900039673,495180000
2019-02-12,3.664745608215041,3.758840455010406,3.6503836277041213,3.7432403564453125,591060000
2019-02-13,3.7727078257234665,3.858631301098717,3.759088760291424,3.785583972930908,605372000
2019-02-14,3.7845927447064582,3.8546686207910352,3.7415070393100787,3.8264400959014893,827264000
2019-02-15,4.0349350214177715,4.057715641424069,3.873240509966178,3.8960213661193848,1516748000
2019-02-19,3.8853736497137206,3.9591638895349415,3.8663071487243155,3.878687858581543,551892000
2019-02-20,3.907906850947188,3.9930874019007936,3.8967642591234353,3.92598295211792,540988000
2019-02-21,3.938611744491741,3.9631256834479633,3.8425358444025264,3.857145309448242,448548000
2019-02-22,3.9088975865337567,3.960649654890205,3.895278521746518,3.941830635070801,401740000
2019-02-25,4.025277242149934,4.092629161148871,3.9207822554136476,3.9294490814208984,656020000
2019-02-26,3.924745387991044,3.9807070143369634,3.856650296415104,3.8900787830352783,488464000
2019-02-27,3.875717408161542,3.902212387421229,3.7912795242699078,3.848231792449951,500256000
2019-02-28,3.8420340712614696,3.8643426940138186,3.8013829817409506,3.8236913681030273,324944000
2019-03-01,3.8735140741506693,3.920114163022685,3.8152639630606497,3.8779759407043457,357188000
2019-03-04,3.916396307522011,3.9392006420677186,3.829640599606062,3.886155843734741,409992000
2019-03-05,3.8705394428962467,3.917883213973388,3.816255253406574,3.8797109127044678,362924000
2019-03-06,3.870787047533414,3.8792145963499296,3.7661845981278033,3.768911123275757,403524000
2019-03-07,3.7453636217638,3.7550308023781716,3.6536505745820045,3.6997549533843994,450104000
2019-03-08,3.610520703719502,3.7446201836708006,3.589203500745577,3.733961582183838,422416000
2019-03-11,3.757509503280867,4.017032460304873,3.710413468340198,3.9942283630371094,859728000
2019-03-12,4.021989809263708,4.074786629138914,3.9458927102492316,4.028434753417969,579576000
2019-03-13,4.065864661185233,4.208887435194801,4.058428293901747,4.179638385772705,768900000
2019-03-14,4.188808980129908,4.200706976177281,4.0961042731064214,4.103788375854492,519384000
2019-03-15,4.146919015168309,4.251769474433468,4.143448805085043,4.20913553237915,661484000
2019-03-18,4.240613916460844,4.294402629756358,4.160798635174207,4.187817096710205,486992000
2019-03-19,4.282257440795719,4.39974957567434,4.265402338243507,4.355380058288574,854972000
2019-03-20,4.3843802661933795,4.4376730319595605,4.2882053617096085,4.3229079246521,719148000
2019-03-21,4.345960748082415,4.585653881326078,4.341003170959589,4.5593791007995605,824312000
2019-03-22,4.532113174346897,4.580696104244209,4.385867965071541,4.399748802185059,747644000
2019-03-25,4.359099051390916,4.423297942771761,4.241359163970552,4.307541370391846,525212000
2019-03-26,4.449075417579673,4.505094712857802,4.327865357021131,4.3841328620910645,703508000
2019-03-27,4.409664422261027,4.4560163056173785,4.305557660121188,4.374961853027344,474372000
2019-03-28,4.400988196292479,4.459238546118691,4.340507267685018,4.393552303314209,480264000
2019-03-29,4.460229639257601,4.475102369682448,4.4099116057171175,4.450810432434082,456896000
2019-04-01,4.542524289975378,4.548473288345791,4.470889045273274,4.518232822418213,483824000
2019-04-02,4.542277092500362,4.58044940319599,4.499394940844247,4.5360798835754395,440920000
2019-04-03,4.585654069826234,4.734378080160501,4.5806964924996185,4.675384044647217,783504000
2019-04-04,4.660015569360256,4.708846710366831,4.603748535573981,4.6664605140686035,457376000
2019-04-05,4.709590303097136,4.750489603716596,4.673153105395864,4.733138084411621,481744000
2019-04-08,4.702649728924929,4.778994803887443,4.678606001599154,4.753959655761719,424192000
2019-04-09,4.720496982792374,4.73165129477477,4.649109480661156,4.691247940063477,439972000
2019-04-10,4.690504119471046,4.787422242324242,4.686042489364285,4.761643409729004,444772000
2019-04-11,4.764123741443113,4.795603844960344,4.698437480839822,4.7477641105651855,374600000
2019-04-12,4.786430241363831,4.790396396967213,4.701161914525343,4.709837436676025,471708000
2019-04-15,4.702155077037097,4.707112655182622,4.5385587804801535,4.578218460083008,440092000
2019-04-16,4.617381019632482,4.684058672633451,4.584661771984165,4.665220260620117,394964000
2019-04-17,4.700171357591933,4.7209926145799885,4.6201083293303,4.642416954040527,351004000
2019-04-18,4.649108882896919,4.6830672885149776,4.590114858206664,4.6178765296936035,380988000
2019-04-22,4.594330109200356,4.687282566990135,4.562850482483871,4.671666622161865,279936000
2019-04-23,4.684802471796713,4.757429596465563,4.675135528567097,4.726197242736816,346856000
2019-04-24,4.736609786430388,4.7792442051382675,4.675881104456656,4.738593101501465,318204000
2019-04-25,4.698437466642833,4.720746097116298,4.5534318413460175,4.632998943328857,499296000
2019-04-26,4.479314986685953,4.483777088681596,4.295641195734314,4.414372444152832,868988000
2019-04-29,4.422304799143129,4.472871039316649,4.350173621257163,4.4451093673706055,391920000
2019-04-30,4.412886002523264,4.512035177805658,4.39379985128873,4.486504554748535,362920000
2019-05-01,4.538805230617688,4.580943682956027,4.473118527608206,4.473366737365723,354280000
2019-05-02,4.4830342512147485,4.582431161421947,4.439904372692867,4.540788650512695,394684000
2019-05-03,4.549217257378055,4.559131940096443,4.474855009477279,4.536327838897705,336824000
2019-05-06,4.3501735919769935,4.470144483988638,4.312992714045154,4.457998752593994,422176000
2019-05-07,4.409664906665212,4.409664906665212,4.2428461427667425,4.290933609008789,555220000
2019-05-08,4.263417907341127,4.3910724144750946,4.251519914220429,4.311009407043457,419168000
2019-05-09,4.242101798416919,4.251768743017239,4.099822736698089,4.21855354309082,660248000
2019-05-10,4.187817580474004,4.253256086285527,4.06512014568711,4.184595108032227,569500000
2019-05-13,4.052727029014775,4.07577933938644,3.911687113715555,3.927551031112671,656912000
2019-05-14,3.967209629629472,4.051734749753598,3.9285416198787013,4.016536712646484,524880000
2019-05-15,3.961013019664122,3.991997164948317,3.90177149084388,3.9555599689483643,502320000
2019-05-16,3.9501062423841242,4.013313920098717,3.907720053600478,3.970679521560669,781088000
2019-05-17,3.9287900094486163,4.057931913926064,3.8405471703393603,3.8799588680267334,1022068000
2019-05-20,3.7813051589114903,3.8363330317771744,3.7366879135846607,3.7614753246307373,572064000
2019-05-21,3.8222046272629533,3.8593855113872992,3.7835363753950677,3.8435215950012207,361848000
2019-05-22,3.8048530380730843,3.8308796059783496,3.761722925502517,3.772629499435425,325868000
2019-05-23,3.7104136568987665,3.7104136568987665,3.5919303524941824,3.651667833328247,591844000
2019-05-24,3.670505099418695,3.70570313196259,3.591185775909254,3.5978784561157227,357584000
2019-05-28,3.6154783017294005,3.648197553821421,3.55078324499088,3.5527663230895996,428356000
2019-05-29,3.5051752399007268,3.540125313727305,3.4439506173403025,3.4786529541015625,559800000
2019-05-30,3.481879227124995,3.5176137285683007,3.4138843954439713,3.4521005153656006,394300000
2019-05-31,3.4032129575069305,3.470463243115982,3.3597855892986193,3.361522674560547,389720000
2019-06-03,3.3726901373838083,3.4114025308764644,3.2905506069540187,3.3198330402374268,478644000
2019-06-04,3.383857055869999,3.5538441164202785,3.361771221820737,3.548632860183716,641836000
2019-06-05,3.6223349221050043,3.6277944343818405,3.469718964759109,3.5059497356414795,511616000
2019-06-06,3.510168309378134,3.5925560834584522,3.507686691465688,3.567988634109497,408140000
2019-06-07,3.5739442379149793,3.6449167079298492,3.5548360649678163,3.610671281814575,348856000
2019-06-10,3.6667538134057915,3.7518714410929883,3.6667538134057915,3.683380365371704,402780000
2019-06-11,3.7431863298375854,3.780906161129714,3.7014962889274483,3.740952968597412,383872000
2019-06-12,3.697526836035578,3.7037308822778177,3.6129056805688524,3.6280431747436523,358892000
2019-06-13,3.6501278572889824,3.6975256669567544,3.632508750188073,3.6791622638702393,308080000
2019-06-14,3.5861038057770656,3.6104229972255584,3.544661783074375,3.589329719543457,394428000
2019-06-17,3.5875934961346014,3.635984107534056,3.564763127865471,3.599008798599243,276040000
2019-06-18,3.6603028234074393,3.8491495539651006,3.6493840353792044,3.7938108444213867,581920000
2019-06-19,3.8290489699747865,3.840464034000002,3.773710025118292,3.7997665405273438,331644000
2019-06-20,3.8903434446776135,3.9042401265985758,3.809692754251881,3.8240857124328613,350168000
2019-06-21,3.8091960649060783,3.858330959221177,3.759564657724691,3.766016721725464,434428000
2019-06-24,3.787359221550051,3.8178824642901206,3.74020942002957,3.7883517742156982,282948000
2019-06-25,3.793314151543314,3.8682573040058146,3.756338851532463,3.759068489074707,311868000
2019-06-26,3.8863726800215015,4.0131806021573935,3.8734685516761678,3.952133893966675,584072000
2019-06-27,4.037748373830597,4.069760442698096,4.001765621336326,4.050652503967285,445440000
2019-06-28,4.09457600138995,4.103757940700078,4.028814780708891,4.075468063354492,397668000
2019-07-01,4.282430265963869,4.31667593257907,4.086138679092422,4.123610496520996,709756000
2019-07-02,4.10698245953639,4.1280759700225715,4.012683368306694,4.0258355140686035,400228000
2019-07-03,4.049162190065574,4.0548699572717775,3.9789342653880677,4.0387396812438965,246636000
2019-07-05,3.9804233358587147,3.984890057742626,3.9129245748436814,3.9762046337127686,396552000
2019-07-08,3.9166482702461005,3.9355081894863546,3.871235794174561,3.9012625217437744,329788000
2019-07-09,3.859075804161712,3.9317856035650762,3.8464199307929863,3.9037439823150635,342860000
2019-07-10,3.9471708283790288,4.0293103394768774,3.9332741478297986,3.9719865322113037,452076000
2019-07-11,4.044943518767323,4.167036442066633,4.00772020507464,4.126338958740234,682560000
2019-07-12,4.154132464844888,4.230316653100433,4.154132464844888,4.159343719482422,506392000
2019-07-15,4.180437000605939,4.196566803126031,4.122616689964118,4.150906085968018,289840000
2019-07-16,4.13601758306642,4.173240902590646,4.0906048776539645,4.1461920738220215,341444000
2019-07-17,4.147929163474818,4.21840559286607,4.118646736708043,4.211457252502441,348204000
2019-07-18,4.22187916368047,4.285903283176077,4.165299423048929,4.223119735717773,442192000
2019-07-19,4.2613376014460185,4.267789430326389,4.1739863418265974,4.1799421310424805,344896000
2019-07-22,4.201282090787382,4.264313656871329,4.193837238735219,4.251409530639648,315940000
2019-07-23,4.290619497940688,4.361095460427464,4.274985257379087,4.359110355377197,428176000
2019-07-24,4.402289972302886,4.439265279701187,4.326354252228074,4.433557510375977,366236000
2019-07-25,4.392115142493998,4.404771252642297,4.279204123683019,4.302530765533447,392700000
2019-07-26,4.32957936095483,4.3911218696456285,4.32957936095483,4.344468593597412,274160000
2019-07-29,4.337272389733334,4.35439522088235,4.250169641994567,4.3382649421691895,248160000
2019-07-30,4.291859504059564,4.366058120377159,4.277466311043389,4.353898525238037,197772000
2019-07-31,4.322382269179052,4.32337529483997,4.144702620536477,4.186889171600342,359416000
2019-08-01,4.197312436118388,4.2876413418581345,4.040477778383073,4.092590808868408,421212000
2019-08-02,4.000028133392334,4.069263993496458,3.952630557717164,4.000028133392334,428348000
2019-08-05,3.8166406365700594,3.8178814454010546,3.6950442110535437,3.741945743560791,589156000
2019-08-06,3.8166409945805504,3.862053466086372,3.7330124121395962,3.78065824508667,361272000
2019-08-07,3.7198600296538333,3.8307859357073792,3.7024891776964988,3.8188743591308594,372560000
2019-08-08,3.876447061037143,3.9285598589107837,3.8191230070421525,3.927319049835205,309300000
2019-08-09,3.886373935974484,3.88984810729327,3.7756962568327856,3.8260719776153564,341816000
2019-08-12,3.773958630220107,3.8260714291923046,3.7364870473241942,3.7583248615264893,279200000
2019-08-13,3.7568352172905617,3.9183848455555395,3.7178748114695592,3.8724758625030518,351956000
2019-08-14,3.7843805962513932,3.7955476398944517,3.680403269804808,3.72407865524292,419880000
2019-08-15,3.742938233229948,3.7627907008729746,3.6575725750329156,3.6918179988861084,477200000
2019-08-16,3.9543682115310657,4.008714135678641,3.893073472406718,3.9595794677734375,1007960000
2019-08-19,4.072736964109604,4.253890754055309,4.056606689483732,4.238008499145508,815112000
2019-08-20,4.232551011010396,4.233047523972064,4.144703715815369,4.165797233581543,463188000
2019-08-21,4.23180660154158,4.30426815019991,4.210217043504893,4.2491774559021,427244000
2019-08-22,4.2588562321403165,4.301290818629002,4.216173152484569,4.255382061004639,303488000
2019-08-23,4.178949032844092,4.233295188189043,4.011195350690422,4.031047821044922,568056000
2019-08-26,4.109713614737591,4.133784788125039,4.067527056360016,4.105742931365967,318208000
2019-08-27,4.143958599338707,4.146688236942727,3.9858833782095293,4.01516580581665,290968000
2019-08-28,3.9888365276554643,4.0573951981108545,3.9495888054715174,4.004734039306641,255612000
2019-08-29,4.096144619244449,4.180601248407322,4.092667010059698,4.148309230804443,357976000
2019-08-30,4.194511654964686,4.244192191922564,4.142844048140882,4.160977363586426,290616000
2019-09-03,4.088195119488883,4.1212324007118895,4.055157838265876,4.078010559082031,296140000
2019-09-04,4.138621157565341,4.199479791476243,4.138621157565341,4.192027568817139,227728000
2019-09-05,4.2941229461841655,4.470985036944688,4.292384140813876,4.464775085449219,695676000
2019-09-06,4.4414228081546065,4.498306828145142,4.399691498658127,4.437696933746338,376976000
2019-09-09,4.468748140146039,4.570096305349643,4.467257600537183,4.483652114868164,417524000
2019-09-10,4.450861807319939,4.576801470938794,4.441174250223567,4.550222873687744,352812000
2019-09-11,4.564879748688695,4.626980194188536,4.5358165961629755,4.578790187835693,361512000
2019-09-12,4.625240853510472,4.679889068655952,4.569350364277171,4.577299118041992,327840000
2019-09-13,4.510728029877859,4.5477399368594575,4.475703193108127,4.5194220542907715,324592000
2019-09-16,4.444404304309437,4.510975888289779,4.433971475955046,4.476448059082031,231832000
2019-09-17,4.4831541821322025,4.502032765310931,4.436702993756735,4.497809886932373,223048000
2019-09-18,4.490855456841406,4.506504699218102,4.38429089143522,4.470734596252441,258152000
2019-09-19,4.476695827451891,4.495077881473768,4.38453871342928,4.3952202796936035,245476000
2019-09-20,4.394227465347032,4.4178254630479215,4.279465873580673,4.289649963378906,350244000
2019-09-23,4.289899466537312,4.388514828078053,4.286173117129129,4.343057155609131,249712000
2019-09-24,4.374354552305497,4.4039142288683895,4.250153689139878,4.285675048828125,317268000
2019-09-25,4.2851792158550435,4.44688902648033,4.2404668170869675,4.427265167236328,308432000
2019-09-26,4.4175769846308155,4.426271008300639,4.354234270706374,4.40515661239624,234564000
2019-09-27,4.363425165093212,4.414099239922448,4.205938261262975,4.2665486335754395,362056000
2019-09-30,4.2923830327616175,4.3341143508758595,4.261084070387128,4.323929786682129,186184000
2019-10-01,4.3470300745038895,4.4960712003874725,4.317470398867783,4.322189807891846,366008000
2019-10-02,4.3003307282140195,4.312254094391925,4.226058665558821,4.298343658447266,293372000
2019-10-03,4.302814783628945,4.5099817302570395,4.272509837768459,4.503771781921387,450588000
2019-10-04,4.506006746476185,4.54947732882906,4.440925716255937,4.520165920257568,265524000
2019-10-07,4.585000137627918,4.678399071208503,4.576306113161044,4.578790187835693,480984000
2019-10-08,4.487129238036931,4.487129238036931,4.38429101816831,4.402424335479736,444436000
2019-10-09,4.47917972567834,4.538299551257255,4.450365319380643,4.488867282867432,292412000
2019-10-10,4.486632242810454,4.597419205277108,4.481415829074276,4.546496868133545,309124000
2019-10-11,4.630456076046907,4.703237589078241,4.611577494595454,4.620023250579834,446404000
2019-10-14,4.611330178825796,4.65430376772576,4.5802799580793065,4.6334381103515625,200040000
2019-10-15,4.723608679696773,4.950399543155537,4.7096977661499775,4.877865791320801,664124000
2019-10-16,4.843834979818206,4.948660756655363,4.812784755588602,4.824211120605469,428944000
2019-10-17,4.868674685329174,4.913635344117551,4.771797674871035,4.826198101043701,263436000
2019-10-18,4.826694307935425,4.859235065815484,4.657532778080499,4.731804847717285,307440000
2019-10-21,4.7931591612441276,4.8823356610131095,4.7742805786822595,4.868921756744385,261868000
2019-10-22,4.925806218529679,5.030880232247028,4.851285890080237,4.8589863777160645,328720000
2019-10-23,4.777014158325373,4.860228515074197,4.745218670685841,4.846069812774658,279916000
2019-10-24,4.8873037697684545,4.923570399024333,4.853272949352469,4.890036582946777,232020000
2019-10-25,4.970516821361415,5.101672855589653,4.962816336489036,5.080807209014893,423092000
2019-10-28,5.124527095099791,5.189111596885471,5.095215685588931,5.136699199676514,330792000
2019-10-29,5.12278820776898,5.12924689473732,5.02119228474358,5.040567398071289,211236000
2019-10-30,5.067396081111445,5.073109500042547,4.974493681436007,5.042555809020996,205960000
2019-10-31,5.021688884440006,5.042554537169209,4.913634272957588,4.99337100982666,209732000
2019-11-01,4.958098503171702,5.064663061893138,4.9330099691241465,5.0323710441589355,283640000
2019-11-04,5.1133497137797965,5.2412769351408395,5.090248722853118,5.228856563568115,376716000
2019-11-05,5.228608631295536,5.25469070257639,5.158807702113853,5.206749439239502,300868000
2019-11-06,5.182654128470489,5.208239193813134,5.070127883140323,5.157565593719482,269012000
2019-11-07,5.244009282725252,5.258664989551244,5.1304895027004385,5.175201892852783,280340000
2019-11-08,5.158311947405599,5.192839782329763,5.120803033150201,5.161292552947998,189100000
2019-11-11,5.160546364658916,5.194328923737769,5.074350925363267,5.171227931976318,243436000
2019-11-12,5.209481779022911,5.26263993040473,5.1744569448823645,5.206749439239502,283504000
2019-11-13,5.17545067895377,5.203023290736433,5.114592510291266,5.180915832519531,300188000
2019-11-14,5.189857129426733,5.2134555964181795,5.129992507282294,5.211219787597656,518080000
2019-11-15,5.208985926874161,5.260653550243783,4.983933846777625,5.072116851806641,1053628000
2019-11-18,5.064663468615245,5.299651321277817,5.061682863543426,5.273072719573975,574588000
2019-11-19,5.242023029540466,5.265621028558215,5.108382842640245,5.166508674621582,414564000
2019-11-20,5.143656035633732,5.329460373239897,5.130987396550761,5.245748996734619,472588000
2019-11-21,5.241276812771336,5.296918559994119,5.199296763276489,5.220907688140869,288388000
2019-11-22,5.243512138827063,5.28996333238739,5.214945995609535,5.238544464111328,224100000
2019-11-25,5.366471232090203,5.499863129910593,5.3535543301950135,5.494894981384277,506476000
2019-11-26,5.47725863087291,5.481978514484049,5.383859705352823,5.390318393707275,385244000
2019-11-27,5.435809803647838,5.4701141901312225,5.3987705869446065,5.4251203536987305,215784000
2019-11-29,5.3942956186363,5.422633919033561,5.363967833757931,5.387832164764404,141556000
2019-12-02,5.380871533007133,5.394295337032082,5.186478142091579,5.20164155960083,372036000
2019-12-03,5.018187079136687,5.166095031073407,4.980899411957676,5.162117958068848,465232000
2019-12-04,5.245640855322648,5.268013544804459,5.177280070411911,5.205867290496826,273424000
2019-12-05,5.227743668078507,5.243404457640698,5.15838813326808,5.188964366912842,184884000
2019-12-06,5.258070886581136,5.307042264766786,5.2481272573677025,5.274228572845459,232236000
2019-12-09,5.251358984275902,5.328917585242667,5.242658545783317,5.274228572845459,211880000
2019-12-10,5.304307007637459,5.370928180069909,5.251607009810298,5.319222450256348,256388000
2019-12-11,5.329663470004647,5.408216340025426,5.327177562670897,5.40274715423584,233796000
2019-12-12,5.373911504079874,5.588191691238599,5.364962616953304,5.570044994354248,404348000
2019-12-13,5.573028398203756,5.692100660056325,5.514113388523606,5.568056583404541,454704000
2019-12-16,5.6155354687860095,5.669229732850712,5.587445146174056,5.596891403198242,320976000
2019-12-17,5.615536308968904,5.697569356379753,5.606090050531391,5.674948215484619,321196000
2019-12-18,5.709750456453109,5.765682192204771,5.7012984654260315,5.705276012420654,343548000
2019-12-19,5.739829113698079,5.86660755208629,5.734857298669903,5.853183746337891,445360000
2019-12-20,5.919556591738878,5.97573677951805,5.900415623542293,5.950381278991699,603044000
2019-12-23,5.978967449642864,6.0110348480351705,5.926018998728903,5.936707973480225,355060000
2019-12-24,5.92129499046584,5.948887942345335,5.886990136964135,5.931735515594482,138864000
2019-12-26,5.935217188670649,5.973996494995526,5.916324669629933,5.945906639099121,182852000
2019-12-27,5.961068893221164,5.974492697227238,5.861883424733075,5.888233661651611,254644000
2019-12-30,5.86635874393249,5.871579007150527,5.743806308417609,5.77512788772583,258056000
2019-12-31,5.73982842397939,5.858652228527245,5.720687459973178,5.84920597076416,231004000
2020-01-02,5.9349690447387795,5.963804721832275,5.884506491290553,5.963804721832275,237536000
2020-01-03,5.844233438817881,5.91209732246454,5.81937484385445,5.868346214294434,205384000
2020-01-06,5.775126734276773,5.898176042204706,5.749025423399727,5.892955780029297,262636000
2020-01-07,5.921295812236685,6.010040762284661,5.876301978898439,5.964301109313965,314856000
2020-01-08,5.96007489141587,6.0167524399804355,5.920052874364095,5.975487232208252,277108000
2020-01-09,6.061745979509196,6.113451710976994,5.987419109058815,6.041113376617432,255112000
2020-01-10,6.148253830514935,6.178581141333891,6.059260434267668,6.073429584503174,316296000
2020-01-13,6.156457847574533,6.288953447003874,6.133836231355337,6.263846397399902,319840000
2020-01-14,6.221088751738677,6.246444720752033,6.133835447619546,6.147010803222656,359088000
2020-01-15,6.15968810642731,6.182060796386267,6.078649335978341,6.104502201080322,263104000
2020-01-16,6.157948519655376,6.193993464647111,6.134581559774977,6.188027381896973,284192000
2020-01-17,6.207168278849511,6.2146260007402,6.149248013832999,6.196727752685547,253792000
2020-01-21,6.160186089168899,6.196976854432715,6.129361406762414,6.163417816162109,217916000
2020-01-22,6.208659581685237,6.303867502720389,6.189767066563044,6.217360019683838,239240000
2020-01-23,6.257381577194218,6.294171859786776,6.168636648680007,6.285719871520996,244516000
2020-01-24,6.40106482430508,6.450782022304533,6.172366566956607,6.226558208465576,373512000
2020-01-27,5.922289664238681,6.021972504994483,5.772890101483585,5.971012592315674,470536000
2020-01-28,6.036887321336886,6.196478957414824,5.983689951264804,6.164163112640381,310976000
2020-01-29,6.149745481810295,6.185790426975521,6.063983338200734,6.103757381439209,258848000
2020-01-30,6.006062188703586,6.1238917135787965,5.951125209315321,6.110467910766602,290504000
2020-01-31,6.064729509694369,6.076661675944388,5.835534340017212,5.877296447753906,370420000
2020-02-03,5.85914847292443,5.993633051226416,5.8529339426473035,5.974243640899658,255564000
2020-02-04,6.115938379346584,6.162423853757808,6.0659727292741294,6.143282413482666,271544000
2020-02-05,6.264094359762809,6.2742864375752365,6.15024236438546,6.233518600463867,208220000
2020-02-06,6.267822328789901,6.320273399353027,6.186783566147902,6.320273399353027,218284000
2020-02-07,6.2802521818150865,6.302376423964702,6.2287948985436135,6.254150867462158,189752000
2020-02-10,6.276772881473703,6.537787009661811,6.271801066388234,6.537041664123535,529608000
2020-02-11,6.645175046983783,6.7739420040767095,6.583277238541487,6.65934419631958,638556000
2020-02-12,6.712046013023903,6.781401561765247,6.673266704068935,6.774938106536865,374644000
2020-02-13,6.717017237996871,6.798304473458511,6.689672728229465,6.731186389923096,528016000
2020-02-14,7.140856126227538,7.332515231279611,7.109534537611912,7.2037482261657715,1041924000
2020-02-18,7.100581854093952,7.390680982573565,7.081192443769368,7.37228536605835,620164000
2020-02-19,7.494589335264522,7.840619710509699,7.494589335264522,7.822969913482666,694332000
2020-02-20,7.774994505818821,7.863242082400725,7.366817815393153,7.673820495605469,810052000
2020-02-21,7.56170894332457,7.586815992154604,7.225373204609657,7.310140609741211,768180000
2020-02-24,6.716517429058127,7.006864981149127,6.662077351941982,6.793330192565918,856916000
2020-02-25,6.868405127821072,6.930302945472241,6.412500210276758,6.514171600341797,1055496000
2020-02-26,6.514420378343546,6.847275971235997,6.512929213052933,6.653379440307617,747732000
2020-02-27,6.340222462355224,6.6411905100878075,6.190733538467209,6.283013820648193,906416000
2020-02-28,6.030798400803811,6.776999629298204,6.014133380463005,6.717552185058594,1133252000
2020-03-02,6.887436477672803,6.904599164176833,6.491949845703625,6.87574577331543,890744000
2020-03-03,6.931463350129404,6.991159391430268,6.528265881212004,6.613581657409668,652792000
2020-03-04,6.720785207272471,7.086175006652993,6.646164806852356,7.076723098754883,597408000
2020-03-05,6.8774879345472195,7.04413956219387,6.753121062405599,6.79764461517334,540328000
2020-03-06,6.618306340364054,6.675764049860248,6.417329367295338,6.617311477661133,515412000
2020-03-09,5.967122164255437,6.45215313065251,5.924340216709666,6.104920864105225,614160000
2020-03-10,6.381014182098124,6.493939399719238,6.118600526730272,6.493939399719238,580648000
2020-03-11,6.354151552200165,6.382507276245163,6.03353389422231,6.130539894104004,499964000
2020-03-12,5.607949780649273,5.873099896236231,5.367673129494751,5.380358695983887,816540000
2020-03-13,5.733311612240155,5.994979476802565,5.462440911971198,5.99050235748291,634836000
2020-03-16,5.283352557854332,5.623869353339023,4.825433894923929,4.885129928588867,726972000
2020-03-17,4.997308990591307,5.493532962867673,4.750814071544446,5.404237270355225,833632000
2020-03-18,4.977161561552436,5.221915344621923,4.494120840313374,5.044816970825195,874268000
2020-03-19,5.023425510217554,5.39080547512759,4.810261119944137,5.297281742095947,765512000
2020-03-20,5.447268167132194,5.728834719934263,5.102274726874198,5.117696285247803,804636000
2020-03-23,5.116701401410118,5.3845880223773275,4.93786188180685,5.290317535400391,643876000
2020-03-24,5.6960019972439735,6.284506249716404,5.6723724650335825,6.197946548461914,1101644000
2020-03-25,6.31286032223068,6.512344736526299,6.060644396576483,6.109396457672119,793432000
2020-03-26,6.316343948572078,6.52229572585307,6.218343085472186,6.398426532745361,696108000
2020-03-27,6.218341828592811,6.544680476074105,6.1855089913285894,6.286246299743652,638828000
2020-03-30,6.3516639125853,6.615321989617182,6.307638034053594,6.606118679046631,602252000
2020-03-31,6.646165858837686,6.850127939399178,6.411112532873949,6.55662202835083,949960000
2020-04-01,6.358877293798993,6.5051325489684855,6.0014468918111765,6.0459699630737305,656912000
2020-04-02,6.0750723908705835,6.367583396823031,6.0270670594457165,6.354400634765625,675764000
2020-04-03,6.316840186678727,6.358378663538482,5.929562064377031,6.066863059997559,663212000
2020-04-06,6.348680332456353,6.712826720238885,6.2912226117750105,6.676013946533203,727884000
2020-04-07,6.897386212673465,6.921016220631699,6.399918753132553,6.4429497718811035,784520000
2020-04-08,6.551895173160466,6.664820405786756,6.482000959912944,6.639946937561035,542444000
2020-04-09,6.76555762990454,6.7884408976976,6.477523735926655,6.5404534339904785,525564000
2020-04-13,6.4807566311857645,6.7207846897053765,6.392456281522787,6.712079048156738,398408000
2020-04-14,6.840177411632227,7.096870512386343,6.812567953080137,7.062794208526611,530948000
2020-04-15,6.894899184713868,7.068266728820845,6.849629840850387,6.985438346862793,366148000
2020-04-16,7.1406472096626326,7.4371376439735055,7.127464448617053,7.330182075500488,745620000
2020-04-17,7.412264162275912,7.433655370807423,7.137164937154515,7.270983695983887,539120000
2020-04-20,7.144626875048733,7.3003340312313565,7.095626211966253,7.1399006843566895,449388000
2020-04-21,7.022002163547339,7.083190258887159,6.64392677965587,6.703622817993164,735160000
2020-04-22,6.895643643511628,7.160296546167527,6.850125714466327,7.117514133453369,483356000
2020-04-23,7.159552061322838,7.291380639717549,7.039164642874313,7.064286708831787,424160000
2020-04-24,7.054088912190543,7.205069902972947,6.979468506658928,7.203080177307129,352328000
2020-04-27,7.337396152234377,7.54906850647414,7.312771282405198,7.389381408691406,479388000
2020-04-28,7.53663104306545,7.566479296297554,7.241633139529117,7.247105121612549,442904000
2020-04-29,7.381670852745031,7.476438532098062,7.306553255548668,7.423707008361816,379160000
2020-04-30,7.369730999567452,7.423706453585619,7.25605998667929,7.269989013671875,375916000
2020-05-01,7.072743452911202,7.1859172806554765,6.985437955761158,7.033692359924316,342096000
2020-05-04,6.986433684527206,7.259046052360772,6.986433684527206,7.245365619659424,317556000
2020-05-05,7.349335951665621,7.468728031635748,7.245364957293524,7.306304931640625,368896000
2020-05-06,7.385651288802493,7.5117592899465135,7.347843653286045,7.407042026519775,323464000
2020-05-07,7.546084248410527,7.646323918023772,7.4948452521720315,7.583145618438721,373732000
2020-05-08,7.654781042582035,7.779147917276859,7.620953332367935,7.772929668426514,339216000
2020-05-11,7.767953212795398,8.071408625567924,7.739348894683899,8.024646759033203,469060000
2020-05-12,8.082353219891191,8.131104815572956,7.753278525773543,7.762979030609131,493060000
2020-05-13,7.877396301841328,8.037580580792781,7.556281003894796,7.740592956542969,625852000
2020-05-14,7.802032414632307,7.995298662838856,7.648563532216864,7.989826679229736,602312000
2020-05-15,7.8497872616478075,8.457443446163204,7.834117106027025,8.44774341583252,987660000
2020-05-18,8.716127930897029,8.87133792590906,8.63653320763608,8.70592975616455,774460000
2020-05-19,8.74572658115145,9.041470783714418,8.71836571880114,8.760899543762207,717320000
2020-05-20,8.945462678336371,8.997199354978093,8.843730454085636,8.924569129943848,587536000
2020-05-21,9.005651208985324,9.006645597090985,8.693241603113934,8.73080062866211,761068000
2020-05-22,8.780549550249997,9.046944125761256,8.669117319003607,8.980531692504883,1038764000
2020-05-26,9.110370081279614,9.135244023656483,8.628075582392123,8.673593521118164,770780000
2020-05-27,8.581311407410789,8.589021710730815,7.9562435883697225,8.482067108154297,1175892000
2020-05-28,8.36964036521895,8.716126818247057,8.336807522343962,8.444012641906738,734896000
2020-05-29,8.511172107077769,8.830546379089355,8.442024146641526,8.830546379089355,745256000
2020-06-01,8.788509941773912,8.795971650904905,8.645487840751274,8.761646270751953,389876000
2020-06-02,8.751696604772091,8.792488351879058,8.614146503329726,8.780549049377441,391320000
2020-06-03,8.777565804011429,8.821342618286915,8.655934444253308,8.725082397460938,365440000
2020-06-04,8.687755724694108,8.90201324294868,8.637488658846792,8.726078987121582,424280000
2020-06-05,8.753950844015113,8.955516553513727,8.667849509418327,8.87887191772461,481748000
2020-06-08,8.836317714446977,8.848759888492882,8.645700988059112,8.76440143585205,387736000
2020-06-09,8.759422705552621,9.067744029316774,8.710897571535652,9.004287719726562,468488000
2020-06-10,9.125477940681284,9.456195581866325,9.111292895481155,9.323559761047363,632180000
2020-06-11,9.107807709528801,9.21854464450774,8.745486794003435,8.75568962097168,583652000
2020-06-12,9.120249640232714,9.144885268344536,8.663116916824086,8.89130973815918,570908000
2020-06-15,8.774603216221042,9.139910604567905,8.703432128605263,9.131449699401855,400004000
2020-06-16,9.182465893211678,9.224023347395823,8.797996315079203,9.026686668395996,535716000
2020-06-17,9.071726871522655,9.256122013797047,9.028426554300834,9.193412780761719,408304000
2020-06-18,9.184453472998934,9.239697586467326,9.072472033633701,9.175495147705078,254408000
2020-06-19,9.1998831293818,9.40144879419368,9.184703242099346,9.218545913696289,524160000
2020-06-22,9.257119455133502,9.48730301044965,9.23049223290919,9.482823371887207,398468000
2020-06-23,9.506960557763616,9.598038937764816,9.364122850339776,9.406426429748535,375108000
2020-06-24,9.432553235534522,9.512433926958058,9.10233306985164,9.192914009094238,449372000
2020-06-25,9.312610716944958,9.461172555518514,9.1399106647532,9.44624137878418,376072000
2020-06-26,9.456196763382406,9.456196763382406,9.082925838512047,9.112787246704102,592084000
2020-06-29,9.12747025510975,9.16206001434002,8.858963428244438,9.157580375671387,342248000
2020-06-30,9.271052779473228,9.482323840413832,9.223772146240533,9.45395565032959,367892000
2020-07-01,9.47685119698947,9.531597903439465,9.369598077944767,9.486058235168457,326648000
2020-07-02,9.594553626527235,9.692599684605682,9.534083742752678,9.567927360534668,364056000
2020-07-06,9.696831134904459,9.863060925578766,9.667715860624158,9.7938814163208,315892000
2020-07-07,9.90038756505966,10.023566685048234,9.805327925441164,9.826231002807617,357800000
2020-07-08,9.947666754146862,10.177851180830768,9.91954727786294,10.168891906738281,365480000
2020-07-09,10.332386498774396,10.521261277875176,10.186312717025418,10.460542678833008,494548000
2020-07-10,10.53992323755913,10.606116305406612,10.33089154771138,10.430928230285645,497676000
2020-07-13,10.546144174539222,10.742484022630395,9.97877193601712,10.00589656829834,457076000
2020-07-14,10.028542714415202,10.35478162287087,9.740377400008319,10.329150199890137,542676000
2020-07-15,10.366229867151485,10.384892650763021,10.009382445924082,10.180091857910156,403984000
2020-07-16,9.96881868427963,10.159684052032336,9.849869569041433,10.088016510009766,344964000
2020-07-17,10.178349454335393,10.201243163954526,10.041234957876577,10.154459953308105,266284000
2020-07-20,10.226875749369688,10.482690699140393,10.109917234833206,10.462285041809082,284852000
2020-07-21,10.464524220514964,10.51130838501067,10.23931776030554,10.280875205993652,277036000
2020-07-22,10.31969594109073,10.553612018427057,10.244046163134492,10.390617370605469,367292000
2020-07-23,10.401815036980182,10.49836789312907,9.984996075999454,10.08304214477539,411660000
2020-07-24,9.829466600023125,10.316958282802545,9.731918901066056,10.147493362426758,473292000
2020-07-27,10.185068171231439,10.393601505544966,10.170634417210804,10.373445510864258,292132000
2020-07-28,10.326411622662173,10.334125444616538,10.162172525266845,10.1683931350708,271636000
2020-07-29,10.342836785635788,10.467757814861779,10.299288712626408,10.417242050170898,284508000
2020-07-30,10.327162292919072,10.574018943102574,10.247779948516154,10.56506061553955,308880000
2020-07-31,10.514541633004042,10.71685531257527,10.384892248538662,10.565804481506348,386080000
2020-08-03,10.683011944240379,11.047573183866636,10.665841424159556,10.959481239318848,412720000
2020-08-04,10.99905050765909,11.175980567932129,10.855714414158966,11.175980567932129,310336000
2020-08-05,11.192155540405041,11.319315944315017,11.114763832371981,11.234707832336426,249924000
2020-08-06,11.297413921234702,11.305626114488891,11.127202902435064,11.28322982788086,244316000
2020-08-07,11.260334597519128,11.451698324492627,10.98660308646136,11.147855758666992,342516000
2020-08-10,11.281988797793014,11.355646995207982,10.806440904133613,11.113518714904785,427796000
2020-08-11,11.022685151886076,11.08539531581935,10.745967215021588,10.799967765808105,354512000
2020-08-12,10.940072354232733,11.41412607866207,10.907721944778629,11.387499809265137,464412000
2020-08-13,11.492759691857554,11.66770001890963,11.303387509274067,11.39023494720459,374460000
2020-08-14,11.476837523719949,11.650782117722994,11.387750711887294,11.51068115234375,366436000
2020-08-17,11.796601930068785,12.352526897277611,11.76275926318703,12.280112266540527,621300000
2020-08-18,12.392596277036198,12.438384662096558,12.030523922079464,12.204218864440918,503448000
2020-08-19,12.239799549527746,12.258213621054422,12.042214226825553,12.082528114318848,622624000
2020-08-20,11.91978322105072,12.317938426854452,11.823976501691238,12.085017204284668,921388000
2020-08-21,12.145486175613579,12.749687580406652,12.139015904821967,12.625015258789062,999868000
2020-08-24,12.824343188832731,12.85296104070654,12.449827806001334,12.66159725189209,490564000
2020-08-25,12.572510303018028,12.702408418241676,12.515772966083365,12.691210746765137,289076000
2020-08-26,12.740232546554608,12.809163342409363,12.619292765610336,12.714103698730469,321244000
2020-08-27,12.722563774605414,12.790748434338262,12.508554997682598,12.57002067565918,317604000
2020-08-28,12.616553153406784,13.087371627677937,12.584202751805321,13.087122917175293,537160000
2020-08-31,13.121962673479885,13.512404027360901,12.977631777675004,13.31282901763916,500840000
2020-09-01,13.421858060233896,13.933392246926287,13.37854573615063,13.761387825012207,511316000
2020-09-02,14.640328637897767,14.663230147107154,13.840045378460548,14.28462028503418,874012000
2020-09-03,13.769103935928273,13.824613370460439,12.823201635457625,12.959362030029297,945128000
2020-09-04,12.72861072124861,13.118173789760052,11.654265141820803,12.5680570602417,1463684000
2020-09-08,11.683886817797339,12.495869670621197,11.653767694372018,11.861617088317871,795728000
2020-09-09,12.346516275086678,12.754001367320672,12.178991882881057,12.660158157348633,736200000
2020-09-10,12.933225527994797,13.008897940882886,12.11452165542531,12.258647918701172,698684000
2020-09-11,12.431646509399577,12.597926004409656,11.844439994967425,12.112030982971191,636928000
2020-09-14,13.024578926203295,13.257568885233198,12.576768855905764,12.816728591918945,1201744000
2020-09-15,13.222720077777511,13.24138939468092,12.772421205731272,12.934967041015625,727556000
2020-09-16,12.901363965653177,13.036279497509602,12.459777250368292,12.46052360534668,556384000
2020-09-17,12.079920915572131,12.53544807871845,11.982841605278239,12.40974235534668,792512000
2020-09-18,12.539432155276181,12.578014719586728,11.937042024151966,12.136676788330078,698460000
2020-09-21,11.873563455723925,12.468486075393573,11.853151697144176,12.463258743286133,721044000
2020-09-22,12.520761299174337,12.593446389874005,12.103071287394512,12.583240509033203,646452000
2020-09-23,12.521257209528594,12.672104438360137,12.027148498974409,12.071455955505371,647012000
2020-09-24,12.020179888363417,12.515284736210981,11.962180709019703,12.294739723205566,731240000
2020-09-25,12.393810139922095,12.827929401956277,12.19293055034486,12.818221092224121,588016000
2020-09-28,12.98400617264737,12.995456929252475,12.695008219085075,12.978778839111328,573808000
2020-09-29,12.881699222732806,13.384770004371227,12.87746797882626,13.168705940246582,621460000
2020-09-30,13.100748073599721,13.563742542883896,13.093529512118515,13.472139358520508,689184000
2020-10-01,13.698657963887262,13.70338677682619,13.402689348438638,13.555776596069336,525004000
2020-10-02,13.167961084697618,13.461190308967057,12.994710808129454,13.005912780761719,552496000
2020-10-05,13.1789125626471,13.585401616628305,13.165719361089417,13.583659172058105,479820000
2020-10-06,13.77034771021102,14.081002250444271,13.606059434041683,13.677250862121582,784420000
2020-10-07,13.93936472563544,14.05834944334115,13.803701921805605,13.903768539428711,418084000
2020-10-08,14.014290320495087,14.023749845653542,13.69865819405258,13.779059410095215,378900000
2020-10-09,13.707619453210627,13.764622541474697,13.601827927722326,13.703387260437012,346892000
2020-10-12,13.929158832555586,14.285116896035671,13.852491292566945,14.16463851928711,434744000
2020-10-13,14.23483636602296,14.28661212456434,13.95828434553534,14.18679428100586,344604000
2020-10-14,14.22886078382852,14.280885323875227,13.899786671772109,14.034453392028809,276100000
2020-10-15,13.751179002739164,13.945337589892363,13.70836425775623,13.90974235534668,267224000
2020-10-16,13.976207032310032,14.060591666359802,13.733010226412944,13.751928329467773,242392000
2020-10-19,13.843032985585035,13.92318542080633,13.348923276048108,13.439531326293945,298068000
2020-10-20,13.524910369339894,13.740228038744753,13.448740396598476,13.58664321899414,229212000
2020-10-21,13.566231333022323,13.732013260286454,13.419367506297078,13.466413497924805,219596000
2020-10-22,13.464172894859765,13.55303754182434,13.174676497160581,13.303369522094727,290480000
2020-10-23,13.391985258225827,13.534617834284036,13.233920420278526,13.531630516052246,233484000
2020-10-26,13.369084922504582,13.633688585873971,12.98226043969902,13.084567070007324,336896000
2020-10-27,13.248610898345168,13.384024960030274,13.134604691959527,13.338970184326172,250520000
2020-10-28,13.141073702441242,13.20280655451587,12.554614456414914,12.57253646850586,376520000
2020-10-29,12.78312583190054,13.13584785804943,12.695007521608149,12.967825889587402,320080000
2020-10-30,12.794576492375915,12.88070262306885,12.246948531109375,12.479939460754395,416820000
2020-11-02,12.603154900907724,12.781382741885674,12.3415385171396,12.526487350463867,299652000
2020-11-03,12.65368609633132,13.04847556317801,12.548392129595152,12.96334457397461,272900000
2020-11-04,13.331499752886495,13.767860047508005,13.279475206935611,13.734752655029297,410228000
2020-11-05,14.101413431699372,14.277151505773915,13.930652955568876,14.098923683166504,319028000
2020-11-06,14.048891455608413,14.525825518344906,13.835068378723031,14.499191284179688,383348000
2020-11-09,14.489732985019739,14.628133399533532,13.552045298190658,13.571958541870117,582976000
2020-11-10,13.54781019802429,13.54781019802429,12.573780172122872,12.714919090270996,644068000
2020-11-11,12.997445519056676,13.377051459709095,12.892400350122854,13.360124588012695,404744000
2020-11-12,13.4208615944081,13.706623391136638,13.258564550225856,13.398707389831543,365812000
2020-11-13,13.568470299974223,13.609791386132025,13.002920455645425,13.239645004272461,346312000
2020-11-16,13.115682790684902,13.590625584856218,13.099254438617393,13.456954956054688,413776000
2020-11-17,13.494044215080645,13.53760531971783,13.246367406234198,13.36435604095459,312028000
2020-11-18,13.407171172523759,13.547065230799866,13.128130360392811,13.370828628540039,510924000
2020-11-19,13.15575975818555,13.429324433422689,13.043496030611196,13.382278442382812,565936000
2020-11-20,13.395970878679213,13.436295883226773,13.008647818893134,13.03130054473877,341088000
2020-11-23,13.114439643775567,13.324777827155184,12.959361156671875,13.083324432373047,361356000
2020-11-24,13.085812968215139,13.105228639441574,12.829423935275962,12.901860237121582,346500000
2020-11-25,12.976286647330468,13.212263899302625,12.96384075400701,13.177663803100586,259916000
2020-11-27,13.31731084616741,13.349670932792165,13.113692699646311,13.20405101776123,167276000
2020-11-30,13.207783104698644,13.354646916335152,12.916295495207995,13.343693733215332,286952000
2020-12-01,13.434054894917562,13.470397438236995,13.171192706053294,13.332245826721191,296948000
2020-12-02,13.292915747982203,13.614522515050519,13.177167128048557,13.486079216003418,283360000
2020-12-03,13.53288931377425,13.605098152797373,13.275429117117344,13.342159271240234,199520000
2020-12-04,13.394449728247713,13.505502343250445,13.33494026054711,13.503759384155273,202244000
2020-12-07,13.5465833461892,13.676060962202541,13.445740595670882,13.552061080932617,223244000
2020-12-08,13.530401856332638,13.544096671002487,13.228121449551065,13.296346664428711,271920000
2020-12-09,13.247044338391767,13.36008781733984,12.816531556571482,12.878780364990234,401300000
2020-12-10,12.817278981162264,13.01622611811567,12.797856623609862,12.920113563537598,207764000
2020-12-11,12.915135244056243,12.967673829963603,12.771465060038214,12.96095085144043,209264000
2020-12-14,13.035399712025068,13.334940779426518,13.024941957047123,13.25526237487793,270156000
2020-12-15,13.38573457742504,13.409887145651437,13.133752090709104,13.306803703308105,193016000
2020-12-16,13.368553568795045,13.383244766098352,13.159397537413051,13.189277648925781,223116000
2020-12-17,13.313027895141222,13.32572727512773,13.12553489491259,13.287631034851074,231384000
2020-12-18,13.325225877564547,13.351121399301181,13.017966483918377,13.218656539916992,342064000
2020-12-21,13.022200773575815,13.316264063450639,12.915381612940775,13.278665542602539,302332000
2020-12-22,13.265719617640173,13.283646925526869,13.001535460648212,13.224884033203125,185580000
2020-12-23,13.20272169186044,13.221645381169145,12.952731046047212,12.956963539123535,179144000
2020-12-24,12.98485057196713,13.079717874685622,12.886747159830435,12.94152545928955,97884000
2020-12-28,13.009999423359698,13.009999423359698,12.711952513384338,12.848152160644531,212564000
2020-12-29,12.873051559550927,13.019958760176179,12.79063383221602,12.891227722167969,170372000
2020-12-30,12.938040099740185,13.160642074392083,12.844916701690002,13.092915534973145,225396000
2020-12-31,13.083702589161886,13.098143976917555,12.863092439192675,13.002530097961426,192424000
2021-01-04,13.051586130794918,13.59763300186137,12.910405466366683,13.060798645019531,560640000
2021-01-05,13.047103216912681,13.389471726212586,13.034404784404163,13.35087776184082,322760000
2021-01-06,13.169357986731624,13.191767596146791,12.53541670344203,12.563801765441895,580424000
2021-01-07,12.915382094628498,13.32398392120334,12.834708264575642,13.290369033813477,461480000
2021-01-08,13.3087946092629,13.367058829260577,12.989582367036666,13.223388671875,292528000
2021-01-11,13.364820880051957,13.904892249468213,13.308797324436568,13.566756248474121,518344000
2021-01-12,13.697226140854115,13.699218908007824,13.291364630760276,13.43055248260498,291476000
2021-01-13,13.435783333016113,13.570240994686895,13.331205784944276,13.477365493774414,210028000
2021-01-14,13.520441735796062,13.545092022114554,13.12752745599619,13.147197723388672,283120000
2021-01-15,13.174835229375097,13.271694358141557,12.79686103451609,12.807816505432129,277780000
2021-01-19,12.963937693664844,13.041375423637568,12.79238016702357,12.972902297973633,226188000
2021-01-20,13.05904913488603,13.376518351794019,13.004270844202553,13.312028884887695,258572000
2021-01-21,13.364568959095964,13.942985300241656,13.199734440258004,13.81176471710205,337780000
2021-01-22,13.68477736022851,13.78611878930567,13.572480460380298,13.657387733459473,246820000
2021-01-25,13.726357882174739,13.772920052167269,13.183299421048913,13.598374366760254,251112000
2021-01-26,13.525916915766077,13.589908674618952,13.333692780784402,13.381251335144043,163980000
2021-01-27,13.176826544521976,13.17956588706727,12.742330152960971,12.865832328796387,371272000
2021-01-28,12.94401620453668,13.286135761458496,12.908409501804401,12.99854564666748,228316000
2021-01-29,13.022451148945741,13.28115757374475,12.859608425570046,12.937543869018555,271552000
2021-02-01,13.00078904025559,13.217414637475345,12.850893606397493,13.18380069732666,217204000
2021-02-02,13.344900937302837,13.517453895988597,13.232105357802928,13.502265930175781,220440000
2021-02-03,13.581195250724157,13.875757217775313,13.4621763232891,13.476119995117188,245408000
2021-02-04,13.47661645272623,13.618543641909477,13.284143457889288,13.609331130981445,201340000
2021-02-05,13.66983917802764,13.682039891705488,13.491308875072331,13.536376953125,169152000
2021-02-08,13.672081342223557,14.415581231629474,13.672081342223557,14.380722045898438,434624000
2021-02-09,14.283113858860963,14.524639548402014,14.165339215361854,14.205925941467285,287560000
2021-02-10,14.405121329535092,14.845095479349197,14.283860773020809,14.704911231994629,485352000
2021-02-11,14.920043907883057,15.21087016144193,14.865015793501902,15.18945598602295,450828000
2021-02-12,14.989511461890103,15.22979187160144,14.715616167747536,14.901118278503418,374756000
2021-02-16,15.003705976694079,15.310717529206354,14.88991497110362,15.268636703491211,321960000
2021-02-17,15.11002559817303,15.162315316732863,14.720597275681127,14.846091270446777,274756000
2021-02-18,14.669803078245188,14.813473242529565,14.51642173524086,14.769401550292969,233868000
2021-02-19,14.964116101576446,15.116003352736659,14.787080847428777,14.866510391235352,271724000
2021-02-22,14.715371399715325,15.07243110001085,14.267428956662325,14.298055648803711,325884000
2021-02-23,14.018679913027913,14.181523573742238,13.335685999500365,14.085162162780762,391780000
2021-02-24,14.06598730264104,14.448443732727759,13.70071065129924,14.44072437286377,448320000
2021-02-25,13.989049754794058,14.316976805653484,13.16313319589413,13.254015922546387,824436000
2021-02-26,13.697228301041338,13.798818598724198,13.307302217792548,13.659381866455078,500932000
2021-03-01,13.819234727310848,13.869033961341506,13.498778190317397,13.786118507385254,353184000
2021-03-02,13.844135500255799,13.864553293096154,13.342161365725818,13.352370262145996,264116000
2021-03-03,13.372288481570262,13.397436481579216,12.747309959818812,12.753286361694336,377592000
2021-03-04,12.749301630930296,12.922851894147273,12.035183354685007,12.320531845092773,573344000
2021-03-05,12.499560385516855,12.499560385516855,11.632309598213094,12.411416053771973,542840000
2021-03-08,12.399964886052512,12.421129257115858,11.520015458380275,11.546658515930176,543112000
2021-03-09,12.085666683941009,12.570378398131114,12.014927537191268,12.474233627319336,521824000
2021-03-10,12.79330869541298,12.93229567297207,12.411716868075333,12.4224271774292,384376000
2021-03-11,12.902403493519058,12.99830026920778,12.68769566195109,12.945743560791016,299916000
2021-03-12,12.601762440863276,12.841378959282121,12.543727056525297,12.808749198913574,243964000
2021-03-15,12.8174670258616,13.158210052490965,12.720325527727177,13.142766952514648,221988000
2021-03-16,13.307408839220948,13.462835609512782,13.068540113938292,13.242399215698242,272128000
2021-03-17,12.991823175608697,13.403803210626146,12.941757813661807,13.292215347290039,243864000
2021-03-18,13.088219157514716,13.13554423645725,12.67026061604295,12.675740242004395,293896000
2021-03-19,12.703139313327759,12.874009196386721,12.56614486370807,12.798537254333496,299208000
2021-03-22,12.865291623650993,13.345270569661254,12.859313158739914,13.137785911560059,297804000
2021-03-23,13.20553571417136,13.295454030041492,12.973392265762131,13.022710800170898,222048000
2021-03-24,13.102914093626651,13.110885063082709,12.590305409184253,12.596531867980957,245840000
2021-03-25,12.453559661763387,12.66801854798427,12.226895852352571,12.489177703857422,295144000
2021-03-26,12.508358356195133,12.80899952364286,12.328023824665465,12.792061805725098,363968000
2021-03-29,12.773129756465236,13.014489826860041,12.65332197655928,12.900659561157227,273520000
2021-03-30,12.79480042870209,12.927560916338413,12.658303875869729,12.824440956115723,200204000
2021-03-31,12.967665043865257,13.420992735807696,12.934786334230242,13.299192428588867,314776000
2021-04-01,13.522370295892967,13.81902554077951,13.46159365916124,13.760990142822266,308276000
2021-04-05,13.816534468400627,13.96249568673925,13.682528281107839,13.9360933303833,255672000
2021-04-06,13.948294816344648,14.002594132089481,13.722876689980982,13.810552597045898,191744000
2021-04-07,13.829733469793657,14.191150299741128,13.661105981821104,14.09151840209961,251284000
2021-04-08,14.20036660361676,14.418312621618602,14.196629588023145,14.26438045501709,244416000
2021-04-09,14.161758253910516,14.355045478293736,14.122902033632048,14.347074508666992,195172000
2021-04-12,14.237232700970317,15.296076767014258,14.087285519048933,15.153103828430176,869324000
2021-04-13,15.17551855147795,15.642296785961808,15.070157136320923,15.621871948242188,676212000
2021-04-14,15.56757439683238,15.662723403944465,15.17153526617019,15.220853805541992,385500000
2021-04-15,15.604938070709537,16.154660479530673,15.574051864074454,16.077943801879883,598480000
2021-04-16,15.994000959162806,16.106337579853726,15.806941121261284,15.854018211364746,335208000
2021-04-19,15.479398285932946,15.749402181564943,15.177013572325267,15.305290222167969,404420000
2021-04-20,15.266932701181231,15.440044046604253,14.908007196915346,15.11549186706543,334132000
2021-04-21,15.063182531098462,15.306037228333295,15.046743653685485,15.304044723510742,216776000
2021-04-22,15.318494592982514,15.381761623929432,14.729168162025104,14.795673370361328,277788000
2021-04-23,14.879362682597167,15.278639983279946,14.845488196208844,15.209146499633789,227500000
2021-04-26,15.129191549679522,15.422110695504312,15.069411647383998,15.421113967895508,197796000
2021-04-27,15.521242850194147,15.61290472261558,15.298066158653663,15.325216293334961,164572000
2021-04-28,15.308030914991681,15.475164740857569,15.15957836730446,15.220602989196777,209416000
2021-04-29,15.343398085253963,15.379763909461866,15.01610566738283,15.268424987792969,173196000
2021-04-30,15.118728737053257,15.308527889547474,14.941880391047532,14.954334259033203,201912000
2021-05-03,15.069409466583876,15.190711864139518,14.733150296570749,14.782218933105469,203912000
2021-05-04,14.58345589544238,14.583704839831132,13.958760357290823,14.298506736755371,405324000
2021-05-05,14.65493927929447,14.759055975565776,14.334621071122196,14.405360221862793,292024000
2021-05-06,14.441976491548107,14.517697387535478,14.16574610808728,14.469624519348145,193380000
2021-05-07,14.753825582724902,14.91572777547651,14.617826904664591,14.757810592651367,229328000
2021-05-10,14.732902772330645,14.751584051485553,14.197627731992897,14.213319778442383,268904000
2021-05-11,13.774188670983172,14.301991547121727,13.69946450914894,14.253669738769531,285584000
2021-05-12,13.9580113483226,14.207840322870009,13.658865734558306,13.707934379577637,303408000
2021-05-13,13.982170917934267,14.028999059175959,13.409533367126928,13.615025520324707,285404000
2021-05-14,13.838949606962357,14.275339526116129,13.697969198962545,14.190651893615723,258616000
2021-05-17,14.104967840462367,14.11717276437191,13.802584080647618,14.113436698913574,216980000
2021-05-18,14.214565019489333,14.351310534500186,13.952531130875531,13.964238166809082,186256000
2021-05-19,13.516637860643087,14.027752884459964,13.49347368536492,14.014053344726562,344000000
2021-05-20,14.249933897946976,14.629783072668266,14.218051917786887,14.558794975280762,321592000
2021-05-21,15.108018052622167,15.166054390870835,14.814849979402481,14.936650276184082,672992000
2021-05-24,15.156588205382036,15.687131342210156,15.120222378827417,15.554620742797852,554816000
2021-05-25,15.708053851798939,15.760360666635048,15.425596101514737,15.590238571166992,435408000
2021-05-26,15.676422124487875,15.735703186240535,15.528966303165006,15.642297744750977,370440000
2021-05-27,15.642049757647367,15.692115130559111,15.40318098520956,15.43107795715332,581476000
2021-05-28,15.444032817878627,16.21767885890233,15.444032817878627,16.184799194335938,644536000
2021-06-01,16.21020775073869,16.328023072260283,15.8448048527253,16.204727172851562,472804000
2021-06-02,16.19251743061265,16.85656787926671,16.17582865881313,16.716583251953125,594168000
2021-06-03,16.63937060204186,17.195569308836276,16.522053197728837,16.907381057739258,580008000
2021-06-04,17.04960345412486,17.596087541905547,17.032667639127915,17.513643264770508,617120000
2021-06-07,17.5066700158796,17.7470324200021,17.12956115972956,17.554243087768555,575756000
2021-06-08,17.4628288796533,17.5567321901198,17.18759340040824,17.392837524414062,323848000
2021-06-09,17.45537445495699,17.5144200997862,17.196270441472134,17.298416137695312,381656000
2021-06-10,17.29019648734641,17.43170722377166,17.116796462616325,17.36493682861328,287772000
2021-06-11,17.41924641470844,17.877412740518896,17.38362021079101,17.763805389404297,416308000
2021-06-14,17.84427598888684,17.97731494669159,17.601864607504492,17.956636428833008,321376000
2021-06-15,17.853247418996794,17.954148103362822,17.66689173938309,17.727182388305664,243032000
2021-06-16,17.729425885437355,17.892860137369315,17.523885687576584,17.748857498168945,307124000
2021-06-17,17.713234404849683,18.770078247109847,17.695047795899175,18.592941284179688,809656000
2021-06-18,18.71925259251508,19.308215040452524,18.519941225336265,18.57450294494629,968856000
2021-06-21,18.37169941417833,18.47260198225136,17.76131158192782,18.363727569580078,672384000
2021-06-22,18.407830114038756,18.898383795362612,18.32262411331532,18.82164764404297,580144000
2021-06-23,18.942229189755093,19.086729825944072,18.842573513046347,18.991558074951172,332356000
2021-06-24,19.161475733042387,19.3530623779209,19.022455001453505,19.139301300048828,320924000
2021-06-25,19.214042880819722,19.27881936597167,18.829373695027133,18.965402603149414,278364000
2021-06-28,19.294510415626913,20.00953782998567,19.25240637349924,19.91611099243164,495436000
2021-06-29,19.813962368207104,20.02946639667907,19.589239586918527,19.95771598815918,367632000
2021-06-30,19.93031096241236,20.09299819265169,19.795278090307768,19.933549880981445,326568000
2021-07-01,20.055632059782717,20.385490527597725,19.949996529159517,20.142332077026367,480136000
2021-07-02,20.369799571827233,20.434576070408056,20.217825037142198,20.4163875579834,342764000
2021-07-06,20.666016614407923,20.770156218101576,20.280102477408526,20.627151489257812,446708000
2021-07-07,20.781620788688226,20.803046315753402,20.261918703161886,20.301530838012695,418428000
2021-07-08,19.788060334527767,20.06360610828988,19.632846891325155,19.834150314331055,503300000
2021-07-09,19.89369121039719,20.011035507147476,19.68615897824223,19.981138229370117,296624000
2021-07-12,20.17023553460196,20.461975876319716,20.118165723734343,20.441797256469727,321984000
2021-07-13,20.33018116670877,20.390722726429324,20.04466967248551,20.180200576782227,290708000
2021-07-14,20.287574757322712,20.3473673991596,19.684660708468368,19.773103713989258,380100000
2021-07-15,19.743461697812513,19.778589906396334,18.793496553631783,18.900875091552734,550564000
2021-07-16,18.964904144857933,19.090967290639107,18.010704097196164,18.098400115966797,688224000
2021-07-19,17.85349537144191,18.976360409514456,17.80391558664098,18.715015411376953,749060000
2021-07-20,18.665442975738188,18.77307053516643,18.101393819429756,18.547849655151367,434687000
2021-07-21,18.816914001718725,19.459691152678595,18.677397187844907,19.343093872070312,371017000
2021-07-22,19.574299353352185,19.81845383790225,19.209559734509735,19.526464462280273,323826000
2021-07-23,19.588247101340414,19.63209605947266,19.183646421770963,19.490585327148438,195672000
2021-07-26,19.244434884003283,19.374981936997983,18.848802099805674,19.227493286132812,203943000
2021-07-27,19.19859503384595,19.55436484344968,18.676401037537744,19.14179229736328,248863000
2021-07-28,19.252406188851747,19.578278660578594,18.929523634403203,19.435771942138672,202191000
2021-07-29,19.451720092622526,19.78457038148823,19.261378455641132,19.594228744506836,190781000
2021-07-30,19.35106352111419,19.56233262989459,19.196599037799633,19.431785583496094,183497000
2021-08-02,19.632096019964017,19.892196048997913,19.29426383352367,19.681922912597656,217444000
2021-08-03,19.67195614363054,20.152295043077654,19.153748123448008,19.7466983795166,301811000
2021-08-04,19.921097238700884,20.247967690687908,19.759654974548358,20.204118728637695,231309000
2021-08-05,20.429335766295853,20.66153240927619,20.271879455166875,20.56586265563965,211435000
2021-08-06,20.453255584823058,20.499096555119213,20.140336838007727,20.295799255371094,178497000
2021-08-09,20.37552283364435,20.4373093965313,20.073567760929837,20.22504425048828,146443000
2021-08-10,20.251953978228443,20.359581522672396,19.76663117132434,19.867284774780273,179238000
2021-08-11,19.97390996272921,19.979889797414497,19.363024040976125,19.63109588623047,185925000
2021-08-12,19.801506528249956,19.95995693048754,19.55236830867384,19.83638572692871,151652000
2021-08-13,19.83638471099879,20.144319549830023,19.782570006779846,20.118408203125,183063000
2021-08-16,20.065593064053427,20.217069532094754,19.385942869614865,19.8812313079834,210876000
2021-08-17,19.617148941747843,19.70185695099313,19.200590439736775,19.390932083129883,204585000
2021-08-18,19.432784446374054,19.566323330393175,18.934507922108054,18.9743709564209,285913000
2021-08-19,19.42680621302626,20.424357250217014,18.69732897160498,19.729759216308594,766555000
2021-08-20,19.92209227489408,20.79308023295475,19.864293533156978,20.74424934387207,675741000
2021-08-23,20.89871354691562,21.921175993171637,20.877786025238045,21.88231086730957,575807000
2021-08-24,21.678019114764727,21.8833084230163,21.46077013569365,21.717880249023438,297299000
2021-08-25,21.662071688084197,22.392544826376568,21.64712400159845,22.136430740356445,347701000
2021-08-26,22.12347879676051,22.262995617571487,21.71489219229339,21.991933822631836,237940000
2021-08-27,22.10753410004748,22.643679777066232,22.090592499579266,22.55797576904297,304722000
2021-08-30,22.751303423762153,22.963568544992565,22.47326582404602,22.609792709350586,262580000
2021-08-31,22.62075674664323,22.62075674664323,22.04763890496798,22.311771392822266,259850000
2021-09-01,22.41144855038439,22.622754957763057,22.28386700045794,22.367591857910156,201767000
2021-09-02,22.44433930541851,22.51909472765023,22.22206920355075,22.322738647460938,187834000
2021-09-03,22.25197291405603,22.910810001392324,22.127381804573318,22.768278121948242,280532000
2021-09-07,22.758304039244056,22.82408811086323,22.44832062700257,22.58786392211914,198107000
2021-09-08,22.439353122725205,22.53603592576677,21.905105352001236,22.26592254638672,254434000
2021-09-09,22.239016490910437,22.464277065145424,22.058608795237394,22.10445785522461,196856000
2021-09-10,22.274892739720574,22.551983198863454,22.19714878261406,22.404468536376953,248376000
2021-09-13,22.609795740171823,22.88888048395177,21.786497552074803,22.07953643798828,297500000
2021-09-14,22.202132041411108,22.336690647857136,22.013751133052175,22.169240951538086,199755000
2021-09-15,22.236022722228473,22.29383355511717,21.894144334606132,22.26791763305664,166538000
2021-09-16,22.11043394136282,22.204126304937887,21.855270869830687,22.169240951538086,156033000
2021-09-17,22.227050730218956,22.247981943060058,21.758588894411496,21.828359603881836,294503000
2021-09-20,21.076826867613953,21.362888683857676,20.594410879277827,21.043935775756836,349440000
2021-09-21,21.3469404733302,21.35491372577289,20.88146906785273,21.17650032043457,204688000
2021-09-22,21.29610478128571,21.888161496452156,21.126660825026075,21.869224548339844,268726000
2021-09-23,22.067570844468374,22.461279102173783,21.81838869165872,22.4084529876709,248555000
2021-09-24,21.997802477816837,22.076544517927047,21.78948654099759,22.008766174316406,217655000
2021-09-27,21.63898325171852,21.72769282238247,21.255244302712523,21.589147567749023,245215000
2021-09-28,21.14460514549343,21.34893447038271,20.58344521216512,20.631288528442383,343069000
2021-09-29,20.871502966534447,20.94825075454832,20.400048738103138,20.449886322021484,218394000
2021-09-30,20.700067181166297,20.997092752868166,20.62032893852436,20.648237228393555,221009000
2021-10-01,20.68212181172919,20.79076450155357,20.13691029679446,20.674148559570312,240978000
2021-10-04,20.436923825487426,20.474799620417603,19.49102893557556,19.667449951171875,345635000
2021-10-05,19.884735680862036,20.58045217530821,19.78904906919752,20.384096145629883,279282000
2021-10-06,20.054185321506793,20.652221111305703,20.014315254928512,20.632287979125977,297202000
2021-10-07,21.023002332349666,21.252251394930184,20.90339594423825,21.006059646606445,256919000
2021-10-08,21.031970810804843,21.136626861467303,20.707037062083213,20.762853622436523,151258000
2021-10-11,20.507693882375722,20.994096456605053,20.44390216537423,20.627300262451172,163388000
2021-10-12,20.759868133383815,20.988119137089015,20.460850231226793,20.603382110595703,162134000
2021-10-13,20.849573164865863,20.921338143306798,20.64524382851647,20.87050437927246,180652000
2021-10-14,21.2183637297649,21.683835156792203,21.052906376708478,21.67486572265625,243589000
2021-10-15,21.73865543684794,21.859259915283243,21.5911407550322,21.790485382080078,226994000
2021-10-18,21.677853093300257,22.218079867426876,21.573195134718436,22.14930534362793,189494000
2021-10-19,22.203128841785272,22.305792542429998,21.964912250814812,22.217084884643555,161473000
2021-10-20,22.232033823134188,22.359615354512936,21.910090500609137,22.03069496154785,146276000
2021-10-21,22.024714435687386,22.63670618326787,22.010760294577082,22.617767333984375,187590000
2021-10-22,22.748339913629675,23.054334844956028,22.48719785150225,22.651657104492188,249384000
2021-10-25,22.897848159028317,23.278598494667374,22.695513113631097,23.09021759033203,230235000
2021-10-26,23.910521785451195,25.176367515046863,23.84573389663172,24.636138916015625,485898000
2021-10-27,24.393941025402942,25.007925176618038,24.202567761764556,24.371015548706055,245990000
2021-10-28,24.79661760339399,24.868382573846535,24.442779360511576,24.859411239624023,234204000
2021-10-29,24.919211901819345,25.624895953536313,24.918215720709906,25.483360290527344,292503000
2021-11-01,25.565096437115333,25.809293921603484,25.144476013269458,25.74251365661621,265740000
2021-11-02,25.737527951466095,26.590726680343938,25.71559865861731,26.314632415771484,294112000
2021-11-03,26.58275893777931,26.69638634791327,26.149182413290003,26.51099395751953,239910000
2021-11-04,27.139927249878582,31.26239704427072,27.02929029769168,29.703514099121094,1153631000
2021-11-05,30.088251003295557,31.297282321186877,29.313792339899493,29.654674530029297,851260000
2021-11-08,30.05037569360793,30.998264961741995,29.809166754618374,30.70323371887207,503101000
2021-11-09,32.17639923609389,32.204307519629445,29.86598118563401,30.556713104248047,646746000
2021-11-10,29.25996904882886,30.74908123163005,28.683858832683175,29.36263084411621,636206000
2021-11-11,30.368334246239346,30.489934904320453,29.679594643475284,30.29058837890625,332172000
2021-11-12,29.911832261950494,30.579640650645906,29.53307424388538,30.29058837890625,413054000
2021-11-15,30.45205718413863,30.543755287298133,29.15132584547051,29.926780700683594,384909000
2021-11-16,29.66164877670332,30.29058317308719,29.608820758848818,30.10419464111328,264484000
2021-11-17,30.318494131813672,30.409197952977312,28.70578699749506,29.165279388427734,428508000
2021-11-18,32.26111820971524,32.65283033546003,31.218538566380822,31.571380615234375,781711000
2021-11-19,32.1375210519031,32.97975795583658,31.80062743099509,32.87709426879883,533867000
2021-11-22,33.40735581710539,34.533660369454104,31.795646751201797,31.851463317871094,754335000
2021-11-23,31.431842568314533,32.25414458908274,30.778984519657556,31.642152786254883,532163000
2021-11-24,31.358084433513884,32.74752344863697,30.82682705345173,32.567115783691406,435162000
2021-11-26,32.493355877058754,32.60299664841291,31.2474468349952,31.399946212768555,283069000
2021-11-29,32.26011721336179,33.30269289886204,31.931194968442878,33.26681137084961,454964000
2021-11-30,33.06049435573746,33.24389436052743,31.759764944757165,32.56910705566406,622066000
2021-12-01,33.11438635947544,33.184165606771984,31.281175255165692,31.336002349853516,484368000
2021-12-02,31.11569943003582,32.37571869369958,30.927293561836475,32.02482604980469,472890000
2021-12-03,31.899225278294047,32.027820642535175,30.03511346450326,30.596342086791992,544325000
2021-12-06,29.78590054452752,30.14576373785318,27.94970234622703,29.942407608032227,658938000
2021-12-07,30.859506976245633,32.34680875654143,30.554469012712545,32.32487487792969,593053000
2021-12-08,31.898228375722542,32.18831231520401,31.32204761084049,31.725772857666016,475551000
2021-12-09,31.634061878266106,32.103581165831095,30.33217500414839,30.393980026245117,488507000
2021-12-10,31.051907053635162,31.206419637067192,29.766966606069154,30.1029052734375,488825000
2021-12-13,30.153740973557664,30.19859933646938,28.02745685315274,28.072315216064453,598344000
2021-12-14,27.61177134537967,28.587688427433932,27.16418590298591,28.24776268005371,667035000
2021-12-15,28.3105578612763,30.403944590391255,27.75032752650605,30.363073348999023,698297000
2021-12-16,31.053897441434426,31.061871670056004,28.004530741243016,28.297603607177734,707366000
2021-12-17,27.896866199252894,28.830915537137642,27.672574421523933,27.71344566345215,713758000
2021-12-20,27.21901421962327,28.055370925868335,27.059518227197945,27.631710052490234,461847000
2021-12-21,28.284642127956108,29.028293034389954,27.314704927636466,28.983434677124023,524385000
2021-12-22,28.800017170257917,29.46192565947625,28.359407778692482,29.30741310119629,395184000
2021-12-23,29.66129326312554,29.964336743268632,29.33831421297981,29.546655654907227,343022000
2021-12-27,29.56659806861277,30.98910437388651,29.54666059393546,30.847551345825195,403686000
2021-12-28,31.213387174254855,31.231330135732982,29.917480215533388,30.226505279541016,420591000
2021-12-29,30.17765975457117,30.451793296805008,29.273514744975753,29.90651512145996,343139000
2021-12-30,29.73306863749012,30.36108570963226,29.44697370362588,29.492828369140625,308864000
2021-12-31,29.580548773634128,29.93542853604102,29.238628557646763,29.318376541137695,266530000
2022-01-03,29.7211098062086,30.61428811203806,29.691203595037003,30.026145935058594,391547000
2022-01-04,30.18165478340745,30.372053287940535,28.25972677192673,29.197763442993164,527154000
2022-01-05,28.857830469478007,29.323360707048195,27.44629140730359,27.517066955566406,498064000
2022-01-06,27.552954288101756,28.348441526045892,26.979766244192536,28.08926010131836,454186000
2022-01-07,28.05238144846275,28.332496683528657,26.97179355482779,27.161195755004883,409939000
2022-01-10,26.497288278632688,27.382492201861595,25.563238883232685,27.313709259033203,594681000
2022-01-11,27.23695493896439,27.97661882621992,26.754479886883722,27.729398727416992,404089000
2022-01-12,27.978612384474925,28.504949514228787,27.52105820708782,27.91082763671875,383413000
2022-01-13,28.289627869102336,28.390309630110426,26.41455104320911,26.491310119628906,540171000
2022-01-14,26.21717454542164,27.11135095047714,26.127457823826212,26.857152938842773,395832000
2022-01-18,26.177304414004546,26.554114306336086,25.68884770952801,25.821428298950195,424270000
2022-01-19,25.996874104337753,26.45941170270569,24.973107843056518,24.988059997558594,488315000
2022-01-20,25.224319028834167,25.498452678706528,24.002177945891038,24.073951721191406,435181000
2022-01-21,23.43297273498428,24.744828429105826,23.18974164646766,23.300392150878906,718958000
2022-01-24,22.259676871868574,23.30636938474509,20.822218672511546,23.29839515686035,913982000
2022-01-25,22.47499743870543,22.87074846480711,21.930717378924925,22.25369644165039,664616000
2022-01-26,23.166811526105583,23.98123803745793,22.229771275614063,22.700284957885742,755959000
2022-01-27,23.49377731200437,23.919432592467135,21.606737447782898,21.87489128112793,573353000
2022-01-28,21.942680495703392,22.786017001467613,21.228935667863265,22.76807403564453,543774000
2022-01-31,23.108997226913345,24.431819963911636,22.979407443957587,24.408891677856445,564680000
2022-02-01,25.024941605227585,25.065812851502276,23.81476408120491,24.560409545898438,518925000
2022-02-02,25.712771637079914,25.735698020360548,24.475678597564364,25.16250991821289,543419000
2022-02-03,24.380977535591192,24.998027675942943,23.70511318165473,23.872583389282227,410178000
2022-02-04,23.896509010672386,24.557421239348365,23.557579565128698,24.242416381835938,354829000
2022-02-07,24.29524762592509,25.10269624776117,24.125782912567686,24.650127410888672,376868000
2022-02-08,24.282288838178633,25.150546207819467,23.90448265925914,25.0289306640625,410359000
2022-02-09,25.54131148574977,26.640838580536943,25.27315951224319,26.620901107788086,524282000
2022-02-10,25.913138706568642,26.84020840080806,25.519382164128384,25.74267578125,513200000
2022-02-11,25.834385491481136,26.069642339244744,23.698134593993387,23.873579025268555,605472000
2022-02-14,23.858623200794963,24.79665963655919,23.680186084674517,24.190574645996094,440424000
2022-02-15,24.870429246985168,26.461403743864466,24.705949858768733,26.411561965942383,699869000
2022-02-16,26.176307798231086,26.498290583942875,25.47153350229462,26.427513122558594,732676000
2022-02-17,25.549287576906618,25.70380014996148,24.08890276641559,24.429824829101562,810595000
2022-02-18,24.590310858620988,24.907310153114818,23.02725016540724,23.567543029785156,761255000
2022-02-22,22.962457916801178,23.98821671585555,22.927568291074294,23.31633949279785,633422000
2022-02-23,23.727044613283795,24.078933611616357,22.230771994916,22.316499710083008,566511000
2022-02-24,20.948824069456336,23.725054073328586,20.82421768902637,23.6732177734375,735801000
2022-02-25,23.646293488941854,24.14072976870636,23.307364136603184,24.08091926574707,528866000
2022-02-28,23.916440797353353,24.5873216032974,23.632338521046485,24.308202743530273,477319000
2022-03-01,24.21450233159208,24.3002319386135,23.059151897859554,23.403064727783203,412056000
2022-03-02,23.685224100178537,24.336278491001387,23.34524043941183,24.14784049987793,389642000
2022-03-03,24.189712498581102,24.253522895989168,23.39907590712297,23.643346786499023,365095000
2022-03-04,23.314331446054602,23.609449084190494,22.415018401859665,22.867666244506836,431415000
2022-03-07,22.749022915307926,22.96438091313516,21.266453480055112,21.288387298583984,450821000
2022-03-08,21.245514318732305,22.306343532359403,20.588477275477324,21.44990348815918,557467000
2022-03-09,22.320301778530236,23.150820212926504,22.1807194875951,22.9454345703125,492742000
2022-03-10,22.46387173081111,22.720105999777736,21.816805180949956,22.59049415588379,428066000
2022-03-11,22.953408821575593,23.076043457185644,21.980316832138143,22.034156799316406,367209000
2022-03-14,21.80384262804617,22.195671367540292,21.095958926406958,21.266448974609375,385354000
2022-03-15,21.45388764879963,22.969359327340563,21.25847247473295,22.904552459716797,491996000
2022-03-16,23.429986500774472,24.523718332751294,23.10296459283885,24.423019409179688,671422000
2022-03-17,24.048141553865687,24.76798876220505,23.834778411537343,24.692216873168945,471941000
2022-03-18,24.725112338972878,26.489839164055603,24.55063450386545,26.374183654785156,730719000
2022-03-21,26.428023517702794,27.071102224698404,25.88963151138114,26.654346466064453,591727000
2022-03-22,26.64736727935604,27.156846357898804,25.99432004218782,26.44497299194336,547007000
2022-03-23,26.048159533733372,26.53271160406256,25.498802493887702,25.557626724243164,502120000
2022-03-24,26.08804154718275,28.235623263570396,25.829812434294954,28.066129684448242,877379000
2022-03-25,27.802917411678866,28.273511278243372,27.189749942659294,27.609495162963867,579016000
2022-03-28,27.673304055239864,28.165831710193313,27.12494158890915,28.134923934936523,425494000
2022-03-29,28.60950867127436,28.85976031919867,27.896638718914144,28.57062530517578,488984000
2022-03-30,28.219672974520872,28.41110037401944,27.42105885059828,27.607501983642578,463487000
2022-03-31,27.69922874957192,28.163840001448694,27.188755016987574,27.2047061920166,523440000
2022-04-01,27.29343862106805,27.41407840137785,26.188740006342908,26.632413864135742,517235000
2022-04-04,26.648367352938315,27.475894378510496,26.533710211634048,27.278484344482422,397120000
2022-04-05,27.17280089255996,27.237607768198263,25.743073244909805,25.853742599487305,436615000
2022-04-06,24.859712215391237,25.224620987328382,23.931486259303167,24.33428192138672,703833000
2022-04-07,24.36818131196346,24.648344247170577,23.40805109513817,24.135875701904297,557992000
2022-04-08,23.845746142871228,23.85172878488728,22.99329382056796,23.05012321472168,524781000
2022-04-11,22.147817756385205,22.253500942815894,21.59546745592254,21.851701736450195,575207000
2022-04-12,22.46985514903304,22.65729475827579,21.218593162457935,21.439931869506836,662258000
2022-04-13,21.66326329916609,22.432962530129032,21.39107597210752,22.1368465423584,516943000
2022-04-14,22.437950489268136,22.70914138808518,21.099949624918715,21.194665908813477,569097000
2022-04-18,21.13684199953331,22.02219506677443,21.016202192088386,21.71810531616211,525701000
2022-04-19,21.655289899939216,22.306344324811956,21.250499340490578,22.131866455078125,512781000
2022-04-20,22.449913552276662,22.602457585796717,21.1368379554735,21.417997360229492,468974000
2022-04-21,21.6443221623934,22.325287868143974,19.940414139309308,20.12286949157715,656209000
2022-04-22,20.24251007228569,20.424965416989473,19.441902979823055,19.456857681274414,624713000
2022-04-25,19.14479141968029,19.885577840769354,19.039108228053102,19.84270668029785,641566000
2022-04-26,19.659254708106264,19.72904585331805,18.614376672651343,18.732025146484375,653143000
2022-04-27,18.542591397089467,19.109896444638807,18.235510346277362,18.360137939453125,499460000
2022-04-28,18.910490135420694,19.977303851455268,18.43491199008361,19.72306251525879,570327000
2022-04-29,19.344195296792407,20.06803212955995,18.46183178332937,18.491743087768555,500435000
2022-05-02,18.48575893149055,19.515680231778166,18.33620622488366,19.474803924560547,572049000
2022-05-03,19.342202225014407,19.76593718597662,19.075997486229383,19.54360008239746,475751000
2022-05-04,19.863641752299557,20.33921986356432,18.695132726502678,20.27341651916504,648855000
2022-05-05,19.807809899114023,19.86563575823811,18.444882087815973,18.787857055664062,626331000
2022-05-06,18.680180965141894,19.453868144607874,17.936403191321382,18.619361877441406,633297000
2022-05-09,17.980269856071814,18.200610175903677,16.776865264300895,16.899499893188477,644455000
2022-05-10,17.636295630660026,18.1437798648561,16.974274428777502,17.54257583618164,761474000
2022-05-11,17.29531869321598,17.70010924577166,16.518640215360524,16.580453872680664,670167000
2022-05-12,16.170675786077656,16.73798070919897,15.520618927510899,16.126806259155273,708728000
2022-05-13,16.737981755398717,17.874584618378165,16.54356304480127,17.65324592590332,670437000
2022-05-16,17.456833430342392,17.735001491928404,17.055034273977807,17.212562561035156,521446000
2022-05-17,18.020152825002086,18.316268876415904,17.581465054882198,18.122846603393555,585830000
2022-05-18,17.6522521071145,18.06402177879582,16.813758061200716,16.887537002563477,545161000
2022-05-19,16.886535872778936,17.63430122078651,16.68413969929211,17.072978973388672,621310000
2022-05-20,17.28036789084753,17.3581346428227,15.708065231534352,16.644268035888672,739105000
2022-05-23,16.2255129579709,16.864603890150594,16.130796688219526,16.847654342651367,639889000
2022-05-24,16.460807557170174,16.54754822824325,15.732982147525236,16.105867385864258,588550000
2022-05-25,15.972275924953209,17.060025375610792,15.952335049741066,16.92443084716797,781132000
2022-05-26,15.9882223241749,18.03809652185166,15.974264096032462,17.797815322875977,996575000
2022-05-27,18.13181926193302,18.82474834379244,18.046075040592772,18.75495719909668,738379000
2022-05-31,18.92345412649734,19.142799917232722,18.295331865905656,18.61637306213379,664100000
2022-06-01,18.668212704516566,18.996231017813137,18.06800517898297,18.26541519165039,544514000
2022-06-02,18.237500543404728,19.560546538437922,18.14378074438324,19.533626556396484,648656000
2022-06-03,19.025147490431646,19.274402636121195,18.466814594887644,18.66422462463379,598779000
2022-06-06,19.08197511741872,19.279385129007327,18.508687574396717,18.730026245117188,422406000
2022-06-07,18.416963933581936,18.94339066834296,18.133809698571795,18.869611740112305,388914000
2022-06-08,18.74695362356912,19.12689931949138,18.4836845843309,18.596372604370117,363252000
2022-06-09,18.429833350813585,18.880581583160353,17.991051027241866,17.998031616210938,395574000
2022-06-10,17.55127995237839,17.648011558115364,16.822302613289114,16.927013397216797,465248000
2022-06-13,15.955701045689514,16.266837489978222,15.562791854181512,15.603678703308105,604153000
2022-06-14,15.68744737975274,16.021519942748558,15.369330314017972,15.792157173156738,469680000
2022-06-15,16.050439932166825,16.821300578805904,15.881908139766276,16.481245040893555,563936000
2022-06-16,15.816089727372347,15.897863432906357,15.358360878066698,15.557806968688965,545749000
2022-06-17,15.604677679322638,15.950717118320277,15.285563915858456,15.83603572845459,630334000
2022-06-21,16.429386318006205,16.960909651002094,16.36157379723121,16.52013397216797,483089000
2022-06-22,16.18107512298737,16.615868797299967,16.135202954286214,16.31470489501953,437135000
2022-06-23,16.473265177528255,16.539082437023865,15.809109627633456,16.18008041381836,463680000
2022-06-24,16.45431467756385,17.092542032153197,16.264840218394806,17.078580856323242,472153000
2022-06-27,17.26407044859053,17.282020263994987,16.579968879448046,16.822296142578125,427968000
2022-06-28,16.85321143493184,17.154375384027293,15.90085545872729,15.937753677368164,461149000
2022-06-29,15.770217280899118,15.776200235548698,15.128000214513376,15.498970031738281,482352000
2022-06-30,15.318472470620367,15.523902477901675,14.820854376855518,15.117032051086426,686070000
2022-07-01,14.857751323588166,15.021296837715987,14.352155016267275,14.482791900634766,577610000
2022-07-05,14.135756008662238,14.92955177197515,14.01608834866183,14.922571182250977,651397000
2022-07-06,14.968444218161782,15.27658874989287,14.748055399282007,15.088111877441406,529066000
2022-07-07,15.41320992490336,15.900855482165372,15.346395028402622,15.814096450805664,492903000
2022-07-08,15.387279970974781,15.992599747893234,15.346393120597432,15.794150352478027,467972000
2022-07-11,15.483015309181383,15.484012943856513,14.996366451757986,15.110051155090332,437321000
2022-07-12,15.225729017833062,15.388277846313347,14.835811736826283,15.040244102478027,458483000
2022-07-13,14.549609414227557,15.332436079794695,14.424955462359307,15.12201976776123,521918000
2022-07-14,15.0661739121478,15.430163196087623,14.687225812732079,15.329442977905273,456235000
2022-07-15,15.615648276832916,15.73830694346338,15.40224003829484,15.718362808227539,385935000
2022-07-18,16.256868850127862,16.850220940420993,15.957700144549596,16.056425094604492,670517000
2022-07-19,16.440358091474902,17.062631077163257,16.127228231279975,16.944957733154297,702366000
2022-07-20,16.900082197018165,17.88335248572077,16.754486493931914,17.757699966430664,760538000
2022-07-21,17.835482614701714,18.093764403863,17.49642380939711,18.000024795532227,557049000
2022-07-22,17.843459684574043,17.91725420891557,17.089552288201755,17.27104949951172,536671000
2022-07-25,16.971878546789405,17.076589278551587,16.602904032037294,16.976865768432617,480748000
2022-07-26,16.84224178303558,16.872159411075533,16.43238035984879,16.487228393554688,397865000
2022-07-27,16.984842903526864,17.886341221329417,16.866172897497414,17.740745544433594,569776000
2022-07-28,17.925230147313716,18.089772296571798,17.39171163882311,17.9342041015625,474646000
2022-07-29,17.763681512135797,18.19348797443547,17.643016231379985,18.112712860107422,435460000
2022-08-01,18.13166037008038,18.79382347486427,17.940192505913,18.389944076538086,476469000
2022-08-02,18.07182959440469,18.885570510659182,18.041911963650172,18.47471046447754,489527000
2022-08-03,18.133657657387115,18.915487551007924,18.08678689420816,18.840694427490234,418146000
2022-08-04,18.796812618454407,19.22063513569803,18.708058337909296,19.16179847717285,409652000
2022-08-05,18.75792279078178,19.17576338661587,18.614322361680482,18.93642807006836,386068000
2022-08-08,17.45354724017541,18.18850639909418,17.194266811220928,17.74374008178711,981859000
2022-08-09,17.20423899397108,17.398698836090517,16.677700873007122,17.038698196411133,668263000
2022-08-10,17.64900236749365,18.067839657584745,17.269056663137828,18.046897888183594,597422000
2022-08-11,18.080800327074023,18.655205740612683,17.826505292941643,17.892322540283203,509327000
2022-08-12,18.109723796605994,18.66617953381499,17.903296146751718,18.657203674316406,478094000
2022-08-15,18.649224212452747,19.1109416861416,18.561468505502724,18.979307174682617,457666000
2022-08-16,18.867617579479603,19.08900306515244,18.449777011947884,18.826730728149414,451240000
2022-08-17,18.47171804037453,18.63626023321667,18.09476431039142,18.284236907958984,446799000
2022-08-18,18.250332132443727,18.812769810722802,18.13265879882492,18.721025466918945,415447000
2022-08-19,18.35504051013906,18.468725204485096,17.720801686073024,17.799583435058594,441588000
2022-08-22,17.441574209966397,17.509386725743322,16.919024871308032,16.98683738708496,409593000
2022-08-23,16.941964523094743,17.41664650068236,16.923016122259966,17.133432388305664,369986000
2022-08-24,16.964898742460186,17.35780889595624,16.848223999149923,17.174318313598633,522661000
2022-08-25,16.797364674114142,17.897311489093674,16.786395448843106,17.863405227661133,770691000
2022-08-26,17.807557483692953,17.874371409562567,16.192042139496785,16.21497917175293,769127000
2022-08-29,15.97564621280239,16.292764661951434,15.723346430004725,15.757251739501953,496132000
2022-08-30,15.915814125564097,15.994594931513266,15.139968172102677,15.425176620483398,530181000
2022-08-31,15.34140885146709,15.49697709866868,14.917585283969304,15.05221176147461,573710000
2022-09-01,14.169658975117944,14.340186004315418,13.233259619419709,13.898412704467773,1178865000
2022-09-02,14.060962564890257,14.131765139366534,13.553371026300562,13.609216690063477,743157000
2022-09-06,13.692986316954984,13.740853765969245,13.31403821501639,13.427722930908203,535751000
2022-09-07,13.529468012385438,13.803788702525829,13.313004492414725,13.680094718933105,512657000
2022-09-08,13.425726414837639,13.97336992015191,13.335949711141568,13.955413818359375,624873000
2022-09-09,14.121999969055892,14.438216654464224,14.091077423081934,14.351431846618652,486612000
2022-09-12,14.33347754387466,14.511036991860852,14.162899808803669,14.469141006469727,484159000
2022-09-13,13.767878093148786,13.887581309355834,13.06661601426547,13.098536491394043,714956000
2022-09-14,13.221233728873338,13.2571449823335,12.881077130493788,13.095545768737793,588507000
2022-09-15,12.982825342829914,13.200285874328177,12.758381195489553,12.897037506103516,523625000
2022-09-16,12.710499810260421,13.179338177876392,12.58580882588614,13.165372848510742,670751000
2022-09-19,12.979830907792524,13.429716127163072,12.97783599693244,13.348916053771973,569685000
2022-09-20,13.182330035591837,13.449667136036723,13.024720650726076,13.143425941467285,524818000
2022-09-21,13.18033355166007,13.996311035255735,13.077587561187178,13.228214263916016,807679000
2022-09-22,13.037687792673827,13.116492959222398,12.39727571074283,12.529946327209473,759162000
2022-09-23,12.389293550179527,12.579821317047688,12.226696435880543,12.485055923461914,663309000
2022-09-26,12.460120427776888,12.62770532564667,12.183804789833953,12.197770118713379,547343000
2022-09-27,12.476077368836638,12.70451127518139,12.227693405646438,12.382309913635254,553854000
2022-09-28,12.379319288548018,12.791298357950701,12.323457977799615,12.704513549804688,542414000
2022-09-29,12.417225794477423,12.469097284845578,11.916466992118151,12.189789772033691,532763000
2022-09-30,12.05711917470624,12.601769867420833,12.045148756633207,12.108990669250488,565638000
2022-10-03,12.316474670852143,12.64665666780186,12.075072388322885,12.481066703796387,547478000
2022-10-04,12.847159012438114,13.187316515119232,12.847159012438114,13.13444709777832,584182000
2022-10-05,12.879081259534201,13.288067492068219,12.589798244962582,13.17634391784668,507131000
2022-10-06,13.187316594180706,13.62223854641482,13.070605273695971,13.097538948059082,644157000
2022-10-07,12.474084749119333,12.638676791416017,11.992279039061453,12.04614543914795,672478000
2022-10-10,12.00724185114814,12.094026663340596,11.379797153136787,11.641149520874023,698699000
2022-10-11,11.532419021743818,11.816714298827332,11.255106408972765,11.557357788085938,667482000
2022-10-12,11.550374224944592,11.705987738753207,11.316952527256786,11.471569061279297,492590000
2022-10-13,10.943877022867374,12.048140628446744,10.786267640804748,11.930432319641113,850103000
2022-10-14,12.027192471424224,12.081058872016744,11.176301596444594,11.199244499206543,713432000
2022-10-17,11.489524053285416,11.9184612819513,11.488527073512962,11.858609199523926,580774000
2022-10-18,12.313483940586105,12.461117830022587,11.589278871439754,11.937416076660156,659362000
2022-10-19,11.84963214701234,12.319468398644798,11.804743321043421,12.021206855773926,523131000
2022-10-20,12.083052622860917,12.737430913529549,12.07507202855851,12.16385269165039,652398000
2022-10-21,12.068090417832614,12.467102092739703,11.85761257031653,12.4351806640625,609494000
2022-10-24,12.477076444546938,12.678576698624157,12.034173916407727,12.567851066589355,517457000
2022-10-25,12.662616631719668,13.267118353397784,12.632690116328606,13.228214263916016,505482000
2022-10-26,12.837188705277613,13.354904856958372,12.6765864406318,12.864121437072754,532953000
2022-10-27,13.596304034739564,13.803789999892798,13.08955953917814,13.143425941467285,583113000
2022-10-28,13.07160504486287,13.815761110569417,13.02871112658398,13.799799919128418,521040000
2022-10-31,13.743938035026355,13.803790122164811,13.264127212017728,13.463632583618164,486341000
2022-11-01,13.77685473939127,13.890573215216364,13.4855768377865,13.509517669677734,432817000
2022-11-02,13.815759886644688,14.174869538553562,13.17833970749939,13.186319351196289,672628000
2022-11-03,13.01075449802835,13.74692988442399,12.92396969143258,13.387819290161133,500065000
2022-11-04,13.951423355113537,14.1938226319805,13.663137321682004,14.121003150939941,612576000
2022-11-07,14.192826490611674,14.37637163738225,13.919504632950106,14.265645980834961,410061000
2022-11-08,14.764407269491864,14.854184915550686,14.180853521426073,14.565899848937988,595292000
2022-11-09,14.12698780032859,14.175867398651944,13.724984235954823,13.741942405700684,454414000
2022-11-10,14.76341034070044,15.734004379130576,14.51103557058689,15.711061477661133,700819000
2022-11-11,15.767918688568072,16.34847952206211,15.44372241385744,16.286632537841797,655487000
2022-11-14,16.17790566297231,16.49911010478808,15.882636965812782,16.254714965820312,527852000
2022-11-15,16.68066295893642,16.955979752198513,16.341503294428332,16.624801635742188,545876000
2022-11-16,16.122045274835585,16.32154969717503,15.833759225066268,15.870667457580566,649547000
2022-11-17,15.676150794914285,16.225789250714072,15.496595471995533,15.63824462890625,710894000
2022-11-18,15.926528055174298,15.962440257527843,15.082619839364542,15.370905876159668,492072000
2022-11-21,15.109554936611273,15.438739057119866,15.042720181282743,15.279134750366211,404739000
2022-11-22,15.290103580749188,16.018299245315394,15.0846125617215,15.998348236083984,472866000
2022-11-23,16.05819840801708,16.48613858825563,16.00832279053187,16.47815704345703,427241000
2022-11-25,16.277656134662113,16.446237020144476,16.132017196689414,16.229774475097656,167934000
2022-11-28,15.986378789361892,16.316561753105944,15.686124245692138,15.787871360778809,303741000
2022-11-29,15.787871978822768,15.89261289133373,15.481631739149844,15.600337028503418,298384000
2022-11-30,15.662196453752513,16.892463422668655,15.562418742832724,16.885478973388672,565298000
2022-12-01,16.961311508590725,17.22672059418411,16.598118225185257,17.097009658813477,470977000
2022-12-02,16.62207070441096,16.895463468352688,16.408544399522622,16.83858871459961,371389000
2022-12-05,16.64202269753776,16.95732209492753,16.435480895818028,16.57317543029785,352255000
2022-12-06,16.493351572776334,16.53625550550943,15.783927508680161,15.951555252075195,352694000
2022-12-07,15.737028239030783,16.15011076540868,15.632260566162017,16.084257125854492,372388000
2022-12-08,16.236922259213415,17.140913726572844,15.923617339692608,17.130935668945312,515456000
2022-12-09,17.121956228129644,17.544018774553155,16.93736690492108,16.963308334350586,465338000
2022-12-12,16.999225447921326,17.49911405996947,16.75975781514761,17.49612045288086,457328000
2022-12-13,18.48991676619764,18.7483433376604,17.671735017061216,18.03193473815918,656589000
2022-12-14,17.94711905663919,18.2115327974786,17.381376762267838,17.63481330871582,496888000
2022-12-15,17.107985485394817,17.281599496574888,16.662975165285864,16.91441535949707,478542000
2022-12-16,16.82661330300129,17.003220944622573,16.373619336340138,16.53426170349121,478232000
2022-12-19,16.53525606050728,16.572172773420323,16.109202785089362,16.217960357666016,354039000
2022-12-20,16.02838403707244,16.27383892516191,15.816855115740298,16.04933738708496,403260000
2022-12-21,16.078275356146534,16.590138515163844,16.066300925017234,16.46441650390625,325025000
2022-12-22,16.058317929250357,16.102221001275094,14.849005155476785,15.304991722106934,565045000
2022-12-23,15.162309883054668,15.304992495444772,14.850004092190744,15.172287940979004,349326000
2022-12-27,15.04058027199165,15.066522651056324,14.024836646016347,14.089693069458008,464902000
2022-12-28,13.896122364527548,14.23037967097622,13.85321747946532,14.004880905151367,351066000
2022-12-29,14.370070713593025,14.650446912717559,14.195458504097823,14.570624351501465,354923000
2022-12-30,14.30222215199044,14.596568233600799,14.201446229451317,14.581602096557617,310490000
2023-01-03,14.818074155568226,14.962753137456133,14.064747927725566,14.283262252807617,401277000
2023-01-04,14.534705251277302,14.820070487005857,14.209427782320121,14.716300964355469,431324000
2023-01-05,14.458875319901486,14.5317134417493,14.11663529978249,14.233376502990723,389168000
2023-01-06,14.441908902325604,14.976720759443683,14.002884868402322,14.826055526733398,405044000
2023-01-09,15.250112319426053,16.020399981796864,15.107428781304353,15.59334945678711,504231000
2023-01-10,15.472620524555069,15.926611700930899,15.437698272766157,15.873729705810547,384101000
2023-01-11,15.804882316459198,15.992465239813418,15.528496008879637,15.965524673461914,353285000
2023-01-12,16.06430389569738,16.600112025362304,15.45765118323187,16.47439193725586,551409000
2023-01-13,16.241910621869895,16.884483841910928,16.129162184625386,16.861534118652344,447287000
2023-01-17,16.861536645437063,17.688699300985697,16.861536645437063,17.662755966186523,511102000
2023-01-18,17.62783226446367,17.833374940410984,17.243685577032387,17.338476181030273,439624000
2023-01-19,16.9982261040619,17.158870328406007,16.693903966162893,16.727827072143555,452932000
2023-01-20,16.973282837444028,17.81641051877651,16.787696318202407,17.799448013305664,564967000
2023-01-23,18.0239511412495,19.202334514054723,17.77849813911899,19.150449752807617,655163000
2023-01-24,18.78526133289635,19.451781589199925,18.778276881927304,19.2222900390625,496204000
2023-01-25,18.87107002531869,19.327057588077132,18.538808102919397,19.280160903930664,449537000
2023-01-26,19.657322688857523,20.121291926493868,19.235260153653364,19.758098602294922,489535000
2023-01-27,19.418852978689333,20.582268342414245,19.36198013839365,20.31985092163086,542142000
2023-01-30,19.905771381530464,20.095348779096263,19.107543848870183,19.119518280029297,488611000
2023-01-31,19.127496001884925,19.64334989796367,18.907984475027433,19.493682861328125,498017000
2023-02-01,19.647346873400746,21.14501874822768,19.56752430206783,20.89657211303711,660477000
2023-02-02,20.953440010374486,21.90033534849852,20.654105914331332,21.66086769104004,564276000
2023-02-03,20.95344017438409,21.696789246514708,20.74290754825101,21.053218841552734,429366000
2023-02-06,20.759872338931974,21.522178471104034,20.739916222678673,21.042245864868164,452197000
2023-02-07,21.334595540764557,22.209652016752774,21.10310954039303,22.123842239379883,664150000
2023-02-08,22.33736696829217,22.827279543884256,21.959207503696422,22.155771255493164,559651000
2023-02-09,22.555880179506847,22.968961841072108,22.07095764976335,22.2874755859375,523876000
2023-02-10,21.641912436236254,22.02905079986804,20.76486152389426,21.217853546142578,550737000
2023-02-13,21.49024697725974,21.99911645552033,20.91552384659178,21.73969268798828,474919000
2023-02-14,21.530157577256894,22.997896827890425,21.318627718423105,22.92007064819336,675474000
2023-02-15,22.499006113761624,22.804327433692144,22.056989406086455,22.713529586791992,420575000
2023-02-16,22.08393046172455,22.500005788164945,21.878387788866807,21.953222274780273,412026000
2023-02-17,21.583045106514625,21.691802710091036,20.928499305845392,21.34058380126953,465888000
2023-02-21,20.953441579866375,21.44634583081081,20.5722885301492,20.609207153320312,410015000
2023-02-22,20.661088247534547,21.057207361992994,20.37572117670934,20.707983016967773,513184000
2023-02-23,23.388031723311734,23.83503841711281,22.97395090605858,23.611534118652344,1117995000
2023-02-24,23.173511315975173,23.421959839225643,22.89612775467356,23.234375,589716000
2023-02-27,23.61752427082776,23.8270577925176,23.40200353334105,23.448898315429688,452994000
2023-02-28,23.320182165733303,23.772178848920596,23.154549835484183,23.164527893066406,455963000
2023-03-01,23.140580708274207,23.204439895549427,22.45809718193452,22.647676467895508,460026000
2023-03-02,22.438146710867823,23.328167510652396,22.38226919901642,23.262313842773438,389415000
2023-03-03,23.268298244670323,23.8470122834048,23.07871895003249,23.837034225463867,412393000
2023-03-06,23.838034225602097,24.19424120106475,23.434928663312892,23.501781463623047,437429000
2023-03-07,23.551677824513874,24.07560247170694,23.193411743392723,23.24031639099121,515154000
2023-03-08,23.438903973884155,24.15044517574278,23.376033256322696,24.13148307800293,513573000
2023-03-09,24.12549713017086,24.403927067293445,23.335119057261018,23.388011932373047,501257000
2023-03-10,23.36106553205838,23.578619542231447,22.679463555166457,22.9179744720459,474866000
2023-03-13,22.705413316762304,23.250294843227117,22.25134506080111,22.918973922729492,421890000
2023-03-14,23.447890629973315,24.169409811888126,23.411963139447696,24.013729095458984,474910000
2023-03-15,23.712347660414334,24.23627231190452,23.312169659954225,24.17839241027832,524486000
2023-03-16,23.97780468614888,25.535607427755508,23.845075681386035,25.488704681396484,583253000
2023-03-17,25.92879693686172,26.344942862076078,25.615438834375922,25.67232322692871,848547000
2023-03-20,25.562547632598424,25.970710514368694,25.078540163743003,25.84696388244629,432747000
2023-03-21,26.12639693275394,26.337962757604163,25.329033093000934,26.145357131958008,547408000
2023-03-22,26.370891881444173,27.53250995771594,26.183277100976117,26.41380500793457,797295000
2023-03-23,27.05948178238723,27.442696318613994,26.635352731683053,27.135326385498047,564889000
2023-03-24,26.975653609349873,27.111374826778054,26.301037139360137,26.72416877746582,454920000
2023-03-27,26.782048221700336,26.944714568093122,26.311014571134052,26.476675033569336,361026000
2023-03-28,26.392847592513167,26.45871243560378,25.79706988863312,26.35592269897461,356104000
2023-03-29,26.770074250919894,27.02255456693602,26.542540461107045,26.928747177124023,393694000
2023-03-30,27.1732450978703,27.4426926938408,27.046504340175957,27.326929092407227,364516000
2023-03-31,27.08442846214019,27.777007695296096,27.049500279209546,27.720125198364258,433933000
2023-04-03,27.452673959085395,27.942667821784,27.280027855037655,27.907739639282227,398716000
2023-04-04,27.908737736009,27.94266851512213,27.25108667754047,27.396787643432617,368592000
2023-04-05,26.774068490200907,26.942721186079208,26.340957083573166,26.82596206665039,515015000
2023-04-06,26.529566401792227,27.02455108460632,26.372888285157632,26.981639862060547,397654000
2023-04-10,26.768077072918704,27.564443419953324,26.614393073942708,27.52252960205078,395279000
2023-04-11,27.667236759205327,27.73310161069259,27.070459671596023,27.113372802734375,314378000
2023-04-12,27.313958486817846,27.4117573972983,26.393845475280525,26.440750122070312,446259000
2023-04-13,26.67925655636213,26.831943139385213,26.275087085274208,26.408811569213867,353615000
2023-04-14,26.44973120006375,26.827954885781043,26.166312310977247,26.703210830688477,395660000
2023-04-17,26.510607005107396,26.950704014318593,26.378877313961777,26.946712493896484,321471000
2023-04-18,27.476625156577658,28.05244337278638,27.30098493529646,27.610349655151367,604812000
2023-04-19,27.304975350464428,27.94266686552096,27.176239781728775,27.873807907104492,358660000
2023-04-20,27.614340416338198,27.972606485594795,26.944714827313312,27.04850196838379,427713000
2023-04-21,26.896811075410813,27.12733896388513,26.667282494525807,27.06346893310547,345103000
2023-04-24,26.957689535565127,27.309965480209698,26.61638884445198,26.986629486083984,339282000
2023-04-25,27.02255136042849,27.19120592261038,26.1712993166917,26.187265396118164,378527000
2023-04-26,26.946707940661295,27.27403540128356,26.650315233944067,26.900800704956055,406337000
2023-04-27,27.306974277389113,27.438703972842852,26.57048448729234,27.17025375366211,377161000
2023-04-28,27.1692571711631,27.70116489389645,27.015571252856407,27.692184448242188,292216000
2023-05-01,27.782996461743867,28.99850296142685,27.723119847489293,28.850805282592773,570329000
2023-05-02,28.621275795478528,28.776956510510566,28.025498077141993,28.152236938476562,402730000
2023-05-03,27.782995617159955,28.30891697061435,27.415749094927655,27.745073318481445,383387000
2023-05-04,27.594380294690612,27.801954572191782,27.184222567509938,27.505563735961914,321850000
2023-05-05,27.76902351276572,28.696120235561477,27.67421872062941,28.621274948120117,361494000
2023-05-08,28.46359870886539,29.16016946274796,28.291951910306917,29.091310501098633,344979000
2023-05-09,28.839830211659567,28.91367810469715,28.391750121433198,28.512500762939453,314869000
2023-05-10,28.945606561729885,29.053387119106517,28.402721772055823,28.82585334777832,369350000
2023-05-11,28.836833229798795,28.89072351358173,28.18816453314951,28.51948356628418,322149000
2023-05-12,28.470583157825374,28.72107056378974,27.988572349830026,28.281970977783203,274222000
2023-05-15,28.449626392092515,28.90968288930767,28.09435634331566,28.893714904785156,293926000
2023-05-16,28.781944947212995,29.808839206478215,28.77296450239682,29.153182983398438,449405000
2023-05-17,29.523423532319487,30.137164031905737,29.369739532230806,30.116207122802734,432535000
2023-05-18,30.34773846485158,31.762834523113288,30.257922578424783,31.613142013549805,748725000
2023-05-19,31.471427932457345,31.515338464823536,30.85269847604877,31.19998550415039,473908000
2023-05-22,30.837727010931786,31.455460948812917,30.617180758045432,31.112165451049805,372000000
2023-05-23,30.936525465603022,31.223935873295638,30.568281535055462,30.625164031982422,356253000
2023-05-24,30.14814207840876,30.544330458079507,29.744969965607368,30.47547149658203,721419000
2023-05-25,38.4441283049537,39.399169710914755,36.55999323619556,37.90224075317383,1543911000
2023-05-26,37.8124117084939,39.08978942316248,37.47310777717433,38.866249084472656,714397000
2023-05-30,40.51187589734803,41.852124379037896,39.86719878603495,40.028865814208984,923401000
2023-05-31,39.40714734389047,40.212494220771234,37.7445581109248,37.756534576416016,1002580000
2023-06-01,38.41018533563602,39.967989732477896,38.261492175606385,39.68856430053711,635873000
2023-06-02,40.014895164925456,40.4170698367897,38.97802122010776,39.2464714050293,482731000
2023-06-05,38.82932905392205,39.48398404045427,38.627743010740026,39.09079360961914,396094000
2023-06-06,38.75049794421731,39.07982029424169,38.06989131464503,38.57485580444336,388729000
2023-06-07,38.839340474852015,39.42220466810125,37.283369639735355,37.402137756347656,511998000
2023-06-08,37.650652361661095,38.78843525380602,37.43208020342754,38.435123443603516,417772000
2023-06-09,38.96110506142162,39.63379449273271,38.4920213997438,38.69462585449219,427717000
2023-06-12,39.12378588583667,39.453142301230535,38.542916712430916,39.405235290527344,388701000
2023-06-13,40.10786106340082,41.021082803319786,39.66272914194445,40.94223403930664,613208000
2023-06-14,40.74463080916541,42.916398894689806,40.47315646710425,42.91340637207031,740465000
2023-06-15,42.51916501978675,43.204829477576595,42.06504790325617,42.570064544677734,568622000
2023-06-16,43.3655191410193,43.63599213320871,42.5780517641451,42.60899353027344,655709000
2023-06-20,42.91439764756023,43.90446942443079,42.59102630942327,43.72282028198242,451153000
2023-06-21,43.416422222584046,43.53020280046162,41.998187390967416,42.961307525634766,551603000
2023-06-22,42.170846843287116,43.341566542076215,42.15188658669768,42.941349029541016,417737000
2023-06-23,42.38143932936339,42.725765968157205,41.9333109957247,42.12693405151367,358140000
2023-06-26,42.37844394803587,42.68085624285854,40.02203424973249,40.553001403808594,594322000
2023-06-27,40.71968036738126,41.85846093359961,40.369364835566834,41.794586181640625,462175000
2023-06-28,40.58094379252524,41.76364114383004,40.43922159164072,41.03705596923828,582639000
2023-06-29,41.47719520674288,41.51911336113598,40.521057714884826,40.74262619018555,380514000
2023-06-30,41.59896849845373,42.46727602955201,41.420315646901514,42.219757080078125,501148000
2023-07-03,42.434329951938,42.814589668673115,42.11994379587202,42.33053207397461,198209000
2023-07-05,42.05307299440359,43.09304679541421,42.003170973529485,42.23472213745117,323618000
2023-07-06,41.76264195382368,42.09698967937306,41.2656091487607,42.02113723754883,303582000
2023-07-07,42.239712723775206,43.129980526432945,42.097990517388034,42.42036056518555,355881000
2023-07-10,42.57406572515449,42.727765640952,41.568022298100566,42.097991943359375,353908000
2023-07-11,42.39839653240351,42.67485834432988,41.985203882736315,42.32254409790039,298244000
2023-07-12,42.94932537767914,43.84957190915323,42.693822639384614,43.81663513183594,481277000
2023-07-13,44.43144469055369,46.06525908080091,44.405494267990946,45.88760757446289,478204000
2023-07-14,46.492428621249765,47.99450350820883,44.972390985691305,45.38059616088867,772075000
2023-07-17,46.19899623861634,46.40559066754623,45.17399273078662,46.37065887451172,510488000
2023-07-18,46.61019966194242,47.8028759240553,45.645080740043866,47.40165710449219,569164000
2023-07-19,47.37171842574284,47.72503024968798,46.65112205838491,46.985469818115234,427502000
2023-07-20,46.41657614955658,46.99545027981004,44.974385975713794,45.431495666503906,537865000
2023-07-21,45.69896747652268,45.776818736395064,44.01424991772626,44.222843170166016,963769000
2023-07-24,44.644025212328465,45.02129240158318,43.95437069346409,44.5252571105957,382516000
2023-07-25,44.85361925028961,46.09320109466631,44.83565269586211,45.59018325805664,348081000
2023-07-26,45.93152233751283,45.96346161310325,44.54322798421179,45.36362838745117,364237000
2023-07-27,46.42855262404122,47.30284884094631,45.66104681024001,45.81075668334961,455976000
2023-07-28,46.57726971218911,46.935572920024725,46.29082893180962,46.65911102294922,331194000
2023-07-31,46.66309454574556,47.03836291442901,46.41557565297474,46.63814163208008,251055000
2023-08-01,46.36966307349115,46.808809981833214,45.9375063312931,46.41657257080078,237858000
2023-08-02,45.74188936339505,45.750870737209425,43.302641133046315,44.182926177978516,530142000
2023-08-03,43.71483776411609,45.03027593449394,43.71483776411609,44.42844772338867,324176000
2023-08-04,44.89752781065401,45.553247967126836,44.30667989183209,44.59312057495117,362666000
2023-08-07,45.02329618186399,45.45146298171195,44.47636125716046,45.32870101928711,322154000
2023-08-08,44.765791580742274,45.154035175235585,43.97034032891443,44.5771598815918,353843000
2023-08-09,44.18791316298273,44.2258412871121,42.05207472701769,42.47126007080078,586449000
2023-08-10,42.07802662294512,43.489278793199354,41.75365777083557,42.30558395385742,492705000
2023-08-11,41.669820039034846,41.93630299373014,40.55998266636193,40.77556228637695,533085000
2023-08-14,40.40728424676243,43.714840105511556,40.23262525589616,43.667930603027344,690286000
2023-08-15,44.47335805342104,45.17998158741425,43.62500852532823,43.85456085205078,676512000
2023-08-16,44.43343721611258,44.588134620821634,43.321601018047524,43.40144729614258,527451000
2023-08-17,43.884505920253574,43.97632609118521,42.91738827793847,43.25972366333008,452395000
2023-08-18,42.55210279035976,43.4932701006516,41.57900001272248,43.214813232421875,583768000
2023-08-21,44.40749503476182,46.97349568922654,44.13602449197177,46.87568664550781,692573000
2023-08-22,48.041406896438666,48.09330773941367,45.24485683130546,45.57920455932617,755293000
2023-08-23,45.77682532419549,47.108231304990525,45.120103708429646,47.02439498901367,779046000
2023-08-24,50.11836604551162,50.16826807045973,47.06731047667301,47.0713005065918,1156044000
2023-08-25,46.92059855717943,47.71205604609622,44.93646092899701,45.928531646728516,925341000
2023-08-28,46.39162792536596,46.88866080793937,44.80072902830529,46.74394226074219,685192000
2023-08-29,46.57526966972096,48.9855752028849,46.30080281747559,48.689151763916016,701397000
2023-08-30,48.94864322959215,49.82992584763343,48.33084725951484,49.168216705322266,735206000
2023-08-31,49.28399374905417,49.64728445636799,48.86281334141854,49.25904083251953,528570000
2023-09-01,49.66524637506185,49.7031706927899,48.0483934780796,48.41468048095703,463830000
2023-09-05,48.1292368066892,48.75601791251672,47.76694364415611,48.45360565185547,382653000
2023-09-06,48.35079314460042,48.4585899209421,46.49325871140174,46.97336196899414,468670000
2023-09-07,45.44023319735737,46.257708449088824,45.067926633125616,46.15489959716797,433330000
2023-09-08,45.856458279277405,46.519219579428515,45.186706235848995,45.487144470214844,473069000
2023-09-11,46.06207096484273,46.0770424255395,44.22949106974816,45.09387969970703,473966000
2023-09-12,44.654695251427476,45.58795561962286,44.44807996157311,44.78644943237305,349256000
2023-09-13,44.516948715229006,45.844473946840324,44.420129217307256,45.40030288696289,398355000
2023-09-14,45.86444047531069,45.90137033130358,45.04696523433204,45.49612808227539,370097000
2023-09-15,45.256567267439614,45.514086250608685,43.7264210191702,43.81825256347656,506831000
2023-09-18,42.668401863830084,44.15961943213608,41.92179358623107,43.884132385253906,500271000
2023-09-19,43.751381753727316,43.88413352477652,42.92192782259573,43.43896484375,373064000
2023-09-20,43.518804910804434,43.821242053958755,42.144370308781234,42.16033935546875,367108000
2023-09-21,41.50556449339025,42.02160003234205,40.90368675780257,40.940616607666016,450736000
2023-09-22,41.494589042058344,42.0365810200349,41.154224400495224,41.53252029418945,479236000
2023-09-25,41.51355366859355,42.4567936946112,41.1003231092512,42.14337921142578,419091000
2023-09-26,41.92278696484624,42.74026210135053,41.577430601284675,41.83295440673828,402282000
2023-09-27,42.251172512537835,42.792162986782856,41.55147774107708,42.388912200927734,444935000
2023-09-28,42.380939557902295,43.3651037098535,42.03658452900842,43.00876998901367,424663000
2023-09-29,43.74539144535937,44.061802514667,43.226359256277895,43.41800308227539,397830000
2023-10-02,43.948009813372195,45.09087814744479,43.77932579033049,44.698612213134766,433298000
2023-10-03,44.72456684968937,45.04596969701848,43.16547499563003,43.435970306396484,470850000
2023-10-04,43.660548982906214,44.06080325905543,43.21138616245394,43.95899200439453,361821000
2023-10-05,43.967973455641534,44.816392949836604,43.80627636575413,44.60478591918945,393483000
2023-10-06,44.11070601288464,45.70373466330227,43.944017177662325,45.67678451538086,434436000
2023-10-09,44.75849682767498,45.52007649973999,44.28538045832398,45.18869400024414,409675000
2023-10-10,45.22563248789511,46.17286291728584,45.00404573819931,45.71272277832031,368582000
2023-10-11,46.109976834306515,46.77174426177856,45.96424879463127,46.718841552734375,378137000
2023-10-12,46.68989946190785,47.52035097000379,46.243733198035265,46.85758590698242,481325000
2023-10-13,46.87255982126832,47.02827139098628,45.19568766753486,45.37635040283203,474115000
2023-10-16,44.97908693457242,46.13892190023753,44.82836714020883,46.0091667175293,375099000
2023-10-17,43.91806310129906,44.67066061522734,42.40089319179751,43.856178283691406,812333000
2023-10-18,42.51168892025405,43.13852165493323,41.74711648202066,42.11742401123047,627294000
2023-10-19,42.73127514039802,43.21637013763325,41.80400433721839,42.02259826660156,501233000
2023-10-20,41.81199826924351,42.39092011000652,41.00150997673177,41.3099365234375,477266000
2023-10-23,41.15222663549808,43.16746801501632,40.86875508234883,42.89497375488281,478530000
2023-10-24,42.99678817947999,43.615632642963874,42.61150915403504,43.581695556640625,401463000
2023-10-25,43.31718712471628,43.56872058494652,41.477620479123594,41.701202392578125,398379000
2023-10-26,41.775064849583806,42.17731428874224,39.80573926150373,40.25090789794922,541001000
2023-10-27,41.053411354619094,41.1292700454015,39.94048596248548,40.424583435058594,416784000
2023-10-30,41.010490884180456,41.688223517144955,40.40561655584123,41.0843505859375,388028000
2023-10-31,40.37467609597359,40.80287807912132,39.15694672159714,40.70405960083008,517969000
2023-11-01,40.80786677095721,42.30208077870125,40.79289531240805,42.246185302734375,437593000
2023-11-02,43.247317846401735,43.802282272530825,42.814127888386025,43.42498779296875,409172000
2023-11-03,43.93802957100558,45.22462694220357,43.64158173973637,44.92119598388672,424610000
2023-11-06,45.20067395834923,45.849465106470674,44.815391150878824,45.66580581665039,400733000
2023-11-07,45.63387372397261,46.13194133469671,45.07391747451028,45.86943435668945,343165000
2023-11-08,46.014157765591044,46.77973167159943,45.882403587242706,46.48727798461914,346719000
2023-11-09,47.37861498022088,48.14019475321026,46.662950986381574,46.862579345703125,540496000
2023-11-10,47.41155087354873,48.38174104695151,47.194955890683396,48.2449951171875,421245000
2023-11-13,48.23002031531456,49.02453947075824,48.009431181663935,48.52946090698242,384136000
2023-11-14,49.58748734734276,49.74119990193618,48.94867974988804,49.56352996826172,416954000
2023-11-15,49.84202561896839,49.866976786022875,48.11025546793517,48.796974182128906,475497000
2023-11-16,48.588356005845505,49.432781344923285,48.240006851203624,49.38786315917969,339756000
2023-11-17,49.43178439121729,49.62442581647781,48.9157487529458,49.206207275390625,325205000
2023-11-20,49.22017851068948,50.453877068941594,49.08942192234672,50.31513595581055,414120000
2023-11-21,50.03265822480747,50.42292897370047,49.130342262240724,49.85099792480469,565747000
2023-11-22,49.7591723537565,50.2412708632355,47.6011956303171,48.62528610229492,899420000
2023-11-24,48.37974638442562,48.829906801279186,47.656094105123046,47.68703842163086,294645000
2023-11-27,47.7109937696309,48.43963402417859,47.56327053938668,48.15217208862305,395662000
2023-11-28,48.146180818273855,48.233020614585215,47.38460109717888,47.73195266723633,401491000
2023-11-29,48.28890733267778,48.671193508302416,47.77087284046895,48.050350189208984,382005000
2023-11-30,47.934573676190574,48.02041588268528,46.335559349897565,46.68291091918945,526247000
2023-12-01,46.43837031596677,47.11211268040661,46.10099843511436,46.677921295166016,369317000
2023-12-04,45.99120035967438,45.99120035967438,44.926185864436995,45.425254821777344,437543000
2023-12-05,45.385328820380614,46.51731562556562,45.19067511548695,46.48337936401367,371718000
2023-12-06,47.13122044302318,47.302916124514056,45.33141833887503,45.42225646972656,380590000
2023-12-07,45.618910872891085,46.54626331215597,45.52308054469381,46.51332092285156,350823000
2023-12-08,46.512331790887266,47.656298452065116,46.467409650322935,47.421714782714844,359224000
2023-12-11,47.40674269328456,47.44666883134117,45.748690336704186,46.544273376464844,509728000
2023-12-12,45.96429583879964,47.58142018932319,45.96429583879964,47.57243728637695,372387000
2023-12-13,47.544485137739954,48.50777292153931,47.52352249310834,48.00267028808594,447792000
2023-12-14,48.30413968812158,48.58364165791398,47.337858729747325,48.26420974731445,391232000
2023-12-15,48.10849647020796,49.31634882505342,48.03462644797662,48.803260803222656,479948000
2023-12-18,49.31235079913167,50.34351507731144,49.062794375670336,49.9881477355957,412587000
2023-12-19,49.33631026761439,49.61182155510038,48.80824950521898,49.5159912109375,464444000
2023-12-20,49.566901778685114,49.910293226987015,48.01266497196942,48.02564239501953,397894000
2023-12-21,48.724392927903814,49.007889407965415,48.333086371904265,48.903076171875,300425000
2023-12-22,49.10770498591239,49.29537111268927,48.380996155276534,48.74335479736328,252507000
2023-12-26,48.881117433977685,49.51199608268566,48.87313220671744,49.191566467285156,244200000
2023-12-27,49.42315016052461,49.591849010515,48.99790354922427,49.329315185546875,233648000
2023-12-28,49.55491912329638,49.79548883206165,49.324326187941345,49.43413162231445,246587000
2023-12-29,49.72461566156116,49.90829110638661,48.664499712290464,49.43413162231445,389293000
2024-01-02,49.1566219566508,49.20753015338818,47.51054964423797,48.0825309753418,411254000
2024-01-03,47.40074947125083,48.09850675959303,47.23604131164446,47.48460006713867,320896000
2024-01-04,47.68224124777032,48.413942329548256,47.42370194062123,47.91283416748047,306535000
2024-01-05,48.37601604637922,49.459090025386296,48.22029079492016,49.0098876953125,415039000
2024-01-08,49.424151981929796,52.18225008334284,49.39120958940494,52.16028594970703,642510000
2024-01-09,52.30802433098523,54.22861030764682,51.59828353362604,53.045711517333984,773100000
2024-01-10,53.520864182248445,54.503115509217274,53.39408682149584,54.25355911254883,533796000
2024-01-11,54.9014155282273,55.247799966123495,53.46496957614301,54.724727630615234,596759000
2024-01-12,54.523086018906326,54.87246729450568,54.23360346337735,54.6129264831543,352994000
2024-01-16,54.92038130782368,56.73415487746208,54.80259064863885,56.281959533691406,449580000
2024-01-17,56.24702168282456,56.37080221365978,54.642874592370525,55.95354461669922,474394000
2024-01-18,57.15840468720761,57.49780159403606,56.00745052096862,57.00567626953125,491650000
2024-01-19,57.88610696898355,59.394427545023596,57.12346261571884,59.38544464111328,543501000
2024-01-22,59.942452516713104,60.223953645882176,58.96518950299891,59.548152923583984,452955000
2024-01-23,59.464301820428496,59.803698694627826,58.48104894335419,59.76676559448242,294654000
2024-01-24,60.19700279855746,62.73748534909312,59.831651069260054,61.25312423706055,560271000
2024-01-25,62.23936094624293,62.60770946085129,60.742022635030075,61.50766372680664,482777000
2024-01-26,60.85184105783135,61.67338271174931,60.46553046315559,60.92271423339844,390309000
2024-01-29,61.12335395532468,62.37812361839996,60.79893365210522,62.35416793823242,348733000
2024-01-30,62.78839260190601,63.38033889790534,62.14952501071203,62.66261291503906,410735000
2024-01-31,61.33098779929159,62.15851930991276,60.592302887690344,61.4178352355957,453795000
2024-02-01,61.98981538927627,63.07888305643791,61.54061686379006,62.9151725769043,369146000
2024-02-02,63.8604917267368,66.48183193924027,63.57699522405565,66.04261779785156,476578000
2024-02-05,68.10394628020288,69.37369252800232,67.08575942583846,69.208984375,680078000
2024-02-06,69.50645284574946,69.630233381063,66.18236704818828,68.1019515991211,683111000
2024-02-07,68.19778404882926,70.09541214076467,67.48005798042527,69.97462463378906,495575000
2024-02-08,69.94966354395652,70.66838724943909,69.33176617612584,69.5174331665039,414422000
2024-02-09,70.40786033375117,72.0569298484953,70.08743069197543,72.0050277709961,436637000
2024-02-12,72.47117717433613,74.4786104438433,71.12357413495056,72.11980438232422,613710000
2024-02-13,70.2750920169868,73.31967588505927,69.49647717607553,72.0000228881836,602580000
2024-02-14,73.0721307009838,74.10429279758857,71.81037331243682,73.76889038085938,504917000
2024-02-15,73.73794078168315,73.84374789733648,72.27154539670707,72.52908325195312,420122000
2024-02-16,73.96851471281462,74.2699807907232,72.37235296886776,72.4841537475586,495327000
2024-02-20,71.81934169951924,71.82832841143384,67.61381946264177,69.32877349853516,704833000
2024-02-21,67.88533642606332,68.76577530674938,66.13045996080022,67.35228729248047,673755000
2024-02-22,74.89189108055353,78.43558804957509,74.08831901858908,78.3986587524414,865100000
2024-02-23,80.64666119604064,82.24781162101127,77.43237298519631,78.67716217041016,829388000
2024-02-26,79.5585907729136,80.50291911362528,78.36571128314377,78.95167541503906,503973000
2024-02-27,79.24015705268404,79.338988045559,77.02509990421383,78.56136322021484,391705000
2024-02-28,77.48227691873889,78.7929431019633,76.98815248522881,77.52519989013672,393110000
2024-02-29,78.95366810218512,79.84807446200602,78.2109848648127,78.97163391113281,507289000
2024-03-01,79.85804776923267,82.15396968894088,79.29404786978826,82.13300323486328,479135000
2024-03-04,83.98073146925641,87.5394087840452,83.5704651854909,85.08576965332031,615616000
2024-03-05,85.12269695886387,85.94827183043155,83.27290109267872,85.81549835205078,520639000
2024-03-06,87.8699456446009,89.56900130568565,86.87965493223747,88.54676818847656,582520000
2024-03-07,90.00225477502153,92.60674904676837,89.44721547430589,92.50891876220703,608119000
2024-03-08,94.97363874493585,97.23173191783087,86.35654773150235,87.37678527832031,1142269000
2024-03-11,86.27969890435133,88.6436045203793,84.0206076407832,85.6258316040039,678364000
2024-03-12,87.89689583589372,91.80113493638854,86.0011743538899,91.75421905517578,668075000
2024-03-13,90.89770650975179,91.34592838246506,88.28222971094472,90.73099517822266,635713000
2024-03-14,89.42226608746894,90.48941971581641,86.4504036300163,87.79208374023438,602318000
2024-03-15,86.77984124405515,89.39131979974543,86.10800722766477,87.68527221679688,642086000
2024-03-18,90.23185202169164,92.24536587684682,86.9345566695886,88.30219268798828,668976000
2024-03-19,86.5502309225731,90.38759254394184,84.86315541638959,89.24357604980469,672171000
2024-03-20,89.6418701073994,90.25381771221527,88.07059173697641,90.21588134765625,479063000
2024-03-21,92.14054202127372,92.4879403765992,90.24881163098036,91.27703094482422,480372000
2024-03-22,90.9835495525749,94.61426754269417,90.67708069798141,94.12611389160156,586719000
2024-03-25,93.77872640232121,96.59884339661212,93.3484711637127,94.837890625,552136000
2024-03-26,95.68541767838448,96.20851455285562,92.34220396856466,92.4011001586914,513648000
2024-03-27,92.95114873658731,93.0789259717654,88.96904130951937,90.0940933227539,586067000
2024-03-28,89.8445328106342,91.14229021994063,89.03892762518525,90.19992065429688,435212000
2024-04-01,90.14301673764523,92.06568455405531,89.0499070749777,90.20690155029297,452441000
2024-04-02,88.295199136712,89.93835929549583,87.46863424504667,89.29747009277344,433064000
2024-04-03,88.33114383542578,90.21787822523544,88.24728931215489,88.81031036376953,370067000
2024-04-04,90.24982348069041,90.47743406262694,85.73164109008061,85.75659942626953,434965000
2024-04-05,86.71593161708087,88.32814710111496,85.77756069682601,87.85596466064453,399678000
2024-04-08,88.546769676755,88.67654997902457,86.58217465386001,86.98248291015625,283220000
2024-04-09,87.29093308519522,87.48360044285332,82.87857107978263,85.20653533935547,501700000
2024-04-10,83.78102746556362,87.24902545092569,83.56439945092491,86.8886489868164,431929000
2024-04-11,87.26898672835297,90.58225365038547,86.77584440203218,90.45946502685547,431637000
2024-04-12,89.54403223705786,90.01921543730927,87.37878071175011,88.03364562988281,426805000
2024-04-15,88.94407438415881,90.45645646962656,85.78055040974887,85.85242462158203,443077000
2024-04-16,86.28368645109244,87.965773191981,85.91532822119116,87.26399230957031,370453000
2024-04-17,88.18738725935935,88.62164096734257,83.80497167986917,83.88983154296875,495400000
2024-04-18,84.82321393436638,86.0411075798554,82.25964941091485,84.52472686767578,447260000
2024-04-19,83.00637428065669,84.17834237736079,75.47540651529913,76.06837463378906,875198000
2024-04-22,77.9690792079323,79.93467971860302,76.26802794241385,79.3806381225586,596341000
2024-04-23,80.62945964317713,82.6260044176808,80.12533482945194,82.28060150146484,438559000
2024-04-24,83.80496541021976,83.93674114541149,79.04620255838257,79.53935241699219,512208000
2024-04-25,78.73175981196158,83.17906608261447,78.08787733468318,82.48926544189453,424641000
2024-04-26,83.67321658546781,88.17842147858853,83.2429613231266,87.58345031738281,551011000
2024-04-29,87.44368500312586,87.8399947565515,85.11870586410434,87.60540771484375,388971000
2024-04-30,87.08928872900789,88.66556334587189,86.15091777999787,86.25273895263672,363709000
2024-05-01,84.93002290842145,85.85142484392729,81.11461964994571,82.89753723144531,559863000
2024-05-02,84.30311392551386,86.08802721004574,83.05627099401435,85.66875457763672,377898000
2024-05-03,87.63734759857738,89.12676696706856,86.88964093377092,88.6356201171875,398341000
2024-05-06,89.23558536447402,92.06069859527176,88.90116496394158,91.9808349609375,376203000
2024-05-07,90.94063437830519,91.62245320483287,88.8572415302883,90.39757537841797,437342000
2024-05-08,89.32841761603471,91.03646035901207,89.26552291616532,90.25581359863281,325721000
2024-05-09,90.37260819958134,90.91466942223298,88.07858152551931,88.59368896484375,378013000
2024-05-10,90.14899684375659,91.24310415488777,89.07285618291228,89.72273254394531,335325000
2024-05-13,90.32170192056742,90.84080791917694,88.37607119051684,90.24284362792969,289680000
2024-05-14,89.44421267221655,91.49266969851776,88.78036057605543,91.19818115234375,296507000
2024-05-15,92.31225306463462,94.69812368698847,91.44076009123388,94.46652221679688,417735000
2024-05-16,94.74604980958085,95.65347613046144,93.94043705092355,94.19599914550781,323952000
2024-05-17,94.20598653059943,94.57634022771545,91.64741042469609,92.31924438476562,359691000
2024-05-20,93.58804490846175,95.03553695656012,93.27858287715311,94.61626434326172,318764000
2024-05-21,93.43730641374981,95.23519767784772,93.01903151729087,95.22122192382812,328946000
2024-05-22,95.29408831779949,95.85411617010452,93.0879071432018,94.78596496582031,548648000
2024-05-23,101.85175314144693,106.1363388077003,101.34462744914427,103.61969757080078,835065000
2024-05-24,104.2685576920773,106.29105867121642,102.82206339543845,106.28507232666016,429494000
2024-05-28,110.0535586136133,114.74044777454472,109.69318217417998,113.70423889160156,652728000
2024-05-29,112.85471267036033,115.29248791517858,110.70942292973874,114.62664031982422,557442000
2024-05-30,114.45193707992216,115.61891628592592,109.47355289556607,110.3091049194336,484553000
2024-05-31,112.3256250740568,112.52229098316289,106.75526997887016,109.44361877441406,613263000
2024-06-03,113.42473014133537,114.80134582519531,111.80952128063097,114.80134582519531,438392000
2024-06-04,115.51610755402032,116.39857553569502,113.8479889155611,116.23585510253906,403324000
2024-06-05,118.16651413530396,122.2374646244509,117.26507420610801,122.22848510742188,528402000
2024-06-06,123.83370517037008,125.3700480295792,118.11560338652608,120.78897857666016,664696000
2024-06-07,119.56310374577737,121.48178833918006,117.81812979264019,120.6791763305664,412386000
2024-06-10,120.16206756268633,122.88734731323206,116.80787124184927,121.5796127319336,313434100
2024-06-11,121.56962216023484,122.66781818606155,118.54460929253459,120.71104431152344,222551200
2024-06-12,122.85750238613136,126.6712162731191,122.36831081363356,124.99398040771484,299595000
2024-06-13,129.177104537848,129.58643359087407,126.95077798576432,129.39674377441406,260704500
2024-06-14,129.7461556011969,132.62140615970972,128.10885485479358,131.66299438476562,309320400
2024-06-17,132.77118307637525,133.5099557271365,129.3667902512595,130.7644805908203,288504400
2024-06-18,130.92420671975586,136.10566894087242,130.47495024767164,135.35690307617188,294335100
2024-06-20,139.56996619369176,140.52837801062054,129.30688285479897,130.56480407714844,517768400
2024-06-21,126.91083052082259,130.4150570517715,124.09547105255645,126.36173248291016,649445800
2024-06-24,123.03720520530106,124.25519890170064,117.84576490444155,117.9156494140625,476060900
2024-06-25,121.00055473590018,126.29183629953359,119.12365113611966,125.88250732421875,414192600
2024-06-26,125.92244899462368,127.90917229563556,122.39825886605338,126.19200897216797,362975900
2024-06-27,123.89579983596734,126.20200405764365,122.71774114608809,123.78598022460938,252571700
2024-06-28,124.37501298465715,127.49986001719877,122.54802231076043,123.33672332763672,315516700
2024-07-01,123.26683055595603,124.63457133754859,118.63446631453066,124.09546661376953,284885500
2024-07-02,120.93067286767031,123.20692743216773,120.8308389451457,122.4681396484375,218374000
2024-07-03,121.45982152361671,128.0689239501953,121.16031210370706,128.0689239501953,215749000
2024-07-05,127.17039258704797,128.63798252741702,125.47319299554034,125.6229476928711,214176700
2024-07-08,127.28020581947078,130.55481479101948,126.83094936680692,127.9890365600586,237677300
2024-07-09,130.1355144487565,133.59980576329167,128.43829962119838,131.163818359375,285366600
2024-07-10,133.8094467425138,134.87769332438475,132.20209545632153,134.68800354003906,248978600
2024-07-11,135.52663558437,135.9259713268732,126.84095369862746,127.19037628173828,374782700
2024-07-12,128.04894535138322,131.70292655352904,127.01066335258953,129.02734375,252680500
2024-07-15,130.3451595951711,131.1737956487568,126.97072416574117,128.22865295410156,208326200
2024-07-16,128.22864817880884,128.82765170945768,124.37499938694933,126.15206909179688,214769500
2024-07-17,121.15031675281162,121.64949400158038,116.52793817127537,117.79584503173828,390086200
2024-07-18,121.64949097287113,122.19858897958201,116.36819489836525,120.89073944091797,320979500
2024-07-19,120.15196272062997,121.39990584738524,117.176870571876,117.73594665527344,217223800
2024-07-22,120.15196984200875,123.86585002604772,119.66277824004172,123.33672332763672,258068900
2024-07-23,122.57796493987696,124.48482570104972,121.89908357161131,122.38827514648438,173911000
2024-07-24,118.9739065074374,119.75262181556741,113.25333936427286,114.06200408935547,327776900
2024-07-25,112.85399693651604,116.43808604158575,106.12508953993542,112.09524536132812,460067000
2024-07-26,115.99880916186419,116.00878722251285,111.3963944118867,112.87395477294922,293399100
2024-07-29,113.50293033164324,116.0886649396649,111.11686358531041,111.40637969970703,248152100
2024-07-30,111.33647720819822,111.80570498592243,102.37125913301429,103.5593032836914,486833300
2024-07-31,112.71421539482289,118.1452582531107,110.6975352036146,116.82743072509766,473174200
2024-08-01,117.3365974252001,119.96227450650746,106.63423649015627,109.03028869628906,523462300
2024-08-02,103.58925680976456,108.54109382170915,101.20319035397925,107.09347534179688,482027500
2024-08-05,91.90851949250676,103.23984998207244,90.54077860317504,100.28471374511719,552842400
2024-08-06,103.6691316762756,107.5327664843651,100.38455194570304,104.07846069335938,409012100
2024-08-07,107.6325946135043,108.62097103799087,98.52760658313275,98.74724578857422,411440400
2024-08-08,101.83215768316434,105.3263983879788,97.3595262295921,104.79727172851562,391910000
2024-08-09,105.46617163856445,106.42459107060563,103.2598090475883,104.57763671875,290844200
2024-08-12,106.14505252549102,110.88723650727509,106.08515369153115,108.84060668945312,325559900
2024-08-13,112.25498947976828,116.03875418683985,111.39640394640423,115.94889831542969,312646700
2024-08-14,118.33496052966188,118.40484504167927,113.88230026594151,117.88570404052734,339246400
2024-08-15,118.56459228097263,123.03721654252207,117.27671395628101,122.65784454345703,318086700
2024-08-16,121.73934484458584,124.79430704362497,120.98059332504539,124.375,302589900
2024-08-19,124.07548340044629,129.78607177734375,123.21689800857207,129.78607177734375,318333600
2024-08-20,128.18871285893894,129.6662885004724,125.68284852553639,127.04061126708984,300087400
2024-08-21,127.11048517418402,129.13715105648026,126.45157521398528,128.28854370117188,257883600
2024-08-22,129.80606530219129,130.53485987199215,122.89744589722252,123.53639221191406,376189100
2024-08-23,125.65290085977209,129.38675225949072,125.01395457447234,129.15711975097656,323230300
2024-08-26,129.35680584239554,131.04401222890846,124.1653576328901,126.25191497802734,331964700
2024-08-27,124.84424526829238,128.98741074794592,123.67616460225028,128.08889770507812,303134600
2024-08-28,127.90918484234558,128.11884600848597,122.43820596970414,125.4033203125,448101100
2024-08-29,121.1602924143949,124.22524016378769,116.51794286125214,117.39649200439453,453023300
2024-08-30,119.33331674975315,121.54966504357485,117.02712020356385,119.173583984375,333751600
2024-09-03,115.81911857253483,116.01878644458095,107.11346529492099,107.82229614257812,477155100
2024-09-04,105.23655349888746,113.0836130103624,103.94867525541761,106.03523254394531,372470300
2024-09-05,104.817243866478,109.4695798052194,104.58762658147727,107.0335922241211,306850700
2024-09-06,107.86223127024085,107.97205088494898,100.78389323668084,102.66080474853516,413638100
2024-09-09,104.7074122640328,106.37466998895037,103.5193756446925,106.2947998046875,273912000
2024-09-10,107.63259542371279,109.21998302790867,104.77730096516093,107.922119140625,268283700
2024-09-11,109.20999835891277,116.99716652085532,107.24323877137772,116.7176284790039,441422400
2024-09-12,116.6577172050991,120.60155948017247,115.19999582839206,118.95413208007812,366052700
2024-09-13,118.89422675312926,119.77285113489948,117.4165323291377,118.91419219970703,238358300
2024-09-16,116.60780299971084,117.99563392468083,114.18159360974668,116.59781646728516,248772300
2024-09-17,117.98564481894722,118.61466685067687,114.65085910577872,115.40966796875,231925900
2024-09-18,115.70919560695407,117.51636932909096,113.04336298957726,113.19313049316406,310318900
2024-09-19,117.16692604230532,119.47332749554481,117.06708357128667,117.68611907958984,293506400
2024-09-20,116.87737463970251,118.43494609535816,115.2099818009,115.81903076171875,382462400
2024-09-23,116.36816173734981,116.80747006945717,114.68079603774753,116.07861328125,206228500
2024-09-24,116.33822228484836,121.6099917401929,115.20000132519814,120.68144226074219,354966800
2024-09-25,121.82963321276459,124.74508350925583,121.42027681497308,123.31731414794922,284692900
2024-09-26,126.60217747362803,127.47081527785902,121.6099781665842,123.84648132324219,302582900
2024-09-27,123.77659196922,123.83649592385486,119.07394109309165,121.21060180664062,271009200
2024-09-30,118.1254274144435,121.31045327548797,117.96568098439478,121.25054931640625,226553700
2024-10-01,121.58001370293499,122.24897417258154,115.60934783662292,116.81745910644531,302094500
2024-10-02,116.25834508658102,119.19375323018366,114.96037016184738,118.66458129882812,221845900
2024-10-03,120.73135864781146,124.16599456239773,120.15226164035356,122.6583480834961,277118000
2024-10-04,124.7450859792245,124.84492844767553,121.63993722019764,124.72511291503906,243678100
2024-10-07,124.7949925984476,130.43617917860723,124.75505409102715,127.52073669433594,346250200
2024-10-08,130.0567764001493,133.27175410957346,129.2180905372518,132.68267822265625,285722500
2024-10-09,133.9007832398008,134.31014727855833,131.1750464230449,132.44305419921875,246191600
2024-10-10,131.70421594134592,134.7893916948541,130.79563194093248,134.5996856689453,242311300
2024-10-11,133.80093033986074,135.5681732923908,133.4514855032485,134.58970642089844,170209500
2024-10-14,136.2570891265267,139.3822107684187,136.0873561782587,137.85459899902344,232347700
2024-10-15,137.654906403531,138.3538265330219,128.5391603262797,131.3946990966797,377831000
2024-10-16,133.77097927850218,136.40686011825153,131.37472950963348,135.50827026367188,264879700
2024-10-17,139.12261346955344,140.6701983777905,136.65646567187503,136.71636962890625,306435900
2024-10-18,138.45366668655112,138.6833036103306,137.06583575895257,137.7847137451172,176090200
2024-10-21,137.91451267760561,143.48580932617188,137.78471061125512,143.48580932617188,264554500
2024-10-22,142.68705023422552,144.194689003585,141.55880826832362,143.36598205566406,226311600
2024-10-23,141.80844872502473,142.2078186781856,137.24558530846375,139.34230041503906,285930000
2024-10-24,140.6003278006047,141.1294997806309,138.24400879643727,140.1909637451172,172354900
2024-10-25,140.71013437273555,143.90515439009727,140.5803475394567,141.31918334960938,205122100
2024-10-28,142.77687691949686,142.91665786792092,139.83148285521668,140.30075073242188,173586700
2024-10-29,140.0711387385227,142.03806672701694,138.6833077693045,141.02964782714844,157593600
2024-10-30,139.32228929215535,140.1110653014331,136.59655278062618,139.1226043701172,179418100
2024-10-31,137.38533225522045,137.39531116933003,131.90389188236236,132.55287170410156,270039600
2024-11-01,134.48984636430032,137.09577501351765,134.36005954202903,135.18875122070312,207127800
2024-11-04,136.99593186321135,138.7432015157854,135.3584911981984,135.83773803710938,187528200
2024-11-05,137.23555788662173,140.151000495864,137.11574997671616,139.6917266845703,160537400
2024-11-06,142.7369532584381,146.26144435454805,141.73851350917226,145.3828125,242043900
2024-11-07,146.1616297903136,148.69766066609404,145.9419717733186,148.6477508544922,207323300
2024-11-08,148.5378942315628,149.53633403774526,146.03180056765603,147.39967346191406,175665800
2024-11-11,148.44806475709808,148.61781297860173,143.3460505403585,145.0334014892578,182325600
2024-11-12,146.55101593198214,149.4165337385062,145.7822128979203,148.05865478515625,198634700
2024-11-13,148.83744386134128,149.09703275189045,145.6723759576151,146.04180908203125,191903300
2024-11-14,147.40965302668107,148.76753177848803,145.32291747893564,146.53102111816406,194463300
2024-11-15,144.64398997756967,145.0134231170618,139.86146934373124,141.7584991455078,250132900
2024-11-18,139.28237084466085,141.3291757571169,136.93603090489682,139.9313507080078,221205300
2024-11-19,141.0995149233474,146.90044752125365,140.77002797265112,146.78062438964844,227834900
2024-11-20,147.18003223590216,147.32979212988033,142.50732548898966,145.6623992919922,309871700
2024-11-21,149.11701974284432,152.65149063112756,140.4805046221909,146.44119262695312,400946600
2024-11-22,145.70233282975542,146.93042492260167,140.8798813363258,141.72854614257812,236406200
2024-11-25,141.76847182265374,141.82837577269152,135.60810012239304,135.8077850341797,344941900
2024-11-26,137.4851722903331,139.08268223719327,135.45834049580736,136.70639038085938,190287700
2024-11-27,134.7993734587721,137.00593247284488,131.59438972010054,135.1288604736328,226370900
2024-11-29,136.5665940393106,139.13259162709357,135.83773725423254,138.0343017578125,141863200
2024-12-02,138.61342701841852,140.2308949431091,137.6050081030844,138.4137420654297,171682800
2024-12-03,138.04428850809262,140.3207301527637,137.7347745914462,140.04116821289062,164414000
2024-12-04,141.77844351730124,145.56252344018102,140.07110485324333,144.91354370117188,231224300
2024-12-05,144.89360218968224,146.32146235801875,143.73532840807314,144.8436737060547,172621200
2024-12-06,144.38436733563313,145.4827177885172,141.09926510716357,142.2275848388672,188505600
2024-12-09,138.76274660606958,139.74128080496888,136.92549436926976,138.6029815673828,189308600
2024-12-10,138.80268748950093,141.60850970621567,133.5904709096604,134.8685760498047,210020900
2024-12-11,137.155160163518,139.96096726526153,135.00837248215075,139.1022491455078,184905200
2024-12-12,136.8755860719742,138.2335586289744,135.59749604609573,137.13519287109375,159211400
2024-12-13,138.7327975455873,139.39181692680097,132.34233289302693,134.04978942871094,231514900
2024-12-16,133.9798724705664,134.19954557462145,130.2254857362255,131.80313110351562,237951100
2024-12-17,128.89747709842524,131.39374870651014,126.67080709010266,130.19554138183594,259410300
2024-12-18,133.66035727519176,136.49611794642954,128.08867764771298,128.71774291992188,277444500
2024-12-19,131.56349862817564,133.8301176053825,129.3568029702355,130.485107421875,209719200
2024-12-20,129.61640819653473,135.07825184796977,128.02878306565836,134.49911499023438,306528600
2024-12-23,136.0767418582626,139.58150132927014,134.9184683016336,139.46168518066406,176053500
2024-12-24,139.7912064019445,141.68836668012935,138.44321367436993,140.01087951660156,105157000
2024-12-26,139.49166074428362,140.63995487774488,137.52459740894255,139.7213134765625,116205600
2024-12-27,138.34337590905767,138.81267619141968,134.50910636621433,136.8056640625,170582600
2024-12-30,134.628921256616,140.06081067569033,133.82013169900247,137.2849578857422,167734700
2024-12-31,137.82416524884428,137.8641141320975,133.63043143330796,134.08973693847656,155659200
2025-01-02,135.7971616952867,138.67287117142274,134.42920986844504,138.1037139892578,198247200
2025-01-03,139.8011917981673,144.6838985290199,139.52161059265686,144.25454711914062,229322500
2025-01-06,148.36840963752263,151.93309314343088,147.599568879649,149.2071533203125,265377400
2025-01-07,152.80177547515166,152.9016324332477,139.80118875754107,139.93099975585938,351782200
2025-01-08,142.36737985085435,143.73533196712347,137.3548616440079,139.90106201171875,227349900
2025-01-10,137.24501786219508,139.71133557177419,134.0198390250661,135.7073211669922,207602500
2025-01-13,129.79615256902926,133.29093305056014,129.31685741876072,133.03131103515625,204808900
2025-01-14,135.84711813885167,136.1766278538369,129.85606565410438,131.56350708007812,195590500
2025-01-15,133.45068552943664,136.2465130176968,131.09420431967888,136.03683471679688,185217300
2025-01-16,138.43325045720013,138.5430870275282,133.2909365646461,133.37081909179688,209235600
2025-01-17,136.4861555399997,138.29345383465838,135.25799411499426,137.504638671875,201188800
2025-01-21,138.95247218370304,141.6184885428412,136.88555189361048,140.61997985839844,197749000
2025-01-22,144.4442829463215,147.56960504936464,143.45575377479585,146.85069274902344,237651400
2025-01-23,144.8337106624021,147.01045262591376,143.5056920734559,147.00047302246094,155915500
2025-01-24,148.14872775799392,148.74783905952535,141.66841618539428,142.4073028564453,234657600
2025-01-27,124.61389107098998,128.20851331467108,116.52596435964819,118.24340057373047,818830900
2025-01-28,121.62833781559046,128.8076175411123,116.0766320864675,128.79763793945312,579666400
2025-01-29,126.31136108771855,126.70077890376498,119.87098248262683,123.51553344726562,467120600
2025-01-30,122.91641979157204,124.81358785050304,117.92387627755191,124.464111328125,392925500
2025-01-31,123.59540412169352,127.6593341751579,119.01225290264883,119.89093780517578,388161100
2025-02-03,114.57887527254843,118.39317826666118,112.84147223806173,116.48603057861328,371235700
2025-02-04,116.78557092036435,121.01924546805154,116.52595653802958,118.47305297851562,256550000
2025-02-05,121.57842315704723,124.8135892575584,120.57991444298676,124.64384460449219,262230800
2025-02-06,127.22996749994309,128.57796024161053,125.02326434711814,128.4880828857422,251483600
2025-02-07,129.02729180363133,130.17557068191934,124.8135839892709,129.6463623046875,228186300
2025-02-10,129.89599772289156,134.79867927002743,129.76620194780145,133.37081909179688,216989100
2025-02-11,132.38230132778313,134.27946199343057,130.8246300046561,132.6019744873047,178902400
2025-02-12,129.8261026458349,132.04279313100764,128.88750205027108,130.94442749023438,160278600
2025-02-13,131.36380821970238,136.29644386397356,130.9743904181038,135.08824157714844,197430000
2025-02-14,136.2764682668825,139.04234173663804,135.29793396994222,138.6429443359375,195479600
2025-02-18,141.05932980350207,143.226091877041,137.72429913092634,139.19210815429688,219176600
2025-02-19,139.30195061666387,141.14919790373787,137.01537227663152,139.02236938476562,167536000
2025-02-20,139.8211794831435,140.45024487315197,136.5860056380014,139.90106201171875,143903600
2025-02-21,139.83115735009994,141.24905316966826,133.83012530319377,134.22952270507812,228217600
2025-02-24,136.35635785611953,138.38332947991822,129.88602516626045,130.08572387695312,251381100
2025-02-25,129.78614928447132,130.0058224050398,124.25441810041912,126.44114685058594,271428700
2025-02-26,129.79614381296275,133.53055638167015,128.29838085048883,131.08421325683594,322553800
2025-02-27,134.7986697104659,134.8086493121392,119.83102696232622,119.97081756591797,443175800
2025-02-28,117.8439993429124,124.90345590188022,116.22642004317107,124.73371124267578,389091100
2025-03-03,123.32581202011416,123.51552349340123,112.11255593535711,113.88990020751953,411381400
2025-03-04,110.48499132597254,119.13207287466713,109.9457957033308,115.81702423095703,398163300
2025-03-05,117.40465751759531,118.10361057672029,114.3392360416895,117.12507629394531,284337900
2025-03-06,113.36069823382532,115.17798387118098,110.05563667803439,110.40511322021484,321181900
2025-03-07,111.08409477767312,113.31077256873955,107.39959517379882,112.5219497680664,341755500
2025-03-10,109.73610085349598,111.6831896506324,105.30272006245755,106.8204574584961,366487400
2025-03-11,106.83045167001112,112.07262273708322,104.61376097133785,108.59781646728516,354865700
2025-03-12,113.9602977987337,116.5966026479449,112.72202762810602,115.5780258178711,323857500
2025-03-13,116.86621875800482,117.59520049683546,113.63075517539951,115.41825103759766,299033100
2025-03-14,118.44401014075397,121.70943054003341,117.98465480860956,121.49972534179688,277593500
2025-03-17,122.56823120330081,122.71802281178023,117.86482345684047,119.36272430419922,255501500
2025-03-18,117.83486627342975,118.85343549406599,114.37970924440411,115.26846313476562,299686900
2025-03-19,117.10587965509883,120.2814296141779,115.51810848491796,117.35552978515625,273426200
2025-03-20,116.3868956857552,120.03178155242583,116.30700581426807,118.36412048339844,248829700
2025-03-21,116.77634740953133,117.82487338576216,115.25847035053427,117.5352783203125,266498500
2025-03-24,119.71223179694545,122.04896105750126,119.17298658297102,121.24009704589844,228452500
2025-03-25,120.38129181712452,121.12025404464302,118.75356814650013,120.5210952758789,167447200
2025-03-26,118.5638454632065,118.6736845133834,112.55226594608844,113.60079956054688,293463300
2025-03-27,111.19416561141583,114.28982567832341,110.50513643809545,111.27405548095703,236902100
2025-03-28,111.33397028810096,112.71204388720727,108.9173588485005,109.51651763916016,229872500
2025-03-31,104.98287310192077,110.80471613819729,103.50494855407659,108.22832489013672,299212700
2025-04-01,108.36813339033893,110.04578269736857,106.32100673854832,109.99585723876953,222614000
2025-04-02,107.1398479774266,111.82328673498283,106.64054773013802,110.26546478271484,220601200
2025-04-03,103.36515315702636,105.48218161280622,101.45782230020173,101.65754699707031,338769400
2025-04-04,98.77159334909085,99.9898797349743,91.9811059228115,94.17802429199219,532273800
2025-04-07,87.33760304641297,101.60760579690213,86.49878224276449,97.50335693359375,611041300
2025-04-08,103.66472218207363,105.70186824827938,94.3278084260022,96.16523742675781,476243400
2025-04-09,98.75161045127601,114.9389248904037,97.39351305704149,114.17000579833984,612918300
2025-04-10,109.21694044618194,110.70485307181585,99.01124202201945,107.4194564819336,437812400
2025-04-11,108.34816524857224,111.39390013023589,107.32959598741144,110.77476501464844,313417300
2025-04-14,113.95031245540225,114.13006086401796,108.91736463288024,110.55506896972656,264705000
2025-04-15,110.81470199440513,113.46099492172469,110.3453585264742,112.04297637939453,228966900
2025-04-16,104.40368647017546,106.64054948152403,100.30941828019425,104.34376525878906,397016900
2025-04-17,104.30382580885471,104.32380208660638,99.90998942448081,101.34796905517578,292517500
2025-04-21,98.63177356997639,99.3008417327631,94.90699776234818,96.77438354492188,288501100
2025-04-22,98.6417555090913,99.67031279819463,97.14385476914264,98.75160217285156,241004800
2025-04-23,104.37371808015347,104.65333261230082,101.87721689778672,102.56625366210938,247526000
2025-04-24,103.33518320501399,106.39089830035945,102.96569827687256,106.28105163574219,220815000
2025-04-25,106.70047033928225,111.76337496991529,105.58204256681438,110.85465240478516,251064700
2025-04-28,109.53649833991803,110.21554702841466,105.8716284785824,108.57784271240234,207708500
2025-04-29,107.5193148494054,110.04577291521682,107.2896409990865,108.86742401123047,170444300
2025-04-30,104.32379376082015,108.76756286621094,103.93434018163836,108.76756286621094,235044600
2025-05-01,112.92175572108304,114.77915341441685,111.14424790285813,111.45381164550781,236121500
2025-05-02,114.02021557227994,115.23850951002053,113.21135153306962,114.33976745605469,190194800
2025-05-05,112.75199066583207,114.5095221313392,112.50234053074915,113.66071319580078,133163200
2025-05-06,111.32399638135878,114.57942879752297,110.66491633937942,113.38111114501953,158525600
2025-05-07,112.89179643623137,117.51531428959993,112.12286973799952,116.89617919921875,206758800
2025-05-08,118.08451525459601,118.51391379663416,115.68787240644632,117.20574951171875,198428100
2025-05-09,117.1857803819228,118.06455379711826,115.0487756801452,116.48676300048828,132972200
2025-05-12,121.79931583574867,122.82787322998047,120.11167839159091,122.82787322998047,225023300
2025-05-13,124.8051066300396,131.03637225526788,124.29581818961599,129.7481689453125,330430100
2025-05-14,133.01359953083553,135.2504704050171,131.4957223220182,135.15060424804688,281180800
2025-05-15,134.10204362723803,136.10924022234616,132.47433530494334,134.64129638671875,226632600
2025-05-16,136.02937003025397,136.15919297953724,133.27323795943153,135.21051025390625,226542500
2025-05-19,132.20473687113784,135.6798627990254,132.20473687113784,135.3802947998047,193154600
2025-05-20,134.10205468200522,134.39165736048994,132.4343936724944,134.1919403076172,161514200
2025-05-21,132.87380141479636,137.20772462329396,130.4072565649854,131.61557006835938,270608700
2025-05-22,132.0449376190489,134.0621148614722,131.3658966044825,132.64410400390625,187344000
2025-05-23,129.8180590665907,132.49430097030302,128.97923834191374,131.1062469482422,198821300
2025-05-27,133.96224703921547,135.47014350181522,133.1234263008756,135.31036376953125,192953600
2025-05-28,135.83961638539918,137.0579101389624,134.60134635659116,134.62132263183594,304021100
2025-05-29,142.0509238917618,143.28919402135628,137.71700129433316,138.99520874023438,369241900
2025-05-30,138.5258751739265,139.42460961066672,132.73398869983464,134.94090270996094,333170900
2025-06-02,135.30038976970178,137.9266987725352,135.21050414256473,137.187744140625,197663100
2025-06-03,138.5857816307834,141.801276586457,137.75694135463795,141.02236938476562,225578800
2025-06-04,141.99101618842522,142.19073325311263,139.34471555965237,141.7213897705078,167120800
2025-06-05,141.97103980754113,143.79848066110154,138.63571759363617,139.79409790039062,231397900
2025-06-06,142.31057053380505,143.0695167658335,141.3119699021351,141.5216827392578,153986200
2025-06-09,142.98961854621228,144.7970831461155,141.74136782943543,142.43040466308594,185114500
2025-06-10,142.49031793007975,144.088069701399,141.33193761060437,143.758544921875,155881900
2025-06-11,144.4176611881815,144.79716064315863,141.6813000562032,142.64002990722656,167694000
2025-06-12,141.78117540604916,144.80714416503906,141.66133988719625,144.80714416503906,162365000
2025-06-13,142.29048989356696,143.3890329315276,140.6626682408541,141.7811737060547,180820600
2025-06-16,143.159329390418,145.98555166191812,143.00951976951112,144.49754333496094,183133700
2025-06-17,144.29781716982143,145.02684191909495,143.58875484653294,143.9282989501953,139108000
2025-06-18,143.81845298832403,145.45627108510786,142.9296373487004,145.2864990234375,161494100
2025-06-20,145.2565234707711,146.00552584195606,142.46024490398213,143.65866088867188,242956200
2025-06-23,142.31046402404658,144.58743022935184,141.84108794116847,143.97824096679688,154308900
2025-06-24,145.36637857516104,147.76319531946535,145.3064608232896,147.70326232910156,187566100
2025-06-25,149.0714471780808,154.24454949233478,149.06145072732096,154.104736328125,269146500
2025-06-26,155.77252682686714,156.51154803915952,153.79516469048193,154.81381225585938,198145700
2025-06-27,155.83244416127852,158.4989061985097,155.05348286000648,157.54017639160156,263234500
2025-06-30,158.18928922556665,158.4489531245615,155.7525477292889,157.77984619140625,194580300
2025-07-01,156.0820975676339,156.99089075003695,151.288494680634,153.09608459472656,213143600
2025-07-02,152.77652287552658,157.3903883520798,152.76654166200262,157.0408477783203,171224100
2025-07-03,158.15934077500395,160.76586971787668,157.56014800239086,159.1280517578125,143716100
2025-07-07,157.98955517353815,159.09807923203843,157.13069855849747,158.02951049804688,140139000
2025-07-08,159.11806346268276,160.00687898854957,158.17931139836438,159.78717041015625,138133000
2025-07-09,161.0055497766517,164.2012901564699,160.9456320255445,162.66334533691406,183656400
2025-07-10,164.10143771292147,164.28119097215313,161.3950357038234,163.88172912597656,167704100
2025-07-11,163.50223698698784,167.66668863474402,163.25256951238498,164.7006378173828,193633300
2025-07-14,165.15003478890583,165.2698855378492,161.80449980139463,163.85177612304688,136975800
2025-07-15,170.96229989605533,172.17068192225182,168.97494134085255,170.4729461669922,230627400
2025-07-16,170.83247408910898,171.52155877211666,168.67534340451815,171.14205932617188,158831500
2025-07-17,171.7911900263939,173.92834287299638,170.60277047944578,172.76988220214844,160841100
2025-07-18,173.40903901870553,174.01822826089457,171.03219980516573,172.18067932128906,146456400
2025-07-21,172.52021135087202,173.1493782135921,170.77253916642036,171.15203857421875,123126100
2025-07-22,171.1120799535818,171.16201649130318,164.36107758832912,166.8078155517578,193114300
2025-07-23,169.30451898143798,171.03221376466186,167.7465962646817,170.5528564453125,154082200
2025-07-24,172.21065238052367,173.5988030318276,171.07216922217725,173.50892639160156,128984600
2025-07-25,173.37908037175941,174.4876045602178,172.72995103806022,173.26922607421875,122316800
2025-07-28,173.78854323017163,176.7645753161742,173.73860668662087,176.51490783691406,140023500
2025-07-29,177.72328828972238,179.14139760883538,174.7871965738649,175.2765350341797,154077500
2025-07-30,176.27521653092245,179.65072563032518,175.80584046425426,179.03155517578125,174312200
2025-07-31,182.65671589592668,183.05619299307685,175.69598557745124,177.63340759277344,221685400
2025-08-01,173.85844036702034,176.3051785902702,170.66269971388826,173.4889373779297,204529000
2025-08-04,174.9270158880054,179.96030526461158,174.28786778877773,179.7605743408203,148174600
2025-08-05,179.38107983649965,180.0202279532499,175.6660266458598,178.02288818359375,156407600
2025-08-06,176.09546439011424,179.66070799076476,176.01556896990587,179.1813507080078,137192300
2025-08-07,181.32851054269395,183.6354356942093,178.5621905082108,180.52957153320312,151878400
2025-08-08,181.30852119793246,183.05619350177665,180.16004168373897,182.4569854736328,123396700
2025-08-11,181.80785936297346,183.59547178906817,180.01025048518693,181.81784057617188,138323200
2025-08-12,182.7166509044063,184.234618174838,179.22130626788388,182.9163818359375,145485700
2025-08-13,182.37709375214726,183.72530422356274,179.11145412417423,181.3484649658203,179871700
2025-08-14,179.51090820642335,182.7765629312542,179.22130065055427,181.77789306640625,129554000
2025-08-15,181.6380820439347,181.658044469753,177.8031781362909,180.20997619628906,156602200
2025-08-18,180.359785616326,182.69666946783065,180.3497891649352,181.7678985595703,132008000
2025-08-19,182.1873495042791,182.25726371442747,175.25659293377495,175.40638732910156,185229200
2025-08-20,174.93701244991922,175.76591033294957,168.57548977611862,175.1667022705078,215142700
2025-08-21,174.61742144674352,176.66468235557974,173.57879631630271,174.7472381591797,140040900
2025-08-22,172.38040151215634,178.35244288234992,170.97227338198675,177.7532501220703,172789400
2025-08-25,178.11278178635797,181.6680441727565,176.33515059315872,179.57083129882812,163012800
2025-08-26,179.82049655621498,182.14739921043056,178.57215920342722,181.52822875976562,168688200
2025-08-27,181.7379436715125,182.24727507184866,178.86178472902657,181.35845947265625,235518900
2025-08-28,180.5794881684096,184.22462699678687,176.17535050737845,179.9303436279297,281787800
2025-08-29,177.87308356836775,177.91302365652732,172.91967451951007,173.94830322265625,243257900
2025-09-02,169.77389508693435,172.15073449446965,166.997593786357,170.5528564453125,231164900
2025-09-03,170.83246833565184,172.18067877773825,168.6553752976972,170.39305114746094,164424900
2025-09-04,170.34312465674856,171.6314020660847,169.1846639665207,171.43167114257812,141670100
2025-09-05,167.8065026792569,168.80517258283567,163.8517783946414,166.7978515625,224441400
2025-09-08,167.32715219255022,170.73262035939155,167.12742125141602,168.0861358642578,163769100
2025-09-09,168.86509051949957,170.75257602974241,166.51822538667548,170.53286743164062,157548400
2025-09-10,176.4050468150653,179.05151589898875,175.2366048852674,177.09413146972656,226852000
2025-09-11,179.45110250300584,180.05034427267074,176.2551819566126,176.94430541992188,151159300
2025-09-12,177.5435664999128,178.37251110105626,176.22524055900428,177.593505859375,124911000
2025-09-15,175.44622258887705,178.62217970015598,174.28769658655634,177.52357482910156,147061600
2025-09-16,176.77453647764895,177.27389957504343,174.15787872389456,174.65724182128906,140737800
2025-09-17,172.42008695754546,172.97937117956877,168.1954794867923,170.0730743408203,211843800
2025-09-18,173.7583871307785,176.87442336525442,172.73969733735942,176.01551818847656,191763300
2025-09-19,175.54609885389235,177.8531538116004,174.95683884616588,176.4449462890625,237182100
2025-09-22,175.07671637070237,184.31493427279133,174.48747153493287,183.37612915039062,269637000
2025-09-23,181.73821238324945,182.18763613663097,175.9855548133895,178.2027130126953,192559600
2025-09-24,179.54100413716742,179.5509859124944,175.17656050171237,176.74456787109375,143564100
2025-09-25,174.2577508730865,180.03038734713982,172.90947958662534,177.4636688232422,191586700
2025-09-26,177.94304916264082,179.54101721374016,174.70717071687335,177.96302795410156,148573700
2025-09-29,180.2001578366391,183.76561762390497,180.09031258631592,181.6183624267578,193063500
2025-09-30,181.848063160254,187.11135435179565,181.2488213615314,186.3423309326172,236981000
2025-10-01,185.00405809785752,187.9003581593927,183.665753326035,187.0015106201172,173844900
2025-10-02,189.35850113919957,190.80665113886596,187.82045419605362,188.64939880371094,136805800
2025-10-03,188.94900408551683,190.11751186051177,185.1438598655547,187.38099670410156,137596900
2025-10-06,185.26372281570642,186.99151499327596,183.09648864167906,185.3036651611328,157678100
2025-10-07,185.99277739696944,188.8191743935438,183.76562222076905,184.80429077148438,140088000
2025-10-08,186.33235229407293,189.35849142592937,186.30237648821537,188.86911010742188,130168900
2025-10-09,191.9851285494953,195.05122522476873,190.816620752273,192.32470703125,182997200
2025-10-10,193.26350393527704,195.37081685366852,181.81811007166195,182.92669677734375,268774400
2025-10-13,187.73057886865314,189.86785248459339,185.72314454487463,188.08013916015625,153482800
2025-10-14,184.5346420566055,184.56460262310264,179.47109296765566,179.80067443847656,205641400
2025-10-15,184.56460739230218,184.63451030281777,177.06416377208902,179.60093688964844,214450500
2025-10-16,181.99786281424815,183.04652832403656,179.5410050089342,181.57839965820312,179723300
2025-10-17,179.9504818191574,183.86550198639478,179.52103686227596,182.9866180419922,173135200
2025-10-20,182.89672994644732,184.96408521149223,181.4985041529273,182.4073486328125,128544700
2025-10-21,182.55715836486127,182.55715836486127,179.5709767314294,180.9292449951172,124240200
2025-10-22,180.9092591258601,183.20633238125785,176.53483359319367,180.05035400390625,162249600
2025-10-23,180.19017423035882,182.7968501503985,179.5609718650331,181.92796325683594,111363700
2025-10-24,183.6058200325102,187.23120099697576,183.26625678365264,186.02273559570312,131296700
2025-10-27,189.74800438556454,191.75543864774096,188.18997864549505,191.24609375,153452700
2025-10-28,192.8040950113927,202.8912204382634,191.66554775855593,200.77392578125,297986200
2025-10-29,207.715080745974,211.9197249544373,204.51915980095313,206.77627563476562,308829600
2025-10-30,204.88867704045037,205.89740027142088,201.1534507471854,202.63156127929688,178864400
2025-10-31,206.18701808603035,207.70508615602077,201.81260775338424,202.23207092285156,179802200
2025-11-03,207.8149540137207,211.07079600988305,205.2981596683369,206.61648559570312,180267300
2025-11-04,202.7414122562426,203.71017785907821,197.67786326579136,198.43690490722656,188919300
2025-11-05,198.51681234435117,202.66152000582164,194.40205001057666,194.9613494873047,171350300
2025-11-06,196.16981228388872,197.3682807609907,186.14260723026618,187.84043884277344,223029800
2025-11-07,184.66444902638756,188.08010568481336,178.682089465448,187.91030883789062,264942300
2025-11-10,194.8614791513322,199.68532876518447,193.5431531870904,198.7964630126953,198897100
2025-11-11,194.91140808059743,195.17107140540628,191.05632435423007,192.91395568847656,176483300
2025-11-12,195.47068348463264,195.64046510157328,190.8865341091802,193.55313110351562,154935300
2025-11-13,190.8066439854392,191.1961465947379,183.61581837719615,186.62197875976562,207423100
2025-11-14,182.62706393415107,190.76667594021126,180.34996953708986,189.92774963378906,186591900
2025-11-17,185.73311754704963,188.75925679396335,184.08522536919267,186.36231994628906,173628900
2025-11-18,183.1464291447985,184.5646186262563,179.42116916755387,181.12899780273438,213598900
2025-11-19,184.5546024199349,187.62069907956393,182.5971076589588,186.28240966796875,247246400
2025-11-20,195.70039225393623,195.7503316108911,179.62090987236718,180.40989685058594,343504800
2025-11-21,181.00913979899244,184.32490281868388,172.70971237567008,178.6521453857422,346926200
2025-11-24,179.2613745727385,183.26626122561635,176.25519889972114,182.31747436523438,256618300
2025-11-25,174.68720886729724,177.9330691207534,169.3340356551,177.593505859375,320600300
2025-11-26,181.39863013804072,182.67699835309762,178.01294919921247,180.03036499023438,183852000
2025-11-28,178.7819702942556,179.0616124091028,176.27517303639212,176.7745361328125,121332800
2025-12-01,174.5373804488289,180.07033197943204,173.45875435362808,179.69081115722656,188131000
2025-12-02,181.52847225165078,185.4235136530611,179.7707195907086,181.22886657714844,182632200
2025-12-03,180.84935949817796,182.21760964702736,178.88186747602086,179.3612518310547,165138000
2025-12-04,181.39873533031871,184.29521152983364,179.7407692190929,183.15660095214844,167364900
2025-12-05,183.66598269849337,184.43504894381925,180.6896172324408,182.1877899169922,143971100
2025-12-08,182.41751577930148,187.7709870845105,182.17780264974235,185.323974609375,204378100
2025-12-09,185.33395229946427,185.4937610485011,183.09669077375298,184.7446746826172,144719700
2025-12-10,184.74467463147755,185.2540478736652,181.8182359713298,183.55612182617188,162785400
2025-12-11,180.060377409269,181.09911899111663,176.40483245042134,180.70957946777344,182136600
2025-12-12,180.88937065842447,182.59729422559735,174.40727135263347,174.80679321289062,204274900
2025-12-15,177.72322484137152,178.20263580820242,174.81676632707214,176.07522583007812,164775600
2025-12-16,176.04526619844617,178.27256047932946,174.686922405521,177.5034942626953,148588100
2025-12-17,175.88546784627562,175.91543007880585,170.10251312474713,170.73175048828125,222775500
2025-12-18,174.3173807251694,175.93540231223645,171.6106906687844,173.9278564453125,176096000
2025-12-19,176.4547863729682,181.22896236326454,176.12518653595592,180.76953125,324925900
2025-12-22,183.6959478478248,183.935660967629,182.1278683380167,183.4662322998047,129064400
2025-12-23,182.74711840334103,189.09937165158402,182.67719635774475,188.97952270507812,174873600
2025-12-24,187.71105179508496,188.67987134928,186.36269028434322,188.38023376464844,65528500
2025-12-26,189.68863982420257,192.45526970950266,187.7709805748158,190.2978973388672,139740300
2025-12-29,187.4813341773615,188.53004285167208,185.68352392965699,187.99070739746094,120006100
2025-12-30,188.01069817319677,188.75978454971104,186.70228116711607,187.31153869628906,97687300
2025-12-31,189.33906392286715,190.32784810299728,186.26281429981768,186.27279663085938,120100500
2026-01-02,189.60873357074172,192.69496568024334,188.03065649528438,188.6199493408203,148240500
2026-01-05,191.52640398377517,193.39413642527967,185.9232371396652,187.89083862304688,183529700
2026-01-06,190.2879203285983,191.935904267691,186.5924305704924,187.0119171142578,176862600
2026-01-07,188.34028795646717,191.13686475404677,186.3327268208183,188.87962341308594,153543200
2026-01-08,188.87962438445808,189.31909080925226,183.4862088297309,184.8145751953125,172457000
2026-01-09,184.8545293482555,186.1129888751533,183.44624341374129,184.63479614257812,131327500
2026-01-12,182.99680052530172,186.89204340473577,182.79704721562317,184.71470642089844,137968500
2026-01-13,184.7746378408776,187.88084992986475,183.17658082293008,185.58364868164062,160128900
2026-01-14,184.0954710990846,184.2352999433054,180.57975484984624,182.91690063476562,159586100
2026-01-15,186.2727952885624,189.46889382188115,186.10300422087673,186.82212829589844,206188600
2026-01-16,188.84966224271636,190.20800608356458,185.85331687968656,186.0031280517578,187967200
2026-01-20,181.67840938923754,182.15783564218773,177.39364202987932,177.85308837890625,223345300
2026-01-21,178.8318922054109,185.15418310637224,178.18267486272933,183.09669494628906,200381000
2026-01-22,184.52493568425237,185.94320399708803,183.70592730123704,184.6148223876953,139636600
2026-01-23,187.27158465782284,189.3690325020707,186.59242035942677,187.44137573242188,142748100
2026-01-26,186.93200550896393,188.88960930416175,185.76343263076708,186.2428436279297,124799600
2026-01-27,187.01190478720812,189.76853699604698,185.47377232125424,188.29034423828125,143711600
2026-01-28,191.0369866951896,192.1156727976695,189.60872088942648,191.28668212890625,148552700
2026-01-29,191.10690928022157,193.244301759811,185.83334250366076,192.27548217773438,171764400
2026-01-30,190.97707539362895,194.25307849059112,189.23918956869622,190.8971710205078,179489500
2026-02-02,186.97193993484487,190.06816944570554,184.65477420739685,185.38388061523438,165794100
2026-02-03,186.01312186532803,186.04308409913696,176.01530661894333,180.12030029296875,204019600
2026-02-04,179.241398362594,179.36124730830178,171.70059231104517,173.97781372070312,207014100
2026-02-05,174.7168961324724,176.60460839935587,170.8216531377948,171.67062377929688,206312900
2026-02-06,176.4747642750831,186.77220252110314,174.38731390455436,185.18414306640625,231346200
2026-02-09,184.03552934237337,193.42408742490235,183.7259094221984,189.80848693847656,196387400
2026-02-10,191.1468699498802,192.24552080983682,187.89083145679504,188.31031799316406,136764800
2026-02-11,192.21556708670826,193.02457795983298,188.54005713468442,189.81849670410156,144192700
2026-02-12,192.79485804306626,193.3741533411549,186.28279615580217,186.7122802734375,189932500
2026-02-13,187.25160463564347,187.27158453858374,181.36878053627944,182.58729553222656,161888000
2026-02-17,181.5285959992061,186.92201173748992,178.9617194034806,184.7446746826172,162276900
2026-02-18,188.52005804720127,190.13807962880853,186.53247684939709,187.75099182128906,164749100
2026-02-19,186.8321237354349,188.20044994409497,185.43383529156333,187.6710968017578,126554500
2026-02-20,186.342734664171,190.09814888521723,185.71349722992974,189.58877563476562,178422300
2026-02-23,191.1668239815537,193.71372053376285,189.34904909171755,191.316650390625,171584800
2026-02-24,191.2567378902843,193.53395924081437,187.171708627792,192.61508178710938,175123600
2026-02-25,194.2131137016724,197.38924768090467,193.5539140704845,195.32176208496094,250637100
2026-02-26,194.03334246429932,194.0533071271398,184.09546670933034,184.66476440429688,360807900
2026-02-27,181.0292033274304,182.36756729714082,176.1651407824763,176.97415161132812,311636500
2026-03-02,174.79680413295333,183.2365228635074,174.42725972943845,182.25770568847656,209095300
2026-03-03,178.27256086028186,180.67961330625172,176.70446619030554,179.83065795898438,178099400
2026-03-04,180.22019302825058,184.47499807110998,179.84065106191534,182.8170166015625,177731200
2026-03-05,180.94928366467312,183.83576224630102,177.6632984882966,183.11663818359375,198779700
2026-03-06,179.62092189230134,182.53736302725528,176.6046117177772,177.6033935546875,189021900
2026-03-09,176.61458806542097,182.68718325690133,175.34613090826778,182.427490234375,177213600
2026-03-10,182.17778352587916,186.21287029543888,181.78825925636124,184.54490661621094,179118500
2026-03-11,185.6935753620157,187.40157611978597,184.23526832414757,185.8134307861328,145280400
2026-03-12,183.83574790315467,184.72471123223085,181.53842231669145,182.9268035888672,155762700
2026-03-13,184.70472270189353,185.87335881208497,179.73052445930352,180.0401611328125,160988400
2026-03-16,182.7570048934839,188.66012868968363,181.19882333613754,183.0067138671875,217307400
2026-03-17,184.8445618023411,185.1841623368753,181.4684917186082,181.71820068359375,182497800
2026-03-18,182.26756764801692,183.16652908726184,180.12007659614625,180.1899871826172,156683100
2026-03-19,177.80276430906588,179.77047215436778,175.5853475010711,178.3521270751953,170968500
2026-03-20,177.79278016290237,178.05247199547227,171.52009228430225,172.4989471435547,241323500
2026-03-23,177.0536408486584,178.16234927411983,174.55655117338722,175.43553161621094,182836300
2026-03-24,174.6264683383626,176.01484951930743,173.777451794472,174.99603271484375,147667800
2026-03-25,176.89383761026875,181.00903649280792,176.64412864426953,178.47198486328125,162602100
2026-03-26,175.86504388946904,176.30451888215924,170.9407749866337,171.04066467285156,186152200
2026-03-27,169.80209026823204,170.77096223786808,166.81556566439232,167.32498168945312,196212700
2026-03-30,168.58352034150624,169.25273855906806,164.07877596313077,164.97772216796875,185627000
2026-03-31,166.77563225072552,174.41672082635512,166.7656493784466,174.1969757080078,226181300
2026-04-01,175.79511913229018,177.16351944386196,174.54657425208924,175.54541015625,168132000
2026-04-02,171.97954556798163,177.28337661769746,171.170490985778,177.18348693847656,143143200
2026-04-06,176.953760088437,177.58301630024127,175.55538077559635,177.43319702148438,107564300
2026-04-07,175.52541836668527,178.0225079733855,173.4578360976707,177.89266967773438,132534900
2026-04-08,184.28522303450282,185.0443328296099,180.09011531444295,181.8680419921875,147732700
2026-04-09,181.6283100364998,183.86570786090292,180.40972906189933,183.69590759277344,116428500
2026-04-10,184.09543736125556,189.77881591864653,184.08545448929232,188.41041564941406,160459500
2026-04-13,185.81343445538195,189.43921351677633,185.52377876103736,189.08961486816406,133648200
2026-04-14,190.61783708872017,196.28123474121094,190.54792650193752,196.28123474121094,161307000
2026-04-15,196.31119931453722,200.166706463506,195.5121427945441,198.63848876953125,185338400
2026-04-16,197.20015246424893,199.6173486077875,195.58204328148997,198.1190948486328,134012900
2026-04-17,199.66727910555997,201.46518667284232,199.03802288778024,201.44520568847656,160324400
2026-04-20,199.7471876833392,201.9346406188145,197.6096795882359,201.82476806640625,119381400
2026-04-21,201.89470437258373,202.51397775047528,198.76834314349978,199.64732360839844,107945300
2026-04-22,200.75603026628932,202.26426696777344,198.76834136586132,202.26426696777344,107501000
2026-04-23,202.22431724671497,203.59271751351986,196.99041179336916,199.4075927734375,113561800
2026-04-24,199.72721882416832,210.70441481695215,199.57738430538978,208.0275421142578,214134400
2026-04-27,209.4059296471886,216.5775789683675,207.13858324348888,216.3578338623047,187172400
2026-04-28,209.24613572912838,214.4800260296235,207.95762889823203,212.92184448242188,180275400
2026-04-29,212.4523894424142,212.47237042757808,207.33835459433345,209.00640869140625,123711800
2026-04-30,209.68560172993963,210.05518135667162,198.46867945247158,199.33767700195312,225239200
2026-05-01,201.0456862731779,202.76368521944246,196.89052532216473,198.21897888183594,128647000
2026-05-04,199.26774870200734,201.49514834231712,194.51329562325486,198.24893188476562,125368100
2026-05-05,199.06798360144137,200.00689171848026,195.80178617585554,196.271240234375,113406600
2026-05-06,199.65729931010404,208.0275486883452,198.37879062945476,207.5880584716797,188362800
2026-05-07,208.0974592073836,213.95063795079753,206.25960488465944,211.2537841796875,168307900
2026-05-08,212.7820061205359,217.5464575316693,212.642169707093,214.94947814941406,136421400
2026-05-11,213.79081709888328,222.04121091513153,213.64099781886503,219.18453979492188,160685800
2026-05-12,218.29558003818886,223.48952345691538,214.6698009927987,220.52297973632812,159176600
2026-05-13,224.6681467194947,227.57476278227756,221.3120728008497,225.56710815429688,150405400
2026-05-14,229.58243343997336,236.26463268418732,229.03307065698914,235.465576171875,180782900
2026-05-15,229.49252726355346,231.23050718880455,223.97896415639156,225.05770874023438,180977600
2026-05-18,229.60240180074675,229.7322553439391,218.1157890335498,222.0612030029297,146280900
2026-05-19,219.36432694236115,224.21866983705235,217.6563261548179,220.35317993164062,140948200
2026-05-20,222.9201831873553,225.8667612103758,220.2433103590018,223.20985412597656,184201600
2026-05-21,222.03121805596584,227.13526994336974,217.6762930684293,219.25445556640625,203381800
2026-05-22,220.64283833374193,220.75271088945502,214.54994865072538,215.07933044433594,169275700
2026-05-26,216.28791550863897,217.92600574795006,211.75320730356688,214.60987854003906,187202600
2026-05-27,213.87072806866348,213.90069192498567,208.53694826896,212.35250854492188,167601200
2026-05-28,211.03403615445995,215.2691056248748,210.97410844231206,214.00057983398438,143996000
2026-05-29,214.33020874183248,217.6063892667686,210.88422794322287,210.8942108154297,289410600
2026-06-01,215.47885750139108,224.60821672379726,215.44889364463796,224.09881591796875,212850700
2026-06-02,226.91551751623658,232.00958636747916,221.09231801448135,222.56060791015625,193362900
2026-06-03,221.46188713313538,222.56061267075634,214.2602739078757,214.5,160907000
2026-06-04,213.91000366210938,221.60000610351562,210.97000122070312,218.66000366210938,169022200
2026-06-05,214.52999877929688,214.8699951171875,204.3300018310547,205.10000610351562,218529000
2026-06-08,210.17999267578125,210.4600067138672,206.0,208.63999938964844,137497805
