Date,Open,High,Low,Close,Volume
2013-01-02,59.74035355102824,60.1879809341072,59.516539859488766,60.16111755371094,70695900
2013-01-03,60.161146792279084,60.286481974034466,59.66876052974155,59.847808837890625,47366500
2013-01-04,59.87465068990302,59.87465068990302,59.50759969930519,59.65083694458008,33972500
2013-01-07,59.49865772450698,59.76723700736489,59.31065495860839,59.668758392333984,26766200
2013-01-08,59.659789773675975,59.82093593910726,59.2390188511469,59.5523567199707,28734900
2013-01-09,59.64188604760217,59.9373149842633,59.57921847555246,59.77616882324219,25600300
2013-01-10,60.18798583457276,60.22379001751263,59.57921227080937,60.1342658996582,37528000
2013-01-11,60.10742974744742,60.24171938493238,59.98209457386271,60.21486282348633,21158600
2013-01-14,59.91045134693078,60.116362962325816,59.686637640317684,59.94626235961914,36768500
2013-01-15,59.65083694458007,59.74036790691202,59.382264548344615,59.65083694458008,31675300
2013-01-16,59.7314128831857,60.098463870333454,59.62397982754925,59.89255905151367,33822300
2013-01-17,60.134269709877756,60.4118033721396,60.03579112492239,60.17903518676758,32024200
2013-01-18,59.99998092143016,60.10741396926792,59.776167194457834,60.04474639892578,31992000
2013-01-22,60.107407981761966,60.18798446717701,59.74035705782206,60.143218994140625,32123100
2013-01-23,60.48342405266486,60.6893357026599,60.39389992102705,60.51028060913086,31975700
2013-01-24,59.67768859863281,60.232742206546426,59.5881576539029,59.67768859863281,42596300
2013-01-25,59.86569787364769,60.15217916964234,59.74931036479642,59.982078552246094,39240100
2013-01-28,59.99104742865404,60.32228745127695,59.919425379882526,60.11638259887695,32926100
2013-01-29,60.044755373177644,60.259614670713006,59.65084096915122,60.12533187866211,35554700
2013-01-30,60.23275294455169,60.41180803568049,59.86570196068101,59.99998474121094,34445000
2013-01-31,59.973129810098364,60.295422152609476,59.811983638842804,59.86570358276367,34870500
2013-02-01,60.28645654052944,60.68037084857996,60.04474074347715,60.57294464111328,53120800
2013-02-04,60.2237896499511,60.393890254012994,59.49863542042801,59.516544342041016,48483700
2013-02-05,59.776173685745526,60.581904556393404,59.63293643666015,60.39390182495117,35120300
2013-02-06,60.196937561035156,60.47447122459559,60.01788931314371,60.196937561035156,43593200
2013-02-07,60.26854677271799,60.31331224029532,59.58815128100064,60.25064468383789,46017900
2013-02-08,60.55505122719795,60.993724290614956,60.5460967641985,60.86838912963867,39837200
2013-02-11,60.90419359772477,60.93105015357919,60.68037985860025,60.88629150390625,17650400
2013-02-12,60.80572538748192,60.922112923059665,60.5729639768353,60.6356315612793,22057900
2013-02-13,60.81466429643436,61.08324349264506,60.6714202370546,60.8504753112793,23494700
2013-02-14,60.57297019805015,60.92211918013426,60.53715917036779,60.83258819580078,24478800
2013-02-15,60.82360781501374,60.97579947803462,60.483406650318294,60.653507232666016,25333600
2013-02-19,60.76988610879018,61.11008726352929,60.75198402023872,61.09217834472656,23436500
2013-02-20,61.074318296687835,61.101174863127376,60.14325195533327,60.15220642089844,38200300
2013-02-21,59.928350596833454,59.99101815136139,59.29272059226403,59.5075798034668,45855600
2013-02-22,59.84777810683282,60.11635726139966,59.61500996155833,60.10740280151367,21968000
2013-02-25,60.492384096759,60.70724339856628,59.310647691437865,59.36436080932617,40927600
2013-02-26,59.444920436694765,59.695590689333045,59.05100613669054,59.588157653808594,42088800
2013-02-27,59.58816395585027,60.56399534854131,59.50759429337497,60.196937561035156,36339500
2013-02-28,60.2058952907078,60.64456830303165,60.06265122041654,60.07160568237305,28557300
2013-03-01,59.86570574065211,60.42971394524975,59.570269944325545,60.32228088378906,31617200
2013-03-04,60.12533265181474,60.5998167371731,60.044756145294144,60.59086227416992,19380500
2013-03-05,60.94895907939231,61.56668035482142,60.94895907939231,61.48611068725586,35581900
2013-03-06,61.674113952736334,61.692022876966675,61.25334302661661,61.333919525146484,29071100
2013-03-07,61.40551377815718,61.593523267155405,61.28017867232569,61.49504470825195,21775900
2013-03-08,61.700951403849835,61.79047550652146,61.32494607447829,61.5666618347168,26159900
2013-03-11,61.48611800990944,61.763644893802635,61.29811526627979,61.74574279785156,23187900
2013-03-12,61.56669316826687,61.70993726964463,61.22649867287675,61.521934509277344,27575400
2013-03-13,61.6025028543548,61.67412490348659,61.22649734179472,61.44135665893555,34297300
2013-03-14,61.65619795985246,61.78153308019775,61.51295391931398,61.64724349975586,31530800
2013-03-15,61.69120945332177,61.72710334216718,61.32330222720078,61.475852966308594,30752600
2013-03-18,60.910561865074285,61.59253238672341,60.77596827519704,61.34128189086914,36163000
2013-03-19,61.52969336119884,61.64634337106036,60.67723570946243,61.224605560302734,33125100
2013-03-20,61.65533447265625,61.78993488559036,61.36819011989211,61.65533447265625,28035400
2013-03-21,61.090006570207834,61.242550474122,60.81183062335638,60.955406188964844,30050800
2013-03-22,61.20667520993697,61.59252610236219,61.134887405285326,61.54765701293945,28837200
2013-03-25,61.745047865861864,61.879648239702284,61.027190615478595,61.32330322265625,24909800
2013-03-26,61.55662795957532,61.67328484561354,61.4220275466412,61.65533447265625,19725200
2013-03-27,61.23357255852151,61.780942397384536,61.14384125704844,61.736080169677734,22539500
2013-03-28,61.73610502828303,61.96940513684153,61.59252941126651,61.888648986816406,23662800
2013-04-01,61.93350305872626,61.996315671365544,61.29640174593885,61.466896057128906,28112800
2013-04-02,61.76300491317379,62.15782404746284,61.70916065017881,61.95144271850586,29431900
2013-04-03,61.987346319475144,62.07707764377248,61.23358813404281,61.386138916015625,35131200
2013-04-04,61.35919129472355,61.55660424483187,61.07204705258203,61.40406036376953,32287400
2013-04-05,60.43497375767999,60.98234379055283,60.29140499364846,60.89261245727539,55610800
2013-04-08,60.91950632246079,61.23356928385069,60.74004372911202,61.21562576293945,17891600
2013-04-09,61.377159908540804,61.879660770170126,61.098983920658185,61.62841033935547,30931400
2013-04-10,61.843763841419154,62.96542238546431,61.80786994648245,62.8308219909668,55271300
2013-04-11,62.678287887533784,62.947488718686,62.60650008641832,62.80391311645508,37233600
2013-04-12,62.65137057253378,62.80391451876405,62.28347006421008,62.75905227661133,32783700
2013-04-15,62.525726010007766,62.62443249671345,61.44893668638511,61.52071762084961,48795800
2013-04-16,61.87069310857981,62.409094778441464,61.74506787789518,62.33730697631836,27682600
2013-04-17,61.798902233874095,61.816845758494146,60.75799980833744,61.1169319152832,60204800
2013-04-18,61.278453703625715,61.31434760049763,60.01321951161876,60.27344512939453,56798200
2013-04-19,60.39011663815397,61.22463111596004,60.30037845120038,61.0989990234375,43062800
2013-04-22,61.31435746385914,61.951458832186404,61.090025706868055,61.72712707519531,34412100
2013-04-23,62.077049343649364,62.543656124912275,61.75401124659885,62.3193244934082,53078300
2013-04-24,62.16680566113959,62.516762599526295,62.02323691911315,62.29243087768555,44500700
2013-04-25,62.45396397547403,62.85776527284004,62.44498878769371,62.62445831298828,26437100
2013-04-26,62.47189773691237,62.606491287510764,62.15782786268794,62.42702865600586,24079800
2013-04-29,62.6244707790884,63.243628783995824,62.597552056451335,63.001346588134766,31664000
2013-04-30,63.08208202781181,63.46793285776286,62.848775123500275,63.45895767211914,30135800
2013-05-01,63.4769163528742,63.57562288033972,63.03722799620384,63.1628532409668,28537200
2013-05-02,63.270517641712985,64.09605669454317,63.21667337579066,63.961456298828125,31744200
2013-05-03,64.58060957447017,64.91261610222153,64.52677215830727,64.7152099609375,34061700
2013-05-06,64.83187602065543,65.06518295852669,64.77803859117041,64.96647644042969,19244300
2013-05-07,65.07413360197371,65.11900267838321,64.6882828214556,64.9305648803711,25838100
2013-05-08,64.89470236601616,65.29849686470284,64.78702063820356,65.24465942382812,24252100
2013-05-09,65.11898282801037,65.59456477031485,65.02925154860424,65.15487670898438,29337200
2013-05-10,65.28948759024144,65.57663183832693,65.17283074673055,65.54971313476562,20663700
2013-05-13,65.44204771691038,65.79200464218312,65.37923511099119,65.63048553466797,29730100
2013-05-14,65.64844988548239,66.16889436847354,65.62152432344553,65.97148132324219,36009800
2013-05-15,65.84586104681973,66.16889935498587,65.68434189273667,66.10608673095703,27214400
2013-05-16,66.15991856951449,66.49192515719547,65.9983994458103,66.03428649902344,27253400
2013-05-17,66.37529000605069,66.69832832591152,66.15993340816439,66.6714096069336,31114500
2013-05-20,66.54575890362193,66.78803412782698,66.30347683335668,66.57267761230469,25132400
2013-05-21,66.5367801271358,66.88673701324184,66.30347325437849,66.64445495605469,25900000
2013-05-22,66.7252152272528,67.25463470420158,65.72020683957943,66.06119537353516,59843200
2013-05-23,65.47794021248717,66.13298496791487,65.352315003335,65.90865325927734,48222100
2013-05-24,65.46897857942015,65.89072337433015,65.28951591378528,65.8727798461914,26430300
2013-05-28,66.64445613397247,66.88673819544186,66.09709310315405,66.30347442626953,27057100
2013-05-29,66.04325545058363,66.22272493001293,65.61254239207457,65.98941802978516,32090300
2013-05-30,66.01634012346605,66.65344140445455,65.99839659763384,66.3393783569336,32390500
2013-05-31,66.0881037528741,66.5906044451612,65.6573839837291,65.72917175292969,38347600
2013-06-03,65.73817323268078,65.86379845600612,64.99339023292256,65.8458480834961,47613100
2013-06-04,65.98044974332012,66.24067538115673,65.23566672944922,65.50486755371094,35251900
2013-06-05,65.2894983472298,65.54074874994284,64.59855289370891,64.65239715576172,48654200
2013-06-06,64.74214468949316,64.97545162736444,64.13196205310335,64.96647644042969,62524100
2013-06-07,65.23566250340946,65.92660804609231,65.0741433885281,65.85482025146484,31969800
2013-06-10,65.98045089898636,66.18683911401014,65.73817562975638,65.88174438476562,25390000
2013-06-11,65.22667694091797,65.80993379159327,65.00234527648621,65.22667694091797,40278900
2013-06-12,65.6035646228668,65.63048333220588,64.3742244099196,64.47293090820312,42081900
2013-06-13,64.38320294891399,65.43307374419014,64.20374031326466,65.28950500488281,28221500
2013-06-14,65.28950746288012,65.36128841220581,64.76008102947968,64.8587875366211,27690700
2013-06-17,65.37028156548021,65.86381423683714,65.14594977778394,65.4869384765625,32441900
2013-06-18,65.57665088522702,66.15093954820156,65.55870051359982,66.02531433105469,24853100
2013-06-19,66.0432562898829,66.11504408256692,65.21771721219879,65.28950500488281,43145100
2013-06-20,64.53573802477106,64.75110137329281,63.52176126487202,63.737117767333984,60908400
2013-06-21,63.71370764808243,63.88474127640909,62.86754995137222,63.398651123046875,51558900
2013-06-24,62.87658545674074,63.25465347876294,62.24647208670375,62.76856994628906,41492300
2013-06-25,63.37164893938746,63.479664397853774,62.84054775363114,63.22761917114258,28897400
2013-06-26,63.767712780223896,63.91174253878724,63.54267143325633,63.79472351074219,23742300
2013-06-27,64.12779250338924,64.4698598111659,64.02877374247687,64.06478118896484,23545000
2013-06-28,63.866724907280854,64.53285217006655,63.72270203135163,64.15477752685547,28301100
2013-07-01,64.58687261634614,65.0819663730358,64.4878538650082,64.55086517333984,24942800
2013-07-02,64.5238578728106,64.97394058485092,64.22680163461185,64.57786560058594,23067900
2013-07-03,64.34386396789728,65.14501109953764,64.28984934182058,64.83895111083984,18847500
2013-07-05,65.2080074989325,65.36103402435755,64.68590972872052,65.33403015136719,28795900
2013-07-08,65.67608283604237,65.70308670581765,65.1539851279914,65.39703369140625,20558500
2013-07-09,65.70307564697296,65.93712059182977,65.39702268407501,65.7930908203125,26108600
2013-07-10,65.73010217790895,66.27020713962557,65.69410159033306,66.17118835449219,25598900
2013-07-11,66.8823033254843,67.53942033315877,66.83729230075343,67.48541259765625,47768900
2013-07-12,67.53040337060351,67.82745959242915,67.35037304279713,67.78245544433594,31412600
2013-07-15,67.8544902411298,67.98051289388643,67.66545626199483,67.93550872802734,19783600
2013-07-16,67.98952773014226,68.04353548520221,67.6744710460915,67.84550476074219,31747100
2013-07-17,68.05250219074507,68.1785247960764,67.82746084297958,68.01649475097656,24631500
2013-07-18,68.00753489364267,68.17856174057272,67.73748238290165,67.84550476074219,36278800
2013-07-19,67.26036697429741,67.27836726242546,66.94531042417378,67.14334106445312,37732400
2013-07-22,67.39539185706626,67.49441060913247,67.13434304413877,67.34137725830078,21135900
2013-07-23,67.46740780093555,67.47641137974034,66.79228361266314,66.84629821777344,24739500
2013-07-24,67.50341902074058,67.53042289094559,66.9093132730739,67.06233978271484,24426900
2013-07-25,67.37739025893306,67.56642420091002,67.02632624273039,67.48541259765625,23162200
2013-07-26,67.21538452492003,67.85450147477175,67.10736901480011,67.84550476074219,20885600
2013-07-29,67.71046358331995,67.99851632635959,67.53942990636172,67.71946716308594,20958400
2013-07-30,67.96253258986329,68.36760454033015,67.82750631713382,68.07955169677734,24104600
2013-07-31,68.21455472730092,68.60162624779008,68.07952850057788,68.20555114746094,25007600
2013-08-01,68.67363261723025,68.99769277400803,68.6016177228978,68.89867401123047,16880000
2013-08-02,68.90767582937053,69.30374400264296,68.75464246589443,69.2857437133789,18105300
2013-08-05,69.24975314749491,69.38477938690289,69.11472690808695,69.33076477050781,15462800
2013-08-06,69.24073189772614,69.30374321100777,68.63762263235645,68.91667175292969,23675400
2013-08-07,68.71862690068389,68.9256679752088,68.2955549096414,68.79064178466797,20281200
2013-08-08,69.16872916110343,69.29475867753199,68.68264572620721,69.13272857666016,19994000
2013-08-09,69.01566771418754,69.25871617635802,68.6556002424968,68.8536376953125,18558500
2013-08-12,68.59261474131232,69.14171629687053,68.58361803023118,69.01569366455078,20515900
2013-08-13,69.10569948663253,69.55578221757187,68.61061260322971,69.40275573730469,23917000
2013-08-14,69.3757533219634,69.47477207425656,69.04268962173028,69.14170837402344,29921000
2013-08-15,68.36758774044866,68.40359519550988,67.77348190123803,67.97151947021484,39406600
2013-08-16,67.98048909838866,68.29555248771679,67.82746262613718,67.94448852539062,23825000
2013-08-19,67.95351442302916,68.52961998649319,67.80949146602318,67.8274917602539,29586900
2013-08-20,67.95349333069467,68.43958353668563,67.8994855970461,68.12452697753906,18842800
2013-08-21,67.90850246017717,68.4936046697482,67.63845000366805,67.89049530029297,30705100
2013-08-22,68.18756170833515,68.60163716652997,68.1515542509634,68.55663299560547,17269500
2013-08-23,69.04269753323095,69.10570884939082,68.77265197871081,69.01569366455078,20697300
2013-08-26,69.06973445934884,69.56482159755443,68.90770431811114,69.05172729492188,27525500
2013-08-27,68.23256328522709,68.57462378124514,67.4764205207144,67.6384506225586,40068900
2013-08-28,67.55742231553823,68.18753540719757,67.55742231553823,67.89948272705078,20490400
2013-08-29,67.88149989125017,68.71864741351754,67.78248111314382,68.3765869140625,27287900
2013-08-30,68.44860291931353,68.44860291931353,67.69246013505419,67.93550872802734,26228500
2013-09-03,68.4936205411799,68.80868410268722,67.99853341314993,68.32259368896484,27241500
2013-09-04,68.55664015671628,69.16874639281316,68.34959897213218,69.05172729492188,27142900
2013-09-05,69.09670840731125,69.36675394724982,69.0697045400892,69.16871643066406,17809700
2013-09-06,69.40275181341225,69.61878958908791,68.45758225250808,69.24972534179688,27715100
2013-09-09,69.54680419999694,70.17691744558233,69.51980032771746,70.05989837646484,25161900
2013-09-10,70.46497360788287,70.50098106190535,70.14091338940017,70.40196228027344,27619400
2013-09-11,69.93386513245542,70.31193302252986,69.84384308153633,70.26692199707031,28132900
2013-09-12,70.28492751227074,70.4379540069088,70.07788641479952,70.22191619873047,18332700
2013-09-13,70.29392586525873,70.33893689071827,69.88885410699588,70.26692199707031,16932500
2013-09-16,70.86104272436162,70.86104272436162,69.91586602266523,70.07789611816406,25704300
2013-09-17,70.23093408919479,70.63601282787286,70.19493350007335,70.5459976196289,27174300
2013-09-18,70.65400761113654,71.53617306564328,70.5099846627246,71.39214324951172,31714700
2013-09-19,71.61715622426087,71.73418212028912,71.4371258933639,71.56314849853516,26435700
2013-09-20,71.73290753567309,71.81416929163409,71.28147323554087,71.31758880615234,26328900
2013-09-23,71.61554521503263,71.6968069802046,70.83907757972567,71.17314147949219,30319400
2013-09-24,71.32662750573293,71.55234468138399,70.93839368807946,71.17314147949219,21871300
2013-09-25,71.22730774582182,71.32662384908404,70.78490403296178,70.92935943603516,22746400
2013-09-26,71.21825462607761,71.6516344750353,71.19116967708132,71.48008728027344,22421700
2013-09-27,71.06476786437875,71.5162020448576,70.9564211812618,71.38980102539062,25151600
2013-09-30,70.64944949970301,71.40785561923961,70.42373240864966,71.21825408935547,28031900
2013-10-01,71.2272849212846,71.97666731909304,71.19116936000407,71.9405517578125,33129700
2013-10-02,71.45302534912221,72.01280639928288,71.38079420297093,71.91349029541016,25503800
2013-10-03,71.82319695269328,71.97668295522443,70.69461124877503,71.07381439208984,42998200
2013-10-04,71.07380855140204,71.78707548426453,71.01060803270991,71.68775939941406,22852700
2013-10-07,71.05574997204658,71.6426158893944,71.02866501850349,71.09186553955078,20227100
2013-10-08,71.09187793152063,71.15507846358436,69.6924356105834,69.71952056884766,43660700
2013-10-09,69.88204902064854,69.91816460055351,68.93403399108504,69.50284576416016,64526700
2013-10-10,70.25219736248326,71.13701154327475,70.23414302294636,70.97449493408203,48062700
2013-10-11,70.79391937728911,71.58844114365925,70.7848887639384,71.53427124023438,25214100
2013-10-14,71.09184910157767,72.03986358642578,71.03767920701672,72.03986358642578,31471900
2013-10-15,71.98572694835887,72.32881458631134,71.66971738185805,71.760009765625,38684000
2013-10-16,72.09407431374898,72.60870926857355,72.03990438850717,72.57259368896484,46735900
2013-10-17,72.24754019639062,73.0149839942809,72.18433967180042,72.9878921508789,32193500
2013-10-18,73.65604221761954,74.19776214834339,73.44837935186503,74.1706771850586,39628200
2013-10-21,74.34219938583753,74.52277724410865,74.0984278875977,74.33317565917969,31176900
2013-10-22,74.62208326601215,74.8478003921112,73.9720168407125,74.4415054321289,43944800
2013-10-23,74.08034360634562,74.21576833489083,73.62890947562649,73.99005126953125,38021300
2013-10-24,74.03520700120944,74.46858685354911,73.92686031603975,74.31509399414062,23155100
2013-10-25,75.01029487871304,75.19086577100786,74.48662964738485,74.8477783203125,35824500
2013-10-28,74.8568438877541,74.9832449490543,74.53181061917039,74.8658676147461,28618400
2013-10-29,75.11867248927066,75.17284929491349,74.66723814284875,74.99227142333984,36878100
2013-10-30,75.25408561195312,75.38048664671133,74.55887992078291,74.92002868652344,33535500
2013-10-31,74.73042052354732,75.20894660072581,74.46859472796145,74.74848175048828,31309900
2013-11-01,75.00131123317935,75.09159673586326,74.39639078802062,74.76656341552734,30867800
2013-11-04,74.99224834383251,75.00127895671731,74.61304526274306,74.8748779296875,16834000
2013-11-05,74.58596611384257,75.13671644088475,74.36927960612857,74.95613861083984,27975600
2013-11-06,75.27216662374447,75.29925158283469,74.69433120201435,74.93810272216797,25576800
2013-11-07,74.94713621806663,75.05547605859086,73.46643203193963,73.52963256835938,52173200
2013-11-08,73.80049123110632,74.54084334596988,73.59283527175913,74.52278900146484,31470500
2013-11-11,74.41441160278073,74.61304375218893,74.16160955383911,74.40538787841797,24822900
2013-11-12,74.17970134913267,74.63113573352123,74.14358577178054,74.52278900146484,20108500
2013-11-13,74.03521795693146,75.43466690535583,74.03521795693146,75.4256362915039,31345900
2013-11-14,75.22703555184678,75.71458557848136,75.06451887630192,75.66041564941406,31101200
2013-11-15,75.6784238128533,75.80482482910156,75.48882228848089,75.80482482910156,20511300
2013-11-18,75.78678117004435,75.94026715592052,74.92002827008872,75.06448364257812,31679600
2013-11-19,75.01931860149118,75.38046727441883,74.72137731803852,74.8477783203125,25545300
2013-11-20,75.04643106875916,75.32631809527211,74.45053456133687,74.66722106933594,32177400
2013-11-21,74.98323264952089,75.4888368117872,74.92003212923758,75.4256362915039,28125000
2013-11-22,75.55205260633237,75.85902465595704,75.49788268894955,75.83193969726562,25361300
2013-11-25,76.10277477704467,76.18402962292032,75.82288779013224,76.01248931884766,21695100
2013-11-26,76.03055640048606,76.59936108198353,75.86803979315248,76.40975952148438,26621000
2013-11-27,76.56326355958669,76.96052107780096,76.50006303021117,76.94246673583984,21638100
2013-11-29,77.2494306958184,77.50223278690537,77.16817583297204,77.40292358398438,16708900
2013-12-02,77.49321056677616,77.61058100039271,77.0598306248203,77.17720794677734,26354600
2013-12-03,77.12302976836142,77.32166195118828,76.8160577682402,77.11400604248047,37147000
2013-12-04,76.78897602657423,77.43903562255845,76.54519765078207,77.18623352050781,37193200
2013-12-05,77.24943832197145,77.33973069627945,76.89732010486162,77.08692169189453,39829300
2013-12-06,77.73698347851601,77.80921461822757,77.2765185732806,77.64669799804688,36842900
2013-12-09,77.96269226074219,78.1252088634896,77.82726061039602,77.96269226074219,22590000
2013-12-10,77.83631529345445,78.0530018680108,77.75506041112406,77.9085464477539,26965900
2013-12-11,77.89948782874997,78.00783452125162,76.79798723083819,76.90633392333984,36830600
2013-12-12,76.9334197490755,77.12302129685442,76.6535327340218,76.70770263671875,33662600
2013-12-13,77.06884032110085,77.1049558804897,76.48197453562477,76.6083755493164,34072000
2013-12-16,76.98758392808828,77.47513368113248,76.93341402941863,77.03273010253906,24902500
2013-12-17,77.03274320003499,77.22234476595489,76.73479493001501,76.87925720214844,24454900
2013-12-18,76.96951908951758,77.84530240299281,75.88607993391535,77.7730712890625,68387200
2013-12-19,77.64670486100779,77.65573547635509,77.2133248727739,77.5564193725586,44964100
2013-12-20,77.70316485115434,78.50927009131367,77.64882285166343,78.34623718261719,40475400
2013-12-23,78.98927398118644,79.17042541503906,78.75378057228835,79.17042541503906,28181800
2013-12-24,79.18854571942238,79.2610063008475,79.04362455657214,79.20665740966797,13852500
2013-12-26,79.35157894189197,79.5327234860766,79.1976053883129,79.46932220458984,15241100
2013-12-27,79.56898302276434,79.61427263056754,79.17046349703689,79.27008819580078,15827400
2013-12-30,79.15232849121094,79.26101938128586,78.92589431955506,79.15232849121094,18983700
2013-12-31,79.29723074203943,79.6685791015625,79.2700528433438,79.6685791015625,24890500
2014-01-02,79.2972369139487,79.32440790453823,78.81719074272164,79.04362487792969,29177500
2014-01-03,79.04364943001126,79.11611003423828,78.4549260237816,78.47303771972656,35723700
2014-01-06,78.49115877333426,78.58173107633039,77.89336913515704,78.1832046508789,32073100
2014-01-07,78.54544947573216,79.02548858730363,78.40052835740607,78.90774536132812,25860600
2014-01-08,78.92591377391135,79.29726922386877,78.75382154976286,79.07988739013672,27197400
2014-01-09,79.36969192971969,79.37875123014344,78.54547525691787,78.81719207763672,23674700
2014-01-10,79.00738425484812,79.16135777473353,78.41865424974638,79.07078552246094,38008900
2014-01-13,78.96212265310051,79.233846416421,77.6035176569427,77.90241241455078,48842300
2014-01-14,78.16505928471366,79.45120339983296,78.16505928471366,79.38780212402344,37178900
2014-01-15,79.73200106602651,80.19392872061563,79.6504880794522,80.03995513916016,39835600
2014-01-16,79.9765270525055,80.1667308676796,79.8497245090561,80.04898071289062,31630100
2014-01-17,79.8044298826836,80.03992326716231,79.40590367975348,79.59610748291016,36895800
2014-01-21,80.10334846101235,80.23920342511722,79.53272997088392,80.2029800415039,26412700
2014-01-22,80.41132354736328,80.61058677761801,80.1758300106782,80.41132354736328,29376900
2014-01-23,80.16675839809662,80.17581078986576,79.57802815263436,80.13958740234375,35011900
2014-01-24,79.75011839682787,79.86786167896327,78.53642763772145,78.5635986328125,63974600
2014-01-27,78.56361103368678,78.6994729408097,77.21406508610602,77.80279541015625,63519300
2014-01-28,77.4404780133465,77.8390043219961,77.26838585093478,77.75748443603516,44378800
2014-01-29,77.0872271677533,77.65783862399837,76.7702208031727,76.9241943359375,51939300
2014-01-30,77.86619775985082,78.61796100051923,77.78467785039071,78.34623718261719,65833600
2014-01-31,77.47673252100073,78.50927199774351,77.39521260956109,78.1379165649414,45187000
2014-02-03,77.99296830398555,78.34620497591477,76.14526506839064,76.34452819824219,65596900
2014-02-04,76.73398241123827,77.21402155692475,76.49848903233216,76.90607452392578,37675500
2014-02-05,76.65248399219388,76.97854971259703,75.8463789918143,76.70683288574219,41721800
2014-02-06,76.93325681041163,77.7846443803948,76.91513821156177,77.68501281738281,32308600
2014-02-07,78.1197595980489,79.12512749178052,77.89332551225745,79.07078552246094,38359400
2014-02-10,79.04362782212279,79.55989739321815,78.9892858389196,79.52367401123047,30205400
2014-02-11,79.69574637726365,80.58337111733886,79.60517411649366,80.42939758300781,38635500
2014-02-12,80.59244858341185,80.76453384459965,80.33883652177857,80.58338928222656,32507200
2014-02-13,79.99463985202856,81.24455361635603,79.97652816423559,81.18115234375,40454500
2014-02-14,81.1540038930351,81.5253592430086,80.90945803370847,81.34420776367188,33212400
2014-02-18,81.4800571355739,81.89669510874629,81.28079399400858,81.74272155761719,29546600
2014-02-19,81.58873787640624,81.7789416942243,81.0181195127316,81.18115234375,41749900
2014-02-20,81.23549594364464,81.71553510646922,80.89131170598172,81.56156158447266,41814800
2014-02-21,81.82423688218923,81.94198705662254,81.3532569151205,81.45288848876953,31192200
2014-02-24,81.64306635733266,82.25896729381355,81.55249411289532,81.88761901855469,31500400
2014-02-25,82.00539583098046,82.16842870182624,81.53440891066062,81.79707336425781,26771700
2014-02-26,82.01448306773005,82.27714070057077,81.39858166921753,81.72464752197266,42953700
2014-02-27,81.73646239577113,82.33672654688584,81.6091334261738,82.25487518310547,28742400
2014-02-28,82.23664838849236,82.72777719095829,81.43629419497692,82.16388702392578,48609800
2014-03-03,81.39083290789509,81.77282667892037,80.82694956683683,81.5545425415039,38885700
2014-03-04,82.44585380650372,82.7459892975246,82.36399551854022,82.59136962890625,33189000
2014-03-05,82.72782307560519,82.96429417215147,82.55501647363951,82.81877136230469,27203300
2014-03-06,83.00974244645629,83.07340692385748,82.44585905773366,82.7459945678711,24063900
2014-03-07,83.00971038739243,83.09156864895537,81.9183177851894,82.33668518066406,31167800
2014-03-10,82.29121471480046,82.45492429937593,81.88193728390934,82.4094467163086,18131700
2014-03-11,82.60954945501173,82.81872971533936,81.80918828115017,82.05475616455078,27484300
2014-03-12,81.68184579317821,82.40944547789172,81.38171734172087,82.36396789550781,27977200
2014-03-13,82.67321561550841,82.70049939446749,80.82693922427809,81.1998291015625,48542000
2014-03-14,80.93606566987431,81.29076863615731,80.60864647962764,80.64502716064453,38732300
2014-03-17,81.16345300870707,81.77282084186335,81.11798235417133,81.35444641113281,28467200
2014-03-18,81.45447280674588,82.43673031207159,81.42718903252656,82.33668518066406,31250200
2014-03-19,82.36398729531808,82.45494248150928,81.35444579097299,81.89105224609375,40869400
2014-03-20,81.63639910775721,82.36399206709457,81.4726894775976,82.1184310913086,31634500
2014-03-21,82.58879226289775,82.63437384925194,80.97530564565469,81.1302719116211,62754000
2014-03-24,81.42198288006352,81.48579293350129,79.68087601924803,80.41925048828125,77735300
2014-03-25,80.83859057712864,81.35818881574404,80.0090527646366,80.68362426757812,41723300
2014-03-26,81.08470195040162,81.2670213671839,79.63529909954926,79.64441680908203,40930400
2014-03-27,79.5350013633328,79.89051542622549,78.76016319945828,79.19771575927734,64784500
2014-03-28,79.45296556433169,80.22780375451683,79.13390840827948,79.35269165039062,39895100
2014-03-31,79.97257649400343,80.45571072741502,79.872302563887,79.91787719726562,33924300
2014-04-01,80.30987365066191,81.37641629251117,79.95435943671217,81.32172393798828,38683800
2014-04-02,81.66811821167595,81.7501636959959,81.16675541442748,81.53138732910156,34631600
2014-04-03,81.61340432621274,81.75014212748628,80.41924190162231,80.88414764404297,30319100
2014-04-04,81.42200436834592,81.50404986143258,78.52319111684558,78.73285675048828,131213200
2014-04-07,78.24057649294721,78.96983318294038,77.43838509274913,77.98533630371094,83995800
2014-04-08,78.07650722884703,78.81488176605922,77.80303157184815,78.70549011230469,51495700
2014-04-09,78.9971865679056,80.10019279204306,78.78752100904211,80.05461120605469,45685200
2014-04-10,80.10929927757049,80.10929927757049,77.35634271796778,77.57511901855469,73659600
2014-04-11,76.88232707118142,77.88506637285234,76.49035601387685,76.67266845703125,93657400
2014-04-14,77.34723501219368,77.68452069174222,76.563278966045,77.27430725097656,46500700
2014-04-15,77.55692534308942,77.97624967177454,75.91608496582043,77.52957916259766,84631500
2014-04-16,78.20413999710144,78.55965423583984,77.56603234581448,78.55965423583984,46970900
2014-04-17,78.25882292019116,78.96985131194309,78.05827502410213,78.57787322998047,53719500
2014-04-21,78.76018136173751,79.16127014160156,78.39554950795498,79.16127014160156,25947900
2014-04-22,79.43470819128193,79.99076994041175,79.29797044145525,79.79022216796875,38593400
2014-04-23,79.79022817269666,79.81757433376579,79.04273629946427,79.08831787109375,34376700
2014-04-24,80.39189904255696,80.41012750458306,78.98807100423964,79.8449478149414,48926300
2014-04-25,79.37093296075824,79.46208918234387,78.37731832235906,78.5687484741211,44334000
2014-04-28,78.94249990340398,79.40740572672384,77.58425327188877,78.8239974975586,58623800
2014-04-29,79.06099442967633,79.59882096464753,78.67812720037023,79.45297241210938,36742700
2014-04-30,79.08835293126597,79.74468890696706,78.8878050548268,79.66264343261719,38689400
2014-05-01,79.79025893251114,80.3554386466499,79.58971106766275,79.89965057373047,37127200
2014-05-02,80.17311598454407,80.31897150023892,79.56236166081287,79.75379180908203,40074200
2014-05-05,79.27978541472247,80.1913616398801,79.08835524201233,80.17312622070312,27924400
2014-05-06,80.04551029385088,80.09109188940363,79.0974701355089,79.1339340209961,33698500
2014-05-07,79.29799143282398,79.38003688634699,77.96709135539493,78.90601348876953,67489100
2014-05-08,78.62343381496089,79.7902500388134,78.44112138802393,78.83309936523438,46556900
2014-05-09,78.7875311970144,79.17950924097067,78.25881533218511,79.12481689453125,35081500
2014-05-12,79.59882242058427,80.45570615477932,79.52589466559458,80.42835998535156,38951100
2014-05-13,80.50129120786129,80.77476684709204,80.32809646080459,80.48306274414062,30311900
2014-05-14,80.23692305751516,80.53774483139624,79.87229819135162,80.06372833251953,26483600
2014-05-15,80.04547708063753,80.18221485578424,78.92424262493317,79.43472290039062,59680300
2014-05-16,79.52590378688696,79.99992729391495,78.97895947127907,79.954345703125,66804100
2014-05-19,79.7173327280586,80.63802660066773,79.58060186733255,80.51040649414062,32017000
2014-05-20,80.47396740349888,80.76567158753261,79.89055903543141,80.2187271118164,33716000
2014-05-21,80.36454810799925,81.0299947314964,80.31896652347551,80.98441314697266,36837700
2014-05-22,81.07559261863025,81.56784462042017,80.94797250203007,81.33995056152344,30617100
2014-05-23,81.42196141847852,81.95067712461525,81.23964901521805,81.93244171142578,22687300
2014-05-27,82.29710179988734,82.97166626986723,82.22417403157202,82.95343780517578,29725200
2014-05-28,82.92609046784128,83.0445928736108,82.63438635344544,82.69819641113281,30468100
2014-05-29,82.98989407486272,83.23601657687631,82.8258100885956,83.2269058227539,33036100
2014-05-30,83.24514828904358,83.36365070553626,82.79847784481316,83.23603057861328,29906400
2014-06-02,83.33631182452763,83.35454724698461,82.62528335377542,83.15399932861328,30409900
2014-06-03,82.88050381212814,83.25425338059271,82.77111912264525,83.11751556396484,21774500
2014-06-04,82.90783875959522,83.5641746267282,82.78021866929419,83.42743682861328,20118300
2014-06-05,83.50037424243413,84.28433029057058,83.21778786046893,84.12936401367188,35583100
2014-06-06,84.43927850598561,84.61248016357422,84.27519455531552,84.61248016357422,22680600
2014-06-09,84.63073695070207,84.7583640259634,84.32080435945659,84.54869842529297,23399500
2014-06-10,84.47575104191296,84.74010893147882,84.37547711984406,84.69453430175781,20626000
2014-06-11,84.40283205240753,84.7948100735297,84.32079353752744,84.67630767822266,22878200
2014-06-12,84.49401469596171,84.58517094064196,83.61890222843515,83.91060638427734,35275900
2014-06-13,84.27522543673456,84.36638862977985,83.79209111460533,84.15672302246094,39447100
2014-06-16,84.01085320906631,84.47575199323204,83.82853382380908,84.22962951660156,25212300
2014-06-17,84.16583045826475,84.50310919416872,84.02909264016412,84.27521514892578,19977900
2014-06-18,84.35722865549545,84.86770889787121,83.84674841311968,84.74920654296875,34514000
2014-06-19,84.87684673018852,84.93153906776305,84.31166707441598,84.69453430175781,38422200
2014-06-20,84.73020028804747,84.88558999481852,84.5748175547408,84.79418182373047,25897500
2014-06-23,84.78504219250735,84.83988151354734,84.55653572355538,84.81246185302734,20837900
2014-06-24,84.80331019795524,85.52539139624777,84.48340257174038,84.73018646240234,31945800
2014-06-25,84.53824676405384,85.41571072092356,84.5291115266801,85.26947021484375,32818600
2014-06-26,85.32429723881698,85.33343944833707,84.65706238656493,85.31515502929688,22563900
2014-06-27,85.20547837486863,85.70818833467115,85.1780587191383,85.68991088867188,22877800
2014-06-30,85.67163384382626,86.04638076300013,85.616787558646,85.8361587524414,19751900
2014-07-01,86.1377733951169,87.00610192745715,86.10121153311142,86.77759552001953,31862500
2014-07-02,86.83244220773662,87.05180642495503,86.75018324132824,86.92384338378906,18777300
2014-07-03,87.20719819658363,87.47225952148438,86.96954955435022,87.47225952148438,15291700
2014-07-07,87.37170174758403,87.48138732750805,87.04265895473549,87.20718383789062,23266400
2014-07-08,87.04268838041266,87.10666991363252,85.79961261488626,86.15608215332031,40612400
2014-07-09,86.38455160658297,86.89640365299572,86.13776081744746,86.79586029052734,29919000
2014-07-10,85.68075106525681,86.87812924921344,85.58020769927279,86.52165985107422,44245300
2014-07-11,86.74103859357787,87.0792236328125,86.47597030905239,87.0792236328125,19566300
2014-07-14,87.4722414499606,87.80129120246829,87.326000989658,87.60020446777344,19579000
2014-07-15,87.73734302298539,87.86530608940848,86.67707661927065,87.29861450195312,39467500
2014-07-16,87.92926552231573,88.02067366689819,87.55451862868459,87.64591979980469,22052600
2014-07-17,87.4082605743239,87.71903288659335,86.21088933891694,86.48509979248047,43111500
2014-07-18,86.93298745860703,87.90185249778311,86.83244407075334,87.85615539550781,36682200
2014-07-21,87.67333623733916,87.89270740813421,87.33515121925545,87.7464599609375,29750700
2014-07-22,88.15777628290392,88.44112899284623,88.06637510727788,88.30402374267578,25770400
2014-07-23,88.61480207647786,88.9712715949049,88.4502771469374,88.87073516845703,28947500
2014-07-24,89.02609818100647,89.12664155866266,88.64220908820771,88.77017211914062,24707200
2014-07-25,88.31318817232717,88.54169465561706,87.95671861627208,88.42286682128906,29898900
2014-07-28,88.51424549715306,88.67877040219642,87.76474470161386,88.45026397705078,25603400
2014-07-29,88.64222562629568,88.84330544566157,88.22176761939966,88.29489135742188,27022200
2014-07-30,88.78848296194677,88.9530079169567,88.29490809691703,88.64224243164062,35348500
2014-07-31,87.91098875607933,88.0572292363079,86.72275260195863,86.85071563720703,50047900
2014-08-01,86.66792038019219,87.14321069662641,85.95498141880935,86.53081512451172,60708000
2014-08-04,86.71364533104052,87.46314633926212,86.39373066628579,87.12495422363281,33230500
2014-08-05,86.7776172660702,87.02440117962234,86.05553600080178,86.45770263671875,50331100
2014-08-06,85.91843214806774,86.93300142599118,85.84530840452312,86.39372253417969,34431900
2014-08-07,86.79585317761305,86.96037803240021,85.8178462556728,86.11947631835938,33274700
2014-08-08,86.25662574369761,86.84160175537946,85.89101399303043,86.74105834960938,40236900
2014-08-11,87.07922442789953,87.52710203694363,87.01524290853074,87.25289154052734,28277500
2014-08-12,87.16148454630255,87.44483025980738,86.76845324686256,87.21632385253906,28152300
2014-08-13,87.5727898420553,88.17605008075371,87.52709274647812,88.13948822021484,27996500
2014-08-14,88.25831981961446,88.61478928659182,88.13949898844291,88.59651184082031,25006600
2014-08-15,89.10834384746101,89.23630685930414,88.18518311537292,89.02608489990234,55205500
2014-08-18,89.492244707876,89.79386783873672,89.36427471563441,89.71160888671875,38938300
2014-08-19,89.92182943014264,90.26916359571356,89.86699012966781,90.21431732177734,21363400
2014-08-20,90.14120057896471,90.39712661246242,90.05893465479109,90.21431732177734,23435600
2014-08-21,90.26005049285965,90.44285286902934,90.12294522400055,90.39715576171875,19339500
2014-08-22,90.43369734627692,90.71704305782119,90.23261059351823,90.53424072265625,24692000
2014-08-25,90.96384275435628,91.11009022673552,90.63479988842961,90.85416412353516,24124700
2014-08-26,90.99123781506819,91.04607711145162,90.73530482720342,90.9455337524414,20100400
2014-08-27,90.97297124953857,91.07351462827542,90.77188449206488,90.96382904052734,15589100
2014-08-28,90.65307514508451,90.97298276635429,90.56167396378788,90.8633041381836,23563900
2014-08-29,91.06434895660317,91.32028192874108,90.7352992516006,91.20145416259766,17906300
2014-09-02,91.42085628496542,91.49398002166664,91.09181341673663,91.46656036376953,18326800
2014-09-03,91.71331688030438,91.71331688030438,90.7627364808065,90.92726135253906,25950700
2014-09-04,91.13749677933455,91.60365181368351,90.61650243746062,90.84500885009766,24663500
2014-09-05,90.98212484987864,91.35687178471214,90.51596976041263,91.30203247070312,30798200
2014-09-08,91.32943767413214,91.70419152312111,91.05523417401871,91.4756851196289,25571300
2014-09-09,91.48484225608455,91.82303432466155,90.54339676407126,90.7170639038086,36449200
2014-09-10,90.83588033828235,91.50312223212013,90.57995423329143,91.46656036376953,31080100
2014-09-11,91.0734869865393,91.43909852793712,90.70787544514147,91.39339447021484,28691900
2014-09-12,91.31115039542797,91.33857004513985,90.64390870077331,90.92726135253906,30444400
2014-09-15,91.02780414960222,91.03694635796998,89.77559356822871,90.04979705810547,32972200
2014-09-16,89.71163623318992,91.00955123271878,89.62023504526574,90.83588409423828,38166900
2014-09-17,90.81760160577092,91.4025775441766,90.42457024339242,90.97298431396484,37196500
2014-09-18,91.25634230357142,91.66765814172521,91.15580587038451,91.65851593017578,30196700
2014-09-19,92.04141835215022,92.13303692148165,91.23516515596533,91.60164642333984,46918000
2014-09-22,91.3817918169841,91.39095577477751,90.35565222577759,90.74961853027344,48658000
2014-09-23,90.38314716702537,90.90538097853668,90.3190134354381,90.50225067138672,33989600
2014-09-24,90.59385277633666,91.51921672632692,90.28234813399311,91.47340393066406,35959000
2014-09-25,91.18024323970455,91.29935374248831,89.51275911120884,89.54940795898438,68642500
2014-09-26,89.84258543788769,90.66716697976148,89.68683308832611,90.50225067138672,56106200
2014-09-29,89.60437188299845,90.63051151342873,89.55855908233195,90.38314056396484,33342700
2014-09-30,90.63052471662456,90.97868527628567,90.08080597880274,90.51142120361328,41834300
2014-10-01,90.25485200597991,90.34647059583784,88.7797696421011,89.06378936767578,58164900
2014-10-02,89.02714053372254,89.33865212729992,87.9277034753267,89.06378936767578,54501300
2014-10-03,89.5860495052715,90.30984846222779,89.2745448096473,89.94336700439453,41627800
2014-10-06,90.22743529134289,90.44732147112744,89.47615110286135,89.75100708007812,36038700
2014-10-07,89.32952932789988,89.58606429371501,88.4682988083317,88.47746276855469,45154000
2014-10-08,88.5232643698016,90.48393220602523,88.01018751308933,90.19990539550781,64931600
2014-10-09,90.08081569855223,90.30986577986364,88.6057326157024,88.7431640625,62497100
2014-10-10,88.22089317580495,88.7156419828526,86.50759676936497,86.52592468261719,77579400
2014-10-13,86.37019538383963,87.02986068906064,85.09667758239199,85.16997528076172,80835900
2014-10-14,85.7013413407229,86.27854477380443,84.94089372964281,85.17910766601562,71814500
2014-10-15,83.89644687905766,84.98672728687808,82.67789901032336,84.62940979003906,108847800
2014-10-16,82.84280304538098,84.82179841787686,82.81531816354932,84.0979995727539,93165800
2014-10-17,85.20658874511719,86.02200607820515,84.71183997166209,85.20658874511719,69546700
2014-10-20,85.1974664594839,86.55344601921031,85.02339315057215,86.48014831542969,41479300
2014-10-21,87.55208474788702,88.75231170654297,87.33219866746745,88.75231170654297,53609800
2014-10-22,89.02716058591649,89.14627107060518,88.23922795357623,88.29420471191406,39178000
2014-10-23,89.18293197126557,90.11746017204253,89.02717960115389,89.62271118164062,48123800
2014-10-24,89.81512052370438,90.41981611889558,89.45780294111104,90.35568237304688,43157600
2014-10-27,90.18157057733166,90.5847008333598,89.80592520420514,90.41978454589844,29545700
2014-10-28,90.8412801273307,91.80328644934193,90.77714637252996,91.78496551513672,34495100
2014-10-29,91.48255642670205,91.72993430820758,90.79540651815388,91.44590759277344,40552800
2014-10-30,91.03364771579008,91.85822925108849,90.83208256382242,91.63833618164062,35935800
2014-10-31,93.15922197001554,93.22335569433095,92.6003393766734,92.9026870727539,54254100
2014-11-03,93.06762696735353,93.42494452060248,92.9301955260916,93.17756652832031,33481000
2014-11-04,92.88435638637579,93.10424942608472,92.23385520485266,92.86603546142578,22773300
2014-11-05,93.47987138332658,93.47987138332658,92.5545075597325,92.87518310546875,25818600
2014-11-06,92.86605587197565,93.1958885139798,92.46292553395881,93.16840362548828,24671900
2014-11-07,93.3333154646506,93.36996431089709,92.60035251982629,93.0859375,20931700
2014-11-10,93.13175165940113,93.53487499386824,92.8843736911538,93.415771484375,20360000
2014-11-11,93.43411320982882,93.70896911621094,93.1775712444635,93.70896911621094,15454000
2014-11-12,93.33332367692412,93.97466106753629,93.33332367692412,93.8738784790039,22050300
2014-11-13,94.04795799187232,94.62516163866927,93.83722885666207,94.27700805664062,28027800
2014-11-14,94.2495065348227,94.57017517089844,93.9379948668834,94.57017517089844,19251300
2014-11-17,94.35028179353448,94.56100388517596,93.83720502551962,94.28614807128906,23361600
2014-11-18,94.36861418097516,95.11989801427015,94.35945022238371,94.99163055419922,26336800
2014-11-19,94.89087549003638,94.89087549003638,94.12127050649163,94.56104278564453,23760200
2014-11-20,94.15789368344046,95.06493693552034,94.08460297816421,94.98247528076172,22874000
2014-11-21,95.82536099187433,95.91698658998428,94.86335512218558,95.16570281982422,34049100
2014-11-24,95.42226710953089,95.95366498601739,95.33980544384319,95.90785217285156,17928300
2014-11-25,96.0544204711914,96.33844727122397,95.80704950605586,96.0544204711914,17526000
2014-11-26,96.14605364109339,96.73242122462536,96.04527105735637,96.67744445800781,18973800
2014-11-28,96.93397211133211,97.34625935493223,96.86983838477094,97.12637329101562,17360400
2014-12-01,96.8607003090129,97.04393757956458,95.66963708026543,96.0269546508789,35969500
2014-12-02,96.12771636932341,96.5858164362646,95.92615122146093,96.4117431640625,26031300
2014-12-03,96.55835342603626,96.72326976709911,95.98114972734321,96.5858383178711,32974300
2014-12-04,96.49421099474132,96.91566227505947,96.13689345294867,96.54002380371094,31008800
2014-12-05,96.6957668302544,96.84235522270234,96.33844932297514,96.5491714477539,25622200
2014-12-08,96.3018168910966,96.72326820253913,95.35813167307813,95.8620376586914,32685800
2014-12-09,94.74427665938815,96.23768063640068,94.40528003096287,96.16438293457031,46035100
2014-12-10,95.99029276189242,96.22850677329977,94.47856801002041,94.65264129638672,39330100
2014-12-11,94.92751272544217,96.23767942139138,94.90918480518917,95.10159301757812,47576000
2014-12-12,94.1945211047321,95.27563739973175,94.05709669481587,94.06625366210938,46889400
2014-12-15,94.551839829266,94.9000003125657,92.82938629785954,93.09508514404297,52968400
2014-12-16,92.50868214280393,93.88298165292173,91.58331851544429,91.60164642333984,65348600
2014-12-17,91.66584499346692,93.53488749871927,91.54673447799676,93.26919555664062,79715300
2014-12-18,94.60682644732955,95.52302656828748,94.35029153186969,95.51386260986328,49840900
2014-12-19,95.61226432557129,96.32036398607228,95.37316273200959,95.93412780761719,51419900
2014-12-22,95.77778353870569,96.20080506626348,95.73180003993114,96.1732177734375,33869200
2014-12-23,96.52266476501966,96.53186286763712,95.72259822361849,95.83295440673828,30156900
2014-12-24,95.95251935184854,96.28358094609636,95.88814665386133,95.91574096679688,14291300
2014-12-26,96.19164284096344,96.79859157390304,96.1640555378479,96.59627532958984,13924300
2014-12-29,96.50432467868924,96.78940286001325,96.44914305100384,96.57788848876953,17073800
2014-12-30,96.30197479399725,96.52268017938619,95.80538241479883,95.93412780761719,18604000
2014-12-31,96.09965936323633,96.4767044566946,94.81219840873896,94.95014190673828,24367100
2015-01-02,95.41915279675924,95.82377819510884,94.20526256951408,94.66506958007812,31314600
2015-01-05,94.25125515330805,94.36161138048092,93.00977741603567,93.2764663696289,36521300
2015-01-06,93.41439119011048,93.57072388521982,91.61194860388468,92.02577209472656,66205500
2015-01-07,92.63270482984524,93.43276437723021,92.41199245751433,93.2120590209961,37577400
2015-01-08,94.00295461251778,95.18005954029539,93.90179650002764,94.99613952636719,40212600
2015-01-09,95.29041025231547,95.31799755120079,93.81902216151326,94.37079620361328,41410100
2015-01-12,94.55469389371441,94.65585197648805,93.1476858538043,93.38678741455078,34129800
2015-01-13,94.29720962574586,95.29039431610929,92.60511641074552,93.35919952392578,56162300
2015-01-14,92.42120144979657,93.32242620275812,92.0257671728998,92.84422302246094,51354200
2015-01-15,93.27644574923151,93.42358033683594,91.52917779380533,91.63953399658203,51005400
2015-01-16,91.51999112541314,92.83503955440787,91.37285651942354,92.71549224853516,35362200
2015-01-20,93.27645821007498,93.69028174759923,92.22809869998802,93.45118713378906,30964100
2015-01-21,93.17526878062988,94.37076951225256,92.84420725544503,93.92935180664062,40128800
2015-01-22,94.29722696037922,95.76860805949534,93.4695728995956,95.66744995117188,40887200
2015-01-23,95.65824723944918,96.1732358614136,95.38236724320576,95.87895965576172,34783000
2015-01-26,95.76860809326172,95.94333701062723,95.28121376176689,95.76860809326172,19960900
2015-01-27,94.2604331065173,94.3156077002576,92.97297212915993,93.28564453125,45253200
2015-01-28,94.78458201528991,94.88574008169594,92.78902200727184,92.80741119384766,43591700
2015-01-29,92.73385790563434,93.87418413908615,91.92460023784972,93.69945526123047,46539700
2015-01-30,93.6167030306195,94.33400078991875,92.84422366330656,92.97296905517578,42927600
2015-02-02,93.18450646038985,93.8650189884768,91.73151437341822,93.78225708007812,43624700
2015-02-03,94.12249132066026,94.74782912013407,93.5063516256767,94.68345642089844,30750400
2015-02-04,94.2972412661966,95.22605357621362,94.08572691231366,94.60071563720703,34073200
2015-02-05,94.83981274080163,95.48354690960645,94.60071809328248,95.41917419433594,23605500
2015-02-06,95.56629394205112,95.79619746309113,94.49954525279674,94.83979797363281,34169300
2015-02-09,94.47196609535682,94.986947781721,94.30643526529701,94.53633880615234,22604700
2015-02-10,95.06049681043602,96.13644345116415,94.91335521028637,96.00769805908203,23686500
2015-02-11,96.11808368093304,96.57789083156457,95.93416362712055,96.35718536376953,20303600
2015-02-12,96.98250299867655,97.51588086524039,96.83536838975138,97.47909545898438,22520300
2015-02-13,97.75497572854802,98.33433005073877,97.5710487100045,98.3159408569336,29030200
2015-02-17,98.3159608175096,98.47229355293724,98.06766104608946,98.40792083740234,17675300
2015-02-18,98.28834720404313,98.60101962962375,98.15960179824476,98.54584503173828,15149600
2015-02-19,98.48147480493579,99.09762161047097,98.45388750333403,99.03324890136719,19828100
2015-02-20,98.96883964452559,99.75050997101194,98.65616730427315,99.6953353881836,28336700
2015-02-23,99.640214179207,99.82414126027018,99.41950869803195,99.79654693603516,17868000
2015-02-24,99.66776283786304,99.98963335088244,99.3642955499646,99.87007904052734,19745000
2015-02-25,99.7229766765041,100.10921299763051,99.40110605946514,99.62181854248047,19472300
2015-02-26,99.72295331016616,100.1827603512258,99.44706627909092,100.12757873535156,22255500
2015-02-27,100.09079792912878,100.15517765328997,99.52983976807175,99.68617248535156,27757600
2015-03-02,99.87928731960078,100.6241724906561,99.86089110870383,100.58738708496094,22988600
2015-03-03,100.28390848450397,100.38506658476098,99.4838417868617,100.11837768554688,20788900
2015-03-04,99.78733646784585,99.93447108802576,99.18958584863509,99.7321548461914,21007400
2015-03-05,99.98964452801093,100.21034994827124,99.49305207035111,99.90687561035156,15381000
2015-03-06,99.77812516070668,99.97124327069882,98.52744948219704,98.77574920654297,30990400
2015-03-09,98.978045001536,99.30910657843134,98.57341964229532,99.0608139038086,26237100
2015-03-10,98.35270164863101,98.38029595854951,97.2215805053711,97.2215805053711,34234500
2015-03-11,97.36872897395739,97.48828328570869,96.62384387008348,96.66062927246094,25459700
2015-03-12,96.58708201359256,97.40553812174369,96.52270929776383,97.2951889038086,21473200
2015-03-13,97.20319293512156,97.58943613122959,96.26518978136832,96.87213134765625,42021100
2015-03-16,97.2307755629435,98.15958050095574,97.12961747803573,98.12279510498047,25674100
2015-03-17,97.856122716669,98.43547697303565,97.62621923168417,98.27914428710938,19603800
2015-03-18,98.01244885885936,99.69534394045435,97.50665841922248,99.2447280883789,40622200
2015-03-19,99.34588509144481,99.66774854220029,99.19875052085531,99.3918685913086,31314000
2015-03-20,100.21037092127477,100.53297464202304,100.01680868882582,100.03524017333984,31761400
2015-03-23,99.9799584668968,100.25647298271315,99.80482768431523,99.8416976928711,17268500
2015-03-24,99.83243976102108,100.29330414109373,99.46375388274886,99.48218536376953,22445300
2015-03-25,99.6389232569346,99.73109476876999,97.1686887656742,97.20555877685547,41581400
2015-03-26,96.40362690174051,97.42674659241659,96.0810231777061,96.87371063232422,47846300
2015-03-27,96.85528538994775,97.49127362053824,96.70780537389335,97.2608413696289,33878400
2015-03-30,97.8507363670443,98.45907374056236,97.8507363670443,98.3761215209961,30570200
2015-03-31,98.09962390287777,98.30240542075119,97.30693635059153,97.33458709716797,30488100
2015-04-01,97.3345757929286,97.35301430999456,96.20085312155499,96.82762908935547,32970500
2015-04-02,96.91981688571298,97.20555065820874,96.5787745849469,96.89216613769531,19164200
2015-04-06,96.32066035366324,97.95211724824625,96.17318036903761,97.68482208251953,24451100
2015-04-07,97.62955441852634,98.34850206378862,97.51895141601562,97.51895141601562,19379400
2015-04-08,97.5557811980124,98.43142785258298,97.54656897242845,98.29316711425781,25866900
2015-04-09,98.24709008322635,98.94760608760805,97.91527411508149,98.91073608398438,23114700
2015-04-10,98.87388921190289,99.32554158778146,98.65267617064215,99.31632232666016,17164300
2015-04-13,99.39001699976265,99.89696361434329,98.9568033438009,99.06741333007812,17783500
2015-04-14,98.96601194458357,99.25174558807608,98.21940692400976,98.78166198730469,23755700
2015-04-15,99.03977248926137,99.61124696769974,98.91995025781964,99.39924621582031,21128600
2015-04-16,99.1319677046443,99.43613296371873,98.99370693293685,99.2610092163086,16195300
2015-04-17,98.3116038044913,98.57889898612815,97.28848420500836,97.71247863769531,46514000
2015-04-20,98.2010317183125,99.35319324068021,98.16416170572843,99.17806243896484,28945900
2015-04-21,99.74953846301723,99.92466926715082,99.48223614226868,99.60205841064453,22759800
2015-04-22,99.8601255960519,100.31177791047058,99.214918050075,100.14586639404297,21429200
2015-04-23,99.80481047230603,100.97541018731285,99.78637898732428,100.52375793457031,29473200
2015-04-24,101.5837519375238,102.02618495036275,101.41784043673846,101.88792419433594,32508100
2015-04-27,102.2658022048074,102.45937143106022,101.4085941842981,101.62981414794922,31121300
2015-04-28,101.70356982688287,101.89713909638421,100.5698471468543,101.42705535888672,36849200
2015-04-29,100.86482431158709,101.45473042340639,100.23804818874962,100.79108428955078,34043900
2015-04-30,100.2195959894536,100.62515196237594,98.68030323453443,99.2056884765625,44080500
2015-05-01,99.5928505023389,100.57910054060248,99.5744119788744,100.51457977294922,32874300
2015-05-04,100.83718087043388,101.3072647546943,100.6251800497718,100.68048858642578,23507300
2015-05-05,100.28412718203991,100.46847018600101,98.9937050576076,99.03978729248047,47843300
2015-05-06,99.21488935600327,99.50062303912208,97.70325465783799,98.35768127441406,42687200
2015-05-07,98.33005219173315,99.22413046680751,98.25631218235428,98.9476089477539,29335800
2015-05-08,99.9707308549914,100.39472536961004,99.82325786532316,100.18273162841797,33023300
2015-05-11,100.24724552373016,100.45002702386034,99.7218602880447,99.79559326171875,19679300
2015-05-12,99.20567999199977,99.85089444795163,98.44065034165759,99.34394073486328,33665000
2015-05-13,99.77716228697035,100.29332826650028,99.39925002893304,99.5467300415039,20738400
2015-05-14,100.35786006827975,101.08602688802878,99.98917406071021,101.0030746459961,23904200
2015-05-15,101.2611576641887,101.39941843314469,100.75420385542834,101.0030746459961,23937400
2015-05-18,100.83715051390605,101.64826947420826,100.76341050872387,101.44548797607422,17631100
2015-05-19,101.55610527213744,101.71279752021933,101.16898076549944,101.33489227294922,14212900
2015-05-20,101.40861865964011,102.00774389938981,100.86480194026825,101.39940643310547,21131900
2015-05-21,101.22428860851022,102.06306545775567,101.0768156105431,101.9248046875,16771800
2015-05-22,101.80498677101747,102.19211837740198,101.74046600865933,101.82342529296875,13543800
2015-05-26,101.60218826741844,101.74044198823364,100.24724554555723,100.65280151367188,25488400
2015-05-27,100.95698210385721,102.38566494966416,100.73576910004475,102.27505493164062,30572700
2015-05-28,102.08148670306991,102.3211382119853,101.73123221483525,102.04461669921875,17302400
2015-05-29,101.98011137217873,102.11837214947009,101.19664301050807,101.43629455566406,30383000
2015-06-01,101.98009473506923,102.05383474189266,100.94775573624364,101.77731323242188,24570200
2015-06-02,101.39938754803465,101.95242342317529,100.90165315073827,101.4546890258789,19449600
2015-06-03,101.91558049495865,102.13679349732033,101.51001746376679,101.7588882446289,20507200
2015-06-04,101.18740063002122,101.83261509921225,100.66201542214631,100.984619140625,31374600
2015-06-05,100.86479445516832,101.10444593973065,100.12740851754586,100.7449722290039,22641700
2015-06-08,100.69890098711768,100.77264100051964,99.51908890162527,99.72187042236328,24549200
2015-06-09,99.48222159348448,99.91543539367896,98.8093562593502,99.55596160888672,27554600
2015-06-10,99.89698524066893,101.21505797549538,99.78638226268025,100.92010498046875,30297900
2015-06-11,101.26113576915505,101.52843798941032,100.89244280907074,101.06757354736328,17593500
2015-06-12,100.53297482899487,100.74497557858584,100.09976110365562,100.23802185058594,27201800
2015-06-15,99.49141645071832,99.89697237148806,98.91072276214898,99.74028015136719,31238800
2015-06-16,99.63888896827304,100.45001487065761,99.59280674433138,100.28410339355469,16456900
2015-06-17,100.45003544183746,100.8832421903247,99.94308164902795,100.56063842773438,23296700
2015-06-18,100.9293016922657,102.20128488061931,100.87400021562544,102.02616119384766,43032400
2015-06-19,102.07607465628188,102.15922473195921,101.44785705053081,101.52176666259766,27877600
2015-06-22,102.27010345458984,102.57497538171326,102.03914115496484,102.27010345458984,19120900
2015-06-23,102.38094004867904,102.44560919304791,101.92825603809685,102.35322570800781,18127900
2015-06-24,102.23314074085488,102.66734387999686,101.7989305533039,101.82664489746094,15815900
2015-06-25,102.22388578412674,102.32550973056773,101.45708947858392,101.62338256835938,18326700
2015-06-26,101.60489054869981,101.8358527405697,100.57017739169629,100.9489517211914,32311700
2015-06-29,99.83112892861627,100.3854440131187,98.51926493189988,98.56546020507812,50874900
2015-06-30,99.30452642162417,99.51701479160835,98.61163967591403,98.91651153564453,34809900
2015-07-01,99.895797314679,100.09904523764745,99.23986532135929,99.70178985595703,21293000
2015-07-02,99.98817581637891,100.07131883935529,99.42462738817845,99.7294921875,20499400
2015-07-06,99.10129499948343,100.07133942419661,98.88881364256392,99.49855041503906,24311000
2015-07-07,99.60937659361436,99.8403387918975,97.77091946883455,99.74795532226562,44230800
2015-07-08,99.03661959887472,99.1567244915205,97.82637954682936,98.01114654541016,39691500
2015-07-09,99.31377056439531,99.40615405756417,97.94647090090659,97.9557113647461,28381000
2015-07-10,99.25835458553223,99.82190312894079,98.89805398216082,99.45236206054688,26415800
2015-07-13,100.3115083674772,101.28154541684187,100.30226790555737,101.19840240478516,25780700
2015-07-14,101.33700799013012,102.14075217993356,101.28157225233018,101.86360168457031,21977200
2015-07-15,102.0575610540554,102.3716662104689,101.6880201859645,101.97441101074219,28631500
2015-07-16,102.81516138206129,103.43413855250884,102.61191346378685,103.41566467285156,29838900
2015-07-17,104.24711570517523,104.94000244140625,104.07158919158107,104.94000244140625,35926800
2015-07-20,105.16173709233567,105.67909029519858,104.83839134054637,105.3003158569336,26539000
2015-07-21,105.33723547322926,105.50352853663733,104.93074680032596,105.2356185913086,35468900
2015-07-22,103.62814796889005,104.55199703424182,103.62814796889005,104.04388427734375,35575000
2015-07-23,104.14550681950789,104.48732645804927,103.38795087817688,103.6558609008789,25698300
2015-07-24,104.21017312516899,104.39494011131225,102.48257290625376,102.6396255493164,30844700
2015-07-27,102.05762047829424,102.50106413947891,101.56798153854828,101.78970336914062,35994800
2015-07-28,102.24238861497919,102.87060634887625,101.42940386163417,102.6673583984375,33553500
2015-07-29,102.88906578459304,103.27708067341685,102.49181043220432,103.05535888671875,26714100
2015-07-30,102.81515660920795,103.72052468697228,102.19617946749436,103.54499816894531,25438100
2015-07-31,103.86832389026176,103.92375256438544,103.2123920689719,103.42487335205078,22081700
2015-08-03,103.44338921884842,103.72978019643982,102.4179161107127,103.1015625,25001800
2015-08-04,103.05536623100913,103.24013322502364,102.48257727210972,102.90754699707031,22132300
2015-08-05,103.48033508413444,104.3949436790959,103.36023019546879,103.70205688476562,28989900
2015-08-06,103.79442259760951,103.93300134241429,101.57718382595647,102.03910827636719,42125400
2015-08-07,101.7896693345496,102.14996983194509,101.0690683397586,101.9097671508789,30006800
2015-08-10,102.55646129921183,103.2955361392651,102.54722083729408,103.07381439208984,21500800
2015-08-11,102.52877585908307,102.92603125262376,101.18919043974391,101.75273895263672,36123300
2015-08-12,101.05061806882775,102.30705348390282,99.97895671385766,102.10380554199219,41889000
2015-08-13,102.20542471766933,102.69507066766703,101.715785816081,101.93750762939453,22510500
2015-08-14,101.69729574957556,102.24236325564007,101.4940478495487,102.09455108642578,17924900
2015-08-17,101.84512866587592,102.97222576042213,101.58645203074919,102.94451141357422,21224900
2015-08-18,102.80590731318941,102.88905738166568,102.27931370753288,102.41789245605469,13984400
2015-08-19,102.10378503138573,102.64885958868874,101.15222172032662,101.74348449707031,42511400
2015-08-20,100.80113971695846,101.12448537632285,98.91648738299737,98.92572784423828,57747300
2015-08-21,97.53074207527682,98.36220761417607,94.60214233398438,94.60214233398438,97763400
2015-08-24,87.05428876145488,94.72223073828174,78.2869572415743,90.96216583251953,150829900
2015-08-25,94.29728411085276,94.91626136058025,90.5464587516214,90.620361328125,75088300
2015-08-26,93.27180618996927,95.36894763679345,91.39639360651599,95.18417358398438,104103800
2015-08-27,96.56068463618931,97.66006709075761,95.41511396532628,97.59539794921875,69377700
2015-08-28,97.07804791366999,97.92798724340996,96.86555955703099,97.5769271850586,49919600
2015-08-31,97.0318486651179,97.56768271777413,96.12648069185104,96.3666763305664,39549400
2015-09-01,93.96470202155953,95.42438546060143,92.96694318613265,93.35496520996094,73155500
2015-09-02,95.04555486914059,96.00635839479801,93.95541308506836,95.98788452148438,43963600
2015-09-03,96.36667820297271,97.0226100877314,95.24882186006782,95.51673889160156,45131800
2015-09-04,94.20486807487323,95.01785252296658,93.85380100196345,94.38040161132812,49379600
2015-09-08,96.19114503706875,97.16118210292083,95.79388974865104,97.04108428955078,37343500
2015-09-09,98.186655538778,98.2143698767836,95.70149985429865,95.95094299316406,47146700
2015-09-10,95.84010740314507,97.63237698262685,95.72925001779787,96.99491882324219,47686700
2015-09-11,96.55143848585465,97.53071594238281,96.27428103101501,97.53071594238281,29106100
2015-09-14,97.89103936722542,97.90952029436686,96.86556641154009,97.235107421875,19718800
2015-09-15,97.46608286644576,98.68556343174832,97.10578227090701,98.38069152832031,30020200
2015-09-16,98.39914766870608,99.02736519853183,98.05732104051594,98.93497467041016,31329100
2015-09-17,98.83336737808499,100.45010309956913,98.51925505845286,98.97193908691406,56139800
2015-09-18,97.45315819702128,98.72190614556558,97.39758759081471,97.56428527832031,48384000
2015-09-21,98.10140480664813,98.67558719358716,96.99009180705309,97.86988067626953,35772600
2015-09-22,96.36960201969153,96.70299733355257,95.50833196980982,96.40664672851562,47359700
2015-09-23,96.66595990070893,96.92527288199585,95.98065039976991,96.48074340820312,21775100
2015-09-24,95.54536940961898,96.48999174887773,94.7118811883775,96.12881469726562,38284300
2015-09-25,97.15678753119165,97.24939576839006,94.7211492060955,95.31385040283203,44700000
2015-09-28,94.9063729583068,94.97119943104623,92.3225628610256,92.60038757324219,44077500
2015-09-29,92.8319190766253,93.77654154367276,91.45203715262747,92.11882781982422,49315500
2015-09-30,93.4338717790032,94.34144942345426,93.07269472293474,94.23957824707031,41411400
2015-10-01,94.40629769811969,94.67486658283929,93.15606152929057,94.66560363769531,39339100
2015-10-02,93.35054156738644,96.32331085205078,93.05419093337008,96.32331085205078,59370900
2015-10-05,97.03639538859798,97.96249193869426,96.82339713878719,97.70318603515625,32853500
2015-10-06,97.47168226696196,97.79581471412065,96.48075903390112,97.24015808105469,33051500
2015-10-07,97.85137434451315,98.03659084623493,96.58261940449337,97.8235855102539,37389300
2015-10-08,97.45314080210996,98.37923733060245,96.50851838633636,98.21253967285156,50188900
2015-10-09,98.25884453800279,98.84228989831121,97.99027568518014,98.65706634521484,23916200
2015-10-12,98.84230175559381,99.0830818051693,98.49038049527172,98.89786529541016,16162000
2015-10-13,98.33293952308689,99.3331255697312,98.16624184864618,98.25885009765625,26999600
2015-10-14,98.25883699158848,98.74966700487424,97.69391756275434,98.10140228271484,30902600
2015-10-15,98.46258539554358,99.72207727495572,98.33293244315315,99.71281433105469,38393800
2015-10-16,99.92583523245523,100.18514117767894,99.44426099227654,100.12957763671875,27091100
2015-10-19,99.99992979958166,100.76858472938117,99.77766149321214,100.7037582397461,23776300
2015-10-20,100.52777022193617,100.74076844395418,99.84245377708727,100.18511199951172,23404700
2015-10-21,100.69448907801748,100.79635320638762,99.53686829753863,99.57390594482422,30195200
2015-10-22,100.46297862280717,101.68542605108485,100.17588382551672,101.6020736694336,42778700
2015-10-23,104.33405572026598,104.87118642669604,103.78765500309105,104.44518280029297,53170900
2015-10-26,104.3710786108892,104.71373687881704,103.97285681080504,104.50999450683594,25918000
2015-10-27,104.2321695317287,104.87117134666909,104.2043807001609,104.7229995727539,31390500
2015-10-28,104.8804299132496,105.59352111816406,104.03767869643139,105.59352111816406,42221900
2015-10-29,105.11195704564956,105.60278708021961,105.0008229175078,105.42682647705078,24913300
2015-10-30,105.47313297372953,105.64909357496909,104.92673941385735,104.95452117919922,27199200
2015-11-02,105.23233026575224,106.2695607662865,105.01006911047872,106.13990783691406,22176900
2015-11-03,105.92691539931467,106.8900566096628,105.76948068964238,106.51036071777344,20418400
2015-11-04,106.8622581103731,106.93634751469487,106.07507761972913,106.51959991455078,28633000
2015-11-05,106.61223164305942,106.87153753261785,105.67687219953314,106.23252868652344,25004100
2015-11-06,106.02879357095372,106.42701537585916,105.35274703634713,106.30662536621094,29924900
2015-11-09,105.90839779383346,106.0473136838971,104.52851596779418,105.1767807006836,33479800
2015-11-10,104.62115353343872,105.01011248220553,104.30627695665773,104.90824127197266,35452100
2015-11-11,105.19528976029893,105.70464562141372,104.60258861221355,104.77854919433594,22748800
2015-11-12,104.35257374397382,104.86192974204378,103.6857830067029,103.75987243652344,31196900
2015-11-13,103.32458503295994,103.43571915528062,101.66687146917599,101.7224349975586,52836000
2015-11-16,101.62058571330465,103.20421009330286,101.38906155718404,103.18568420410156,33980600
2015-11-17,103.36163003328012,103.99137593043746,102.99119002338367,103.25049591064453,30579500
2015-11-18,103.66726229039595,105.3342320375989,103.56539109264082,105.23236083984375,32966500
2015-11-19,105.28791580975876,105.78800877932781,105.10269226609111,105.30643463134766,26188100
2015-11-20,105.80654117263816,106.10289181496333,105.70466997694295,106.01954650878906,22727600
2015-11-23,106.0565717883157,106.44553770177073,105.26013527071264,105.71392059326172,20696200
2015-11-24,105.02861377204555,105.87135796363253,104.50073195236962,105.6213150024414,26374400
2015-11-25,105.7787470679116,105.90840001721133,105.49165940382728,105.71392059326172,14159900
2015-11-27,105.94546633164492,106.07511930738455,105.50093679656811,105.86211395263672,8828000
2015-11-30,106.17696644228612,106.17696644228612,105.25086993091084,105.59352111816406,25041600
2015-12-01,106.01953841274712,106.64928436279297,105.88987839267182,106.64928436279297,28639400
2015-12-02,106.73263272780359,107.19568102597194,105.834317898868,105.99175262451172,22395500
2015-12-03,106.27885450550549,106.46407101097874,103.57464689292112,104.19513702392578,42754300
2015-12-04,104.50998321081626,106.80670552096618,104.29698498353513,106.63074493408203,40037300
2015-12-07,106.7048570156762,106.76968349847628,105.63984445634055,106.14920043945312,25892100
2015-12-08,105.03787126389597,106.50110554009333,105.00082655323268,106.158447265625,30792600
2015-12-09,105.69538520657555,106.27883049154332,103.90801877694696,104.54702758789062,48509200
2015-12-10,104.78783923667523,105.72319884827728,104.47296269594835,105.01936340332031,30154600
2015-12-11,103.80613968071786,104.0839714205061,102.53739216405305,102.60221862792969,56022200
2015-12-14,102.74115564256722,103.4264651253831,101.29644019011383,103.38015747070312,53098500
2015-12-15,104.33401179161221,104.90818697148698,103.88021952070953,104.00987243652344,48428000
2015-12-16,104.71373678387097,105.73244157729681,103.62094257059991,105.55648803710938,44944100
2015-12-17,106.01954477052185,106.01954477052185,104.00065384479637,104.01917266845703,45668800
2015-12-18,103.69587946372542,103.92811067848645,102.02381896972656,102.02381896972656,53746100
2015-12-21,102.98992820857208,103.17571039339332,102.22820991138731,103.15713500976562,26432800
2015-12-22,103.70518666238632,103.9838669978568,103.15712431299917,103.83523559570312,26540300
2015-12-23,104.37400808105377,104.68055501585408,104.18822592567264,104.60623931884766,25656900
2015-12-24,104.60626710410256,104.87565626195413,104.54124262373404,104.58768463134766,11468600
2015-12-28,104.33684800159918,104.55050385414049,103.58442107511871,104.53192138671875,19183600
2015-12-29,105.15430145849925,106.4083558101509,105.08927699551349,106.1761245727539,27725700
2015-12-30,106.08324573678095,106.12040359199094,105.20076970873656,105.21934509277344,19520100
2015-12-31,104.84779287929416,105.04286632642666,103.8909939426866,103.90957641601562,29886800
2016-01-04,101.67084369837671,101.81018387304447,100.43537877039978,101.71729278564453,50807600
2016-01-05,102.2189204539037,102.34896940296773,101.06705529627826,101.54080200195312,38795200
2016-01-06,99.77585993735761,101.1506652756328,99.77585993735761,100.56544494628906,41891100
2016-01-07,98.41959247550211,99.66435555407197,97.36061863328172,97.4163589477539,61386300
2016-01-08,98.1223389142395,98.73543277679795,96.51530273596032,96.61748504638672,69344000
2016-01-11,97.30489595343005,97.59286044206759,95.4284705292787,96.91474914550781,50024100
2016-01-12,97.84367628663621,98.54037006750865,96.68251998518217,98.03874969482422,46734200
2016-01-13,98.43817977213139,98.67970224766755,94.50882404796445,94.65745544433594,69870700
2016-01-14,95.02901625597553,97.51853517063007,93.51486419453582,96.67321014404297,78445700
2016-01-15,93.4684482127371,94.69462908879255,92.4373407616068,93.67280578613281,91443900
2016-01-19,94.94542429616764,95.09405569939621,92.78102732481553,93.87715911865234,56563800
2016-01-20,92.40017236633082,94.59243596847244,90.33795769930477,93.58919525146484,86675000
2016-01-21,93.9886147665048,95.07545511881592,92.72527642826597,93.68206787109375,61660100
2016-01-22,95.56779624141222,96.43169672782614,95.24267392655427,96.39453887939453,42229800
2016-01-25,96.05087591706334,96.59893843356215,94.88042807319152,94.96403503417969,38881500
2016-01-26,95.36340952591607,96.22730266085625,94.52737590985633,95.8185806274414,36143900
2016-01-27,95.26127328148733,95.66999551242017,93.03185159032124,93.43128967285156,54524700
2016-01-28,94.98260514876421,95.01976300856981,93.1340459180424,94.75037384033203,47641500
2016-01-29,94.72249874851958,96.76613124515535,94.69463212794109,96.72897338867188,54245100
2016-02-01,96.26449959137953,97.35134727719749,95.89293524413254,96.98906707763672,32750300
2016-02-02,96.5431874127755,96.58034526780386,94.60173023857584,94.88970184326172,44928100
2016-02-03,95.52138830166737,95.52138830166737,92.78105447171082,94.4345474243164,61572900
2016-02-04,94.18370182840385,95.17765125951605,93.30122594468992,94.42522430419922,49321600
2016-02-05,94.09081641498051,94.12797426635079,90.77455436688975,91.14612579345703,70749900
2016-02-08,89.44619199181507,90.15217699903401,88.09924644599371,89.75273895263672,91673100
2016-02-09,88.55443379934077,90.83029751899322,88.41509361327023,89.47406768798828,73778400
2016-02-10,90.50513607549995,91.67558321126683,89.75270931750212,89.81773376464844,59421700
2016-02-11,88.67519675125081,90.4029981514417,88.42439007122032,89.68772888183594,76839200
2016-02-12,90.70026411745405,91.14615137189168,89.85494579474806,91.05325317382812,49186500
2016-02-16,92.40015527160716,93.10614013671875,91.8242193175511,93.10614013671875,40565900
2016-02-17,93.7842753857289,95.34486980626656,93.54275288012037,95.2148208618164,41766500
2016-02-18,95.51205629796468,95.5306316773072,94.00719543438126,94.12796020507812,38991500
2016-02-19,93.67277240590035,94.69459534443415,93.46841490532731,94.40662384033203,28257900
2016-02-22,95.28912456135033,96.03226028068512,95.19623348232537,95.93936920166016,23979100
2016-02-23,95.38202272342855,95.6421205988673,94.29518213514422,94.3602066040039,29869700
2016-02-24,93.25476465971565,95.38200340606888,92.67882870421802,95.26124572753906,40739100
2016-02-25,95.45634234439703,96.19947814941406,94.60172589228044,96.19947814941406,29389300
2016-02-26,96.93331406013826,96.95189652734818,95.84647360380333,96.07870483398438,30925000
2016-02-29,95.98583038043935,96.70109957491513,95.2148208618164,95.2148208618164,27553900
2016-03-01,96.1251811859838,98.27099609375,95.82792541050478,98.27099609375,37699800
2016-03-02,98.1502280519134,98.32671899911482,97.54642532819662,98.30814361572266,29209800
2016-03-03,98.20594426992398,98.23381088375086,97.41635950057847,98.1223373413086,25474600
2016-03-04,98.23382345593745,98.79117706521068,97.50926305516869,98.15950775146484,31655400
2016-03-07,97.65788452835797,98.2245293559455,96.85900844641934,97.55570220947266,25861200
2016-03-08,96.88688350695003,97.73220159931554,96.58033654600113,96.74754333496094,28898500
2016-03-09,97.10982095556312,97.38849420501839,96.57104275129343,97.36991882324219,31047400
2016-03-10,97.77865949822157,98.33601314927519,95.96725127337712,97.22130584716797,44236100
2016-03-11,98.27098938114555,98.92123413085938,97.96444239036494,98.92123413085938,31454000
2016-03-14,98.54963891209852,99.32064827745191,98.52177229913254,99.08841705322266,25374900
2016-03-15,98.73546125040615,99.16276599580988,98.41962299424178,99.0512924194336,26524600
2016-03-16,98.80974801553825,100.19384418608657,98.78187431425883,99.93374633789062,31693100
2016-03-17,99.64578235914439,100.11024486253528,99.27421802613996,99.87801361083984,29623700
2016-03-18,100.1183861024834,100.28608887752239,99.50348066611251,100.03453826904297,37682300
2016-03-21,99.85752419581405,100.51901655030987,99.80162563599032,100.42584991455078,17288600
2016-03-22,99.85753242787781,100.96623467683872,99.8389019424536,100.73331451416016,18840300
2016-03-23,100.53763382791918,100.61216285657206,99.68048247091731,99.90409088134766,20912900
2016-03-24,99.4196482638754,99.96002478463812,99.25194545081662,99.93207550048828,19017300
2016-03-28,100.21154307701488,100.2301806658671,99.61526818057784,99.79228973388672,13892300
2016-03-29,99.60596579310575,101.46000800017036,99.43826301856697,101.39479064941406,29963900
2016-03-30,102.0003921792692,102.52213102512736,101.67429829244917,101.88858795166016,23807200
2016-03-31,101.81405336479904,102.19604581721545,101.58113321815256,101.73951721191406,21447200
2016-04-01,101.12460839612457,102.85753479884995,100.98485489109991,102.82026672363281,26389000
2016-04-04,102.82025151840602,102.8947876578178,102.18670854972098,102.42894744873047,17163000
2016-04-05,101.63701250673805,102.01900488672261,101.31092578489599,101.44136047363281,20107900
2016-04-06,101.54386898339499,103.14636079025479,101.54386898339499,103.10909271240234,25056000
2016-04-07,102.51281743922078,102.69915782803972,101.18983266532193,101.62772369384766,28567200
2016-04-08,102.2612407015799,102.50347248298637,101.19912563492929,101.55316162109375,22898000
2016-04-11,101.9910607724052,102.50348075889727,101.17117742096546,101.18049621582031,25772100
2016-04-12,101.2550541781147,102.22400291524491,100.64014153202542,102.02835083007812,28564100
2016-04-13,102.81095664758593,103.49108663870588,102.6805219273425,103.33270263671875,25356700
2016-04-14,103.35130640408852,103.7239799833681,102.48484335323037,103.34198760986328,17199700
2016-04-15,103.25816783781794,103.47245040611033,102.82027679631707,103.08114624023438,21353300
2016-04-18,102.78301886104288,103.66811271999157,102.71780149362729,103.63085174560547,17126100
2016-04-19,103.82647133570843,103.82647133570843,102.3730450041774,102.99727630615234,42481400
2016-04-20,102.99729839390064,103.55630536060332,102.64325519873353,103.08114624023438,18078300
2016-04-21,103.02522912293317,103.46312008557737,102.6246062324457,103.09044647216797,20216000
2016-04-22,101.74884372783019,102.22400285332414,100.73331522331884,101.53456115722656,39074000
2016-04-25,101.22710483436816,101.54387284592458,101.04076443801793,101.53456115722656,14351900
2016-04-26,101.7488277749864,101.91653055132842,100.7332994296962,101.0407485961914,19118300
2016-04-27,100.00658564456234,100.46311422654739,99.40099898073774,100.23019409179688,33059800
2016-04-28,100.34200492080103,100.92896828981281,98.8233679936156,99.0190200805664,29818200
2016-04-29,99.01899983924568,99.2239706812446,97.71464575138177,98.49726104736328,67502800
2016-05-02,98.74881753321594,99.56870095007272,98.3388829329459,99.42894744873047,24813800
2016-05-03,98.72086670577286,99.16807648142026,98.24570765192718,98.50658416748047,38569400
2016-05-04,97.91030021037965,98.27366214442972,97.63080032562479,97.87303924560547,27474500
2016-05-05,98.22707756939799,98.44136721672173,97.64943308769952,97.84508514404297,20788100
2016-05-06,97.36060472091722,98.3854517700322,97.26743809975359,98.3668212890625,30758500
2016-05-09,98.3761511893949,99.10286802859784,98.32957142426783,98.6463394165039,19289600
2016-05-10,99.00039349699804,100.0438713351984,98.82337188880635,99.9972915649414,21178900
2016-05-11,99.8482029783008,100.14634047039475,99.0655947271136,99.09354400634766,20966300
2016-05-12,99.32645837310757,99.44757427880417,97.95688690494636,98.65564727783203,29196300
2016-05-13,98.57180436966296,99.17739103655926,98.09664530207742,98.29229736328125,21059300
2016-05-16,98.44137185617745,99.88547246624542,98.34819811320133,99.5221176147461,18311900
2016-05-17,99.43825161597749,99.72707026361395,98.01277464177828,98.27365112304688,29932700
2016-05-18,98.05005632204403,99.15875841983666,97.86372306057088,98.62770080566406,27524400
2016-05-19,98.2457072251035,98.48794614870005,97.39788165475295,98.11527252197266,27334600
2016-05-20,98.50658804381762,99.59665258539562,98.45068237706285,99.19602966308594,29549600
2016-05-23,99.30782171846113,99.66186485994751,98.97242327582069,99.06558990478516,15729800
2016-05-24,99.61529033574479,101.17119526754983,99.58734105440777,101.05007934570312,29931300
2016-05-25,101.43206953124991,102.08424310830986,101.25504794255127,101.77678680419922,37951700
2016-05-26,101.87927620296072,102.20536300417854,101.63703724713072,102.0749282836914,21885900
2016-05-27,102.14015481802488,102.61531397571135,102.12152433120728,102.60599517822266,19870000
2016-05-31,102.74572192935466,102.96001156678575,102.27988169056856,102.80162048339844,24366100
2016-06-01,102.48485684427911,103.04386373270717,102.4010090096861,102.81094360351562,19571500
2016-06-02,102.60598511853516,103.03455735491988,102.04697816273591,103.0252456665039,15696600
2016-06-03,102.82958202165457,102.87616178297266,101.86994511081248,102.54075622558594,20269900
2016-06-06,102.72708076858352,103.1836021648528,102.55005922163622,102.91341400146484,12502400
2016-06-07,102.96936359458029,103.07184905591717,102.60600863462614,102.65259552001953,12184300
2016-06-08,102.82960510253906,103.04388769064786,102.44761258993485,102.82960510253906,14568700
2016-06-09,102.41029232518211,102.77364705740428,102.21464032384372,102.66184997558594,17571600
2016-06-10,101.73019643198202,101.92584848469998,101.14323316567003,101.49727630615234,32965000
2016-06-13,100.91962513167803,101.48795076960468,100.5190022575356,100.6494369506836,25154700
2016-06-14,100.37924876968916,101.01279175418978,99.91340854897274,100.6494369506836,24588500
2016-06-15,100.89169149973242,101.03144500924867,100.19293106030989,100.36063385009766,24605700
2016-06-16,99.86686336066725,100.75195724314025,99.22400135894175,100.6587905883789,32079900
2016-06-17,100.45044171776327,100.59056744736363,99.24537184654525,99.47891235351562,29208800
2016-06-20,100.63730006630682,101.11371767159146,100.03009319203709,100.10482788085938,20562800
2016-06-21,100.23557951950879,100.62792582579043,100.04874285431036,100.42240905761719,22804100
2016-06-22,100.47846647904423,101.0669931240437,100.09546374973273,100.17953491210938,22724200
2016-06-23,100.95488463254215,101.62748239673789,100.53451459346495,101.60879516601562,18714200
2016-06-24,97.99362189387895,99.48828007522441,97.20892189423984,97.42378234863281,68012700
2016-06-27,96.77918467299224,96.77918467299224,95.05098634665305,95.49004364013672,48222600
2016-06-28,96.54563733041658,97.62926862715057,96.49893350857883,97.58255767822266,28260600
2016-06-29,98.34857477296816,99.51627727953758,98.30187094895967,99.31076049804688,31356700
2016-06-30,99.4789200349685,100.52518415273768,99.14262110879595,100.45979309082031,36300800
2016-07-01,100.41306650971278,101.33789197632088,100.37569917627597,100.96422576904297,19902800
2016-07-05,100.4317497874855,100.57187550058633,99.80585588591376,100.34767150878906,21167900
2016-07-06,99.87127686554088,101.21646548801901,99.55365803485186,101.16976165771484,24579300
2016-07-07,101.26318739222151,101.69290116376685,100.99227948964229,101.46870422363281,19161700
2016-07-08,102.01050189135422,103.09413338471106,101.84235242262959,103.0380859375,29457900
2016-07-11,103.3837256424626,104.00961258585491,103.37438915226875,103.6266098022461,20218500
2016-07-12,104.26182888148298,104.42997833864831,104.00960113218952,104.14972686767578,21906100
2016-07-13,104.39261913708955,104.45801020180095,103.8881707262768,103.89751434326172,21107800
2016-07-14,104.58877279149405,104.8036331794569,104.3458886849035,104.60746002197266,20871000
2016-07-15,104.85035755361133,104.90641212894444,104.20579051755904,104.4393310546875,17999300
2016-07-18,104.50472826854855,105.31744482423328,104.48604103330752,105.130615234375,20713900
2016-07-19,104.76626871292365,105.07454388044609,104.56075193457535,104.7475814819336,18936700
2016-07-20,105.31744903747612,106.16754009765096,105.18666689392496,105.97136688232422,24997900
2016-07-21,106.04605094164421,106.25156769065596,105.43885143585962,105.72843933105469,18885400
2016-07-22,105.80319598567682,106.28895711670765,105.47624069295503,106.16751861572266,20003400
2016-07-25,106.08345033774474,106.20489597728333,105.82188607887934,106.17687225341797,12968100
2016-07-26,106.13948823903169,106.68129677852907,105.76582201631285,106.29829406738281,21223800
2016-07-27,107.19509123245548,107.31652972866557,106.5878844972239,107.03628540039062,27646100
2016-07-28,107.20443347532354,107.5313887510026,106.86813458402781,107.40995025634766,16939700
2016-07-29,107.6528454012336,107.93309690027442,107.3072099631205,107.64350891113281,22385300
2016-08-01,107.71820557884612,108.48421804586386,107.58742348402039,108.21331024169922,13990100
2016-08-02,108.05452005368026,108.14793483104953,106.69998796409928,107.39126586914062,21278400
2016-08-03,107.30718856727493,107.75558232382555,107.2417975141492,107.7462387084961,15011300
2016-08-04,107.70889947560619,108.15729331947294,107.45667170222596,108.05453491210938,12835300
2016-08-05,108.60569237544036,109.33433770419471,108.48424673592028,109.0914535522461,23196600
2016-08-08,109.14751008380878,109.17554093709427,108.62438152262021,108.97002410888672,12358200
2016-08-09,109.05407954392871,109.56787154027425,108.98868848322029,109.22222900390625,13276500
2016-08-10,109.28762915139387,109.31565287587166,108.65239859722784,108.9419937133789,14688400
2016-08-11,109.31563571413918,109.64259812062721,109.0914388264224,109.4090576171875,12969800
2016-08-12,109.22223091859665,109.49313878259237,109.1007924114639,109.48379516601562,19379000
2016-08-15,109.62390381153594,110.20308678842525,109.58653647814727,109.95085906982422,11777800
2016-08-16,109.74537899814634,109.75471548869169,109.32500172956901,109.34368896484375,14161400
2016-08-17,109.37169124919406,109.57720803437407,108.76448450945965,109.53984069824219,15980300
2016-08-18,109.43708897286614,109.7266769366674,109.25025228082413,109.56787109375,10036300
2016-08-19,109.37169124919406,109.78271769246345,109.07275968722966,109.53984069824219,18743000
2016-08-22,109.38106294406639,109.81078388435066,109.17555321983019,109.62394714355469,14500600
2016-08-23,110.05363176628994,110.24046845752963,109.77338742006694,109.8200912475586,11997900
2016-08-24,109.74536846306638,109.89483069545645,108.74581528458138,109.11013793945312,17728700
2016-08-25,108.82988167732313,109.26893899266491,108.69909955706272,108.9326400756836,24266300
2016-08-26,108.97001503981754,109.80141877412356,108.43754290518231,109.0914535522461,23896000
2016-08-29,109.11946014126907,109.53049369893185,109.10078003732549,109.24090576171875,11184900
2016-08-30,109.06340307788737,109.38101470653295,108.51225097155896,108.88591003417969,19843300
2016-08-31,108.71776440670156,108.88591384159649,108.31607448595759,108.77381896972656,16169800
2016-09-01,108.81120014376474,109.18485926698158,108.27872805338073,109.0540771484375,20944700
2016-09-02,109.59588716910305,109.82008405681981,108.99802405046464,109.4090576171875,18088200
2016-09-06,109.59589104411099,110.09099578857422,109.35300691636063,110.09099578857422,18525200
2016-09-07,110.1937546663876,110.34322401553179,109.73601725704253,110.15638732910156,17546900
2016-09-08,109.82942960138138,109.85745332195181,109.22222285635618,109.5118179321289,20125300
2016-09-09,108.5963351767699,108.83921929834203,106.73735474653358,106.75603485107422,50813300
2016-09-12,106.15817569697919,108.82053613676135,106.14883208081409,108.67107391357422,39646000
2016-09-13,108.129275834209,108.44688756468327,107.17643351569414,107.6995620727539,45863900
2016-09-14,107.81162746979848,108.80183679550467,107.783596626259,108.21331024169922,28221800
2016-09-15,108.24134247266123,110.06295533614718,108.2319988580283,109.89480590820312,38521400
2016-09-16,109.77682944603997,109.9547672159374,109.29921114760064,109.8423843383789,27596500
2016-09-19,110.12332609494125,110.46046756821936,109.1493697776346,109.36476135253906,16222900
2016-09-20,109.75809843742694,110.0203251590013,109.38350312507305,109.57080078125,18078600
2016-09-21,110.0390456780207,110.80697745567792,109.3928566553156,110.64777374267578,31546800
2016-09-22,111.29397339356764,111.64984897940082,111.1815976464189,111.5280990600586,22614400
2016-09-23,111.44380019020294,111.44380019020294,110.65714150078794,110.81634521484375,22213400
2016-09-26,110.18889360816269,110.32000339374012,109.73000221369422,109.88920593261719,16403900
2016-09-27,109.8142791254326,111.03172802166691,109.71126328448898,110.97554016113281,20238400
2016-09-28,111.1160057073635,111.22838141705411,110.59155953067224,111.16282653808594,14794300
2016-09-29,110.9755398068722,111.18157148810174,109.87983366027508,110.3574447631836,27207500
2016-09-30,110.6477582572073,111.50933873693533,110.53537539878558,111.18156433105469,25543200
2016-10-03,111.04109629017114,111.16283903767383,110.59157196602462,111.02236938476562,19216400
2016-10-04,111.35016606006617,111.59365874865905,110.4323903230303,110.85382080078125,21239700
2016-10-05,111.18158408422778,111.60300737452599,111.13475609866245,111.24713897705078,14481300
2016-10-06,111.10663667245609,111.42505118235738,110.64775252798371,111.19092559814453,11987100
2016-10-07,111.29398068438572,111.45319157819013,110.40430595141721,110.94747924804688,19984200
2016-10-10,111.51873151596247,111.89333398560092,111.47190352790223,111.64984130859375,19687300
2016-10-11,111.55613307975467,111.57485997803902,109.5707460492466,110.05772399902344,27774400
2016-10-12,110.16079890605783,110.33873668747529,109.62699270675334,109.9641342163086,14267800
2016-10-13,109.21493237653476,109.87048131810167,108.57811034260652,109.57080078125,22821000
2016-10-14,110.11395237473559,110.55410963980293,109.63633415679588,109.70188903808594,21313300
2016-10-17,109.60824572895729,109.85173836237388,109.26173725620852,109.40221405029297,14182700
2016-10-18,110.70397229834934,110.89127710668808,110.32000994491372,110.3761978149414,19276700
2016-10-19,110.29190699639086,110.52603264413683,110.17016423174415,110.36682891845703,13702900
2016-10-20,110.25445182619784,110.47921044468818,109.59889573359182,110.2357177734375,18132200
2016-10-21,110.31999929092217,110.71332863302649,109.95476388111855,110.64777374267578,15707800
2016-10-24,111.35951218257715,112.05252201007397,111.34077813199931,111.97760009765625,19143000
2016-10-25,112.04318085833404,112.06191491323804,111.45318673793061,111.62175750732422,20341800
2016-10-26,110.90065066355268,111.47191789576999,110.53541517343982,110.86318969726562,20463700
2016-10-27,111.34077518907124,111.43442400464468,110.1982410622141,110.3574447631836,19099800
2016-10-28,110.03904640776372,110.61031351815726,109.32730248998786,109.66444396972656,35369300
2016-10-31,110.06714412174809,110.06714412174809,109.50524401786117,109.56143188476562,18749400
2016-11-01,109.74873679186557,109.76746369920319,107.7914427350264,108.73731231689453,23498700
2016-11-02,108.66237388904207,108.9152335418427,107.59476170930843,107.86634826660156,26960100
2016-11-03,107.68842828280536,108.0443038313757,106.68637082094497,106.80812072753906,36205200
2016-11-04,106.54589319057598,107.26700416350937,106.24621265694,106.43351745605469,26997500
2016-11-07,108.15668148550309,109.0744571621086,107.97875085300893,108.96207427978516,26591200
2016-11-08,108.84967806029996,110.1701427406286,108.59681840888943,109.67379760742188,20777900
2016-11-09,108.39079646336775,110.3574502683018,108.25968668603528,110.17951965332031,70234400
2016-11-10,110.71332400519458,110.86316068618423,106.94858004542805,108.40016174316406,72825400
2016-11-11,107.93192692674161,108.68113188052465,107.54795742306712,108.44700622558594,41115200
2016-11-14,108.47507980277022,108.57809564320544,106.78937254559992,107.35127258300781,35906000
2016-11-15,108.16605660614181,109.21494215147364,108.00685286964762,108.84033966064453,31796600
2016-11-16,108.32525052900236,109.56143363528368,108.32525052900236,109.48651885986328,16538100
2016-11-17,109.43033378104772,110.30128153578305,109.2055751444881,110.28255462646484,20598600
2016-11-18,110.41364894744953,110.60094659416693,109.76745991986424,109.87047576904297,16428700
2016-11-21,110.14206049973632,111.11602396511626,110.1045995420355,111.01300811767578,20268500
2016-11-22,111.4531821837179,111.62175294622337,111.07857969537818,111.35016632080078,18850600
2016-11-23,110.98490844353864,111.10665119105728,110.41364137181463,110.90061950683594,22926000
2016-11-25,111.03174972696114,111.30333634754544,110.90063993012016,111.25651550292969,7162800
2016-11-28,111.11601445528107,111.51871078491632,110.89125587325918,111.00363159179688,13479000
2016-11-29,111.10668060721288,111.92144053463346,110.78827311634997,111.38763427734375,18553000
2016-11-30,111.52808283387901,111.56554379246118,110.00158628262876,110.03904724121094,30405300
2016-12-01,110.00160837859369,110.0109754063576,107.96939919569627,108.13796997070312,39796600
2016-12-02,108.203503459103,108.7841376014161,107.90382293451015,108.35334014892578,32876800
2016-12-05,108.91523580806464,109.62697251273207,108.41888351685516,109.19618225097656,21419700
2016-12-06,109.50522488915972,109.64570167682942,108.99951274051658,109.4583969116211,27293300
2016-12-07,109.23363616273984,110.9848981715906,108.90586176133625,110.84442138671875,26622400
2016-12-08,110.89126286585899,111.3220531522935,110.67586415016825,111.04109954833984,18578400
2016-12-09,111.45315651899976,111.94950166515173,111.4437894940875,111.91204071044922,21863100
2016-12-12,111.41572383881282,111.64048247911951,110.94747250362067,111.40635681152344,23259300
2016-12-13,111.74349141436953,113.41983194778825,111.74349141436953,112.81110382080078,54477900
2016-12-14,112.95156776323155,113.3168031687914,112.24919088408615,112.57696533203125,28746000
2016-12-15,112.72681176805996,113.41982163758314,112.45522517778596,112.7549057006836,22762300
2016-12-16,113.0319809154315,113.25741133880254,112.11149843459964,112.33692169189453,26283900
2016-12-19,112.44961606448149,113.49220828961245,112.28994158540824,112.7971420288086,21138700
2016-12-20,113.15409693898184,113.43587423423692,113.02259943464749,113.22924041748047,11461800
2016-12-21,113.27621187391556,113.35135536047868,112.89111404591486,113.14471435546875,7079300
2016-12-22,113.15409929747308,113.18227631097822,112.38389654199995,112.82535552978516,16645000
2016-12-23,112.63749479772281,112.94745627284136,112.53417430601662,112.9004898071289,9007500
2016-12-27,113.14470300217238,114.14032901795886,113.09774370234044,113.48284149169922,16110600
2016-12-28,113.72702973649986,113.83035020639828,112.52476299521837,112.59989929199219,17975200
2016-12-29,112.5717440844437,112.83473908926858,112.0833258134941,112.44024658203125,13267500
2016-12-30,112.6562942465227,112.66568180763693,110.96560165592908,111.28495788574219,41749000
2017-01-03,112.0269711537883,112.70324815766705,111.67005036444199,112.28057861328125,22307600
2017-01-04,112.40268778797538,113.09775428486024,112.39330022677656,112.89111328125,19749100
2017-01-05,112.80655701812692,113.60493672299364,112.80655701812692,113.52980041503906,20644300
2017-01-06,113.65192828832191,114.8260184565897,113.36075621973636,114.52545166015625,24074300
2017-01-09,114.61934624614331,115.10777163621867,114.54420277596621,114.90113067626953,18909200
2017-01-10,114.94810602047548,115.50228023281475,114.68511100421009,115.15474700927734,16176600
2017-01-11,115.20171140935152,115.46470642089844,114.60996546729432,115.46470642089844,20686000
2017-01-12,115.05145208687591,115.36141363897256,114.21550038533888,115.28627014160156,19622500
2017-01-13,115.34260947786218,115.87799425448064,115.34260947786218,115.68074798583984,16930800
2017-01-17,115.38016547566103,115.55862944329199,114.99506769391833,115.33320617675781,14538500
2017-01-18,115.50225968048447,115.68072362379893,115.2110877022981,115.56800842285156,12499700
2017-01-19,115.73708095712142,116.14096814782658,115.26744502216545,115.51165771484375,12710700
2017-01-20,116.01888198099046,116.31006119323283,115.45532017683186,115.7652816772461,22091000
2017-01-23,115.69012265937589,116.02826112968661,115.1265609308834,115.85919189453125,17434200
2017-01-24,116.08463494092942,116.81727319554169,115.88738866063753,116.63880920410156,17640900
2017-01-25,117.37143770641366,117.84107374421112,117.26811720481203,117.81289672851562,15036200
2017-01-26,117.97253114179689,118.17917207472637,117.72831847869162,117.9349594116211,16052200
2017-01-27,118.18860029290698,118.27313133520214,117.77531830992578,118.1604232788086,15053000
2017-01-30,117.76593454634838,117.76593454634838,116.59184440910424,117.23994445800781,25006700
2017-01-31,116.82664010504902,117.03328107627681,116.32882712858725,117.0051040649414,19091100
2017-02-01,117.83167901695354,118.04771474741436,117.2775119320696,117.81289672851562,22861900
2017-02-02,117.60625134062936,118.06649263401019,117.27750755964304,117.7095718383789,15101400
2017-02-03,117.83165565758172,118.16979411104829,117.7189476171434,118.04769134521484,16957200
2017-02-06,117.85049056649486,118.20741144234991,117.7377753165034,118.18862915039062,11630100
2017-02-07,118.43280779671558,118.86487924021566,118.32009973847812,118.62066650390625,17541100
2017-02-08,118.46096563735414,118.98695556837936,118.23553523885016,118.81788635253906,12569100
2017-02-09,118.94001561934707,119.51297213594422,118.87426686331511,119.2499771118164,17542700
2017-02-10,119.51297270215684,119.81353946916647,119.30633170619829,119.64447021484375,13915700
2017-02-13,120.0107787335653,120.4710200011067,119.96381943381911,120.32074737548828,19120200
2017-02-14,120.36770430728647,120.7340198238611,119.98260650327998,120.7246322631836,16333500
2017-02-15,120.64010392242083,121.49484492428854,120.57434799974455,121.4384765625,17891400
2017-02-16,121.51364039015061,121.75786033566011,121.09097076497335,121.40093231201172,15098300
2017-02-17,121.22244873203064,121.93630466409427,121.20365927798841,121.9269027709961,15563700
2017-02-21,122.16175291914374,122.60321204626209,122.0960113109335,122.52806854248047,18479600
2017-02-22,122.41533766577727,122.65954325849127,122.20869665188266,122.57501220703125,12110900
2017-02-23,122.76286906876857,122.76286906876857,121.62635777540635,122.1147689819336,17489000
2017-02-24,121.56057099080493,122.34955596923828,121.52300641989714,122.34955596923828,18624500
2017-02-27,122.1241215426506,122.50921208220515,121.91748060330423,122.49982452392578,12008700
2017-02-28,122.47167155029669,122.52802557533165,121.78600702544983,122.1241455078125,16598600
2017-03-01,122.90375680436682,123.68334001468723,122.66893878550647,123.45792388916016,25813800
2017-03-02,123.42977407834448,123.44854920484028,122.68774094918946,122.83802795410156,19951400
2017-03-03,122.7534236216973,123.10094957249402,122.42467278619023,123.06338500976562,13722700
2017-03-06,122.6595333702891,122.99767188102531,122.30261973773436,122.79103088378906,12026200
2017-03-07,122.54682415747257,123.11978067493477,122.3683601767977,122.58438873291016,15500900
2017-03-08,122.65955375605468,123.18554389747302,122.53745811532599,122.80045318603516,15776000
2017-03-09,122.7722449054967,123.0634169216308,122.23685300577701,122.89434051513672,20855300
2017-03-10,123.45792380659734,123.60821077828453,122.87557970650255,123.41095733642578,21922600
2017-03-13,123.3639539430347,123.6457383475706,123.29821237019475,123.61756134033203,10731600
2017-03-14,123.33578316320339,123.38274962168914,122.8191807841619,123.3169937133789,14019700
2017-03-15,123.57062018456392,124.36900710552224,123.17612767030373,124.07783508300781,22709100
2017-03-16,124.31266478935976,124.31266478935976,123.71153123498324,123.99330139160156,18457300
2017-03-17,124.14762334950521,124.27939432978953,123.88408138893658,123.9499740600586,21234500
2017-03-20,123.91234296387287,124.34531305378577,123.7335221661316,124.06294250488281,10105200
2017-03-21,124.53355250454341,124.64649497678509,122.10518881761053,122.18048858642578,35841900
2017-03-22,122.21814776045365,123.13113772539216,122.0581267727339,123.00877380371094,29177900
2017-03-23,122.84878070916038,123.18762253101569,122.49111035221195,122.69818115234375,20311700
2017-03-24,123.0934791163588,123.57349898761302,122.48168823954677,122.95230102539062,22967600
2017-03-27,122.07696668816479,123.3664556239068,121.7945961143983,123.14996337890625,18472400
2017-03-28,123.14996306469985,124.27002390853863,122.87701393999917,123.90294647216797,23721900
2017-03-29,123.98764758178655,124.52415308187362,123.8558765687418,124.47708892822266,13710000
2017-03-30,124.43003861557105,124.81594461168669,124.31709612381619,124.68417358398438,16092400
2017-03-31,124.50533610046811,124.93830624748229,124.36415798837905,124.5994644165039,19841400
2017-04-03,124.70295927064657,125.00414393249088,123.82761217443046,124.52412414550781,23700300
2017-04-04,124.16652766133551,124.74067607484328,124.11946349066075,124.72184753417969,13400000
2017-04-05,124.90064510872267,125.63479999160631,123.97824796186244,124.21355438232422,32011200
2017-04-06,124.33593507546477,124.60888424072579,123.95943613480087,124.27944946289062,18832200
2017-04-07,124.2417900038225,124.59003891027741,123.77117716289894,124.21355438232422,16743100
2017-04-10,124.33588936005619,124.77826647645573,123.9217478585791,124.26058959960938,15619300
2017-04-11,124.14760856177418,124.33586510715037,122.82989891588883,123.72406005859375,33778400
2017-04-12,123.70523947941264,123.80877484123823,123.09344875350801,123.2252197265625,15955200
2017-04-13,123.05585223557615,123.78058567835069,122.71701041172098,122.73582458496094,23683000
2017-04-17,123.08406489089833,123.77115549702305,123.03700074265163,123.75232696533203,13325500
2017-04-18,123.33820284656328,123.92177251565043,123.25349598494154,123.56410217285156,12841100
2017-04-19,124.10059868083286,124.51472587269524,123.59232882406125,123.76175689697266,17764800
2017-04-20,124.26062792964883,125.07008265168946,124.07238565144607,124.797119140625,21977900
2017-04-21,124.91004467861174,124.9570944648918,124.4488390049819,124.76885223388672,22454900
2017-04-24,126.1524468857462,126.39716033432434,125.93596905192858,126.27481079101562,22469900
2017-04-25,126.68897961299513,127.41371303076544,126.57602276763102,127.18782806396484,19384400
2017-04-26,127.23484181198747,127.54544791530789,126.93365715425718,127.00895690917969,25398500
2017-04-27,127.31957048121548,127.77135467529297,127.24427072187581,127.77135467529297,16136500
2017-04-28,128.27960191563625,128.32666605746647,127.79017505408895,127.99724578857422,22771900
2017-05-01,128.4208126886601,129.30556697841877,128.36434145517964,129.13613891601562,24815500
2017-05-02,129.29618987996247,129.4091467476292,128.966769451015,129.3526611328125,18345100
2017-05-03,129.06082610201696,129.10789024581283,128.59021338797874,128.9384765625,23827600
2017-05-04,128.9197326069503,129.35268854519697,128.53382648140504,128.98561096191406,14630100
2017-05-05,129.31495292082622,129.4561309814453,128.83493315276195,129.4561309814453,19330700
2017-05-08,129.52206277042913,129.73854064941406,129.25852073636997,129.73854064941406,13279900
2017-05-09,129.93620318921776,130.48211578685664,129.82324634566118,130.19033813476562,28426100
2017-05-10,130.265625,130.31268915517626,129.8044336203783,130.265625,20499400
2017-05-11,129.907988749982,130.1997664496466,129.30560481332947,130.162109375,27232100
2017-05-12,130.21855105160608,130.48209303735038,130.10559422774347,130.453857421875,19738600
2017-05-15,130.51032505022872,130.94328071687406,130.38796114523907,130.86798095703125,20481300
2017-05-16,131.20683913708342,131.4327384449197,130.82094756722825,131.41390991210938,21786000
2017-05-17,130.3691336058332,130.61386141767292,128.05372701139817,128.0725555419922,55642200
2017-05-18,128.02548610227603,129.62556644953975,127.88429367160087,129.19259643554688,41319900
2017-05-19,129.6538337874587,130.2844532519548,129.56912692550333,129.73854064941406,36730100
2017-05-22,130.0303204782448,130.89626073259055,129.9832706843476,130.8303680419922,19509700
2017-05-23,131.21626261555107,131.2256697011206,130.62328589952884,130.96212768554688,19687500
2017-05-24,131.357443377718,131.6304068463698,130.9903659655707,131.56451416015625,15891900
2017-05-25,132.0633427994548,133.0233967958542,131.78097228734194,132.68455505371094,23928600
2017-05-26,132.712820559365,132.97636260017117,132.53398538268283,132.91989135742188,13851600
2017-05-30,132.85397125669826,133.19281300525063,132.76926441005045,133.03280639648438,20306400
2017-05-31,133.50344052105777,133.50344052105777,132.30809430612103,132.9857635498047,33229400
2017-06-01,133.25868928466016,133.5598739341104,132.69394831924686,133.50340270996094,20120700
2017-06-02,133.9740311986412,135.05644911638223,133.75755335987742,135.02821350097656,37222900
2017-06-05,135.01878275325987,135.23526057711078,134.81171201324244,134.9999542236328,15727500
2017-06-06,134.83995490007294,135.28233201743046,134.26580679213833,134.46347045898438,22393000
2017-06-07,134.83994004615147,135.10348199827394,134.21874222298237,134.99053955078125,18842400
2017-06-08,135.2917968179676,135.348268066031,134.39762085041227,135.1317901611328,25417400
2017-06-09,135.2918107970058,135.44239602007897,129.9927045893891,131.75279235839844,109783700
2017-06-12,130.6421243427908,131.28215089717403,129.39029249287364,131.04684448242188,104454000
2017-06-13,131.78100836724767,132.2986853875276,131.09391761049326,132.11044311523438,51193000
2017-06-14,132.6469247805118,132.6469247805118,130.4726958134893,131.53628540039062,60093800
2017-06-15,130.20912162672005,131.09387582263264,129.4090886340035,130.95269775390625,55145200
2017-06-16,130.88479006659972,130.97917482687745,129.90325480473683,130.38458251953125,48087400
2017-06-19,131.64923532930905,132.687395397233,131.45103314846543,132.56471252441406,39626500
2017-06-20,132.4325794955136,132.60245473140162,131.47934266829253,131.5265350341797,40935100
2017-06-21,131.82850479182898,132.89499148942218,131.7435671967333,132.8289337158203,35743400
2017-06-22,133.03660853918882,133.2819886880312,132.45144910565912,132.7912139892578,24099100
2017-06-23,132.64025398985837,133.47079388415676,132.2721764278114,133.30091857910156,21654300
2017-06-26,134.06535074380852,134.29185109055507,132.38540596701722,132.677978515625,34411100
2017-06-27,132.17772967990416,132.33817217566497,130.26183804082098,130.27127075195312,65957800
2017-06-28,130.75262538390743,132.26269474151786,129.9976051061909,132.14944458007812,57427200
2017-06-29,131.60205019142137,131.60205019142137,128.59135846699238,129.8560333251953,88769400
2017-06-30,130.2240985421449,130.87531573816105,129.4785110169493,129.90321350097656,68898300
2017-07-03,130.49779793008852,130.64879332809627,128.44977613353402,128.5347137451172,32797000
2017-07-05,128.94055579850516,130.14860557103208,128.50642056208196,129.79940795898438,42116600
2017-07-06,128.80844225925102,129.35584213252486,128.16667203608998,128.62911987304688,48430500
2017-07-07,129.06327211209185,130.36570681561247,129.05383939724436,130.01649475097656,36970400
2017-07-10,130.10140793813005,131.1773275541981,129.77107580292414,130.86587524414062,24853500
2017-07-11,130.67716092408642,131.39443609132266,130.18638612487658,131.23399353027344,31517700
2017-07-12,132.3570787719914,132.9422238044325,132.09281879598004,132.7912139892578,36045800
2017-07-13,132.95162553594844,133.40465487590367,132.69681273344452,133.08375549316406,31073600
2017-07-14,133.67834797456482,134.30125251839522,133.2536455678024,134.13136291503906,34544800
2017-07-17,134.27299943052367,134.66938947906556,133.94266718952628,134.19749450683594,25343200
2017-07-18,134.10310341826292,135.12239823826863,133.6784008435333,135.09408569335938,25748500
2017-07-19,135.4904204346657,136.08501243731126,135.43379536795376,135.88681030273438,33752300
2017-07-20,136.2360670252633,136.321004653268,135.45271974223257,136.06617736816406,36139400
2017-07-21,135.5659544239231,136.00953674316406,135.2922617423708,136.00953674316406,39697100
2017-07-24,135.99072251825962,136.72687770082482,135.8302799170436,136.63250732421875,26712700
2017-07-25,136.17943144157843,136.6041483959535,135.91517143504166,136.2832489013672,28120900
2017-07-26,136.62300444675108,136.8023268105407,136.40593682794278,136.72682189941406,18610600
2017-07-27,137.6234304966357,137.7555604877419,134.30128649028006,135.86798095703125,80665900
2017-07-28,135.056304583204,135.98121440726794,134.83922259506946,135.75469970703125,38013200
2017-07-31,136.1416550571813,136.31153027921965,134.8864131125791,135.17898559570312,33848600
2017-08-01,135.64145780738932,135.6792030591809,135.07517822289913,135.49044799804688,20149400
2017-08-02,136.36819031172055,136.39650285299504,134.59386091937745,135.85853576660156,41769700
2017-08-03,135.99065172777398,136.06615663041154,135.0846216982983,135.3300018310547,27112800
2017-08-04,135.6320331594451,135.87741331340095,135.0185611729221,135.5753936767578,29472900
2017-08-07,135.8208074644173,136.43426513671875,135.63205236533156,136.43426513671875,17933900
2017-08-08,136.17000593646677,137.29311822425223,135.81136116528393,136.1983184814453,30810400
2017-08-09,135.0751769767534,136.08503886619047,134.7637246482659,136.0189666748047,36169500
2017-08-10,135.24502128532637,135.33939158285176,132.9704854190433,133.1026153564453,63331700
2017-08-11,133.28196362556116,134.40507551296275,132.97994405200387,134.1125030517578,45862500
2017-08-14,135.17898028760095,136.04726499090472,135.14123504010357,135.83963012695312,34161000
2017-08-15,136.17940111864212,136.1888482317586,135.56594361172765,135.93402099609375,25509200
2017-08-16,136.27380035788573,136.81176742368993,135.71696786601333,136.16998291015625,31913000
2017-08-17,135.6415066340986,135.84914159641457,133.38584899902344,133.38584899902344,70191000
2017-08-18,133.46131726256502,134.20690485796453,132.74402780760474,133.2914276123047,60751900
2017-08-21,133.2820246026983,133.57459719775653,132.30047494065954,133.12158203125,37111500
2017-08-22,133.83884367209228,135.29228818549706,133.79165129678336,135.1507110595703,36294200
2017-08-23,134.47112464968504,134.97133193528393,134.3767543398293,134.66932678222656,25702300
2017-08-24,134.97139031424842,135.12240015663565,133.5179601842723,134.2729949951172,38160800
2017-08-25,134.79208007861544,135.13183061668107,133.81053052056706,133.98985290527344,26380400
2017-08-28,134.39565847635382,134.71655794534243,133.97095595694697,134.4051055908203,15362100
2017-08-29,133.25369470163258,135.16015428066837,133.13099740958313,134.9336395263672,24498300
2017-08-30,135.04688570005018,136.74571030422769,134.96194807011383,136.51919555664062,33642700
2017-08-31,136.90612080795535,137.99148751822656,136.83061590976448,137.98204040527344,38480700
2017-09-01,138.16136657278696,138.35012162295934,137.42521179635364,137.7932891845703,22293600
2017-09-05,137.38748541691896,137.68005794503406,135.528218395122,136.55694580078125,44794300
2017-09-06,136.9061415487829,137.283666096931,135.98123160772576,136.9722137451172,30722700
2017-09-07,137.22703387926913,137.6423037036737,136.7928986272751,137.29310607910156,22721100
2017-09-08,137.1137444228275,137.17981660372857,135.96232002183237,136.10389709472656,27890100
2017-09-11,137.17043150344807,137.90658653182425,137.13268624093047,137.67063903808594,27126300
2017-09-12,138.05755586383566,138.1802531329171,137.3497135903742,138.0009307861328,30256700
2017-09-13,137.76497953477414,138.20856183257507,137.53846482916703,138.18968200683594,28450900
2017-09-14,137.65178946426857,138.06704500416626,137.2931446241225,137.37808227539062,35296400
2017-09-15,137.34976799996008,138.35018317191492,137.12325319832945,137.8499755859375,46422400
2017-09-18,138.00977429160105,138.44485972301814,137.2530870334651,137.6692657470703,24858200
2017-09-19,137.9152303396918,138.1043986110442,137.4423024450038,137.90577697753906,20871200
2017-09-20,137.85843896558117,138.00977930923247,136.42073456611305,137.4801025390625,34236200
2017-09-21,137.38555591855825,137.3950092808838,136.15594048336672,136.63833618164062,28841800
2017-09-22,136.20320916677628,136.70451149035063,136.06133659693876,136.50588989257812,21702400
2017-09-25,135.966766881718,136.04243707520058,134.40611063490374,135.06820678710938,54947700
2017-09-26,135.7586298729035,136.0140148823153,134.94519361885102,135.41812133789062,29628800
2017-09-27,136.13701932610138,137.1490919668912,135.79652509101047,136.63833618164062,33249400
2017-09-28,136.30724386649106,136.73287597740244,135.9951098031266,136.59100341796875,24149400
2017-09-29,136.86526972441837,137.6787059233219,136.50585449648958,137.5746612548828,43102400
2017-10-02,137.7827706269344,138.25569838267973,137.08283235269178,137.69764709472656,27351300
2017-10-03,137.87734669617632,138.1516384138123,137.57466603833566,137.9908447265625,19715200
2017-10-04,137.72604861359875,138.4165192312578,137.59362939332698,138.12330627441406,26381100
2017-10-05,138.62464263524973,139.55157740447189,138.48277001895616,139.47592163085938,31562400
2017-10-06,139.00292785345968,139.66502380371094,139.00292785345968,139.66502380371094,23561100
2017-10-09,139.84471993069295,139.99604581862576,139.32449659921573,139.50421142578125,13704800
2017-10-10,139.97715943169692,140.11903198242769,138.9934616379322,139.6082763671875,19223100
2017-10-11,139.54204825525733,140.05281826174576,139.36233341714504,140.02442932128906,12439100
2017-10-12,139.81635388464554,140.31765609823609,139.62717125621964,139.76905822753906,14513500
2017-10-13,140.3366020547386,140.46902127209773,139.7785506696259,140.3082275390625,18409900
2017-10-16,140.65816919427024,140.82841624625567,140.35548852504013,140.79058837890625,21809400
2017-10-17,140.7433407672566,140.98925807050085,140.5257979823631,140.9703369140625,13138200
2017-10-18,141.11218287175902,141.13110402269092,140.59195946570233,140.800048828125,17218200
2017-10-19,139.97714944299747,140.29873682344518,139.29613238286797,140.27981567382812,27680300
2017-10-20,140.8473713725972,140.9703227955987,140.48794159933402,140.658203125,30173300
2017-10-23,140.95143215694208,140.96088551898634,139.5421018511987,139.74073791503906,29297100
2017-10-24,140.0150312503395,140.2704163544271,139.45697979881913,139.97720336914062,20289500
2017-10-25,139.70284900541083,140.15685558654252,138.4070316394723,139.4474639892578,36179100
2017-10-26,139.362375557374,139.71235198101067,138.9651178947653,139.00296020507812,28230200
2017-10-27,141.33918263232536,143.31603162680884,141.12163990507764,143.0511932373047,60165100
2017-10-30,142.94714014673997,143.94974462413012,142.8147209597754,143.37277221679688,31733400
2017-10-31,143.8362400193786,144.11998509805372,143.4200613271774,143.91189575195312,26319300
2017-11-01,144.48887767033668,144.55509448147055,143.29710496341,143.8646240234375,29481600
2017-11-02,143.70379953971903,143.76056298535016,142.6066182785123,143.59030151367188,31017400
2017-11-03,144.11058128835194,144.99022019990258,143.6187322618583,144.9713134765625,26199200
2017-11-06,144.85777252871674,145.51988296354963,144.8104912970376,145.46311950683594,28693900
2017-11-07,145.34959704861356,145.73740122500544,145.03746303585478,145.54823303222656,21333100
2017-11-08,145.47256292220246,146.17248667900307,145.30230144581313,146.13465881347656,17373500
2017-11-09,144.93343040455514,145.44420044335658,143.87407689090648,145.3685302734375,40594500
2017-11-10,145.02801382674787,145.4725670304309,144.77262882125564,145.3590545654297,20150800
2017-11-13,144.8104591000084,145.72793993931424,144.8104591000084,145.53875732421875,12522400
2017-11-14,145.02800012730648,145.18879380221043,144.3091552690406,145.0090789794922,25173800
2017-11-15,144.38481297645836,144.71586812101992,143.56192344283198,144.32806396484375,24808000
2017-11-16,145.05642834790686,146.5035863905398,145.02805383198168,146.1725311279297,34790600
2017-11-17,146.21039574368882,146.31444046215847,145.47262935185483,145.614501953125,28725800
2017-11-20,145.7184581947427,145.85087735306453,145.29282621675145,145.50091552734375,21143900
2017-11-21,146.1914293753684,147.14675270386303,146.12522699278736,147.08053588867188,20147800
2017-11-22,147.21295824190113,147.40212646668616,146.92919868841835,147.26025390625,17299000
2017-11-24,147.4115876493985,147.84667310363446,147.32644968434383,147.79937744140625,8280600
2017-11-27,147.75216701008904,148.08320793909152,147.39273712405873,147.73324584960938,22653400
2017-11-28,148.06423082224094,148.20611782329158,147.26971557375782,148.1115264892578,25227300
2017-11-29,147.94126179722656,147.97908966677053,144.82938912883336,145.52932739257812,71986300
2017-11-30,146.1441646248025,147.033271326172,145.80365598241872,146.74951171875,56595500
2017-12-01,145.850907460367,146.83460521033717,144.015945578692,146.12521362304688,59015800
2017-12-04,147.04273839389532,147.20353213636358,144.29974811251938,144.44163513183594,51319100
2017-12-05,144.4132279995865,146.1819878092687,143.86464444499362,144.53619384765625,40604200
2017-12-06,143.99703957900977,145.4158227606631,143.82677809225473,145.18881225585938,28647800
2017-12-07,145.17937702246016,146.09685808241736,145.02803666702974,145.68067932128906,32666200
2017-12-08,146.74949995856878,147.10892972800696,146.09687167619546,146.32386779785156,28081700
2017-12-11,146.39007058374372,147.50617322849018,146.38060279117462,147.45887756347656,20821500
2017-12-12,147.39267310686057,147.69533937999455,146.94811984068,147.26025390625,20310300
2017-12-13,147.85614039818043,148.01693410312748,147.32644918866046,147.54400634765625,24418500
2017-12-14,147.79935663685072,148.17770744880903,147.27914772339562,147.43994140625,24594700
2017-12-15,148.01692387650473,149.27491335105577,147.77099222378112,149.11410522460938,49816200
2017-12-18,150.09891136990166,150.48752657009803,149.82404602268423,150.3643035888672,26844500
2017-12-19,150.07998640994265,150.2316432748555,149.05632426597293,149.47337341308594,31415000
2017-12-20,149.99463603143235,150.02306987650041,148.72454274242534,149.31219482421875,38972600
2017-12-21,149.52075585095375,149.99467266823092,149.16057444172915,149.33119201660156,18638700
2017-12-22,149.10373104158708,149.21746646817854,148.76251029901684,149.1605987548828,23330400
2017-12-26,148.32650083842194,148.54449853972017,147.81466254153716,148.3549346923828,21918700
2017-12-27,148.3643824620508,148.7719584038117,148.23168634531768,148.3738555908203,22388200
2017-12-28,148.84782704500827,148.8762753673525,148.37391010216365,148.5540008544922,25393800
2017-12-29,148.6866324780974,148.71506632530173,147.5776690487554,147.63453674316406,33186000
2018-01-02,148.39285648434495,150.26009021567134,148.0232018831725,150.22218322753906,32573300
2018-01-03,150.36427497941207,151.8144587795475,150.3358411372752,151.6817626953125,29383600
2018-01-04,152.20313900010493,152.4021759801874,151.7292221447538,151.9472198486328,24776100
2018-01-05,152.6675709111186,153.57748310381623,152.383217927353,153.4732208251953,26992300
2018-01-08,153.4731728669694,154.1461409028284,153.41630518054535,154.0703125,23159100
2018-01-09,154.37361423464705,154.53474416981084,153.6153591192384,154.0797882080078,24782400
2018-01-10,153.3974207609182,153.74812910628347,152.71497925881894,153.7196807861328,34004000
2018-01-11,153.98505460556953,154.78123136669927,153.74809620312902,154.77174377441406,20473500
2018-01-12,154.63899579067072,156.0702333176455,154.4399588985302,155.9091033935547,37762700
2018-01-16,156.94227149942006,157.73844816243434,154.99920994629912,155.46365356445312,41231800
2018-01-17,156.20298089216155,157.37828530538852,155.44471111610974,157.14132690429688,33849900
2018-01-18,156.89485898884723,157.52990562096628,156.52520454738124,157.16973876953125,26432200
2018-01-19,157.63419432454305,157.91854728018592,156.90435844637778,157.66262817382812,38937600
2018-01-22,157.6057518096005,159.34976196289062,157.42566113216887,159.34976196289062,26081400
2018-01-23,159.84264106893713,160.80943528977346,159.76681265330373,160.66725158691406,37989700
2018-01-24,161.0084933004039,161.35920157646174,158.70526453308307,159.62466430664062,54287400
2018-01-25,160.72410685851676,160.78097454503066,159.0559109192344,159.5677490234375,28925000
2018-01-26,160.4587371326615,162.03214431454649,160.1459647848773,162.01318359375,32038200
2018-01-29,161.67198441475063,161.99424436831939,160.88528078965535,161.22650146484375,37277800
2018-01-30,159.75730588752248,160.58191623187525,159.0653916268907,159.89947509765625,44987700
2018-01-31,160.79996193632766,161.12223634700266,159.55830225382223,160.56300354003906,42449200
2018-02-01,159.3308162279203,160.87577498942545,158.6862819309386,159.1981201171875,38037900
2018-02-02,158.57257836868803,158.95170605751207,155.89020730501497,156.0229034423828,68478100
2018-02-05,154.5632326079805,157.10341972228463,149.75770929786407,149.87144470214844,105372200
2018-02-06,147.681932115182,154.0324135347721,147.0089784439532,153.8428497314453,118537900
2018-02-07,153.35002747790696,155.0182242584251,151.84297517415862,151.8524627685547,91028300
2018-02-08,152.24100184145476,152.4116193805625,145.44503784179688,145.44503784179688,94184800
2018-02-09,147.50190797355262,149.03740873753577,142.29830908051392,147.95687866210938,113836600
2018-02-12,149.4733575775431,151.60598320251285,148.2980531559696,150.5823211669922,63050600
2018-02-13,149.719809938136,151.66285735326272,149.4923246551952,151.35955810546875,31785600
2018-02-14,150.4685638728737,154.43050084877248,149.75768876796246,154.19354248046875,52107400
2018-02-15,155.5773970031958,157.05601501464844,153.96608287437675,157.05601501464844,51633900
2018-02-16,156.54414750308,158.06067206863327,156.0891771169048,156.35458374023438,62256300
2018-02-20,155.8048866191861,157.98489225651699,155.73853132725026,156.6674041748047,36785600
2018-02-21,157.43518030114507,158.97066623726502,156.1271651924241,156.22195434570312,41161800
2018-02-22,156.90439063968478,157.73848895729785,155.80491449522538,156.2030029296875,37074400
2018-02-23,157.46355166462348,159.39712524414062,156.8190174962588,159.39712524414062,50096900
2018-02-26,160.14596555496297,161.51083374023438,160.01326943433412,161.51083374023438,39266700
2018-02-27,161.55821862473786,161.8236108500838,159.43508082197027,159.51089477539062,42209900
2018-02-28,160.4208484912087,160.94215990175962,158.38301188781168,158.48727416992188,42936300
2018-03-01,158.57255575538582,159.30239163822753,154.49686859916835,155.899658203125,76809900
2018-03-02,154.02294274088806,157.60575219039126,153.5111190178696,157.3308868408203,57445100
2018-03-05,156.5916161799506,159.48249747297828,156.00394943534076,159.07493591308594,38540200
2018-03-06,159.85215657839905,160.28816646819095,158.743192823479,159.74789428710938,29480900
2018-03-07,158.52515457958796,160.2502185102771,158.25028922526062,160.1175079345703,34609400
2018-03-08,160.78101051071332,161.1127435771806,160.13647617286992,160.99900817871094,25828400
2018-03-09,162.1459532152745,164.12692260742188,161.9089947388129,164.12692260742188,38310500
2018-03-12,164.61027083474934,165.37801378921114,164.24061628397905,164.99888610839844,37635000
2018-03-13,165.378037431466,166.06996651891782,162.3354990315822,162.75254821777344,55638900
2018-03-14,163.60556813918518,163.7287911427087,162.01320007452026,162.7240753173828,40536400
2018-03-15,162.83784360442834,163.52975820280642,161.9847845388542,162.58192443847656,28810400
2018-03-16,162.85678053542495,163.21694747854787,162.02268231658442,162.0985107421875,31176700
2018-03-19,160.5386962562349,160.65261617920999,157.2538651099721,158.63995361328125,71395100
2018-03-20,158.70641515926818,159.53236364145548,158.1747694932047,159.162109375,34075700
2018-03-21,158.74435039364795,160.2158640317878,157.77598780092563,158.46902465820312,43863500
2018-03-22,156.275961123484,157.37723496183366,154.35822764446155,154.55760192871094,66607300
2018-03-23,154.37724505922134,155.03231347806772,150.40886607365744,150.4848175048828,80110400
2018-03-26,153.53232161056064,156.26651548002832,151.1019334982586,156.07662963867188,57481500
2018-03-27,157.23485166004454,157.23485166004454,149.69684210285584,151.02597045898438,78889100
2018-03-28,150.1620244056561,151.69051244854336,148.13985933706059,149.28860473632812,89369700
2018-03-29,150.0955744852547,153.52280468503133,148.6999978299888,152.02279663085938,68692600
2018-04-02,150.9405255494909,151.65255391763247,146.0892383551028,147.63670349121094,85549400
2018-04-03,148.92787199117498,149.92471475875274,146.62090667325108,149.29812622070312,64090000
2018-04-04,146.41203913947137,152.11775528522344,146.24114477717652,151.65257263183594,65768700
2018-04-05,153.16207477291135,153.3994175997795,151.40573205958435,152.51649475097656,43054900
2018-04-06,150.83615926890533,152.33616808379622,147.9880445666149,148.7000732421875,59870900
2018-04-09,149.98168182677352,152.73486743371004,149.48801915484603,149.7443389892578,41810400
2018-04-10,152.09878541910547,153.54181939414784,151.01650269469533,153.04815673828125,48296800
2018-04-11,152.0892554787563,153.79812644764763,151.9943270554176,152.1652069091797,41622100
2018-04-12,153.0861555726655,154.5292043201078,153.00071561369933,153.99755859375,30467900
2018-04-13,154.7664986534979,154.99433847261096,152.53547051631546,153.2000274658203,44604900
2018-04-16,154.27280916736,154.92787756716356,153.30444655520458,154.3677520751953,28180800
2018-04-17,155.9247661260972,158.03237182239752,155.61147182137603,157.6905975341797,35536100
2018-04-18,157.69064483375502,158.5450735674579,156.94063308002114,158.013427734375,29573900
2018-04-19,157.21589003534092,157.58614425573325,156.01967294926106,156.56082153320312,34705700
2018-04-20,156.1621338565148,156.27605380864918,153.54185906734088,154.0830078125,49197100
2018-04-23,154.83301441186882,155.44061167072044,152.86782268646644,153.6937713623047,33040600
2018-04-24,154.4247500326172,154.66209287436675,149.421558872385,150.43739318847656,70256800
2018-04-25,150.7032065023883,151.24434061457575,148.54812957914405,150.6177520751953,52089300
2018-04-26,152.56392324113247,154.301273982801,152.0702462441482,153.7886199951172,43005500
2018-04-27,156.04815610556335,156.08613906990593,153.01017083969649,153.8835906982422,51043400
2018-04-30,154.2443305107649,155.20319014858097,152.4120366749086,152.7917938232422,35615300
2018-05-01,152.39309175528817,154.55765725446156,152.03232601000693,154.53866577148438,36513500
2018-05-02,154.8045000978435,155.28868878909026,153.4469059323073,153.62728881835938,38646800
2018-05-03,152.84879162747055,154.1779057601629,151.15891173607986,153.60829162597656,60337100
2018-05-04,152.94372301776755,156.88360813869977,152.82978861052226,156.52284240722656,41543200
2018-05-07,157.2538577673338,158.33614044383222,157.13043486570265,157.823486328125,32500200
2018-05-08,157.49119975437424,158.00385386737238,156.5133485029797,157.66209411621094,26040200
2018-05-09,157.94688755325822,159.49436730016512,157.3867620019411,159.3804473876953,29122700
2018-05-10,159.89310601702218,161.1462830347706,159.76968311750747,161.0323486328125,27067600
2018-05-11,160.84251019355148,161.2602359516199,160.17795307219663,160.8804931640625,24688800
2018-05-14,161.25070463355758,162.17159585942224,160.88993894079474,161.15576171875,21821700
2018-05-15,159.88364034605314,159.9690802950281,158.52603171633322,159.3709716796875,49361600
2018-05-16,159.57983420835427,160.79502843428838,159.50388275845117,160.42477416992188,22941200
2018-05-17,159.86462292060756,161.02285699518038,159.02917159173393,159.8076629638672,27480200
2018-05-18,159.19056832369682,159.74120540115013,158.74437715212443,158.98171997070312,26217900
2018-05-21,160.21588922456885,160.91842917466076,159.19056652156544,159.87411499023438,22954600
2018-05-22,160.60513545466347,160.87095825044787,159.38045289453206,159.66525268554688,19477700
2018-05-23,158.45003776861986,161.03232843316243,158.43106077588712,161.0133514404297,26557800
2018-05-24,160.96588134765625,161.2506955898503,159.34245030752814,160.96588134765625,27696500
2018-05-25,160.94689072234866,161.70639054347728,160.64309948564974,161.1272735595703,27460500
2018-05-29,160.39626120541178,161.31715242752367,159.45639298941964,160.41525268554688,41220500
2018-05-30,160.99442690751772,161.8488554959141,160.65265257490717,161.5640411376953,22665800
2018-05-31,161.56399640107222,162.53235915637518,161.0418537895543,161.45957946777344,35670900
2018-06-01,162.26653734244198,164.08932846060375,162.21906588121905,163.99440002441406,45543300
2018-06-04,164.41214272104426,165.51341709289804,164.30772576710564,165.47544860839844,20459600
2018-06-05,165.86465921380315,166.26339340466507,165.25706218683416,165.98806762695312,24779300
2018-06-06,166.15898293375741,166.98493139850646,165.32353148400634,166.95645141601562,25036600
2018-06-07,166.98491966772062,167.02288814628852,164.7633942719543,165.5988311767578,39600300
2018-06-08,164.8203574587638,166.02606310604946,164.41212025332163,165.60833740234375,31780300
2018-06-11,165.48489114024326,166.46274231489681,165.45641116321488,166.0545196533203,22319700
2018-06-12,166.28236801762193,167.08933937158923,166.10199964925502,166.92794799804688,22511800
2018-06-13,167.18427981741723,168.1716195251448,166.54818834381487,166.91845703125,37858600
2018-06-14,167.687506845808,168.88370982180246,167.56408390477898,168.6083984375,35916000
2018-06-15,167.97225815172501,168.35201536573092,167.19378121396173,168.0197296142578,49615700
2018-06-18,166.96177160179127,168.06538840499113,166.4384968793943,167.9226837158203,31633200
2018-06-19,165.8010974403005,167.4850712380245,165.26831378561275,167.447021484375,38236000
2018-06-20,168.21758026322834,169.33072015130037,168.0653522826563,168.63619995117188,33038000
2018-06-21,169.06436483378408,169.23562497810494,166.8475933853099,167.17108154296875,43469400
2018-06-22,167.73238939467237,167.7989800706223,166.20062964069285,166.80001831054688,30073200
2018-06-25,165.28730473951538,165.53467890876078,161.55780524108133,163.0419921875,77799700
2018-06-26,163.64141785154982,164.6499033364769,163.04202894296355,163.70802307128906,39008100
2018-06-27,164.40248922398766,165.14458261891465,161.3675104465816,161.48167419433594,52843500
2018-06-28,161.28187071590713,163.42252786529906,160.94887379687535,162.87071228027344,46407700
2018-06-29,163.65091649712704,164.5166971963644,163.0705597612638,163.30841064453125,36408500
2018-07-02,161.77658385767745,164.45003888085847,161.424569340705,164.4024658203125,31770000
2018-07-03,165.0209388818555,165.0209388818555,162.33798848425215,162.49972534179688,25512700
2018-07-05,163.55576562722146,164.64987375472649,162.71852597101744,164.5166778564453,31626200
2018-07-06,164.89722064789729,167.1996148041911,164.59276463519973,167.075927734375,37005600
2018-07-09,167.94169369044104,168.6171818197497,167.27571436673514,168.57913208007812,27362100
2018-07-10,168.89312810986863,169.08340587794035,168.122493712957,168.70285034179688,23902500
2018-07-11,167.38039523686004,168.46500906267272,167.2567226650898,167.84658813476562,30280600
2018-07-12,168.5886499689726,170.73883056640625,168.47448622654647,170.73883056640625,27930100
2018-07-13,170.72930276430316,171.1574313044313,170.253601160325,170.88153076171875,28049800
2018-07-16,170.9196033558627,171.20502725986537,170.18703324021325,170.47244262695312,21405300
2018-07-17,168.66475962978737,171.87098379668626,168.66475962978737,171.50946044921875,31034100
2018-07-18,171.52852572836923,171.6712449596522,170.66275960121806,171.18601989746094,23220800
2018-07-19,170.56759327171355,171.13844109479385,170.12995585564676,170.32974243164062,31094100
2018-07-20,170.84347206790855,171.4143052524112,170.10136424871297,170.29165649414062,35897300
2018-07-23,169.78746455849273,170.91011365118115,169.10245291922834,170.83399963378906,22184700
2018-07-24,172.59406783645542,173.2029653384808,170.83396600920034,171.5380096435547,36900300
2018-07-25,171.61410559724027,174.04017202660154,171.52846828024607,173.93553161621094,35026600
2018-07-26,171.57610204074132,172.1279178074579,171.07185935201613,171.30020141601562,40873500
2018-07-27,172.38470524455903,172.4988689546337,168.01776912711648,168.98818969726562,59456100
2018-07-30,168.997775402762,169.09290702385596,165.80105968530225,166.60023498535156,60193000
2018-07-31,167.2566852803158,168.5220532770016,166.3243142101697,167.87509155273438,47285100
2018-08-01,168.26519833673873,169.01680060133836,167.54213701147435,168.51255798339844,37101900
2018-08-02,167.3232656844995,171.00520571019754,167.2471516911836,170.80540466308594,47178200
2018-08-03,171.12888851609375,171.33819838095798,170.37728637754358,171.3286895751953,28934400
2018-08-06,171.2145701428253,172.38479231392662,171.00526022379717,172.33721923828125,24808800
2018-08-07,172.8223839603069,173.28857675043997,172.45133729624527,172.96510314941406,29895700
2018-08-08,172.7272473105678,173.48837274514455,172.26105453404023,173.17440795898438,22680700
2018-08-09,173.06976318359375,173.75477466317378,172.81288024943598,173.06976318359375,18852900
2018-08-10,171.8995279361938,172.4132938079921,171.1003527103533,171.747314453125,33818500
2018-08-13,172.06131051116833,173.16492742085651,171.48095385710425,171.55706787109375,26089200
2018-08-14,172.21352130158348,172.83194221150555,171.2906588577762,172.63214111328125,20913000
2018-08-15,171.26211298798503,171.80441986951,169.4639612247789,170.52001953125,58528000
2018-08-16,171.8329621331598,172.19450005696288,170.74836287901388,171.08135986328125,27711800
2018-08-17,170.6342047777474,171.54754390769506,169.60668736860853,171.11941528320312,36092600
2018-08-20,171.49999250831695,171.56659772270126,170.30122930478933,170.9672088623047,24939000
2018-08-21,171.48095952488995,172.6226407379396,171.37630456685332,171.59512329101562,26258700
2018-08-22,171.23354541473657,172.46086368346613,171.01472674159706,172.2610626220703,18042400
2018-08-23,171.9565900155805,173.2029256704338,171.72824806064423,172.013671875,25776200
2018-08-24,172.58458880289808,173.7548255583614,172.5465390505588,173.6121063232422,23136100
2018-08-27,174.48734673105915,175.3816680908203,174.21144618170746,175.3816680908203,29343600
2018-08-28,175.84787495237077,176.02864390343962,175.26751835448457,175.63856506347656,20277000
2018-08-29,175.94303240607167,177.76021647316557,175.87644171378923,177.6650848388672,29175600
2018-08-30,177.322563796762,178.40716305206467,176.7612247783472,177.35110473632812,29315500
2018-08-31,177.13226128000827,178.08366458996795,176.9419835214688,177.5794219970703,28653200
2018-09-04,177.03717813136888,177.34161972493428,175.8669558045502,176.818359375,29063500
2018-09-05,176.5043391097517,176.53288004653456,173.93555317846238,174.53492736816406,42623300
2018-09-06,174.61108561422282,174.82039554850567,171.80444815376794,172.97467041015625,46091400
2018-09-07,171.72829818290577,173.7928416322853,171.6712163068258,172.30865478515625,46629500
2018-09-10,173.29811931096566,173.39326545556958,171.94712825771816,172.88902282714844,26132000
2018-09-11,172.19448342677703,174.50638640946855,171.74732272755273,174.22096252441406,30116500
2018-09-12,173.96406674578316,174.08773927996438,172.213473967369,173.70718383789062,36204000
2018-09-13,174.79183504573317,175.89546648168277,174.71572103112314,175.56246948242188,31133200
2018-09-14,175.6861292371614,175.9620297945916,174.35415596461323,175.04869079589844,31224100
2018-09-17,174.7537459921332,174.87743306298827,172.36572900618143,172.5274658203125,33071200
2018-09-18,172.6701585576852,174.8012922688017,172.58452124323102,173.9545440673828,31877300
2018-09-19,173.98311743472928,174.39222840413828,172.68920836150778,173.82138061523438,31843400
2018-09-20,175.02016378970254,175.98107593126423,174.60154399979044,175.74322509765625,33295800
2018-09-21,176.21894735062517,176.46630702025925,174.56350012911093,174.78233337402344,38605400
2018-09-24,173.51464292397816,175.33509663372172,172.79980645041883,175.26837158203125,34945600
2018-09-25,175.19212303411214,175.64008839387097,174.59165573414063,175.50665283203125,25277500
2018-09-26,175.65917701628427,177.2699444232146,175.2874625795609,175.63058471679688,36210600
2018-09-27,176.3454105148666,177.7464912776824,176.2500931601416,177.117431640625,33113300
2018-09-28,176.6218238361947,177.54634699728183,176.2977680697114,177.07931518554688,28076800
2018-10-01,178.10870632717337,178.73776610938066,176.99356282783668,177.4415283203125,27371300
2018-10-02,177.2890035172982,178.40414687311264,176.63136605878296,177.04119873046875,25618600
2018-10-03,177.78465083150783,178.20402402039085,176.95544491746443,177.23184204101562,29128700
2018-10-04,176.51695551392655,176.63133924257954,172.5710586449623,173.8291778564453,80557300
2018-10-05,173.81011136147947,174.39151229184202,170.06436056923917,171.70372009277344,83325600
2018-10-08,171.103254027982,172.17073845581982,168.63467447353017,170.65528869628906,66864500
2018-10-09,170.77921630325477,172.53295975294034,170.36938364789276,171.2081298828125,49097900
2018-10-10,170.14058659358582,170.2454298457666,163.45925437627287,163.678466796875,114471100
2018-10-11,163.00178319110762,165.27018772274417,159.94227666938994,161.6483612060547,143084500
2018-10-12,166.00408818956052,166.6617400661088,162.9159894166585,166.14706420898438,102078400
2018-10-15,165.5657054019668,165.880220729229,163.51649828288654,164.1360321044922,64885300
2018-10-16,165.86116607172002,169.32096550331934,165.5561621259477,168.9111328125,71979700
2018-10-17,169.73075233667882,169.90230608758472,167.24312114485957,168.977783203125,66987600
2018-10-18,168.33920450413996,168.39638909005936,164.3551898889925,165.06048583984375,82486200
2018-10-19,166.39487762137185,167.81502471204567,164.30755270210105,164.90802001953125,82923700
2018-10-22,165.89924809986746,167.0334576427571,164.49816743434326,165.75628662109375,52909300
2018-10-23,162.63961826469586,165.96599638928652,160.90495572469928,165.1463165283203,77567000
2018-10-24,164.95574502855573,165.23214218891238,157.3022123990643,157.58815002441406,102997400
2018-10-25,160.03759434024124,164.01208341656906,159.32275786154807,163.03990173339844,83481100
2018-10-26,157.45466698931955,161.99150576872466,156.5301438536872,158.84622192382812,130970900
2018-10-29,161.27666706587974,161.89618627324805,152.58424452179858,155.5770263671875,111871900
2018-10-30,155.1195406628064,158.2552841179747,154.4142299888429,158.1409149169922,92584000
2018-10-31,160.71431263978116,163.22101077298134,160.63806166326475,161.85806274414062,73828600
2018-11-01,162.0963213899249,164.1645797862354,160.86679454399038,163.99301147460938,52706800
2018-11-02,163.48789791898372,164.460079785478,160.33308799172582,161.43870544433594,75966800
2018-11-05,161.64841504621378,161.70559965649855,159.24655961052255,161.03842163085938,39573500
2018-11-06,161.04793154417268,163.16384917473945,160.809652662743,162.25839233398438,34410400
2018-11-07,164.20272340722025,167.34800720214844,163.81194259457618,167.34800720214844,51169600
2018-11-08,166.5664252758008,167.08111568420836,165.48941487188387,166.28050231933594,40296500
2018-11-09,164.72695730193846,165.12726407570324,162.18214060511264,163.47837829589844,50602700
2018-11-12,162.3346439619184,162.63963336878993,158.38873170821654,158.53170776367188,62578400
2018-11-13,159.27512392338372,161.53400289297946,158.2171651888792,158.66513061523438,64128100
2018-11-14,160.23774591977588,160.79055456084657,156.54919421677104,157.45465087890625,75270700
2018-11-15,157.16872696328878,160.63806651085312,155.79625297473623,160.20916748046875,73254300
2018-11-16,158.64606121194257,160.4188565023855,158.00747561584046,159.64683532714844,65390700
2018-11-19,158.8843385379454,159.0749587143869,153.96625945146425,154.46188354492188,67280500
2018-11-20,150.94484580787878,153.8137317961386,149.76299229710162,151.69781494140625,102652800
2018-11-21,153.78515290287464,154.3760797097478,151.76453866369036,152.85108947753906,42965800
2018-11-23,151.63113017498264,153.2990821764563,151.63113017498264,151.74551391601562,23503700
2018-11-26,153.87094584356763,155.32921117898448,153.2228198370567,155.25296020507812,42012600
2018-11-27,154.4047025899236,156.16797198623763,153.6231409416671,155.77719116210938,36608100
2018-11-28,156.9018156789832,160.79052734375,155.80573904351922,160.79052734375,70141000
2018-11-29,160.11387000254345,161.32431615523433,158.99872666901135,160.266357421875,44885700
2018-11-30,160.48554814859534,161.5244402657923,159.68492029709873,161.4291229248047,36722800
2018-12-03,164.99379500326813,165.18441516018112,161.5625740052916,164.2503662109375,50771700
2018-12-04,163.39255192600038,163.85005774971583,157.75965145159,157.9502716064453,70594700
2018-12-06,154.7668398983664,159.08445028593357,154.18543908569666,159.0653839111328,71715500
2018-12-07,158.36970401801355,159.28468692153893,153.31818803280504,153.81381225585938,80432200
2018-12-10,153.52784028407578,156.10124912145577,151.93613920857265,155.42454528808594,73960800
2018-12-11,157.9598089500964,157.99794170985717,154.6239050969747,155.939208984375,59058300
2018-12-12,158.21714795718518,159.74213833316307,157.22591439316977,157.3116912841797,53780000
2018-12-13,158.34108280235645,158.99873482485296,156.3395344333139,157.359375,46378500
2018-12-14,155.55794158788527,156.12980199434224,153.16561307588023,153.52780151367188,56547400
2018-12-17,152.8701937194656,154.0901803900586,148.8480451655645,150.04896545410156,74834100
2018-12-18,151.211750919865,152.4508038364742,149.67723455907552,150.99253845214844,63642100
2018-12-19,150.76373042028314,153.18465077218076,146.15065710565386,147.2848663330078,81856500
2018-12-20,146.92271258077474,148.56207200337482,143.33900441271527,145.14991760253906,99002100
2018-12-21,145.8743292089266,146.86556292321217,139.84110638903476,140.65126037597656,141129400
2018-12-24,139.62943530992285,141.44552972074598,137.1251333237363,137.16336059570312,56163300
2018-12-26,138.67355782954905,145.80413091610302,137.72726900769112,145.72767639160156,98982100
2018-12-27,143.7300217119115,146.41593660997572,140.5853065306721,146.29168701171875,85824300
2018-12-28,147.34306621497728,148.7194812877948,145.02037671834336,146.21517944335938,77856600
2018-12-31,147.64894494816028,148.13641921674719,145.96666793647307,147.44821166992188,53015300
2019-01-02,144.32262212397305,148.87242584295743,144.2174788963182,148.0408477783203,58576700
2019-01-03,145.86154034542182,146.49238517679825,142.88887021857158,143.2042999267578,74820200
2019-01-04,145.61299696675098,150.06722511055858,145.03950039885382,149.3312225341797,74709300
2019-01-07,149.70402616078695,151.84511830357516,149.21655180646775,151.10911560058594,52059300
2019-01-08,152.49507375198274,153.03991086244955,150.25840627584705,152.47596740722656,49388700
2019-01-09,153.06863212403394,154.38769956840568,152.42821933749127,153.71861267089844,46491700
2019-01-10,152.55245589713277,154.24428647746154,151.69218896908632,154.15826416015625,38943400
2019-01-11,153.25021073454872,153.7568060298066,152.73404768108017,153.5943145751953,30176600
2019-01-14,152.29436297775848,152.89654832388396,151.58703439000786,152.2370147705078,30710200
2019-01-15,152.93473170166973,155.41992692581888,152.84870941548576,155.2096405029297,40874200
2019-01-16,155.46774077142646,156.5478472133815,155.12363696775026,155.18099975585938,33812200
2019-01-17,154.6839458351271,157.10222544775576,154.43543211234518,156.4044647216797,39329000
2019-01-18,157.5036948415565,158.68894455780847,156.586094390584,157.95294189453125,57183200
2019-01-22,156.8155202530635,156.89198940425658,153.661237045097,154.7891387939453,56711700
2019-01-23,155.5824545287269,156.28976849302856,153.24064382165488,154.9898223876953,38106100
2019-01-24,155.49642713045793,156.22287665381435,154.9038095382435,155.99346923828125,32417800
2019-01-25,157.24560710962174,158.3352667176428,156.71033777024235,157.8573455810547,36515900
2019-01-28,155.8214026274453,155.91697809834983,154.60747892549912,155.9074249267578,33491200
2019-01-29,155.9934376078197,156.0316794618194,153.88103460164268,154.4354248046875,30784200
2019-01-30,156.18458811163057,158.93741793527496,155.6971139074404,158.36390686035156,41346500
2019-01-31,159.33888480840545,161.52777151764076,159.11904519588197,160.7344207763672,37258400
2019-02-01,159.94105923122956,161.15498277358793,159.61607641988726,160.05575561523438,32143700
2019-02-04,160.0844656640517,162.0439453125,159.94109515184655,162.0439453125,26718800
2019-02-05,162.2637528170757,163.66884189833956,162.19685145296435,163.47767639160156,28156400
2019-02-06,163.51593525317136,163.80267625060904,162.25421652446636,162.99021911621094,27970000
2019-02-07,161.5660225811483,161.9674745963995,159.57786884966893,160.8013458251953,42036200
2019-02-08,159.396286649967,161.145480137862,159.21468883023917,161.11680603027344,29020700
2019-02-11,161.69983932098927,162.0917381624014,160.56238465615675,160.96383666992188,21434100
2019-02-12,162.13951615557795,163.58283261898958,161.85276058016657,163.3438720703125,29722100
2019-02-13,164.07031082358392,164.557799688976,163.27697461773968,163.4585723876953,26094100
2019-02-14,162.87553452871506,164.2423967063331,162.33071196029184,163.65933227539062,30326800
2019-02-15,164.9019397970329,164.9401670767618,163.58287257891618,164.34754943847656,32521700
2019-02-19,163.84089216189912,165.16951205128098,163.81221806669603,164.67247009277344,19487700
2019-02-20,164.7872151228341,165.43719550430995,163.75491822077873,164.6438446044922,32593000
2019-02-21,164.2041479405232,164.6533950037559,163.1718510558571,164.04165649414062,25207400
2019-02-22,164.3953324284625,165.37028113257563,164.30929553163153,165.25558471679688,27735400
2019-02-25,166.5173063988353,166.94743255015368,165.74306182446563,165.85777282714844,32608800
2019-02-26,165.45633421263307,166.55554719801808,165.1791317340588,166.0298309326172,21939700
2019-02-27,165.26511861580562,166.12538538880867,164.1754590379979,165.92465209960938,25162000
2019-02-28,165.40851054419096,166.1349454311057,165.07395991002207,165.54232788085938,25085500
2019-03-01,166.7371260846627,166.93784479156494,165.5327555032676,166.6893310546875,31431200
2019-03-04,167.78857167812873,168.02753228268543,164.8541430383714,166.71803283691406,38063500
2019-03-05,166.84225463867188,167.35840299600778,166.0202297844005,166.84225463867188,22319900
2019-03-06,167.00474599968257,167.03342009813593,165.62833093394434,165.89596557617188,27194600
2019-03-07,165.475376057541,165.53272424868504,163.24826226316074,163.86000061035156,39407400
2019-03-08,162.02480964309268,163.69753352996636,161.86231821571005,163.61151123046875,39303200
2019-03-11,164.29017107471986,167.1290237322708,164.26149697393615,167.01431274414062,30518400
2019-03-12,167.4539789768564,168.3620260502174,167.0525270471071,167.93190002441406,33953500
2019-03-13,168.80173456580442,170.07299182848013,168.5627740211671,169.19361877441406,42426100
2019-03-14,169.30834286502082,169.50906157046327,168.85909583951303,168.90689086914062,23751500
2019-03-15,169.56639505796775,170.98105197021258,169.45169866481052,170.47445678710938,38192000
2019-03-18,170.4016869811278,171.3975802858128,170.05695693128135,170.88047790527344,32935100
2019-03-19,171.57949278282655,172.3647168397459,170.72724560069156,171.45501708984375,36893300
2019-03-20,171.46462900017247,173.1882795065779,170.67941936541874,172.1349334716797,50105000
2019-03-21,171.6177942969604,175.07466483562465,171.59863857163467,174.82569885253906,42428500
2019-03-22,174.0692395234375,174.5384599224371,170.8038816830725,170.98582458496094,70794500
2019-03-25,170.36336928636197,171.25391328274478,169.42492866957912,170.66021728515625,46336500
2019-03-26,171.98168998027282,173.02545059214435,170.58361418127367,171.45501708984375,33248100
2019-03-27,171.71360000990097,172.09662694020403,169.10897597152587,170.35382080078125,37096700
2019-03-28,170.79426567235845,171.38796162659776,169.7217788875296,170.7463836669922,30368200
2019-03-29,172.06788033853897,172.20194120947335,171.01453448724092,172.03915405273438,35205500
2019-04-01,173.8106743226147,174.52886070180634,173.1020731131974,174.3181915283203,30969500
2019-04-02,174.50973707438405,175.15131521737501,174.06924295525704,174.97894287109375,22645200
2019-04-03,175.96521927353493,177.0760176238994,175.43856099381935,175.984375,31633500
2019-04-04,176.03226353841288,176.6738415891732,174.90230941967985,175.9173583984375,28530800
2019-04-05,176.42490473443473,176.9324220019062,176.21423553530985,176.82708740234375,25674700
2019-04-08,176.53980321669127,177.4207768290129,175.8407725068729,177.2771453857422,22697500
2019-04-09,176.67384933153053,177.25797483790123,176.28123727069104,176.65469360351562,25631900
2019-04-10,176.8845357186816,177.6601747460652,176.69302225451318,177.60272216796875,24563000
2019-04-11,177.89956766451954,177.89956766451954,176.8558068800391,177.18138122558594,20654100
2019-04-12,177.9665891995375,178.0623386157482,177.21009137031533,177.9474334716797,24989100
2019-04-15,177.9570100429793,178.17726439193854,176.78875900034382,177.97616577148438,21073000
2019-04-16,178.62730135927077,178.98161655876925,178.04317588067985,178.58900451660156,27195700
2019-04-17,179.78599600637975,179.9583537293581,178.68478270102315,179.21144104003906,29651600
2019-04-18,179.50833719539494,179.82432641316248,178.3879533407765,179.44129943847656,28580900
2019-04-22,178.65604953791353,180.01581398694407,178.52197405425974,179.9487762451172,17936000
2019-04-23,180.40839632739102,182.45762069329092,180.1498597745219,182.2373809814453,33665600
2019-04-24,182.39058335311506,182.62040821595747,181.6053593637227,181.66282653808594,24977100
2019-04-25,183.0226292491528,183.10880811151216,181.41388409407878,182.4001922607422,29517500
2019-04-26,182.11292360726955,182.60129974073888,180.59037185225,182.56298828125,26359500
2019-04-29,182.56293643918883,183.20452900534065,182.26608846437807,182.91725158691406,21716200
2019-04-30,181.4425626989812,181.79687783702317,180.226444552285,181.50001525878906,31495300
2019-05-01,182.68745626266391,183.2045586217325,180.79144837300296,180.91592407226562,34797100
2019-05-02,180.85849431079924,181.79693512182047,178.94333045220347,180.1307373046875,44110100
2019-05-03,181.62452843104873,183.1375093466171,181.29895414342383,183.00344848632812,30386200
2019-05-06,179.11569140185003,182.13206844261538,178.83798447755905,181.8831024169922,38371800
2019-05-07,179.90090592594535,180.66697436420225,176.68343017449857,178.34005737304688,58818100
2019-05-08,177.75589276191837,179.23056212690983,177.1143147867149,177.88995361328125,37165300
2019-05-09,175.90775362449088,177.54522474434032,174.36604651830731,176.932373046875,55351700
2019-05-10,176.300371260863,178.00486555554326,173.3510178064122,177.15261840820312,58526400
2019-05-13,172.6423849874837,173.5712403339764,170.50698205192955,171.0049285888672,67185800
2019-05-14,171.90506736737038,173.925565297602,171.27305995149808,172.8817901611328,43360600
2019-05-15,171.74232242036683,175.7641635438806,171.7040109612773,175.32366943359375,40944500
2019-05-16,175.40024792292414,178.17724377321917,175.18957876836598,177.08558654785156,39281200
2019-05-17,175.3332545421296,177.70805360092467,175.12258535183307,175.27578735351562,44702300
2019-05-20,172.83393582507313,173.49465496082107,171.7327080424173,172.31683349609375,38608300
2019-05-21,173.8011226702402,174.5959174363871,173.24572338986502,174.11712646484375,31613800
2019-05-22,173.14996298626082,174.34694033924114,173.08292524095475,173.3414764404297,24332600
2019-05-23,171.34969865841083,171.42630695983203,169.62604840528246,170.68896484375,45351300
2019-05-24,171.6082163545859,172.22106803479898,170.39208355064207,170.60275268554688,25903300
2019-05-28,171.08155047919024,172.03913218171135,169.94202591534417,169.961181640625,24763800
2019-05-29,168.90788622796748,169.49201182493314,167.66302672163422,168.5631561279297,42178800
2019-05-30,169.0132078251854,169.75054999021498,168.31417711917942,169.27175903320312,30354800
2019-05-31,167.27998120887491,167.85452157082278,166.4947570525443,166.5713653564453,45446200
2019-06-03,166.1213306564007,166.5713953907575,162.08991839104613,162.9038543701172,75842300
2019-06-04,164.73282094191742,167.54811419998646,164.10081335101603,167.49066162109375,47797800
2019-06-05,169.08983534071402,169.11856163247487,166.98315781284617,168.73553466796875,34412700
2019-06-06,169.02276497337724,170.48786401666476,168.27585230862437,170.07611083984375,29913200
2019-06-07,170.9857970254214,174.05964090944937,170.76555731146865,173.360595703125,45888300
2019-06-10,174.51930091082852,177.0090196902493,174.48100406398615,175.38111877441406,41385300
2019-06-11,177.21008797355455,177.53566228320085,175.02680260886697,175.62049865722656,41260300
2019-06-12,175.14171224117527,175.50559801513248,174.27989443200633,174.60546875,27758100
2019-06-13,175.33327556222613,176.07060320511923,174.98854544691605,175.6396942138672,23715800
2019-06-14,174.7394988802819,175.34278000748643,174.22241120806137,174.89271545410156,22844100
2019-06-17,175.27575652737798,176.4344368702293,175.08424310030134,175.94607543945312,20379500
2019-06-18,178.02401676876087,179.75723730221935,177.56436703396457,178.5028076171875,48177300
2019-06-19,178.74220212285192,179.57529351914118,177.69844158541463,179.17311096191406,31672900
2019-06-20,181.67244708203228,181.71074393060834,179.2210396500203,180.83935546875,40922000
2019-06-21,180.6286653405313,181.7203080427045,180.18817126947863,180.5712127685547,39980400
2019-06-24,180.932049272024,181.11439442299684,180.48098957556837,180.57696533203125,19375200
2019-06-25,180.4521842852067,180.5577517507149,177.20839729399316,177.47711181640625,33921100
2019-06-26,178.65755828260475,179.7804042857574,178.01456174971443,178.30245971679688,22595700
2019-06-27,178.94547468602866,179.40612608696716,178.494415002915,178.98385620117188,19709200
2019-06-28,179.41574675339376,179.6076836477667,178.57122148938365,179.21421813964844,21179200
2019-07-01,182.64992264614966,182.8898473986942,180.78810422338893,181.63262939453125,31025600
2019-07-02,181.57504788634887,182.37159981367654,181.05681686959733,182.35240173339844,18035800
2019-07-03,182.81308129186127,183.72479248046875,182.62112976260016,183.72479248046875,15792100
2019-07-05,182.46754270341557,183.68634967040572,181.75736029949726,183.3504638671875,21415600
2019-07-08,182.1604447456821,182.21802433631308,181.3159050328463,182.06448364257812,17598800
2019-07-09,181.20074746166844,183.20651465363298,181.04719212272605,182.9761962890625,19193500
2019-07-10,184.08946895386526,185.30827613860768,183.75356844679305,184.7996368408203,28374500
2019-07-11,185.0779919812553,185.54823520551466,184.07989663748765,184.66531372070312,23736100
2019-07-12,184.8668066194879,185.7401215025194,184.69405320004824,185.73052978515625,20211900
2019-07-15,186.16242969040874,186.36397294726976,185.64419861309608,186.32557678222656,15606100
2019-07-16,186.09525593195298,186.26799474084783,184.7996562898571,185.36587524414062,20190900
2019-07-17,185.3658584722952,185.69216726598248,184.4349492583339,184.4541473388672,16765100
2019-07-18,183.5808489656038,185.0203977298536,183.00503824621225,184.66531372070312,28877000
2019-07-19,185.93209212154508,186.0184615182254,183.1201663975799,183.31210327148438,29387900
2019-07-22,183.72477513185382,185.16432360230544,183.72477513185382,184.77084350585938,18954900
2019-07-23,185.77851293749967,185.99923958198787,184.54049316848753,185.98004150390625,23786700
2019-07-24,185.26987366105755,187.2948389049057,185.25067558297968,187.2852325439453,20422900
2019-07-25,186.6518555037324,186.68064530094802,185.15471282930156,185.5098114013672,23434700
2019-07-26,186.6902355104539,187.6691325394075,186.594259757948,187.4196014404297,20431200
2019-07-29,187.24683850702078,187.31400981003594,185.59615535496613,186.77658081054688,20451700
2019-07-30,185.34670615519943,186.69987086117573,185.2123488565973,185.9705047607422,18705000
2019-07-31,186.46951712279585,186.594268033974,181.6902202416711,183.3984832763672,41627500
2019-08-01,183.71515353370492,187.12208755999097,181.60381888091345,182.4867401123047,63251600
2019-08-02,181.114373844308,181.37349664224007,178.70553492677004,179.79959106445312,55214000
2019-08-05,176.0375957275831,176.114373411468,171.97807270764764,173.4464111328125,75040000
2019-08-06,175.04910887705182,176.39269639487495,173.77272196869663,175.87445068359375,41897200
2019-08-07,173.9646553021642,177.07407093089796,172.64026589357272,176.82455444335938,49990600
2019-08-08,177.62110707686975,180.73053736073297,177.1316658189752,180.67294311523438,38418100
2019-08-09,179.80920713447338,180.42341391523954,177.57310668347526,178.97427368164062,33608900
2019-08-12,177.87065563037834,178.40808486781552,176.10481252341378,176.92056274414062,24642900
2019-08-13,176.76695107440693,182.03568891194215,176.60380401097035,180.7976837158203,40241900
2019-08-14,177.8897847092821,178.45600353309004,175.06826766340166,175.39456176757812,51000500
2019-08-15,175.62491581754216,176.19113470920718,173.85907318395402,175.19305419921875,36685000
2019-08-16,176.7861974330223,178.45606468178448,176.6806299344576,178.0050048828125,32781400
2019-08-19,180.5769514067639,181.21994792271593,179.94354660818072,180.8360595703125,22494100
2019-08-20,180.3850438757611,181.03763221516635,179.38694864110576,179.4349365234375,19902900
2019-08-21,181.00883231487717,181.6038410198232,180.38503381090763,181.0280303955078,20418500
2019-08-22,181.36391454202402,181.8245806097128,179.02224661806267,180.44261169433594,24243700
2019-08-23,179.21419925710444,180.85527637150741,174.2429507467072,174.73240661621094,55372400
2019-08-26,176.71894866973432,177.4195247419169,175.70167021438476,177.37155151367188,27598900
2019-08-27,178.60958591037726,178.90709026474875,176.30631411072812,176.99728393554688,28012800
2019-08-28,176.42147601154778,177.9281958872516,175.538554653355,177.6306915283203,21792400
2019-08-29,179.83799461380124,180.86487957050298,179.15660188206476,180.3466339111328,25358900
2019-08-30,181.31596281199376,181.3543589805453,178.89753137176362,179.91481018066406,26319800
2019-09-03,178.71514151538548,179.6364443164982,177.5730974098894,178.16810607910156,27964200
2019-09-04,179.88598079047202,180.8936676574069,179.36773513600522,180.7401123046875,21592100
2019-09-05,182.7362882364631,184.57890854036518,182.66910227810453,184.0510711669922,33932600
2019-09-06,184.35821510054708,184.4253864271678,183.46568726400795,183.86875915527344,19487800
2019-09-09,184.44459300619152,184.52137070004235,182.55398439617778,183.48489379882812,24407600
2019-09-10,182.49634935308868,183.05297648154448,181.29672570827267,182.95700073242188,23744700
2019-09-11,183.30250322493882,184.7708414771703,182.88023333522756,184.67486572265625,25063600
2019-09-12,185.80730195714955,186.86297658958748,185.1930952556883,185.44261169433594,28689900
2019-09-13,185.17390610224902,185.6057676931173,184.54050129225897,184.78042602539062,27669800
2019-09-16,183.590417729349,184.3389817619421,183.40807258020686,183.95509338378906,20319000
2019-09-17,183.97427490509187,184.8380126953125,183.5807948443417,184.8380126953125,20953400
2019-09-18,184.4541350348709,184.8380234007061,182.44836774635488,184.76124572753906,29781300
2019-09-19,185.08755745607831,186.21999529433003,184.7132754161999,185.068359375,26039400
2019-09-20,185.32749833552236,185.51943523146412,182.49638884980345,183.110595703125,29086100
2019-09-23,183.05671699164714,183.73948384217155,182.44127158940896,183.19134521484375,22485900
2019-09-24,184.02797400569509,184.43185870073194,179.969875585031,180.7584228515625,40820700
2019-09-25,180.5756832973662,183.26826220668943,179.0659251131646,182.78744506835938,34704900
2019-09-26,182.54706666778287,182.71054276102697,180.76803709260102,182.1143341064453,26826000
2019-09-27,182.45087134112956,182.54704064032703,178.62357094174376,179.85446166992188,40773500
2019-09-30,180.58526070385375,181.85462475570625,180.2102239927831,181.56613159179688,26307700
2019-10-01,182.22970657284932,183.2778844769089,179.78716181702353,180.08526611328125,32367600
2019-10-02,178.8639840436429,178.89283189945732,175.9983178701984,176.98880004882812,48544300
2019-10-03,176.9695777936199,179.06594841974984,174.84437398268187,178.9313201904297,39392500
2019-10-04,179.9025087117525,181.8257769066525,179.71018482693685,181.56613159179688,31887600
2019-10-07,181.04691426464566,182.46051801954022,180.70072529052095,181.01806640625,21216000
2019-10-08,179.88332368317654,180.6526341171821,178.16200460971038,178.30624389648438,32379300
2019-10-09,179.81600060934443,180.86417846056915,179.27747308298726,180.04678344726562,20147400
2019-10-10,180.09489503433517,182.16240319129602,179.9410300037899,181.44117736816406,25177700
2019-10-11,183.50868240211975,185.23962714444755,183.40290203805037,183.77793884277344,40976700
2019-10-14,183.51828893130602,184.34529502814203,183.3355760639367,183.75869750976562,14975000
2019-10-15,184.32604086190233,186.52819145014527,184.2106494505966,186.095458984375,23234200
2019-10-16,185.46076299365328,186.10505611417437,185.04725267846945,185.63385009765625,20457100
2019-10-17,186.7493697521168,187.03786296385672,185.4126987219836,186.1243133544922,19045200
2019-10-18,185.7877867228123,186.23975612203984,183.3933261539031,184.33572387695312,27700800
2019-10-21,185.3165699006643,186.09549140944398,184.76843125470745,185.97047424316406,15801200
2019-10-22,186.7013257810749,186.96097119554702,184.4318678534496,184.4895782470703,22392300
2019-10-23,184.11451536412517,184.88381108978436,183.81639639605052,184.84535217285156,14828400
2019-10-24,186.16281374587663,186.75903709587854,185.34543324943638,186.6436309814453,18998500
2019-10-25,185.68195447491522,188.23029405055294,185.64349556106234,188.13412475585938,21507100
2019-10-28,189.00924112438685,190.24013196213124,189.00924112438685,189.9901123046875,18818700
2019-10-29,189.67271042280606,189.96118890689385,188.48988994455996,188.51873779296875,18569700
2019-10-30,188.88421915987018,189.74969888757255,187.79756763799566,189.43235778808594,21764300
2019-10-31,189.9804707382045,190.0670143039489,188.4226278613053,189.51889038085938,26801800
2019-11-01,190.33629566317134,191.24986011026004,190.04781707290852,191.240234375,22131900
2019-11-04,192.50960876707697,192.83656096844237,191.24024421112514,192.42306518554688,19015900
2019-11-05,192.6634520775289,192.85577601703204,191.8941416461402,192.52882385253906,15048900
2019-11-06,192.30766061453997,192.32689741282704,191.16331322719319,192.09609985351562,19725500
2019-11-07,193.05769752633512,193.98087291416226,192.18262146174246,192.7403564453125,17832400
2019-11-08,192.39417421913194,193.52889560729912,191.8844945597673,193.50965881347656,15258800
2019-11-11,192.52882001258305,193.3269636119335,192.26917462907554,193.2500457763672,10147600
2019-11-12,193.41354132085337,194.45210828603092,193.11543698956092,193.80780029296875,14778300
2019-11-13,193.1346549166083,194.03859362628808,193.0096524189172,193.8558807373047,15774600
2019-11-14,193.12499362955086,193.82698247058656,192.5383961943366,193.70196533203125,16945400
2019-11-15,194.87516408216933,195.1251983642578,194.25010772369492,195.1251983642578,18427900
2019-11-18,194.81748822570503,195.586798596077,194.02895573427054,195.27908325195312,18365900
2019-11-19,196.01955051387694,196.01955051387694,194.81750752651254,195.5675811767578,16923300
2019-11-20,195.057908713667,195.6445062561508,192.92307927534063,194.39437866210938,36629000
2019-11-21,194.1828264655345,194.3174693673635,193.35583497173752,193.96165466308594,17883600
2019-11-22,194.44243937575519,194.55784546184557,193.03846160979205,194.08663940429688,17189600
2019-11-25,194.92329084475682,196.4234381679387,194.89444298649383,196.38497924804688,17752800
2019-11-26,196.509974871509,197.0100141421629,196.22148164713178,196.75999450683594,14780600
2019-11-27,197.26966680418596,198.14475757024337,197.02925822054658,198.1351318359375,16963100
2019-11-29,197.63505523776166,197.93315947745904,197.13500136964552,197.23117065429688,9854600
2019-12-02,197.24079500233842,197.30810176743094,194.03855129621988,195.2117462158203,28007000
2019-12-03,192.5287963709229,193.75968701609668,191.58638425713835,193.68275451660156,31104100
2019-12-04,194.67327624795115,195.12524560366828,194.3847829844373,194.6636505126953,15300100
2019-12-05,195.356024707508,195.356024707508,194.096285976953,195.04830932617188,14962300
2019-12-06,196.47151023890004,197.2792795652796,196.31764522243472,197.13504028320312,16555300
2019-12-09,196.77926612884235,197.70242700218748,196.15419491983278,196.24075317382812,13984100
2019-12-10,196.33687009679363,197.01963689504302,195.6348811776849,196.0772247314453,21799800
2019-12-11,196.51963600474556,197.31779443709524,196.21190590743447,197.1158447265625,18780800
2019-12-12,196.91386285032556,199.36603328898818,196.64460641591458,198.58709716796875,32612000
2019-12-13,198.48131326064498,199.9333904417517,198.0582064951113,199.2410125732422,32519400
2019-12-16,200.54886349098717,201.4912611246866,200.4815420376059,201.24124145507812,21296600
2019-12-17,201.50082190088438,201.6643126259026,201.02000480544396,201.35658264160156,15996100
2019-12-18,201.529719583804,202.06823247690332,201.29892205531465,201.51048278808594,15443300
2019-12-19,201.59703799516552,202.83753993313138,201.57780119833706,202.77023315429688,17865900
2019-12-20,203.73182471164836,204.36650681308578,203.16446404826047,203.58758544921875,27672600
2019-12-23,204.30847521608393,204.4530272174162,203.95190380933877,204.1253662109375,23774700
2019-12-24,204.3084988474905,204.39523005832166,203.7688183731766,204.2313995361328,7089000
2019-12-26,204.5590343437983,206.0528020612346,204.53012394389594,206.0335235595703,17067500
2019-12-27,206.75632878019093,206.77560728332963,205.31074985376364,205.86007690429688,18134100
2019-12-30,205.75402489107412,205.87931307793204,203.4989257587492,204.51083374023438,21815500
2019-12-31,203.85549814540474,205.04086850989762,203.53746908074834,204.8963165283203,18170900
2020-01-02,206.62142568540435,208.3175811767578,206.2166653172924,208.3175811767578,30969400
2020-01-03,205.56129993102786,207.65256874525338,205.54202143036022,206.40936279296875,27518900
2020-01-06,204.79032525798226,207.76821398778273,204.5397635656518,207.7393035888672,21655300
2020-01-07,207.81639787879146,208.2982574560197,207.05506621705322,207.71038818359375,22139300
2020-01-08,207.68150602390165,210.22572434939758,207.3538449960792,209.27163696289062,26397300
2020-01-09,210.99668719686528,211.4496364041413,209.81131668036275,211.0448760986328,23547000
2020-01-10,211.87365154312397,211.89291533752848,210.12930760720346,210.50515747070312,21898500
2020-01-13,211.37254114483332,212.96267199725548,211.03523353119783,212.9337615966797,22756900
2020-01-14,212.82769701327885,213.18428303707873,211.76761495341205,212.09527587890625,24418100
2020-01-15,212.21100879423688,213.17472819357963,211.4882192447298,212.18209838867188,25742100
2020-01-16,213.24214879216402,214.2540568803451,212.7891995975038,214.2154998779297,18805000
2020-01-17,215.1792264438915,215.44906664930056,214.0613086185179,215.27560424804688,24325200
2020-01-21,214.67806116988663,215.71887956128603,214.58169808311172,215.17919921875,21146300
2020-01-22,216.26826520027365,216.98140811565986,215.47800826624083,215.7478485107422,20736400
2020-01-23,215.62257405489615,216.53810450226862,214.62029768951905,216.4417266845703,26496100
2020-01-24,217.45360666700074,217.68490457627922,213.62764014400184,214.62026977539062,37436500
2020-01-27,209.77274217345473,211.3243305677003,209.3005145038367,210.18714904785156,42264400
2020-01-28,211.67133485868678,213.90717099310655,211.1123758250818,213.41566467285156,26731900
2020-01-29,214.6009889997188,214.84191880488564,212.81811726459713,213.76255798339844,28924500
2020-01-30,212.38443750851857,214.62025835852046,211.71946892175637,214.52389526367188,39568100
2020-01-31,215.42018942923613,215.449099833898,210.3702946405632,211.12200927734375,52015800
2020-02-03,212.15318346360667,214.80341175534141,212.00863143886104,214.31192016601562,25408600
2020-02-04,217.2415815498947,219.5930587642607,216.49951364417046,219.2172088623047,30691200
2020-02-05,221.85783977439928,221.89638207841796,218.61974214478676,219.94003295898438,38534800
2020-02-06,220.48928541956465,221.89632176947066,219.70867530493183,221.8385009765625,22467100
2020-02-07,220.84590289140522,222.0794623328273,220.24838696761216,220.8844451904297,25884900
2020-02-10,220.15201228337645,223.5635717172881,220.09419148528795,223.55393981933594,21478900
2020-02-11,224.78750060753012,225.52956849976428,223.0046142276032,223.5924835205078,30198000
2020-02-12,224.91281348803244,225.87653278181244,224.35385453301734,225.77052307128906,24471300
2020-02-13,224.1996511381023,226.4065618035363,223.92981091801053,225.4813995361328,22773200
2020-02-14,225.83797173010817,226.33910987135076,225.07663997194174,226.12709045410156,23438500
2020-02-18,225.02846599860302,226.63787553255693,224.78753616348675,226.21383666992188,24394500
2020-02-19,227.5630191349323,228.85439933217356,227.2931789356636,228.38217163085938,22230500
2020-02-20,227.8810493166871,228.3532623150544,223.4672136002903,226.26199340820312,42604000
2020-02-21,225.13446837706815,225.51995021861518,221.00011901149605,221.9156494140625,66017200
2020-02-24,213.63726017708728,216.11402552137415,212.26878070986876,213.3577880859375,84522600
2020-02-25,215.15027844084744,215.86343583346562,206.9490345990744,207.55616760253906,97743000
2020-02-26,208.84758151750964,212.28805120420077,207.10323751993317,208.62591552734375,79537700
2020-02-27,203.2484034425845,208.56813833041292,198.04432487538048,198.1792449951172,121822600
2020-02-28,191.4332013351709,199.6537257951151,190.98025208735027,198.33343505859375,148173700
2020-03-02,201.30169339435167,208.71269721221475,198.46835628115772,208.56813049316406,112933900
2020-03-03,209.23308042493528,211.64237847473407,200.0873797340312,201.87989807128906,131953500
2020-03-04,205.58056251141224,210.40878983904875,203.70129852931274,210.3027801513672,73086200
2020-03-05,204.97342701822768,208.5102745108435,202.4773979653889,203.913330078125,78705500
2020-03-06,197.24444974603162,201.56190858244398,195.54830887945312,200.47291564941406,89828400
2020-03-09,186.46038849463562,193.86175966862743,185.14009788357802,186.54713439941406,116424000
2020-03-10,193.81356956296509,196.8878361743078,186.65312823578174,196.70472717285156,100599200
2020-03-11,192.1174643299756,193.46666558021462,185.73763203335488,188.13729858398438,89168800
2020-03-12,175.48363369968575,183.85835628712198,170.52048547264488,170.88670349121094,137820700
2020-03-13,180.28298039710057,187.42412938814778,171.66732731648293,185.3617706298828,134882000
2020-03-16,167.83168282781844,177.97964422455982,163.02273371681625,163.15765380859375,92054400
2020-03-17,169.10383867307576,177.70021367069268,163.62027311652955,175.53184509277344,121257100
2020-03-18,165.38384614161853,172.7177495598561,160.7483593206713,170.19281005859375,114156300
2020-03-19,169.31581239130233,176.8328243726953,165.40311516671628,171.21434020996094,120896500
2020-03-20,175.146318538845,176.23531114725694,163.92862854615922,164.50685119628906,118983900
2020-03-23,165.0699034124707,168.2473045273458,159.284918397321,164.6256561279297,124639800
2020-03-24,173.7522221377333,177.53805048949795,171.85930059358782,177.37387084960938,94881800
2020-03-25,178.10781258631235,183.02359245191857,173.8197791269892,176.0603790283203,88754900
2020-03-26,177.57664763072293,186.12374317163557,177.32555199711015,185.33180236816406,79887600
2020-03-27,180.5319022785582,183.98937066803168,178.3396086346998,178.95770263671875,58845000
2020-03-30,180.6574807237227,185.90163536165923,179.9621230398358,185.46702575683594,49356900
2020-03-31,185.15800618194586,188.56718379324212,182.72425402417431,183.8831787109375,62659300
2020-04-01,178.44586089247176,181.2369439532486,174.66968535832518,176.07005310058594,53715400
2020-04-02,175.03669109377,183.59343984085174,174.7759282765093,179.64341735839844,56465300
2020-04-03,179.19921952492342,180.6671989095617,175.08501627721122,177.0938262939453,47487600
2020-04-06,183.96042819267777,190.88501850601742,182.71458756581154,189.75506591796875,64763500
2020-04-07,195.44344519329564,195.72352756974777,189.29147690942696,189.6777801513672,69904500
2020-04-08,191.36790980752508,194.2845483290108,189.4556834361989,193.70509338378906,45940400
2020-04-09,195.4241755550848,196.26439336276965,192.21780207051773,193.98516845703125,68252600
2020-04-13,193.15459589197891,196.45753771334861,191.94737966765405,196.0808868408203,42853900
2020-04-14,200.1371542120493,205.2267825454031,199.3548803634854,204.6086883544922,63959600
2020-04-15,201.34432899989633,204.57967409237907,200.03087727338848,202.26181030273438,47036000
2020-04-16,204.44449203453112,207.03275664286102,202.51294600329027,205.9510955810547,64657400
2020-04-17,208.77113429098793,209.09949355322345,204.8211265103519,207.92124938964844,62863200
2020-04-20,206.05736229081967,208.49111478359927,205.29440797744175,205.45858764648438,38249100
2020-04-21,203.39179805275919,203.93262857054916,196.66035911817565,197.87722778320312,72932800
2020-04-22,201.94313946127022,205.08190169987205,201.1994901277433,203.74913024902344,40089100
2020-04-23,204.54103512758533,207.10034214349758,202.90889131228306,203.31451416015625,43278500
2020-04-24,203.74909545375053,206.96512075123792,202.32940821243113,206.52085876464844,34231900
2020-04-27,208.79043318362778,209.21537559218325,207.1582747219143,208.18199157714844,36451700
2020-04-28,209.8817921743748,209.8817921743748,203.9809186465457,204.260986328125,46862800
2020-04-29,208.79043781233008,212.44105805908904,207.7763733578916,211.50425720214844,48716400
2020-04-30,212.42174044337628,212.50865646516988,209.91073981579444,211.41734313964844,43359500
2020-05-01,207.15834310527467,209.2540690969772,204.4348557167903,205.45858764648438,48795000
2020-05-04,204.2223969879757,208.07582242896356,203.89402291688438,207.85369873046875,32841000
2020-05-05,209.99764232810293,212.6052259698329,209.42783990652399,210.21011352539062,37783100
2020-05-06,211.89056045311338,213.47442736050868,210.6447199427057,211.50425720214844,36455200
2020-05-07,214.22776794433594,215.1066101500059,212.87567694022064,214.22776794433594,38624800
2020-05-08,215.89855130961155,217.29891917476593,214.86516715378124,217.16371154785156,31852300
2020-05-11,215.84058659729604,220.12860581258877,215.60879580058102,219.10488891601562,35714100
2020-05-12,219.70372867783442,220.29285086058465,214.4885450756534,214.51751708984375,41054100
2020-05-13,215.0390149642318,216.92226932530505,209.29266868853594,211.8326416015625,65521200
2020-05-14,210.50954238140108,214.27605119381286,208.59731596406328,214.2374267578125,51549300
2020-05-15,211.29178730188508,215.68605680731994,210.8571924577266,215.62811279296875,55747200
2020-05-18,218.53510368760058,220.8529528914508,217.75282994971428,219.64573669433594,42398100
2020-05-19,219.90647576259502,221.98289623923193,218.95037006914487,219.09523010253906,36237300
2020-05-20,221.64490445534355,223.8275461396017,221.62558486903285,223.47021484375,37417000
2020-05-21,223.51848140449331,224.19451948437748,220.52457953233147,221.03643798828125,43642900
2020-05-22,220.6308010864211,222.00219674297972,219.7133198409833,221.7993927001953,28762400
2020-05-26,225.37278418266482,225.5756029934186,220.9591945713325,221.2006378173828,33055300
2020-05-27,220.86260910029554,222.52373968407574,216.27518777873954,222.4078369140625,55665600
2020-05-28,221.26824860465416,225.4790193977128,221.21030458354977,222.11813354492188,42784300
2020-05-29,222.4948031307782,225.60459357481275,220.93024074674634,225.372802734375,50691800
2020-06-01,224.50360015254122,226.42547900904276,224.0593380843368,226.048828125,25776000
2020-06-02,226.47378098706872,227.6230532782803,224.06900077932698,227.5651092529297,33383400
2020-06-03,228.1735161131128,229.34210788845698,227.29467391199802,228.58880615234375,37228700
2020-06-04,228.24111872044787,229.65113894829665,225.68181160948944,226.98561096191406,38716100
2020-06-05,228.1348963147749,232.0752518726521,227.56509378884476,231.4861297607422,47365600
2020-06-08,231.34125754502816,233.40801117207488,229.7670575785261,233.282470703125,32937300
2020-06-09,232.42290957279292,235.82241956935448,232.2394103640105,234.97254943847656,35046300
2020-06-10,236.6626652106009,239.3378604181149,236.14113956323857,237.79261779785156,58084400
2020-06-11,233.871599988032,235.25264834448467,225.9522641060494,226.0102081298828,72919400
2020-06-12,230.90662587455597,232.1717859431157,223.80820430878626,227.80650329589844,72034800
2020-06-15,224.48425300718134,231.25431566388,223.54745212455148,230.57827758789062,45307400
2020-06-16,235.43611030869337,236.02523235195468,230.916300326839,234.53794860839844,48890100
2020-06-17,236.03491798055313,237.09727418720422,234.42207882065676,235.2816162109375,34749300
2020-06-18,234.9629162511616,236.16048012506343,234.19030960893033,235.91903686523438,30578600
2020-06-19,238.28516693757643,238.545929772462,234.15165969776925,235.88040161132812,49422100
2020-06-22,235.7488266174253,238.83500256568558,235.45860266668006,238.70924377441406,24068700
2020-06-23,240.30550934275024,242.97567274457055,239.7540691320293,240.74085998535156,32767400
2020-06-24,239.98622560301826,241.2148942108038,234.27826268987792,235.77781677246094,46032400
2020-06-25,235.86489367126862,238.32221622606886,233.2914667923714,238.02230834960938,36940800
2020-06-26,237.78050830708253,237.95465745833172,231.87904130743166,232.40147399902344,52824600
2020-06-29,232.15955824817812,234.9458259397443,229.62483763341586,234.93614196777344,34377800
2020-06-30,234.8684471681419,240.08301554399114,234.68462883150275,239.54124450683594,38909200
2020-07-01,239.57989785928706,243.33361767760738,239.03812690863285,242.33714294433594,34689200
2020-07-02,244.78484467576146,245.9941603451866,243.5174842161486,243.9818572998047,31956500
2020-07-06,247.13568413416712,250.50241396459887,247.11633095499587,249.98001098632812,34589000
2020-07-07,249.7284810450246,252.38897502047544,247.95802670229682,248.2579345703125,36578200
2020-07-08,249.58339474528853,251.55697649421415,248.15155448442556,251.5279541015625,30426300
2020-07-09,253.44343450696425,254.31413551508516,249.24469582506467,253.64659118652344,40312900
2020-07-10,253.50155790112584,255.6299650471857,250.8217253109411,255.37841796875,32885300
2020-07-13,258.2227244787133,261.00899212379306,249.30281214031714,250.12515258789062,64108100
2020-07-14,247.60009296158933,252.3019271171447,244.53327053443735,251.8955841064453,72230500
2020-07-15,253.30809478080585,254.14011934814144,249.10935414724085,252.4083709716797,54523900
2020-07-16,249.62204528701156,251.32477087466805,247.30016554658172,250.68624877929688,47594100
2020-07-17,251.14099763698934,251.83756463655843,248.79977905809608,250.97654724121094,35137900
2020-07-20,251.61504110027627,258.725823103141,250.36704859363883,258.09698486328125,40610100
2020-07-21,259.664224950445,259.67390892247204,254.56576129973328,255.40744018554688,43243800
2020-07-22,255.9008459459863,257.2359349932183,254.00461796837638,256.3071594238281,29865500
2020-07-23,255.90086795201125,256.60708937518785,248.19992486284528,249.6124267578125,51363500
2020-07-24,245.77164022630512,248.56757751578107,243.1401828616405,247.24217224121094,54054500
2020-07-27,248.8868324014742,252.04070738375427,248.10319826107676,251.6537322998047,36445700
2020-07-28,250.87006210690072,251.39249463352243,248.16120738423655,248.45143127441406,31302400
2020-07-29,249.98970413642937,252.17615609463013,249.51566188946933,251.3151092529297,27556900
2020-07-30,249.35116638409653,253.1919535045912,248.1998956926732,252.63084411621094,41774500
2020-07-31,257.2553107733634,257.2940171421187,252.36000323877897,257.13922119140625,53686300
2020-08-03,259.27718543149894,261.3572017231981,259.15141192363336,260.6122741699219,32081600
2020-08-04,260.10925681737876,261.67655461862273,259.3643290445016,261.5798034667969,24911300
2020-08-05,262.06357692788623,262.68273126739774,261.1735075047184,262.22802734375,21612100
2020-08-06,262.03451859036824,266.030102185925,261.39599638999357,265.701171875,28048200
2020-08-07,265.15931367779456,265.93329323320563,260.4865320544736,262.63427734375,44969400
2020-08-10,262.92446530796576,263.12765152092464,257.99048286611185,261.5119934082031,35088400
2020-08-11,260.3511438334103,261.6378722697648,256.0169752671021,256.5587463378906,43104300
2020-08-12,258.7161351633893,263.9597106654382,258.6677448285516,263.0115966796875,38773400
2020-08-13,263.78552347235626,265.8848782372413,262.67295933423617,263.61138916015625,31895700
2020-08-14,264.2306260299037,264.50151155298477,261.90874590002187,263.3018798828125,30799500
2020-08-17,265.0142053828791,266.86204284619555,263.3405317746141,266.3589782714844,24803000
2020-08-18,267.42315981990794,269.3967411220377,265.96229749711546,268.9226989746094,23529500
2020-08-19,268.8840418671907,269.9385614536909,266.6008683458078,267.1136169433594,31999400
2020-08-20,266.32032153155023,271.30269597386075,265.9139784931246,270.8189697265625,27723400
2020-08-21,271.0125037267389,273.15056572301086,270.36429748886445,272.69586181640625,34748900
2020-08-24,275.9658279093969,276.69141729040325,272.1153562987728,274.3985595703125,36418500
2020-08-25,273.6245288313943,276.74941047837075,273.1795090274915,276.555908203125,34866600
2020-08-26,277.8039237142606,282.70891399065164,276.5268795847325,282.4573669433594,42216700
2020-08-27,283.4345480790629,284.2859109668264,279.31319115616515,281.5770263671875,49482700
2020-08-28,282.8153783041637,283.6377188397529,281.4609506995913,283.0088806152344,28021000
2020-08-31,283.531231942051,287.091449060235,283.09586662912295,285.2823181152344,36321000
2020-09-01,287.93313676616793,290.2743842249935,286.16271212186626,290.1582946777344,36216200
2020-09-02,293.4089789537744,293.6218196745437,287.22697312776324,292.9059143066406,50836800
2020-09-03,288.3975488475127,288.90061343624177,275.15312393311996,278.05548095703125,110083300
2020-09-04,276.2657866737444,279.5260975019284,262.95362826556686,274.3502197265625,123959000
2020-09-08,263.3599249407287,269.164640033516,260.88324886308413,261.163818359375,99568600
2020-09-09,266.66857903282937,270.9350179006585,264.11449066571544,268.8356628417969,64837900
2020-09-10,271.7961106792902,273.01511029037704,261.75394889576535,263.47601318359375,69667500
2020-09-11,265.2271091905795,266.2622904991096,258.2130782424053,261.6475524902344,71809000
2020-09-14,265.4303048044493,268.19723483952276,264.07587694868147,266.20428466796875,38525200
2020-09-15,269.9483335561592,271.3221294208377,266.17527382121693,269.97735595703125,41849900
2020-09-16,270.7706749615542,271.23503337667654,265.32391136443954,265.67218017578125,42321000
2020-09-17,258.8419269979727,265.46898310217205,258.0002479739172,261.52178955078125,81570800
2020-09-18,262.9438687833904,263.2340926635591,254.0820021758585,258.1839904785156,86251100
2020-09-21,253.9271939996731,258.9385895838639,251.64399133019293,258.80316162109375,57168600
2020-09-22,261.20241307752934,264.19183686748954,257.8647206631692,263.61138916015625,41128900
2020-09-23,263.2922076043881,263.4760259522478,254.68188574797003,255.56227111816406,48837300
2020-09-24,252.8824178640421,259.9544931293643,252.71793795178283,256.7522277832031,70631700
2020-09-25,257.2552742914648,263.534030994483,255.69766055627156,262.72137451171875,55242400
2020-09-28,267.5779806195505,268.1778259277344,262.82781516039273,268.1778259277344,58438300
2020-09-29,267.61677421914754,268.6712941707273,266.4074582850907,266.9685974121094,27050000
2020-09-30,267.16196966350225,271.94118679751864,266.89108417723145,268.7969665527344,49380800
2020-10-01,272.6184871333979,273.67300696591815,270.73194267954165,273.0635070800781,50020200
2020-10-02,267.03620179833854,273.0537569293741,264.5401875878808,265.3818664550781,75497400
2020-10-05,267.34582816183547,271.3607502499344,267.23942255537673,271.04150390625,28184600
2020-10-06,270.3546649584225,272.0380231845688,265.3238991806414,266.20428466796875,49704200
2020-10-07,268.84530782102655,271.6025229899599,268.25514662245916,270.8092346191406,27539700
2020-10-08,273.20862317041525,273.2763519419274,271.186650669539,272.2508544921875,25443300
2020-10-09,273.8953849147639,276.48817931307565,273.5084099300946,276.4107666015625,30201100
2020-10-12,281.0932848969225,287.7783845687081,280.0484492886036,284.9437561035156,79370700
2020-10-13,286.74324289466466,287.3817355237458,283.56997054778395,284.93408203125,64240000
2020-10-14,285.73709562441013,286.7045481035689,280.81276604840866,282.5541687011719,36949100
2020-10-15,277.8522621733572,281.2479990563638,277.2137402277955,280.6578674316406,42514200
2020-10-16,282.3025869495628,283.72474310029554,278.7713917390314,279.11968994140625,40570700
2020-10-19,281.03524741066656,281.99304539448815,273.5858814018512,274.56298828125,36756800
2020-10-20,275.29831022771214,278.25871282965664,273.7407257092302,275.1531982421875,32195400
2020-10-21,275.40478711831287,277.9685309989496,274.4566727952993,274.9403991699219,29306100
2020-10-22,275.77228185190506,276.6720349800974,271.6799772877547,274.93060302734375,32196200
2020-10-23,275.5014345030558,275.6368920231041,272.60876101041157,275.472412109375,24658500
2020-10-26,273.18920721373644,276.0141516237852,267.7521295734599,271.34136962890625,38421100
2020-10-27,272.3379259232388,274.28251523285076,271.0802492651122,273.4601745605469,30559100
2020-10-28,268.9614649881043,269.5709647553025,262.5472505227228,262.7987976074219,53413500
2020-10-29,264.1144271652474,270.39318193836095,263.65003952170497,267.39410400390625,43246300
2020-10-30,265.4108287379702,266.2815297991119,258.37746198579566,260.6122741699219,65838300
2020-11-02,263.0019720549705,264.61760122108484,258.28079905882623,261.1928405761719,39987400
2020-11-03,263.10824504432475,267.8100772490385,262.0247034977731,265.710693359375,43604100
2020-11-04,274.35976789488217,279.37116324230914,272.69574891753865,277.57171630859375,75728200
2020-11-05,283.97632512437224,285.7758020888672,282.49612401172146,284.808349609375,52054200
2020-11-06,284.15044739201414,285.7467380103803,280.3967272074456,285.0211486816406,40959800
2020-11-09,287.96216736147034,289.40369134582903,278.7423482460267,279.1970520019531,86537100
2020-11-10,275.88844594941975,277.32994074510486,271.4865193034532,274.1954040527344,69024900
2020-11-11,276.7204321420818,280.80308279556846,274.1566889706012,280.32904052734375,36102900
2020-11-12,281.2965090031892,282.56386946425175,277.90074115178044,279.0133056640625,34414600
2020-11-13,280.72575458160605,282.08018241636955,278.5005957233473,281.46099853515625,24806900
2020-11-16,281.1609998373027,283.95695132636484,280.5515001272689,283.65704345703125,30168400
2020-11-17,283.85048896817204,284.1794191957292,282.1187411450533,282.75726318359375,21843500
2020-11-18,282.205908526477,283.82153768198714,280.58056587379644,280.6676330566406,28069600
2020-11-19,280.1161475041133,283.1733003182524,279.4486030544655,282.86370849609375,22718400
2020-11-20,282.78638652338,283.53134392977177,280.8418268508536,280.92889404296875,25907300
2020-11-23,281.9252978658632,283.2216804949819,278.6940105023637,280.9385070800781,26875600
2020-11-24,282.00269286629174,285.3791218456151,280.2032455596767,284.8857116699219,24516800
2020-11-25,285.949927331004,287.2753324617549,285.0018133025846,286.6368103027344,23326800
2020-11-27,288.60066471365144,290.4001411663523,288.2040057669578,289.27789306640625,17163100
2020-11-30,289.59715653982227,290.206656188719,285.1855765874171,289.8680419921875,27836200
2020-12-01,292.14160472558103,295.20844184859413,291.0386948091692,293.5830993652344,27521300
2020-12-02,292.41251930762814,294.29906349998095,290.5743654550554,293.96044921875,23620000
2020-12-03,294.27005923343233,295.9243948502273,293.65087542111775,294.37646484375,22828700
2020-12-04,294.42477907433585,295.72119128569506,293.74758010162014,295.5760498046875,19332100
2020-12-07,295.75987086670006,297.6173925026342,295.57605254507047,297.249755859375,20851000
2020-12-08,296.7757497269518,298.5558588522891,295.024662996755,298.2559509277344,18341500
2020-12-09,298.0431323963935,298.32367239555253,290.43893953558506,291.5031433105469,48839300
2020-12-10,289.47138042327146,293.7958931761984,288.38783862353756,292.67364501953125,27519500
2020-12-11,291.01935393302256,292.15128623113674,288.75551886109844,292.0255126953125,26760400
2020-12-14,293.21548096516074,296.0888159756463,293.14778173088405,294.1442565917969,28804800
2020-12-15,296.3983829620619,297.2884521484375,294.21193112054425,297.2884521484375,25709000
2020-12-16,297.6851239868555,299.70709601901274,296.6402588307185,298.9234619140625,25461900
2020-12-17,300.5197938582186,301.109925748978,299.3201621299148,300.87774658203125,23730500
2020-12-18,301.5162526740724,301.8258445629671,297.59805229574795,299.96832275390625,41173400
2020-12-21,297.0228063689803,299.94012534278517,294.2508919299636,299.4070739746094,37095500
2020-12-22,300.30850795630914,301.1420109826274,297.4008897341945,300.2212829589844,26176300
2020-12-23,300.2696662764595,300.62826771358965,298.5541825456682,298.7092590332031,21201300
2020-12-24,298.97091298202696,300.4731701342332,298.89338953260915,300.02734375,16785000
2020-12-28,302.6346095530133,303.52629219348063,300.8027957974349,303.0513610839844,22497700
2020-12-29,304.3791850795112,304.99949122408196,302.4213992691314,303.32275390625,25871900
2020-12-30,304.4857243124753,304.80554924021425,302.71206097974704,303.3323669433594,18138100
2020-12-31,303.2355611461822,304.56336900443426,302.1597563831878,304.0787658691406,21611400
2021-01-04,305.40644690114704,305.58092643654595,295.7822397295423,299.7850646972656,45305900
2021-01-05,298.7965485946262,302.52799789208564,298.7965485946262,302.256591796875,29323400
2021-01-06,297.54629202108345,302.2760228286588,296.5577123829066,298.0696716308594,52809600
2021-01-07,300.7252675935341,306.1140511445384,300.6961925936404,305.2805480957031,30394800
2021-01-08,307.56784992649233,309.55474011165984,305.3774347489298,309.205810546875,33955800
2021-01-11,306.2497214395726,307.4224524136151,304.0883814192391,304.7377624511719,32746400
2021-01-12,304.7764932248899,305.8619991509885,301.61690195667103,304.2531433105469,29266800
2021-01-13,304.51479403914834,307.10255714318254,303.91389113342706,306.3078308105469,22898400
2021-01-14,306.75370892686954,307.7519899560622,304.19499080671324,304.669921875,23500100
2021-01-15,304.45670851288935,305.4162130604736,301.0160092062669,302.256591796875,35118700
2021-01-19,304.57304550206436,307.1705109950983,303.477837773853,306.6665344238281,24537000
2021-01-20,310.28167223024104,314.73999687481995,306.76344916000136,313.79986572265625,30728100
2021-01-21,315.1373580102177,317.0563967393444,313.7611019095679,316.3100891113281,25130600
2021-01-22,315.2730158264072,316.4069702389645,314.7108598045734,315.3990173339844,21609400
2021-01-25,318.7816082767875,320.14819254019943,311.5125619253362,318.0062255859375,39080600
2021-01-26,318.7234080613514,319.60538909572153,317.1435975040631,318.4714050292969,25498100
2021-01-27,316.21310675600824,316.2227787014921,307.58715111959197,309.5934143066406,55264000
2021-01-28,310.79531495609456,316.3682497057302,310.17500889095487,311.42529296875,42836300
2021-01-29,309.7388471809838,310.84375624229205,303.128884596821,304.8734436035156,55259000
2021-02-01,308.31411931482035,313.57693059334537,306.2884822397194,312.4914245605469,35646000
2021-02-02,315.4571810403758,318.74277401566127,315.29240300534514,317.58941650390625,33930800
2021-02-03,319.66353887200273,320.03184189465435,316.27131777805255,316.3294677734375,24824500
2021-02-04,317.725094855198,320.15778162492757,316.40695941082924,320.070556640625,22350900
2021-02-05,321.0203629383671,322.1640187431127,319.38240268503847,321.1560363769531,22732000
2021-02-08,322.84260023366744,323.4628768386781,321.2046393432816,323.30780029296875,20462800
2021-02-09,322.37729115454334,324.4998546355321,322.36758962975637,323.2398986816406,17597500
2021-02-10,324.6742464234558,325.1297743395083,319.3533159652928,322.50323486328125,28068700
2021-02-11,324.03464550911383,324.68402657650824,321.8927084215484,324.2769470214844,22046100
2021-02-12,323.43371103849927,326.25410391756105,322.38698162108943,326.08935546875,20346800
2021-02-16,326.8841356269865,327.7758182666713,324.04436880985253,325.2074279785156,27080800
2021-02-17,322.231909705681,325.3236791131042,320.00274780804534,323.6469421386719,31360300
2021-02-18,320.0609518390549,323.5888467814989,318.2485115255932,322.2319641113281,32236200
2021-02-19,323.5791101725215,323.705111688559,319.8089141056786,320.8265686035156,39157700
2021-02-22,316.44577744580255,317.70573348811814,312.30727823258223,312.51080322265625,47256900
2021-02-23,307.2382692011406,313.2473575907754,301.4230338219392,311.580322265625,97241900
2021-02-24,308.92470818559923,314.4588956916574,306.23031671304153,314.14874267578125,58206300
2021-02-25,311.49317868001674,314.05186753500726,301.6557125973365,303.1967468261719,110182600
2021-02-26,306.12370351235546,309.2832947787823,301.3067487846613,304.46636962890625,104739800
2021-03-01,309.43835907915917,313.96456367615275,308.14932823792475,313.6253356933594,49164500
2021-03-02,314.26504533882803,314.34256880454757,308.3432108792186,308.5951843261719,48370000
2021-03-03,307.49995538346167,308.4400863205711,299.58155948296434,299.63970947265625,86301100
2021-03-04,299.27141140540306,302.43103226041615,290.8683828229836,294.73553466796875,139131600
2021-03-05,297.35238750821816,300.07585398861437,288.29033511498864,299.17449951171875,121523700
2021-03-08,298.6317729607191,300.51203512418215,290.28692280023205,290.70367431640625,88409800
2021-03-09,298.0017380021016,304.06897637547166,297.46868659047146,302.1693115234375,80391100
2021-03-10,306.4241691358613,306.724620626328,300.6186347246778,301.3067626953125,76798100
2021-03-11,306.0461906601407,310.01023994466965,305.1545376376188,308.2463073730469,53484800
2021-03-12,304.19499196739815,308.43044718599134,301.80108145550156,305.7457275390625,69315600
2021-03-15,306.0655372367336,309.17667987152043,304.4275769113143,309.01190185546875,42955700
2021-03-16,311.2024039742943,314.21665052794987,309.27369317082486,310.7080993652344,54925900
2021-03-17,307.67447751041885,313.8773904178107,305.958963843639,311.9874267578125,78258700
2021-03-18,307.1123439366389,308.0912516000334,301.9755632410346,302.43109130859375,82718100
2021-03-19,302.2662209993809,305.03816508601403,300.1242843718564,303.49713134765625,78446200
2021-03-22,305.8892642780777,311.2557415596167,305.8892642780777,309.188720703125,56194800
2021-03-23,310.27557130915926,311.5953417949714,307.02462512975313,307.83978271484375,53455400
2021-03-24,309.208126766861,309.2469522605069,302.50245167170226,302.64801025390625,64803700
2021-03-25,300.8042221864616,303.6378911365038,298.3005255349611,302.1239929199219,78729000
2021-03-26,301.91046681514456,306.976112662343,300.5130748438378,306.6558837890625,63519600
2021-03-29,306.12221392245704,307.61665508549305,303.23032130763187,306.568603515625,54608000
2021-03-30,304.60829592576704,305.59812389358433,302.32777943527344,305.02557373046875,44635700
2021-03-31,306.81124129008373,311.2557989477642,306.4715847685918,309.69342041015625,55032500
2021-04-01,313.51688889328375,315.10837900652535,313.26456756678306,314.9725341796875,55685600
2021-04-05,317.4567949509735,322.02751230877504,317.2141874323933,321.2608642578125,42172500
2021-04-06,320.95038456405575,322.9882642529045,320.2613578123154,321.0377197265625,33537200
2021-04-07,320.5621627543296,322.6486111670162,319.6305581481029,321.81402587890625,32046400
2021-04-08,324.6671093943618,325.35610651026633,323.8713495618083,325.1717224121094,29940800
2021-04-09,323.81312481383054,327.34550476932856,323.0756180393598,327.1416931152344,36664900
2021-04-12,326.1034068863233,327.1320606369448,324.83214556026877,326.71478271484375,25833000
2021-04-13,328.2382426382964,330.9942603593308,328.0247468478908,330.5284729003906,30374000
2021-04-14,330.7711113973542,330.8972720510287,325.74429049749494,326.5594482421875,42564300
2021-04-15,329.43190098231787,331.8968016818083,326.278003217147,331.50860595703125,36342800
2021-04-16,332.0326343573473,332.1102853455349,330.02383705423443,331.89678955078125,40860100
2021-04-19,330.32476466150547,331.4795494048191,326.93794297479013,328.8594055175781,34533100
2021-04-20,328.1995419220028,329.48048742067397,324.4924910388118,326.46246337890625,38081800
2021-04-21,325.18141445261983,329.44161675184677,324.0945374930946,329.2572326660156,36598100
2021-04-22,328.8690668857819,329.8491811367838,324.13336331578,325.2881774902344,45936100
2021-04-23,325.9189800210378,330.6934798949631,325.9189800210378,329.3834228515625,36381900
2021-04-26,329.62598057447394,331.80944813703036,328.8787304993542,331.52801513671875,30812000
2021-04-27,331.819161290806,332.0326571001832,329.14079431837337,330.091796875,33187200
2021-04-28,329.76190674295617,330.7711625131407,328.3256592859698,328.9758605957031,33615700
2021-04-29,332.24617850122996,332.66345637414327,326.937924191872,330.1597595214844,37708900
2021-04-30,327.71420210948105,330.1985003830696,327.0833989572573,327.99560546875,38263400
2021-05-03,329.1990171967041,329.9462377206667,325.80251180840315,326.2489013671875,29729700
2021-05-04,323.6966311429197,324.01688963010014,316.56396466012313,320.3777770996094,65147000
2021-05-05,322.4253532736857,323.2890501508602,318.5242355072764,319.3005676269531,46219300
2021-05-06,319.03865328165426,321.86260881707943,316.79696180980204,321.70733642578125,46814300
2021-05-07,324.4827360878982,326.69531572419015,321.88199030080017,324.3177795410156,53324500
2021-05-10,322.9397591621031,323.1144294895896,315.9235381896021,316.1273498535156,60700500
2021-05-11,310.2465141587872,316.4863725809252,309.5865991846512,315.69061279296875,71963600
2021-05-12,310.76091761102583,313.0802307175459,306.6559866223055,307.5196838378906,91164900
2021-05-13,310.45999125151934,312.86663879564367,307.52927357866866,309.8971252441406,69877800
2021-05-14,313.06076996295343,317.65088558428255,312.55612733502784,316.73870849609375,44370000
2021-05-17,315.0307260298125,316.71926491585236,311.94476543974787,314.8172302246094,39395000
2021-05-18,315.7682625127471,316.99098429290916,312.4202668422621,312.6919860839844,36528500
2021-05-19,307.29641227462685,313.35188688296495,306.9470420236655,313.0510559082031,66319100
2021-05-20,314.53581909839676,319.96052014548815,314.3126391150429,319.1065368652344,46466100
2021-05-21,320.6592478065631,321.0765256900318,316.9813386264364,317.34039306640625,50330400
2021-05-24,319.63050907033795,323.80337563981055,317.2335459004026,322.67767333984375,32475800
2021-05-25,324.19159403453045,324.90970283924935,321.94990284909704,323.1241149902344,31280300
2021-05-26,323.7937745082266,324.71566551573625,323.10477729374134,324.2498779296875,25444900
2021-05-27,323.80348292638405,324.64775252730004,322.8330526512748,323.0368347167969,27931700
2021-05-28,324.2401091909413,325.64724472071146,323.7354961865268,324.05572509765625,29927400
2021-06-01,325.3852245308222,325.860755452993,321.62966450701225,322.97857666015625,31145400
2021-06-02,323.39584866403806,324.45361397756494,321.891693772137,323.6093444824219,22047900
2021-06-03,320.77563751713006,322.0468984988941,318.57277199025685,320.2419128417969,37057800
2021-06-04,322.03730841015556,326.1228117751915,321.96937117994383,325.6764221191406,38736500
2021-06-07,325.1426354486117,326.7050435127181,324.4536382802467,326.6468200683594,32611900
2021-06-08,328.39352234967527,329.25721930775677,325.12317782604936,326.8020324707031,27282800
2021-06-09,328.1703884365764,328.94672073790025,326.6953156028105,326.87969970703125,21485300
2021-06-10,327.21941672134415,330.3927133493331,326.77302704627175,330.2859802246094,33702100
2021-06-11,330.29561384013823,331.1593109469786,329.6454421804354,331.14959716796875,21222800
2021-06-14,331.57651200174234,334.33252962057037,330.39258622888485,334.3228454589844,27827700
2021-06-15,333.9735630962998,334.28410788253154,331.4213268119727,332.13946533203125,35963800
2021-06-16,332.60521679047145,333.6726958677757,327.47166267150703,330.9263916015625,55399500
2021-06-17,329.91715157235996,336.137612619447,329.8686419091237,335.12835693359375,59722700
2021-06-18,333.46890423340926,334.61400465829917,331.7512239808977,332.49847412109375,55414900
2021-06-21,332.6898761727154,334.88560197114685,330.474729930323,334.5649719238281,32992600
2021-06-22,334.3610115723274,338.1306538228892,334.059831566183,337.6837463378906,28941600
2021-06-23,337.62537705205324,338.9952743346827,337.0132921332687,337.84881591796875,27188500
2021-06-24,339.7822001113243,341.4629725682367,339.23813126810626,339.9376525878906,32581600
2021-06-25,340.50111714116616,340.7440060588732,338.9174766537919,339.51983642578125,28682800
2021-06-28,340.8023657602307,343.78504938710785,340.74407478018696,343.6490173339844,39130300
2021-06-29,343.47411498284237,344.9217236125262,342.63859124073826,344.892578125,29426000
2021-06-30,344.73715767940706,345.12580374858084,343.76560180553736,344.3485412597656,32724000
2021-07-01,343.99874971543665,344.98972590141256,342.64827299824105,344.4845275878906,29290000
2021-07-02,346.3791495754399,348.75947373922304,346.14598561310726,348.4388732910156,32727200
2021-07-06,349.04113188977976,350.2264311031794,346.3499034583853,349.9446716308594,38842400
2021-07-07,352.1404086390429,352.4415885625739,348.7302383215752,350.6830749511719,35265200
2021-07-08,345.62128085020595,349.4200679163913,344.3388496163626,348.5650939941406,50890000
2021-07-09,347.9822092081937,351.2174774903175,347.3992697056887,350.7414245605469,35184500
2021-07-12,352.1403820578418,352.56786894597764,350.56643688814484,352.1112365722656,25717700
2021-07-13,351.73231561024755,355.07446965411276,351.25626279599396,352.1112365722656,39723000
2021-07-14,354.4527466915116,355.0939771809763,351.9169998759118,352.7428283691406,35336400
2021-07-15,352.6552764908985,352.8592948732057,348.2638260272605,350.2652282714844,53391600
2021-07-16,351.12030642808213,352.10158740315376,347.07863020990226,347.42840576171875,47262000
2021-07-19,343.9793365421211,345.0771993956187,342.0265294469521,344.58172607421875,64404600
2021-07-20,345.5143531325334,350.0320811396048,343.736389624569,348.58447265625,42183700
2021-07-21,348.1570706277468,351.2757568359375,347.9336020918231,351.2757568359375,30259900
2021-07-22,351.47976394470055,353.6074737175383,351.47976394470055,353.5977783203125,30252200
2021-07-23,354.91908737955197,358.00862805980915,353.5686400813842,357.7268981933594,31960800
2021-07-26,357.03701967151557,358.3972214662514,356.1723504558063,358.0085754394531,28438100
2021-07-27,357.74626100686675,357.74626100686675,349.9155239997721,354.0640563964844,57933100
2021-07-28,355.20081650644175,356.9982007174381,352.9079293355111,355.42425537109375,42066200
2021-07-29,354.86076180526356,357.22163532233117,354.86076180526356,356.0557861328125,25672500
2021-07-30,352.1307155090778,354.78307373523353,352.10157001865997,354.20013427734375,36484600
2021-08-02,355.86142400498187,356.44436336044856,353.5199711877009,354.2292175292969,27334100
2021-08-03,354.8898941335919,356.4929552406913,351.7031923611625,356.3763732910156,35558500
2021-08-04,356.33744153621996,357.8433705262115,355.22988355505925,356.8912353515625,29602200
2021-08-05,357.7073910590354,359.38819319042074,356.99817433299086,359.155029296875,21443900
2021-08-06,357.8920207079267,358.8635765497484,356.47355748073585,357.58111572265625,33332100
2021-08-09,358.0377732003435,358.7664401326827,356.9399399278939,358.2418212890625,25960200
2021-08-10,358.7567570414076,359.0482119645274,355.2202791767032,356.40557861328125,35130800
2021-08-11,357.6686743774841,358.16414782332276,354.462521480245,355.7935485839844,34249800
2021-08-12,355.28823812662705,357.43536811406886,353.93776135089763,357.0758972167969,25969200
2021-08-13,357.4256838386604,358.6595490527327,356.9301808840148,358.3292236328125,19336200
2021-08-16,357.21188359429476,358.52346001947916,353.354806426924,358.484619140625,34856900
2021-08-17,355.7351547573665,356.7067105697037,352.89822838907884,355.3271179199219,44793900
2021-08-18,354.79274854455855,356.1917913024979,351.57690114042134,351.9072265625,38541900
2021-08-19,349.97387327191353,355.27856027177415,349.72125924588516,353.60748291015625,48499400
2021-08-20,354.67613576735766,357.66854404771954,354.36523081493834,357.27020263671875,39486000
2021-08-23,358.3097851058622,363.30359639946914,358.30008970905754,362.6138000488281,34034700
2021-08-24,363.2064206006118,364.3237038526615,362.7400631377907,363.7213439941406,21732900
2021-08-25,363.97392073638974,364.712312564559,363.2258038632623,364.1390686035156,20441900
2021-08-26,363.28420767946403,363.9642790431549,361.38966174943306,361.8268737792969,29133300
2021-08-27,362.45831971800555,365.8490398813782,361.97254183101103,365.3438415527344,27104700
2021-08-30,366.13083855432507,369.9296255952502,366.1113884610643,369.44384765625,27295700
2021-08-31,369.6867080378009,369.75469441035887,367.5978393420069,369.14263916015625,29628200
2021-09-01,370.2016672848812,371.8241490290895,369.55071178811403,369.7547302246094,28138300
2021-09-02,371.1051837623693,371.435509188576,368.365389189704,369.579833984375,25453400
2021-09-03,368.43345133980495,371.1149552699971,368.4140308944901,370.71661376953125,24605400
2021-09-07,370.82344901614005,371.8921664366808,369.6672951224914,371.2412109375,23970200
2021-09-08,371.06634955267714,371.06634955267714,367.6853538890298,369.9490661621094,32949200
2021-09-09,370.17247372014936,371.2800318811056,368.43338058855016,368.67626953125,29399000
2021-09-10,370.3862067090166,371.1051484712424,365.5478484333313,365.878173828125,40249400
2021-09-13,368.20992181049735,368.63740873289976,363.57561133523944,365.6255798339844,48741800
2021-09-14,367.112111802256,367.84077875436924,363.6339545966303,364.5860900878906,41826600
2021-09-15,365.04270476619996,367.64646743225006,362.7498174509155,367.29669189453125,34097900
2021-09-16,365.96564513231044,368.12250027388,364.0419835530262,367.5492858886719,35193100
2021-09-17,367.07318268866356,367.1217486139849,362.15711320524946,363.1966552734375,60912300
2021-09-20,357.4036470721307,359.1446681278163,351.0523559564486,355.69183349609375,76203200
2021-09-21,357.52040510766665,358.71675431650056,355.0012893402798,356.1295471191406,41927500
2021-09-22,357.04385306817227,360.91494318773044,355.9447730023296,359.45599365234375,46972900
2021-09-23,360.61339773246715,363.8036325830604,359.97145643124753,362.77264404296875,44652000
2021-09-24,360.5064182906499,363.53132237880186,360.1368129986181,363.1130676269531,36056800
2021-09-27,360.06877162163283,361.0900244643273,357.6663667698871,360.21466064453125,43338100
2021-09-28,355.66274340365425,360.1660095292844,349.51569535289286,350.0214538574219,97701600
2021-09-29,351.285861353883,353.42563606941854,348.8251011374554,349.44757080078125,58076600
2021-09-30,351.09133108312494,352.75452518256225,347.3272461664179,348.1636962890625,61384600
2021-10-01,348.78618997498535,351.3636614163688,344.68167764256236,350.32293701171875,56375500
2021-10-04,348.7084085068805,349.03910019916293,340.73283489219506,342.9698791503906,76766000
2021-10-05,344.02997255929625,349.84632794995827,343.80628599045565,347.59954833984375,47232900
2021-10-06,344.3898900585049,350.0992708754434,343.4853484647592,349.8269348144531,56806500
2021-10-07,352.87122991088916,355.68215344387613,352.3362936499442,353.0365905761719,39411200
2021-10-08,354.11619466511115,354.3496467593131,350.74115710996455,351.276123046875,41822300
2021-10-11,349.739345608254,353.26030184571573,348.49437661062404,348.5819396972656,34847200
2021-10-12,350.0311854685431,350.4688525299562,346.72423904744426,347.3661804199219,43905100
2021-10-13,349.6714294049889,350.81912964815274,347.6483353902586,350.14801025390625,40120800
2021-10-14,353.736892200335,356.81041599057534,353.0755088952258,356.596435546875,43433900
2021-10-15,357.8121817077922,358.95988136016933,356.78119324956873,358.8431701660156,40419900
2021-10-18,357.54958181402935,362.66564059093747,356.946554138747,362.45166015625,34513500
2021-10-19,363.5215283156259,365.2430777774369,362.50027569432086,365.1944580078125,29091000
2021-10-20,365.6517065678093,366.264470197778,363.2395656847727,364.7179870605469,31390300
2021-10-21,363.9203769979809,367.13978994323423,363.6188631341587,366.94525146484375,25469300
2021-10-22,365.6904929000989,366.65338987918335,362.19874469021727,363.8619384765625,36275800
2021-10-25,365.28205322129304,368.5014661306031,363.33678718872363,367.5871887207031,32597800
2021-10-26,369.8242976093445,372.23640872219755,367.56778167336654,368.7446594238281,47191300
2021-10-27,369.1920059987736,372.6643127907117,368.9294057851657,369.60052490234375,45760500
2021-10-28,371.49721174896024,373.9579722207458,370.7288233150904,373.705078125,38007000
2021-10-29,370.6315499016707,375.7086956406966,370.281416249106,375.5433349609375,37310100
2021-11-01,375.98096258363745,376.95359546070245,373.8995436615664,376.8271484375,30765300
2021-11-02,376.2144079243628,378.8794423541163,376.1657881505037,378.40283203125,25135300
2021-11-03,378.88913759797674,382.8380248315274,377.8484429446031,382.4197998046875,33748900
2021-11-04,383.6842616336203,388.2750904027313,383.1395895493531,387.3218994140625,40265300
2021-11-05,389.0920916180877,390.016075106371,386.29090398738106,387.6914978027344,43383800
2021-11-08,387.6623426124407,388.68359539126715,386.5243489401909,387.1662902832031,29256300
2021-11-09,388.2361888677813,388.63497195661483,383.13960148519317,384.50128173828125,50490700
2021-11-10,381.7293275645243,384.5402218889665,376.9245175044946,378.850341796875,54937400
2021-11-11,381.8265810488004,382.0016478820407,379.56032931636594,379.9007568359375,32243000
2021-11-12,381.0484474560787,384.4332212280793,379.453344654841,383.8982849121094,34730600
2021-11-15,385.07507895448435,385.39603473785365,381.36935013449727,383.8106384277344,33716900
2021-11-16,383.0812224246189,387.0398458924159,382.88671363238944,386.5438232421875,27872900
2021-11-17,386.86478860727243,388.78087686824887,385.78518018894584,386.7480773925781,28703300
2021-11-18,388.7906020726515,391.26106853591654,386.573000006846,390.75531005859375,45721500
2021-11-19,392.38937933155086,394.20819854853437,391.56263522862895,392.9340515136719,45191700
2021-11-22,394.4707418797755,397.5247938245009,388.26533907910016,388.372314453125,61715400
2021-11-23,387.21493727005134,389.27694431177815,382.1669989443051,386.6022033691406,70098700
2021-11-24,384.121906283019,388.1291491048879,381.79732907349427,387.84710693359375,46954400
2021-11-26,385.26965107712977,386.66053885353557,379.1031612958598,380.4940490722656,51533300
2021-11-29,385.0556547853165,389.76319448090595,384.3261801069884,388.75164794921875,54447100
2021-11-30,387.86654825587556,390.2105971163194,381.0289401282975,383.04229736328125,81332700
2021-12-01,387.38031543179244,389.5201201554181,376.0588814204098,376.5257263183594,77766500
2021-12-02,375.24175177395284,381.01919343331065,373.8217160857389,379.2392883300781,84416600
2021-12-03,380.6010596901618,381.60287060561444,368.5306792398121,372.6449279785156,105349100
2021-12-06,373.13124618399485,376.99260083295,368.9197281792316,375.63092041015625,67588800
2021-12-07,382.27390933098576,387.55529887951013,382.23499570372724,386.9425354003906,56005300
2021-12-08,387.27338565408303,388.8782245446341,385.37673898553413,388.6739501953125,39204000
2021-12-09,387.44833232178706,389.24770917282194,382.760234490901,382.95477294921875,49973700
2021-12-10,385.7657016429064,387.38027600962283,382.5949085157785,387.11767578125,52545800
2021-12-13,387.10786632451544,387.42882209814735,381.1553581543373,381.52496337890625,50166400
2021-12-14,376.70074791408535,379.41440228714094,373.1312014367775,377.5761413574219,75199200
2021-12-15,377.3232568620715,386.5438285946548,373.3743691680471,386.1839294433594,73858000
2021-12-16,387.146921520814,387.57488249708564,374.66802112698116,376.25341796875,82591400
2021-12-17,372.83935256246275,378.5389967311671,371.3220476290657,374.3761291503906,80492500
2021-12-20,369.65383235643225,371.5334044386726,367.60868840628507,370.74456787109375,65336800
2021-12-21,374.0167620264136,379.353608869592,370.26736624903543,379.0419616699219,48899500
2021-12-22,378.7498028220549,383.86264755757725,378.08757482728123,383.65814208984375,37042200
2021-12-23,384.0087075166377,388.02106837414027,383.84316538472837,386.550537109375,29595500
2021-12-27,387.84589081063774,392.93927001953125,387.81667573648923,392.93927001953125,32820700
2021-12-28,393.83519310979347,394.0104835432617,390.2415906221069,391.1180725097656,33113700
2021-12-29,391.2544183040115,392.52044435937006,388.6833731376432,391.05963134765625,32248500
2021-12-30,390.84533941347075,393.02684017439805,389.3066296016768,389.8909606933594,23850100
2021-12-31,389.21898010882563,390.5823994941913,386.9595824300405,387.4562683105469,34752900
2022-01-03,388.6248608653944,391.43937427224773,386.51156846510173,391.1861572265625,40575900
2022-01-04,391.73161585861396,391.7705791947588,383.0154492062838,386.11236572265625,58027200
2022-01-05,384.4275597698944,385.54754023833226,373.9973627235107,374.2505798339844,75739800
2022-01-06,372.42943304347233,377.2306314972155,370.19925011866803,373.98760986328125,70814300
2022-01-07,373.9973217648803,375.68213669487847,368.16381836104466,369.9362487792969,72652300
2022-01-10,365.0279090976705,370.69586988679407,359.661847242509,370.1796875,91770500
2022-01-11,369.4493143206494,375.906112223643,367.3652366626688,375.7405700683594,68295700
2022-01-12,378.3115781015155,380.0061412768249,374.95172626073906,377.2305908203125,54576400
2022-01-13,378.61340865605393,379.29513310828685,366.8587588880622,367.7936706542969,77994000
2022-01-14,365.2713602811778,370.4134198933439,365.06682510069675,370.0823059082031,80121200
2022-01-18,364.26829048052855,366.3913312973548,360.1098243286915,360.86944580078125,75450900
2022-01-19,362.4276479497391,364.90129926723534,356.6428269126242,356.9057922363281,81791500
2022-01-20,360.1293840637579,364.1027825258744,351.73458306737507,352.27020263671875,88610700
2022-01-21,350.07897689623405,352.71817080050874,342.21979560707535,342.5022277832031,143388900
2022-01-24,336.87320642826637,344.7323871817224,325.4204234632394,344.07012939453125,198685800
2022-01-25,337.61332782671474,341.85940942247294,332.75367038091014,336.09405517578125,124398400
2022-01-26,343.6902916646973,347.5565772992611,331.87718103363807,335.56817626953125,146559500
2022-01-27,340.27212023462187,342.0932628060848,331.1663776569832,332.18896484375,95255700
2022-01-28,334.06846815680814,342.82359825338784,329.12119433675423,342.6093444824219,108167900
2022-01-31,343.97278138134067,354.1497608345529,342.3366482255291,353.5654296875,94326400
2022-02-01,354.90939615460974,356.62342632692844,349.7576168140272,355.9709167480469,74433000
2022-02-02,360.10006059259797,360.43117455474135,354.7729626939763,358.86322021484375,78777100
2022-02-03,349.1634464059742,352.47461587769965,343.2520172807969,344.31353759765625,95384800
2022-02-04,344.82975198860566,351.95852629353226,342.77488937826047,348.6571044921875,86318300
2022-02-07,349.25107894745486,351.6175882760094,344.5959572203704,345.8522644042969,58198100
2022-02-08,344.71286787681044,350.8288031286312,343.5831690442686,349.7380676269531,64720900
2022-02-09,354.2568812229211,357.22718893761805,352.6597114986028,357.1492919921875,55766400
2022-02-10,350.12759092704323,356.91550206060344,347.22546193723235,349.0660705566406,112468500
2022-02-11,349.0660901088654,350.6632597451943,336.76604124970885,337.9931335449219,101569100
2022-02-14,337.43799008762295,341.8107097063511,334.9059384823163,338.411865234375,80254400
2022-02-15,343.6902926132209,347.0598924072058,342.6287722357038,346.826171875,55128800
2022-02-16,344.5765213147969,347.76108243554825,341.54775406806425,346.738525390625,58947100
2022-02-17,343.5246679378382,344.2258591469567,336.00635153129855,336.4251403808594,61801400
2022-02-18,337.360086427946,337.7496305348196,330.28002495150304,332.5881042480469,80001500
2022-02-22,329.64706468518256,335.0520908242243,325.615236105448,329.2477722167969,85967100
2022-02-23,332.40313641940185,333.2406549416096,320.5023786388824,320.81402587890625,86215400
2022-02-24,310.51036496050875,332.1304062718498,309.9455304218847,331.5947570800781,130614100
2022-02-25,332.39337147017665,336.94138213250466,328.57579699262675,336.7368469238281,78842100
2022-02-28,333.5619955810024,339.43446169534934,332.40308174554,337.7398986816406,77515500
2022-03-01,336.7173519143617,338.9864680636294,330.0463008202966,332.5686340332031,67407000
2022-03-02,334.11703830029745,339.4830993238208,331.3512367311645,338.1488952636719,70609000
2022-03-03,340.78817997983646,340.89532171846434,331.4584675901399,333.3185729980469,71089400
2022-03-04,330.96171876502984,332.3933163869497,326.1702697955539,328.4880676269531,76936300
2022-03-07,328.47840017883215,329.6373141349506,316.168602423875,316.37310791015625,89933800
2022-03-08,315.58425219278513,324.5049527472836,311.5816393165124,314.9025573730469,116153900
2022-03-09,323.083178463384,327.59222652318823,320.492666216576,326.238525390625,64723400
2022-03-10,322.17737461373935,323.82322594560713,318.17473241246887,322.6156005859375,69362700
2022-03-11,325.58599640336917,325.8976436312633,315.4382027323931,315.9251403808594,66228400
2022-03-14,314.68832321154076,318.05792335040644,309.15671876755334,309.85791015625,79802600
2022-03-15,312.49711610809675,320.356297039955,310.8902277809926,319.5771789550781,76471000
2022-03-16,323.4921226654571,331.54605948186617,319.82059431746063,331.42919921875,105243000
2022-03-17,329.5302194874578,335.50008053791174,328.23497826217636,335.441650390625,67810000
2022-03-18,333.7859950907957,342.5995839728813,332.62708116075316,342.3074035644531,85446300
2022-03-21,341.472747390431,343.6959267738545,336.96785649515317,341.355712890625,73799100
2022-03-22,341.8530501225999,348.93213540233734,341.4727846671497,348.0643005371094,63345900
2022-03-23,345.1877678450262,348.7468006718368,343.00357038743124,343.06207275390625,70615500
2022-03-24,344.98300611896843,350.7359971556149,342.82808943729736,350.6872253417969,53555300
2022-03-25,350.628754377757,351.6818566630685,346.09464168165056,350.3947448730469,57584200
2022-03-28,350.3850238101714,355.9137370347705,349.1466836996103,355.81622314453125,56833900
2022-03-29,359.706787607232,362.5637631305597,356.93756565976406,361.9397277832031,68073000
2022-03-30,360.07729010507074,361.73493685192096,356.45975415978955,357.9418640136719,68757700
2022-03-31,358.08810376601923,358.43914777902,352.6666653724775,353.5052490234375,67011400
2022-04-01,353.76843451729144,354.54848586939283,349.65359965729533,352.8323669433594,54527800
2022-04-04,353.6710022659616,360.10653155542957,353.4077415692185,360.0967712402344,45950200
2022-04-05,358.64387783012603,359.3556963579886,350.96024898030936,352.1011047363281,62738700
2022-04-06,346.78690570881565,347.88874994745345,341.82375623495386,344.45648193359375,90077100
2022-04-07,343.4618804663998,347.4694713654982,340.0003612839966,345.2755432128906,63777400
2022-04-08,343.5399894735771,344.2907899167895,339.8151789357996,340.448974609375,61956100
2022-04-11,336.21703846727803,337.1336152464879,332.0534612200127,332.3947448730469,66107400
2022-04-12,337.14340927653535,339.0253050777088,329.61579631478435,330.99066162109375,72790200
2022-04-13,331.33193225146346,338.77179202700484,330.6103830960466,337.7187194824219,61367800
2022-04-14,337.806488782239,338.3232796419303,329.78157510501154,329.99609375,73519400
2022-04-18,328.9429702120827,332.541014798433,327.4218490584937,330.24957275390625,58560600
2022-04-19,329.6060677727792,338.20627468447685,328.5822463696504,337.6309814453125,56515700
2022-04-20,338.44025793889364,338.89854638294173,331.4879380302106,332.706787109375,65500000
2022-04-21,336.58757504715226,339.2007800342766,324.8963855304097,325.82269287109375,75801000
2022-04-22,325.9786995316237,327.1975484365031,316.86170377171504,317.2907409667969,82562100
2022-04-25,315.66247778354864,321.67870126362726,314.39485665747225,321.3666687011719,101755900
2022-04-26,319.3092199050992,319.49448735286336,308.963613047289,309.2366638183594,105819600
2022-04-27,309.3341078264783,314.8335686545843,307.1499399976415,308.8660888671875,111204200
2022-04-28,313.8292626421862,321.6689081461176,309.6071528246811,319.83575439453125,99450000
2022-04-29,315.6331629944997,319.07519153345316,304.8097774412421,305.4435729980469,91977900
2022-05-02,305.03408191383636,310.7773139819365,301.9333364994399,310.5433044433594,115511800
2022-05-03,310.5627233755148,313.16619791732444,308.10553451849023,310.874755859375,78185500
2022-05-04,311.3526238514224,322.05900716747675,306.06770977666855,321.3861999511719,116083400
2022-05-05,317.0665892987176,317.1445825595064,301.9040864058934,305.1998596191406,154607400
2022-05-06,303.2009206408079,307.2377334745027,297.5064313350277,301.54327392578125,139572800
2022-05-09,295.91708072920244,301.64079153746076,288.35045573531676,289.74481201171875,113387300
2022-05-10,296.9213785657699,298.1402275733702,289.17924728892785,293.26483154296875,124124600
2022-05-11,291.0026055726753,296.51179647167174,283.69927272156076,284.56707763671875,140326100
2022-05-12,280.2865723866947,288.3797191271689,277.83911368435355,283.89434814453125,120910900
2022-05-13,288.3504116807122,295.44898680711583,286.75126756774296,294.4154052734375,83684900
2022-05-16,292.67006291458443,294.7274958305589,289.7253339703702,291.002685546875,59190400
2022-05-17,296.86293184095814,298.9203350680612,293.06009841875874,298.5400695800781,62715300
2022-05-18,294.0253373880529,294.71763516349347,282.62666121076023,283.884521484375,79477100
2022-05-19,282.08071276977756,287.0536233934312,280.413305660472,282.36346435546875,79920700
2022-05-20,285.82504689670105,286.4783334710043,273.22700717925716,281.4859313964844,91764200
2022-05-23,282.5292035679818,286.54652518718103,280.130517022383,286.166259765625,63648400
2022-05-24,280.94956080281037,281.6613495391947,275.2160906284131,280.08172607421875,73491100
2022-05-25,278.5899391890219,286.07857192290606,278.3851808380714,284.00164794921875,67144500
2022-05-26,283.20204360932223,293.42088572276367,282.91926227102294,291.8704833984375,59462200
2022-05-27,295.0004856521635,301.54325911042497,294.88348090288605,301.3970031738281,66985600
2022-05-31,301.3677635987881,303.5714225615586,296.7458675248366,300.5974426269531,60968300
2022-06-01,302.7329042287562,304.85857019114184,296.1608785576662,298.3742980957031,65341700
2022-06-02,297.2529359659999,306.72094780932804,295.8390590524458,306.5454406738281,59291300
2022-06-03,301.32873605577254,302.7328525405804,297.321174666632,298.56927490234375,60914700
2022-06-06,303.0058404030601,304.5659729663611,298.0036796925584,299.5638122558594,51785000
2022-06-07,296.2388787114772,302.9279390628411,295.1467945129841,302.1478576660156,44900300
2022-06-08,301.3482242002919,303.95169883811553,299.1250447456459,299.973388671875,38342100
2022-06-09,298.2865584878625,301.3482924909619,291.7730348955325,291.93878173828125,55900500
2022-06-10,286.33200485314705,287.5216026829034,281.1933481148443,281.6418762207031,85963500
2022-06-13,272.7783790424765,275.3038303481986,267.68846493494067,268.5465393066406,94442000
2022-06-14,270.7405073348584,271.7155865820096,266.52815784547136,269.03411865234375,64697500
2022-06-15,272.45666788942674,279.6819792310972,269.71666771221135,275.7524108886719,86051400
2022-06-16,268.7220849855624,269.1803734200172,262.56933734329976,264.62677001953125,81910300
2022-06-17,265.3971150559349,270.2822725766157,263.76874905374996,267.8445739746094,82703400
2022-06-21,272.32582298826685,276.91751695179937,272.2183724003533,274.60211181640625,51633700
2022-06-22,272.10106431583864,278.6075778742547,271.50513702184077,274.2015380859375,67472900
2022-06-23,276.68296885301663,279.1351314700031,273.8498099068493,278.2851867675781,57457800
2022-06-24,281.1086454153192,288.2404252458299,280.8741860701197,287.8203125,58422300
2022-06-27,289.1782562499726,289.7448762013786,284.57681329074364,285.7100830078125,54151500
2022-06-28,286.2474363739082,288.83635773662206,276.81983905686894,277.0054626464844,61609800
2022-06-29,276.868623965582,278.7639161956807,274.3676253182003,277.2593994140625,57302700
2022-06-30,274.2797565986859,277.3962413473168,269.42429542287243,273.8205871582031,79313600
2022-07-01,272.5212545037234,276.01873573364435,270.64549022663914,275.6279602050781,56675100
2022-07-05,271.89594571604516,280.46381779289936,270.3719005317924,280.3465881347656,61829300
2022-07-06,280.72760032166383,284.24463896136103,279.0081525835329,282.1441650390625,63194700
2022-07-07,282.95505535271474,288.8851704287084,282.95505535271474,288.1817626953125,56620100
2022-07-08,285.34864650653003,289.91103377040923,284.410779227162,288.5433044433594,59895500
2022-07-11,286.1301292362572,286.3548094470882,281.4993794557012,282.3786315917969,55273900
2022-07-12,283.6292068067478,285.5440277206609,278.0507796846206,279.6432189941406,55797100
2022-07-13,274.1331390364809,281.41142421777437,273.56648934982684,279.0667419433594,73939400
2022-07-14,276.46814190675576,280.93282785688643,273.3516569493791,280.0633544921875,63741800
2022-07-15,283.0527977826054,285.2509435419721,281.4408003743285,285.1434631347656,63818100
2022-07-18,287.92777771278395,289.33459333825147,281.55805071888204,282.7303771972656,59519600
2022-07-19,286.35484062579235,291.7183358870412,284.7526523077867,291.42523193359375,55172600
2022-07-20,291.84537586095666,297.2283702220619,291.0637950490178,296.0462646484375,67769400
2022-07-21,296.50543554018043,300.3546353422184,293.8481203948282,300.2960205078125,55049400
2022-07-22,299.36785786813266,301.4389945456537,293.2032835855231,295.0301818847656,57127700
2022-07-25,295.0595223551205,295.52847082708666,291.3471105150622,293.349853515625,40582400
2022-07-26,291.649945827495,291.9039632943132,286.77495709106614,287.5858154296875,50074100
2022-07-27,292.14827638863636,301.4293376058184,291.5816264814941,299.73919677734375,69304400
2022-07-28,299.52413082374994,303.2463207869238,295.7726334519783,302.669921875,55139900
2022-07-29,304.21358001413796,309.0983477604255,302.7872063659575,308.18975830078125,57501000
2022-08-01,306.4215206914611,311.4626053389517,305.32733732256594,308.0041809082031,46358800
2022-08-02,305.7083674554013,311.2085917879975,304.6532407546723,307.0858459472656,48676500
2022-08-03,308.7661588173464,316.26918477093403,308.70754398924663,315.44854736328125,53735700
2022-08-04,315.5267304861252,317.2363994221369,313.37742046943487,316.92376708984375,38973700
2022-08-05,311.8338398925769,316.36688935371126,311.0522888933584,314.3348388671875,53894000
2022-08-08,315.253165518733,318.94604900385633,311.8533561934375,313.31878662109375,43878500
2022-08-09,311.42351504824404,311.67753254659243,308.1507440589596,309.7724609375,39764200
2022-08-10,317.10937327023964,318.7115915246145,314.63768179382663,318.4184875488281,51459600
2022-08-11,320.7436390274632,322.74638201295915,315.907706706425,316.6111145019531,45897700
2022-08-12,318.66269991315835,322.97106862108075,317.6076032036241,322.77569580078125,40928400
2022-08-15,321.82808994824325,325.8824417015116,321.80853179378624,325.3841857910156,38266600
2022-08-16,324.40716987211437,326.7127955861123,321.57401074568605,324.6221008300781,41186900
2022-08-17,321.48611386986494,323.7917099514796,318.8385482664983,320.9194641113281,47842200
2022-08-18,320.87067716301306,322.8734203319824,319.2587095130791,321.6913146972656,41937200
2022-08-19,318.6529637644111,319.307505970021,314.6571973673879,315.4192199707031,51770600
2022-08-22,311.1596525873153,311.3941118587516,306.30419307964644,307.11505126953125,51098900
2022-08-23,306.88070387876485,309.6943354187821,306.10890207657326,306.8611755371094,39497100
2022-08-24,306.3824848889392,309.5673640044263,305.7767782676721,307.750244140625,38057100
2022-08-25,309.5282266157888,313.21136113357704,308.48290881912897,313.1918029785156,38098300
2022-08-26,312.8987901588764,314.1004541746472,300.26678353831,300.3547058105469,69047700
2022-08-29,297.59962213751817,300.13970764196387,296.2905077976387,297.39447021484375,48321900
2022-08-30,299.045490832156,299.6609763455526,291.56202298100885,294.0825500488281,51184500
2022-08-31,296.98414748868214,297.8829580163024,292.2654742078937,292.3729248046875,50044000
2022-09-01,289.88164965146814,292.87112503757413,286.198545614143,292.4998779296875,57990700
2022-09-02,295.3721415907117,296.7496497152489,286.7554038657805,288.3674011230469,64666800
2022-09-06,288.8460984730638,289.7644372216003,284.16648248606504,286.2962341308594,57005400
2022-09-07,286.77492289275,293.0762547310282,286.5111263812026,292.07977294921875,49260400
2022-09-08,290.00871281546637,294.9130096733721,288.64098359356643,293.5941162109375,55649800
2022-09-09,295.8508029996289,300.51089008221203,293.5940428934957,300.01263427734375,56125200
2022-09-12,301.39018572177207,303.91071289251704,301.07755341422387,303.57855224609375,45905700
2022-09-13,294.8446371699583,296.036521967223,286.0423039368582,286.93133544921875,79562200
2022-09-14,288.07431078310657,290.08683286651126,286.3060271060787,289.20758056640625,54907200
2022-09-15,287.2927891078034,289.6960869236584,282.78901693148475,284.3912353515625,65299400
2022-09-16,281.0890596137106,283.04296659564545,279.0374513198282,282.6521911621094,79920400
2022-09-19,280.0087093607299,285.0098990588019,279.94998919789094,284.8533020019531,52613800
2022-09-20,282.34782262362853,284.8729092204194,280.2827604379443,282.5827331542969,51271100
2022-09-21,283.42431880099315,287.6915053174461,277.38570135757703,277.522705078125,82931000
2022-09-22,275.9959877236679,277.0040569805694,272.8836997112343,274.1070861816406,62757100
2022-09-23,271.6407409257336,271.93437162201394,266.22847995728023,269.6441955566406,74815200
2022-09-26,269.1744246394618,273.5394598688767,267.73572073603924,268.5284729003906,71176700
2022-09-27,271.89519684927933,274.2440929244973,266.31654253628193,268.6361083984375,69780100
2022-09-28,268.6165511000599,275.26199573338226,267.1387203397635,273.9798889160156,79652100
2022-09-29,269.98673614914634,270.3684471169324,263.11620753953764,266.0816955566406,81216000
2022-09-30,265.2596399080297,269.3310750937923,261.41331866420376,261.5699157714844,78482400
2022-10-03,263.34132464671006,269.30166083825475,261.8341039266455,267.70635986328125,61267400
2022-10-04,273.05012912728216,276.8279629865428,273.05012912728216,276.123291015625,66696900
2022-10-05,272.35517420126683,277.7674344696115,269.5560804393912,275.9764099121094,55766300
2022-10-06,274.9781134751825,278.129558122056,273.4806896755464,273.8036804199219,53489400
2022-10-07,269.16457737879426,269.2918143460594,262.0395760224377,263.3706359863281,71354700
2022-10-10,263.5663690250921,263.957876589574,258.026901375244,260.7379150390625,60393000
2022-10-11,259.0644097281753,261.93202131885954,255.47253281656089,257.1559143066406,66522500
2022-10-12,257.7920454441237,259.71030747132846,256.37293475983284,257.06781005859375,50580200
2022-10-13,249.7274761425017,264.4179127385428,248.846628785448,263.0966491699219,112894100
2022-10-14,265.4259172216151,266.0229154301057,254.60139707293033,255.1885986328125,77244300
2022-10-17,261.1587563065971,264.4863615743304,261.06087941416854,263.6153259277344,64576500
2022-10-18,270.6425133229995,271.30802855688756,263.01835861749873,265.7000427246094,69781000
2022-10-19,264.18297380767734,267.85313339964506,262.3625889866223,264.7310485839844,53115400
2022-10-20,263.8404266714654,268.9884468880424,262.21579559893996,263.38043212890625,60605500
2022-10-21,262.27455211951724,270.0944305591332,261.13924564715404,269.55615234375,77897700
2022-10-24,269.82032910449914,273.4513317035027,266.17952985624714,272.5215759277344,63963600
2022-10-25,273.4612333037385,278.54073815279423,271.98337235604004,278.1590270996094,59014500
2022-10-26,272.53137952198904,277.93387389821464,271.5233101517326,272.0126647949219,63492400
2022-10-27,270.89694777541763,272.3552150330736,266.5416795676331,267.0603942871094,57760300
2022-10-28,266.43398920628437,275.7023655835936,266.26759551733807,275.2325744628906,62651300
2022-10-31,272.98148378271475,273.80359562715165,270.11384417158934,272.0321350097656,47742000
2022-11-01,275.50668317358867,276.0645546736958,268.8905983822977,269.2527160644531,45895900
2022-11-02,269.2233922468771,272.28675771668276,259.95501222043714,260.0235290527344,79803100
2022-11-03,257.4103516237001,258.8686189743919,254.5623038761739,254.94398498535156,70038900
2022-11-04,259.87667816224507,260.93367106003626,253.56399125615113,259.0447692871094,78313200
2022-11-07,260.09197040072013,262.43109972978385,257.95839150889293,261.8927917480469,47333800
2022-11-08,263.4098223217411,267.04082528231476,259.86686974183834,263.8013000488281,63213800
2022-11-09,262.05918585199794,262.84214126755995,257.42988056763846,257.7137145996094,64862100
2022-11-10,270.1335804813157,277.02367288285944,268.0195646758968,276.7300720214844,99256700
2022-11-11,276.5441375836308,282.494707717876,275.20331042674405,281.82916259765625,66961800
2022-11-14,279.77383416051316,283.0525163828222,278.3840836407675,279.36279296875,55290700
2022-11-15,285.9886362575642,287.01629894350947,279.8814997818295,283.22869873046875,73985400
2022-11-16,281.2712881054512,283.316787016794,278.5406807173853,279.36279296875,48859800
2022-11-17,274.8998951294449,280.224076540188,274.74329804467715,278.7462158203125,55462100
2022-11-18,281.76065691896605,281.8585039624073,276.30923852006174,278.7560119628906,53588600
2022-11-21,277.3661973666616,278.5210671212513,275.05645785748214,275.88836669921875,40083500
2022-11-22,276.62241305758806,280.0185056820932,274.48880406730166,279.8619384765625,41873400
2022-11-23,279.8814796066075,283.2971652604871,279.7053191135454,282.6708068847656,46390000
2022-11-25,281.0754895033235,281.78016130189496,280.3218941932843,280.8112487792969,15498800
2022-11-28,278.8342938811036,280.8504327963469,275.76116198681456,276.69091796875,38714200
2022-11-29,276.91600224715586,277.31727663055284,273.22627906494904,274.5964660644531,35618900
2022-11-30,274.8607064926113,287.22180929264937,274.0092342106235,287.1141357421875,74718100
2022-12-01,287.43719264437476,289.45333180530713,284.68702136559284,287.466552734375,51547300
2022-12-02,282.39677681264686,287.2022428390406,282.2205864471839,286.3213806152344,53583200
2022-12-05,284.19758384085077,285.4698938607277,280.05763314961825,281.51593017578125,41482100
2022-12-06,281.3593004278178,281.49630416938044,274.29301959119425,275.6827697753906,53937600
2022-12-07,274.49859184458353,276.55388729782686,272.8445707786554,274.55731201171875,45614300
2022-12-08,275.90791188562,278.7755226497414,273.8330531775481,277.8066101074219,42594900
2022-12-09,276.78872099466156,279.5584845017971,275.59469468581307,276.0351257324219,47860500
2022-12-12,276.2113676519847,279.55856693685723,275.1739380789546,279.49981689453125,35732500
2022-12-13,290.334067852014,290.55918171240603,279.822740976595,282.50439453125,80667700
2022-12-14,281.91716375767555,285.205642091824,277.1606515400771,280.40997314453125,64984400
2022-12-15,276.31896272447955,276.9845076979305,269.8007855608975,270.99481201171875,60554100
2022-12-16,270.3194442500743,271.8559947174888,266.8058525718606,268.41094970703125,68300400
2022-12-19,268.68081660488616,268.7691077283645,263.40274989066353,264.6388854980469,44167900
2022-12-20,263.47138883115707,266.17910261112206,261.89190908573653,264.4328308105469,51064200
2022-12-21,265.4728236156343,269.5736160520832,264.6291028618082,268.2688293457031,46394700
2022-12-22,265.25694062467517,265.3844822211629,257.48699279714367,261.7055358886719,60278400
2022-12-23,260.4399551404093,262.9612667355134,258.53671128427175,262.29412841796875,39373600
2022-12-27,261.6859141666788,261.79384550184756,258.04621805429747,258.5857849121094,38009000
2022-12-28,258.1835139976111,260.43992202376086,254.80869212138504,255.1716766357422,47139000
2022-12-29,257.97755858121246,262.3334341027717,257.281019685006,261.3916320800781,45893600
2022-12-30,258.6249860783853,261.3621302042253,257.3201997757236,261.2345886230469,37858300
2023-01-03,263.55969075063524,265.0312691802193,257.16324062153893,259.4687194824219,42335300
2023-01-04,261.5878356449477,262.38248572216736,257.55569456855136,260.7048645019531,47754900
2023-01-05,259.0371291418901,259.2038913128683,256.3098041930102,256.62371826171875,45396700
2023-01-06,258.3600712373581,264.825200851375,255.40709489618297,263.706787109375,54659700
2023-01-09,265.698362985666,270.07387749944996,264.8056318006044,265.41387939453125,45568700
2023-01-10,264.38378077930986,267.76842326727916,263.8736443498317,267.6604919433594,35247800
2023-01-11,268.7298816623899,272.3990079906392,267.94502179315026,272.29107666015625,44077000
2023-01-12,272.8502932331982,274.7927877956512,268.5532788594756,273.7626647949219,60600000
2023-01-13,271.2610858249179,275.8916560101724,270.92753148208715,275.6463928222656,44802900
2023-01-17,275.4500758501751,277.4906816399172,274.2826210808861,276.20550537109375,36269700
2023-01-18,277.7456912937367,279.2957706324418,272.40879453707197,272.61480712890625,47754500
2023-01-19,270.9863484502432,272.1243730509048,268.700509081747,269.9366149902344,44150400
2023-01-20,271.54547015302177,277.65740672300205,270.48591691995296,277.3238525390625,60613600
2023-01-23,278.1676364893102,284.7112399513532,277.3729863530123,283.48492431640625,52799900
2023-01-24,281.86618418380607,284.06373214711186,281.34622756965445,282.9060974121094,44875100
2023-01-25,278.3931793538839,282.89620547785677,275.85225768162934,282.2781677246094,50872000
2023-01-26,285.70209498809857,287.9585036418443,283.0532414038365,287.78192138671875,51596300
2023-01-27,286.46731345608214,292.608711331998,286.3495919531761,290.6466064453125,56441900
2023-01-30,287.37962205125564,288.8021597580297,284.39724483353893,284.77001953125,49405800
2023-01-31,284.80932516364925,289.13576992110575,284.70142376852044,289.03765869140625,46705100
2023-02-01,288.8316615869483,297.680744097422,286.7616253046277,295.21832275390625,67562200
2023-02-02,301.74226802673496,307.7364833067937,300.9181876739908,305.8136291503906,83070600
2023-02-03,299.16219692383197,306.47105112833435,298.76978185243973,300.3786926269531,76170800
2023-02-06,297.75923649741816,300.11375637228986,296.49367046317866,297.83770751953125,40802300
2023-02-07,297.7100852201123,305.13665738471235,296.59170130689733,304.0084533691406,67584000
2023-02-08,302.6939687038487,303.6357707891918,297.91624747235653,298.60296630859375,56720900
2023-02-09,302.9881743981649,303.13532624833186,294.5118984958231,295.9638366699219,49137800
2023-02-10,293.80556011389376,295.8559558737562,291.6178026580942,294.0213928222656,50050100
2023-02-13,295.4242966291426,299.31907562567426,294.2470218426378,298.7304382324219,39636700
2023-02-14,297.1509876493258,301.88945775685835,295.2084930417475,300.9378356933594,64079100
2023-02-15,299.1228844068346,303.41007879995976,298.43616565913834,303.2433166503906,43100600
2023-02-16,298.61271491031835,302.5859648965573,297.40600975851845,297.55316162109375,59498600
2023-02-17,295.3654442309807,296.2091348983239,292.4517174944119,295.4537353515625,58230700
2023-02-21,291.6276109184507,293.06975897051757,288.32146951851234,288.45880126953125,46526700
2023-02-22,289.0376672323923,290.74468891009906,287.01670158610773,288.6746826171875,51389200
2023-02-23,292.3241881717645,292.4811601502825,287.0068709295869,291.19598388671875,69294400
2023-02-24,286.2318077691083,287.41887258258424,284.5541869020419,286.3200988769531,74332000
2023-02-27,289.4791077993854,290.87218529190994,287.7818765512934,288.3705139160156,48995000
2023-02-28,287.7426280027074,290.5092026778838,287.4090738129779,287.9977111816406,48243100
2023-03-01,287.70343010420504,288.36071843177893,284.70141222109334,285.6824645996094,58287000
2023-03-02,283.1906219892063,288.85128421092963,282.90610837742537,288.04681396484375,53565900
2023-03-03,289.7930467854235,294.23721240743714,289.2828804396578,294.0017395019531,60511500
2023-03-06,295.2378779090162,298.23989551477433,294.13910413688774,294.3352966308594,56736300
2023-03-07,294.3844034004965,295.3065950596229,290.11681943570414,290.7250671386719,65955800
2023-03-08,291.14690948879917,292.7754600628296,289.29273602432113,292.1770324707031,50876300
2023-03-09,292.6773265199897,295.2771391289466,286.3004864167267,287.1147766113281,71456700
2023-03-10,287.2815134618591,288.7727320236621,281.9347967324263,283.0826110839844,98593600
2023-03-13,281.29716972593775,288.890505837308,279.7863406238493,285.18212890625,97123600
2023-03-14,288.7335168501078,292.28492159284906,287.8898261938066,291.73553466796875,73602500
2023-03-15,289.1259187355792,293.59951488700585,287.68377063812324,293.2659606933594,83631500
2023-03-16,292.35366392965665,301.3597192773482,291.55901374835145,300.9967346191406,98198100
2023-03-17,300.90840459728173,303.29235483313954,297.6218729463031,299.57415771484375,89923700
2023-03-20,298.9571102988408,300.9615338726046,296.74632519208114,300.6372985839844,56359500
2023-03-21,302.57298738561116,305.3831267141838,301.0598192933136,304.93115234375,49757000
2023-03-22,304.8623321401105,309.75554713715763,300.61764766949733,300.78466796875,75791900
2023-03-23,304.51842966489943,308.67468596990665,301.65914434252295,304.35137939453125,74576000
2023-03-24,303.9289137231987,305.5697907431197,301.6002249076024,305.4715576171875,57195200
2023-03-27,306.16916043212996,307.24999463812065,302.52383005099284,303.378662109375,50287400
2023-03-28,302.79896011565387,302.8284360503004,299.45819426535354,301.7672424316406,48585900
2023-03-29,305.46166531424655,307.888616788622,304.6461146242029,307.26959228515625,53274300
2023-03-30,309.74573634032066,310.8069300312133,307.3580955143523,310.1780700683594,58354800
2023-03-31,310.40408157810003,315.5724158551526,310.0994868949584,315.3365783691406,62138100
2023-04-03,313.2142372606845,314.8355038670899,311.88779001645594,314.5701904296875,47126800
2023-04-04,315.01233543509,316.0243825803943,312.2905939967629,313.5090026855469,45875400
2023-04-05,312.5559386818872,313.499198740395,308.5961775150166,310.4139404296875,62795700
2023-04-06,308.76315067670646,312.99802996310086,307.36791642622194,312.5067443847656,46916500
2023-04-10,309.5786774713476,312.3790110473827,307.79039090860914,312.3298645019531,45134700
2023-04-11,312.29058179328797,312.34956365032986,309.81451323953195,310.325439453125,40113600
2023-04-12,312.28079572849316,312.87034446403476,307.12229676746927,307.5841064453125,62813300
2023-04-13,309.3429139101412,314.0789148450452,308.1638463235502,313.6072998046875,54613800
2023-04-14,312.05473924440327,314.7764502848593,310.10923775139554,313.0176696777344,56278300
2023-04-17,312.60504344461145,313.6367612691698,310.53183245876653,313.28302001953125,43007000
2023-04-18,315.39552430525794,315.81805271629645,312.1039347277602,313.3026428222656,46746900
2023-04-19,310.8953715658276,314.2164671752397,310.7676325061279,313.1552734375,38960100
2023-04-20,310.18786478954866,313.70545604121475,309.4804124167507,310.767578125,62462100
2023-04-21,310.40407605124466,311.86809756580624,308.6256245513953,311.09185791015625,59002300
2023-04-24,310.8658883218899,312.20217079199995,308.2718859001082,310.4433898925781,44043100
2023-04-25,308.8122931475804,309.48043432872635,304.48898611246517,304.58721923828125,57121600
2023-04-26,307.9770920863072,309.4509487559447,305.91368675167655,306.4344482421875,55400500
2023-04-27,310.1976828367422,315.26772290973327,309.5589876855451,314.7666320800781,65430400
2023-04-28,314.53082960959074,317.02656867243917,313.4008788087435,316.9381408691406,59712600
2023-05-01,316.4762913457394,317.9894590891621,315.4937203409146,316.5745544433594,41013400
2023-05-02,316.5058341595277,316.83009945162763,312.07442839591636,313.8135986328125,56519400
2023-05-03,314.17709565364254,316.8496901296234,311.6518808391574,311.7599792480469,59882100
2023-05-04,311.5340186637454,312.68364014813113,309.62782815897486,310.6595458984375,50224500
2023-05-05,312.91944287304113,318.1172527776651,310.6988224251613,317.2624206542969,51806100
2023-05-08,316.80048574145576,318.3922456156883,315.71965188065565,318.04833984375,36465800
2023-05-09,316.3879214383984,317.2525888785496,315.7197802294426,316.0342102050781,31768800
2023-05-10,318.47096377915307,320.3280376891628,315.99489521816594,319.47320556640625,60446600
2023-05-11,320.0234543863166,321.0551421602665,318.470975085948,320.5147399902344,44278500
2023-05-12,321.045269963454,321.4677983234003,317.31151179697923,319.3650817871094,48432800
2023-05-15,319.8367619635715,321.33025939765366,318.3137586071263,321.0944519042969,33375600
2023-05-16,320.3772038752881,323.16770284039325,320.3378926262874,321.4580383300781,40019200
2023-05-17,322.51918892551805,325.9287124831827,321.34012137518226,325.3489990234375,47486100
2023-05-18,325.7420001513761,331.6079515358574,325.72235952182035,331.39178466796875,64213500
2023-05-19,331.608011864189,332.31546447092063,329.5839171810372,330.6451110839844,61554900
2023-05-22,330.3894914879063,332.76732644934293,330.3796561827026,331.7552795410156,43015900
2023-05-23,330.03586072499985,331.18545225778513,327.19621551255364,327.5499267578125,48216700
2023-05-24,325.5946017325634,327.10776972072495,323.8161503250398,325.8697204589844,62891200
2023-05-25,333.22919419234955,335.0665974450739,330.8022422525077,333.799072265625,66862800
2023-05-26,334.82099101587556,343.1630113895212,334.72272789307027,342.32781982421875,63007000
2023-05-30,346.56267972749924,347.76141779152016,342.45553930603324,343.8802795410156,72652200
2023-05-31,342.2983696963661,344.48951455879416,340.4708014143021,341.92498779296875,65105400
2023-06-01,341.66950478011034,347.2013556198988,340.618146366898,345.8749084472656,50488600
2023-06-02,347.63371099284564,349.62832951547506,345.8749299704865,348.4689025878906,53372100
2023-06-05,348.2526679224413,351.26916839727164,347.6827898779061,348.7144775390625,47266200
2023-06-06,348.10531064293906,349.61847863088633,346.77883357493243,348.6555480957031,41390400
2023-06-07,348.9405001234873,350.8958071324031,342.1116185813994,342.740478515625,69225900
2023-06-08,343.0352647572386,347.4568353146323,342.8092925640385,346.9950256347656,47153900
2023-06-09,348.44918068622377,351.4263698061211,346.87706098911235,348.3214416503906,53196900
2023-06-12,349.9821083073586,354.3054164571555,349.0093722197216,354.2071533203125,44606500
2023-06-13,356.9582479049561,357.76393338304973,353.75505666181834,356.92877197265625,57097800
2023-06-14,356.93859927498477,359.8077201335218,354.1382955769709,359.52276611328125,69525600
2023-06-15,358.2552423852553,365.2904552167826,357.63624776639995,363.8067932128906,71138800
2023-06-16,366.2239501258424,366.35168918348165,361.0752864749284,361.5174255371094,80932000
2023-06-20,360.0652033270036,362.3970867681533,358.0383324018878,360.9999084472656,49204700
2023-06-21,359.85850638708854,360.2914331262993,355.1553750173207,356.08026123046875,53378300
2023-06-22,354.8306366924045,360.4389557579823,354.4272263868206,360.28155517578125,47603000
2023-06-23,356.38528138026277,359.01235823948906,355.01764962720034,356.7099914550781,48922900
2023-06-26,356.1786991600499,358.9730256828377,351.8396125090522,351.92816162109375,52685500
2023-06-27,353.4729120940555,358.70736854848366,352.7448216192728,357.979248046875,49428100
2023-06-28,356.15902609665824,360.62599693384084,356.080295758173,358.6778564453125,46498000
2023-06-29,358.3827032741928,359.02227474616666,356.3164970709315,357.9596252441406,46151000
2023-06-30,361.63944672812863,364.53217123255274,361.32461544214715,363.4794006347656,58712500
2023-07-03,364.11886379574565,364.9650196119277,363.03654703228636,364.3353271484375,19432900
2023-07-05,362.77089140209085,366.02766038802605,362.73152624064664,364.3254699707031,34460900
2023-07-06,360.6161981933694,361.9936789251152,358.6581787702323,361.5509033203125,49374700
2023-07-07,361.32456403843355,364.5223006013329,360.1241817275953,360.3504638671875,47133700
2023-07-10,360.0749443133993,361.1474122875821,357.5659631843357,360.468505859375,48498800
2023-07-11,360.89166814029903,362.70207554585426,358.7565506409738,362.2494812011719,38214100
2023-07-12,366.3524150781026,368.1726713240019,364.34521181075905,366.82470703125,61975400
2023-07-13,370.0027017557936,373.8793447436065,369.4221931900927,373.0528564453125,46960000
2023-07-14,373.48577863924965,376.70318269282194,372.0984493610609,372.9741516113281,55148500
2023-07-17,373.6923742197424,377.3328860436692,373.21026358279346,376.4571838378906,40868900
2023-07-18,375.8176832280745,380.9045575398771,373.8892104448696,379.5368957519531,55262000
2023-07-19,380.59953211345845,381.74088168868525,378.12003716399835,379.4483337402344,54093000
2023-07-20,376.45725746507355,377.92331728400615,369.67807074965657,370.70135498046875,71941700
2023-07-21,373.08240858363587,373.8105290801638,369.15658128362156,369.5895080566406,60499600
2023-07-24,370.56358341647297,371.508137285771,368.32024921012385,370.17987060546875,40380100
2023-07-25,370.88825382019803,374.351637654843,370.8685562243706,372.6888122558594,38894400
2023-07-26,371.6459230276656,373.1414692474909,369.1467601103594,371.4491271972656,47075700
2023-07-27,376.90988870145145,378.52350037664377,369.27466704180216,370.5635986328125,63940200
2023-07-28,374.6173045040131,378.33651706389406,374.1056774417926,377.3132629394531,56902900
2023-07-31,377.61825646242045,378.69072449832686,376.19156199597427,377.510009765625,44019900
2023-08-01,376.1620464793932,377.3919451508952,374.56810260541835,376.63433837890625,41060600
2023-08-02,373.1610646580883,373.1610646580883,367.1296374326257,368.369384765625,72687100
2023-08-03,365.95888787007584,369.90441323584355,365.7916084042258,367.7791442871094,47666400
2023-08-04,369.7075205928436,372.0197359751691,365.55538170207865,366.05718994140625,61702800
2023-08-07,367.86762374671235,369.2549530766585,365.53574062735606,369.15655517578125,37230400
2023-08-08,366.6475447598164,366.6672123277019,362.88896744301724,366.017822265625,44726500
2023-08-09,366.3031915996586,366.4606222337156,361.23601504991956,361.9936218261719,51150900
2023-08-10,365.0044211596802,368.33989085090377,361.13762681764416,362.6626892089844,72035300
2023-08-11,360.10448413157985,362.0821708144487,358.82540151714943,360.3504638671875,48707200
2023-08-14,359.5535445797935,364.51250518335536,358.83530286380505,364.3944396972656,42130800
2023-08-15,363.42028192294197,364.21728388168873,359.8585001971934,360.527587890625,45539900
2023-08-16,359.9864284102872,361.5213395998945,356.6115935528061,356.7099914550781,53190500
2023-08-17,358.1071176846967,358.4514953081847,352.4004000236627,352.8136291503906,62604300
2023-08-18,349.54703769092396,353.63029511668526,349.0058642803443,352.3708801269531,61191400
2023-08-21,353.83692384755506,358.72700217281374,353.3744807454022,358.048095703125,50696500
2023-08-22,360.6554747243955,360.6653235223592,356.84771323850873,357.5364685058594,44530200
2023-08-23,358.7171646756477,364.2664820763043,358.5007013012925,363.17431640625,51770600
2023-08-24,366.6475611373719,366.7459290080147,355.20457928175483,355.41119384765625,66842500
2023-08-25,356.24754426125236,359.85851002139935,352.8136466802501,358.1661682128906,69960500
2023-08-28,361.0884037220295,361.7968265629238,358.392475423515,360.86212158203125,40910000
2023-08-29,360.66532013496044,369.0975125611246,360.3406401002619,368.7432861328125,58492400
2023-08-30,368.85157266254214,371.38025178904996,367.847956029626,370.7997131347656,41731500
2023-08-31,370.87845704471937,373.61375086117255,370.8095755033072,371.91156005859375,35730700
2023-09-01,374.28275412084383,374.7058320533503,370.0322171464116,371.5179443359375,39801200
2023-09-05,370.7111217591785,373.21028423077263,369.78623556953715,371.990234375,32344200
2023-09-06,371.2129381611802,371.5573157971025,366.70660260739953,368.7137756347656,42998700
2023-09-07,364.25658739214424,366.8541475571886,363.2136358180395,366.07684326171875,52060700
2023-09-08,366.0276900079968,368.82201616025327,365.6242796443045,366.5885009765625,35800100
2023-09-11,369.6190274535924,371.4195860717581,367.65118938805244,370.907958984375,39936600
2023-09-12,369.2352044346768,370.8882108711506,366.5097601154198,366.79510498046875,41391000
2023-09-13,367.0312741386667,369.79608390633206,365.899773384144,368.1922912597656,46300700
2023-09-14,369.94364900319135,372.1869828419729,367.8774433826772,371.20306396484375,48039400
2023-09-15,369.86497753312017,370.26838790740453,363.9122498464243,364.84698486328125,69811200
2023-09-18,363.9069387117155,366.34073749059183,363.621180779056,365.227294921875,36903500
2023-09-19,363.90701727140873,365.24706980851767,361.4239327569058,364.4489440917969,37621700
2023-09-20,365.51307505644786,365.86778417760956,359.1181771883691,359.197021484375,45514200
2023-09-21,355.5119023637014,356.30019516062777,352.44749868835635,352.614990234375,69734800
2023-09-22,354.3590373875739,356.4972156395276,352.34892851338105,352.66424560546875,51589700
2023-09-25,351.698581571032,354.4280017936402,350.71323825781116,354.33929443359375,39168000
2023-09-26,351.75762420154206,352.2995809495682,348.0330284804765,349.01837158203125,53657700
2023-09-27,350.171286287333,351.74784148919474,346.21018720799054,349.8362731933594,56066000
2023-09-28,348.91986332461573,354.89107073347196,348.0626195587254,352.7627258300781,56453300
2023-09-29,356.24101262154477,357.6303502343073,351.78724181658674,353.0189208984375,64829600
2023-10-02,353.28492294241755,357.36422773350404,352.6740150326164,355.9650573730469,51625100
2023-10-03,353.52142785074375,355.7187539856784,348.1020403157793,349.718017578125,60478500
2023-10-04,350.5555569297421,355.3246146472607,350.0924443998235,354.47723388671875,54786700
2023-10-05,354.46733754416096,354.87133184681437,349.934783079885,353.4327392578125,45897400
2023-10-06,350.4373310951315,360.54696275822704,349.64906850019884,359.3547058105469,75049100
2023-10-09,356.98986686898144,361.72936575371153,355.49215587280247,361.18743896484375,45304800
2023-10-10,361.52242014626063,365.8382282460928,361.0199155536051,363.1876525878906,46968800
2023-10-11,364.5178452299844,365.96630085500436,362.7934947273552,365.7790832519531,38215100
2023-10-12,366.2816313728331,368.26215071816847,362.1136188933288,364.50799560546875,49587900
2023-10-13,365.13865214466296,365.72000104859404,358.5269773449452,359.9261779785156,52469900
2023-10-16,361.2465200321077,365.0499604297053,361.0987245658137,363.9956359863281,44201100
2023-10-17,360.4483905820312,364.498166736826,358.32990873374644,362.8033752441406,50999100
2023-10-18,360.31043565965376,362.51759464886226,356.7139091781102,358.04412841796875,54280500
2023-10-19,359.4631506060722,360.65540779079737,353.89596598797755,354.694091796875,72274200
2023-10-20,354.19146355083643,354.7629794547473,349.17607019624336,349.4027099609375,72559700
2023-10-23,348.08238082629725,353.99444057612124,345.9737317484537,350.4570617675781,60665200
2023-10-24,352.27002096344273,354.63483838710295,350.57522963026736,353.86627197265625,47082100
2023-10-25,351.4719998022708,351.6493543958834,344.6238512027196,345.2052001953125,71190500
2023-10-26,344.0030743187561,344.93916255325956,337.3323104943421,338.62310791015625,78621400
2023-10-27,341.35245046408454,343.7271312742948,339.03688784248624,340.2488708496094,63476700
2023-10-30,342.731872340221,345.40217375363477,341.37212414070797,344.0818176269531,55298500
2023-10-31,344.1114087821121,346.10179117581265,341.5396474517011,345.72735595703125,47671900
2023-11-01,346.5648998076941,352.28974120081546,346.4663594769629,351.72808837890625,58992700
2023-11-02,356.2410129874096,358.3496319411529,355.0191668891615,358.1131591796875,58162400
2023-11-03,359.40394905155324,363.6113538875242,359.17730927962293,362.320556640625,53280500
2023-11-06,363.08916607803803,364.3602674355303,361.53233679599015,363.7986145019531,38848700
2023-11-07,364.8430199017285,368.1045035244266,363.6408999815297,367.2374267578125,50777400
2023-11-08,367.611839886679,368.3114552322413,365.1879039548286,367.4739074707031,35663400
2023-11-09,368.1636480202756,369.30661967147313,364.15329397571884,364.6459655761719,53859400
2023-11-10,366.3703126733044,372.9918201228677,365.8382189302241,372.8440246582031,58309800
2023-11-13,371.26750810516944,372.735659990496,369.74020795754484,371.68133544921875,40733500
2023-11-14,378.08603032361884,380.59867352227815,377.56379963116063,379.6822814941406,67792600
2023-11-15,381.5741623572847,382.066833967817,378.6082696393877,379.9680480957031,54141400
2023-11-16,379.1994663227181,380.52968563166974,377.93822825333365,380.293212890625,45343500
2023-11-17,379.5640452781013,381.3967992648441,378.6575463743563,380.38189697265625,46571900
2023-11-20,380.3917383769215,385.6731936771707,380.3917383769215,385.01300048828125,44429600
2023-11-21,383.30833882456994,383.52511551496383,381.03219861057687,382.7762451171875,43337000
2023-11-22,384.8455217423324,387.30887987612056,383.3379477672656,384.3429870605469,44121000
2023-11-24,383.93895779702086,384.53016970941434,382.8058191726008,383.801025390625,15718800
2023-11-27,383.30837541200384,385.4169942650287,382.58906403651775,383.4660339355469,34139700
2023-11-28,382.71719000412895,385.05244878485433,382.3624507839871,384.4710998535156,35491100
2023-11-29,386.9344117928961,388.3631714173632,383.751742528822,384.09661865234375,38811700
2023-11-30,384.36266043959097,384.82577294425124,380.16511887488576,383.1309814453125,52834400
2023-12-01,382.0668274225255,384.8159433818808,380.4114580563647,384.2247314453125,40490100
2023-12-04,380.43116662675254,380.93370129993264,377.05144654193924,380.6578063964844,51186900
2023-12-05,378.75612737344005,382.8058739225098,378.57874272515113,381.6136169433594,42933000
2023-12-06,384.5498955042343,384.64843584230624,379.061556510073,379.4064025878906,41994100
2023-12-07,382.3822151261314,385.53529592001473,381.28846833082054,384.7076110839844,49593500
2023-12-08,382.9733871316722,386.865475058335,382.7861695022315,386.4220886230469,46687500
2023-12-11,385.998334821996,389.9889928166888,385.7914211700645,389.7229309082031,41198000
2023-12-12,389.76237955300553,392.9450491247109,388.629240812153,392.8268127441406,39221200
2023-12-13,393.7628698170913,398.4333872596561,392.99430327502,397.8224792480469,55408100
2023-12-14,399.04432278440584,400.3449530293757,394.47231564117436,397.4776306152344,55447800
2023-12-15,398.25601558992724,400.58144122653687,397.6549706592437,399.3990173339844,62896600
2023-12-18,399.7919595715153,402.8131297549099,399.4661600981629,401.9146728515625,46610000
2023-12-19,402.3689135561145,404.0868258236816,402.18132197168427,403.9683532714844,35711900
2023-12-20,403.1686661424769,405.261761748819,397.7878062939968,397.96551513671875,54042400
2023-12-21,401.8949646280869,402.96127778271716,399.3378317905533,402.595947265625,45568900
2023-12-22,403.810370446538,404.76806372836126,401.3223565171198,403.1982421875,34314000
2023-12-26,404.05721193539733,406.3378989802427,403.9584747640765,405.6665344238281,22722500
2023-12-27,405.94901477517436,406.77878889770113,405.08957679300846,406.4923095703125,31980500
2023-12-28,407.6481227170023,407.8950804007767,405.9391646926511,406.2947692871094,27029200
2023-12-29,406.27496845803023,406.630603150487,402.61998317509017,404.536376953125,42662100
2024-01-02,400.901215216287,401.14817289593526,395.3693571629253,397.6907653808594,58026900
2024-01-03,395.06307891170303,396.1200648735102,393.0479262220972,393.4825439453125,47002800
2024-01-04,391.6155455191611,394.72720572135296,391.24016508689874,391.4574890136719,39432800
2024-01-05,391.6254768256185,394.6976157049845,390.52896911808637,391.92181396484375,44922800
2024-01-08,393.14671066359654,400.30848287458235,392.99854209536767,400.02203369140625,42473800
2024-01-09,397.0189598396544,401.7407884234155,396.82138168119303,400.8122253417969,39132900
2024-01-10,401.12841775635377,404.5364155681049,400.2393761596448,403.5288391113281,33962800
2024-01-11,404.80311712160767,406.195961909604,399.3206391076395,404.36846923828125,54536200
2024-01-12,405.40564072122305,406.2453026952425,403.18302204386305,404.57586669921875,39595000
2024-01-16,403.3411103666014,406.11691194429363,401.87911022418587,404.536376953125,43903000
2024-01-17,401.22722485499827,402.6299276236626,398.0167749505994,402.2545471191406,54386000
2024-01-18,405.5242597758291,408.5470193930794,404.1808244553629,407.9642028808594,59562500
2024-01-19,410.1670120974889,416.21253038631954,409.58419567643597,416.0544738769531,70325100
2024-01-22,418.2573876461551,419.5613313657799,415.9952469706817,416.59783935546875,44880600
2024-01-23,417.2892673649532,418.54383150320854,415.4519169444807,418.3265075683594,33003800
2024-01-24,422.2383417474242,424.6190172669874,420.1540033688027,420.6479187011719,46948000
2024-01-25,423.1471402830395,423.81888806396256,418.820467179713,421.16162109375,44367200
2024-01-26,419.27483445736374,421.02328381753233,418.0005245054045,418.6524963378906,37137000
2024-01-29,419.10693966612337,423.13730599084306,418.45496775635394,422.9397277832031,38694700
2024-01-30,421.90247237056735,422.47540087743624,419.2155718239364,420.1243591308594,36739000
2024-01-31,415.72853974147705,417.7239468242111,411.7179496692199,411.895751953125,64010600
2024-02-01,413.69357879209707,417.2398869717804,412.7254939669641,416.7459716796875,51008600
2024-02-02,418.64262610680913,425.0042580366374,417.6449376290023,423.78924560546875,59602400
2024-02-05,423.84853420729877,424.3819410907607,419.8280559423624,423.236083984375,39889200
2024-02-06,424.38197351606397,424.9845659772475,420.0454120005449,422.3865661621094,35846100
2024-02-07,425.1722423676001,427.56277593245227,423.8682985252067,426.7330017089844,37712700
2024-02-08,426.85147614203305,428.28384260422365,426.16990074649345,427.5232238769531,29889900
2024-02-09,428.65927564991955,432.5216974781875,427.8690231128558,431.7314147949219,36943900
2024-02-12,431.6227409321858,433.7959804927143,429.3606002277538,430.0422058105469,33203300
2024-02-13,422.08027429051936,426.0217088939476,420.15399248569577,423.3348083496094,64491700
2024-02-14,426.0118584018304,428.3727579939155,423.66081661689094,427.947998046875,45092700
2024-02-15,428.63947359393467,429.68657163381835,426.0809657732135,429.2222900390625,38796100
2024-02-16,429.5976661604037,429.6964251039184,424.6189914716384,425.3302307128906,53716500
2024-02-20,423.3347938450996,424.8461734653688,418.346261346787,422.1197814941406,53999500
2024-02-21,419.3835049137998,420.51953431757676,416.49905619784107,420.43060302734375,49779000
2024-02-22,429.2025325203063,433.7761932856845,428.43202581368143,432.7389831542969,53887800
2024-02-23,434.299791160708,435.2283544944071,430.4867788660651,431.4647216796875,39853900
2024-02-26,432.27469754338847,433.26252819127274,431.0497670405967,431.2374572753906,33043200
2024-02-27,432.34387462219166,432.6599575342669,429.7359871107177,432.27471923828125,33713200
2024-02-28,430.13114003503347,431.3560706752658,429.0148864542858,429.97308349609375,32938800
2024-02-29,432.89706552748044,434.73441618907316,429.7261072238398,433.6576843261719,42495200
2024-03-01,434.54669033889377,441.1453917460865,434.48742291248533,440.18719482421875,43853000
2024-03-04,440.1871630922779,440.6119531458478,438.3695584723158,438.61651611328125,34325700
2024-03-05,435.5740364808058,435.58392443380023,428.3727428120302,430.7435302734375,57917100
2024-03-06,434.9616055413098,436.61126586958386,431.5733535962779,433.4502258300781,46234500
2024-03-07,437.03607945304515,441.2837394812956,435.4950357987029,440.0292053222656,44526700
2024-03-08,440.38480818808466,443.1803859905229,433.00571154880004,433.67742919921875,72096000
2024-03-11,432.18579559632065,433.3217948100284,430.1409789239274,432.0672607421875,45860000
2024-03-12,434.3788187851117,438.6165909215912,431.14859299678636,438.260986328125,55300900
2024-03-13,437.2632129690602,437.2829888748034,433.7761721257406,434.8924255371094,37928700
2024-03-14,436.12722530080464,436.6507743314446,431.0794252267283,433.79595947265625,52195200
2024-03-15,430.76332575224257,433.52923955852765,427.4738327526326,428.6394958496094,73069800
2024-03-18,433.96405176519625,436.2489556354407,432.4902172279187,432.7276306152344,47323800
2024-03-19,430.71965347253405,434.2113053461235,428.6226579939233,433.8057556152344,43004100
2024-03-20,435.0025726505381,439.28552163345245,433.30125617856413,438.94921875,43653500
2024-03-21,444.00377042804644,444.4587649437248,440.82864947457784,441.0264587402344,39345700
2024-03-22,440.5121350002659,442.6288723201985,439.66146154914395,441.53094482421875,28253900
2024-03-25,438.7316504748345,441.4122331500876,437.73264275386543,439.92852783203125,27789200
2024-03-26,441.4517895723345,442.371709837362,438.2766685525834,438.5041809082031,34142000
2024-03-27,441.5902677606485,441.68918748510794,437.12925080626644,439.99774169921875,41359200
2024-03-28,439.94833112698956,440.7990046001888,438.83060154444735,439.18670654296875,36839600
2024-04-01,440.13625746716383,442.6684455730439,438.2074283944994,440.1164855957031,38729000
2024-04-02,435.2993359937669,436.63467679175466,433.2716175055322,436.3181457519531,44259700
2024-04-03,434.1915805997601,439.17683966426387,434.1817097560226,437.2974853515625,39949800
2024-04-04,441.48144434714544,442.09473456067286,430.38332749747076,430.61083984375,57267700
2024-04-05,432.0351718909734,438.35577055560805,431.22407246732575,435.6850891113281,54744600
2024-04-08,436.6148885971717,437.6930441117525,434.42890467076694,435.8136901855469,28144900
2024-04-09,438.1480760138876,438.42503314049435,432.6880511524698,437.426025390625,39443600
2024-04-10,432.2528279423145,434.46848495231853,431.54064816251855,433.6079406738281,61502200
2024-04-11,435.4774158620286,441.4814538292868,433.20238290855747,440.5318908691406,45474600
2024-04-12,436.30830763057895,437.43590803860127,432.1341485615993,433.509033203125,53665000
2024-04-15,437.2578557574557,437.3468744561604,425.5365774509986,426.3773498535156,63453600
2024-04-16,426.2190611910081,429.0480082692235,425.03211508664594,426.4169006347656,47619000
2024-04-17,428.3951937854625,428.4149656563119,420.2842591999878,421.21405029296875,56880500
2024-04-18,421.8570144092069,423.5880040974066,418.23676949612997,418.81048583984375,46549400
2024-04-19,417.63337275699286,418.1576140935352,408.58277638390166,410.1455993652344,75231000
2024-04-22,412.7766879173197,416.6046426178408,409.44330163156485,414.2702941894531,47807700
2024-04-23,416.19914658596974,421.64930087931447,414.3197924046294,420.45245361328125,44384700
2024-04-24,423.5483830821884,425.06176115461966,419.59183594526394,421.8767395019531,48440300
2024-04-25,414.68574734246255,420.6997166428322,413.59772089332074,419.83917236328125,57392200
2024-04-26,422.97467541823426,427.851112618701,422.2822977668712,426.3179626464844,41874900
2024-04-29,428.42485755345405,429.04801861164475,425.30908244856215,428.0489807128906,30022200
2024-04-30,426.4663662313873,427.86105287563,419.89851294550385,419.9776306152344,43665900
2024-05-01,418.5532463597159,425.4673333739,416.0903052961823,416.9409484863281,52251700
2024-05-02,420.67988722114075,423.1626303564194,416.0606350688799,422.26251220703125,36559000
2024-05-03,429.72064827636785,431.738496056238,427.9204118275236,430.7493591308594,48515300
2024-05-06,432.54950268048754,435.5564869497689,431.7779771979943,435.46746826171875,30227200
2024-05-07,435.9126505391316,437.1688435542686,434.80479183797706,435.5367736816406,30996100
2024-05-08,432.91551974287444,436.68412856388983,432.79679796970544,435.279541015625,24896700
2024-05-09,435.546588660251,436.80281170032566,433.69690769611196,436.2290954589844,24580100
2024-05-10,437.73267013361465,439.48343165144723,435.7148223227463,437.25787353515625,27116600
2024-05-13,439.16687233072867,439.26579205563456,436.85229566102873,438.2667541503906,22994200
2024-05-14,437.84144756940225,441.61995781366716,437.6535091414476,441.0858154296875,34478300
2024-05-15,443.5586593238126,448.22738676768705,442.04528105207277,447.9801025390625,41464700
2024-05-16,447.7921494818684,449.75065137557704,446.90193232511433,447.0700988769531,34780400
2024-05-17,447.1986212386576,447.80201037946864,444.65656262066153,446.8524475097656,35803700
2024-05-20,447.07009790490423,450.6309665241783,446.88215948281277,449.96826171875,24474200
2024-05-21,448.11857455171366,451.03651019690585,447.92073510394465,450.84857177734375,23167700
2024-05-22,451.1057864827058,451.857540210049,448.1581475603907,450.75958251953125,25120000
2024-05-23,455.54701045036677,455.5766833514374,446.94153709318385,448.73187255859375,40899200
2024-05-24,450.34414249793184,454.24134425420493,448.6428258419646,452.9752502441406,29669500
2024-05-28,454.19186344679855,454.7457776824367,451.7289222852623,454.6864318847656,26216800
2024-05-29,450.5320959428548,453.26209332010234,450.3936022845126,451.4816589355469,29739200
2024-05-30,450.5518476128299,450.69034126496246,445.31930507978444,446.6447448730469,30536800
2024-05-31,446.8722875838762,447.5646955194597,438.24701222029506,445.81390380859375,55941300
2024-06-03,449.63194002907153,450.63094770967405,443.03438403283286,448.20758056640625,32997500
2024-06-04,447.9503768344026,450.6309291046102,446.22928846559876,449.43408203125,23767400
2024-06-05,453.00496130365275,458.5737770997196,449.47373506895633,458.4946594238281,33817400
2024-06-06,459.1771371560527,459.4936682116241,457.1691904379951,458.33636474609375,21966800
2024-06-07,457.97039057899616,460.6806160602475,456.8229881379394,457.9308166503906,25829700
2024-06-10,456.8032055496993,460.1365920375163,456.5163473996493,459.7804870605469,20660800
2024-06-11,458.5045379527608,463.0545738378896,457.0109315387959,462.93585205078125,22053300
2024-06-12,466.8627585734974,471.32377606102403,466.17038079165764,468.9992980957031,34532600
2024-06-13,472.5304270701551,473.19316199927897,469.26628774763714,471.5412902832031,25859000
2024-06-14,471.3434883571342,474.05374389556346,470.87859282283176,473.9844970703125,23372600
2024-06-17,474.2515381397125,481.57114467660335,472.94590045979214,479.79071044921875,37054500
2024-06-18,479.7412776538949,480.6215937616727,478.1784245124455,479.9390869140625,24438600
2024-06-20,481.13598584006996,481.55140643530837,474.4098367852232,476.23974609375,33918700
2024-06-21,475.96278303672466,477.2981238769037,473.4701689381695,474.9637451171875,37456800
2024-06-24,473.73725096126896,475.47099181592733,469.41777397286,469.55645751953125,37751000
2024-06-25,471.64687235329933,475.2233175695722,470.70568664689,474.9261169433594,29014700
2024-06-26,474.10382358424476,476.45182952740066,473.6877426969305,475.90692138671875,22737100
2024-06-27,475.65922915173917,478.611553035427,474.84684046619515,477.1353759765625,26222100
2024-06-28,477.928019324278,482.6735247637223,474.01470596824856,474.6586608886719,34881600
2024-07-01,475.57999748371265,478.0072166007963,471.8351183529178,477.4425354003906,24898300
2024-07-02,475.94653963864454,482.51494549553286,475.8177426243462,482.45550537109375,26723600
2024-07-03,481.70258851623953,486.6066107434774,481.70258851623953,486.4778137207031,18064900
2024-07-05,487.31988469515403,491.9861158127836,487.02265384242645,491.5502014160156,28495900
2024-07-08,491.9167358967407,493.27400238194434,490.89630684162825,492.7192077636719,22109400
2024-07-09,494.2350191565913,495.3545252210374,491.6294495164821,493.1452331542969,25614500
2024-07-10,495.0672133936126,498.84181247432565,493.7595004189231,498.2870178222656,28046900
2024-07-11,498.3959792217848,498.6040196443068,486.170633904284,487.3594665527344,49966600
2024-07-12,487.9340904027109,494.9780167524356,487.4684559718065,490.2226257324219,37109400
2024-07-15,491.99600089511654,496.3551448499589,489.49942500337625,491.540283203125,31151400
2024-07-16,492.99662197224063,493.80901063185854,488.56815140505716,491.728515625,25950600
2024-07-17,483.74340981561966,484.2585676332021,477.224557622275,477.29388427734375,56268800
2024-07-18,481.0189557238677,481.19727609369016,471.8449804007106,475.0350646972656,49347400
2024-07-19,474.69826118608114,477.2146707760449,469.53667521921534,470.8245849609375,42042900
2024-07-22,476.6895495582666,478.85920470287533,473.2715913896256,477.8387756347656,40300000
2024-07-23,476.9372401363334,479.92917053758373,475.67905054621997,476.1545715332031,23282500
2024-07-24,469.4177730491382,469.7843305630981,458.2128560235188,459.07476806640625,58818600
2024-07-25,459.4115832282099,463.59237645887646,451.3967509671105,454.01220703125,59256800
2024-07-26,458.35151444667815,461.60103876896824,455.4982676790012,458.6685485839844,39992100
2024-07-29,461.3830856787975,463.56265759959666,457.3310894463461,459.58990478515625,28218500
2024-07-30,461.5217893097708,462.22518422755354,449.93048202633724,453.2790832519531,41317200
2024-07-31,463.52301742956,468.3973190381643,462.07659074748636,466.69329833984375,44552100
2024-08-01,467.3769292797384,471.1316949567563,451.74354107209894,455.38934326171875,56653900
2024-08-02,446.7008203668183,449.35591337831903,440.340454930092,444.5806884765625,66323200
2024-08-05,420.76401989618296,438.1807014186111,419.51574708871345,431.3249816894531,87483500
2024-08-06,433.1677010049891,442.91627380301435,430.5224947083419,435.4463195800781,63164400
2024-08-07,442.34170285143637,444.82839240368696,430.33431322132714,430.7305908203125,54929200
2024-08-08,436.96213279824934,444.8184483377776,433.08845677026795,443.9070129394531,47890100
2024-08-09,442.58933486287685,447.8599140690418,441.4698288405631,446.2252502441406,33574000
2024-08-12,447.19616554453364,450.1484591172227,444.3825252809175,447.1862487792969,27795000
2024-08-13,451.58499310604867,458.54967631273865,451.4462793308009,458.28216552734375,40084500
2024-08-14,459.2035379429091,460.7886481545662,454.1409992347584,458.4307861328125,34733700
2024-08-15,464.4047901058715,470.4084846096922,464.02831582443696,470.01220703125,38280600
2024-08-16,468.22890368838864,471.9836994318874,467.267914706038,470.61651611328125,38383600
2024-08-19,470.75522206656456,476.838159775864,468.9719276760101,476.79852294921875,23737700
2024-08-20,475.887072779306,478.4530054535782,474.1037784441942,475.79791259765625,29209300
2024-08-21,476.58058013398335,479.86974146186225,474.86667281387304,478.0171203613281,25658800
2024-08-22,480.33537571180096,481.0288841455253,469.4078560191765,470.4382019042969,37739600
2024-08-23,474.78736521575286,478.25484666996635,470.864166093088,475.5403137207031,36061500
2024-08-26,474.9954750129997,475.91682719058724,468.8431499287544,470.92364501953125,27452600
2024-08-27,469.2889906947145,473.4004273664464,467.3273758146257,472.3304748535156,27510000
2024-08-28,471.8648389451947,472.588037228048,463.54288867121295,466.9707336425781,37372400
2024-08-29,468.8827928484705,473.4895840302983,465.00911671200544,466.2871398925781,41081500
2024-08-30,470.6263875282429,472.4690916607698,466.1384771993043,471.8449401855469,33466500
2024-09-03,468.8035388395337,468.9323056206166,455.1416524496019,457.51934814453125,44985200
2024-09-04,454.40852713775496,460.1348241601613,453.477258224592,456.3304748535156,32505100
2024-09-05,454.70569491267526,461.03630947784416,453.68526588800313,456.7564697265625,34452400
2024-09-06,456.05307770346093,456.9348232587385,444.0258857158704,444.521240234375,50624400
2024-09-09,448.8506232910241,451.2283188768992,445.64073576179464,450.23760986328125,32981200
2024-09-10,452.00112173639417,454.90392245193806,448.0283987023485,454.3986511230469,29680300
2024-09-11,455.6369852193334,465.00908400490187,447.0871616105351,464.26605224609375,57843000
2024-09-12,464.29578616525714,469.635722410282,462.51252198450715,468.8233337402344,40067800
2024-09-13,468.0902315957997,472.1025912298367,467.86235762577684,470.92364501953125,29111800
2024-09-16,468.79361628971213,469.4573744200276,465.524288528779,468.8431396484375,22585600
2024-09-17,471.86482380417743,473.16265024621885,466.59424438062723,469.0908203125,30084400
2024-09-18,470.2895966560615,474.38119962315574,466.4555272479723,467.05987548828125,39909200
2024-09-19,478.1260478524707,481.71243976811724,476.0257496456091,478.86907958984375,52782500
2024-09-20,478.0071954775703,479.19605842028795,473.8561221774012,477.9576721191406,34577700
2024-09-23,479.1352933813507,480.3158962480575,477.7959506872309,479.2245788574219,24843000
2024-09-24,480.63331712816506,482.4885414439807,476.37722497183194,481.5361328125,25952600
2024-09-25,480.91111874577587,483.9370455260504,480.7325477988355,481.98260498046875,26549900
2024-09-26,489.47297902508933,489.80038938586057,481.96276544725106,485.6037902832031,32020200
2024-09-27,486.6256530479584,486.76456175281504,481.72467055232573,482.9052734375,22851100
2024-09-30,481.9429538811356,484.55218506630086,479.10555878077656,484.2148742675781,30281100
2024-10-01,483.8477701398877,484.14538839099305,473.62910955506385,477.4685363769531,42735400
2024-10-02,476.56569049834064,480.0579058985266,473.9465592247254,478.1431579589844,23744000
2024-10-03,475.9506174766113,480.722621801194,475.2065415805555,477.7860107421875,25337200
2024-10-04,483.5997421604296,484.0263384101603,478.57971250941176,483.47076416015625,30686600
2024-10-07,481.55604432247213,482.72671654095666,477.0717272577596,478.2920227050781,24975100
2024-10-08,480.83181589462646,486.11970246020155,480.0282162700938,485.4351501464844,28272000
2024-10-09,485.1375160516646,489.83016591016013,484.0958218394654,489.2547302246094,24995000
2024-10-10,486.972911204982,490.5643129343177,485.663330270901,488.69915771484375,25750400
2024-10-11,486.86377321706453,490.48496711592765,486.29829849674525,489.46307373046875,20644500
2024-10-14,491.85402746733337,494.8898548804224,491.34807641617016,493.57037353515625,26060100
2024-10-15,493.89777863008004,494.5624998251386,484.82005775780306,486.9729309082031,34784500
2024-10-16,487.3002966300499,487.8062779684171,483.7188255626652,487.0324401855469,22996800
2024-10-17,492.51875901205545,492.56835196515686,487.3102273222296,487.3697509765625,27210700
2024-10-18,490.1575049039297,491.65558736912976,489.4034983212025,490.56427001953125,25335000
2024-10-21,489.3539020420387,492.31037442782247,487.42922335035456,491.50677490234375,30336500
2024-10-22,488.8380434331737,493.5207623873369,488.0840368199485,492.0425109863281,26685800
2024-10-23,489.6912023486025,490.3459927399207,481.218650061365,484.50250244140625,39346600
2024-10-24,488.22294186566177,489.10592652945246,485.5740484273458,488.4313049316406,22024900
2024-10-25,491.22902181685464,496.32840643950317,490.52460813834386,491.4075927734375,38762100
2024-10-28,494.52276578852906,494.58228943962433,491.189320221086,491.4869384765625,20477800
2024-10-29,491.804448986959,497.3899840518489,489.949224432872,496.2093811035156,28014100
2024-10-30,495.4454629981242,496.39787173074626,491.9731085864843,492.459228515625,29756000
2024-10-31,488.4908207354854,488.5404136876197,479.92898206139125,480.0281982421875,41245200
2024-11-01,481.6651469129995,486.8736783677744,481.36752865476586,483.57989501953125,33655800
2024-11-04,482.97474217579787,485.5145189767317,480.4250346737851,482.171142578125,23291600
2024-11-05,483.7585020212901,488.98689526722075,483.669216537167,488.3221740722656,24353600
2024-11-06,496.60618015035925,502.40997829462293,495.65377146447037,501.5865173339844,43082200
2024-11-07,504.3842278003702,510.26741073728783,504.3247041524069,509.4836120605469,32853100
2024-11-08,508.9876012725544,510.8527564586331,508.36257264354634,510.0789489746094,22924500
2024-11-11,511.29919439483575,511.5075574474809,506.8843621879825,509.78131103515625,24167500
2024-11-12,509.7118651333431,510.5947892022127,505.80295361288677,508.8586120605469,25835300
2024-11-13,508.35269682828596,510.9122744153452,505.9220366929146,508.203857421875,24567400
2024-11-14,507.8665950790709,508.73961881650786,503.7592810433263,504.6720275878906,28679500
2024-11-15,498.9674158501514,499.3543196021951,490.58414799637626,492.6477355957031,51461100
2024-11-18,494.1953790330812,498.1737145612043,492.8064433987384,496.0704345703125,27080800
2024-11-19,493.49100674201975,499.96942655752554,493.1536656807539,499.4832763671875,24523000
2024-11-20,499.1856564574556,499.5031361161102,492.6377823112046,499.1955871582031,29565500
2024-11-21,502.24136007682114,502.95567423476723,493.6299279279644,500.9913330078125,34526700
2024-11-22,500.43574794672105,502.52906714393225,498.8086872921343,501.794921875,23826600
2024-11-25,505.8724454009976,507.4102205776175,500.27700982842947,502.5885925292969,26375200
2024-11-26,504.0667529918503,506.11050927210346,503.22349121211295,505.28704833984375,26557100
2024-11-27,504.1561023396317,504.2255264165309,497.96536999082,501.3087463378906,24957400
2024-11-29,501.93375043277575,506.308920336892,501.31865253598164,505.7136535644531,15334000
2024-12-02,506.97368662654696,512.1822183655047,506.586752593205,511.2198486328125,25147200
2024-12-03,509.89037421333506,513.0651098548883,509.3149386184986,512.7872924804688,18597900
2024-12-04,516.2101120920232,519.3848480945504,515.4957677287545,519.1268920898438,26086200
2024-12-05,519.1765675882936,519.9007822143092,517.3014814587618,517.6884155273438,18169600
2024-12-06,518.3530669746475,522.5595667910787,518.2240889616199,522.3214721679688,23762600
2024-12-09,521.3987891581372,522.1924580312864,517.102973878682,518.2538452148438,20674400
2024-12-10,519.4840803564292,521.2301883413037,515.0592867380795,516.4879150390625,24350000
2024-12-11,520.8531319621538,526.4188051823884,520.4463971119644,525.7342529296875,32168600
2024-12-12,523.511980803434,524.7818994700399,521.8651193703002,522.34130859375,23577500
2024-12-13,526.2700231888497,528.958578680959,523.1349494940644,526.3394775390625,28780400
2024-12-16,528.8693668170654,534.8914288475645,528.7899817598816,533.9191284179688,31979900
2024-12-17,532.1233843076452,533.234532805748,529.911018011913,531.5678100585938,28579100
2024-12-18,530.9230707876706,532.6393867756537,510.9421347229387,512.3905639648438,54703200
2024-12-19,517.0732431157651,517.6387480839205,509.7713925868022,510.1086730957031,46441800
2024-12-20,506.4082488880885,520.6746720854811,505.26733831570937,514.5632934570312,60530000
2024-12-23,516.2773215508976,519.9540272324169,512.8788812504641,519.576416015625,29672800
2024-12-24,521.5241349732042,526.7112253012842,520.8881517500126,526.621826171875,17558200
2024-12-26,524.9921932011364,527.8937835457399,522.994844207,526.2640991210938,19090500
2024-12-27,522.6967134646023,523.1339443647176,514.598025422934,519.2684326171875,33839600
2024-12-30,512.2627757493814,516.088500066774,508.60593328242436,512.3621215820312,34584000
2024-12-31,513.644094410772,514.3992562583705,507.0459049159329,508.0097961425781,29117000
2025-01-02,511.06042287109295,513.3857099460889,502.52453474139946,507.0160827636719,36389800
2025-01-03,510.11637914045036,516.3767439002675,509.3015977009679,515.3134765625,29059500
2025-01-06,520.7192176012078,524.5946151120777,518.7417623146622,521.2359008789062,36109700
2025-01-07,522.2792746262569,522.676718589686,510.0468191627873,511.934814453125,36690300
2025-01-08,511.83554740418106,513.6639233488847,507.35394602071244,512.0243530273438,30777800
2025-01-10,508.2582252642564,508.35757110922964,500.74584773317105,503.9952392578125,40532500
2025-01-13,498.0429361096416,502.83255171676984,496.55238466117936,502.3754577636719,31694200
2025-01-14,505.5354479124467,506.94651670595886,498.4304916746537,501.89849853515625,33737200
2025-01-15,509.7983862555164,514.5879710744987,508.2382382867803,513.4452514648438,34957600
2025-01-16,515.7109751217133,515.7904881915479,509.7189890543602,509.8481750488281,28229000
2025-01-17,519.5564846396222,520.7688312604284,509.8778477018945,518.4534912109375,51837900
2025-01-21,521.1763321012501,522.6569370321079,516.784190233401,521.4943237304688,23628000
2025-01-22,526.2342659003573,530.4574953112844,525.926221004647,528.1620483398438,33593000
2025-01-23,525.7075521398207,529.404151376624,525.1213025176294,529.284912109375,23096600
2025-01-24,529.6624839179889,530.4275923841087,524.8231652884439,526.2938232421875,19878300
2025-01-27,507.7812366132107,514.7271972494635,506.9365846555357,510.9710388183594,60771700
2025-01-28,511.97467611093344,519.7057001509473,508.5563720628021,518.523193359375,33194200
2025-01-29,519.1690539120722,519.2982398960235,513.6440786970315,517.54931640625,26649000
2025-01-30,520.4110644764726,522.7859632787759,514.9457101113999,519.7551879882812,27431300
2025-01-31,523.6009014071057,528.1719622881295,517.9070142215932,519.0000610351562,38755200
2025-02-03,510.2356481268789,517.5691667149378,507.8309085723365,514.846435546875,40580800
2025-02-04,515.3632014316573,521.8023650900426,514.9656967351663,521.1663818359375,26046800
2025-02-05,518.5330268925136,523.6903371484422,517.3405736456352,523.5313110351562,21134100
2025-02-06,524.0382182731402,526.4727981946036,522.4284272795057,526.2640991210938,19434500
2025-02-07,526.8006512350846,528.748266336267,518.9007163268166,519.6260986328125,29605500
2025-02-10,523.8989568010895,527.0191921678618,523.4319464927245,525.9161987304688,20852800
2025-02-11,522.6470030660466,526.5820202342347,522.5178170831823,524.6641845703125,19325500
2025-02-12,519.0100229717194,525.8566374548477,518.6622518801204,524.9722290039062,25009400
2025-02-13,526.641720570859,532.8424060957537,525.856718489902,532.5244750976562,28714800
2025-02-14,532.6336582725096,535.4458489556581,532.2957732617084,534.7601928710938,17862600
2025-02-18,536.3301909280925,536.5985095911096,532.6634320198589,535.9724731445312,20565000
2025-02-19,535.1775539526902,537.4034344848549,533.0808594023651,536.12158203125,19666900
2025-02-20,535.3364987054381,535.7041632085364,529.106034929491,533.845947265625,26550800
2025-02-21,534.9887454346671,535.0086388627485,522.3985708362279,522.7662353515625,47093800
2025-02-24,524.5548916727963,525.7373982954535,516.2575125365582,516.5953369140625,39268400
2025-02-25,515.9693327435128,516.0488458111333,506.23107440915334,510.0866394042969,48940000
2025-02-26,512.282769284362,516.3866991255621,508.1489386464173,511.31884765625,34457600
2025-02-27,514.8662895456173,515.8003708854543,496.90015898717843,497.1187744140625,52448000
2025-02-28,496.9796905709141,505.5751982352111,493.7998352114138,504.96905517578125,47654000
2025-03-03,508.29792199196845,509.80833658708485,490.4709237175102,493.9190673828125,44587200
2025-03-04,491.0671622880661,500.5669416036149,484.6677252997208,492.42852783203125,67875400
2025-03-05,493.07443907980854,500.4576300932126,488.1655538058739,498.84783935546875,46323700
2025-03-06,490.58025627763743,495.43943846939203,483.1374453830968,485.1248474121094,57574300
2025-03-07,484.09135944691593,490.1728044214969,477.50311728267104,488.69219970703125,54714700
2025-03-10,480.4047648459635,480.92147845342646,465.7079184343633,469.7522888183594,76668000
2025-03-11,469.37467027626616,475.7939702022416,464.0683106107926,468.62939453125,68760800
2025-03-12,476.1417740872487,478.0297999193566,468.8182025802525,473.9158935546875,46971100
2025-03-13,473.2501016514119,473.2799114684233,463.4919505450515,465.3899230957031,46563300
2025-03-14,470.7460015069771,477.5329662224829,470.13982810737366,476.6386413574219,43563000
2025-03-17,476.58893553595675,482.77970385821135,474.7903391011045,479.7290344238281,41744400
2025-03-18,476.39019173623467,476.5889137375583,469.4342848576123,471.5508728027344,39072300
2025-03-19,473.80658371122826,482.27290553437547,471.8788012950444,477.86090087890625,40430300
2025-03-20,473.8761366755608,481.4978063463737,473.1805338469725,476.24114990234375,36780500
2025-03-21,471.09372915573624,478.5762960346407,469.9311160359985,477.8111572265625,42234900
2025-03-24,485.39053064456095,489.1423898676164,482.0666231789857,488.2964782714844,34567200
2025-03-25,489.02297163947037,491.24221021375496,488.0576429488141,491.0829772949219,26035200
2025-03-26,489.92852335581483,490.7843964317407,480.49420901971564,482.04669189453125,34627100
2025-03-27,480.08619079487124,484.2360865180512,477.9365920668743,479.29998779296875,33469800
2025-03-28,477.49872503017417,478.2052964153207,465.79536391222956,466.68109130859375,46363800
2025-03-31,459.6948832614754,467.5966072840796,455.12696717610356,466.6611633300781,53000300
2025-04-01,465.0489314542302,471.34845587241415,462.1828303710836,470.4229431152344,41156200
2025-04-02,463.87464014945493,477.24990051464846,463.6158828815237,473.8563232421875,49894500
2025-04-03,454.24126086225453,457.8537794541511,447.9716210778618,448.4891052246094,70456300
2025-04-04,436.0294529358994,438.24869137872236,420.63397216796875,420.63397216796875,117088400
2025-04-07,406.69142055496206,441.0053356019918,400.4516351196774,421.6490173339844,161557000
2025-04-08,436.04930169029,441.0053229949478,407.8159703583268,414.0557556152344,101248100
2025-04-09,413.5681807581863,465.57642043659325,413.42884056901664,463.7552490234375,142876900
2025-04-10,451.3751553721857,453.3953754518723,430.5459844866977,444.03070068359375,108384100
2025-04-11,442.5080869674275,453.5944394661005,439.2040723268698,452.21112060546875,52483800
2025-04-14,462.2226327115798,462.80978696729005,450.4496325846052,455.2762756347656,43941200
2025-04-15,456.33115174787315,460.152650240748,453.9526501626425,455.7837829589844,35404200
2025-04-16,446.86698749756175,450.4396905530406,435.6512868687369,442.04034423828125,48980600
2025-04-17,445.0159426129849,445.59313532137156,439.2339021288606,441.9607238769531,44837000
2025-04-21,436.1189822025886,436.9648633110088,425.86858083880827,431.02362060546875,44149300
2025-04-22,436.7061890853483,445.42397106891866,435.5119573980011,442.33892822265625,52304400
2025-04-23,455.9629568263105,461.14785116525866,450.6984308488603,452.3703308105469,55801100
2025-04-24,454.28109133466916,465.4072286279397,453.6341981671536,465.0987243652344,45956100
2025-04-25,464.72056158591084,470.81107609503925,463.1481859616907,470.28363037109375,38697100
2025-04-28,470.7513468926074,472.5227711679886,463.785066874951,470.13433837890625,33550800
2025-04-29,467.9051531308386,474.1250461983433,467.32793004665405,473.23931884765625,30613100
2025-04-30,464.8797445519946,474.90124260090266,460.2023732605827,473.1795654296875,46810600
2025-05-01,481.0813268565942,484.8331551249222,478.4241753851547,479.3596496582031,43316500
2025-05-02,484.19630323903306,488.54524771174533,482.49451859013254,486.4752502441406,39218100
2025-05-05,482.26562303187217,486.6742758401759,481.768031598775,483.5892028808594,28309500
2025-05-06,477.2499089792982,482.71345338039805,475.88651326591844,479.09100341796875,32786300
2025-05-07,479.75773849221946,483.4598199362607,474.4832814966688,480.97186279296875,38006300
2025-05-08,486.1767003880921,490.32662643958486,481.8377175267332,485.9378662109375,39577600
2025-05-09,487.8485540111838,489.1721641484731,483.857891617772,485.6193542480469,27767400
2025-05-12,504.5477828951714,505.44347182673556,499.0643456144565,505.4036560058594,45090600
2025-05-13,506.707335072133,514.8977013705513,505.97090943590337,513.1063842773438,53269600
2025-05-14,514.2806241027265,516.728734864557,513.2655182310583,516.181396484375,47014500
2025-05-15,514.0319491096225,519.4158624817272,512.6884155979109,516.748779296875,50153300
2025-05-16,518.1519218274547,519.1869509574169,514.6090729974479,518.9978637695312,48394600
2025-05-19,511.76283198638407,520.0129368955124,511.76283198638407,519.4954223632812,52536200
2025-05-20,516.96766002425,518.4206490040874,514.171198352801,517.7638549804688,42517600
2025-05-21,513.7830855259509,520.4806468794133,508.77728647765286,510.568603515625,71292800
2025-05-22,511.18562841742636,515.2161678084017,509.8321942334835,511.5240173339844,55607200
2025-05-23,503.74166904926017,509.37440786318274,503.14455323986806,506.78692626953125,58368100
2025-05-27,513.6636439652767,519.1968580915909,512.1111611741854,518.7091674804688,47226300
2025-05-28,519.6646069225357,521.1573812940497,515.8928855439889,516.4103393554688,46637200
2025-05-29,523.7946714004786,523.9439124018006,514.8280630915039,517.4254760742188,58513300
2025-05-30,516.9377412869756,518.1717582051239,509.4639089540041,516.6093139648438,67662800
2025-06-02,514.7484234216115,520.9285314569356,513.4845216279213,520.689697265625,44762800
2025-06-03,521.0379136751978,526.192953382638,520.172109482974,524.7598876953125,44070300
2025-06-04,525.4664906934179,527.2876922621837,523.4362788655679,526.2228393554688,41359300
2025-06-05,527.6260744548405,530.4822445825432,520.1422794419956,522.2620239257812,61031200
2025-06-06,527.4469412104685,529.2382582965394,525.6655856720602,527.3673095703125,42467000
2025-06-09,527.5862547168781,529.7855699578893,526.4616932284755,528.1435546875,33688700
2025-06-10,528.6113236327552,532.3233974321485,526.3423380359699,531.63671875,40664800
2025-06-11,533.0398961060292,534.1943423631835,527.5564282374158,529.8453369140625,53701000
2025-06-12,528.5316670205602,532.0645538594068,528.282871317245,531.0892333984375,34104900
2025-06-13,525.1381334298933,529.3079524332428,523.197514523019,524.421630859375,55814400
2025-06-16,527.9444656479175,532.7910009351023,527.894718657064,531.7161865234375,37622100
2025-06-17,529.1487078886557,530.7608992855103,525.366964373918,526.5313720703125,42180900
2025-06-18,527.5464108599048,529.9846210200801,524.8594657253662,526.4417724609375,43983500
2025-06-20,529.6960106468011,530.9897361478553,522.3515566708186,524.2921752929688,61643500
2025-06-23,524.8611059770333,530.2012624901581,521.7128229011945,529.6832275390625,50666100
2025-06-24,534.9038188952696,538.6997215726698,534.2861174166954,537.7831420898438,45442000
2025-06-25,540.0546537700266,541.3000294115662,537.3845756916884,539.157958984375,44804200
2025-06-26,541.339901952907,544.6476272131085,539.5167156535897,544.1992797851562,43811400
2025-06-27,545.2354314727291,547.9553124291843,542.5254624415982,546.0623779296875,57577100
2025-06-30,549.2206440950201,550.7549250315776,546.9789678853869,549.5992431640625,45548700
2025-07-01,547.6962844543337,548.6727003482655,542.6450333450836,544.9664306640625,56166700
2025-07-02,544.1394799694398,548.9616013728256,544.099649838931,548.7623291015625,36538300
2025-07-03,551.1335605372531,555.1387084222483,551.1335605372531,554.1622924804688,26443500
2025-07-07,551.4723321808171,552.2893059767699,547.5469053516296,549.9878540039062,45349300
2025-07-08,551.3328837616745,551.960558064613,549.0612889873505,550.2967529296875,36153300
2025-07-09,552.4287282148103,555.5670993773455,551.0538285444961,554.1921997070312,43045500
2025-07-10,554.8298779906593,555.2383344969288,550.7051787469096,553.3952026367188,34710900
2025-07-11,551.2530245132971,553.7338028939057,550.0076489560154,552.1497192382812,39618600
2025-07-14,551.9405249362994,554.8895964181139,549.5892702624878,554.15234375,36453300
2025-07-15,558.177370440617,558.7253235687808,554.6006247913591,554.660400390625,43277700
2025-07-16,555.2184205935204,558.1375740177878,549.519549612121,555.2283325195312,52314700
2025-07-17,555.9556343165032,560.229741645841,555.1486333295833,559.7216186523438,40423800
2025-07-18,561.0367592084838,562.6407884950407,557.9083608963978,559.1836547851562,50484700
2025-07-21,560.0106243017523,563.9659084478778,559.9807060956166,562.0828857421875,39595200
2025-07-22,562.212410691865,562.2622135594852,556.5434579032301,559.1737060546875,43270600
2025-07-23,560.2596495832936,561.7640122575135,557.5098504754792,561.7241821289062,40215300
2025-07-24,563.0393510094046,564.145230057719,561.2061311881392,562.9197998046875,42275500
2025-07-25,562.8401049406639,565.599877131678,562.1825732841013,564.2747802734375,30630800
2025-07-28,565.6396024726357,566.934780883673,564.7728259539763,566.0381469726562,31498700
2025-07-29,568.648489779181,569.9934711462136,564.4341580737452,565.1614379882812,45463300
2025-07-30,566.078082515952,568.5090584763351,562.9596566910935,565.918701171875,43433800
2025-07-31,572.414512700583,572.5042065088016,561.784002550513,562.9197998046875,64613600
2025-08-01,556.7626323149415,556.9519318446527,549.6390593282571,551.8309326171875,69400800
2025-08-04,556.9818168836358,562.2323403030458,556.8822111512052,562.0131225585938,47669800
2025-08-05,563.2983190006893,564.4639734860455,557.659224470718,558.197265625,48666600
2025-08-06,559.0342039471559,565.6596271290572,558.5559991276681,565.2212524414062,41823700
2025-08-07,569.5550971875249,571.1990173575662,563.0193682552224,567.1340942382812,44463000
2025-08-08,568.3396307619837,572.6436562068012,568.0407527747095,572.4244384765625,35255500
2025-08-11,572.5639325532171,574.6661119984625,569.4554798808987,570.730712890625,33112900
2025-08-12,573.0321895540377,578.2029917684722,570.372084149425,577.9041137695312,42143300
2025-08-13,580.604084362888,581.1620102059526,576.7982091868794,578.1930541992188,41209300
2025-08-14,576.1407216563158,579.7273793774012,575.7720345015408,577.7447509765625,45425000
2025-08-15,577.6550229317031,577.6949138700501,573.4406912378071,575.2041625976562,49480200
2025-08-18,574.3074712675442,575.6325679790418,573.1118984877381,574.9749755859375,29831000
2025-08-19,574.2576936083949,574.4270476767487,566.1477924665415,567.1740112304688,53752600
2025-08-20,566.2275216498264,566.3470728538312,556.7726389420532,563.8065185546875,76781100
2025-08-21,562.2621550000686,564.3942526345425,558.9046272267002,561.1961669921875,46436900
2025-08-22,562.5810219572568,571.8665505027725,561.186237654488,569.85400390625,51502100
2025-08-25,568.2898040708618,571.1690661717927,567.0543404263368,568.2100830078125,34044700
2025-08-26,567.7219543005008,570.8004889189272,566.6957355547859,570.4916381835938,34103000
2025-08-27,569.4754735923461,572.2849877073902,568.2599552674767,571.368408203125,36927100
2025-08-28,571.9860851866184,575.8617088595212,570.3422257905413,574.9451293945312,46787900
2025-08-29,572.5340452045847,572.9027323513419,566.4366907257225,568.2898559570312,56030400
2025-09-02,559.2334738058692,563.8762077332766,557.4700023275942,563.5275268554688,65876800
2025-09-03,567.1242013007502,569.5850955347586,564.6334496680194,567.9611206054688,54230200
2025-09-04,568.6285491052419,573.4705550386212,566.9249141338813,573.1019287109375,47526300
2025-09-05,578.3424366904492,578.9701108367434,569.4156236042274,573.9288330078125,68342500
2025-09-08,576.2303043493281,578.6911981583403,575.6325483844515,576.7284545898438,46371400
2025-09-09,577.5255685086003,578.7908897662577,574.9052929899314,578.3624877929688,44007600
2025-09-10,581.5804896782814,581.6104078841153,576.4096872460331,578.5517578125,49308000
2025-09-11,581.0822703109691,582.7162176589113,579.4682684312116,581.919189453125,44745800
2025-09-12,582.875622079706,585.6851967841828,581.9390971782137,584.4896240234375,50745900
2025-09-15,586.263084887294,589.6006673309763,586.1136154844122,589.4910888671875,44360300
2025-09-16,590.4176835168099,590.666758666618,588.3055311111864,588.9929809570312,36942100
2025-09-17,588.9132280535239,589.560847731768,582.2081448420756,587.8173217773438,69384800
2025-09-18,592.709097492132,595.9271894237951,590.7663601849613,593.1176147460938,61069300
2025-09-19,595.1202047360832,597.83011295333,593.6456386208329,597.1326904296875,58196100
2025-09-22,596.2190510860968,601.3360027595129,596.1990824942005,600.667724609375,57154800
2025-09-23,600.8372900448078,601.0367933292055,595.4609900615409,596.6779174804688,64635500
2025-09-24,598.0544387994095,598.3736318933126,591.8502333814113,594.583251953125,49850300
2025-09-25,590.6932034651784,593.6057566967052,587.0026056631178,592.0198364257812,70920200
2025-09-26,592.8376791327265,594.7827296224774,589.5560723046866,594.4535522460938,54337400
2025-09-29,597.5855809487724,600.5181027058711,595.8898943349653,597.20654296875,48332900
2025-09-30,596.9073409482912,599.1815689140329,594.5832523790604,598.8424072265625,46533800
2025-10-01,595.6504804045827,602.2536309055715,594.8226361779185,601.7150268554688,46899600
2025-10-02,605.5153536087707,605.6150748101588,601.3958573858611,604.188720703125,43765400
2025-10-03,604.9668078782124,605.7847287787447,599.859840058186,601.645263671875,46482100
2025-10-06,606.9018036091138,607.8094613156995,604.4280726015548,606.1636962890625,41962100
2025-10-07,607.4703970532165,608.1586438162234,601.4956480641417,602.9718627929688,58209500
2025-10-08,603.8695906281247,610.1934861561377,603.7200088104369,609.88427734375,50629800
2025-10-09,609.9241018375851,610.0537759298148,605.9342796270852,609.1461181640625,45551000
2025-10-10,609.8443624637231,611.6198017284072,587.5511938507611,588.0000610351562,97614800
2025-10-13,598.1541220292103,601.415821078074,595.7103438165695,600.4782104492188,65872600
2025-10-14,593.7952358040048,601.1564623206032,588.6284235801336,596.4783935546875,69203200
2025-10-15,602.4731063786636,605.1562641092269,594.4136488911962,600.6876220703125,62805500
2025-10-16,603.5702851791965,606.7621549667239,593.9847524006545,598.4633178710938,70982000
2025-10-17,596.4285459627954,603.9693073296388,594.8525491800316,602.393310546875,72024900
2025-10-20,605.5951192469275,611.2406903321764,605.5252900595317,609.98388671875,45761700
2025-10-21,610.0837500489531,611.1609582497778,607.7696457807522,609.8244018554688,44538200
2025-10-22,609.2657958565487,609.8542605281881,598.2139715066553,603.9493408203125,61478800
2025-10-23,603.3708114071275,609.8143961922938,602.9818500103868,609.0264282226562,42844300
2025-10-24,614.4226241256162,616.8464337655934,613.5648269782704,615.52978515625,47632500
2025-10-27,622.930958710038,626.9506729134798,622.4422152319877,626.4918823242188,54098600
2025-10-28,628.7560864561588,633.0651018787079,627.648925370604,631.3095703125,61195700
2025-10-29,633.9728090539653,635.3891789092543,628.6463695521778,634.15234375,67422800
2025-10-30,630.5614543099158,631.8880872300178,624.3473257513068,624.45703125,61628600
2025-10-31,632.5563592252307,632.5863121135939,625.0954113092228,627.4693603515625,66305100
2025-11-03,633.4939381480045,634.2021534587442,628.2473125587718,630.4716796875,37154300
2025-11-04,621.6941527131348,625.354797701833,616.8864094378021,617.6743774414062,63830800
2025-11-05,616.9163015661201,625.0056518350635,615.6395900613109,621.6941528320312,48688500
2025-11-06,620.2078932237561,620.4572571227977,608.7471381645778,610.1136474609375,72115100
2025-11-07,606.7621834660789,608.3980251800011,597.1466973484642,608.1885375976562,81835400
2025-11-10,617.3451949289606,622.7214951546598,615.3203917446493,621.6442260742188,55919900
2025-11-11,618.9910087880348,621.1355017301039,615.9487814833327,619.9884643554688,44868800
2025-11-12,623.2501373408774,623.2700450530867,616.2379957742788,619.4996948242188,47444400
2025-11-13,615.9686873362173,616.5472286099415,604.5378855310528,606.8519897460938,71333600
2025-11-14,598.0244819828539,611.7893568378086,595.6505328274214,607.310791015625,80087300
2025-11-17,604.7573208445992,610.9215891749508,598.3436886131177,602.1240234375,63850400
2025-11-18,598.0943000892208,600.7774579901122,589.8353996813287,594.792724609375,83327300
2025-11-19,595.5508254465173,604.6176628042144,593.077155027408,598.3436889648438,73111500
2025-11-20,610.0637948039835,612.4676969147798,583.262167456246,584.1798095703125,117743200
2025-11-21,585.9751825584982,595.4609945768989,579.2623261905873,588.568603515625,103344200
2025-11-24,593.7653733267485,605.1363301511908,593.6456226504143,603.6201782226562,60168100
2025-11-25,601.9743827443708,608.7072074163303,595.8001307211132,607.3406982421875,57560900
2025-11-26,610.9514997668095,614.6221288317284,608.8368989020178,612.70703125,42393600
2025-11-28,614.5423522607352,617.7442066386661,613.8541054647261,617.6743774414062,23034400
2025-12-01,612.0686387329198,617.8638528985133,610.961477711232,615.599609375,40957600
2025-12-02,617.8838431924653,622.1629056286581,616.018606165418,620.4173583984375,54541800
2025-12-03,618.0434315384043,622.6317029281745,616.4575112334458,621.9335327148438,47841600
2025-12-04,623.339907329069,623.3498916256304,617.9636071501104,621.35498046875,47067800
2025-12-05,622.7913119974152,627.3197383563271,622.1230338136666,623.8884887695312,53614200
2025-12-08,625.6141268554061,627.2399842967836,620.10815265492,622.6915893554688,43462400
2025-12-09,621.4248072711308,624.2775156033157,619.4199118254116,623.4595947265625,37156000
2025-12-10,622.2626189242517,627.6090269272694,619.4099106697121,626.0130615234375,55031400
2025-12-11,622.2327496814814,624.1877845427603,616.148234091509,623.98828125,58272800
2025-12-12,620.4972123256402,621.953458575216,609.8044563667469,612.0587158203125,75158700
2025-12-15,616.7966055109866,616.8464661142882,607.7696446385382,608.9865112304688,49538200
2025-12-16,606.7123103516171,611.9489518835392,605.3657088583533,610.1934204101562,55152800
2025-12-17,611.5001003103562,612.0886258751325,598.7526499708691,598.8822631835938,70654300
2025-12-18,608.2484274799762,611.3704684542074,605.3757504118026,607.5601806640625,78875800
2025-12-19,610.392920608793,616.0484763883416,610.3131071204459,615.4799194335938,60369800
2025-12-22,620.5674955378034,620.8671665076671,616.9920478025754,618.4302368164062,43703100
2025-12-23,617.42148892244,621.6261480926279,617.0020349130734,621.3265380859375,41120400
2025-12-24,621.2067276835874,623.4938829346665,620.9370481838333,623.144287109375,18468700
2025-12-26,623.873297918951,624.7322611929134,622.3552536061636,623.1043090820312,28959800
2025-12-29,619.3190849184411,621.995763643064,617.9508150333834,620.088134765625,32458300
2025-12-30,619.0594201394988,621.3964390816567,618.4401448660525,618.64990234375,31226800
2025-12-31,618.8696789386981,619.1792861072609,613.2766946262738,613.536376953125,40746500
2026-01-02,619.2791633693975,622.0656280105537,609.381669736326,612.347900390625,61859200
2026-01-05,618.5400731036631,620.0281869343077,615.9433108116908,617.2117309570312,46828400
2026-01-06,618.4501618747352,623.2341686687002,617.7610283782293,622.6348876953125,43137500
2026-01-07,622.2553845556755,627.1492383750701,621.7760085257346,623.2341918945312,44880300
2026-01-08,622.2454332860368,622.6348958217857,617.0219780933957,619.6885986328125,50435900
2026-01-09,620.6273877403378,627.0992684709724,618.280371644388,625.86083984375,49688700
2026-01-12,621.5263228144307,628.0580650499223,621.4763979710708,626.3801879882812,37388700
2026-01-13,626.4800871429724,628.6772678768714,622.9145755930199,625.4513549804688,44481400
2026-01-14,621.4563902550666,622.6648884214621,613.7860691564842,618.769775390625,72598700
2026-01-15,625.8108857116995,629.206628407055,619.9682771169513,620.9970092773438,53934900
2026-01-16,624.7123119754499,625.2915986535979,618.1006533744517,620.4776611328125,61058100
2026-01-20,609.7611716460692,614.2854351912486,606.2855126563834,607.2942504882812,81988900
2026-01-21,608.7024240227943,619.6386461402016,607.0944662344775,615.50390625,79837900
2026-01-22,621.5662350217955,621.6761428244047,617.0020437780021,619.978271484375,42254800
2026-01-23,618.949566020391,624.612469784726,617.8709699342951,621.935791015625,43645800
2026-01-26,622.425196766994,626.81961915323,621.3365426117721,624.67236328125,35983000
2026-01-27,628.1179690883873,631.2440322678261,626.5499998769385,630.335205078125,38997200
2026-01-28,634.6597767228699,635.7982947738302,631.014348844542,632.4225463867188,50691700
2026-01-29,631.8533057393616,632.8719797654484,617.4914101080947,628.6373291015625,79944000
2026-01-30,624.9220440060533,627.4688205124429,618.5200822009824,621.0868530273438,65650700
2026-02-02,617.9208683974972,627.6985176699922,617.8808797571519,625.3515014648438,49020300
2026-02-03,627.5087242048245,629.1866011443993,610.1905958568021,615.7435913085938,81234000
2026-02-04,614.2455284678144,614.3253838343164,599.7138024298947,604.9871826171875,81850700
2026-02-05,599.4541864003901,604.0483693053457,594.0110373128413,596.2781982421875,89354500
2026-02-06,599.434154665902,610.6399955270392,598.0159600076653,608.8822631835938,78019300
2026-02-09,606.7748955946631,615.6837064208919,604.3080353554789,613.54638671875,56797600
2026-02-10,614.5351423104305,616.2430108652889,610.2405694597212,610.699951171875,53938900
2026-02-11,615.6037921922693,616.7423712103644,606.9247331463698,612.337890625,58575100
2026-02-12,613.9358943887876,615.0344847338599,598.8149461335121,599.8836059570312,81378900
2026-02-13,599.673873409497,605.7162424752422,595.6689134343201,601.1619873046875,69237500
2026-02-17,597.626419057608,603.1894116444834,592.5927882610704,600.542724609375,69013800
2026-02-18,601.3517411914925,609.0021290003773,599.9634770047899,605.027099609375,64250700
2026-02-19,602.0508799312083,605.0570991965415,599.993476524114,602.7100219726562,60960800
2026-02-20,599.3642756707148,609.581373723881,598.4753818004266,608.0433349609375,74127300
2026-02-23,605.8460514657053,607.2443127599432,598.2955745850619,600.652587890625,63859100
2026-02-24,601.6414099286677,608.2230768722754,598.9747284234804,607.1044921875,55023700
2026-02-25,610.3004608891118,616.053216829597,610.2305417280922,615.9033813476562,55710700
2026-02-26,614.8148183820397,614.8148183820397,603.2193924504018,608.4727783203125,96178900
2026-02-27,602.2206376135266,607.5539396831472,601.4316544188312,606.5252075195312,68125200
2026-03-02,598.1058012495889,609.1518702196468,597.2369017749593,607.32421875,75264600
2026-03-03,595.5790600436336,603.1994564784976,591.1246545665933,600.8224487304688,97015500
2026-03-04,603.3991678160902,612.108218610738,602.6701065956436,609.9808959960938,70943900
2026-03-05,606.6350803018902,611.9883154244911,601.5015388569162,608.1431274414062,89602400
2026-03-06,599.5539822531658,605.2368188486739,597.5764953219963,598.9946899414062,86302300
2026-03-09,593.4816386137257,608.5027370453225,590.5853272955466,606.99462890625,93068200
2026-03-10,607.0146358319374,612.5176457382476,604.65756151405,607.004638671875,64078900
2026-03-11,608.1831666985171,611.6587648578186,604.2681201890963,606.9247436523438,60114800
2026-03-12,602.0009473234562,603.3792143506387,596.2981160455262,596.5078735351562,71836600
2026-03-13,598.9747313072235,602.8398528802119,591.8237748266745,592.9722900390625,63145500
2026-03-16,599.2843027330098,603.099499235842,598.3554812666724,599.6239013671875,49077200
2026-03-17,602.3804630878033,605.1369970937805,601.1120429286618,602.5502319335938,47106600
2026-03-18,600.7325461165636,602.400426051188,593.8112802396884,594.15087890625,56128000
2026-03-19,588.7676039624899,595.0496606380132,586.3406715242521,592.273193359375,75597600
2026-03-20,590.3156309505814,590.4254777892629,577.8113788279011,581.3269653320312,91964700
2026-03-23,590.52001953125,595.0800170898438,585.9600219726562,588.0,89936100
2026-03-24,584.8099975585938,587.9299926757812,581.9299926757812,583.97998046875,57750900
2026-03-25,589.1400146484375,591.3699951171875,585.6900024414062,587.8200073242188,60475500
2026-03-26,582.5999755859375,584.6300048828125,573.4299926757812,573.7899780273438,81492100
2026-03-27,570.8099975585938,571.02001953125,561.5700073242188,562.5800170898438,82702200
2026-03-30,567.3800048828125,568.0499877929688,555.5999755859375,558.280029296875,70602600
2026-03-31,564.2899780273438,578.6400146484375,564.2100219726562,577.1799926757812,95878000
2026-04-01,581.47998046875,587.739990234375,580.4199829101562,584.3099975585938,79435100
2026-04-02,573.969970703125,586.0499877929688,571.9199829101562,584.97998046875,50941700
2026-04-06,586.22998046875,590.6099853515625,584.6900024414062,588.5,35108500
2026-04-07,585.6400146484375,588.97998046875,578.4000244140625,588.5900268554688,49948200
2026-04-08,608.7100219726562,609.9000244140625,602.1199951171875,606.0900268554688,63086000
2026-04-09,605.9299926757812,610.5,603.030029296875,610.1900024414062,37837500
2026-04-10,611.8400268554688,613.6699829101562,609.5800170898438,611.0700073242188,34038500
2026-04-13,609.47998046875,626.739990234375,608.1099853515625,617.3900146484375,32972100
2026-04-14,620.219970703125,628.5999755859375,620.0999755859375,628.5999755859375,49921100
2026-04-15,629.0800170898438,637.8300170898438,628.2000122070312,637.4000244140625,50102400
2026-04-16,639.2100219726562,642.1799926757812,635.260009765625,640.469970703125,42320600
2026-04-17,645.5900268554688,650.0,644.0700073242188,648.8499755859375,53488900
2026-04-20,648.0399780273438,648.760009765625,642.52001953125,646.7899780273438,37138500
2026-04-21,648.4099731445312,650.2000122070312,642.2100219726562,644.3300170898438,39580500
2026-04-22,650.1500244140625,655.3300170898438,648.52001953125,655.1099853515625,37368400
2026-04-23,653.5499877929688,656.9199829101562,645.52001953125,651.4199829101562,40099800
2026-04-24,658.510009765625,664.510009765625,656.530029296875,663.8800048828125,45563100
2026-04-27,663.4000244140625,664.4299926757812,660.6900024414062,664.22998046875,32717000
2026-04-28,657.4099731445312,659.6400146484375,653.8099975585938,657.5499877929688,34147900
2026-04-29,658.6300048828125,661.719970703125,656.5900268554688,661.5700073242188,31724900
2026-04-30,665.3499755859375,668.9000244140625,657.5599975585938,667.739990234375,40622200
2026-05-01,669.1599731445312,675.969970703125,668.7999877929688,674.1500244140625,39172600
2026-05-04,674.6599731445312,676.72998046875,668.9000244140625,672.8800048828125,34542000
2026-05-05,677.9600219726562,682.77001953125,677.510009765625,681.6099853515625,37101100
2026-05-06,687.780029296875,695.9299926757812,686.47998046875,695.77001953125,38778500
2026-05-07,696.5800170898438,701.239990234375,691.77001953125,694.9400024414062,43779100
2026-05-08,699.9199829101562,711.22998046875,699.5,711.22998046875,44320400
2026-05-11,710.3599853515625,714.5900268554688,708.9099731445312,713.2899780273438,36019100
2026-05-12,708.219970703125,710.1799926757812,696.6400146484375,707.239990234375,45873000
2026-05-13,709.9600219726562,716.6500244140625,704.8300170898438,714.7100219726562,40012500
2026-05-14,714.6199951171875,722.030029296875,714.219970703125,719.7899780273438,33327500
2026-05-15,710.1400146484375,715.1300048828125,705.5499877929688,708.9299926757812,51792700
2026-05-18,711.5399780273438,712.0700073242188,698.8499755859375,705.8800048828125,49834500
2026-05-19,699.8099975585938,706.489990234375,695.25,701.530029296875,46827500
2026-05-20,705.2899780273438,713.1500244140625,703.7899780273438,713.1500244140625,36779200
2026-05-21,708.989990234375,717.1199951171875,706.77001953125,714.510009765625,36415400
2026-05-22,718.0700073242188,722.1199951171875,715.9500122070312,717.5399780273438,33118600
2026-05-26,725.9600219726562,731.1699829101562,724.1599731445312,730.280029296875,34254700
2026-05-27,732.9600219726562,733.3200073242188,725.4400024414062,729.4500122070312,35148700
2026-05-28,729.72998046875,736.5999755859375,726.4099731445312,735.5999755859375,32840000
2026-05-29,737.8400268554688,741.6300048828125,735.25,738.3099975585938,37541700
2026-06-01,737.0399780273438,745.6500244140625,735.989990234375,742.739990234375,33890600
2026-06-02,742.4000244140625,746.4400024414062,739.22998046875,746.1599731445312,30085200
2026-06-03,747.3099975585938,748.6500244140625,741.010009765625,744.2100219726562,40270200
2026-06-04,735.47998046875,743.5,732.6199951171875,740.6099853515625,40782600
2026-06-05,730.0599975585938,731.6900024414062,704.3200073242188,705.0599975585938,99178800
2026-06-08,717.8099975585938,723.027587890625,713.0999755859375,716.0700073242188,44898470
