rule,level,message,stock,ph,mid_trend_state,Date,allocation_regime,hold_reason
midtrend_bear_high_stock,WARNING,mid_trend=BEAR but stock>=80%. Check trend context or policy override.,0.8,0.7734,BEAR,2013-01-02,RISK_OFF,initial
highvol_high_stock,WARNING,prob_high_vol>0.60 but stock>=80%.,0.8,0.7734,BEAR,2013-01-02,RISK_OFF,initial
midtrend_bear_high_stock,WARNING,mid_trend=BEAR but stock>=80%. Check trend context or policy override.,0.8,0.7654,BEAR,2013-01-03,CUSTOM,not_rebalance_day
highvol_high_stock,WARNING,prob_high_vol>0.60 but stock>=80%.,0.8,0.7654,BEAR,2013-01-03,CUSTOM,not_rebalance_day
midtrend_bear_high_stock,WARNING,mid_trend=BEAR but stock>=80%. Check trend context or policy override.,0.8,0.7626,BEAR,2013-01-04,CUSTOM,not_rebalance_day
highvol_high_stock,WARNING,prob_high_vol>0.60 but stock>=80%.,0.8,0.7626,BEAR,2013-01-04,CUSTOM,not_rebalance_day
midtrend_bear_high_stock,WARNING,mid_trend=BEAR but stock>=80%. Check trend context or policy override.,0.8,0.7566,BEAR,2013-01-07,CUSTOM,not_rebalance_day
highvol_high_stock,WARNING,prob_high_vol>0.60 but stock>=80%.,0.8,0.7566,BEAR,2013-01-07,CUSTOM,not_rebalance_day
midtrend_bear_high_stock,WARNING,mid_trend=BEAR but stock>=80%. Check trend context or policy override.,0.8,0.7403,BEAR,2013-01-08,CUSTOM,not_rebalance_day
highvol_high_stock,WARNING,prob_high_vol>0.60 but stock>=80%.,0.8,0.7403,BEAR,2013-01-08,CUSTOM,not_rebalance_day
midtrend_bear_high_stock,WARNING,mid_trend=BEAR but stock>=80%. Check trend context or policy override.,0.8,0.7276,BEAR,2013-01-09,CUSTOM,no_trade_band
highvol_high_stock,WARNING,prob_high_vol>0.60 but stock>=80%.,0.8,0.7276,BEAR,2013-01-09,CUSTOM,no_trade_band
midtrend_bear_high_stock,WARNING,mid_trend=BEAR but stock>=80%. Check trend context or policy override.,0.8,0.7172,BEAR,2013-01-10,CUSTOM,not_rebalance_day
highvol_high_stock,WARNING,prob_high_vol>0.60 but stock>=80%.,0.8,0.7172,BEAR,2013-01-10,CUSTOM,not_rebalance_day
midtrend_bear_high_stock,WARNING,mid_trend=BEAR but stock>=80%. Check trend context or policy override.,0.8,0.7057,BEAR,2013-01-11,CUSTOM,not_rebalance_day
highvol_high_stock,WARNING,prob_high_vol>0.60 but stock>=80%.,0.8,0.7057,BEAR,2013-01-11,CUSTOM,not_rebalance_day
midtrend_bear_high_stock,WARNING,mid_trend=BEAR but stock>=80%. Check trend context or policy override.,0.8,0.7172,BEAR,2013-01-14,CUSTOM,not_rebalance_day
highvol_high_stock,WARNING,prob_high_vol>0.60 but stock>=80%.,0.8,0.7172,BEAR,2013-01-14,CUSTOM,not_rebalance_day
midtrend_bear_high_stock,WARNING,mid_trend=BEAR but stock>=80%. Check trend context or policy override.,0.8,0.7249,BEAR,2013-01-15,CUSTOM,not_rebalance_day
highvol_high_stock,WARNING,prob_high_vol>0.60 but stock>=80%.,0.8,0.7249,BEAR,2013-01-15,CUSTOM,not_rebalance_day
midtrend_bear_high_stock,WARNING,mid_trend=BEAR but stock>=80%. Check trend context or policy override.,0.8,0.73,BEAR,2013-01-16,CUSTOM,no_trade_band
highvol_high_stock,WARNING,prob_high_vol>0.60 but stock>=80%.,0.8,0.73,BEAR,2013-01-16,CUSTOM,no_trade_band
midtrend_bear_high_stock,WARNING,mid_trend=BEAR but stock>=80%. Check trend context or policy override.,0.8,0.7319,BEAR,2013-01-17,CUSTOM,not_rebalance_day
highvol_high_stock,WARNING,prob_high_vol>0.60 but stock>=80%.,0.8,0.7319,BEAR,2013-01-17,CUSTOM,not_rebalance_day
midtrend_bear_high_stock,WARNING,mid_trend=BEAR but stock>=80%. Check trend context or policy override.,0.8,0.734,BEAR,2013-01-18,CUSTOM,not_rebalance_day
highvol_high_stock,WARNING,prob_high_vol>0.60 but stock>=80%.,0.8,0.734,BEAR,2013-01-18,CUSTOM,not_rebalance_day
midtrend_bear_high_stock,WARNING,mid_trend=BEAR but stock>=80%. Check trend context or policy override.,0.8,0.7334,BEAR,2013-01-22,CUSTOM,not_rebalance_day
highvol_high_stock,WARNING,prob_high_vol>0.60 but stock>=80%.,0.8,0.7334,BEAR,2013-01-22,CUSTOM,not_rebalance_day
midtrend_bear_high_stock,WARNING,mid_trend=BEAR but stock>=80%. Check trend context or policy override.,0.8,0.7314,BEAR,2013-01-23,CUSTOM,not_rebalance_day
highvol_high_stock,WARNING,prob_high_vol>0.60 but stock>=80%.,0.8,0.7314,BEAR,2013-01-23,CUSTOM,not_rebalance_day
midtrend_bear_high_stock,WARNING,mid_trend=BEAR but stock>=80%. Check trend context or policy override.,0.8,0.7683,BEAR,2013-01-24,CUSTOM,no_trade_band
highvol_high_stock,WARNING,prob_high_vol>0.60 but stock>=80%.,0.8,0.7683,BEAR,2013-01-24,CUSTOM,no_trade_band
midtrend_bear_high_stock,WARNING,mid_trend=BEAR but stock>=80%. Check trend context or policy override.,0.8,0.795,BEAR,2013-01-25,CUSTOM,no_trade_band
highvol_high_stock,WARNING,prob_high_vol>0.60 but stock>=80%.,0.8,0.795,BEAR,2013-01-25,CUSTOM,no_trade_band
midtrend_bear_high_stock,WARNING,mid_trend=BEAR but stock>=80%. Check trend context or policy override.,0.8,0.8158,BEAR,2013-01-28,CUSTOM,not_rebalance_day
highvol_high_stock,WARNING,prob_high_vol>0.60 but stock>=80%.,0.8,0.8158,BEAR,2013-01-28,CUSTOM,not_rebalance_day
extreme_highvol_full_stock,HARD_CAP,prob_high_vol>0.80 but stock>=70%.,0.8,0.8158,BEAR,2013-01-28,CUSTOM,not_rebalance_day
midtrend_bear_high_stock,WARNING,mid_trend=BEAR but stock>=80%. Check trend context or policy override.,0.8,0.8147,BEAR,2013-02-01,RISK_OFF,emergency
highvol_high_stock,WARNING,prob_high_vol>0.60 but stock>=80%.,0.8,0.8147,BEAR,2013-02-01,RISK_OFF,emergency
extreme_highvol_full_stock,HARD_CAP,prob_high_vol>0.80 but stock>=70%.,0.8,0.8147,BEAR,2013-02-01,RISK_OFF,emergency
midtrend_bear_high_stock,WARNING,mid_trend=BEAR but stock>=80%. Check trend context or policy override.,0.8,0.7804,BEAR,2013-02-14,RISK_OFF,scheduled
highvol_high_stock,WARNING,prob_high_vol>0.60 but stock>=80%.,0.8,0.7804,BEAR,2013-02-14,RISK_OFF,scheduled
midtrend_bear_high_stock,WARNING,mid_trend=BEAR but stock>=80%. Check trend context or policy override.,0.8,0.7793,BEAR,2013-02-15,CUSTOM,not_rebalance_day
highvol_high_stock,WARNING,prob_high_vol>0.60 but stock>=80%.,0.8,0.7793,BEAR,2013-02-15,CUSTOM,not_rebalance_day
midtrend_bear_high_stock,WARNING,mid_trend=BEAR but stock>=80%. Check trend context or policy override.,0.8,0.7795,BEAR,2013-02-19,CUSTOM,not_rebalance_day
highvol_high_stock,WARNING,prob_high_vol>0.60 but stock>=80%.,0.8,0.7795,BEAR,2013-02-19,CUSTOM,not_rebalance_day
midtrend_bear_high_stock,WARNING,mid_trend=BEAR but stock>=80%. Check trend context or policy override.,0.8,0.7733,BEAR,2013-02-20,CUSTOM,not_rebalance_day
highvol_high_stock,WARNING,prob_high_vol>0.60 but stock>=80%.,0.8,0.7733,BEAR,2013-02-20,CUSTOM,not_rebalance_day
midtrend_bear_high_stock,WARNING,mid_trend=BEAR but stock>=80%. Check trend context or policy override.,0.8,0.767,BEAR,2013-02-21,CUSTOM,not_rebalance_day
highvol_high_stock,WARNING,prob_high_vol>0.60 but stock>=80%.,0.8,0.767,BEAR,2013-02-21,CUSTOM,not_rebalance_day
midtrend_bear_high_stock,WARNING,mid_trend=BEAR but stock>=80%. Check trend context or policy override.,0.8,0.7617,BEAR,2013-02-22,CUSTOM,no_trade_band
highvol_high_stock,WARNING,prob_high_vol>0.60 but stock>=80%.,0.8,0.7617,BEAR,2013-02-22,CUSTOM,no_trade_band
midtrend_bear_high_stock,WARNING,mid_trend=BEAR but stock>=80%. Check trend context or policy override.,0.8,0.7097,BEAR,2013-02-25,CUSTOM,not_rebalance_day
highvol_high_stock,WARNING,prob_high_vol>0.60 but stock>=80%.,0.8,0.7097,BEAR,2013-02-25,CUSTOM,not_rebalance_day
midtrend_bear_high_stock,WARNING,mid_trend=BEAR but stock>=80%. Check trend context or policy override.,0.8,0.6856,BEAR,2013-02-26,CUSTOM,not_rebalance_day
highvol_high_stock,WARNING,prob_high_vol>0.60 but stock>=80%.,0.8,0.6856,BEAR,2013-02-26,CUSTOM,not_rebalance_day
midtrend_bear_high_stock,WARNING,mid_trend=BEAR but stock>=80%. Check trend context or policy override.,0.96,0.6685,BEAR,2013-02-27,WATCH,strong_offensive_override
highvol_high_stock,WARNING,prob_high_vol>0.60 but stock>=80%.,0.96,0.6685,BEAR,2013-02-27,WATCH,strong_offensive_override
midtrend_bear_high_stock,WARNING,mid_trend=BEAR but stock>=80%. Check trend context or policy override.,0.96,0.6541,BEAR,2013-02-28,WATCH,strong_offensive_override
highvol_high_stock,WARNING,prob_high_vol>0.60 but stock>=80%.,0.96,0.6541,BEAR,2013-02-28,WATCH,strong_offensive_override
midtrend_bear_high_stock,WARNING,mid_trend=BEAR but stock>=80%. Check trend context or policy override.,0.96,0.6696,BEAR,2013-03-01,WATCH,strong_offensive_override
highvol_high_stock,WARNING,prob_high_vol>0.60 but stock>=80%.,0.96,0.6696,BEAR,2013-03-01,WATCH,strong_offensive_override
midtrend_bear_high_stock,WARNING,mid_trend=BEAR but stock>=80%. Check trend context or policy override.,0.96,0.6865,BEAR,2013-03-04,CUSTOM,not_rebalance_day
highvol_high_stock,WARNING,prob_high_vol>0.60 but stock>=80%.,0.96,0.6865,BEAR,2013-03-04,CUSTOM,not_rebalance_day
midtrend_bear_high_stock,WARNING,mid_trend=BEAR but stock>=80%. Check trend context or policy override.,0.8,0.7136,BEAR,2013-03-05,WATCH,no_trade_override_prob_high_vol_cross_0.70
highvol_high_stock,WARNING,prob_high_vol>0.60 but stock>=80%.,0.8,0.7136,BEAR,2013-03-05,WATCH,no_trade_override_prob_high_vol_cross_0.70
midtrend_bear_high_stock,WARNING,mid_trend=BEAR but stock>=80%. Check trend context or policy override.,0.8,0.7259,BEAR,2013-03-06,CUSTOM,not_rebalance_day
highvol_high_stock,WARNING,prob_high_vol>0.60 but stock>=80%.,0.8,0.7259,BEAR,2013-03-06,CUSTOM,not_rebalance_day
midtrend_bear_high_stock,WARNING,mid_trend=BEAR but stock>=80%. Check trend context or policy override.,0.8,0.7386,BEAR,2013-03-07,CUSTOM,not_rebalance_day
highvol_high_stock,WARNING,prob_high_vol>0.60 but stock>=80%.,0.8,0.7386,BEAR,2013-03-07,CUSTOM,not_rebalance_day
midtrend_bear_high_stock,WARNING,mid_trend=BEAR but stock>=80%. Check trend context or policy override.,0.8,0.7488,BEAR,2013-03-08,CUSTOM,no_trade_band
highvol_high_stock,WARNING,prob_high_vol>0.60 but stock>=80%.,0.8,0.7488,BEAR,2013-03-08,CUSTOM,no_trade_band
midtrend_bear_high_stock,WARNING,mid_trend=BEAR but stock>=80%. Check trend context or policy override.,0.8,0.7575,BEAR,2013-03-11,CUSTOM,not_rebalance_day
highvol_high_stock,WARNING,prob_high_vol>0.60 but stock>=80%.,0.8,0.7575,BEAR,2013-03-11,CUSTOM,not_rebalance_day
midtrend_bear_high_stock,WARNING,mid_trend=BEAR but stock>=80%. Check trend context or policy override.,0.8,0.7732,BEAR,2013-03-12,CUSTOM,not_rebalance_day
highvol_high_stock,WARNING,prob_high_vol>0.60 but stock>=80%.,0.8,0.7732,BEAR,2013-03-12,CUSTOM,not_rebalance_day
midtrend_bear_high_stock,WARNING,mid_trend=BEAR but stock>=80%. Check trend context or policy override.,0.8,0.7791,BEAR,2013-03-13,CUSTOM,not_rebalance_day
highvol_high_stock,WARNING,prob_high_vol>0.60 but stock>=80%.,0.8,0.7791,BEAR,2013-03-13,CUSTOM,not_rebalance_day
midtrend_bear_high_stock,WARNING,mid_trend=BEAR but stock>=80%. Check trend context or policy override.,0.8,0.7809,BEAR,2013-03-14,CUSTOM,no_trade_band
highvol_high_stock,WARNING,prob_high_vol>0.60 but stock>=80%.,0.8,0.7809,BEAR,2013-03-14,CUSTOM,no_trade_band
midtrend_bear_high_stock,WARNING,mid_trend=BEAR but stock>=80%. Check trend context or policy override.,0.8,0.7836,BEAR,2013-03-15,CUSTOM,no_trade_band
highvol_high_stock,WARNING,prob_high_vol>0.60 but stock>=80%.,0.8,0.7836,BEAR,2013-03-15,CUSTOM,no_trade_band
midtrend_bear_high_stock,WARNING,mid_trend=BEAR but stock>=80%. Check trend context or policy override.,0.8,0.7762,BEAR,2013-03-18,CUSTOM,not_rebalance_day
highvol_high_stock,WARNING,prob_high_vol>0.60 but stock>=80%.,0.8,0.7762,BEAR,2013-03-18,CUSTOM,not_rebalance_day
midtrend_bear_high_stock,WARNING,mid_trend=BEAR but stock>=80%. Check trend context or policy override.,0.8,0.7716,BEAR,2013-03-19,CUSTOM,not_rebalance_day
highvol_high_stock,WARNING,prob_high_vol>0.60 but stock>=80%.,0.8,0.7716,BEAR,2013-03-19,CUSTOM,not_rebalance_day
midtrend_bear_high_stock,WARNING,mid_trend=BEAR but stock>=80%. Check trend context or policy override.,0.8,0.7654,BEAR,2013-03-20,CUSTOM,not_rebalance_day
highvol_high_stock,WARNING,prob_high_vol>0.60 but stock>=80%.,0.8,0.7654,BEAR,2013-03-20,CUSTOM,not_rebalance_day
midtrend_bear_high_stock,WARNING,mid_trend=BEAR but stock>=80%. Check trend context or policy override.,0.8,0.7656,BEAR,2013-03-21,CUSTOM,not_rebalance_day
highvol_high_stock,WARNING,prob_high_vol>0.60 but stock>=80%.,0.8,0.7656,BEAR,2013-03-21,CUSTOM,not_rebalance_day
midtrend_bear_high_stock,WARNING,mid_trend=BEAR but stock>=80%. Check trend context or policy override.,0.8,0.7668,BEAR,2013-03-22,CUSTOM,no_trade_band
highvol_high_stock,WARNING,prob_high_vol>0.60 but stock>=80%.,0.8,0.7668,BEAR,2013-03-22,CUSTOM,no_trade_band
midtrend_bear_high_stock,WARNING,mid_trend=BEAR but stock>=80%. Check trend context or policy override.,0.8,0.7531,BEAR,2013-03-25,CUSTOM,not_rebalance_day
highvol_high_stock,WARNING,prob_high_vol>0.60 but stock>=80%.,0.8,0.7531,BEAR,2013-03-25,CUSTOM,not_rebalance_day
midtrend_bear_high_stock,WARNING,mid_trend=BEAR but stock>=80%. Check trend context or policy override.,0.8,0.7378,BEAR,2013-03-26,CUSTOM,not_rebalance_day
highvol_high_stock,WARNING,prob_high_vol>0.60 but stock>=80%.,0.8,0.7378,BEAR,2013-03-26,CUSTOM,not_rebalance_day
midtrend_bear_high_stock,WARNING,mid_trend=BEAR but stock>=80%. Check trend context or policy override.,0.8,0.7315,BEAR,2013-03-27,CUSTOM,not_rebalance_day
highvol_high_stock,WARNING,prob_high_vol>0.60 but stock>=80%.,0.8,0.7315,BEAR,2013-03-27,CUSTOM,not_rebalance_day
midtrend_bear_high_stock,WARNING,mid_trend=BEAR but stock>=80%. Check trend context or policy override.,0.8,0.7277,BEAR,2013-03-28,CUSTOM,not_rebalance_day
highvol_high_stock,WARNING,prob_high_vol>0.60 but stock>=80%.,0.8,0.7277,BEAR,2013-03-28,CUSTOM,not_rebalance_day
midtrend_bear_high_stock,WARNING,mid_trend=BEAR but stock>=80%. Check trend context or policy override.,0.8,0.7209,BEAR,2013-04-01,CUSTOM,no_trade_band
highvol_high_stock,WARNING,prob_high_vol>0.60 but stock>=80%.,0.8,0.7209,BEAR,2013-04-01,CUSTOM,no_trade_band
midtrend_bear_high_stock,WARNING,mid_trend=BEAR but stock>=80%. Check trend context or policy override.,0.8,0.7041,BEAR,2013-04-02,CUSTOM,not_rebalance_day
highvol_high_stock,WARNING,prob_high_vol>0.60 but stock>=80%.,0.8,0.7041,BEAR,2013-04-02,CUSTOM,not_rebalance_day
midtrend_bear_high_stock,WARNING,mid_trend=BEAR but stock>=80%. Check trend context or policy override.,0.8,0.7013,BEAR,2013-04-03,CUSTOM,not_rebalance_day
highvol_high_stock,WARNING,prob_high_vol>0.60 but stock>=80%.,0.8,0.7013,BEAR,2013-04-03,CUSTOM,not_rebalance_day
midtrend_bear_high_stock,WARNING,mid_trend=BEAR but stock>=80%. Check trend context or policy override.,0.8,0.6991,BEAR,2013-04-04,CUSTOM,not_rebalance_day
highvol_high_stock,WARNING,prob_high_vol>0.60 but stock>=80%.,0.8,0.6991,BEAR,2013-04-04,CUSTOM,not_rebalance_day
midtrend_bear_high_stock,WARNING,mid_trend=BEAR but stock>=80%. Check trend context or policy override.,0.8,0.6922,BEAR,2013-04-05,CUSTOM,not_rebalance_day
highvol_high_stock,WARNING,prob_high_vol>0.60 but stock>=80%.,0.8,0.6922,BEAR,2013-04-05,CUSTOM,not_rebalance_day
midtrend_bear_high_stock,WARNING,mid_trend=BEAR but stock>=80%. Check trend context or policy override.,0.96,0.6717,BEAR,2013-04-08,WATCH,strong_offensive_override
highvol_high_stock,WARNING,prob_high_vol>0.60 but stock>=80%.,0.96,0.6717,BEAR,2013-04-08,WATCH,strong_offensive_override
midtrend_bear_high_stock,WARNING,mid_trend=BEAR but stock>=80%. Check trend context or policy override.,0.96,0.6588,BEAR,2013-04-09,WATCH,strong_offensive_override
highvol_high_stock,WARNING,prob_high_vol>0.60 but stock>=80%.,0.96,0.6588,BEAR,2013-04-09,WATCH,strong_offensive_override
midtrend_bear_high_stock,WARNING,mid_trend=BEAR but stock>=80%. Check trend context or policy override.,0.96,0.6403,BEAR,2013-04-10,WATCH,strong_offensive_override
highvol_high_stock,WARNING,prob_high_vol>0.60 but stock>=80%.,0.96,0.6403,BEAR,2013-04-10,WATCH,strong_offensive_override
midtrend_bear_high_stock,WARNING,mid_trend=BEAR but stock>=80%. Check trend context or policy override.,0.96,0.6232,BEAR,2013-04-11,WATCH,strong_offensive_override
highvol_high_stock,WARNING,prob_high_vol>0.60 but stock>=80%.,0.96,0.6232,BEAR,2013-04-11,WATCH,strong_offensive_override
midtrend_bear_high_stock,WARNING,mid_trend=BEAR but stock>=80%. Check trend context or policy override.,0.96,0.6069,BEAR,2013-04-12,WATCH,strong_offensive_override
highvol_high_stock,WARNING,prob_high_vol>0.60 but stock>=80%.,0.96,0.6069,BEAR,2013-04-12,WATCH,strong_offensive_override
midtrend_bear_high_stock,WARNING,mid_trend=BEAR but stock>=80%. Check trend context or policy override.,0.96,0.6131,BEAR,2013-04-15,WATCH,strong_offensive_override
highvol_high_stock,WARNING,prob_high_vol>0.60 but stock>=80%.,0.96,0.6131,BEAR,2013-04-15,WATCH,strong_offensive_override
midtrend_bear_high_stock,WARNING,mid_trend=BEAR but stock>=80%. Check trend context or policy override.,0.96,0.607,BEAR,2013-04-16,WATCH,strong_offensive_override
highvol_high_stock,WARNING,prob_high_vol>0.60 but stock>=80%.,0.96,0.607,BEAR,2013-04-16,WATCH,strong_offensive_override
midtrend_bear_high_stock,WARNING,mid_trend=BEAR but stock>=80%. Check trend context or policy override.,0.96,0.6447,BEAR,2013-04-17,WATCH,strong_offensive_override
highvol_high_stock,WARNING,prob_high_vol>0.60 but stock>=80%.,0.96,0.6447,BEAR,2013-04-17,WATCH,strong_offensive_override
midtrend_bear_high_stock,WARNING,mid_trend=BEAR but stock>=80%. Check trend context or policy override.,0.96,0.6654,BEAR,2013-04-18,WATCH,strong_offensive_override
highvol_high_stock,WARNING,prob_high_vol>0.60 but stock>=80%.,0.96,0.6654,BEAR,2013-04-18,WATCH,strong_offensive_override
midtrend_bear_high_stock,WARNING,mid_trend=BEAR but stock>=80%. Check trend context or policy override.,0.96,0.6762,BEAR,2013-04-19,WATCH,strong_offensive_override
highvol_high_stock,WARNING,prob_high_vol>0.60 but stock>=80%.,0.96,0.6762,BEAR,2013-04-19,WATCH,strong_offensive_override
midtrend_bear_high_stock,WARNING,mid_trend=BEAR but stock>=80%. Check trend context or policy override.,0.8,0.692,BEAR,2013-04-22,WATCH,scheduled
highvol_high_stock,WARNING,prob_high_vol>0.60 but stock>=80%.,0.8,0.692,BEAR,2013-04-22,WATCH,scheduled
midtrend_bear_high_stock,WARNING,mid_trend=BEAR but stock>=80%. Check trend context or policy override.,0.8,0.7066,BEAR,2013-04-23,WATCH,no_trade_override_prob_high_vol_cross_0.70
highvol_high_stock,WARNING,prob_high_vol>0.60 but stock>=80%.,0.8,0.7066,BEAR,2013-04-23,WATCH,no_trade_override_prob_high_vol_cross_0.70
midtrend_bear_high_stock,WARNING,mid_trend=BEAR but stock>=80%. Check trend context or policy override.,0.8,0.7186,BEAR,2013-04-24,CUSTOM,not_rebalance_day
highvol_high_stock,WARNING,prob_high_vol>0.60 but stock>=80%.,0.8,0.7186,BEAR,2013-04-24,CUSTOM,not_rebalance_day
midtrend_bear_high_stock,WARNING,mid_trend=BEAR but stock>=80%. Check trend context or policy override.,0.8,0.7263,BEAR,2013-04-25,CUSTOM,not_rebalance_day
highvol_high_stock,WARNING,prob_high_vol>0.60 but stock>=80%.,0.8,0.7263,BEAR,2013-04-25,CUSTOM,not_rebalance_day
midtrend_bear_high_stock,WARNING,mid_trend=BEAR but stock>=80%. Check trend context or policy override.,0.8,0.7417,BEAR,2013-04-26,CUSTOM,not_rebalance_day
highvol_high_stock,WARNING,prob_high_vol>0.60 but stock>=80%.,0.8,0.7417,BEAR,2013-04-26,CUSTOM,not_rebalance_day
midtrend_bear_high_stock,WARNING,mid_trend=BEAR but stock>=80%. Check trend context or policy override.,0.8,0.7518,BEAR,2013-04-29,CUSTOM,no_trade_band
highvol_high_stock,WARNING,prob_high_vol>0.60 but stock>=80%.,0.8,0.7518,BEAR,2013-04-29,CUSTOM,no_trade_band
midtrend_bear_high_stock,WARNING,mid_trend=BEAR but stock>=80%. Check trend context or policy override.,0.8,0.7615,BEAR,2013-04-30,CUSTOM,not_rebalance_day
highvol_high_stock,WARNING,prob_high_vol>0.60 but stock>=80%.,0.8,0.7615,BEAR,2013-04-30,CUSTOM,not_rebalance_day
midtrend_bear_high_stock,WARNING,mid_trend=BEAR but stock>=80%. Check trend context or policy override.,0.8,0.7757,BEAR,2013-05-01,CUSTOM,not_rebalance_day
highvol_high_stock,WARNING,prob_high_vol>0.60 but stock>=80%.,0.8,0.7757,BEAR,2013-05-01,CUSTOM,not_rebalance_day
midtrend_bear_high_stock,WARNING,mid_trend=BEAR but stock>=80%. Check trend context or policy override.,0.8,0.7863,BEAR,2013-05-02,CUSTOM,no_trade_band
highvol_high_stock,WARNING,prob_high_vol>0.60 but stock>=80%.,0.8,0.7863,BEAR,2013-05-02,CUSTOM,no_trade_band
midtrend_bear_high_stock,WARNING,mid_trend=BEAR but stock>=80%. Check trend context or policy override.,0.8,0.7906,BEAR,2013-05-03,CUSTOM,not_rebalance_day
highvol_high_stock,WARNING,prob_high_vol>0.60 but stock>=80%.,0.8,0.7906,BEAR,2013-05-03,CUSTOM,not_rebalance_day
midtrend_bear_high_stock,WARNING,mid_trend=BEAR but stock>=80%. Check trend context or policy override.,0.8,0.7937,BEAR,2013-05-06,CUSTOM,no_trade_band
highvol_high_stock,WARNING,prob_high_vol>0.60 but stock>=80%.,0.8,0.7937,BEAR,2013-05-06,CUSTOM,no_trade_band
midtrend_bear_high_stock,WARNING,mid_trend=BEAR but stock>=80%. Check trend context or policy override.,0.8,0.7958,BEAR,2013-05-07,CUSTOM,not_rebalance_day
highvol_high_stock,WARNING,prob_high_vol>0.60 but stock>=80%.,0.8,0.7958,BEAR,2013-05-07,CUSTOM,not_rebalance_day
midtrend_bear_high_stock,WARNING,mid_trend=BEAR but stock>=80%. Check trend context or policy override.,0.8,0.796,BEAR,2013-05-08,CUSTOM,not_rebalance_day
highvol_high_stock,WARNING,prob_high_vol>0.60 but stock>=80%.,0.8,0.796,BEAR,2013-05-08,CUSTOM,not_rebalance_day
midtrend_bear_high_stock,WARNING,mid_trend=BEAR but stock>=80%. Check trend context or policy override.,0.8,0.7973,BEAR,2013-05-09,CUSTOM,no_trade_band
highvol_high_stock,WARNING,prob_high_vol>0.60 but stock>=80%.,0.8,0.7973,BEAR,2013-05-09,CUSTOM,no_trade_band
midtrend_bear_high_stock,WARNING,mid_trend=BEAR but stock>=80%. Check trend context or policy override.,0.8,0.7989,BEAR,2013-05-10,CUSTOM,not_rebalance_day
highvol_high_stock,WARNING,prob_high_vol>0.60 but stock>=80%.,0.8,0.7989,BEAR,2013-05-10,CUSTOM,not_rebalance_day
midtrend_bear_high_stock,WARNING,mid_trend=BEAR but stock>=80%. Check trend context or policy override.,0.8,0.7995,BEAR,2013-05-13,CUSTOM,no_trade_band
highvol_high_stock,WARNING,prob_high_vol>0.60 but stock>=80%.,0.8,0.7995,BEAR,2013-05-13,CUSTOM,no_trade_band
midtrend_bear_high_stock,WARNING,mid_trend=BEAR but stock>=80%. Check trend context or policy override.,0.8,0.8052,BEAR,2013-05-14,CUSTOM,not_rebalance_day
highvol_high_stock,WARNING,prob_high_vol>0.60 but stock>=80%.,0.8,0.8052,BEAR,2013-05-14,CUSTOM,not_rebalance_day
extreme_highvol_full_stock,HARD_CAP,prob_high_vol>0.80 but stock>=70%.,0.8,0.8052,BEAR,2013-05-14,CUSTOM,not_rebalance_day
midtrend_bear_high_stock,WARNING,mid_trend=BEAR but stock>=80%. Check trend context or policy override.,0.8,0.7984,BEAR,2013-05-15,CUSTOM,not_rebalance_day
highvol_high_stock,WARNING,prob_high_vol>0.60 but stock>=80%.,0.8,0.7984,BEAR,2013-05-15,CUSTOM,not_rebalance_day
midtrend_bear_high_stock,WARNING,mid_trend=BEAR but stock>=80%. Check trend context or policy override.,0.8,0.7982,BEAR,2013-05-16,CUSTOM,no_trade_band
highvol_high_stock,WARNING,prob_high_vol>0.60 but stock>=80%.,0.8,0.7982,BEAR,2013-05-16,CUSTOM,no_trade_band
midtrend_bear_high_stock,WARNING,mid_trend=BEAR but stock>=80%. Check trend context or policy override.,0.8,0.7932,BEAR,2013-05-17,CUSTOM,not_rebalance_day
highvol_high_stock,WARNING,prob_high_vol>0.60 but stock>=80%.,0.8,0.7932,BEAR,2013-05-17,CUSTOM,not_rebalance_day
midtrend_bear_high_stock,WARNING,mid_trend=BEAR but stock>=80%. Check trend context or policy override.,0.8,0.7781,BEAR,2013-05-20,CUSTOM,no_trade_band
highvol_high_stock,WARNING,prob_high_vol>0.60 but stock>=80%.,0.8,0.7781,BEAR,2013-05-20,CUSTOM,no_trade_band
highvol_high_stock,WARNING,prob_high_vol>0.60 but stock>=80%.,0.8,0.7758,NEUTRAL,2013-05-21,CUSTOM,not_rebalance_day
highvol_high_stock,WARNING,prob_high_vol>0.60 but stock>=80%.,0.8,0.768,NEUTRAL,2013-05-22,CUSTOM,not_rebalance_day
highvol_high_stock,WARNING,prob_high_vol>0.60 but stock>=80%.,0.8,0.7638,BULL,2013-05-23,CUSTOM,not_rebalance_day
highvol_high_stock,WARNING,prob_high_vol>0.60 but stock>=80%.,0.8,0.7503,BULL,2013-05-24,CUSTOM,not_rebalance_day
highvol_high_stock,WARNING,prob_high_vol>0.60 but stock>=80%.,0.8,0.7419,BULL,2013-05-28,CUSTOM,no_trade_band
highvol_high_stock,WARNING,prob_high_vol>0.60 but stock>=80%.,0.8,0.7321,BULL,2013-05-29,CUSTOM,not_rebalance_day
highvol_high_stock,WARNING,prob_high_vol>0.60 but stock>=80%.,0.8,0.7225,BULL,2013-05-30,CUSTOM,not_rebalance_day
highvol_high_stock,WARNING,prob_high_vol>0.60 but stock>=80%.,0.8,0.7161,BULL,2013-05-31,CUSTOM,not_rebalance_day
highvol_high_stock,WARNING,prob_high_vol>0.60 but stock>=80%.,0.8,0.7094,BULL,2013-06-03,CUSTOM,not_rebalance_day
highvol_high_stock,WARNING,prob_high_vol>0.60 but stock>=80%.,0.8,0.6872,BULL,2013-06-04,CUSTOM,no_trade_band
highvol_high_stock,WARNING,prob_high_vol>0.60 but stock>=80%.,0.96,0.6694,BULL,2013-06-05,WATCH,strong_offensive_override
highvol_high_stock,WARNING,prob_high_vol>0.60 but stock>=80%.,0.96,0.6555,BULL,2013-06-06,WATCH,strong_offensive_override
highvol_high_stock,WARNING,prob_high_vol>0.60 but stock>=80%.,0.96,0.661,BULL,2013-06-07,WATCH,strong_offensive_override
highvol_high_stock,WARNING,prob_high_vol>0.60 but stock>=80%.,0.96,0.6632,BULL,2013-06-10,WATCH,strong_offensive_override
highvol_high_stock,WARNING,prob_high_vol>0.60 but stock>=80%.,0.96,0.6616,NEUTRAL,2013-06-11,WATCH,strong_offensive_override
midtrend_bear_high_stock,WARNING,mid_trend=BEAR but stock>=80%. Check trend context or policy override.,0.96,0.6576,BEAR,2013-06-12,WATCH,strong_offensive_override
highvol_high_stock,WARNING,prob_high_vol>0.60 but stock>=80%.,0.96,0.6576,BEAR,2013-06-12,WATCH,strong_offensive_override
highvol_high_stock,WARNING,prob_high_vol>0.60 but stock>=80%.,0.96,0.6553,NEUTRAL,2013-06-13,WATCH,strong_offensive_override
midtrend_bear_high_stock,WARNING,mid_trend=BEAR but stock>=80%. Check trend context or policy override.,0.96,0.6461,BEAR,2013-06-14,WATCH,strong_offensive_override
highvol_high_stock,WARNING,prob_high_vol>0.60 but stock>=80%.,0.96,0.6461,BEAR,2013-06-14,WATCH,strong_offensive_override
midtrend_bear_high_stock,WARNING,mid_trend=BEAR but stock>=80%. Check trend context or policy override.,0.96,0.6387,BEAR,2013-06-17,WATCH,strong_offensive_override
highvol_high_stock,WARNING,prob_high_vol>0.60 but stock>=80%.,0.96,0.6387,BEAR,2013-06-17,WATCH,strong_offensive_override
midtrend_bear_high_stock,WARNING,mid_trend=BEAR but stock>=80%. Check trend context or policy override.,0.96,0.6162,BEAR,2013-06-18,WATCH,strong_offensive_override
highvol_high_stock,WARNING,prob_high_vol>0.60 but stock>=80%.,0.96,0.6162,BEAR,2013-06-18,WATCH,strong_offensive_override
midtrend_bear_high_stock,WARNING,mid_trend=BEAR but stock>=80%. Check trend context or policy override.,0.96,0.5964,BEAR,2013-06-19,WATCH,strong_offensive_override
midtrend_bear_high_stock,WARNING,mid_trend=BEAR but stock>=80%. Check trend context or policy override.,0.96,0.5909,BEAR,2013-06-20,WATCH,strong_offensive_override
midtrend_bear_high_stock,WARNING,mid_trend=BEAR but stock>=80%. Check trend context or policy override.,0.96,0.6066,BEAR,2013-06-21,WATCH,strong_offensive_override
highvol_high_stock,WARNING,prob_high_vol>0.60 but stock>=80%.,0.96,0.6066,BEAR,2013-06-21,WATCH,strong_offensive_override
midtrend_bear_high_stock,WARNING,mid_trend=BEAR but stock>=80%. Check trend context or policy override.,0.96,0.6312,BEAR,2013-06-24,WATCH,strong_offensive_override
highvol_high_stock,WARNING,prob_high_vol>0.60 but stock>=80%.,0.96,0.6312,BEAR,2013-06-24,WATCH,strong_offensive_override
midtrend_bear_high_stock,WARNING,mid_trend=BEAR but stock>=80%. Check trend context or policy override.,0.96,0.6263,BEAR,2013-06-25,WATCH,strong_offensive_override
highvol_high_stock,WARNING,prob_high_vol>0.60 but stock>=80%.,0.96,0.6263,BEAR,2013-06-25,WATCH,strong_offensive_override
midtrend_bear_high_stock,WARNING,mid_trend=BEAR but stock>=80%. Check trend context or policy override.,0.96,0.6316,BEAR,2013-06-26,WATCH,strong_offensive_override
highvol_high_stock,WARNING,prob_high_vol>0.60 but stock>=80%.,0.96,0.6316,BEAR,2013-06-26,WATCH,strong_offensive_override
midtrend_bear_high_stock,WARNING,mid_trend=BEAR but stock>=80%. Check trend context or policy override.,0.96,0.6411,BEAR,2013-06-27,WATCH,strong_offensive_override
highvol_high_stock,WARNING,prob_high_vol>0.60 but stock>=80%.,0.96,0.6411,BEAR,2013-06-27,WATCH,strong_offensive_override
midtrend_bear_high_stock,WARNING,mid_trend=BEAR but stock>=80%. Check trend context or policy override.,0.96,0.6477,BEAR,2013-06-28,WATCH,strong_offensive_override
highvol_high_stock,WARNING,prob_high_vol>0.60 but stock>=80%.,0.96,0.6477,BEAR,2013-06-28,WATCH,strong_offensive_override
midtrend_bear_high_stock,WARNING,mid_trend=BEAR but stock>=80%. Check trend context or policy override.,0.96,0.6288,BEAR,2013-07-01,WATCH,strong_offensive_override
highvol_high_stock,WARNING,prob_high_vol>0.60 but stock>=80%.,0.96,0.6288,BEAR,2013-07-01,WATCH,strong_offensive_override
midtrend_bear_high_stock,WARNING,mid_trend=BEAR but stock>=80%. Check trend context or policy override.,0.96,0.5868,BEAR,2013-07-02,WATCH,strong_offensive_override
midtrend_bear_high_stock,WARNING,mid_trend=BEAR but stock>=80%. Check trend context or policy override.,1.0,0.5463,BEAR,2013-07-03,NORMAL,strong_offensive_override
midtrend_bear_high_stock,WARNING,mid_trend=BEAR but stock>=80%. Check trend context or policy override.,1.0,0.5202,BEAR,2013-07-05,NORMAL,strong_offensive_override
midtrend_bear_high_stock,WARNING,mid_trend=BEAR but stock>=80%. Check trend context or policy override.,1.0,0.5049,BEAR,2013-07-08,NORMAL,strong_offensive_override
midtrend_bear_high_stock,WARNING,mid_trend=BEAR but stock>=80%. Check trend context or policy override.,1.0,0.4848,BEAR,2013-07-09,NORMAL,strong_offensive_override
midtrend_bear_high_stock,WARNING,mid_trend=BEAR but stock>=80%. Check trend context or policy override.,1.0,0.4719,BEAR,2013-07-10,NORMAL,strong_offensive_override
midtrend_bear_high_stock,WARNING,mid_trend=BEAR but stock>=80%. Check trend context or policy override.,1.0,0.4536,BEAR,2013-07-11,NORMAL,strong_offensive_override
midtrend_bear_high_stock,WARNING,mid_trend=BEAR but stock>=80%. Check trend context or policy override.,1.0,0.4441,BEAR,2013-07-12,NORMAL,strong_offensive_override
midtrend_bear_high_stock,WARNING,mid_trend=BEAR but stock>=80%. Check trend context or policy override.,1.0,0.4323,BEAR,2013-07-15,NORMAL,strong_offensive_override
midtrend_bear_high_stock,WARNING,mid_trend=BEAR but stock>=80%. Check trend context or policy override.,1.0,0.4238,BEAR,2013-07-16,NORMAL,strong_offensive_override
midtrend_bear_high_stock,WARNING,mid_trend=BEAR but stock>=80%. Check trend context or policy override.,1.0,0.419,BEAR,2013-07-17,NORMAL,strong_offensive_override
midtrend_bear_high_stock,WARNING,mid_trend=BEAR but stock>=80%. Check trend context or policy override.,1.0,0.4125,BEAR,2013-07-18,NORMAL,strong_offensive_override
midtrend_bear_high_stock,WARNING,mid_trend=BEAR but stock>=80%. Check trend context or policy override.,1.0,0.4146,BEAR,2013-07-19,NORMAL,strong_offensive_override
midtrend_bear_high_stock,WARNING,mid_trend=BEAR but stock>=80%. Check trend context or policy override.,1.0,0.4058,BEAR,2013-07-22,NORMAL,strong_offensive_override
midtrend_bear_high_stock,WARNING,mid_trend=BEAR but stock>=80%. Check trend context or policy override.,1.0,0.4017,BEAR,2013-07-23,NORMAL,strong_offensive_override
midtrend_bear_high_stock,WARNING,mid_trend=BEAR but stock>=80%. Check trend context or policy override.,1.0,0.4696,BEAR,2013-07-25,NORMAL,strong_offensive_override
midtrend_bear_high_stock,WARNING,mid_trend=BEAR but stock>=80%. Check trend context or policy override.,1.0,0.4985,BEAR,2013-07-31,NORMAL,strong_offensive_override
midtrend_bear_high_stock,WARNING,mid_trend=BEAR but stock>=80%. Check trend context or policy override.,0.96,0.4247,BEAR,2014-01-30,NORMAL,strong_offensive_override
midtrend_bear_high_stock,WARNING,mid_trend=BEAR but stock>=80%. Check trend context or policy override.,1.0,0.4516,BEAR,2014-01-31,NORMAL,strong_offensive_override
midtrend_bear_high_stock,WARNING,mid_trend=BEAR but stock>=80%. Check trend context or policy override.,1.0,0.4729,BEAR,2014-02-03,NORMAL,strong_offensive_override
midtrend_bear_high_stock,WARNING,mid_trend=BEAR but stock>=80%. Check trend context or policy override.,1.0,0.4783,BEAR,2014-02-04,NORMAL,strong_offensive_override
midtrend_bear_high_stock,WARNING,mid_trend=BEAR but stock>=80%. Check trend context or policy override.,1.0,0.4702,BEAR,2014-02-05,NORMAL,strong_offensive_override
midtrend_bear_high_stock,WARNING,mid_trend=BEAR but stock>=80%. Check trend context or policy override.,1.0,0.4614,BEAR,2014-02-06,NORMAL,strong_offensive_override
midtrend_bear_high_stock,WARNING,mid_trend=BEAR but stock>=80%. Check trend context or policy override.,1.0,0.5514,BEAR,2014-02-25,WATCH,strong_offensive_override
midtrend_bear_high_stock,WARNING,mid_trend=BEAR but stock>=80%. Check trend context or policy override.,1.0,0.5104,BEAR,2014-02-26,NORMAL,strong_offensive_override
midtrend_bear_high_stock,WARNING,mid_trend=BEAR but stock>=80%. Check trend context or policy override.,1.0,0.4707,BEAR,2014-02-27,NORMAL,strong_offensive_override
midtrend_bear_high_stock,WARNING,mid_trend=BEAR but stock>=80%. Check trend context or policy override.,1.0,0.4416,BEAR,2014-02-28,NORMAL,strong_offensive_override
midtrend_bear_high_stock,WARNING,mid_trend=BEAR but stock>=80%. Check trend context or policy override.,1.0,0.4196,BEAR,2014-03-03,NORMAL,strong_offensive_override
midtrend_bear_high_stock,WARNING,mid_trend=BEAR but stock>=80%. Check trend context or policy override.,1.0,0.4009,BEAR,2014-03-04,NORMAL,strong_offensive_override
midtrend_bear_high_stock,WARNING,mid_trend=BEAR but stock>=80%. Check trend context or policy override.,1.0,0.3777,BEAR,2014-03-05,NORMAL,strong_offensive_override
midtrend_bear_high_stock,WARNING,mid_trend=BEAR but stock>=80%. Check trend context or policy override.,1.0,0.37,BEAR,2014-03-06,NORMAL,strong_offensive_override
midtrend_bear_high_stock,WARNING,mid_trend=BEAR but stock>=80%. Check trend context or policy override.,1.0,0.367,BEAR,2014-03-07,NORMAL,strong_offensive_override
midtrend_bear_high_stock,WARNING,mid_trend=BEAR but stock>=80%. Check trend context or policy override.,1.0,0.3675,BEAR,2014-03-10,NORMAL,strong_offensive_override
midtrend_bear_high_stock,WARNING,mid_trend=BEAR but stock>=80%. Check trend context or policy override.,1.0,0.3845,BEAR,2014-03-13,NORMAL,strong_offensive_override
midtrend_bear_high_stock,WARNING,mid_trend=BEAR but stock>=80%. Check trend context or policy override.,1.0,0.3744,BEAR,2014-03-14,NORMAL,strong_offensive_override
midtrend_bear_high_stock,WARNING,mid_trend=BEAR but stock>=80%. Check trend context or policy override.,1.0,0.3792,BEAR,2014-03-17,NORMAL,strong_offensive_override
midtrend_bear_high_stock,WARNING,mid_trend=BEAR but stock>=80%. Check trend context or policy override.,1.0,0.3711,BEAR,2014-03-18,NORMAL,strong_offensive_override
midtrend_bear_high_stock,WARNING,mid_trend=BEAR but stock>=80%. Check trend context or policy override.,1.0,0.3667,BEAR,2014-03-19,NORMAL,strong_offensive_override
midtrend_bear_high_stock,WARNING,mid_trend=BEAR but stock>=80%. Check trend context or policy override.,1.0,0.3832,BEAR,2014-03-20,NORMAL,strong_offensive_override
midtrend_bear_high_stock,WARNING,mid_trend=BEAR but stock>=80%. Check trend context or policy override.,1.0,0.4276,BEAR,2014-04-17,NORMAL,strong_offensive_override
highvol_high_stock,WARNING,prob_high_vol>0.60 but stock>=80%.,0.82,0.6455,BULL,2015-01-20,WATCH,scheduled
highvol_high_stock,WARNING,prob_high_vol>0.60 but stock>=80%.,0.82,0.6326,NEUTRAL,2015-01-21,CUSTOM,not_rebalance_day
highvol_high_stock,WARNING,prob_high_vol>0.60 but stock>=80%.,0.96,0.6212,BULL,2015-01-22,WATCH,strong_offensive_override
highvol_high_stock,WARNING,prob_high_vol>0.60 but stock>=80%.,0.96,0.6111,BULL,2015-01-23,WATCH,strong_offensive_override
highvol_high_stock,WARNING,prob_high_vol>0.60 but stock>=80%.,0.96,0.6021,BULL,2015-01-26,WATCH,strong_offensive_override
midtrend_bear_high_stock,WARNING,mid_trend=BEAR but stock>=80%. Check trend context or policy override.,1.0,0.2629,BEAR,2015-07-07,NORMAL,strong_offensive_override
midtrend_bear_high_stock,WARNING,mid_trend=BEAR but stock>=80%. Check trend context or policy override.,1.0,0.2934,BEAR,2015-07-08,NORMAL,strong_offensive_override
midtrend_bear_high_stock,WARNING,mid_trend=BEAR but stock>=80%. Check trend context or policy override.,1.0,0.329,BEAR,2015-07-09,NORMAL,strong_offensive_override
midtrend_bear_high_stock,WARNING,mid_trend=BEAR but stock>=80%. Check trend context or policy override.,1.0,0.3454,BEAR,2015-07-10,NORMAL,strong_offensive_override
midtrend_bear_high_stock,WARNING,mid_trend=BEAR but stock>=80%. Check trend context or policy override.,1.0,0.3601,BEAR,2015-07-14,NORMAL,strong_offensive_override
midtrend_bear_high_stock,WARNING,mid_trend=BEAR but stock>=80%. Check trend context or policy override.,1.0,0.3668,BEAR,2015-07-15,NORMAL,strong_offensive_override
midtrend_bear_high_stock,WARNING,mid_trend=BEAR but stock>=80%. Check trend context or policy override.,1.0,0.3618,BEAR,2015-07-22,NORMAL,strong_offensive_override
midtrend_bear_high_stock,WARNING,mid_trend=BEAR but stock>=80%. Check trend context or policy override.,1.0,0.4045,BEAR,2015-07-23,NORMAL,strong_offensive_override
midtrend_bear_high_stock,WARNING,mid_trend=BEAR but stock>=80%. Check trend context or policy override.,1.0,0.4379,BEAR,2015-07-24,NORMAL,strong_offensive_override
midtrend_bear_high_stock,WARNING,mid_trend=BEAR but stock>=80%. Check trend context or policy override.,1.0,0.4734,BEAR,2015-07-27,NORMAL,strong_offensive_override
midtrend_bear_high_stock,WARNING,mid_trend=BEAR but stock>=80%. Check trend context or policy override.,1.0,0.5105,BEAR,2015-07-28,NORMAL,strong_offensive_override
midtrend_bear_high_stock,WARNING,mid_trend=BEAR but stock>=80%. Check trend context or policy override.,1.0,0.5354,BEAR,2015-07-29,NORMAL,strong_offensive_override
midtrend_bear_high_stock,WARNING,mid_trend=BEAR but stock>=80%. Check trend context or policy override.,1.0,0.5561,BEAR,2015-07-30,WATCH,strong_offensive_override
midtrend_bear_high_stock,WARNING,mid_trend=BEAR but stock>=80%. Check trend context or policy override.,1.0,0.5742,BEAR,2015-07-31,WATCH,strong_offensive_override
midtrend_bear_high_stock,WARNING,mid_trend=BEAR but stock>=80%. Check trend context or policy override.,0.96,0.6112,BEAR,2015-08-03,WATCH,strong_offensive_override
highvol_high_stock,WARNING,prob_high_vol>0.60 but stock>=80%.,0.96,0.6112,BEAR,2015-08-03,WATCH,strong_offensive_override
midtrend_bear_high_stock,WARNING,mid_trend=BEAR but stock>=80%. Check trend context or policy override.,0.96,0.65,BEAR,2015-08-04,WATCH,strong_offensive_override
highvol_high_stock,WARNING,prob_high_vol>0.60 but stock>=80%.,0.96,0.65,BEAR,2015-08-04,WATCH,strong_offensive_override
midtrend_bear_high_stock,WARNING,mid_trend=BEAR but stock>=80%. Check trend context or policy override.,0.96,0.6778,BEAR,2015-08-05,WATCH,strong_offensive_override
highvol_high_stock,WARNING,prob_high_vol>0.60 but stock>=80%.,0.96,0.6778,BEAR,2015-08-05,WATCH,strong_offensive_override
midtrend_bear_high_stock,WARNING,mid_trend=BEAR but stock>=80%. Check trend context or policy override.,0.8,0.7021,BEAR,2015-08-06,WATCH,no_trade_override_prob_high_vol_cross_0.70
highvol_high_stock,WARNING,prob_high_vol>0.60 but stock>=80%.,0.8,0.7021,BEAR,2015-08-06,WATCH,no_trade_override_prob_high_vol_cross_0.70
midtrend_bear_high_stock,WARNING,mid_trend=BEAR but stock>=80%. Check trend context or policy override.,0.8,0.7166,BEAR,2015-08-07,CUSTOM,not_rebalance_day
highvol_high_stock,WARNING,prob_high_vol>0.60 but stock>=80%.,0.8,0.7166,BEAR,2015-08-07,CUSTOM,not_rebalance_day
midtrend_bear_high_stock,WARNING,mid_trend=BEAR but stock>=80%. Check trend context or policy override.,0.8,0.7152,BEAR,2015-08-10,CUSTOM,no_trade_band
highvol_high_stock,WARNING,prob_high_vol>0.60 but stock>=80%.,0.8,0.7152,BEAR,2015-08-10,CUSTOM,no_trade_band
midtrend_bear_high_stock,WARNING,mid_trend=BEAR but stock>=80%. Check trend context or policy override.,0.8,0.7267,BEAR,2015-08-11,CUSTOM,not_rebalance_day
highvol_high_stock,WARNING,prob_high_vol>0.60 but stock>=80%.,0.8,0.7267,BEAR,2015-08-11,CUSTOM,not_rebalance_day
midtrend_bear_high_stock,WARNING,mid_trend=BEAR but stock>=80%. Check trend context or policy override.,0.8,0.7339,BEAR,2015-08-12,CUSTOM,not_rebalance_day
highvol_high_stock,WARNING,prob_high_vol>0.60 but stock>=80%.,0.8,0.7339,BEAR,2015-08-12,CUSTOM,not_rebalance_day
midtrend_bear_high_stock,WARNING,mid_trend=BEAR but stock>=80%. Check trend context or policy override.,0.8,0.7392,BEAR,2015-08-13,CUSTOM,not_rebalance_day
highvol_high_stock,WARNING,prob_high_vol>0.60 but stock>=80%.,0.8,0.7392,BEAR,2015-08-13,CUSTOM,not_rebalance_day
midtrend_bear_high_stock,WARNING,mid_trend=BEAR but stock>=80%. Check trend context or policy override.,0.8,0.7412,BEAR,2015-08-14,CUSTOM,not_rebalance_day
highvol_high_stock,WARNING,prob_high_vol>0.60 but stock>=80%.,0.8,0.7412,BEAR,2015-08-14,CUSTOM,not_rebalance_day
midtrend_bear_high_stock,WARNING,mid_trend=BEAR but stock>=80%. Check trend context or policy override.,0.8,0.7467,BEAR,2015-08-17,CUSTOM,no_trade_band
highvol_high_stock,WARNING,prob_high_vol>0.60 but stock>=80%.,0.8,0.7467,BEAR,2015-08-17,CUSTOM,no_trade_band
midtrend_bear_high_stock,WARNING,mid_trend=BEAR but stock>=80%. Check trend context or policy override.,0.8,0.7516,BEAR,2015-08-18,CUSTOM,not_rebalance_day
highvol_high_stock,WARNING,prob_high_vol>0.60 but stock>=80%.,0.8,0.7516,BEAR,2015-08-18,CUSTOM,not_rebalance_day
midtrend_bear_high_stock,WARNING,mid_trend=BEAR but stock>=80%. Check trend context or policy override.,0.8,0.755,BEAR,2015-08-19,CUSTOM,not_rebalance_day
highvol_high_stock,WARNING,prob_high_vol>0.60 but stock>=80%.,0.8,0.755,BEAR,2015-08-19,CUSTOM,not_rebalance_day
midtrend_bear_high_stock,WARNING,mid_trend=BEAR but stock>=80%. Check trend context or policy override.,0.8,0.7562,BEAR,2015-08-20,CUSTOM,not_rebalance_day
highvol_high_stock,WARNING,prob_high_vol>0.60 but stock>=80%.,0.8,0.7562,BEAR,2015-08-20,CUSTOM,not_rebalance_day
midtrend_bear_high_stock,WARNING,mid_trend=BEAR but stock>=80%. Check trend context or policy override.,0.8,0.7693,BEAR,2015-08-21,CUSTOM,not_rebalance_day
highvol_high_stock,WARNING,prob_high_vol>0.60 but stock>=80%.,0.8,0.7693,BEAR,2015-08-21,CUSTOM,not_rebalance_day
midtrend_bear_high_stock,WARNING,mid_trend=BEAR but stock>=80%. Check trend context or policy override.,0.8,0.7691,BEAR,2015-08-24,CUSTOM,no_trade_band
highvol_high_stock,WARNING,prob_high_vol>0.60 but stock>=80%.,0.8,0.7691,BEAR,2015-08-24,CUSTOM,no_trade_band
midtrend_bear_high_stock,WARNING,mid_trend=BEAR but stock>=80%. Check trend context or policy override.,0.8,0.7733,BEAR,2015-09-22,RISK_OFF,scheduled
highvol_high_stock,WARNING,prob_high_vol>0.60 but stock>=80%.,0.8,0.7733,BEAR,2015-09-22,RISK_OFF,scheduled
midtrend_bear_high_stock,WARNING,mid_trend=BEAR but stock>=80%. Check trend context or policy override.,0.8,0.7687,BEAR,2015-09-23,CUSTOM,not_rebalance_day
highvol_high_stock,WARNING,prob_high_vol>0.60 but stock>=80%.,0.8,0.7687,BEAR,2015-09-23,CUSTOM,not_rebalance_day
midtrend_bear_high_stock,WARNING,mid_trend=BEAR but stock>=80%. Check trend context or policy override.,0.8,0.7465,BEAR,2015-09-24,CUSTOM,not_rebalance_day
highvol_high_stock,WARNING,prob_high_vol>0.60 but stock>=80%.,0.8,0.7465,BEAR,2015-09-24,CUSTOM,not_rebalance_day
midtrend_bear_high_stock,WARNING,mid_trend=BEAR but stock>=80%. Check trend context or policy override.,0.8,0.7309,BEAR,2015-09-25,CUSTOM,not_rebalance_day
highvol_high_stock,WARNING,prob_high_vol>0.60 but stock>=80%.,0.8,0.7309,BEAR,2015-09-25,CUSTOM,not_rebalance_day
midtrend_bear_high_stock,WARNING,mid_trend=BEAR but stock>=80%. Check trend context or policy override.,0.8,0.7258,BEAR,2015-09-28,CUSTOM,not_rebalance_day
highvol_high_stock,WARNING,prob_high_vol>0.60 but stock>=80%.,0.8,0.7258,BEAR,2015-09-28,CUSTOM,not_rebalance_day
midtrend_bear_high_stock,WARNING,mid_trend=BEAR but stock>=80%. Check trend context or policy override.,0.8,0.741,BEAR,2015-09-29,CUSTOM,no_trade_band
highvol_high_stock,WARNING,prob_high_vol>0.60 but stock>=80%.,0.8,0.741,BEAR,2015-09-29,CUSTOM,no_trade_band
midtrend_bear_high_stock,WARNING,mid_trend=BEAR but stock>=80%. Check trend context or policy override.,0.8,0.7275,BEAR,2015-09-30,CUSTOM,not_rebalance_day
highvol_high_stock,WARNING,prob_high_vol>0.60 but stock>=80%.,0.8,0.7275,BEAR,2015-09-30,CUSTOM,not_rebalance_day
midtrend_bear_high_stock,WARNING,mid_trend=BEAR but stock>=80%. Check trend context or policy override.,0.8,0.7256,BEAR,2015-10-01,CUSTOM,not_rebalance_day
highvol_high_stock,WARNING,prob_high_vol>0.60 but stock>=80%.,0.8,0.7256,BEAR,2015-10-01,CUSTOM,not_rebalance_day
midtrend_bear_high_stock,WARNING,mid_trend=BEAR but stock>=80%. Check trend context or policy override.,0.8,0.7225,BEAR,2015-10-02,CUSTOM,not_rebalance_day
highvol_high_stock,WARNING,prob_high_vol>0.60 but stock>=80%.,0.8,0.7225,BEAR,2015-10-02,CUSTOM,not_rebalance_day
midtrend_bear_high_stock,WARNING,mid_trend=BEAR but stock>=80%. Check trend context or policy override.,0.8,0.7207,BEAR,2015-10-05,CUSTOM,not_rebalance_day
highvol_high_stock,WARNING,prob_high_vol>0.60 but stock>=80%.,0.8,0.7207,BEAR,2015-10-05,CUSTOM,not_rebalance_day
midtrend_bear_high_stock,WARNING,mid_trend=BEAR but stock>=80%. Check trend context or policy override.,0.8,0.7146,BEAR,2015-10-06,CUSTOM,no_trade_band
highvol_high_stock,WARNING,prob_high_vol>0.60 but stock>=80%.,0.8,0.7146,BEAR,2015-10-06,CUSTOM,no_trade_band
midtrend_bear_high_stock,WARNING,mid_trend=BEAR but stock>=80%. Check trend context or policy override.,0.8,0.6982,BEAR,2015-10-07,CUSTOM,not_rebalance_day
highvol_high_stock,WARNING,prob_high_vol>0.60 but stock>=80%.,0.8,0.6982,BEAR,2015-10-07,CUSTOM,not_rebalance_day
midtrend_bear_high_stock,WARNING,mid_trend=BEAR but stock>=80%. Check trend context or policy override.,0.8,0.698,BEAR,2015-10-08,CUSTOM,not_rebalance_day
highvol_high_stock,WARNING,prob_high_vol>0.60 but stock>=80%.,0.8,0.698,BEAR,2015-10-08,CUSTOM,not_rebalance_day
midtrend_bear_high_stock,WARNING,mid_trend=BEAR but stock>=80%. Check trend context or policy override.,0.8,0.6928,BEAR,2015-10-09,CUSTOM,not_rebalance_day
highvol_high_stock,WARNING,prob_high_vol>0.60 but stock>=80%.,0.8,0.6928,BEAR,2015-10-09,CUSTOM,not_rebalance_day
midtrend_bear_high_stock,WARNING,mid_trend=BEAR but stock>=80%. Check trend context or policy override.,0.8,0.6944,BEAR,2015-10-12,CUSTOM,not_rebalance_day
highvol_high_stock,WARNING,prob_high_vol>0.60 but stock>=80%.,0.8,0.6944,BEAR,2015-10-12,CUSTOM,not_rebalance_day
midtrend_bear_high_stock,WARNING,mid_trend=BEAR but stock>=80%. Check trend context or policy override.,0.96,0.6371,BEAR,2015-10-13,WATCH,strong_offensive_override
highvol_high_stock,WARNING,prob_high_vol>0.60 but stock>=80%.,0.96,0.6371,BEAR,2015-10-13,WATCH,strong_offensive_override
midtrend_bear_high_stock,WARNING,mid_trend=BEAR but stock>=80%. Check trend context or policy override.,0.96,0.6083,BEAR,2015-10-14,WATCH,strong_offensive_override
highvol_high_stock,WARNING,prob_high_vol>0.60 but stock>=80%.,0.96,0.6083,BEAR,2015-10-14,WATCH,strong_offensive_override
midtrend_bear_high_stock,WARNING,mid_trend=BEAR but stock>=80%. Check trend context or policy override.,1.0,0.5586,BEAR,2015-10-15,WATCH,strong_offensive_override
midtrend_bear_high_stock,WARNING,mid_trend=BEAR but stock>=80%. Check trend context or policy override.,1.0,0.5336,BEAR,2015-10-16,NORMAL,strong_offensive_override
midtrend_bear_high_stock,WARNING,mid_trend=BEAR but stock>=80%. Check trend context or policy override.,1.0,0.526,BEAR,2015-10-19,NORMAL,strong_offensive_override
midtrend_bear_high_stock,WARNING,mid_trend=BEAR but stock>=80%. Check trend context or policy override.,1.0,0.5283,BEAR,2015-10-20,NORMAL,strong_offensive_override
midtrend_bear_high_stock,WARNING,mid_trend=BEAR but stock>=80%. Check trend context or policy override.,1.0,0.5388,BEAR,2015-10-21,NORMAL,strong_offensive_override
midtrend_bear_high_stock,WARNING,mid_trend=BEAR but stock>=80%. Check trend context or policy override.,1.0,0.5417,BEAR,2015-10-22,NORMAL,strong_offensive_override
midtrend_bear_high_stock,WARNING,mid_trend=BEAR but stock>=80%. Check trend context or policy override.,1.0,0.5417,BEAR,2015-10-23,NORMAL,strong_offensive_override
midtrend_bear_high_stock,WARNING,mid_trend=BEAR but stock>=80%. Check trend context or policy override.,1.0,0.5697,BEAR,2015-10-26,WATCH,strong_offensive_override
midtrend_bear_high_stock,WARNING,mid_trend=BEAR but stock>=80%. Check trend context or policy override.,0.96,0.5875,BEAR,2015-10-27,WATCH,strong_offensive_override
midtrend_bear_high_stock,WARNING,mid_trend=BEAR but stock>=80%. Check trend context or policy override.,0.96,0.5931,BEAR,2015-10-28,WATCH,strong_offensive_override
midtrend_bear_high_stock,WARNING,mid_trend=BEAR but stock>=80%. Check trend context or policy override.,0.8,0.6759,BEAR,2015-12-16,WATCH,scheduled
highvol_high_stock,WARNING,prob_high_vol>0.60 but stock>=80%.,0.8,0.6759,BEAR,2015-12-16,WATCH,scheduled
midtrend_bear_high_stock,WARNING,mid_trend=BEAR but stock>=80%. Check trend context or policy override.,0.8,0.7019,BEAR,2015-12-17,WATCH,no_trade_override_prob_high_vol_cross_0.70
highvol_high_stock,WARNING,prob_high_vol>0.60 but stock>=80%.,0.8,0.7019,BEAR,2015-12-17,WATCH,no_trade_override_prob_high_vol_cross_0.70
midtrend_bear_high_stock,WARNING,mid_trend=BEAR but stock>=80%. Check trend context or policy override.,0.8,0.7268,BEAR,2015-12-18,CUSTOM,not_rebalance_day
highvol_high_stock,WARNING,prob_high_vol>0.60 but stock>=80%.,0.8,0.7268,BEAR,2015-12-18,CUSTOM,not_rebalance_day
midtrend_bear_high_stock,WARNING,mid_trend=BEAR but stock>=80%. Check trend context or policy override.,0.8,0.7486,BEAR,2015-12-21,CUSTOM,not_rebalance_day
highvol_high_stock,WARNING,prob_high_vol>0.60 but stock>=80%.,0.8,0.7486,BEAR,2015-12-21,CUSTOM,not_rebalance_day
midtrend_bear_high_stock,WARNING,mid_trend=BEAR but stock>=80%. Check trend context or policy override.,0.8,0.765,BEAR,2015-12-22,CUSTOM,not_rebalance_day
highvol_high_stock,WARNING,prob_high_vol>0.60 but stock>=80%.,0.8,0.765,BEAR,2015-12-22,CUSTOM,not_rebalance_day
midtrend_bear_high_stock,WARNING,mid_trend=BEAR but stock>=80%. Check trend context or policy override.,0.8,0.7735,BEAR,2015-12-23,CUSTOM,no_trade_band
highvol_high_stock,WARNING,prob_high_vol>0.60 but stock>=80%.,0.8,0.7735,BEAR,2015-12-23,CUSTOM,no_trade_band
midtrend_bear_high_stock,WARNING,mid_trend=BEAR but stock>=80%. Check trend context or policy override.,0.8,0.777,BEAR,2015-12-24,CUSTOM,not_rebalance_day
highvol_high_stock,WARNING,prob_high_vol>0.60 but stock>=80%.,0.8,0.777,BEAR,2015-12-24,CUSTOM,not_rebalance_day
midtrend_bear_high_stock,WARNING,mid_trend=BEAR but stock>=80%. Check trend context or policy override.,0.8,0.7817,BEAR,2015-12-28,CUSTOM,no_trade_band
highvol_high_stock,WARNING,prob_high_vol>0.60 but stock>=80%.,0.8,0.7817,BEAR,2015-12-28,CUSTOM,no_trade_band
midtrend_bear_high_stock,WARNING,mid_trend=BEAR but stock>=80%. Check trend context or policy override.,0.8,0.7803,BEAR,2015-12-29,CUSTOM,not_rebalance_day
highvol_high_stock,WARNING,prob_high_vol>0.60 but stock>=80%.,0.8,0.7803,BEAR,2015-12-29,CUSTOM,not_rebalance_day
midtrend_bear_high_stock,WARNING,mid_trend=BEAR but stock>=80%. Check trend context or policy override.,0.8,0.7855,BEAR,2015-12-30,CUSTOM,not_rebalance_day
highvol_high_stock,WARNING,prob_high_vol>0.60 but stock>=80%.,0.8,0.7855,BEAR,2015-12-30,CUSTOM,not_rebalance_day
midtrend_bear_high_stock,WARNING,mid_trend=BEAR but stock>=80%. Check trend context or policy override.,0.8,0.7916,BEAR,2015-12-31,CUSTOM,no_trade_band
highvol_high_stock,WARNING,prob_high_vol>0.60 but stock>=80%.,0.8,0.7916,BEAR,2015-12-31,CUSTOM,no_trade_band
midtrend_bear_high_stock,WARNING,mid_trend=BEAR but stock>=80%. Check trend context or policy override.,0.8,0.7956,BEAR,2016-01-04,CUSTOM,not_rebalance_day
highvol_high_stock,WARNING,prob_high_vol>0.60 but stock>=80%.,0.8,0.7956,BEAR,2016-01-04,CUSTOM,not_rebalance_day
midtrend_bear_high_stock,WARNING,mid_trend=BEAR but stock>=80%. Check trend context or policy override.,0.8,0.7959,BEAR,2016-01-05,CUSTOM,no_trade_band
highvol_high_stock,WARNING,prob_high_vol>0.60 but stock>=80%.,0.8,0.7959,BEAR,2016-01-05,CUSTOM,no_trade_band
midtrend_bear_high_stock,WARNING,mid_trend=BEAR but stock>=80%. Check trend context or policy override.,0.8,0.801,BEAR,2016-01-06,CUSTOM,not_rebalance_day
highvol_high_stock,WARNING,prob_high_vol>0.60 but stock>=80%.,0.8,0.801,BEAR,2016-01-06,CUSTOM,not_rebalance_day
extreme_highvol_full_stock,HARD_CAP,prob_high_vol>0.80 but stock>=70%.,0.8,0.801,BEAR,2016-01-06,CUSTOM,not_rebalance_day
midtrend_bear_high_stock,WARNING,mid_trend=BEAR but stock>=80%. Check trend context or policy override.,0.8,0.8106,BEAR,2016-01-07,CUSTOM,not_rebalance_day
highvol_high_stock,WARNING,prob_high_vol>0.60 but stock>=80%.,0.8,0.8106,BEAR,2016-01-07,CUSTOM,not_rebalance_day
extreme_highvol_full_stock,HARD_CAP,prob_high_vol>0.80 but stock>=70%.,0.8,0.8106,BEAR,2016-01-07,CUSTOM,not_rebalance_day
midtrend_bear_high_stock,WARNING,mid_trend=BEAR but stock>=80%. Check trend context or policy override.,0.96,0.613,BEAR,2016-03-01,WATCH,strong_offensive_override
highvol_high_stock,WARNING,prob_high_vol>0.60 but stock>=80%.,0.96,0.613,BEAR,2016-03-01,WATCH,strong_offensive_override
midtrend_bear_high_stock,WARNING,mid_trend=BEAR but stock>=80%. Check trend context or policy override.,0.96,0.5906,BEAR,2016-03-02,WATCH,strong_offensive_override
midtrend_bear_high_stock,WARNING,mid_trend=BEAR but stock>=80%. Check trend context or policy override.,1.0,0.5739,BEAR,2016-03-03,WATCH,strong_offensive_override
midtrend_bear_high_stock,WARNING,mid_trend=BEAR but stock>=80%. Check trend context or policy override.,1.0,0.5588,BEAR,2016-03-04,WATCH,strong_offensive_override
midtrend_bear_high_stock,WARNING,mid_trend=BEAR but stock>=80%. Check trend context or policy override.,1.0,0.5613,BEAR,2016-03-07,WATCH,strong_offensive_override
midtrend_bear_high_stock,WARNING,mid_trend=BEAR but stock>=80%. Check trend context or policy override.,1.0,0.5509,BEAR,2016-03-08,WATCH,strong_offensive_override
midtrend_bear_high_stock,WARNING,mid_trend=BEAR but stock>=80%. Check trend context or policy override.,1.0,0.5433,BEAR,2016-03-09,NORMAL,strong_offensive_override
midtrend_bear_high_stock,WARNING,mid_trend=BEAR but stock>=80%. Check trend context or policy override.,1.0,0.5355,BEAR,2016-03-10,NORMAL,strong_offensive_override
midtrend_bear_high_stock,WARNING,mid_trend=BEAR but stock>=80%. Check trend context or policy override.,1.0,0.5303,BEAR,2016-03-11,NORMAL,strong_offensive_override
midtrend_bear_high_stock,WARNING,mid_trend=BEAR but stock>=80%. Check trend context or policy override.,1.0,0.5264,BEAR,2016-03-14,NORMAL,strong_offensive_override
midtrend_bear_high_stock,WARNING,mid_trend=BEAR but stock>=80%. Check trend context or policy override.,1.0,0.5218,BEAR,2016-03-15,NORMAL,strong_offensive_override
midtrend_bear_high_stock,WARNING,mid_trend=BEAR but stock>=80%. Check trend context or policy override.,1.0,0.5205,BEAR,2016-03-16,NORMAL,strong_offensive_override
midtrend_bear_high_stock,WARNING,mid_trend=BEAR but stock>=80%. Check trend context or policy override.,1.0,0.5371,BEAR,2016-03-18,NORMAL,strong_offensive_override
midtrend_bear_high_stock,WARNING,mid_trend=BEAR but stock>=80%. Check trend context or policy override.,0.8,0.7589,BEAR,2016-05-25,RISK_OFF,scheduled
highvol_high_stock,WARNING,prob_high_vol>0.60 but stock>=80%.,0.8,0.7589,BEAR,2016-05-25,RISK_OFF,scheduled
midtrend_bear_high_stock,WARNING,mid_trend=BEAR but stock>=80%. Check trend context or policy override.,0.8,0.6885,BEAR,2016-05-26,CUSTOM,not_rebalance_day
highvol_high_stock,WARNING,prob_high_vol>0.60 but stock>=80%.,0.8,0.6885,BEAR,2016-05-26,CUSTOM,not_rebalance_day
midtrend_bear_high_stock,WARNING,mid_trend=BEAR but stock>=80%. Check trend context or policy override.,0.96,0.6282,BEAR,2016-05-27,WATCH,strong_offensive_override
highvol_high_stock,WARNING,prob_high_vol>0.60 but stock>=80%.,0.96,0.6282,BEAR,2016-05-27,WATCH,strong_offensive_override
midtrend_bear_high_stock,WARNING,mid_trend=BEAR but stock>=80%. Check trend context or policy override.,0.96,0.5829,BEAR,2016-05-31,WATCH,strong_offensive_override
midtrend_bear_high_stock,WARNING,mid_trend=BEAR but stock>=80%. Check trend context or policy override.,1.0,0.553,BEAR,2016-06-01,WATCH,strong_offensive_override
midtrend_bear_high_stock,WARNING,mid_trend=BEAR but stock>=80%. Check trend context or policy override.,1.0,0.5277,BEAR,2016-06-02,NORMAL,strong_offensive_override
midtrend_bear_high_stock,WARNING,mid_trend=BEAR but stock>=80%. Check trend context or policy override.,1.0,0.5077,BEAR,2016-06-03,NORMAL,strong_offensive_override
midtrend_bear_high_stock,WARNING,mid_trend=BEAR but stock>=80%. Check trend context or policy override.,1.0,0.5138,BEAR,2016-06-06,NORMAL,strong_offensive_override
midtrend_bear_high_stock,WARNING,mid_trend=BEAR but stock>=80%. Check trend context or policy override.,1.0,0.5111,BEAR,2016-06-07,NORMAL,strong_offensive_override
midtrend_bear_high_stock,WARNING,mid_trend=BEAR but stock>=80%. Check trend context or policy override.,1.0,0.5063,BEAR,2016-06-08,NORMAL,strong_offensive_override
midtrend_bear_high_stock,WARNING,mid_trend=BEAR but stock>=80%. Check trend context or policy override.,1.0,0.5025,BEAR,2016-06-09,NORMAL,strong_offensive_override
midtrend_bear_high_stock,WARNING,mid_trend=BEAR but stock>=80%. Check trend context or policy override.,1.0,0.4925,BEAR,2016-06-10,NORMAL,strong_offensive_override
midtrend_bear_high_stock,WARNING,mid_trend=BEAR but stock>=80%. Check trend context or policy override.,1.0,0.5016,BEAR,2016-06-13,NORMAL,strong_offensive_override
midtrend_bear_high_stock,WARNING,mid_trend=BEAR but stock>=80%. Check trend context or policy override.,1.0,0.4972,BEAR,2016-06-14,NORMAL,strong_offensive_override
midtrend_bear_high_stock,WARNING,mid_trend=BEAR but stock>=80%. Check trend context or policy override.,1.0,0.4886,BEAR,2016-06-15,NORMAL,strong_offensive_override
midtrend_bear_high_stock,WARNING,mid_trend=BEAR but stock>=80%. Check trend context or policy override.,1.0,0.482,BEAR,2016-06-16,NORMAL,strong_offensive_override
midtrend_bear_high_stock,WARNING,mid_trend=BEAR but stock>=80%. Check trend context or policy override.,1.0,0.4912,BEAR,2016-06-17,NORMAL,strong_offensive_override
midtrend_bear_high_stock,WARNING,mid_trend=BEAR but stock>=80%. Check trend context or policy override.,1.0,0.4995,BEAR,2016-06-20,NORMAL,strong_offensive_override
midtrend_bear_high_stock,WARNING,mid_trend=BEAR but stock>=80%. Check trend context or policy override.,1.0,0.5132,BEAR,2016-06-21,NORMAL,strong_offensive_override
midtrend_bear_high_stock,WARNING,mid_trend=BEAR but stock>=80%. Check trend context or policy override.,1.0,0.5434,BEAR,2016-06-22,NORMAL,strong_offensive_override
midtrend_bear_high_stock,WARNING,mid_trend=BEAR but stock>=80%. Check trend context or policy override.,1.0,0.5645,BEAR,2016-06-23,WATCH,strong_offensive_override
midtrend_bear_high_stock,WARNING,mid_trend=BEAR but stock>=80%. Check trend context or policy override.,0.96,0.5953,BEAR,2016-06-24,WATCH,strong_offensive_override
midtrend_bear_high_stock,WARNING,mid_trend=BEAR but stock>=80%. Check trend context or policy override.,0.96,0.624,BEAR,2016-06-27,WATCH,strong_offensive_override
highvol_high_stock,WARNING,prob_high_vol>0.60 but stock>=80%.,0.96,0.624,BEAR,2016-06-27,WATCH,strong_offensive_override
midtrend_bear_high_stock,WARNING,mid_trend=BEAR but stock>=80%. Check trend context or policy override.,0.96,0.6413,BEAR,2016-06-28,WATCH,strong_offensive_override
highvol_high_stock,WARNING,prob_high_vol>0.60 but stock>=80%.,0.96,0.6413,BEAR,2016-06-28,WATCH,strong_offensive_override
midtrend_bear_high_stock,WARNING,mid_trend=BEAR but stock>=80%. Check trend context or policy override.,0.96,0.6503,BEAR,2016-06-29,WATCH,strong_offensive_override
highvol_high_stock,WARNING,prob_high_vol>0.60 but stock>=80%.,0.96,0.6503,BEAR,2016-06-29,WATCH,strong_offensive_override
midtrend_bear_high_stock,WARNING,mid_trend=BEAR but stock>=80%. Check trend context or policy override.,0.96,0.6454,BEAR,2016-06-30,WATCH,strong_offensive_override
highvol_high_stock,WARNING,prob_high_vol>0.60 but stock>=80%.,0.96,0.6454,BEAR,2016-06-30,WATCH,strong_offensive_override
midtrend_bear_high_stock,WARNING,mid_trend=BEAR but stock>=80%. Check trend context or policy override.,0.96,0.642,BEAR,2016-07-01,WATCH,strong_offensive_override
highvol_high_stock,WARNING,prob_high_vol>0.60 but stock>=80%.,0.96,0.642,BEAR,2016-07-01,WATCH,strong_offensive_override
midtrend_bear_high_stock,WARNING,mid_trend=BEAR but stock>=80%. Check trend context or policy override.,0.96,0.6405,BEAR,2016-07-05,WATCH,strong_offensive_override
highvol_high_stock,WARNING,prob_high_vol>0.60 but stock>=80%.,0.96,0.6405,BEAR,2016-07-05,WATCH,strong_offensive_override
midtrend_bear_high_stock,WARNING,mid_trend=BEAR but stock>=80%. Check trend context or policy override.,0.96,0.6349,BEAR,2016-07-06,WATCH,strong_offensive_override
highvol_high_stock,WARNING,prob_high_vol>0.60 but stock>=80%.,0.96,0.6349,BEAR,2016-07-06,WATCH,strong_offensive_override
midtrend_bear_high_stock,WARNING,mid_trend=BEAR but stock>=80%. Check trend context or policy override.,0.96,0.6305,BEAR,2016-07-07,WATCH,strong_offensive_override
highvol_high_stock,WARNING,prob_high_vol>0.60 but stock>=80%.,0.96,0.6305,BEAR,2016-07-07,WATCH,strong_offensive_override
midtrend_bear_high_stock,WARNING,mid_trend=BEAR but stock>=80%. Check trend context or policy override.,0.96,0.6226,BEAR,2016-07-08,WATCH,strong_offensive_override
highvol_high_stock,WARNING,prob_high_vol>0.60 but stock>=80%.,0.96,0.6226,BEAR,2016-07-08,WATCH,strong_offensive_override
midtrend_bear_high_stock,WARNING,mid_trend=BEAR but stock>=80%. Check trend context or policy override.,0.96,0.6035,BEAR,2016-07-11,WATCH,strong_offensive_override
highvol_high_stock,WARNING,prob_high_vol>0.60 but stock>=80%.,0.96,0.6035,BEAR,2016-07-11,WATCH,strong_offensive_override
midtrend_bear_high_stock,WARNING,mid_trend=BEAR but stock>=80%. Check trend context or policy override.,0.96,0.5808,BEAR,2016-07-12,WATCH,strong_offensive_override
midtrend_bear_high_stock,WARNING,mid_trend=BEAR but stock>=80%. Check trend context or policy override.,1.0,0.5578,BEAR,2016-07-13,WATCH,strong_offensive_override
midtrend_bear_high_stock,WARNING,mid_trend=BEAR but stock>=80%. Check trend context or policy override.,1.0,0.5257,BEAR,2016-07-14,NORMAL,strong_offensive_override
midtrend_bear_high_stock,WARNING,mid_trend=BEAR but stock>=80%. Check trend context or policy override.,1.0,0.5007,BEAR,2016-07-15,NORMAL,strong_offensive_override
midtrend_bear_high_stock,WARNING,mid_trend=BEAR but stock>=80%. Check trend context or policy override.,0.8,0.4258,BEAR,2018-02-02,CUSTOM,not_rebalance_day
midtrend_bear_high_stock,WARNING,mid_trend=BEAR but stock>=80%. Check trend context or policy override.,0.8,0.3993,BEAR,2018-02-05,CUSTOM,not_rebalance_day
midtrend_bear_high_stock,WARNING,mid_trend=BEAR but stock>=80%. Check trend context or policy override.,0.8,0.3921,BEAR,2018-02-06,CUSTOM,not_rebalance_day
midtrend_bear_high_stock,WARNING,mid_trend=BEAR but stock>=80%. Check trend context or policy override.,0.8,0.4091,BEAR,2018-02-07,CUSTOM,not_rebalance_day
highvol_high_stock,WARNING,prob_high_vol>0.60 but stock>=80%.,0.8,0.6153,BULL,2018-03-02,WATCH,scheduled
highvol_high_stock,WARNING,prob_high_vol>0.60 but stock>=80%.,0.96,0.6332,BULL,2018-03-05,WATCH,strong_offensive_override
highvol_high_stock,WARNING,prob_high_vol>0.60 but stock>=80%.,0.96,0.6358,BULL,2018-03-06,WATCH,strong_offensive_override
highvol_high_stock,WARNING,prob_high_vol>0.60 but stock>=80%.,0.96,0.6379,BULL,2018-03-07,WATCH,strong_offensive_override
highvol_high_stock,WARNING,prob_high_vol>0.60 but stock>=80%.,0.96,0.6328,BULL,2018-03-08,WATCH,strong_offensive_override
highvol_high_stock,WARNING,prob_high_vol>0.60 but stock>=80%.,0.96,0.617,BULL,2018-03-09,WATCH,strong_offensive_override
highvol_high_stock,WARNING,prob_high_vol>0.60 but stock>=80%.,0.8,0.7113,NEUTRAL,2018-04-23,WATCH,scheduled
midtrend_bear_high_stock,WARNING,mid_trend=BEAR but stock>=80%. Check trend context or policy override.,0.8,0.7299,BEAR,2018-04-24,CUSTOM,not_rebalance_day
highvol_high_stock,WARNING,prob_high_vol>0.60 but stock>=80%.,0.8,0.7299,BEAR,2018-04-24,CUSTOM,not_rebalance_day
midtrend_bear_high_stock,WARNING,mid_trend=BEAR but stock>=80%. Check trend context or policy override.,0.8,0.7349,BEAR,2018-04-25,CUSTOM,not_rebalance_day
highvol_high_stock,WARNING,prob_high_vol>0.60 but stock>=80%.,0.8,0.7349,BEAR,2018-04-25,CUSTOM,not_rebalance_day
midtrend_bear_high_stock,WARNING,mid_trend=BEAR but stock>=80%. Check trend context or policy override.,0.8,0.7367,BEAR,2018-04-26,CUSTOM,not_rebalance_day
highvol_high_stock,WARNING,prob_high_vol>0.60 but stock>=80%.,0.8,0.7367,BEAR,2018-04-26,CUSTOM,not_rebalance_day
midtrend_bear_high_stock,WARNING,mid_trend=BEAR but stock>=80%. Check trend context or policy override.,0.8,0.7413,BEAR,2018-04-27,CUSTOM,not_rebalance_day
highvol_high_stock,WARNING,prob_high_vol>0.60 but stock>=80%.,0.8,0.7413,BEAR,2018-04-27,CUSTOM,not_rebalance_day
midtrend_bear_high_stock,WARNING,mid_trend=BEAR but stock>=80%. Check trend context or policy override.,0.8,0.7362,BEAR,2018-04-30,CUSTOM,no_trade_band
highvol_high_stock,WARNING,prob_high_vol>0.60 but stock>=80%.,0.8,0.7362,BEAR,2018-04-30,CUSTOM,no_trade_band
midtrend_bear_high_stock,WARNING,mid_trend=BEAR but stock>=80%. Check trend context or policy override.,0.8,0.7283,BEAR,2018-05-01,CUSTOM,not_rebalance_day
highvol_high_stock,WARNING,prob_high_vol>0.60 but stock>=80%.,0.8,0.7283,BEAR,2018-05-01,CUSTOM,not_rebalance_day
highvol_high_stock,WARNING,prob_high_vol>0.60 but stock>=80%.,0.8,0.7096,BULL,2018-05-02,CUSTOM,not_rebalance_day
highvol_high_stock,WARNING,prob_high_vol>0.60 but stock>=80%.,0.8,0.6811,BULL,2018-05-03,CUSTOM,not_rebalance_day
highvol_high_stock,WARNING,prob_high_vol>0.60 but stock>=80%.,0.96,0.644,BULL,2018-05-04,WATCH,strong_offensive_override
highvol_high_stock,WARNING,prob_high_vol>0.60 but stock>=80%.,0.96,0.6001,BULL,2018-05-07,WATCH,strong_offensive_override
highvol_high_stock,WARNING,prob_high_vol>0.60 but stock>=80%.,0.96,0.603,BULL,2018-05-18,CUSTOM,not_rebalance_day
highvol_high_stock,WARNING,prob_high_vol>0.60 but stock>=80%.,0.96,0.666,BULL,2018-11-01,WATCH,strong_offensive_override
highvol_high_stock,WARNING,prob_high_vol>0.60 but stock>=80%.,0.96,0.6783,NEUTRAL,2018-11-02,WATCH,strong_offensive_override
midtrend_bear_high_stock,WARNING,mid_trend=BEAR but stock>=80%. Check trend context or policy override.,0.96,0.6887,BEAR,2018-11-05,CUSTOM,not_rebalance_day
highvol_high_stock,WARNING,prob_high_vol>0.60 but stock>=80%.,0.96,0.6887,BEAR,2018-11-05,CUSTOM,not_rebalance_day
midtrend_bear_high_stock,WARNING,mid_trend=BEAR but stock>=80%. Check trend context or policy override.,0.96,0.6813,BEAR,2018-11-06,CUSTOM,not_rebalance_day
highvol_high_stock,WARNING,prob_high_vol>0.60 but stock>=80%.,0.96,0.6813,BEAR,2018-11-06,CUSTOM,not_rebalance_day
highvol_high_stock,WARNING,prob_high_vol>0.60 but stock>=80%.,0.96,0.6613,NEUTRAL,2018-11-07,WATCH,strong_offensive_override
midtrend_bear_high_stock,WARNING,mid_trend=BEAR but stock>=80%. Check trend context or policy override.,0.96,0.6458,BEAR,2018-11-08,WATCH,strong_offensive_override
highvol_high_stock,WARNING,prob_high_vol>0.60 but stock>=80%.,0.96,0.6458,BEAR,2018-11-08,WATCH,strong_offensive_override
midtrend_bear_high_stock,WARNING,mid_trend=BEAR but stock>=80%. Check trend context or policy override.,0.96,0.6576,BEAR,2018-11-09,WATCH,strong_offensive_override
highvol_high_stock,WARNING,prob_high_vol>0.60 but stock>=80%.,0.96,0.6576,BEAR,2018-11-09,WATCH,strong_offensive_override
midtrend_bear_high_stock,WARNING,mid_trend=BEAR but stock>=80%. Check trend context or policy override.,0.96,0.6665,BEAR,2018-11-12,WATCH,strong_offensive_override
highvol_high_stock,WARNING,prob_high_vol>0.60 but stock>=80%.,0.96,0.6665,BEAR,2018-11-12,WATCH,strong_offensive_override
midtrend_bear_high_stock,WARNING,mid_trend=BEAR but stock>=80%. Check trend context or policy override.,0.96,0.6734,BEAR,2018-11-13,WATCH,strong_offensive_override
highvol_high_stock,WARNING,prob_high_vol>0.60 but stock>=80%.,0.96,0.6734,BEAR,2018-11-13,WATCH,strong_offensive_override
midtrend_bear_high_stock,WARNING,mid_trend=BEAR but stock>=80%. Check trend context or policy override.,0.96,0.6699,BEAR,2018-11-14,WATCH,strong_offensive_override
highvol_high_stock,WARNING,prob_high_vol>0.60 but stock>=80%.,0.96,0.6699,BEAR,2018-11-14,WATCH,strong_offensive_override
midtrend_bear_high_stock,WARNING,mid_trend=BEAR but stock>=80%. Check trend context or policy override.,0.8,0.6805,BEAR,2018-11-15,WATCH,scheduled
highvol_high_stock,WARNING,prob_high_vol>0.60 but stock>=80%.,0.8,0.6805,BEAR,2018-11-15,WATCH,scheduled
midtrend_bear_high_stock,WARNING,mid_trend=BEAR but stock>=80%. Check trend context or policy override.,0.8,0.6886,BEAR,2018-11-16,CUSTOM,not_rebalance_day
highvol_high_stock,WARNING,prob_high_vol>0.60 but stock>=80%.,0.8,0.6886,BEAR,2018-11-16,CUSTOM,not_rebalance_day
midtrend_bear_high_stock,WARNING,mid_trend=BEAR but stock>=80%. Check trend context or policy override.,0.8,0.6987,BEAR,2018-11-19,CUSTOM,not_rebalance_day
highvol_high_stock,WARNING,prob_high_vol>0.60 but stock>=80%.,0.8,0.6987,BEAR,2018-11-19,CUSTOM,not_rebalance_day
midtrend_bear_high_stock,WARNING,mid_trend=BEAR but stock>=80%. Check trend context or policy override.,0.8,0.7081,BEAR,2018-11-20,WATCH,no_trade_override_prob_high_vol_cross_0.70
highvol_high_stock,WARNING,prob_high_vol>0.60 but stock>=80%.,0.8,0.7081,BEAR,2018-11-20,WATCH,no_trade_override_prob_high_vol_cross_0.70
midtrend_bear_high_stock,WARNING,mid_trend=BEAR but stock>=80%. Check trend context or policy override.,0.8,0.7146,BEAR,2018-11-21,CUSTOM,not_rebalance_day
highvol_high_stock,WARNING,prob_high_vol>0.60 but stock>=80%.,0.8,0.7146,BEAR,2018-11-21,CUSTOM,not_rebalance_day
midtrend_bear_high_stock,WARNING,mid_trend=BEAR but stock>=80%. Check trend context or policy override.,0.8,0.7199,BEAR,2018-11-23,CUSTOM,no_trade_band
highvol_high_stock,WARNING,prob_high_vol>0.60 but stock>=80%.,0.8,0.7199,BEAR,2018-11-23,CUSTOM,no_trade_band
midtrend_bear_high_stock,WARNING,mid_trend=BEAR but stock>=80%. Check trend context or policy override.,0.8,0.7275,BEAR,2018-11-26,CUSTOM,not_rebalance_day
highvol_high_stock,WARNING,prob_high_vol>0.60 but stock>=80%.,0.8,0.7275,BEAR,2018-11-26,CUSTOM,not_rebalance_day
midtrend_bear_high_stock,WARNING,mid_trend=BEAR but stock>=80%. Check trend context or policy override.,0.8,0.797,BEAR,2018-12-14,RISK_OFF,emergency
highvol_high_stock,WARNING,prob_high_vol>0.60 but stock>=80%.,0.8,0.797,BEAR,2018-12-14,RISK_OFF,emergency
midtrend_bear_high_stock,WARNING,mid_trend=BEAR but stock>=80%. Check trend context or policy override.,0.8,0.7983,BEAR,2018-12-17,CUSTOM,no_trade_band
highvol_high_stock,WARNING,prob_high_vol>0.60 but stock>=80%.,0.8,0.7983,BEAR,2018-12-17,CUSTOM,no_trade_band
midtrend_bear_high_stock,WARNING,mid_trend=BEAR but stock>=80%. Check trend context or policy override.,0.96,0.6205,BEAR,2019-01-23,WATCH,strong_offensive_override
highvol_high_stock,WARNING,prob_high_vol>0.60 but stock>=80%.,0.96,0.6205,BEAR,2019-01-23,WATCH,strong_offensive_override
midtrend_bear_high_stock,WARNING,mid_trend=BEAR but stock>=80%. Check trend context or policy override.,0.96,0.6539,BEAR,2019-01-24,WATCH,strong_offensive_override
highvol_high_stock,WARNING,prob_high_vol>0.60 but stock>=80%.,0.96,0.6539,BEAR,2019-01-24,WATCH,strong_offensive_override
midtrend_bear_high_stock,WARNING,mid_trend=BEAR but stock>=80%. Check trend context or policy override.,0.96,0.6803,BEAR,2019-01-25,CUSTOM,not_rebalance_day
highvol_high_stock,WARNING,prob_high_vol>0.60 but stock>=80%.,0.96,0.6803,BEAR,2019-01-25,CUSTOM,not_rebalance_day
midtrend_bear_high_stock,WARNING,mid_trend=BEAR but stock>=80%. Check trend context or policy override.,0.96,0.6968,BEAR,2019-01-28,CUSTOM,not_rebalance_day
highvol_high_stock,WARNING,prob_high_vol>0.60 but stock>=80%.,0.96,0.6968,BEAR,2019-01-28,CUSTOM,not_rebalance_day
midtrend_bear_high_stock,WARNING,mid_trend=BEAR but stock>=80%. Check trend context or policy override.,0.8,0.7128,BEAR,2019-01-29,WATCH,no_trade_override_prob_high_vol_cross_0.70
highvol_high_stock,WARNING,prob_high_vol>0.60 but stock>=80%.,0.8,0.7128,BEAR,2019-01-29,WATCH,no_trade_override_prob_high_vol_cross_0.70
midtrend_bear_high_stock,WARNING,mid_trend=BEAR but stock>=80%. Check trend context or policy override.,0.8,0.7188,BEAR,2019-01-30,CUSTOM,not_rebalance_day
highvol_high_stock,WARNING,prob_high_vol>0.60 but stock>=80%.,0.8,0.7188,BEAR,2019-01-30,CUSTOM,not_rebalance_day
midtrend_bear_high_stock,WARNING,mid_trend=BEAR but stock>=80%. Check trend context or policy override.,0.8,0.7217,BEAR,2019-01-31,CUSTOM,no_trade_band
highvol_high_stock,WARNING,prob_high_vol>0.60 but stock>=80%.,0.8,0.7217,BEAR,2019-01-31,CUSTOM,no_trade_band
midtrend_bear_high_stock,WARNING,mid_trend=BEAR but stock>=80%. Check trend context or policy override.,0.8,0.7057,BEAR,2019-02-01,CUSTOM,not_rebalance_day
highvol_high_stock,WARNING,prob_high_vol>0.60 but stock>=80%.,0.8,0.7057,BEAR,2019-02-01,CUSTOM,not_rebalance_day
midtrend_bear_high_stock,WARNING,mid_trend=BEAR but stock>=80%. Check trend context or policy override.,0.96,0.6713,BEAR,2019-02-04,WATCH,strong_offensive_override
highvol_high_stock,WARNING,prob_high_vol>0.60 but stock>=80%.,0.96,0.6713,BEAR,2019-02-04,WATCH,strong_offensive_override
midtrend_bear_high_stock,WARNING,mid_trend=BEAR but stock>=80%. Check trend context or policy override.,0.96,0.6451,BEAR,2019-02-05,WATCH,strong_offensive_override
highvol_high_stock,WARNING,prob_high_vol>0.60 but stock>=80%.,0.96,0.6451,BEAR,2019-02-05,WATCH,strong_offensive_override
midtrend_bear_high_stock,WARNING,mid_trend=BEAR but stock>=80%. Check trend context or policy override.,0.96,0.6254,BEAR,2019-02-06,WATCH,strong_offensive_override
highvol_high_stock,WARNING,prob_high_vol>0.60 but stock>=80%.,0.96,0.6254,BEAR,2019-02-06,WATCH,strong_offensive_override
midtrend_bear_high_stock,WARNING,mid_trend=BEAR but stock>=80%. Check trend context or policy override.,0.96,0.6153,BEAR,2019-02-07,WATCH,strong_offensive_override
highvol_high_stock,WARNING,prob_high_vol>0.60 but stock>=80%.,0.96,0.6153,BEAR,2019-02-07,WATCH,strong_offensive_override
midtrend_bear_high_stock,WARNING,mid_trend=BEAR but stock>=80%. Check trend context or policy override.,0.96,0.605,BEAR,2019-02-08,WATCH,strong_offensive_override
highvol_high_stock,WARNING,prob_high_vol>0.60 but stock>=80%.,0.96,0.605,BEAR,2019-02-08,WATCH,strong_offensive_override
midtrend_bear_high_stock,WARNING,mid_trend=BEAR but stock>=80%. Check trend context or policy override.,0.96,0.5955,BEAR,2019-02-11,WATCH,strong_offensive_override
midtrend_bear_high_stock,WARNING,mid_trend=BEAR but stock>=80%. Check trend context or policy override.,0.96,0.5888,BEAR,2019-02-12,WATCH,strong_offensive_override
midtrend_bear_high_stock,WARNING,mid_trend=BEAR but stock>=80%. Check trend context or policy override.,0.96,0.5836,BEAR,2019-02-13,WATCH,strong_offensive_override
midtrend_bear_high_stock,WARNING,mid_trend=BEAR but stock>=80%. Check trend context or policy override.,0.96,0.58,BEAR,2019-02-14,WATCH,strong_offensive_override
midtrend_bear_high_stock,WARNING,mid_trend=BEAR but stock>=80%. Check trend context or policy override.,0.96,0.5802,BEAR,2019-02-15,WATCH,strong_offensive_override
midtrend_bear_high_stock,WARNING,mid_trend=BEAR but stock>=80%. Check trend context or policy override.,1.0,0.5741,BEAR,2019-02-19,WATCH,strong_offensive_override
midtrend_bear_high_stock,WARNING,mid_trend=BEAR but stock>=80%. Check trend context or policy override.,1.0,0.5665,BEAR,2019-02-20,WATCH,strong_offensive_override
midtrend_bear_high_stock,WARNING,mid_trend=BEAR but stock>=80%. Check trend context or policy override.,1.0,0.5657,BEAR,2019-02-21,WATCH,strong_offensive_override
highvol_high_stock,WARNING,prob_high_vol>0.60 but stock>=80%.,0.82,0.6251,BULL,2019-06-11,WATCH,scheduled
midtrend_bear_high_stock,WARNING,mid_trend=BEAR but stock>=80%. Check trend context or policy override.,0.96,0.4029,BEAR,2020-04-17,NORMAL,strong_offensive_override
midtrend_bear_high_stock,WARNING,mid_trend=BEAR but stock>=80%. Check trend context or policy override.,0.96,0.3991,BEAR,2020-04-20,NORMAL,strong_offensive_override
midtrend_bear_high_stock,WARNING,mid_trend=BEAR but stock>=80%. Check trend context or policy override.,0.96,0.4497,BEAR,2020-04-21,NORMAL,strong_offensive_override
midtrend_bear_high_stock,WARNING,mid_trend=BEAR but stock>=80%. Check trend context or policy override.,0.96,0.4839,BEAR,2020-04-22,NORMAL,strong_offensive_override
midtrend_bear_high_stock,WARNING,mid_trend=BEAR but stock>=80%. Check trend context or policy override.,0.96,0.5161,BEAR,2020-04-23,NORMAL,strong_offensive_override
midtrend_bear_high_stock,WARNING,mid_trend=BEAR but stock>=80%. Check trend context or policy override.,1.0,0.5395,BEAR,2020-04-28,NORMAL,strong_offensive_override
midtrend_bear_high_stock,WARNING,mid_trend=BEAR but stock>=80%. Check trend context or policy override.,0.8,0.802,BEAR,2021-03-05,RISK_OFF,emergency
highvol_high_stock,WARNING,prob_high_vol>0.60 but stock>=80%.,0.8,0.802,BEAR,2021-03-05,RISK_OFF,emergency
extreme_highvol_full_stock,HARD_CAP,prob_high_vol>0.80 but stock>=70%.,0.8,0.802,BEAR,2021-03-05,RISK_OFF,emergency
midtrend_bear_high_stock,WARNING,mid_trend=BEAR but stock>=80%. Check trend context or policy override.,0.8,0.8068,BEAR,2021-03-08,CUSTOM,not_rebalance_day
highvol_high_stock,WARNING,prob_high_vol>0.60 but stock>=80%.,0.8,0.8068,BEAR,2021-03-08,CUSTOM,not_rebalance_day
extreme_highvol_full_stock,HARD_CAP,prob_high_vol>0.80 but stock>=70%.,0.8,0.8068,BEAR,2021-03-08,CUSTOM,not_rebalance_day
midtrend_bear_high_stock,WARNING,mid_trend=BEAR but stock>=80%. Check trend context or policy override.,0.8,0.7941,BEAR,2021-03-09,CUSTOM,not_rebalance_day
highvol_high_stock,WARNING,prob_high_vol>0.60 but stock>=80%.,0.8,0.7941,BEAR,2021-03-09,CUSTOM,not_rebalance_day
midtrend_bear_high_stock,WARNING,mid_trend=BEAR but stock>=80%. Check trend context or policy override.,0.8,0.7978,BEAR,2021-03-10,CUSTOM,no_trade_band
highvol_high_stock,WARNING,prob_high_vol>0.60 but stock>=80%.,0.8,0.7978,BEAR,2021-03-10,CUSTOM,no_trade_band
midtrend_bear_high_stock,WARNING,mid_trend=BEAR but stock>=80%. Check trend context or policy override.,0.8,0.7963,BEAR,2021-03-11,CUSTOM,not_rebalance_day
highvol_high_stock,WARNING,prob_high_vol>0.60 but stock>=80%.,0.8,0.7963,BEAR,2021-03-11,CUSTOM,not_rebalance_day
midtrend_bear_high_stock,WARNING,mid_trend=BEAR but stock>=80%. Check trend context or policy override.,0.8,0.7987,BEAR,2021-03-12,CUSTOM,no_trade_band
highvol_high_stock,WARNING,prob_high_vol>0.60 but stock>=80%.,0.8,0.7987,BEAR,2021-03-12,CUSTOM,no_trade_band
midtrend_bear_high_stock,WARNING,mid_trend=BEAR but stock>=80%. Check trend context or policy override.,0.8,0.789,BEAR,2021-03-15,CUSTOM,not_rebalance_day
highvol_high_stock,WARNING,prob_high_vol>0.60 but stock>=80%.,0.8,0.789,BEAR,2021-03-15,CUSTOM,not_rebalance_day
midtrend_bear_high_stock,WARNING,mid_trend=BEAR but stock>=80%. Check trend context or policy override.,0.8,0.7725,BEAR,2021-03-16,CUSTOM,not_rebalance_day
highvol_high_stock,WARNING,prob_high_vol>0.60 but stock>=80%.,0.8,0.7725,BEAR,2021-03-16,CUSTOM,not_rebalance_day
midtrend_bear_high_stock,WARNING,mid_trend=BEAR but stock>=80%. Check trend context or policy override.,0.8,0.7645,BEAR,2021-03-17,CUSTOM,no_trade_band
highvol_high_stock,WARNING,prob_high_vol>0.60 but stock>=80%.,0.8,0.7645,BEAR,2021-03-17,CUSTOM,no_trade_band
midtrend_bear_high_stock,WARNING,mid_trend=BEAR but stock>=80%. Check trend context or policy override.,0.8,0.7744,BEAR,2021-03-18,CUSTOM,not_rebalance_day
highvol_high_stock,WARNING,prob_high_vol>0.60 but stock>=80%.,0.8,0.7744,BEAR,2021-03-18,CUSTOM,not_rebalance_day
midtrend_bear_high_stock,WARNING,mid_trend=BEAR but stock>=80%. Check trend context or policy override.,0.8,0.7939,BEAR,2021-03-19,CUSTOM,no_trade_band
highvol_high_stock,WARNING,prob_high_vol>0.60 but stock>=80%.,0.8,0.7939,BEAR,2021-03-19,CUSTOM,no_trade_band
midtrend_bear_high_stock,WARNING,mid_trend=BEAR but stock>=80%. Check trend context or policy override.,0.8,0.7752,BEAR,2021-03-22,CUSTOM,not_rebalance_day
highvol_high_stock,WARNING,prob_high_vol>0.60 but stock>=80%.,0.8,0.7752,BEAR,2021-03-22,CUSTOM,not_rebalance_day
midtrend_bear_high_stock,WARNING,mid_trend=BEAR but stock>=80%. Check trend context or policy override.,0.8,0.7512,BEAR,2021-03-23,CUSTOM,not_rebalance_day
highvol_high_stock,WARNING,prob_high_vol>0.60 but stock>=80%.,0.8,0.7512,BEAR,2021-03-23,CUSTOM,not_rebalance_day
midtrend_bear_high_stock,WARNING,mid_trend=BEAR but stock>=80%. Check trend context or policy override.,0.8,0.7487,BEAR,2021-03-24,CUSTOM,no_trade_band
highvol_high_stock,WARNING,prob_high_vol>0.60 but stock>=80%.,0.8,0.7487,BEAR,2021-03-24,CUSTOM,no_trade_band
midtrend_bear_high_stock,WARNING,mid_trend=BEAR but stock>=80%. Check trend context or policy override.,0.8,0.7426,BEAR,2021-03-25,CUSTOM,not_rebalance_day
highvol_high_stock,WARNING,prob_high_vol>0.60 but stock>=80%.,0.8,0.7426,BEAR,2021-03-25,CUSTOM,not_rebalance_day
midtrend_bear_high_stock,WARNING,mid_trend=BEAR but stock>=80%. Check trend context or policy override.,0.8,0.7357,BEAR,2021-03-26,CUSTOM,not_rebalance_day
highvol_high_stock,WARNING,prob_high_vol>0.60 but stock>=80%.,0.8,0.7357,BEAR,2021-03-26,CUSTOM,not_rebalance_day
midtrend_bear_high_stock,WARNING,mid_trend=BEAR but stock>=80%. Check trend context or policy override.,0.8,0.7267,BEAR,2021-03-29,CUSTOM,not_rebalance_day
highvol_high_stock,WARNING,prob_high_vol>0.60 but stock>=80%.,0.8,0.7267,BEAR,2021-03-29,CUSTOM,not_rebalance_day
midtrend_bear_high_stock,WARNING,mid_trend=BEAR but stock>=80%. Check trend context or policy override.,0.8,0.7259,BEAR,2021-03-30,CUSTOM,not_rebalance_day
highvol_high_stock,WARNING,prob_high_vol>0.60 but stock>=80%.,0.8,0.7259,BEAR,2021-03-30,CUSTOM,not_rebalance_day
midtrend_bear_high_stock,WARNING,mid_trend=BEAR but stock>=80%. Check trend context or policy override.,0.8,0.6887,BEAR,2021-03-31,CUSTOM,no_trade_band
highvol_high_stock,WARNING,prob_high_vol>0.60 but stock>=80%.,0.8,0.6887,BEAR,2021-03-31,CUSTOM,no_trade_band
midtrend_bear_high_stock,WARNING,mid_trend=BEAR but stock>=80%. Check trend context or policy override.,0.96,0.6547,BEAR,2021-04-01,WATCH,strong_offensive_override
highvol_high_stock,WARNING,prob_high_vol>0.60 but stock>=80%.,0.96,0.6547,BEAR,2021-04-01,WATCH,strong_offensive_override
midtrend_bear_high_stock,WARNING,mid_trend=BEAR but stock>=80%. Check trend context or policy override.,0.96,0.6109,BEAR,2021-04-05,WATCH,strong_offensive_override
highvol_high_stock,WARNING,prob_high_vol>0.60 but stock>=80%.,0.96,0.6109,BEAR,2021-04-05,WATCH,strong_offensive_override
midtrend_bear_high_stock,WARNING,mid_trend=BEAR but stock>=80%. Check trend context or policy override.,1.0,0.5683,BEAR,2021-04-06,WATCH,strong_offensive_override
midtrend_bear_high_stock,WARNING,mid_trend=BEAR but stock>=80%. Check trend context or policy override.,1.0,0.531,BEAR,2021-04-07,NORMAL,strong_offensive_override
midtrend_bear_high_stock,WARNING,mid_trend=BEAR but stock>=80%. Check trend context or policy override.,1.0,0.4047,BEAR,2021-06-09,NORMAL,strong_offensive_override
midtrend_bear_high_stock,WARNING,mid_trend=BEAR but stock>=80%. Check trend context or policy override.,1.0,0.4003,BEAR,2021-06-10,NORMAL,strong_offensive_override
midtrend_bear_high_stock,WARNING,mid_trend=BEAR but stock>=80%. Check trend context or policy override.,0.82,0.2569,BEAR,2021-10-04,CUSTOM,not_rebalance_day
midtrend_bear_high_stock,WARNING,mid_trend=BEAR but stock>=80%. Check trend context or policy override.,0.96,0.2549,BEAR,2021-10-05,NORMAL,strong_offensive_override
midtrend_bear_high_stock,WARNING,mid_trend=BEAR but stock>=80%. Check trend context or policy override.,0.96,0.2525,BEAR,2021-10-06,NORMAL,strong_offensive_override
midtrend_bear_high_stock,WARNING,mid_trend=BEAR but stock>=80%. Check trend context or policy override.,0.96,0.251,BEAR,2021-10-07,NORMAL,strong_offensive_override
midtrend_bear_high_stock,WARNING,mid_trend=BEAR but stock>=80%. Check trend context or policy override.,1.0,0.2462,BEAR,2021-10-08,NORMAL,strong_offensive_override
midtrend_bear_high_stock,WARNING,mid_trend=BEAR but stock>=80%. Check trend context or policy override.,1.0,0.2421,BEAR,2021-10-11,NORMAL,strong_offensive_override
midtrend_bear_high_stock,WARNING,mid_trend=BEAR but stock>=80%. Check trend context or policy override.,1.0,0.2419,BEAR,2021-10-12,NORMAL,strong_offensive_override
midtrend_bear_high_stock,WARNING,mid_trend=BEAR but stock>=80%. Check trend context or policy override.,1.0,0.2411,BEAR,2021-10-13,NORMAL,strong_offensive_override
midtrend_bear_high_stock,WARNING,mid_trend=BEAR but stock>=80%. Check trend context or policy override.,1.0,0.2324,BEAR,2021-10-14,NORMAL,strong_offensive_override
midtrend_bear_high_stock,WARNING,mid_trend=BEAR but stock>=80%. Check trend context or policy override.,1.0,0.2246,BEAR,2021-10-15,NORMAL,strong_offensive_override
midtrend_bear_high_stock,WARNING,mid_trend=BEAR but stock>=80%. Check trend context or policy override.,1.0,0.2193,BEAR,2021-10-18,NORMAL,strong_offensive_override
highvol_high_stock,WARNING,prob_high_vol>0.60 but stock>=80%.,0.96,0.666,BULL,2022-02-22,WATCH,strong_offensive_override
highvol_high_stock,WARNING,prob_high_vol>0.60 but stock>=80%.,0.96,0.6816,NEUTRAL,2022-02-23,CUSTOM,not_rebalance_day
highvol_high_stock,WARNING,prob_high_vol>0.60 but stock>=80%.,0.96,0.6778,NEUTRAL,2022-02-24,WATCH,strong_offensive_override
midtrend_bear_high_stock,WARNING,mid_trend=BEAR but stock>=80%. Check trend context or policy override.,0.96,0.6579,BEAR,2022-02-25,WATCH,strong_offensive_override
highvol_high_stock,WARNING,prob_high_vol>0.60 but stock>=80%.,0.96,0.6579,BEAR,2022-02-25,WATCH,strong_offensive_override
highvol_high_stock,WARNING,prob_high_vol>0.60 but stock>=80%.,0.96,0.6178,NEUTRAL,2022-02-28,WATCH,strong_offensive_override
midtrend_bear_high_stock,WARNING,mid_trend=BEAR but stock>=80%. Check trend context or policy override.,0.96,0.6028,BEAR,2022-03-01,WATCH,strong_offensive_override
highvol_high_stock,WARNING,prob_high_vol>0.60 but stock>=80%.,0.96,0.6028,BEAR,2022-03-01,WATCH,strong_offensive_override
midtrend_bear_high_stock,WARNING,mid_trend=BEAR but stock>=80%. Check trend context or policy override.,1.0,0.5323,BEAR,2022-03-04,NORMAL,strong_offensive_override
midtrend_bear_high_stock,WARNING,mid_trend=BEAR but stock>=80%. Check trend context or policy override.,1.0,0.5593,BEAR,2022-03-07,WATCH,strong_offensive_override
midtrend_bear_high_stock,WARNING,mid_trend=BEAR but stock>=80%. Check trend context or policy override.,0.96,0.59,BEAR,2022-03-08,WATCH,strong_offensive_override
midtrend_bear_high_stock,WARNING,mid_trend=BEAR but stock>=80%. Check trend context or policy override.,1.0,0.5672,BEAR,2022-03-09,WATCH,strong_offensive_override
midtrend_bear_high_stock,WARNING,mid_trend=BEAR but stock>=80%. Check trend context or policy override.,0.96,0.5935,BEAR,2022-03-10,WATCH,strong_offensive_override
midtrend_bear_high_stock,WARNING,mid_trend=BEAR but stock>=80%. Check trend context or policy override.,0.96,0.6159,BEAR,2022-03-11,WATCH,strong_offensive_override
highvol_high_stock,WARNING,prob_high_vol>0.60 but stock>=80%.,0.96,0.6159,BEAR,2022-03-11,WATCH,strong_offensive_override
midtrend_bear_high_stock,WARNING,mid_trend=BEAR but stock>=80%. Check trend context or policy override.,0.96,0.6388,BEAR,2022-03-14,WATCH,strong_offensive_override
highvol_high_stock,WARNING,prob_high_vol>0.60 but stock>=80%.,0.96,0.6388,BEAR,2022-03-14,WATCH,strong_offensive_override
midtrend_bear_high_stock,WARNING,mid_trend=BEAR but stock>=80%. Check trend context or policy override.,0.96,0.6355,BEAR,2022-03-15,WATCH,strong_offensive_override
highvol_high_stock,WARNING,prob_high_vol>0.60 but stock>=80%.,0.96,0.6355,BEAR,2022-03-15,WATCH,strong_offensive_override
midtrend_bear_high_stock,WARNING,mid_trend=BEAR but stock>=80%. Check trend context or policy override.,0.96,0.6272,BEAR,2022-03-16,WATCH,strong_offensive_override
highvol_high_stock,WARNING,prob_high_vol>0.60 but stock>=80%.,0.96,0.6272,BEAR,2022-03-16,WATCH,strong_offensive_override
midtrend_bear_high_stock,WARNING,mid_trend=BEAR but stock>=80%. Check trend context or policy override.,0.96,0.6041,BEAR,2022-03-17,WATCH,strong_offensive_override
highvol_high_stock,WARNING,prob_high_vol>0.60 but stock>=80%.,0.96,0.6041,BEAR,2022-03-17,WATCH,strong_offensive_override
midtrend_bear_high_stock,WARNING,mid_trend=BEAR but stock>=80%. Check trend context or policy override.,1.0,0.5689,BEAR,2022-03-18,WATCH,strong_offensive_override
midtrend_bear_high_stock,WARNING,mid_trend=BEAR but stock>=80%. Check trend context or policy override.,1.0,0.5384,BEAR,2022-03-21,NORMAL,strong_offensive_override
midtrend_bear_high_stock,WARNING,mid_trend=BEAR but stock>=80%. Check trend context or policy override.,0.96,0.5915,BEAR,2022-04-26,WATCH,strong_offensive_override
midtrend_bear_high_stock,WARNING,mid_trend=BEAR but stock>=80%. Check trend context or policy override.,0.96,0.6397,BEAR,2022-04-27,WATCH,strong_offensive_override
highvol_high_stock,WARNING,prob_high_vol>0.60 but stock>=80%.,0.96,0.6397,BEAR,2022-04-27,WATCH,strong_offensive_override
midtrend_bear_high_stock,WARNING,mid_trend=BEAR but stock>=80%. Check trend context or policy override.,0.96,0.6649,BEAR,2022-04-28,WATCH,strong_offensive_override
highvol_high_stock,WARNING,prob_high_vol>0.60 but stock>=80%.,0.96,0.6649,BEAR,2022-04-28,WATCH,strong_offensive_override
midtrend_bear_high_stock,WARNING,mid_trend=BEAR but stock>=80%. Check trend context or policy override.,0.96,0.699,BEAR,2022-04-29,CUSTOM,not_rebalance_day
highvol_high_stock,WARNING,prob_high_vol>0.60 but stock>=80%.,0.96,0.699,BEAR,2022-04-29,CUSTOM,not_rebalance_day
midtrend_bear_high_stock,WARNING,mid_trend=BEAR but stock>=80%. Check trend context or policy override.,0.8,0.7242,BEAR,2022-05-02,WATCH,no_trade_override_prob_high_vol_cross_0.70
highvol_high_stock,WARNING,prob_high_vol>0.60 but stock>=80%.,0.8,0.7242,BEAR,2022-05-02,WATCH,no_trade_override_prob_high_vol_cross_0.70
midtrend_bear_high_stock,WARNING,mid_trend=BEAR but stock>=80%. Check trend context or policy override.,0.8,0.739,BEAR,2022-05-03,CUSTOM,no_trade_band
highvol_high_stock,WARNING,prob_high_vol>0.60 but stock>=80%.,0.8,0.739,BEAR,2022-05-03,CUSTOM,no_trade_band
midtrend_bear_high_stock,WARNING,mid_trend=BEAR but stock>=80%. Check trend context or policy override.,0.8,0.7058,BEAR,2022-05-04,CUSTOM,not_rebalance_day
highvol_high_stock,WARNING,prob_high_vol>0.60 but stock>=80%.,0.8,0.7058,BEAR,2022-05-04,CUSTOM,not_rebalance_day
midtrend_bear_high_stock,WARNING,mid_trend=BEAR but stock>=80%. Check trend context or policy override.,0.8,0.7228,BEAR,2022-05-05,CUSTOM,not_rebalance_day
highvol_high_stock,WARNING,prob_high_vol>0.60 but stock>=80%.,0.8,0.7228,BEAR,2022-05-05,CUSTOM,not_rebalance_day
midtrend_bear_high_stock,WARNING,mid_trend=BEAR but stock>=80%. Check trend context or policy override.,0.8,0.7352,BEAR,2022-05-06,CUSTOM,not_rebalance_day
highvol_high_stock,WARNING,prob_high_vol>0.60 but stock>=80%.,0.8,0.7352,BEAR,2022-05-06,CUSTOM,not_rebalance_day
midtrend_bear_high_stock,WARNING,mid_trend=BEAR but stock>=80%. Check trend context or policy override.,0.8,0.7361,BEAR,2022-05-09,CUSTOM,not_rebalance_day
highvol_high_stock,WARNING,prob_high_vol>0.60 but stock>=80%.,0.8,0.7361,BEAR,2022-05-09,CUSTOM,not_rebalance_day
midtrend_bear_high_stock,WARNING,mid_trend=BEAR but stock>=80%. Check trend context or policy override.,0.8,0.7326,BEAR,2022-05-10,CUSTOM,no_trade_band
highvol_high_stock,WARNING,prob_high_vol>0.60 but stock>=80%.,0.8,0.7326,BEAR,2022-05-10,CUSTOM,no_trade_band
midtrend_bear_high_stock,WARNING,mid_trend=BEAR but stock>=80%. Check trend context or policy override.,0.8,0.7371,BEAR,2022-05-11,CUSTOM,not_rebalance_day
highvol_high_stock,WARNING,prob_high_vol>0.60 but stock>=80%.,0.8,0.7371,BEAR,2022-05-11,CUSTOM,not_rebalance_day
midtrend_bear_high_stock,WARNING,mid_trend=BEAR but stock>=80%. Check trend context or policy override.,0.8,0.7542,BEAR,2022-05-12,CUSTOM,not_rebalance_day
highvol_high_stock,WARNING,prob_high_vol>0.60 but stock>=80%.,0.8,0.7542,BEAR,2022-05-12,CUSTOM,not_rebalance_day
midtrend_bear_high_stock,WARNING,mid_trend=BEAR but stock>=80%. Check trend context or policy override.,0.8,0.7709,BEAR,2022-05-13,CUSTOM,not_rebalance_day
highvol_high_stock,WARNING,prob_high_vol>0.60 but stock>=80%.,0.8,0.7709,BEAR,2022-05-13,CUSTOM,not_rebalance_day
midtrend_bear_high_stock,WARNING,mid_trend=BEAR but stock>=80%. Check trend context or policy override.,0.8,0.7842,BEAR,2022-05-16,CUSTOM,no_trade_band
highvol_high_stock,WARNING,prob_high_vol>0.60 but stock>=80%.,0.8,0.7842,BEAR,2022-05-16,CUSTOM,no_trade_band
midtrend_bear_high_stock,WARNING,mid_trend=BEAR but stock>=80%. Check trend context or policy override.,0.8,0.7868,BEAR,2022-05-17,CUSTOM,no_trade_band
highvol_high_stock,WARNING,prob_high_vol>0.60 but stock>=80%.,0.8,0.7868,BEAR,2022-05-17,CUSTOM,no_trade_band
midtrend_bear_high_stock,WARNING,mid_trend=BEAR but stock>=80%. Check trend context or policy override.,0.8,0.792,BEAR,2022-05-18,CUSTOM,not_rebalance_day
highvol_high_stock,WARNING,prob_high_vol>0.60 but stock>=80%.,0.8,0.792,BEAR,2022-05-18,CUSTOM,not_rebalance_day
midtrend_bear_high_stock,WARNING,mid_trend=BEAR but stock>=80%. Check trend context or policy override.,0.8,0.7963,BEAR,2022-05-19,CUSTOM,not_rebalance_day
highvol_high_stock,WARNING,prob_high_vol>0.60 but stock>=80%.,0.8,0.7963,BEAR,2022-05-19,CUSTOM,not_rebalance_day
midtrend_bear_high_stock,WARNING,mid_trend=BEAR but stock>=80%. Check trend context or policy override.,0.8,0.8015,BEAR,2022-05-20,CUSTOM,not_rebalance_day
highvol_high_stock,WARNING,prob_high_vol>0.60 but stock>=80%.,0.8,0.8015,BEAR,2022-05-20,CUSTOM,not_rebalance_day
extreme_highvol_full_stock,HARD_CAP,prob_high_vol>0.80 but stock>=70%.,0.8,0.8015,BEAR,2022-05-20,CUSTOM,not_rebalance_day
midtrend_bear_high_stock,WARNING,mid_trend=BEAR but stock>=80%. Check trend context or policy override.,0.8,0.8025,BEAR,2022-05-23,CUSTOM,no_trade_band
highvol_high_stock,WARNING,prob_high_vol>0.60 but stock>=80%.,0.8,0.8025,BEAR,2022-05-23,CUSTOM,no_trade_band
extreme_highvol_full_stock,HARD_CAP,prob_high_vol>0.80 but stock>=70%.,0.8,0.8025,BEAR,2022-05-23,CUSTOM,no_trade_band
midtrend_bear_high_stock,WARNING,mid_trend=BEAR but stock>=80%. Check trend context or policy override.,0.8,0.8015,BEAR,2022-05-24,CUSTOM,no_trade_band
highvol_high_stock,WARNING,prob_high_vol>0.60 but stock>=80%.,0.8,0.8015,BEAR,2022-05-24,CUSTOM,no_trade_band
extreme_highvol_full_stock,HARD_CAP,prob_high_vol>0.80 but stock>=70%.,0.8,0.8015,BEAR,2022-05-24,CUSTOM,no_trade_band
midtrend_bear_high_stock,WARNING,mid_trend=BEAR but stock>=80%. Check trend context or policy override.,0.8,0.8031,BEAR,2022-05-25,CUSTOM,not_rebalance_day
highvol_high_stock,WARNING,prob_high_vol>0.60 but stock>=80%.,0.8,0.8031,BEAR,2022-05-25,CUSTOM,not_rebalance_day
extreme_highvol_full_stock,HARD_CAP,prob_high_vol>0.80 but stock>=70%.,0.8,0.8031,BEAR,2022-05-25,CUSTOM,not_rebalance_day
midtrend_bear_high_stock,WARNING,mid_trend=BEAR but stock>=80%. Check trend context or policy override.,0.8,0.7878,BEAR,2022-05-26,CUSTOM,not_rebalance_day
highvol_high_stock,WARNING,prob_high_vol>0.60 but stock>=80%.,0.8,0.7878,BEAR,2022-05-26,CUSTOM,not_rebalance_day
midtrend_bear_high_stock,WARNING,mid_trend=BEAR but stock>=80%. Check trend context or policy override.,0.8,0.7594,BEAR,2022-05-27,CUSTOM,not_rebalance_day
highvol_high_stock,WARNING,prob_high_vol>0.60 but stock>=80%.,0.8,0.7594,BEAR,2022-05-27,CUSTOM,not_rebalance_day
midtrend_bear_high_stock,WARNING,mid_trend=BEAR but stock>=80%. Check trend context or policy override.,0.8,0.7477,BEAR,2022-05-31,CUSTOM,not_rebalance_day
highvol_high_stock,WARNING,prob_high_vol>0.60 but stock>=80%.,0.8,0.7477,BEAR,2022-05-31,CUSTOM,not_rebalance_day
midtrend_bear_high_stock,WARNING,mid_trend=BEAR but stock>=80%. Check trend context or policy override.,0.8,0.7378,BEAR,2022-06-01,CUSTOM,no_trade_band
highvol_high_stock,WARNING,prob_high_vol>0.60 but stock>=80%.,0.8,0.7378,BEAR,2022-06-01,CUSTOM,no_trade_band
midtrend_bear_high_stock,WARNING,mid_trend=BEAR but stock>=80%. Check trend context or policy override.,0.8,0.706,BEAR,2022-06-02,CUSTOM,not_rebalance_day
highvol_high_stock,WARNING,prob_high_vol>0.60 but stock>=80%.,0.8,0.706,BEAR,2022-06-02,CUSTOM,not_rebalance_day
midtrend_bear_high_stock,WARNING,mid_trend=BEAR but stock>=80%. Check trend context or policy override.,0.8,0.7211,BEAR,2022-06-03,CUSTOM,not_rebalance_day
highvol_high_stock,WARNING,prob_high_vol>0.60 but stock>=80%.,0.8,0.7211,BEAR,2022-06-03,CUSTOM,not_rebalance_day
midtrend_bear_high_stock,WARNING,mid_trend=BEAR but stock>=80%. Check trend context or policy override.,0.8,0.738,BEAR,2022-06-06,CUSTOM,not_rebalance_day
highvol_high_stock,WARNING,prob_high_vol>0.60 but stock>=80%.,0.8,0.738,BEAR,2022-06-06,CUSTOM,not_rebalance_day
midtrend_bear_high_stock,WARNING,mid_trend=BEAR but stock>=80%. Check trend context or policy override.,0.8,0.7437,BEAR,2022-06-07,CUSTOM,not_rebalance_day
highvol_high_stock,WARNING,prob_high_vol>0.60 but stock>=80%.,0.8,0.7437,BEAR,2022-06-07,CUSTOM,not_rebalance_day
midtrend_bear_high_stock,WARNING,mid_trend=BEAR but stock>=80%. Check trend context or policy override.,0.8,0.7458,BEAR,2022-06-08,CUSTOM,no_trade_band
highvol_high_stock,WARNING,prob_high_vol>0.60 but stock>=80%.,0.8,0.7458,BEAR,2022-06-08,CUSTOM,no_trade_band
midtrend_bear_high_stock,WARNING,mid_trend=BEAR but stock>=80%. Check trend context or policy override.,0.8,0.7647,BEAR,2022-06-09,CUSTOM,not_rebalance_day
highvol_high_stock,WARNING,prob_high_vol>0.60 but stock>=80%.,0.8,0.7647,BEAR,2022-06-09,CUSTOM,not_rebalance_day
midtrend_bear_high_stock,WARNING,mid_trend=BEAR but stock>=80%. Check trend context or policy override.,0.8,0.7814,BEAR,2022-06-10,CUSTOM,no_trade_band
highvol_high_stock,WARNING,prob_high_vol>0.60 but stock>=80%.,0.8,0.7814,BEAR,2022-06-10,CUSTOM,no_trade_band
midtrend_bear_high_stock,WARNING,mid_trend=BEAR but stock>=80%. Check trend context or policy override.,0.8,0.7951,BEAR,2022-06-13,CUSTOM,not_rebalance_day
highvol_high_stock,WARNING,prob_high_vol>0.60 but stock>=80%.,0.8,0.7951,BEAR,2022-06-13,CUSTOM,not_rebalance_day
midtrend_bear_high_stock,WARNING,mid_trend=BEAR but stock>=80%. Check trend context or policy override.,0.8,0.8055,BEAR,2022-06-14,CUSTOM,not_rebalance_day
highvol_high_stock,WARNING,prob_high_vol>0.60 but stock>=80%.,0.8,0.8055,BEAR,2022-06-14,CUSTOM,not_rebalance_day
extreme_highvol_full_stock,HARD_CAP,prob_high_vol>0.80 but stock>=70%.,0.8,0.8055,BEAR,2022-06-14,CUSTOM,not_rebalance_day
midtrend_bear_high_stock,WARNING,mid_trend=BEAR but stock>=80%. Check trend context or policy override.,0.8,0.8199,BEAR,2022-06-15,CUSTOM,no_trade_band
highvol_high_stock,WARNING,prob_high_vol>0.60 but stock>=80%.,0.8,0.8199,BEAR,2022-06-15,CUSTOM,no_trade_band
extreme_highvol_full_stock,HARD_CAP,prob_high_vol>0.80 but stock>=70%.,0.8,0.8199,BEAR,2022-06-15,CUSTOM,no_trade_band
midtrend_bear_high_stock,WARNING,mid_trend=BEAR but stock>=80%. Check trend context or policy override.,0.8,0.7246,BEAR,2022-06-30,WATCH,scheduled
highvol_high_stock,WARNING,prob_high_vol>0.60 but stock>=80%.,0.8,0.7246,BEAR,2022-06-30,WATCH,scheduled
midtrend_bear_high_stock,WARNING,mid_trend=BEAR but stock>=80%. Check trend context or policy override.,0.8,0.7213,BEAR,2022-07-01,CUSTOM,not_rebalance_day
highvol_high_stock,WARNING,prob_high_vol>0.60 but stock>=80%.,0.8,0.7213,BEAR,2022-07-01,CUSTOM,not_rebalance_day
midtrend_bear_high_stock,WARNING,mid_trend=BEAR but stock>=80%. Check trend context or policy override.,0.8,0.6864,BEAR,2022-07-05,CUSTOM,not_rebalance_day
highvol_high_stock,WARNING,prob_high_vol>0.60 but stock>=80%.,0.8,0.6864,BEAR,2022-07-05,CUSTOM,not_rebalance_day
midtrend_bear_high_stock,WARNING,mid_trend=BEAR but stock>=80%. Check trend context or policy override.,0.96,0.6366,BEAR,2022-07-06,WATCH,strong_offensive_override
highvol_high_stock,WARNING,prob_high_vol>0.60 but stock>=80%.,0.96,0.6366,BEAR,2022-07-06,WATCH,strong_offensive_override
midtrend_bear_high_stock,WARNING,mid_trend=BEAR but stock>=80%. Check trend context or policy override.,0.96,0.5823,BEAR,2022-07-07,WATCH,strong_offensive_override
midtrend_bear_high_stock,WARNING,mid_trend=BEAR but stock>=80%. Check trend context or policy override.,1.0,0.5375,BEAR,2022-07-08,NORMAL,strong_offensive_override
midtrend_bear_high_stock,WARNING,mid_trend=BEAR but stock>=80%. Check trend context or policy override.,1.0,0.5203,BEAR,2022-07-11,NORMAL,strong_offensive_override
midtrend_bear_high_stock,WARNING,mid_trend=BEAR but stock>=80%. Check trend context or policy override.,1.0,0.512,BEAR,2022-07-12,NORMAL,strong_offensive_override
midtrend_bear_high_stock,WARNING,mid_trend=BEAR but stock>=80%. Check trend context or policy override.,1.0,0.504,BEAR,2022-07-13,NORMAL,strong_offensive_override
midtrend_bear_high_stock,WARNING,mid_trend=BEAR but stock>=80%. Check trend context or policy override.,1.0,0.4859,BEAR,2022-07-14,NORMAL,strong_offensive_override
midtrend_bear_high_stock,WARNING,mid_trend=BEAR but stock>=80%. Check trend context or policy override.,1.0,0.4689,BEAR,2022-07-15,NORMAL,strong_offensive_override
midtrend_bear_high_stock,WARNING,mid_trend=BEAR but stock>=80%. Check trend context or policy override.,1.0,0.4768,BEAR,2022-07-18,NORMAL,strong_offensive_override
midtrend_bear_high_stock,WARNING,mid_trend=BEAR but stock>=80%. Check trend context or policy override.,1.0,0.4502,BEAR,2022-07-19,NORMAL,strong_offensive_override
midtrend_bear_high_stock,WARNING,mid_trend=BEAR but stock>=80%. Check trend context or policy override.,1.0,0.4244,BEAR,2022-07-20,NORMAL,strong_offensive_override
midtrend_bear_high_stock,WARNING,mid_trend=BEAR but stock>=80%. Check trend context or policy override.,1.0,0.3991,BEAR,2022-07-21,NORMAL,strong_offensive_override
midtrend_bear_high_stock,WARNING,mid_trend=BEAR but stock>=80%. Check trend context or policy override.,1.0,0.3937,BEAR,2022-07-22,NORMAL,strong_offensive_override
midtrend_bear_high_stock,WARNING,mid_trend=BEAR but stock>=80%. Check trend context or policy override.,1.0,0.4016,BEAR,2022-07-25,NORMAL,strong_offensive_override
midtrend_bear_high_stock,WARNING,mid_trend=BEAR but stock>=80%. Check trend context or policy override.,1.0,0.4256,BEAR,2022-07-26,NORMAL,strong_offensive_override
midtrend_bear_high_stock,WARNING,mid_trend=BEAR but stock>=80%. Check trend context or policy override.,0.8,0.6229,BEAR,2022-09-26,WATCH,scheduled
highvol_high_stock,WARNING,prob_high_vol>0.60 but stock>=80%.,0.8,0.6229,BEAR,2022-09-26,WATCH,scheduled
midtrend_bear_high_stock,WARNING,mid_trend=BEAR but stock>=80%. Check trend context or policy override.,0.96,0.6314,BEAR,2022-09-27,WATCH,strong_offensive_override
highvol_high_stock,WARNING,prob_high_vol>0.60 but stock>=80%.,0.96,0.6314,BEAR,2022-09-27,WATCH,strong_offensive_override
midtrend_bear_high_stock,WARNING,mid_trend=BEAR but stock>=80%. Check trend context or policy override.,0.96,0.6496,BEAR,2022-09-28,WATCH,strong_offensive_override
highvol_high_stock,WARNING,prob_high_vol>0.60 but stock>=80%.,0.96,0.6496,BEAR,2022-09-28,WATCH,strong_offensive_override
midtrend_bear_high_stock,WARNING,mid_trend=BEAR but stock>=80%. Check trend context or policy override.,0.96,0.6752,BEAR,2022-09-29,WATCH,strong_offensive_override
highvol_high_stock,WARNING,prob_high_vol>0.60 but stock>=80%.,0.96,0.6752,BEAR,2022-09-29,WATCH,strong_offensive_override
midtrend_bear_high_stock,WARNING,mid_trend=BEAR but stock>=80%. Check trend context or policy override.,0.8,0.7024,BEAR,2022-09-30,WATCH,no_trade_override_prob_high_vol_cross_0.70
highvol_high_stock,WARNING,prob_high_vol>0.60 but stock>=80%.,0.8,0.7024,BEAR,2022-09-30,WATCH,no_trade_override_prob_high_vol_cross_0.70
midtrend_bear_high_stock,WARNING,mid_trend=BEAR but stock>=80%. Check trend context or policy override.,0.8,0.7235,BEAR,2022-10-03,CUSTOM,no_trade_band
highvol_high_stock,WARNING,prob_high_vol>0.60 but stock>=80%.,0.8,0.7235,BEAR,2022-10-03,CUSTOM,no_trade_band
midtrend_bear_high_stock,WARNING,mid_trend=BEAR but stock>=80%. Check trend context or policy override.,0.8,0.7379,BEAR,2022-10-04,CUSTOM,not_rebalance_day
highvol_high_stock,WARNING,prob_high_vol>0.60 but stock>=80%.,0.8,0.7379,BEAR,2022-10-04,CUSTOM,not_rebalance_day
midtrend_bear_high_stock,WARNING,mid_trend=BEAR but stock>=80%. Check trend context or policy override.,0.8,0.7373,BEAR,2022-10-05,CUSTOM,not_rebalance_day
highvol_high_stock,WARNING,prob_high_vol>0.60 but stock>=80%.,0.8,0.7373,BEAR,2022-10-05,CUSTOM,not_rebalance_day
midtrend_bear_high_stock,WARNING,mid_trend=BEAR but stock>=80%. Check trend context or policy override.,0.8,0.7405,BEAR,2022-10-06,CUSTOM,not_rebalance_day
highvol_high_stock,WARNING,prob_high_vol>0.60 but stock>=80%.,0.8,0.7405,BEAR,2022-10-06,CUSTOM,not_rebalance_day
midtrend_bear_high_stock,WARNING,mid_trend=BEAR but stock>=80%. Check trend context or policy override.,0.8,0.7541,BEAR,2022-10-07,CUSTOM,not_rebalance_day
highvol_high_stock,WARNING,prob_high_vol>0.60 but stock>=80%.,0.8,0.7541,BEAR,2022-10-07,CUSTOM,not_rebalance_day
midtrend_bear_high_stock,WARNING,mid_trend=BEAR but stock>=80%. Check trend context or policy override.,0.8,0.7659,BEAR,2022-10-10,CUSTOM,no_trade_band
highvol_high_stock,WARNING,prob_high_vol>0.60 but stock>=80%.,0.8,0.7659,BEAR,2022-10-10,CUSTOM,no_trade_band
midtrend_bear_high_stock,WARNING,mid_trend=BEAR but stock>=80%. Check trend context or policy override.,0.8,0.7813,BEAR,2022-10-11,CUSTOM,no_trade_band
highvol_high_stock,WARNING,prob_high_vol>0.60 but stock>=80%.,0.8,0.7813,BEAR,2022-10-11,CUSTOM,no_trade_band
midtrend_bear_high_stock,WARNING,mid_trend=BEAR but stock>=80%. Check trend context or policy override.,0.8,0.7884,BEAR,2022-10-12,CUSTOM,not_rebalance_day
highvol_high_stock,WARNING,prob_high_vol>0.60 but stock>=80%.,0.8,0.7884,BEAR,2022-10-12,CUSTOM,not_rebalance_day
midtrend_bear_high_stock,WARNING,mid_trend=BEAR but stock>=80%. Check trend context or policy override.,0.8,0.7934,BEAR,2022-10-13,CUSTOM,not_rebalance_day
highvol_high_stock,WARNING,prob_high_vol>0.60 but stock>=80%.,0.8,0.7934,BEAR,2022-10-13,CUSTOM,not_rebalance_day
midtrend_bear_high_stock,WARNING,mid_trend=BEAR but stock>=80%. Check trend context or policy override.,0.8,0.8001,BEAR,2022-10-14,CUSTOM,not_rebalance_day
highvol_high_stock,WARNING,prob_high_vol>0.60 but stock>=80%.,0.8,0.8001,BEAR,2022-10-14,CUSTOM,not_rebalance_day
extreme_highvol_full_stock,HARD_CAP,prob_high_vol>0.80 but stock>=70%.,0.8,0.8001,BEAR,2022-10-14,CUSTOM,not_rebalance_day
midtrend_bear_high_stock,WARNING,mid_trend=BEAR but stock>=80%. Check trend context or policy override.,0.8,0.803,BEAR,2022-10-17,CUSTOM,no_trade_band
highvol_high_stock,WARNING,prob_high_vol>0.60 but stock>=80%.,0.8,0.803,BEAR,2022-10-17,CUSTOM,no_trade_band
extreme_highvol_full_stock,HARD_CAP,prob_high_vol>0.80 but stock>=70%.,0.8,0.803,BEAR,2022-10-17,CUSTOM,no_trade_band
midtrend_bear_high_stock,WARNING,mid_trend=BEAR but stock>=80%. Check trend context or policy override.,0.8,0.7989,BEAR,2022-10-18,CUSTOM,no_trade_band
highvol_high_stock,WARNING,prob_high_vol>0.60 but stock>=80%.,0.8,0.7989,BEAR,2022-10-18,CUSTOM,no_trade_band
midtrend_bear_high_stock,WARNING,mid_trend=BEAR but stock>=80%. Check trend context or policy override.,0.8,0.7835,BEAR,2022-10-19,CUSTOM,not_rebalance_day
highvol_high_stock,WARNING,prob_high_vol>0.60 but stock>=80%.,0.8,0.7835,BEAR,2022-10-19,CUSTOM,not_rebalance_day
midtrend_bear_high_stock,WARNING,mid_trend=BEAR but stock>=80%. Check trend context or policy override.,0.8,0.7695,BEAR,2022-10-20,CUSTOM,not_rebalance_day
highvol_high_stock,WARNING,prob_high_vol>0.60 but stock>=80%.,0.8,0.7695,BEAR,2022-10-20,CUSTOM,not_rebalance_day
midtrend_bear_high_stock,WARNING,mid_trend=BEAR but stock>=80%. Check trend context or policy override.,0.8,0.7323,BEAR,2022-10-21,CUSTOM,not_rebalance_day
highvol_high_stock,WARNING,prob_high_vol>0.60 but stock>=80%.,0.8,0.7323,BEAR,2022-10-21,CUSTOM,not_rebalance_day
midtrend_bear_high_stock,WARNING,mid_trend=BEAR but stock>=80%. Check trend context or policy override.,0.8,0.6907,BEAR,2022-10-24,CUSTOM,no_trade_band
highvol_high_stock,WARNING,prob_high_vol>0.60 but stock>=80%.,0.8,0.6907,BEAR,2022-10-24,CUSTOM,no_trade_band
midtrend_bear_high_stock,WARNING,mid_trend=BEAR but stock>=80%. Check trend context or policy override.,0.96,0.6473,BEAR,2022-10-25,WATCH,strong_offensive_override
highvol_high_stock,WARNING,prob_high_vol>0.60 but stock>=80%.,0.96,0.6473,BEAR,2022-10-25,WATCH,strong_offensive_override
midtrend_bear_high_stock,WARNING,mid_trend=BEAR but stock>=80%. Check trend context or policy override.,0.96,0.6345,BEAR,2022-10-26,WATCH,strong_offensive_override
highvol_high_stock,WARNING,prob_high_vol>0.60 but stock>=80%.,0.96,0.6345,BEAR,2022-10-26,WATCH,strong_offensive_override
midtrend_bear_high_stock,WARNING,mid_trend=BEAR but stock>=80%. Check trend context or policy override.,0.96,0.6588,BEAR,2022-10-27,WATCH,strong_offensive_override
highvol_high_stock,WARNING,prob_high_vol>0.60 but stock>=80%.,0.96,0.6588,BEAR,2022-10-27,WATCH,strong_offensive_override
highvol_high_stock,WARNING,prob_high_vol>0.60 but stock>=80%.,0.96,0.6105,NEUTRAL,2022-10-28,WATCH,strong_offensive_override
midtrend_bear_high_stock,WARNING,mid_trend=BEAR but stock>=80%. Check trend context or policy override.,0.96,0.5982,BEAR,2022-10-31,WATCH,strong_offensive_override
midtrend_bear_high_stock,WARNING,mid_trend=BEAR but stock>=80%. Check trend context or policy override.,0.96,0.6318,BEAR,2022-11-01,WATCH,strong_offensive_override
highvol_high_stock,WARNING,prob_high_vol>0.60 but stock>=80%.,0.96,0.6318,BEAR,2022-11-01,WATCH,strong_offensive_override
midtrend_bear_high_stock,WARNING,mid_trend=BEAR but stock>=80%. Check trend context or policy override.,0.96,0.6747,BEAR,2022-11-02,WATCH,strong_offensive_override
highvol_high_stock,WARNING,prob_high_vol>0.60 but stock>=80%.,0.96,0.6747,BEAR,2022-11-02,WATCH,strong_offensive_override
midtrend_bear_high_stock,WARNING,mid_trend=BEAR but stock>=80%. Check trend context or policy override.,0.8,0.718,BEAR,2022-11-03,WATCH,no_trade_override_prob_high_vol_cross_0.70
highvol_high_stock,WARNING,prob_high_vol>0.60 but stock>=80%.,0.8,0.718,BEAR,2022-11-03,WATCH,no_trade_override_prob_high_vol_cross_0.70
midtrend_bear_high_stock,WARNING,mid_trend=BEAR but stock>=80%. Check trend context or policy override.,0.8,0.7508,BEAR,2022-11-04,CUSTOM,not_rebalance_day
highvol_high_stock,WARNING,prob_high_vol>0.60 but stock>=80%.,0.8,0.7508,BEAR,2022-11-04,CUSTOM,not_rebalance_day
midtrend_bear_high_stock,WARNING,mid_trend=BEAR but stock>=80%. Check trend context or policy override.,0.8,0.7587,BEAR,2022-11-07,CUSTOM,no_trade_band
highvol_high_stock,WARNING,prob_high_vol>0.60 but stock>=80%.,0.8,0.7587,BEAR,2022-11-07,CUSTOM,no_trade_band
midtrend_bear_high_stock,WARNING,mid_trend=BEAR but stock>=80%. Check trend context or policy override.,0.8,0.7652,BEAR,2022-11-08,CUSTOM,not_rebalance_day
highvol_high_stock,WARNING,prob_high_vol>0.60 but stock>=80%.,0.8,0.7652,BEAR,2022-11-08,CUSTOM,not_rebalance_day
midtrend_bear_high_stock,WARNING,mid_trend=BEAR but stock>=80%. Check trend context or policy override.,0.8,0.7772,BEAR,2022-11-09,CUSTOM,not_rebalance_day
highvol_high_stock,WARNING,prob_high_vol>0.60 but stock>=80%.,0.8,0.7772,BEAR,2022-11-09,CUSTOM,not_rebalance_day
midtrend_bear_high_stock,WARNING,mid_trend=BEAR but stock>=80%. Check trend context or policy override.,0.8,0.7664,BEAR,2022-11-10,CUSTOM,not_rebalance_day
highvol_high_stock,WARNING,prob_high_vol>0.60 but stock>=80%.,0.8,0.7664,BEAR,2022-11-10,CUSTOM,not_rebalance_day
midtrend_bear_high_stock,WARNING,mid_trend=BEAR but stock>=80%. Check trend context or policy override.,0.8,0.7471,BEAR,2022-11-11,CUSTOM,not_rebalance_day
highvol_high_stock,WARNING,prob_high_vol>0.60 but stock>=80%.,0.8,0.7471,BEAR,2022-11-11,CUSTOM,not_rebalance_day
midtrend_bear_high_stock,WARNING,mid_trend=BEAR but stock>=80%. Check trend context or policy override.,0.8,0.7318,BEAR,2022-11-14,CUSTOM,no_trade_band
highvol_high_stock,WARNING,prob_high_vol>0.60 but stock>=80%.,0.8,0.7318,BEAR,2022-11-14,CUSTOM,no_trade_band
midtrend_bear_high_stock,WARNING,mid_trend=BEAR but stock>=80%. Check trend context or policy override.,0.8,0.7037,BEAR,2022-11-15,CUSTOM,not_rebalance_day
highvol_high_stock,WARNING,prob_high_vol>0.60 but stock>=80%.,0.8,0.7037,BEAR,2022-11-15,CUSTOM,not_rebalance_day
midtrend_bear_high_stock,WARNING,mid_trend=BEAR but stock>=80%. Check trend context or policy override.,0.8,0.6952,BEAR,2022-11-16,CUSTOM,not_rebalance_day
highvol_high_stock,WARNING,prob_high_vol>0.60 but stock>=80%.,0.8,0.6952,BEAR,2022-11-16,CUSTOM,not_rebalance_day
highvol_high_stock,WARNING,prob_high_vol>0.60 but stock>=80%.,0.8,0.6888,NEUTRAL,2022-11-17,CUSTOM,not_rebalance_day
highvol_high_stock,WARNING,prob_high_vol>0.60 but stock>=80%.,0.8,0.6827,NEUTRAL,2022-11-18,CUSTOM,not_rebalance_day
midtrend_bear_high_stock,WARNING,mid_trend=BEAR but stock>=80%. Check trend context or policy override.,0.8,0.6939,BEAR,2022-11-21,CUSTOM,no_trade_band
highvol_high_stock,WARNING,prob_high_vol>0.60 but stock>=80%.,0.8,0.6939,BEAR,2022-11-21,CUSTOM,no_trade_band
midtrend_bear_high_stock,WARNING,mid_trend=BEAR but stock>=80%. Check trend context or policy override.,0.8,0.6946,BEAR,2022-11-22,CUSTOM,not_rebalance_day
highvol_high_stock,WARNING,prob_high_vol>0.60 but stock>=80%.,0.8,0.6946,BEAR,2022-11-22,CUSTOM,not_rebalance_day
highvol_high_stock,WARNING,prob_high_vol>0.60 but stock>=80%.,0.8,0.6939,NEUTRAL,2022-11-23,CUSTOM,not_rebalance_day
midtrend_bear_high_stock,WARNING,mid_trend=BEAR but stock>=80%. Check trend context or policy override.,0.8,0.7104,BEAR,2022-11-25,WATCH,no_trade_override_prob_high_vol_cross_0.70
highvol_high_stock,WARNING,prob_high_vol>0.60 but stock>=80%.,0.8,0.7104,BEAR,2022-11-25,WATCH,no_trade_override_prob_high_vol_cross_0.70
midtrend_bear_high_stock,WARNING,mid_trend=BEAR but stock>=80%. Check trend context or policy override.,0.8,0.7349,BEAR,2022-11-28,CUSTOM,not_rebalance_day
highvol_high_stock,WARNING,prob_high_vol>0.60 but stock>=80%.,0.8,0.7349,BEAR,2022-11-28,CUSTOM,not_rebalance_day
midtrend_bear_high_stock,WARNING,mid_trend=BEAR but stock>=80%. Check trend context or policy override.,0.8,0.7562,BEAR,2022-11-29,CUSTOM,no_trade_band
highvol_high_stock,WARNING,prob_high_vol>0.60 but stock>=80%.,0.8,0.7562,BEAR,2022-11-29,CUSTOM,no_trade_band
midtrend_bear_high_stock,WARNING,mid_trend=BEAR but stock>=80%. Check trend context or policy override.,0.8,0.7535,BEAR,2022-11-30,CUSTOM,not_rebalance_day
highvol_high_stock,WARNING,prob_high_vol>0.60 but stock>=80%.,0.8,0.7535,BEAR,2022-11-30,CUSTOM,not_rebalance_day
midtrend_bear_high_stock,WARNING,mid_trend=BEAR but stock>=80%. Check trend context or policy override.,0.8,0.7457,BEAR,2022-12-01,CUSTOM,not_rebalance_day
highvol_high_stock,WARNING,prob_high_vol>0.60 but stock>=80%.,0.8,0.7457,BEAR,2022-12-01,CUSTOM,not_rebalance_day
midtrend_bear_high_stock,WARNING,mid_trend=BEAR but stock>=80%. Check trend context or policy override.,0.8,0.7276,BEAR,2022-12-02,CUSTOM,not_rebalance_day
highvol_high_stock,WARNING,prob_high_vol>0.60 but stock>=80%.,0.8,0.7276,BEAR,2022-12-02,CUSTOM,not_rebalance_day
midtrend_bear_high_stock,WARNING,mid_trend=BEAR but stock>=80%. Check trend context or policy override.,0.8,0.7167,BEAR,2022-12-05,CUSTOM,not_rebalance_day
highvol_high_stock,WARNING,prob_high_vol>0.60 but stock>=80%.,0.8,0.7167,BEAR,2022-12-05,CUSTOM,not_rebalance_day
midtrend_bear_high_stock,WARNING,mid_trend=BEAR but stock>=80%. Check trend context or policy override.,0.8,0.7328,BEAR,2022-12-06,CUSTOM,no_trade_band
highvol_high_stock,WARNING,prob_high_vol>0.60 but stock>=80%.,0.8,0.7328,BEAR,2022-12-06,CUSTOM,no_trade_band
midtrend_bear_high_stock,WARNING,mid_trend=BEAR but stock>=80%. Check trend context or policy override.,0.8,0.7549,BEAR,2022-12-07,CUSTOM,not_rebalance_day
highvol_high_stock,WARNING,prob_high_vol>0.60 but stock>=80%.,0.8,0.7549,BEAR,2022-12-07,CUSTOM,not_rebalance_day
midtrend_bear_high_stock,WARNING,mid_trend=BEAR but stock>=80%. Check trend context or policy override.,0.8,0.7642,BEAR,2022-12-08,CUSTOM,not_rebalance_day
highvol_high_stock,WARNING,prob_high_vol>0.60 but stock>=80%.,0.8,0.7642,BEAR,2022-12-08,CUSTOM,not_rebalance_day
midtrend_bear_high_stock,WARNING,mid_trend=BEAR but stock>=80%. Check trend context or policy override.,0.8,0.7699,BEAR,2022-12-09,CUSTOM,not_rebalance_day
highvol_high_stock,WARNING,prob_high_vol>0.60 but stock>=80%.,0.8,0.7699,BEAR,2022-12-09,CUSTOM,not_rebalance_day
midtrend_bear_high_stock,WARNING,mid_trend=BEAR but stock>=80%. Check trend context or policy override.,0.8,0.7565,BEAR,2022-12-12,CUSTOM,not_rebalance_day
highvol_high_stock,WARNING,prob_high_vol>0.60 but stock>=80%.,0.8,0.7565,BEAR,2022-12-12,CUSTOM,not_rebalance_day
midtrend_bear_high_stock,WARNING,mid_trend=BEAR but stock>=80%. Check trend context or policy override.,0.8,0.7456,BEAR,2022-12-13,CUSTOM,no_trade_band
highvol_high_stock,WARNING,prob_high_vol>0.60 but stock>=80%.,0.8,0.7456,BEAR,2022-12-13,CUSTOM,no_trade_band
midtrend_bear_high_stock,WARNING,mid_trend=BEAR but stock>=80%. Check trend context or policy override.,0.8,0.7477,BEAR,2022-12-14,CUSTOM,not_rebalance_day
highvol_high_stock,WARNING,prob_high_vol>0.60 but stock>=80%.,0.8,0.7477,BEAR,2022-12-14,CUSTOM,not_rebalance_day
midtrend_bear_high_stock,WARNING,mid_trend=BEAR but stock>=80%. Check trend context or policy override.,0.8,0.7637,BEAR,2022-12-15,CUSTOM,not_rebalance_day
highvol_high_stock,WARNING,prob_high_vol>0.60 but stock>=80%.,0.8,0.7637,BEAR,2022-12-15,CUSTOM,not_rebalance_day
midtrend_bear_high_stock,WARNING,mid_trend=BEAR but stock>=80%. Check trend context or policy override.,0.8,0.7767,BEAR,2022-12-16,CUSTOM,not_rebalance_day
highvol_high_stock,WARNING,prob_high_vol>0.60 but stock>=80%.,0.8,0.7767,BEAR,2022-12-16,CUSTOM,not_rebalance_day
midtrend_bear_high_stock,WARNING,mid_trend=BEAR but stock>=80%. Check trend context or policy override.,0.8,0.7877,BEAR,2022-12-19,CUSTOM,no_trade_band
highvol_high_stock,WARNING,prob_high_vol>0.60 but stock>=80%.,0.8,0.7877,BEAR,2022-12-19,CUSTOM,no_trade_band
midtrend_bear_high_stock,WARNING,mid_trend=BEAR but stock>=80%. Check trend context or policy override.,0.8,0.7966,BEAR,2022-12-20,CUSTOM,no_trade_band
highvol_high_stock,WARNING,prob_high_vol>0.60 but stock>=80%.,0.8,0.7966,BEAR,2022-12-20,CUSTOM,no_trade_band
midtrend_bear_high_stock,WARNING,mid_trend=BEAR but stock>=80%. Check trend context or policy override.,0.8,0.8027,BEAR,2022-12-21,CUSTOM,not_rebalance_day
highvol_high_stock,WARNING,prob_high_vol>0.60 but stock>=80%.,0.8,0.8027,BEAR,2022-12-21,CUSTOM,not_rebalance_day
extreme_highvol_full_stock,HARD_CAP,prob_high_vol>0.80 but stock>=70%.,0.8,0.8027,BEAR,2022-12-21,CUSTOM,not_rebalance_day
midtrend_bear_high_stock,WARNING,mid_trend=BEAR but stock>=80%. Check trend context or policy override.,0.8,0.8078,BEAR,2022-12-22,CUSTOM,not_rebalance_day
highvol_high_stock,WARNING,prob_high_vol>0.60 but stock>=80%.,0.8,0.8078,BEAR,2022-12-22,CUSTOM,not_rebalance_day
extreme_highvol_full_stock,HARD_CAP,prob_high_vol>0.80 but stock>=70%.,0.8,0.8078,BEAR,2022-12-22,CUSTOM,not_rebalance_day
midtrend_bear_high_stock,WARNING,mid_trend=BEAR but stock>=80%. Check trend context or policy override.,0.8,0.8123,BEAR,2022-12-23,CUSTOM,not_rebalance_day
highvol_high_stock,WARNING,prob_high_vol>0.60 but stock>=80%.,0.8,0.8123,BEAR,2022-12-23,CUSTOM,not_rebalance_day
extreme_highvol_full_stock,HARD_CAP,prob_high_vol>0.80 but stock>=70%.,0.8,0.8123,BEAR,2022-12-23,CUSTOM,not_rebalance_day
midtrend_bear_high_stock,WARNING,mid_trend=BEAR but stock>=80%. Check trend context or policy override.,0.8,0.8147,BEAR,2022-12-27,CUSTOM,no_trade_band
highvol_high_stock,WARNING,prob_high_vol>0.60 but stock>=80%.,0.8,0.8147,BEAR,2022-12-27,CUSTOM,no_trade_band
extreme_highvol_full_stock,HARD_CAP,prob_high_vol>0.80 but stock>=70%.,0.8,0.8147,BEAR,2022-12-27,CUSTOM,no_trade_band
midtrend_bear_high_stock,WARNING,mid_trend=BEAR but stock>=80%. Check trend context or policy override.,0.8,0.8108,BEAR,2022-12-28,CUSTOM,no_trade_band
highvol_high_stock,WARNING,prob_high_vol>0.60 but stock>=80%.,0.8,0.8108,BEAR,2022-12-28,CUSTOM,no_trade_band
extreme_highvol_full_stock,HARD_CAP,prob_high_vol>0.80 but stock>=70%.,0.8,0.8108,BEAR,2022-12-28,CUSTOM,no_trade_band
midtrend_bear_high_stock,WARNING,mid_trend=BEAR but stock>=80%. Check trend context or policy override.,0.8,0.809,BEAR,2022-12-29,CUSTOM,not_rebalance_day
highvol_high_stock,WARNING,prob_high_vol>0.60 but stock>=80%.,0.8,0.809,BEAR,2022-12-29,CUSTOM,not_rebalance_day
extreme_highvol_full_stock,HARD_CAP,prob_high_vol>0.80 but stock>=70%.,0.8,0.809,BEAR,2022-12-29,CUSTOM,not_rebalance_day
midtrend_bear_high_stock,WARNING,mid_trend=BEAR but stock>=80%. Check trend context or policy override.,0.8,0.8079,BEAR,2022-12-30,CUSTOM,not_rebalance_day
highvol_high_stock,WARNING,prob_high_vol>0.60 but stock>=80%.,0.8,0.8079,BEAR,2022-12-30,CUSTOM,not_rebalance_day
extreme_highvol_full_stock,HARD_CAP,prob_high_vol>0.80 but stock>=70%.,0.8,0.8079,BEAR,2022-12-30,CUSTOM,not_rebalance_day
midtrend_bear_high_stock,WARNING,mid_trend=BEAR but stock>=80%. Check trend context or policy override.,0.8,0.8064,BEAR,2023-01-03,CUSTOM,not_rebalance_day
highvol_high_stock,WARNING,prob_high_vol>0.60 but stock>=80%.,0.8,0.8064,BEAR,2023-01-03,CUSTOM,not_rebalance_day
extreme_highvol_full_stock,HARD_CAP,prob_high_vol>0.80 but stock>=70%.,0.8,0.8064,BEAR,2023-01-03,CUSTOM,not_rebalance_day
midtrend_bear_high_stock,WARNING,mid_trend=BEAR but stock>=80%. Check trend context or policy override.,0.8,0.8035,BEAR,2023-01-04,CUSTOM,no_trade_band
highvol_high_stock,WARNING,prob_high_vol>0.60 but stock>=80%.,0.8,0.8035,BEAR,2023-01-04,CUSTOM,no_trade_band
extreme_highvol_full_stock,HARD_CAP,prob_high_vol>0.80 but stock>=70%.,0.8,0.8035,BEAR,2023-01-04,CUSTOM,no_trade_band
midtrend_bear_high_stock,WARNING,mid_trend=BEAR but stock>=80%. Check trend context or policy override.,0.8,0.7929,BEAR,2023-01-05,CUSTOM,no_trade_band
highvol_high_stock,WARNING,prob_high_vol>0.60 but stock>=80%.,0.8,0.7929,BEAR,2023-01-05,CUSTOM,no_trade_band
midtrend_bear_high_stock,WARNING,mid_trend=BEAR but stock>=80%. Check trend context or policy override.,0.8,0.7865,BEAR,2023-01-06,CUSTOM,not_rebalance_day
highvol_high_stock,WARNING,prob_high_vol>0.60 but stock>=80%.,0.8,0.7865,BEAR,2023-01-06,CUSTOM,not_rebalance_day
midtrend_bear_high_stock,WARNING,mid_trend=BEAR but stock>=80%. Check trend context or policy override.,0.8,0.7737,BEAR,2023-01-09,CUSTOM,not_rebalance_day
highvol_high_stock,WARNING,prob_high_vol>0.60 but stock>=80%.,0.8,0.7737,BEAR,2023-01-09,CUSTOM,not_rebalance_day
midtrend_bear_high_stock,WARNING,mid_trend=BEAR but stock>=80%. Check trend context or policy override.,0.8,0.7571,BEAR,2023-01-10,CUSTOM,not_rebalance_day
highvol_high_stock,WARNING,prob_high_vol>0.60 but stock>=80%.,0.8,0.7571,BEAR,2023-01-10,CUSTOM,not_rebalance_day
midtrend_bear_high_stock,WARNING,mid_trend=BEAR but stock>=80%. Check trend context or policy override.,0.8,0.7264,BEAR,2023-01-11,CUSTOM,not_rebalance_day
highvol_high_stock,WARNING,prob_high_vol>0.60 but stock>=80%.,0.8,0.7264,BEAR,2023-01-11,CUSTOM,not_rebalance_day
midtrend_bear_high_stock,WARNING,mid_trend=BEAR but stock>=80%. Check trend context or policy override.,0.8,0.7122,BEAR,2023-01-12,CUSTOM,no_trade_band
highvol_high_stock,WARNING,prob_high_vol>0.60 but stock>=80%.,0.8,0.7122,BEAR,2023-01-12,CUSTOM,no_trade_band
midtrend_bear_high_stock,WARNING,mid_trend=BEAR but stock>=80%. Check trend context or policy override.,0.8,0.6931,BEAR,2023-01-13,CUSTOM,not_rebalance_day
highvol_high_stock,WARNING,prob_high_vol>0.60 but stock>=80%.,0.8,0.6931,BEAR,2023-01-13,CUSTOM,not_rebalance_day
midtrend_bear_high_stock,WARNING,mid_trend=BEAR but stock>=80%. Check trend context or policy override.,0.96,0.6672,BEAR,2023-01-17,WATCH,strong_offensive_override
highvol_high_stock,WARNING,prob_high_vol>0.60 but stock>=80%.,0.96,0.6672,BEAR,2023-01-17,WATCH,strong_offensive_override
midtrend_bear_high_stock,WARNING,mid_trend=BEAR but stock>=80%. Check trend context or policy override.,0.96,0.6573,BEAR,2023-01-18,WATCH,strong_offensive_override
highvol_high_stock,WARNING,prob_high_vol>0.60 but stock>=80%.,0.96,0.6573,BEAR,2023-01-18,WATCH,strong_offensive_override
midtrend_bear_high_stock,WARNING,mid_trend=BEAR but stock>=80%. Check trend context or policy override.,0.96,0.6507,BEAR,2023-01-19,WATCH,strong_offensive_override
highvol_high_stock,WARNING,prob_high_vol>0.60 but stock>=80%.,0.96,0.6507,BEAR,2023-01-19,WATCH,strong_offensive_override
midtrend_bear_high_stock,WARNING,mid_trend=BEAR but stock>=80%. Check trend context or policy override.,0.96,0.6358,BEAR,2023-01-20,WATCH,strong_offensive_override
highvol_high_stock,WARNING,prob_high_vol>0.60 but stock>=80%.,0.96,0.6358,BEAR,2023-01-20,WATCH,strong_offensive_override
midtrend_bear_high_stock,WARNING,mid_trend=BEAR but stock>=80%. Check trend context or policy override.,0.96,0.6151,BEAR,2023-01-23,WATCH,strong_offensive_override
highvol_high_stock,WARNING,prob_high_vol>0.60 but stock>=80%.,0.96,0.6151,BEAR,2023-01-23,WATCH,strong_offensive_override
midtrend_bear_high_stock,WARNING,mid_trend=BEAR but stock>=80%. Check trend context or policy override.,0.96,0.5928,BEAR,2023-01-24,WATCH,strong_offensive_override
midtrend_bear_high_stock,WARNING,mid_trend=BEAR but stock>=80%. Check trend context or policy override.,1.0,0.5745,BEAR,2023-01-25,WATCH,strong_offensive_override
midtrend_bear_high_stock,WARNING,mid_trend=BEAR but stock>=80%. Check trend context or policy override.,1.0,0.5585,BEAR,2023-01-26,WATCH,strong_offensive_override
midtrend_bear_high_stock,WARNING,mid_trend=BEAR but stock>=80%. Check trend context or policy override.,1.0,0.5496,BEAR,2023-01-27,NORMAL,strong_offensive_override
midtrend_bear_high_stock,WARNING,mid_trend=BEAR but stock>=80%. Check trend context or policy override.,1.0,0.5582,BEAR,2023-01-30,WATCH,strong_offensive_override
midtrend_bear_high_stock,WARNING,mid_trend=BEAR but stock>=80%. Check trend context or policy override.,1.0,0.5499,BEAR,2023-01-31,NORMAL,strong_offensive_override
midtrend_bear_high_stock,WARNING,mid_trend=BEAR but stock>=80%. Check trend context or policy override.,1.0,0.5225,BEAR,2023-02-01,NORMAL,strong_offensive_override
midtrend_bear_high_stock,WARNING,mid_trend=BEAR but stock>=80%. Check trend context or policy override.,0.96,0.3495,BEAR,2023-08-24,NORMAL,strong_offensive_override
midtrend_bear_high_stock,WARNING,mid_trend=BEAR but stock>=80%. Check trend context or policy override.,1.0,0.3229,BEAR,2023-09-07,NORMAL,strong_offensive_override
midtrend_bear_high_stock,WARNING,mid_trend=BEAR but stock>=80%. Check trend context or policy override.,1.0,0.3536,BEAR,2023-09-08,NORMAL,strong_offensive_override
midtrend_bear_high_stock,WARNING,mid_trend=BEAR but stock>=80%. Check trend context or policy override.,1.0,0.3759,BEAR,2023-09-11,NORMAL,strong_offensive_override
midtrend_bear_high_stock,WARNING,mid_trend=BEAR but stock>=80%. Check trend context or policy override.,1.0,0.3991,BEAR,2023-09-12,NORMAL,strong_offensive_override
midtrend_bear_high_stock,WARNING,mid_trend=BEAR but stock>=80%. Check trend context or policy override.,1.0,0.4092,BEAR,2023-09-13,NORMAL,strong_offensive_override
midtrend_bear_high_stock,WARNING,mid_trend=BEAR but stock>=80%. Check trend context or policy override.,1.0,0.4108,BEAR,2023-09-14,NORMAL,strong_offensive_override
midtrend_bear_high_stock,WARNING,mid_trend=BEAR but stock>=80%. Check trend context or policy override.,1.0,0.4104,BEAR,2023-09-15,NORMAL,strong_offensive_override
midtrend_bear_high_stock,WARNING,mid_trend=BEAR but stock>=80%. Check trend context or policy override.,1.0,0.4102,BEAR,2023-09-18,NORMAL,strong_offensive_override
midtrend_bear_high_stock,WARNING,mid_trend=BEAR but stock>=80%. Check trend context or policy override.,1.0,0.4088,BEAR,2023-09-19,NORMAL,strong_offensive_override
midtrend_bear_high_stock,WARNING,mid_trend=BEAR but stock>=80%. Check trend context or policy override.,1.0,0.4126,BEAR,2023-09-20,NORMAL,strong_offensive_override
midtrend_bear_high_stock,WARNING,mid_trend=BEAR but stock>=80%. Check trend context or policy override.,1.0,0.4152,BEAR,2023-09-21,NORMAL,strong_offensive_override
midtrend_bear_high_stock,WARNING,mid_trend=BEAR but stock>=80%. Check trend context or policy override.,1.0,0.4123,BEAR,2023-09-22,NORMAL,strong_offensive_override
midtrend_bear_high_stock,WARNING,mid_trend=BEAR but stock>=80%. Check trend context or policy override.,1.0,0.4214,BEAR,2023-09-25,NORMAL,strong_offensive_override
midtrend_bear_high_stock,WARNING,mid_trend=BEAR but stock>=80%. Check trend context or policy override.,1.0,0.4388,BEAR,2023-09-26,NORMAL,strong_offensive_override
midtrend_bear_high_stock,WARNING,mid_trend=BEAR but stock>=80%. Check trend context or policy override.,1.0,0.4543,BEAR,2023-09-27,NORMAL,strong_offensive_override
midtrend_bear_high_stock,WARNING,mid_trend=BEAR but stock>=80%. Check trend context or policy override.,1.0,0.4667,BEAR,2023-09-28,NORMAL,strong_offensive_override
midtrend_bear_high_stock,WARNING,mid_trend=BEAR but stock>=80%. Check trend context or policy override.,1.0,0.4741,BEAR,2023-09-29,NORMAL,strong_offensive_override
midtrend_bear_high_stock,WARNING,mid_trend=BEAR but stock>=80%. Check trend context or policy override.,1.0,0.4786,BEAR,2023-10-02,NORMAL,strong_offensive_override
midtrend_bear_high_stock,WARNING,mid_trend=BEAR but stock>=80%. Check trend context or policy override.,1.0,0.484,BEAR,2023-10-03,NORMAL,strong_offensive_override
midtrend_bear_high_stock,WARNING,mid_trend=BEAR but stock>=80%. Check trend context or policy override.,1.0,0.4772,BEAR,2023-10-04,NORMAL,strong_offensive_override
midtrend_bear_high_stock,WARNING,mid_trend=BEAR but stock>=80%. Check trend context or policy override.,1.0,0.4598,BEAR,2023-10-05,NORMAL,strong_offensive_override
midtrend_bear_high_stock,WARNING,mid_trend=BEAR but stock>=80%. Check trend context or policy override.,1.0,0.4338,BEAR,2023-10-06,NORMAL,strong_offensive_override
midtrend_bear_high_stock,WARNING,mid_trend=BEAR but stock>=80%. Check trend context or policy override.,1.0,0.4101,BEAR,2023-10-09,NORMAL,strong_offensive_override
midtrend_bear_high_stock,WARNING,mid_trend=BEAR but stock>=80%. Check trend context or policy override.,1.0,0.3836,BEAR,2023-10-10,NORMAL,strong_offensive_override
midtrend_bear_high_stock,WARNING,mid_trend=BEAR but stock>=80%. Check trend context or policy override.,1.0,0.3588,BEAR,2023-10-11,NORMAL,strong_offensive_override
midtrend_bear_high_stock,WARNING,mid_trend=BEAR but stock>=80%. Check trend context or policy override.,1.0,0.3332,BEAR,2023-10-13,NORMAL,strong_offensive_override
midtrend_bear_high_stock,WARNING,mid_trend=BEAR but stock>=80%. Check trend context or policy override.,1.0,0.3216,BEAR,2023-10-16,NORMAL,strong_offensive_override
midtrend_bear_high_stock,WARNING,mid_trend=BEAR but stock>=80%. Check trend context or policy override.,1.0,0.3227,BEAR,2023-10-17,NORMAL,strong_offensive_override
midtrend_bear_high_stock,WARNING,mid_trend=BEAR but stock>=80%. Check trend context or policy override.,1.0,0.3347,BEAR,2023-10-18,NORMAL,strong_offensive_override
midtrend_bear_high_stock,WARNING,mid_trend=BEAR but stock>=80%. Check trend context or policy override.,1.0,0.3433,BEAR,2023-10-19,NORMAL,strong_offensive_override
midtrend_bear_high_stock,WARNING,mid_trend=BEAR but stock>=80%. Check trend context or policy override.,1.0,0.3604,BEAR,2023-10-20,NORMAL,strong_offensive_override
midtrend_bear_high_stock,WARNING,mid_trend=BEAR but stock>=80%. Check trend context or policy override.,1.0,0.3453,BEAR,2023-10-23,NORMAL,strong_offensive_override
midtrend_bear_high_stock,WARNING,mid_trend=BEAR but stock>=80%. Check trend context or policy override.,1.0,0.335,BEAR,2023-10-24,NORMAL,strong_offensive_override
midtrend_bear_high_stock,WARNING,mid_trend=BEAR but stock>=80%. Check trend context or policy override.,1.0,0.327,BEAR,2023-10-25,NORMAL,strong_offensive_override
midtrend_bear_high_stock,WARNING,mid_trend=BEAR but stock>=80%. Check trend context or policy override.,1.0,0.3232,BEAR,2023-10-26,NORMAL,strong_offensive_override
midtrend_bear_high_stock,WARNING,mid_trend=BEAR but stock>=80%. Check trend context or policy override.,1.0,0.3151,BEAR,2023-10-27,NORMAL,strong_offensive_override
midtrend_bear_high_stock,WARNING,mid_trend=BEAR but stock>=80%. Check trend context or policy override.,1.0,0.3006,BEAR,2023-10-30,NORMAL,strong_offensive_override
midtrend_bear_high_stock,WARNING,mid_trend=BEAR but stock>=80%. Check trend context or policy override.,1.0,0.2881,BEAR,2023-10-31,NORMAL,strong_offensive_override
midtrend_bear_high_stock,WARNING,mid_trend=BEAR but stock>=80%. Check trend context or policy override.,1.0,0.2763,BEAR,2023-11-01,NORMAL,strong_offensive_override
midtrend_bear_high_stock,WARNING,mid_trend=BEAR but stock>=80%. Check trend context or policy override.,1.0,0.2627,BEAR,2023-11-02,NORMAL,strong_offensive_override
midtrend_bear_high_stock,WARNING,mid_trend=BEAR but stock>=80%. Check trend context or policy override.,1.0,0.2573,BEAR,2023-11-03,NORMAL,strong_offensive_override
midtrend_bear_high_stock,WARNING,mid_trend=BEAR but stock>=80%. Check trend context or policy override.,1.0,0.2356,BEAR,2024-02-12,NORMAL,strong_offensive_override
midtrend_bear_high_stock,WARNING,mid_trend=BEAR but stock>=80%. Check trend context or policy override.,1.0,0.2298,BEAR,2024-02-13,NORMAL,strong_offensive_override
midtrend_bear_high_stock,WARNING,mid_trend=BEAR but stock>=80%. Check trend context or policy override.,1.0,0.2466,BEAR,2024-02-14,NORMAL,strong_offensive_override
midtrend_bear_high_stock,WARNING,mid_trend=BEAR but stock>=80%. Check trend context or policy override.,1.0,0.2391,BEAR,2024-02-15,NORMAL,strong_offensive_override
midtrend_bear_high_stock,WARNING,mid_trend=BEAR but stock>=80%. Check trend context or policy override.,1.0,0.2349,BEAR,2024-02-16,NORMAL,strong_offensive_override
midtrend_bear_high_stock,WARNING,mid_trend=BEAR but stock>=80%. Check trend context or policy override.,1.0,0.2324,BEAR,2024-02-20,NORMAL,strong_offensive_override
midtrend_bear_high_stock,WARNING,mid_trend=BEAR but stock>=80%. Check trend context or policy override.,1.0,0.2331,BEAR,2024-02-21,NORMAL,strong_offensive_override
midtrend_bear_high_stock,WARNING,mid_trend=BEAR but stock>=80%. Check trend context or policy override.,1.0,0.2215,BEAR,2024-02-22,NORMAL,strong_offensive_override
midtrend_bear_high_stock,WARNING,mid_trend=BEAR but stock>=80%. Check trend context or policy override.,1.0,0.2242,BEAR,2024-02-23,NORMAL,strong_offensive_override
midtrend_bear_high_stock,WARNING,mid_trend=BEAR but stock>=80%. Check trend context or policy override.,1.0,0.2615,BEAR,2024-02-26,NORMAL,strong_offensive_override
midtrend_bear_high_stock,WARNING,mid_trend=BEAR but stock>=80%. Check trend context or policy override.,1.0,0.3007,BEAR,2024-02-27,NORMAL,strong_offensive_override
midtrend_bear_high_stock,WARNING,mid_trend=BEAR but stock>=80%. Check trend context or policy override.,1.0,0.3222,BEAR,2024-02-28,NORMAL,strong_offensive_override
midtrend_bear_high_stock,WARNING,mid_trend=BEAR but stock>=80%. Check trend context or policy override.,1.0,0.3316,BEAR,2024-02-29,NORMAL,strong_offensive_override
midtrend_bear_high_stock,WARNING,mid_trend=BEAR but stock>=80%. Check trend context or policy override.,1.0,0.3453,BEAR,2024-03-01,NORMAL,strong_offensive_override
midtrend_bear_high_stock,WARNING,mid_trend=BEAR but stock>=80%. Check trend context or policy override.,1.0,0.3214,BEAR,2024-03-04,NORMAL,strong_offensive_override
midtrend_bear_high_stock,WARNING,mid_trend=BEAR but stock>=80%. Check trend context or policy override.,1.0,0.3335,BEAR,2024-03-05,NORMAL,strong_offensive_override
midtrend_bear_high_stock,WARNING,mid_trend=BEAR but stock>=80%. Check trend context or policy override.,1.0,0.3471,BEAR,2024-03-06,NORMAL,strong_offensive_override
midtrend_bear_high_stock,WARNING,mid_trend=BEAR but stock>=80%. Check trend context or policy override.,1.0,0.3579,BEAR,2024-03-07,NORMAL,strong_offensive_override
midtrend_bear_high_stock,WARNING,mid_trend=BEAR but stock>=80%. Check trend context or policy override.,1.0,0.3721,BEAR,2024-03-08,NORMAL,strong_offensive_override
midtrend_bear_high_stock,WARNING,mid_trend=BEAR but stock>=80%. Check trend context or policy override.,1.0,0.3812,BEAR,2024-03-11,NORMAL,strong_offensive_override
midtrend_bear_high_stock,WARNING,mid_trend=BEAR but stock>=80%. Check trend context or policy override.,1.0,0.3882,BEAR,2024-03-12,NORMAL,strong_offensive_override
midtrend_bear_high_stock,WARNING,mid_trend=BEAR but stock>=80%. Check trend context or policy override.,1.0,0.3977,BEAR,2024-03-13,NORMAL,strong_offensive_override
midtrend_bear_high_stock,WARNING,mid_trend=BEAR but stock>=80%. Check trend context or policy override.,1.0,0.3994,BEAR,2024-03-14,NORMAL,strong_offensive_override
midtrend_bear_high_stock,WARNING,mid_trend=BEAR but stock>=80%. Check trend context or policy override.,1.0,0.3964,BEAR,2024-03-15,NORMAL,strong_offensive_override
midtrend_bear_high_stock,WARNING,mid_trend=BEAR but stock>=80%. Check trend context or policy override.,1.0,0.3973,BEAR,2024-03-18,NORMAL,strong_offensive_override
midtrend_bear_high_stock,WARNING,mid_trend=BEAR but stock>=80%. Check trend context or policy override.,1.0,0.3897,BEAR,2024-03-19,NORMAL,strong_offensive_override
midtrend_bear_high_stock,WARNING,mid_trend=BEAR but stock>=80%. Check trend context or policy override.,1.0,0.3832,BEAR,2024-03-20,NORMAL,strong_offensive_override
midtrend_bear_high_stock,WARNING,mid_trend=BEAR but stock>=80%. Check trend context or policy override.,1.0,0.3996,BEAR,2024-03-21,NORMAL,strong_offensive_override
midtrend_bear_high_stock,WARNING,mid_trend=BEAR but stock>=80%. Check trend context or policy override.,1.0,0.4065,BEAR,2024-03-22,NORMAL,strong_offensive_override
midtrend_bear_high_stock,WARNING,mid_trend=BEAR but stock>=80%. Check trend context or policy override.,1.0,0.4155,BEAR,2024-03-25,NORMAL,strong_offensive_override
midtrend_bear_high_stock,WARNING,mid_trend=BEAR but stock>=80%. Check trend context or policy override.,1.0,0.421,BEAR,2024-03-26,NORMAL,strong_offensive_override
midtrend_bear_high_stock,WARNING,mid_trend=BEAR but stock>=80%. Check trend context or policy override.,1.0,0.4186,BEAR,2024-03-27,NORMAL,strong_offensive_override
midtrend_bear_high_stock,WARNING,mid_trend=BEAR but stock>=80%. Check trend context or policy override.,1.0,0.4291,BEAR,2024-03-28,NORMAL,strong_offensive_override
midtrend_bear_high_stock,WARNING,mid_trend=BEAR but stock>=80%. Check trend context or policy override.,1.0,0.439,BEAR,2024-04-01,NORMAL,strong_offensive_override
midtrend_bear_high_stock,WARNING,mid_trend=BEAR but stock>=80%. Check trend context or policy override.,1.0,0.4543,BEAR,2024-04-02,NORMAL,strong_offensive_override
midtrend_bear_high_stock,WARNING,mid_trend=BEAR but stock>=80%. Check trend context or policy override.,1.0,0.4664,BEAR,2024-04-03,NORMAL,strong_offensive_override
midtrend_bear_high_stock,WARNING,mid_trend=BEAR but stock>=80%. Check trend context or policy override.,1.0,0.4734,BEAR,2024-04-04,NORMAL,strong_offensive_override
midtrend_bear_high_stock,WARNING,mid_trend=BEAR but stock>=80%. Check trend context or policy override.,1.0,0.4777,BEAR,2024-04-05,NORMAL,strong_offensive_override
midtrend_bear_high_stock,WARNING,mid_trend=BEAR but stock>=80%. Check trend context or policy override.,1.0,0.473,BEAR,2024-04-08,NORMAL,strong_offensive_override
midtrend_bear_high_stock,WARNING,mid_trend=BEAR but stock>=80%. Check trend context or policy override.,1.0,0.461,BEAR,2024-04-09,NORMAL,strong_offensive_override
midtrend_bear_high_stock,WARNING,mid_trend=BEAR but stock>=80%. Check trend context or policy override.,1.0,0.4501,BEAR,2024-04-10,NORMAL,strong_offensive_override
midtrend_bear_high_stock,WARNING,mid_trend=BEAR but stock>=80%. Check trend context or policy override.,1.0,0.4308,BEAR,2024-04-11,NORMAL,strong_offensive_override
midtrend_bear_high_stock,WARNING,mid_trend=BEAR but stock>=80%. Check trend context or policy override.,1.0,0.4131,BEAR,2024-04-12,NORMAL,strong_offensive_override
midtrend_bear_high_stock,WARNING,mid_trend=BEAR but stock>=80%. Check trend context or policy override.,1.0,0.4195,BEAR,2024-04-15,NORMAL,strong_offensive_override
midtrend_bear_high_stock,WARNING,mid_trend=BEAR but stock>=80%. Check trend context or policy override.,1.0,0.402,BEAR,2024-04-16,NORMAL,strong_offensive_override
midtrend_bear_high_stock,WARNING,mid_trend=BEAR but stock>=80%. Check trend context or policy override.,1.0,0.3848,BEAR,2024-04-17,NORMAL,strong_offensive_override
midtrend_bear_high_stock,WARNING,mid_trend=BEAR but stock>=80%. Check trend context or policy override.,1.0,0.3651,BEAR,2024-04-18,NORMAL,strong_offensive_override
midtrend_bear_high_stock,WARNING,mid_trend=BEAR but stock>=80%. Check trend context or policy override.,1.0,0.3441,BEAR,2024-04-19,NORMAL,strong_offensive_override
midtrend_bear_high_stock,WARNING,mid_trend=BEAR but stock>=80%. Check trend context or policy override.,1.0,0.3281,BEAR,2024-04-22,NORMAL,strong_offensive_override
midtrend_bear_high_stock,WARNING,mid_trend=BEAR but stock>=80%. Check trend context or policy override.,1.0,0.3213,BEAR,2024-04-23,NORMAL,strong_offensive_override
midtrend_bear_high_stock,WARNING,mid_trend=BEAR but stock>=80%. Check trend context or policy override.,1.0,0.3171,BEAR,2024-04-24,NORMAL,strong_offensive_override
midtrend_bear_high_stock,WARNING,mid_trend=BEAR but stock>=80%. Check trend context or policy override.,1.0,0.3182,BEAR,2024-04-25,NORMAL,strong_offensive_override
midtrend_bear_high_stock,WARNING,mid_trend=BEAR but stock>=80%. Check trend context or policy override.,1.0,0.3175,BEAR,2024-04-26,NORMAL,strong_offensive_override
midtrend_bear_high_stock,WARNING,mid_trend=BEAR but stock>=80%. Check trend context or policy override.,1.0,0.3117,BEAR,2024-04-29,NORMAL,strong_offensive_override
midtrend_bear_high_stock,WARNING,mid_trend=BEAR but stock>=80%. Check trend context or policy override.,1.0,0.3187,BEAR,2024-04-30,NORMAL,strong_offensive_override
midtrend_bear_high_stock,WARNING,mid_trend=BEAR but stock>=80%. Check trend context or policy override.,1.0,0.3211,BEAR,2024-05-01,NORMAL,strong_offensive_override
midtrend_bear_high_stock,WARNING,mid_trend=BEAR but stock>=80%. Check trend context or policy override.,1.0,0.3224,BEAR,2024-05-02,NORMAL,strong_offensive_override
midtrend_bear_high_stock,WARNING,mid_trend=BEAR but stock>=80%. Check trend context or policy override.,1.0,0.3347,BEAR,2024-05-06,NORMAL,strong_offensive_override
midtrend_bear_high_stock,WARNING,mid_trend=BEAR but stock>=80%. Check trend context or policy override.,1.0,0.3292,BEAR,2024-05-07,NORMAL,strong_offensive_override
midtrend_bear_high_stock,WARNING,mid_trend=BEAR but stock>=80%. Check trend context or policy override.,1.0,0.3216,BEAR,2024-05-08,NORMAL,strong_offensive_override
midtrend_bear_high_stock,WARNING,mid_trend=BEAR but stock>=80%. Check trend context or policy override.,1.0,0.3154,BEAR,2024-05-09,NORMAL,strong_offensive_override
midtrend_bear_high_stock,WARNING,mid_trend=BEAR but stock>=80%. Check trend context or policy override.,1.0,0.3216,BEAR,2024-05-10,NORMAL,strong_offensive_override
midtrend_bear_high_stock,WARNING,mid_trend=BEAR but stock>=80%. Check trend context or policy override.,0.96,0.3724,BEAR,2025-03-03,NORMAL,strong_offensive_override
midtrend_bear_high_stock,WARNING,mid_trend=BEAR but stock>=80%. Check trend context or policy override.,1.0,0.3943,BEAR,2025-03-04,NORMAL,strong_offensive_override
midtrend_bear_high_stock,WARNING,mid_trend=BEAR but stock>=80%. Check trend context or policy override.,1.0,0.409,BEAR,2025-03-05,NORMAL,strong_offensive_override
midtrend_bear_high_stock,WARNING,mid_trend=BEAR but stock>=80%. Check trend context or policy override.,1.0,0.4209,BEAR,2025-03-06,NORMAL,strong_offensive_override
midtrend_bear_high_stock,WARNING,mid_trend=BEAR but stock>=80%. Check trend context or policy override.,1.0,0.4244,BEAR,2025-03-07,NORMAL,strong_offensive_override
midtrend_bear_high_stock,WARNING,mid_trend=BEAR but stock>=80%. Check trend context or policy override.,1.0,0.459,BEAR,2025-03-10,NORMAL,strong_offensive_override
midtrend_bear_high_stock,WARNING,mid_trend=BEAR but stock>=80%. Check trend context or policy override.,1.0,0.4985,BEAR,2025-03-11,NORMAL,strong_offensive_override
midtrend_bear_high_stock,WARNING,mid_trend=BEAR but stock>=80%. Check trend context or policy override.,1.0,0.5236,BEAR,2025-03-12,NORMAL,strong_offensive_override
midtrend_bear_high_stock,WARNING,mid_trend=BEAR but stock>=80%. Check trend context or policy override.,0.96,0.5871,BEAR,2025-03-13,WATCH,strong_offensive_override
midtrend_bear_high_stock,WARNING,mid_trend=BEAR but stock>=80%. Check trend context or policy override.,0.96,0.6373,BEAR,2025-03-14,WATCH,strong_offensive_override
highvol_high_stock,WARNING,prob_high_vol>0.60 but stock>=80%.,0.96,0.6373,BEAR,2025-03-14,WATCH,strong_offensive_override
midtrend_bear_high_stock,WARNING,mid_trend=BEAR but stock>=80%. Check trend context or policy override.,0.96,0.6771,BEAR,2025-03-17,WATCH,strong_offensive_override
highvol_high_stock,WARNING,prob_high_vol>0.60 but stock>=80%.,0.96,0.6771,BEAR,2025-03-17,WATCH,strong_offensive_override
midtrend_bear_high_stock,WARNING,mid_trend=BEAR but stock>=80%. Check trend context or policy override.,0.96,0.6773,BEAR,2025-03-18,WATCH,strong_offensive_override
highvol_high_stock,WARNING,prob_high_vol>0.60 but stock>=80%.,0.96,0.6773,BEAR,2025-03-18,WATCH,strong_offensive_override
midtrend_bear_high_stock,WARNING,mid_trend=BEAR but stock>=80%. Check trend context or policy override.,0.96,0.6714,BEAR,2025-03-19,WATCH,strong_offensive_override
highvol_high_stock,WARNING,prob_high_vol>0.60 but stock>=80%.,0.96,0.6714,BEAR,2025-03-19,WATCH,strong_offensive_override
midtrend_bear_high_stock,WARNING,mid_trend=BEAR but stock>=80%. Check trend context or policy override.,0.96,0.6608,BEAR,2025-03-20,WATCH,strong_offensive_override
highvol_high_stock,WARNING,prob_high_vol>0.60 but stock>=80%.,0.96,0.6608,BEAR,2025-03-20,WATCH,strong_offensive_override
midtrend_bear_high_stock,WARNING,mid_trend=BEAR but stock>=80%. Check trend context or policy override.,0.96,0.6561,BEAR,2025-03-21,WATCH,strong_offensive_override
highvol_high_stock,WARNING,prob_high_vol>0.60 but stock>=80%.,0.96,0.6561,BEAR,2025-03-21,WATCH,strong_offensive_override
midtrend_bear_high_stock,WARNING,mid_trend=BEAR but stock>=80%. Check trend context or policy override.,0.96,0.6484,BEAR,2025-03-24,WATCH,strong_offensive_override
highvol_high_stock,WARNING,prob_high_vol>0.60 but stock>=80%.,0.96,0.6484,BEAR,2025-03-24,WATCH,strong_offensive_override
midtrend_bear_high_stock,WARNING,mid_trend=BEAR but stock>=80%. Check trend context or policy override.,0.96,0.6281,BEAR,2025-03-25,WATCH,strong_offensive_override
highvol_high_stock,WARNING,prob_high_vol>0.60 but stock>=80%.,0.96,0.6281,BEAR,2025-03-25,WATCH,strong_offensive_override
midtrend_bear_high_stock,WARNING,mid_trend=BEAR but stock>=80%. Check trend context or policy override.,0.96,0.6265,BEAR,2025-03-26,WATCH,strong_offensive_override
highvol_high_stock,WARNING,prob_high_vol>0.60 but stock>=80%.,0.96,0.6265,BEAR,2025-03-26,WATCH,strong_offensive_override
midtrend_bear_high_stock,WARNING,mid_trend=BEAR but stock>=80%. Check trend context or policy override.,0.96,0.6072,BEAR,2025-03-27,WATCH,strong_offensive_override
highvol_high_stock,WARNING,prob_high_vol>0.60 but stock>=80%.,0.96,0.6072,BEAR,2025-03-27,WATCH,strong_offensive_override
midtrend_bear_high_stock,WARNING,mid_trend=BEAR but stock>=80%. Check trend context or policy override.,0.96,0.6179,BEAR,2025-03-28,WATCH,strong_offensive_override
highvol_high_stock,WARNING,prob_high_vol>0.60 but stock>=80%.,0.96,0.6179,BEAR,2025-03-28,WATCH,strong_offensive_override
midtrend_bear_high_stock,WARNING,mid_trend=BEAR but stock>=80%. Check trend context or policy override.,0.96,0.6303,BEAR,2025-03-31,WATCH,strong_offensive_override
highvol_high_stock,WARNING,prob_high_vol>0.60 but stock>=80%.,0.96,0.6303,BEAR,2025-03-31,WATCH,strong_offensive_override
midtrend_bear_high_stock,WARNING,mid_trend=BEAR but stock>=80%. Check trend context or policy override.,0.96,0.6462,BEAR,2025-04-01,WATCH,strong_offensive_override
highvol_high_stock,WARNING,prob_high_vol>0.60 but stock>=80%.,0.96,0.6462,BEAR,2025-04-01,WATCH,strong_offensive_override
midtrend_bear_high_stock,WARNING,mid_trend=BEAR but stock>=80%. Check trend context or policy override.,0.96,0.6553,BEAR,2025-04-02,WATCH,strong_offensive_override
highvol_high_stock,WARNING,prob_high_vol>0.60 but stock>=80%.,0.96,0.6553,BEAR,2025-04-02,WATCH,strong_offensive_override
midtrend_bear_high_stock,WARNING,mid_trend=BEAR but stock>=80%. Check trend context or policy override.,0.96,0.698,BEAR,2025-04-03,CUSTOM,not_rebalance_day
highvol_high_stock,WARNING,prob_high_vol>0.60 but stock>=80%.,0.96,0.698,BEAR,2025-04-03,CUSTOM,not_rebalance_day
midtrend_bear_high_stock,WARNING,mid_trend=BEAR but stock>=80%. Check trend context or policy override.,0.8,0.7301,BEAR,2025-04-04,WATCH,no_trade_override_prob_high_vol_cross_0.70
highvol_high_stock,WARNING,prob_high_vol>0.60 but stock>=80%.,0.8,0.7301,BEAR,2025-04-04,WATCH,no_trade_override_prob_high_vol_cross_0.70
midtrend_bear_high_stock,WARNING,mid_trend=BEAR but stock>=80%. Check trend context or policy override.,0.8,0.7544,BEAR,2025-04-07,CUSTOM,not_rebalance_day
highvol_high_stock,WARNING,prob_high_vol>0.60 but stock>=80%.,0.8,0.7544,BEAR,2025-04-07,CUSTOM,not_rebalance_day
midtrend_bear_high_stock,WARNING,mid_trend=BEAR but stock>=80%. Check trend context or policy override.,0.8,0.7716,BEAR,2025-04-08,CUSTOM,no_trade_band
highvol_high_stock,WARNING,prob_high_vol>0.60 but stock>=80%.,0.8,0.7716,BEAR,2025-04-08,CUSTOM,no_trade_band
midtrend_bear_high_stock,WARNING,mid_trend=BEAR but stock>=80%. Check trend context or policy override.,0.8,0.7853,BEAR,2025-04-09,CUSTOM,no_trade_band
highvol_high_stock,WARNING,prob_high_vol>0.60 but stock>=80%.,0.8,0.7853,BEAR,2025-04-09,CUSTOM,no_trade_band
midtrend_bear_high_stock,WARNING,mid_trend=BEAR but stock>=80%. Check trend context or policy override.,0.8,0.7939,BEAR,2025-04-10,CUSTOM,not_rebalance_day
highvol_high_stock,WARNING,prob_high_vol>0.60 but stock>=80%.,0.8,0.7939,BEAR,2025-04-10,CUSTOM,not_rebalance_day
midtrend_bear_high_stock,WARNING,mid_trend=BEAR but stock>=80%. Check trend context or policy override.,0.8,0.7895,BEAR,2025-04-11,CUSTOM,not_rebalance_day
highvol_high_stock,WARNING,prob_high_vol>0.60 but stock>=80%.,0.8,0.7895,BEAR,2025-04-11,CUSTOM,not_rebalance_day
midtrend_bear_high_stock,WARNING,mid_trend=BEAR but stock>=80%. Check trend context or policy override.,0.8,0.7811,BEAR,2025-04-14,CUSTOM,not_rebalance_day
highvol_high_stock,WARNING,prob_high_vol>0.60 but stock>=80%.,0.8,0.7811,BEAR,2025-04-14,CUSTOM,not_rebalance_day
midtrend_bear_high_stock,WARNING,mid_trend=BEAR but stock>=80%. Check trend context or policy override.,0.8,0.775,BEAR,2025-04-15,CUSTOM,no_trade_band
highvol_high_stock,WARNING,prob_high_vol>0.60 but stock>=80%.,0.8,0.775,BEAR,2025-04-15,CUSTOM,no_trade_band
midtrend_bear_high_stock,WARNING,mid_trend=BEAR but stock>=80%. Check trend context or policy override.,0.8,0.7896,BEAR,2025-04-16,CUSTOM,no_trade_band
highvol_high_stock,WARNING,prob_high_vol>0.60 but stock>=80%.,0.8,0.7896,BEAR,2025-04-16,CUSTOM,no_trade_band
midtrend_bear_high_stock,WARNING,mid_trend=BEAR but stock>=80%. Check trend context or policy override.,0.8,0.7902,BEAR,2025-04-17,CUSTOM,not_rebalance_day
highvol_high_stock,WARNING,prob_high_vol>0.60 but stock>=80%.,0.8,0.7902,BEAR,2025-04-17,CUSTOM,not_rebalance_day
midtrend_bear_high_stock,WARNING,mid_trend=BEAR but stock>=80%. Check trend context or policy override.,0.8,0.8001,BEAR,2025-04-21,CUSTOM,not_rebalance_day
highvol_high_stock,WARNING,prob_high_vol>0.60 but stock>=80%.,0.8,0.8001,BEAR,2025-04-21,CUSTOM,not_rebalance_day
extreme_highvol_full_stock,HARD_CAP,prob_high_vol>0.80 but stock>=70%.,0.8,0.8001,BEAR,2025-04-21,CUSTOM,not_rebalance_day
midtrend_bear_high_stock,WARNING,mid_trend=BEAR but stock>=80%. Check trend context or policy override.,0.8,0.8035,BEAR,2025-04-22,CUSTOM,not_rebalance_day
highvol_high_stock,WARNING,prob_high_vol>0.60 but stock>=80%.,0.8,0.8035,BEAR,2025-04-22,CUSTOM,not_rebalance_day
extreme_highvol_full_stock,HARD_CAP,prob_high_vol>0.80 but stock>=70%.,0.8,0.8035,BEAR,2025-04-22,CUSTOM,not_rebalance_day
midtrend_bear_high_stock,WARNING,mid_trend=BEAR but stock>=80%. Check trend context or policy override.,0.8,0.8027,BEAR,2025-04-23,CUSTOM,no_trade_band
highvol_high_stock,WARNING,prob_high_vol>0.60 but stock>=80%.,0.8,0.8027,BEAR,2025-04-23,CUSTOM,no_trade_band
extreme_highvol_full_stock,HARD_CAP,prob_high_vol>0.80 but stock>=70%.,0.8,0.8027,BEAR,2025-04-23,CUSTOM,no_trade_band
midtrend_bear_high_stock,WARNING,mid_trend=BEAR but stock>=80%. Check trend context or policy override.,0.8,0.7953,BEAR,2025-04-24,CUSTOM,no_trade_band
highvol_high_stock,WARNING,prob_high_vol>0.60 but stock>=80%.,0.8,0.7953,BEAR,2025-04-24,CUSTOM,no_trade_band
midtrend_bear_high_stock,WARNING,mid_trend=BEAR but stock>=80%. Check trend context or policy override.,0.8,0.7902,BEAR,2025-04-25,CUSTOM,not_rebalance_day
highvol_high_stock,WARNING,prob_high_vol>0.60 but stock>=80%.,0.8,0.7902,BEAR,2025-04-25,CUSTOM,not_rebalance_day
midtrend_bear_high_stock,WARNING,mid_trend=BEAR but stock>=80%. Check trend context or policy override.,0.8,0.788,BEAR,2025-04-28,CUSTOM,not_rebalance_day
highvol_high_stock,WARNING,prob_high_vol>0.60 but stock>=80%.,0.8,0.788,BEAR,2025-04-28,CUSTOM,not_rebalance_day
midtrend_bear_high_stock,WARNING,mid_trend=BEAR but stock>=80%. Check trend context or policy override.,0.8,0.788,BEAR,2025-04-29,CUSTOM,not_rebalance_day
highvol_high_stock,WARNING,prob_high_vol>0.60 but stock>=80%.,0.8,0.788,BEAR,2025-04-29,CUSTOM,not_rebalance_day
midtrend_bear_high_stock,WARNING,mid_trend=BEAR but stock>=80%. Check trend context or policy override.,0.8,0.8019,BEAR,2025-04-30,CUSTOM,no_trade_band
highvol_high_stock,WARNING,prob_high_vol>0.60 but stock>=80%.,0.8,0.8019,BEAR,2025-04-30,CUSTOM,no_trade_band
extreme_highvol_full_stock,HARD_CAP,prob_high_vol>0.80 but stock>=70%.,0.8,0.8019,BEAR,2025-04-30,CUSTOM,no_trade_band
midtrend_bear_high_stock,WARNING,mid_trend=BEAR but stock>=80%. Check trend context or policy override.,0.8,0.8124,BEAR,2025-05-01,CUSTOM,no_trade_band
highvol_high_stock,WARNING,prob_high_vol>0.60 but stock>=80%.,0.8,0.8124,BEAR,2025-05-01,CUSTOM,no_trade_band
extreme_highvol_full_stock,HARD_CAP,prob_high_vol>0.80 but stock>=70%.,0.8,0.8124,BEAR,2025-05-01,CUSTOM,no_trade_band
midtrend_bear_high_stock,WARNING,mid_trend=BEAR but stock>=80%. Check trend context or policy override.,0.8,0.7831,BEAR,2025-05-14,RISK_OFF,scheduled
highvol_high_stock,WARNING,prob_high_vol>0.60 but stock>=80%.,0.8,0.7831,BEAR,2025-05-14,RISK_OFF,scheduled
midtrend_bear_high_stock,WARNING,mid_trend=BEAR but stock>=80%. Check trend context or policy override.,0.8,0.7644,BEAR,2025-05-15,CUSTOM,not_rebalance_day
highvol_high_stock,WARNING,prob_high_vol>0.60 but stock>=80%.,0.8,0.7644,BEAR,2025-05-15,CUSTOM,not_rebalance_day
midtrend_bear_high_stock,WARNING,mid_trend=BEAR but stock>=80%. Check trend context or policy override.,0.8,0.7555,BEAR,2025-05-16,CUSTOM,not_rebalance_day
highvol_high_stock,WARNING,prob_high_vol>0.60 but stock>=80%.,0.8,0.7555,BEAR,2025-05-16,CUSTOM,not_rebalance_day
midtrend_bear_high_stock,WARNING,mid_trend=BEAR but stock>=80%. Check trend context or policy override.,0.8,0.7709,BEAR,2025-05-19,CUSTOM,not_rebalance_day
highvol_high_stock,WARNING,prob_high_vol>0.60 but stock>=80%.,0.8,0.7709,BEAR,2025-05-19,CUSTOM,not_rebalance_day
midtrend_bear_high_stock,WARNING,mid_trend=BEAR but stock>=80%. Check trend context or policy override.,0.8,0.7816,BEAR,2025-05-20,CUSTOM,no_trade_band
highvol_high_stock,WARNING,prob_high_vol>0.60 but stock>=80%.,0.8,0.7816,BEAR,2025-05-20,CUSTOM,no_trade_band
midtrend_bear_high_stock,WARNING,mid_trend=BEAR but stock>=80%. Check trend context or policy override.,0.8,0.7928,BEAR,2025-05-21,CUSTOM,no_trade_band
highvol_high_stock,WARNING,prob_high_vol>0.60 but stock>=80%.,0.8,0.7928,BEAR,2025-05-21,CUSTOM,no_trade_band
midtrend_bear_high_stock,WARNING,mid_trend=BEAR but stock>=80%. Check trend context or policy override.,0.8,0.7997,BEAR,2025-05-22,CUSTOM,not_rebalance_day
highvol_high_stock,WARNING,prob_high_vol>0.60 but stock>=80%.,0.8,0.7997,BEAR,2025-05-22,CUSTOM,not_rebalance_day
midtrend_bear_high_stock,WARNING,mid_trend=BEAR but stock>=80%. Check trend context or policy override.,0.8,0.8018,BEAR,2025-05-23,CUSTOM,not_rebalance_day
highvol_high_stock,WARNING,prob_high_vol>0.60 but stock>=80%.,0.8,0.8018,BEAR,2025-05-23,CUSTOM,not_rebalance_day
extreme_highvol_full_stock,HARD_CAP,prob_high_vol>0.80 but stock>=70%.,0.8,0.8018,BEAR,2025-05-23,CUSTOM,not_rebalance_day
midtrend_bear_high_stock,WARNING,mid_trend=BEAR but stock>=80%. Check trend context or policy override.,0.8,0.8093,BEAR,2025-05-27,CUSTOM,not_rebalance_day
highvol_high_stock,WARNING,prob_high_vol>0.60 but stock>=80%.,0.8,0.8093,BEAR,2025-05-27,CUSTOM,not_rebalance_day
extreme_highvol_full_stock,HARD_CAP,prob_high_vol>0.80 but stock>=70%.,0.8,0.8093,BEAR,2025-05-27,CUSTOM,not_rebalance_day
midtrend_bear_high_stock,WARNING,mid_trend=BEAR but stock>=80%. Check trend context or policy override.,0.8,0.8089,BEAR,2025-05-28,CUSTOM,no_trade_band
highvol_high_stock,WARNING,prob_high_vol>0.60 but stock>=80%.,0.8,0.8089,BEAR,2025-05-28,CUSTOM,no_trade_band
extreme_highvol_full_stock,HARD_CAP,prob_high_vol>0.80 but stock>=70%.,0.8,0.8089,BEAR,2025-05-28,CUSTOM,no_trade_band
midtrend_bear_high_stock,WARNING,mid_trend=BEAR but stock>=80%. Check trend context or policy override.,0.8,0.8089,BEAR,2025-05-29,CUSTOM,no_trade_band
highvol_high_stock,WARNING,prob_high_vol>0.60 but stock>=80%.,0.8,0.8089,BEAR,2025-05-29,CUSTOM,no_trade_band
extreme_highvol_full_stock,HARD_CAP,prob_high_vol>0.80 but stock>=70%.,0.8,0.8089,BEAR,2025-05-29,CUSTOM,no_trade_band
midtrend_bear_high_stock,WARNING,mid_trend=BEAR but stock>=80%. Check trend context or policy override.,0.8,0.8086,BEAR,2025-05-30,CUSTOM,not_rebalance_day
highvol_high_stock,WARNING,prob_high_vol>0.60 but stock>=80%.,0.8,0.8086,BEAR,2025-05-30,CUSTOM,not_rebalance_day
extreme_highvol_full_stock,HARD_CAP,prob_high_vol>0.80 but stock>=70%.,0.8,0.8086,BEAR,2025-05-30,CUSTOM,not_rebalance_day
midtrend_bear_high_stock,WARNING,mid_trend=BEAR but stock>=80%. Check trend context or policy override.,0.8,0.8096,BEAR,2025-06-02,CUSTOM,not_rebalance_day
highvol_high_stock,WARNING,prob_high_vol>0.60 but stock>=80%.,0.8,0.8096,BEAR,2025-06-02,CUSTOM,not_rebalance_day
extreme_highvol_full_stock,HARD_CAP,prob_high_vol>0.80 but stock>=70%.,0.8,0.8096,BEAR,2025-06-02,CUSTOM,not_rebalance_day
midtrend_bear_high_stock,WARNING,mid_trend=BEAR but stock>=80%. Check trend context or policy override.,0.8,0.8079,BEAR,2025-06-03,CUSTOM,not_rebalance_day
highvol_high_stock,WARNING,prob_high_vol>0.60 but stock>=80%.,0.8,0.8079,BEAR,2025-06-03,CUSTOM,not_rebalance_day
extreme_highvol_full_stock,HARD_CAP,prob_high_vol>0.80 but stock>=70%.,0.8,0.8079,BEAR,2025-06-03,CUSTOM,not_rebalance_day
midtrend_bear_high_stock,WARNING,mid_trend=BEAR but stock>=80%. Check trend context or policy override.,0.8,0.8072,BEAR,2025-06-04,CUSTOM,no_trade_band
highvol_high_stock,WARNING,prob_high_vol>0.60 but stock>=80%.,0.8,0.8072,BEAR,2025-06-04,CUSTOM,no_trade_band
extreme_highvol_full_stock,HARD_CAP,prob_high_vol>0.80 but stock>=70%.,0.8,0.8072,BEAR,2025-06-04,CUSTOM,no_trade_band
midtrend_bear_high_stock,WARNING,mid_trend=BEAR but stock>=80%. Check trend context or policy override.,0.8,0.7997,BEAR,2025-06-05,CUSTOM,no_trade_band
highvol_high_stock,WARNING,prob_high_vol>0.60 but stock>=80%.,0.8,0.7997,BEAR,2025-06-05,CUSTOM,no_trade_band
midtrend_bear_high_stock,WARNING,mid_trend=BEAR but stock>=80%. Check trend context or policy override.,0.8,0.7933,BEAR,2025-06-06,CUSTOM,not_rebalance_day
highvol_high_stock,WARNING,prob_high_vol>0.60 but stock>=80%.,0.8,0.7933,BEAR,2025-06-06,CUSTOM,not_rebalance_day
midtrend_bear_high_stock,WARNING,mid_trend=BEAR but stock>=80%. Check trend context or policy override.,0.8,0.7865,BEAR,2025-06-09,CUSTOM,not_rebalance_day
highvol_high_stock,WARNING,prob_high_vol>0.60 but stock>=80%.,0.8,0.7865,BEAR,2025-06-09,CUSTOM,not_rebalance_day
midtrend_bear_high_stock,WARNING,mid_trend=BEAR but stock>=80%. Check trend context or policy override.,0.8,0.7796,BEAR,2025-06-10,CUSTOM,not_rebalance_day
highvol_high_stock,WARNING,prob_high_vol>0.60 but stock>=80%.,0.8,0.7796,BEAR,2025-06-10,CUSTOM,not_rebalance_day
midtrend_bear_high_stock,WARNING,mid_trend=BEAR but stock>=80%. Check trend context or policy override.,0.8,0.7653,BEAR,2025-06-11,CUSTOM,not_rebalance_day
highvol_high_stock,WARNING,prob_high_vol>0.60 but stock>=80%.,0.8,0.7653,BEAR,2025-06-11,CUSTOM,not_rebalance_day
midtrend_bear_high_stock,WARNING,mid_trend=BEAR but stock>=80%. Check trend context or policy override.,0.8,0.7625,BEAR,2025-06-12,CUSTOM,no_trade_band
highvol_high_stock,WARNING,prob_high_vol>0.60 but stock>=80%.,0.8,0.7625,BEAR,2025-06-12,CUSTOM,no_trade_band
midtrend_bear_high_stock,WARNING,mid_trend=BEAR but stock>=80%. Check trend context or policy override.,0.8,0.7627,BEAR,2025-06-13,CUSTOM,not_rebalance_day
highvol_high_stock,WARNING,prob_high_vol>0.60 but stock>=80%.,0.8,0.7627,BEAR,2025-06-13,CUSTOM,not_rebalance_day
midtrend_bear_high_stock,WARNING,mid_trend=BEAR but stock>=80%. Check trend context or policy override.,0.8,0.7598,BEAR,2025-06-16,CUSTOM,not_rebalance_day
highvol_high_stock,WARNING,prob_high_vol>0.60 but stock>=80%.,0.8,0.7598,BEAR,2025-06-16,CUSTOM,not_rebalance_day
midtrend_bear_high_stock,WARNING,mid_trend=BEAR but stock>=80%. Check trend context or policy override.,0.8,0.7515,BEAR,2025-06-17,CUSTOM,not_rebalance_day
highvol_high_stock,WARNING,prob_high_vol>0.60 but stock>=80%.,0.8,0.7515,BEAR,2025-06-17,CUSTOM,not_rebalance_day
midtrend_bear_high_stock,WARNING,mid_trend=BEAR but stock>=80%. Check trend context or policy override.,0.8,0.746,BEAR,2025-06-18,CUSTOM,not_rebalance_day
highvol_high_stock,WARNING,prob_high_vol>0.60 but stock>=80%.,0.8,0.746,BEAR,2025-06-18,CUSTOM,not_rebalance_day
midtrend_bear_high_stock,WARNING,mid_trend=BEAR but stock>=80%. Check trend context or policy override.,0.8,0.7315,BEAR,2025-06-20,CUSTOM,no_trade_band
highvol_high_stock,WARNING,prob_high_vol>0.60 but stock>=80%.,0.8,0.7315,BEAR,2025-06-20,CUSTOM,no_trade_band
midtrend_bear_high_stock,WARNING,mid_trend=BEAR but stock>=80%. Check trend context or policy override.,0.8,0.7235,BEAR,2025-06-23,CUSTOM,not_rebalance_day
highvol_high_stock,WARNING,prob_high_vol>0.60 but stock>=80%.,0.8,0.7235,BEAR,2025-06-23,CUSTOM,not_rebalance_day
midtrend_bear_high_stock,WARNING,mid_trend=BEAR but stock>=80%. Check trend context or policy override.,0.8,0.7092,BEAR,2025-06-24,CUSTOM,not_rebalance_day
highvol_high_stock,WARNING,prob_high_vol>0.60 but stock>=80%.,0.8,0.7092,BEAR,2025-06-24,CUSTOM,not_rebalance_day
midtrend_bear_high_stock,WARNING,mid_trend=BEAR but stock>=80%. Check trend context or policy override.,0.8,0.6968,BEAR,2025-06-25,CUSTOM,not_rebalance_day
highvol_high_stock,WARNING,prob_high_vol>0.60 but stock>=80%.,0.8,0.6968,BEAR,2025-06-25,CUSTOM,not_rebalance_day
midtrend_bear_high_stock,WARNING,mid_trend=BEAR but stock>=80%. Check trend context or policy override.,0.8,0.6897,BEAR,2025-06-26,CUSTOM,not_rebalance_day
highvol_high_stock,WARNING,prob_high_vol>0.60 but stock>=80%.,0.8,0.6897,BEAR,2025-06-26,CUSTOM,not_rebalance_day
midtrend_bear_high_stock,WARNING,mid_trend=BEAR but stock>=80%. Check trend context or policy override.,0.96,0.6481,BEAR,2025-06-27,WATCH,strong_offensive_override
highvol_high_stock,WARNING,prob_high_vol>0.60 but stock>=80%.,0.96,0.6481,BEAR,2025-06-27,WATCH,strong_offensive_override
midtrend_bear_high_stock,WARNING,mid_trend=BEAR but stock>=80%. Check trend context or policy override.,0.96,0.603,BEAR,2025-06-30,WATCH,strong_offensive_override
highvol_high_stock,WARNING,prob_high_vol>0.60 but stock>=80%.,0.96,0.603,BEAR,2025-06-30,WATCH,strong_offensive_override
midtrend_bear_high_stock,WARNING,mid_trend=BEAR but stock>=80%. Check trend context or policy override.,0.8,0.4574,BEAR,2026-01-16,NORMAL,scheduled
midtrend_bear_high_stock,WARNING,mid_trend=BEAR but stock>=80%. Check trend context or policy override.,0.8,0.4447,BEAR,2026-01-20,CUSTOM,not_rebalance_day
midtrend_bear_high_stock,WARNING,mid_trend=BEAR but stock>=80%. Check trend context or policy override.,0.8,0.4296,BEAR,2026-01-21,CUSTOM,not_rebalance_day
midtrend_bear_high_stock,WARNING,mid_trend=BEAR but stock>=80%. Check trend context or policy override.,0.8,0.4078,BEAR,2026-01-22,CUSTOM,not_rebalance_day
midtrend_bear_high_stock,WARNING,mid_trend=BEAR but stock>=80%. Check trend context or policy override.,0.8,0.3891,BEAR,2026-01-23,CUSTOM,not_rebalance_day
midtrend_bear_high_stock,WARNING,mid_trend=BEAR but stock>=80%. Check trend context or policy override.,0.96,0.3715,BEAR,2026-01-26,NORMAL,strong_offensive_override
midtrend_bear_high_stock,WARNING,mid_trend=BEAR but stock>=80%. Check trend context or policy override.,0.96,0.3554,BEAR,2026-01-27,NORMAL,strong_offensive_override
midtrend_bear_high_stock,WARNING,mid_trend=BEAR but stock>=80%. Check trend context or policy override.,0.96,0.3491,BEAR,2026-01-28,NORMAL,strong_offensive_override
midtrend_bear_high_stock,WARNING,mid_trend=BEAR but stock>=80%. Check trend context or policy override.,0.96,0.3402,BEAR,2026-01-29,NORMAL,strong_offensive_override
midtrend_bear_high_stock,WARNING,mid_trend=BEAR but stock>=80%. Check trend context or policy override.,0.96,0.3431,BEAR,2026-01-30,NORMAL,strong_offensive_override
midtrend_bear_high_stock,WARNING,mid_trend=BEAR but stock>=80%. Check trend context or policy override.,0.82,0.3984,BEAR,2026-02-12,CUSTOM,not_rebalance_day
midtrend_bear_high_stock,WARNING,mid_trend=BEAR but stock>=80%. Check trend context or policy override.,0.82,0.4804,BEAR,2026-02-13,CUSTOM,not_rebalance_day
midtrend_bear_high_stock,WARNING,mid_trend=BEAR but stock>=80%. Check trend context or policy override.,0.8,0.5973,BEAR,2026-03-17,WATCH,scheduled
midtrend_bear_high_stock,WARNING,mid_trend=BEAR but stock>=80%. Check trend context or policy override.,0.8,0.6115,BEAR,2026-03-18,CUSTOM,not_rebalance_day
highvol_high_stock,WARNING,prob_high_vol>0.60 but stock>=80%.,0.8,0.6115,BEAR,2026-03-18,CUSTOM,not_rebalance_day
midtrend_bear_high_stock,WARNING,mid_trend=BEAR but stock>=80%. Check trend context or policy override.,0.96,0.6098,BEAR,2026-03-19,WATCH,strong_offensive_override
highvol_high_stock,WARNING,prob_high_vol>0.60 but stock>=80%.,0.96,0.6098,BEAR,2026-03-19,WATCH,strong_offensive_override
midtrend_bear_high_stock,WARNING,mid_trend=BEAR but stock>=80%. Check trend context or policy override.,0.96,0.5965,BEAR,2026-03-20,WATCH,strong_offensive_override
midtrend_bear_high_stock,WARNING,mid_trend=BEAR but stock>=80%. Check trend context or policy override.,0.96,0.5861,BEAR,2026-03-23,WATCH,strong_offensive_override
midtrend_bear_high_stock,WARNING,mid_trend=BEAR but stock>=80%. Check trend context or policy override.,0.96,0.5843,BEAR,2026-03-24,WATCH,strong_offensive_override
midtrend_bear_high_stock,WARNING,mid_trend=BEAR but stock>=80%. Check trend context or policy override.,1.0,0.567,BEAR,2026-03-25,WATCH,strong_offensive_override
midtrend_bear_high_stock,WARNING,mid_trend=BEAR but stock>=80%. Check trend context or policy override.,1.0,0.55,BEAR,2026-03-26,NORMAL,strong_offensive_override
midtrend_bear_high_stock,WARNING,mid_trend=BEAR but stock>=80%. Check trend context or policy override.,1.0,0.5527,BEAR,2026-03-27,WATCH,strong_offensive_override
midtrend_bear_high_stock,WARNING,mid_trend=BEAR but stock>=80%. Check trend context or policy override.,1.0,0.565,BEAR,2026-03-30,WATCH,strong_offensive_override
midtrend_bear_high_stock,WARNING,mid_trend=BEAR but stock>=80%. Check trend context or policy override.,1.0,0.5551,BEAR,2026-03-31,WATCH,strong_offensive_override
midtrend_bear_high_stock,WARNING,mid_trend=BEAR but stock>=80%. Check trend context or policy override.,1.0,0.5371,BEAR,2026-04-01,NORMAL,strong_offensive_override
midtrend_bear_high_stock,WARNING,mid_trend=BEAR but stock>=80%. Check trend context or policy override.,1.0,0.5276,BEAR,2026-04-02,NORMAL,strong_offensive_override
midtrend_bear_high_stock,WARNING,mid_trend=BEAR but stock>=80%. Check trend context or policy override.,1.0,0.5066,BEAR,2026-04-06,NORMAL,strong_offensive_override
midtrend_bear_high_stock,WARNING,mid_trend=BEAR but stock>=80%. Check trend context or policy override.,1.0,0.516,BEAR,2026-04-07,NORMAL,strong_offensive_override
midtrend_bear_high_stock,WARNING,mid_trend=BEAR but stock>=80%. Check trend context or policy override.,1.0,0.5276,BEAR,2026-04-08,NORMAL,strong_offensive_override
midtrend_bear_high_stock,WARNING,mid_trend=BEAR but stock>=80%. Check trend context or policy override.,0.96,0.5303,BEAR,2026-04-10,NORMAL,strong_offensive_override
midtrend_bear_high_stock,WARNING,mid_trend=BEAR but stock>=80%. Check trend context or policy override.,0.96,0.5241,BEAR,2026-04-13,NORMAL,strong_offensive_override
midtrend_bear_high_stock,WARNING,mid_trend=BEAR but stock>=80%. Check trend context or policy override.,1.0,0.5141,BEAR,2026-04-14,NORMAL,strong_offensive_override
