asset_class,allocation_regime,mid_trend_state,ph_rank_bin_756,count,start_date,end_date,avg_stock_weight,avg_base_signal_stock_weight,avg_signal_stock_weight,avg_ph_raw,avg_ph_ewma,avg_ph_rank_504,avg_ph_rank_756,avg_ph_z_756,avg_up_strength_score,avg_down_strength_score,offensive_activation_rate,tier3_rate,ph_context_available_rate_756,strategy_ann_return,strategy_mdd,strategy_gross_ann_return,bh_ann_return,bh_mdd,bh_gap_ann_return
broad_index,CUSTOM,BEAR,00_30,1,2023-09-22 00:00:00,2023-09-22 00:00:00,1.0,0.82,0.82,0.3458459258079529,0.2681131545934082,0.30753968253968256,0.2804232804232804,-0.9048008379255512,0.4341221392360252,0.3378756547047666,1.0,0.0,1.0,-0.9759984460915018,0.0,-0.9759984460915018,-0.9759984460915018,0.0,0.0
broad_index,CUSTOM,BEAR,30_50,13,2015-08-06 00:00:00,2024-04-30 00:00:00,0.8446153846153847,0.7061538461538461,0.8538461538461538,0.4283042982793772,0.44639978308831985,0.3684371184371184,0.3826480377002295,-0.42776206647422643,0.4775513546939383,0.2765762690786745,0.9230769230769231,0.0,1.0,1.5729404193200542,-0.011625376845319169,1.5729404193200542,1.9408303000500968,-0.011893870793241557,-0.3678898807300426
broad_index,CUSTOM,BEAR,50_70,32,2015-08-11 00:00:00,2024-09-11 00:00:00,0.771875,0.563125,0.78875,0.608339395141229,0.6374177812363968,0.581845238095238,0.6125936804615966,0.38235994319197153,0.5845866012671375,0.2197546655291952,0.8125,0.0,1.0,0.20258320461477597,-0.03536506221381985,0.20258320461477597,0.346650242605296,-0.04286547606371971,-0.14406703799052
broad_index,CUSTOM,BEAR,70_85,124,2015-06-30 00:00:00,2026-03-17 00:00:00,0.6075806451612904,0.4462903225806452,0.6211290322580646,0.7905592040789704,0.7869190080773758,0.7988831285202252,0.7885635004042248,1.1091917580172372,0.6558003284361436,0.16127840242307273,0.5161290322580645,0.0,1.0,0.08077523009349141,-0.09175173159428607,0.08077523009349141,0.04948348344293785,-0.182340039137303,0.031291746650553565
broad_index,CUSTOM,BEAR,85_95,138,2015-08-20 00:00:00,2026-04-07 00:00:00,0.5594202898550725,0.41376811594202895,0.5614492753623189,0.8351284447355547,0.8166817259746905,0.9034679089026916,0.9027589813082618,1.5444713980677802,0.6696802379415278,0.15427330300496453,0.41304347826086957,0.0,1.0,0.04786234324850436,-0.11379826551723693,0.04786234324850436,0.09734188325405424,-0.2578286537897536,-0.04947954000554988
broad_index,CUSTOM,BEAR,95_100,112,2015-01-30 00:00:00,2026-04-01 00:00:00,0.5401785714285714,0.4032142857142857,0.5183928571428572,0.8661941053877984,0.8325213989053165,0.9744366496598639,0.9784463887310769,1.9643237039557238,0.6968756330991331,0.1261393736501593,0.3125,0.0,1.0,0.11065455283263947,-0.0444527968849282,0.11065455283263947,0.351792919663247,-0.10208266997412685,-0.24113836683060752
broad_index,CUSTOM,BEAR,raw_fallback,15,2014-04-16 00:00:00,2014-10-23 00:00:00,0.8106666666666669,0.45999999999999996,0.8000000000000003,0.7758485287427902,0.7634025717611446,,,,0.6079140319989281,0.19380558213899604,1.0,0.0,0.0,3.075533522509077,-0.010472499453567985,3.075533522509077,4.977994918925625,-0.011892346099835582,-1.9024613964165482
broad_index,CUSTOM,BULL,00_30,1172,2015-02-23 00:00:00,2026-05-07 00:00:00,0.8435153583617748,0.8479180887372014,0.8497098976109216,0.20239465519302735,0.21897371187075373,0.1331278102822471,0.1317816947663618,-1.2228787040459013,0.0979673898202039,0.32225113265302063,0.03754266211604096,0.0,1.0,0.13301514106634182,-0.09808656294810436,0.13301514106634182,0.15619644468098004,-0.11624737256217865,-0.023181303614638216
broad_index,CUSTOM,BULL,30_50,462,2015-03-02 00:00:00,2026-04-30 00:00:00,0.8271428571428571,0.8091341991341993,0.819004329004329,0.32302239580781433,0.3046796737282489,0.4054877001305573,0.38912377948220633,-0.5376656309393103,0.10776332153076296,0.34322458220600244,0.049783549783549784,0.0,1.0,0.13485550272282687,-0.0904595372367335,0.13485550272282687,0.09691457308975071,-0.158508150340385,0.03794092963307616
broad_index,CUSTOM,BULL,50_70,293,2015-03-03 00:00:00,2026-04-28 00:00:00,0.7368600682593857,0.6887372013651878,0.7126962457337884,0.4979980130524155,0.46960419488147215,0.5872338696570778,0.5982661013752414,0.17074629796792512,0.18551248303600731,0.37771487163598905,0.13310580204778158,0.0,1.0,-0.044545620686159304,-0.18740163788025987,-0.044545620686159304,-0.0011719147977772293,-0.2074606599501091,-0.043373705888382075
broad_index,CUSTOM,BULL,70_85,154,2015-01-23 00:00:00,2026-01-23 00:00:00,0.5953246753246754,0.5341558441558442,0.5874025974025975,0.6986304785475717,0.6690923081390364,0.7440991548134406,0.7705292693122654,0.9307377084340508,0.2497111679121865,0.4591289632861865,0.17532467532467533,0.0,1.0,0.029318780360621854,-0.07026032439524399,0.029318780360621854,-0.07021520453585661,-0.16191112294786003,0.09953398489647847
broad_index,CUSTOM,BULL,85_95,79,2015-01-21 00:00:00,2026-02-11 00:00:00,0.5865822784810127,0.45240506329113933,0.579240506329114,0.7934559257158751,0.7721072362917085,0.8925808720112517,0.8938043500446978,1.5542497197596583,0.33412779369894835,0.3835088237792471,0.379746835443038,0.0,1.0,0.0036870781793703067,-0.06636064136625708,0.0036870781793703067,-0.10596386749814235,-0.15011049882895933,0.10965094567751266
broad_index,CUSTOM,BULL,95_100,28,2015-01-15 00:00:00,2020-10-30 00:00:00,0.515,0.3928571428571429,0.4807142857142858,0.8758128041667598,0.8237883137275527,0.9635062358276645,0.9731874427523861,1.817185797794122,0.3678392046956542,0.4130955665200014,0.25,0.0,1.0,0.3229493613173242,-0.02220186765265353,0.3229493613173242,0.2549262090201301,-0.050372944095167016,0.06802315229719413
broad_index,CUSTOM,BULL,raw_fallback,731,2013-01-03 00:00:00,2014-12-15 00:00:00,0.837373461012312,0.8460191518467853,0.8476607387140904,0.20800497351588856,0.20185010310073073,,,,0.09878207534153972,0.37954546678201995,0.01094391244870041,0.0,0.0,0.10694441465438254,-0.06457853606873787,0.10694441465438254,0.12709522939252094,-0.07554999497736725,-0.0201508147381384
broad_index,CUSTOM,NEUTRAL,00_30,2,2023-09-20 00:00:00,2024-04-24 00:00:00,0.9299999999999999,0.84,0.9099999999999999,0.25965466201305387,0.2453707347791723,0.23511904761904762,0.21626984126984128,-1.1115607498746507,0.287919728788789,0.46550385512394565,0.5,0.0,1.0,3.0899493131127533,-0.002248635273256361,3.0899493131127533,4.185642946833612,-0.00224863527325625,-1.0956936337208587
broad_index,CUSTOM,NEUTRAL,30_50,7,2016-11-09 00:00:00,2024-04-29 00:00:00,0.8857142857142856,0.6857142857142858,0.8028571428571427,0.4265463450125286,0.5006236968950641,0.3472222222222222,0.38983371126228267,-0.36682417487963725,0.362069102575331,0.42225626793220866,0.7142857142857143,0.0,1.0,0.009619976033993893,-0.008106816183402143,0.009619976033993893,-0.008678903711282882,-0.009518483851759685,0.018298879745276775
broad_index,CUSTOM,NEUTRAL,50_70,24,2020-04-24 00:00:00,2025-05-15 00:00:00,0.7225,0.4791666666666667,0.7666666666666666,0.6950714931512872,0.7350052488886624,0.6376488095238095,0.6117724867724869,0.4849521810305148,0.5609707037106163,0.24411656982866625,0.875,0.0,1.0,-0.11867920758208528,-0.036871922025534576,-0.11867920758208528,-0.13045701721568626,-0.04206234493507577,0.011777809633600977
broad_index,CUSTOM,NEUTRAL,70_85,39,2015-06-29 00:00:00,2025-05-13 00:00:00,0.6533333333333335,0.47025641025641035,0.6841025641025643,0.749711078672837,0.7500225481158177,0.7581400081400081,0.786008158212631,1.0746191856589182,0.5685969501338414,0.24166633935689524,0.6666666666666666,0.0,1.0,0.697760304725406,-0.026262931693113334,0.697760304725406,1.4392244883597676,-0.03921307747159375,-0.7414641836343616
broad_index,CUSTOM,NEUTRAL,85_95,28,2015-02-02 00:00:00,2026-02-18 00:00:00,0.6607142857142859,0.4764285714285714,0.6478571428571431,0.8031899244657585,0.7446563888517409,0.8852040816326531,0.900978643633099,1.5351240893372353,0.49426734359938446,0.29894854974096374,0.5357142857142857,0.0,1.0,0.8822596015935562,-0.017206570122802467,0.8822596015935562,2.3281350293173326,-0.01972061556991278,-1.4458754277237764
broad_index,CUSTOM,NEUTRAL,95_100,11,2015-01-29 00:00:00,2020-03-03 00:00:00,0.6618181818181819,0.4272727272727272,0.6509090909090909,0.8655444968830456,0.7973724777949804,0.983044733044733,0.9839394078667572,2.0308569673247896,0.5290686992396636,0.21679083198871768,0.6363636363636364,0.0,1.0,-0.23961088842189526,-0.03073020545288696,-0.23961088842189526,-0.8057767863133714,-0.0913963093851814,0.5661658978914761
broad_index,CUSTOM,NEUTRAL,raw_fallback,6,2013-02-25 00:00:00,2014-04-30 00:00:00,0.8099999999999999,0.5266666666666667,0.8099999999999999,0.6239938971896967,0.6557542243399758,,,,0.4405956199140713,0.3668796746502883,0.8333333333333334,0.0,0.0,-0.2484110544501209,-0.019213752681382257,-0.2484110544501209,-0.35379661316694844,-0.02463964012849451,0.10538555871682753
broad_index,EXTREME_RISK,BEAR,70_85,3,2022-07-15 00:00:00,2025-04-23 00:00:00,0.3000000000000001,0.3,0.3000000000000001,0.8487091571092605,0.8646087061390474,0.8234126984126985,0.7905643738977072,1.0789829039403551,0.5319404993651103,0.2349050527906149,0.0,0.0,1.0,9.171346691342166,0.0,9.799437223535675,165.06313319945542,0.0,-155.89178650811326
broad_index,EXTREME_RISK,BEAR,85_95,10,2020-03-12 00:00:00,2025-04-01 00:00:00,0.30000000000000016,0.29999999999999993,0.30000000000000016,0.8875016668438912,0.8704382363709076,0.9434523809523808,0.9140211640211641,1.4349084752857932,0.5785977938994156,0.17405010857908065,0.0,0.0,1.0,-0.4564264411940414,-0.04288405468839984,-0.4224542069338466,-0.9925004779711422,-0.20732570021806385,0.5360740367771007
broad_index,EXTREME_RISK,BEAR,95_100,14,2015-09-04 00:00:00,2022-12-20 00:00:00,0.30000000000000016,0.29999999999999993,0.30000000000000016,0.8971438456858909,0.872903310418537,0.977749433106576,0.9820968776564368,1.7214530933948204,0.677462930937969,0.13526694026701774,0.0,0.0,1.0,-0.28609779370753075,-0.025618984702034497,-0.2415321816833068,-0.6524964241076198,-0.07800383742151917,0.366398630400089
broad_index,EXTREME_RISK,BULL,85_95,3,2020-03-05 00:00:00,2021-03-05 00:00:00,0.3000000000000001,0.3,0.3000000000000001,0.8886323899030685,0.869706372370275,0.871031746031746,0.9100529100529101,1.4182285590044252,0.1988942446439909,0.5115053738835582,0.0,0.0,1.0,0.03632310104832159,0.0,0.10092210685798131,-0.8404712531139693,0.0,0.8767943541622909
broad_index,EXTREME_RISK,BULL,95_100,5,2019-06-04 00:00:00,2020-11-02 00:00:00,0.3000000000000001,0.3,0.3000000000000001,0.9157942855358124,0.8827964475789967,0.9884920634920636,0.9923280423280423,1.5952458968310528,0.30372984062991454,0.49836076936565743,0.0,0.0,1.0,1.2201026144920917,-0.005231766041113972,1.358053997941759,9.192012005333723,-0.015946212195286025,-7.971909390841631
broad_index,EXTREME_RISK,NEUTRAL,95_100,2,2022-12-28 00:00:00,2023-01-05 00:00:00,0.3000000000000001,0.3,0.3000000000000001,0.9109679192304612,0.8682604570627332,0.9662698412698412,0.9722222222222222,1.0965273517677794,0.07512861876222515,0.810734261021725,0.0,0.0,1.0,-0.2377202968883817,0.0,-0.19014795670291218,-0.3322214157104163,-0.0005669057935623334,0.0945011188220346
broad_index,HIGH_VOL,BEAR,00_30,2,2023-01-13 00:00:00,2023-01-17 00:00:00,0.52,0.56,0.8,0.5273177094757557,0.6691769060801164,0.3025793650793651,0.23478835978835977,-0.6783569141388779,0.3854231227706312,0.44858707667976255,1.0,0.0,1.0,-0.6419728009876988,-0.005628137900376307,-0.6419728009876988,-0.9445741283054787,-0.009824423771384372,0.3026013273177799
broad_index,HIGH_VOL,BEAR,50_70,1,2022-08-31 00:00:00,2022-08-31 00:00:00,0.52,0.52,0.52,0.808187684416771,0.728743282852837,0.6746031746031746,0.6865079365079365,0.7901599751342329,0.3592241926451955,0.4097845431278045,0.0,0.0,1.0,-0.6087391465576133,0.0,-0.6087391465576133,-0.9308396017029639,0.0,0.3221004551453506
broad_index,HIGH_VOL,BEAR,70_85,2,2022-09-01 00:00:00,2022-09-01 00:00:00,0.52,0.47,0.47,0.8194276541471481,0.7442030504907458,0.7113095238095237,0.7328042328042328,0.8694089945818269,0.3046379441611232,0.406919293157765,0.0,0.0,1.0,-0.7979025997860492,-0.0054384307341818205,-0.7979025997860492,-0.7495623035073417,-0.0037730096733361584,-0.048340296278707506
broad_index,HIGH_VOL,BEAR,85_95,2,2022-01-18 00:00:00,2022-01-24 00:00:00,0.52,0.42,0.61,0.8668474957346917,0.7595545048544086,0.8839285714285714,0.9067460317460317,1.3422314527712587,0.36162177614198404,0.3354843402475075,0.5,0.0,1.0,-0.7021422784810657,-0.003502308141226762,-0.7021422784810657,-0.8596692227132501,-0.002508915230533759,0.15752694423218438
broad_index,HIGH_VOL,BEAR,raw_fallback,3,2014-04-10 00:00:00,2014-04-14 00:00:00,0.52,0.4533333333333333,0.4533333333333333,0.8056009779373805,0.752396793685346,,,,0.3001465530967233,0.47811447518607947,0.0,0.0,0.0,1.7561394215330663,0.0,1.7561394215330663,6.707786462297153,0.0,-4.951647040764087
broad_index,HIGH_VOL,BULL,00_30,6,2019-10-16 00:00:00,2022-12-01 00:00:00,0.52,0.62,0.62,0.4056675811608632,0.5681527586592965,0.2526455026455026,0.2517636684303351,-0.7879019703911069,0.29710572829755594,0.4679944280955531,0.0,0.0,1.0,-0.30449254436603346,-0.012497790731600955,-0.30449254436603346,-0.3185798414858223,-0.019122246126981324,0.014087297119788844
broad_index,HIGH_VOL,BULL,30_50,36,2019-10-15 00:00:00,2022-12-14 00:00:00,0.52,0.5644444444444445,0.5644444444444445,0.58099260110822,0.6494995624684459,0.4064704585537919,0.44628159905937675,-0.06291937764107088,0.10682393920791941,0.46630728411281475,0.0,0.0,1.0,-0.1364677414217791,-0.03445377519133164,-0.1364677414217791,-0.24611720862420094,-0.06697583067346957,0.10964946720242186
broad_index,HIGH_VOL,BULL,50_70,83,2016-07-12 00:00:00,2025-06-11 00:00:00,0.52,0.5371084337349398,0.5407228915662651,0.654788245996797,0.6840594462664891,0.6023379231210556,0.6065531969146427,0.42102514629794774,0.13598480407134558,0.540544639976394,0.012048192771084338,0.0,1.0,0.38983066477760153,-0.03789230923487963,0.38983066477760153,0.8854381694135403,-0.06496913294056073,-0.4956075046359387
broad_index,HIGH_VOL,BULL,70_85,78,2015-11-18 00:00:00,2025-06-05 00:00:00,0.5200000000000002,0.5048717948717951,0.5048717948717951,0.7352535989039984,0.7145300114816634,0.7585978835978836,0.7700715511593632,1.0177401903912158,0.15966551400663587,0.5260641137313663,0.0,0.0,1.0,0.20876597148056897,-0.03574347025595459,0.20876597148056897,0.2978712190185515,-0.07434497334418821,-0.08910524753798255
broad_index,HIGH_VOL,BULL,85_95,26,2015-12-17 00:00:00,2020-02-26 00:00:00,0.52,0.4815384615384615,0.5361538461538461,0.8052878860097666,0.7444086414435606,0.8733211233211234,0.881634624932212,1.5263823879200245,0.25308349437392363,0.4140345823273191,0.15384615384615385,0.0,1.0,0.19096702500202367,-0.027034759852090584,0.19096702500202367,0.12781695678975158,-0.05829938934838319,0.06315006821227209
broad_index,HIGH_VOL,BULL,95_100,4,2015-01-14 00:00:00,2015-12-18 00:00:00,0.52,0.47,0.47,0.8140886031091213,0.7475525794629437,0.9866071428571428,0.9868392201887596,2.426357242149544,0.2423198001443152,0.4082752328049773,0.0,0.0,1.0,1.180874167540209,0.0,1.180874167540209,6.153691686871823,0.0,-4.972817519331613
broad_index,HIGH_VOL,BULL,raw_fallback,2,2014-10-09 00:00:00,2014-10-10 00:00:00,0.52,0.52,0.52,0.7505055129528047,0.6860309034198995,,,,0.2133967665941477,0.43465317991495694,0.0,0.0,0.0,-0.5247248174466017,0.0,-0.5247248174466017,-0.8614783824447543,0.0,0.33675356499815257
broad_index,HIGH_VOL,NEUTRAL,30_50,2,2021-10-12 00:00:00,2021-10-13 00:00:00,0.52,0.56,0.56,0.6063518866896629,0.6571922762633365,0.44047619047619047,0.45634920634920634,0.046101303046440986,0.3071139883272347,0.42342990220048893,0.0,0.0,1.0,3.450069390506245,0.0,3.450069390506245,20.279240394924447,0.0,-16.8291710044182
broad_index,HIGH_VOL,NEUTRAL,70_85,2,2022-09-13 00:00:00,2022-09-14 00:00:00,0.52,0.42,0.42,0.8478199407458307,0.7684298040750954,0.7757936507936507,0.7923280423280423,1.0161229225167594,0.3091985281468015,0.44333817146165266,0.0,0.0,1.0,-0.7969975945073359,-0.002926481395453151,-0.7969975945073359,-0.9443611582721086,-0.0061148651186349046,0.14736356376477278
broad_index,HIGH_VOL,NEUTRAL,85_95,1,2024-08-06 00:00:00,2024-08-06 00:00:00,0.52,0.52,0.52,0.8774254590272904,0.7474234913271991,0.9146825396825397,0.8677248677248677,1.372538994875372,0.1620718303089317,0.5510208828302469,0.0,0.0,1.0,41.483338531656365,0.0,41.483338531656365,1983.9975219809594,0.0,-1942.5141834493031
broad_index,HIGH_VOL,NEUTRAL,raw_fallback,1,2014-10-14 00:00:00,2014-10-14 00:00:00,0.52,0.52,0.52,0.752778235077858,0.7238525164792275,,,,0.3490271003256699,0.3282295191597392,0.0,0.0,0.0,-0.6427696065180086,0.0,-0.6427696065180086,-0.7955312969994363,0.0,0.15276169048142763
broad_index,NORMAL,BEAR,00_30,22,2023-09-22 00:00:00,2023-11-02 00:00:00,0.9845454545454545,0.7736363636363636,0.9845454545454545,0.3269220496781848,0.35521758118596475,0.18344155844155843,0.19191919191919193,-1.1112828951103126,0.588391167602177,0.19822059815856685,1.0,0.9545454545454546,1.0,-0.15225592789229725,-0.04632407643686165,-0.14444350078184676,-0.1406005330701824,-0.04632407643686176,-0.011655394822114862
broad_index,NORMAL,BEAR,30_50,22,2015-07-27 00:00:00,2023-11-09 00:00:00,0.9854545454545455,0.7509090909090909,0.9854545454545455,0.4369037216021256,0.39231394275471937,0.38789682539682535,0.3952789578074382,-0.3477321751008771,0.5738925023934971,0.22044564637303293,1.0,1.0,1.0,-0.09950187131760257,-0.03830513606255881,-0.09867120978853883,-0.09038483331427205,-0.038620151451700724,-0.009117038003330524
broad_index,NORMAL,BEAR,50_70,19,2015-07-24 00:00:00,2023-10-27 00:00:00,0.8557894736842104,0.7210526315789473,0.8621052631578948,0.5146056070923806,0.4583747515692127,0.52140768588137,0.6027811073577665,0.22566669338847561,0.43890755618930777,0.31893940738672044,0.631578947368421,0.42105263157894735,1.0,-0.2832143341621841,-0.028362301771892695,-0.2797788246490611,-0.324191823940996,-0.03271818050399289,0.04097748977881188
broad_index,NORMAL,BEAR,70_85,7,2015-07-06 00:00:00,2026-03-19 00:00:00,0.9885714285714285,0.66,0.9885714285714285,0.521223660664899,0.4802284364875423,0.7131519274376418,0.7697900383940507,0.7557981132134189,0.6020785483888783,0.19191649670890013,1.0,1.0,1.0,0.21656331389740346,-0.023101802386535808,0.23428279831430365,0.22138658829901736,-0.02299442361520021,-0.004823274401613897
broad_index,NORMAL,BEAR,85_95,2,2015-07-08 00:00:00,2016-06-24 00:00:00,1.0,0.6699999999999999,1.0,0.747601629793644,0.4787718700315146,0.876984126984127,0.9057832697073204,1.7147799226186022,0.7154620711761269,0.08895987908413791,1.0,1.0,1.0,73.28518019430373,0.0,73.28518019430373,73.28518019430373,0.0,0.0
broad_index,NORMAL,BEAR,95_100,2,2015-08-21 00:00:00,2016-06-27 00:00:00,1.0,0.6699999999999999,1.0,0.8424843683838845,0.5015207147851122,0.9642857142857143,0.9757322942563906,2.170073474692233,0.6462753804657327,0.13096526092429583,1.0,1.0,1.0,0.9832135478508599,-0.012047574272709971,1.0553038484190145,1.0553038484190145,-0.011767574272709913,-0.07209030056815457
broad_index,NORMAL,BEAR,raw_fallback,7,2014-05-07 00:00:00,2014-05-20 00:00:00,1.0,0.68,1.0,0.4950116387435369,0.5024173819538219,,,,0.5463320580080061,0.30211397453317385,1.0,1.0,0.0,2.5145469210492117,-0.003622879053114203,2.5145469210492117,2.5145469210492117,-0.003622879053114203,0.0
broad_index,NORMAL,BULL,00_30,302,2015-02-13 00:00:00,2026-04-29 00:00:00,0.8328476821192053,0.7939735099337748,0.8513907284768212,0.26172984534911564,0.32930706291216094,0.15618101545253865,0.1613215419505048,-1.1681145443007646,0.2854062297332615,0.3347385110356829,0.32781456953642385,0.31125827814569534,1.0,0.12776420868645166,-0.0560270522105073,0.14192369104089853,0.17541502668902398,-0.07214041674309812,-0.047650818002572315
broad_index,NORMAL,BULL,30_50,363,2015-02-11 00:00:00,2026-04-27 00:00:00,0.8032506887052341,0.7483195592286501,0.808870523415978,0.3523597614023804,0.38821613867011495,0.40868096549914734,0.39868863431017393,-0.4720225633149271,0.22832924936848445,0.3691686159546635,0.24517906336088155,0.24242424242424243,1.0,0.032426471579143135,-0.07266950048733667,0.043094942397022384,0.04220643699850912,-0.08884983929993229,-0.009779965419365988
broad_index,NORMAL,BULL,50_70,279,2015-01-02 00:00:00,2026-04-29 00:00:00,0.7810752688172043,0.728530465949821,0.7791397849462366,0.45711307110378385,0.4333234311160051,0.5752688172043011,0.5967892942737884,0.09972807458985851,0.2162071801625464,0.3774270904570945,0.1935483870967742,0.17921146953405018,1.0,0.07814811255860543,-0.07689916953243092,0.09161764231783454,0.0829095280810106,-0.12438489623158167,-0.004761415522405166
broad_index,NORMAL,BULL,70_85,83,2015-01-05 00:00:00,2026-02-04 00:00:00,0.7322891566265062,0.7012048192771085,0.7265060240963855,0.5587289334330934,0.46863368101833835,0.7280550774526681,0.7595213957111617,0.7486725494714754,0.19663433494973015,0.41816952836255766,0.0963855421686747,0.08433734939759036,1.0,0.11466003495955124,-0.050307267281449186,0.13833760362533898,0.12319824702974502,-0.07175844030582157,-0.008538212070193785
broad_index,NORMAL,BULL,85_95,29,2015-01-05 00:00:00,2026-02-05 00:00:00,0.695862068965517,0.6579310344827587,0.6889655172413794,0.6903176961273985,0.5057182097713675,0.8729474548440066,0.8875436034724316,1.6275483608714492,0.22721717561717952,0.36222017905577664,0.13793103448275862,0.034482758620689655,1.0,0.8421207971213256,-0.02574552183041834,0.9085291506701139,1.3900030960107128,-0.04185827233523731,-0.5478822988893872
broad_index,NORMAL,BULL,95_100,4,2015-01-06 00:00:00,2015-05-06 00:00:00,0.7050000000000001,0.635,0.71,0.7583388768136501,0.5440136196757073,0.964781746031746,0.9663533616665448,2.4424095274971034,0.29822586155940894,0.2333395638978078,0.5,0.0,1.0,1.4408986305911133,-0.00509659266080531,1.484461457526121,1.6292436845102882,-0.008013906975179341,-0.1883450539191749
broad_index,NORMAL,BULL,raw_fallback,138,2013-01-02 00:00:00,2014-12-31 00:00:00,0.7685507246376811,0.7563768115942029,0.7759420289855072,0.371804764472704,0.3791179623623456,,,,0.18935540583997304,0.43257645612100526,0.10144927536231885,0.10144927536231885,0.0,0.2158155270739246,-0.04343590283163212,0.23720223882224278,0.3213004301349085,-0.057930545798754673,-0.1054849030609839
broad_index,NORMAL,NEUTRAL,00_30,7,2015-07-23 00:00:00,2023-11-03 00:00:00,1.0,0.8371428571428572,1.0,0.19691634337816918,0.25516975694772065,0.1264172335600907,0.13870962243546114,-1.2988951035689862,0.7178913492015793,0.10145689432685241,1.0,1.0,1.0,-0.5797134443068415,-0.025684675632361986,-0.5797134443068415,-0.5797134443068415,-0.025684675632361986,0.0
broad_index,NORMAL,NEUTRAL,30_50,7,2016-06-13 00:00:00,2023-11-08 00:00:00,0.9742857142857143,0.777142857142857,0.9742857142857143,0.3108513255204473,0.3374113994412103,0.302437641723356,0.35695389266817834,-0.6346968516312134,0.6539430956409673,0.17316822609451982,1.0,0.8571428571428571,1.0,0.8966511527388741,-0.009495721426779347,0.9158964537521908,0.8851983031380486,-0.009662353257591683,0.011452849600825488
broad_index,NORMAL,NEUTRAL,50_70,14,2015-10-27 00:00:00,2026-04-13 00:00:00,0.8885714285714287,0.6857142857142857,0.8685714285714285,0.4731842473681484,0.4868493809253784,0.548469387755102,0.6076735545548423,0.1596783358811508,0.4854948905080869,0.28995116782340125,0.5714285714285714,0.5714285714285714,1.0,0.7299911521493867,-0.020511038873329168,0.7374139165928169,0.6738232079943818,-0.028743172723163513,0.05616794415500492
broad_index,NORMAL,NEUTRAL,70_85,5,2015-07-08 00:00:00,2025-03-03 00:00:00,0.8160000000000001,0.628,0.744,0.6528306770324708,0.5215879501341915,0.7960317460317461,0.777351409704982,0.9526861449276737,0.38830778784814035,0.3273170329602018,0.4,0.4,1.0,2.3742753493356394,-0.0019872193400137794,2.449926509531855,3.2933277623796915,-0.0019324450478758193,-0.919052413044052
broad_index,NORMAL,NEUTRAL,85_95,2,2016-04-29 00:00:00,2016-05-03 00:00:00,0.74,0.56,0.81,0.7728618428111077,0.6278599311321484,0.808531746031746,0.8584656084656085,1.4134536012635226,0.4137964365085265,0.31147792437323435,1.0,0.0,1.0,-0.5068828375840385,0.0,-0.5068828375840385,-0.701909818387858,-0.00028592765126167485,0.19502698080381953
broad_index,NORMAL,NEUTRAL,raw_fallback,10,2014-02-03 00:00:00,2014-12-16 00:00:00,0.8939999999999999,0.6699999999999999,0.8720000000000001,0.4928250943124294,0.4862402976249317,,,,0.46393901565854956,0.31172294138740436,0.8,0.6,0.0,0.38172609626718734,-0.01851925498282858,0.3957260724871883,0.4654749536692857,-0.024075124135412018,-0.08374885740209836
broad_index,RISK_OFF,BEAR,30_50,1,2023-01-11 00:00:00,2023-01-11 00:00:00,0.42,0.42,0.42,0.5966496616601944,0.7955284748534187,0.3869047619047619,0.3492063492063492,-0.351018084168285,0.2818300085365883,0.5483349866792921,0.0,0.0,1.0,0.1821185116084787,0.0,0.25575977792439963,4.62915651031063,0.0,-4.447037998702152
broad_index,RISK_OFF,BEAR,50_70,19,2020-04-07 00:00:00,2023-01-10 00:00:00,0.3978947368421053,0.39368421052631575,0.5284210526315791,0.7438770669071298,0.8241867416395503,0.6000417710944028,0.6219019771651351,0.5533065439959456,0.5648929605662184,0.23441898237258374,0.3684210526315789,0.0,1.0,-0.2954945276049732,-0.034465565375844,-0.26425732450570216,-0.7476179601445565,-0.11323254838233365,0.4521234325395833
broad_index,RISK_OFF,BEAR,70_85,81,2018-12-21 00:00:00,2025-05-07 00:00:00,0.3730864197530866,0.3548148148148148,0.3923456790123458,0.8324010814413614,0.8555125617547648,0.8191015089163238,0.7911522633744855,1.0990440779646986,0.5818126669801333,0.18019132658641598,0.09876543209876543,0.0,1.0,-0.024350537188949417,-0.0733111293121228,0.009221635912024073,0.06615307632695266,-0.1361201430868697,-0.09050361351590208
broad_index,RISK_OFF,BEAR,85_95,185,2015-10-09 00:00:00,2025-05-06 00:00:00,0.32594594594594606,0.31881081081081075,0.3311351351351353,0.8722230408320558,0.874095435282406,0.9203989703989703,0.9090610954548138,1.4353518434676809,0.6353981123089399,0.13628935173610604,0.032432432432432434,0.0,1.0,-0.046056321626849694,-0.11088030034769791,-0.029873942921445962,-0.05162048299803479,-0.2861948214957091,0.005564161371185095
broad_index,RISK_OFF,BEAR,95_100,196,2015-09-01 00:00:00,2026-03-27 00:00:00,0.3073469387755104,0.30795918367346936,0.3079591836734696,0.9009474599543883,0.8898150402574877,0.9728296080336896,0.9777194820217369,1.6773997871242148,0.6446567103040366,0.1440019348906583,0.0,0.0,1.0,0.4444781930335271,-0.03806236271471031,0.45942137054060783,1.437743983852093,-0.11978785083934074,-0.9932657908185658
broad_index,RISK_OFF,BEAR,raw_fallback,1,2014-04-15 00:00:00,2014-04-15 00:00:00,0.8,0.42,0.8,0.8333560317754746,0.7867751866597924,,,,0.414371460730299,0.3897380365609323,1.0,0.0,0.0,-0.2413746844805278,0.0,-0.12629464374091404,0.060202317452836995,0.0,-0.3015770019333648
broad_index,RISK_OFF,BULL,00_30,1,2023-01-11 00:00:00,2023-01-11 00:00:00,0.3000000000000001,0.52,0.52,0.3627992048859596,0.7056136901366012,0.19246031746031747,0.1283068783068783,-1.4531244697495982,0.1256327746013932,0.7659538471890593,0.0,0.0,1.0,-0.2670896679424011,0.0,-0.2670896679424011,1.6531824818614589,0.0,-1.92027214980386
broad_index,RISK_OFF,BULL,30_50,3,2021-03-10 00:00:00,2023-01-10 00:00:00,0.4466666666666667,0.48666666666666664,0.48666666666666664,0.6362574939926465,0.7718374101409382,0.45171957671957674,0.4625220458553792,0.03716546232498877,0.1690293270845944,0.538125625111868,0.0,0.0,1.0,0.5202125544841147,-0.0017756057704882977,0.5721632347414305,1.041921128881826,0.0,-0.5217085743977112
broad_index,RISK_OFF,BULL,50_70,14,2019-09-04 00:00:00,2023-01-09 00:00:00,0.37714285714285717,0.41857142857142854,0.49999999999999994,0.7356614134141378,0.813673352661912,0.6116780045351474,0.6462585034013605,0.6335753977437593,0.23714143498303739,0.5460840862541023,0.21428571428571427,0.0,1.0,0.05226085356080312,-0.0197130988276899,0.08851247454741062,0.4101196712503308,-0.03798235337072087,-0.35785881768952765
broad_index,RISK_OFF,BULL,70_85,25,2018-02-15 00:00:00,2025-01-14 00:00:00,0.40800000000000003,0.38159999999999994,0.4272000000000001,0.8165288000106813,0.8283357904103237,0.7629365079365078,0.7833333333333334,1.0621273873478565,0.27695184130614164,0.5221705535769626,0.12,0.0,1.0,0.14776118954499773,-0.013437847249833657,0.20271427869485747,0.23112593368643664,-0.029166514051714887,-0.0833647441414389
broad_index,RISK_OFF,BULL,85_95,21,2015-12-23 00:00:00,2022-12-19 00:00:00,0.4704761904761905,0.3857142857142857,0.47619047619047616,0.8549616742701758,0.8280423079648707,0.8970143613000756,0.8986167800453513,1.4960065329185839,0.3005851751307246,0.450063448851263,0.23809523809523808,0.0,1.0,0.9584099204887713,-0.011141141926875653,1.1264961892253353,6.5400663015074345,-0.028185598948715862,-5.5816563810186635
broad_index,RISK_OFF,BULL,95_100,14,2015-01-20 00:00:00,2021-03-10 00:00:00,0.3428571428571429,0.3428571428571428,0.3428571428571429,0.8932260560137886,0.8568572073007601,0.9645691609977325,0.9751162120236935,1.6209693196316786,0.23015397125465303,0.5185652031736261,0.0,0.0,1.0,0.8267701978061992,-0.011708718644341976,0.8598247070377896,4.5550762810827585,-0.036518870610774856,-3.7283060832765593
broad_index,RISK_OFF,NEUTRAL,30_50,1,2022-11-11 00:00:00,2022-11-11 00:00:00,0.3000000000000001,0.42,0.42,0.7198902487754821,0.8347814155456332,0.498015873015873,0.4973544973544973,0.29386942773320773,0.7032093290157894,0.0967363268515953,0.0,0.0,1.0,3.5015827383432825,0.0,3.5015827383432825,7.5015916733796,0.0,-4.000008935036318
broad_index,RISK_OFF,NEUTRAL,50_70,2,2022-11-10 00:00:00,2022-11-14 00:00:00,0.55,0.36,0.55,0.7600533336400985,0.8428514856469412,0.566468253968254,0.5489417989417988,0.46953624466058613,0.6969981011324893,0.0999097496828989,0.5,0.0,1.0,-0.7093560414447213,-0.006138252869647198,-0.6700921190902758,-0.8701508713603997,-0.007628889592087074,0.1607948299156784
broad_index,RISK_OFF,NEUTRAL,70_85,8,2018-04-18 00:00:00,2026-04-08 00:00:00,0.5475,0.4325,0.5625,0.7655320815742017,0.7936702132113913,0.7745535714285714,0.7584325396825397,0.9428348144972967,0.5485082914824679,0.2773630812998299,0.375,0.0,1.0,0.7122045367296179,-0.004061976423850533,0.9560755574907778,2.608099782629593,-0.008479436027119536,-1.895895245899975
broad_index,RISK_OFF,NEUTRAL,85_95,5,2018-04-17 00:00:00,2021-03-08 00:00:00,0.3000000000000001,0.324,0.32400000000000007,0.8582216012477876,0.8676763890937247,0.8857142857142858,0.898941798941799,1.504403146369373,0.5222006438031535,0.26313861440327496,0.0,0.0,1.0,0.03982836006289148,-0.00285720763013364,0.03982836006289148,2.1368343178908002,-0.008386559085431067,-2.0970059578279088
broad_index,RISK_OFF,NEUTRAL,95_100,7,2015-12-21 00:00:00,2020-03-10 00:00:00,0.40571428571428575,0.3657142857142857,0.40571428571428575,0.9061080055577415,0.8404821280657587,0.9827097505668935,0.9884731670445956,1.853445835806309,0.370211811557492,0.334639846506518,0.14285714285714285,0.0,1.0,0.44242160372061723,-0.04432477461023776,0.49279269371513945,-0.5634123265714606,-0.1312526956289698,1.0058339302920778
broad_index,WATCH,BEAR,00_30,3,2022-07-29 00:00:00,2023-01-20 00:00:00,0.9733333333333333,0.6,0.9733333333333333,0.44634521305561065,0.6010196285839169,0.2433862433862434,0.22266313932980597,-0.8406760287342075,0.5657638748307052,0.28758175978527517,1.0,1.0,1.0,5.052145287899566,-0.0018087158393530478,5.258409477663292,5.261491746049642,-0.0020418262734930304,-0.20934645815007613
broad_index,WATCH,BEAR,30_50,8,2022-04-04 00:00:00,2026-03-17 00:00:00,0.915,0.5800000000000001,0.915,0.526663264259696,0.6296111840249057,0.40029761904761907,0.40922619047619047,-0.21941449752803405,0.5669530356403796,0.258390893198592,0.875,0.875,1.0,0.42807082438121147,-0.014495136319151336,0.5106457814102685,0.6036552400192701,-0.015097049360859316,-0.1755844156380586
broad_index,WATCH,BEAR,50_70,18,2016-11-07 00:00:00,2026-04-08 00:00:00,0.9044444444444445,0.56,0.9044444444444445,0.6553282372653484,0.6359810691776636,0.5886243386243386,0.6155937683715461,0.43987680442775473,0.5815154863921599,0.2420053369479033,0.8888888888888888,0.7777777777777778,1.0,2.183622524186525,-0.018250829714896777,2.2963012679253803,2.0996254745996334,-0.023119052700826703,0.08399704958689158
broad_index,WATCH,BEAR,70_85,36,2015-10-16 00:00:00,2026-03-18 00:00:00,0.9266666666666664,0.5511111111111112,0.922222222222222,0.6712007479535208,0.6448168169335596,0.7487874779541446,0.7687126928390178,0.9105484286879472,0.6351162025125617,0.20130194092563386,0.9444444444444444,0.8333333333333334,1.0,0.5781013600421026,-0.09694915998075515,0.6080922047995547,0.5974459690615397,-0.10247118311783776,-0.01934460901943713
broad_index,WATCH,BEAR,85_95,30,2015-07-09 00:00:00,2026-03-27 00:00:00,0.9066666666666667,0.5706666666666665,0.9133333333333334,0.7141707884271938,0.6457015495752392,0.8587301587301587,0.8906300404675774,1.494103279617467,0.5387175078900621,0.27577117335153,0.9666666666666667,0.7333333333333333,1.0,-0.13116148915576686,-0.061450601183457576,-0.11820514924497383,-0.08036702292021636,-0.06349152953191106,-0.050794466235550506
broad_index,WATCH,BEAR,95_100,9,2015-08-20 00:00:00,2016-06-28 00:00:00,0.8533333333333333,0.5644444444444444,0.8533333333333333,0.8467114365763135,0.6533454995240322,0.9854497354497354,0.9899536318799337,2.4252339549773527,0.5794854243853879,0.16145858881555197,0.8888888888888888,0.4444444444444444,1.0,13.784509043092266,-0.0066321705795876484,14.59703296588698,13.942714938810555,-0.008200690461625304,-0.15820589571828947
broad_index,WATCH,BEAR,raw_fallback,3,2014-10-14 00:00:00,2014-10-22 00:00:00,0.8533333333333334,0.52,0.8533333333333334,0.7352648536364238,0.7052439622193124,,,,0.5355046134201737,0.21270689307177637,1.0,0.3333333333333333,0.0,2.853275602095806,-0.0013441284542750065,3.1471233321365695,4.5409656129214815,-0.0008577317997578993,-1.6876900108256754
broad_index,WATCH,BULL,00_30,61,2015-04-15 00:00:00,2025-01-24 00:00:00,0.6190163934426232,0.6613114754098363,0.6803278688524591,0.39480218753585083,0.5042104698787276,0.24007936507936506,0.21312691854475144,-0.989175719768835,0.18975556802048466,0.5077734921941875,0.04918032786885246,0.04918032786885246,1.0,-0.268721142798352,-0.11211620039488224,-0.2666629623074309,-0.47018105291772005,-0.18399472084299495,0.20145991011936804
broad_index,WATCH,BULL,30_50,199,2015-03-24 00:00:00,2025-12-23 00:00:00,0.6475376884422108,0.6243216080402009,0.6741708542713566,0.5073052891759416,0.5560855317636475,0.4049712849964106,0.4127175828054663,-0.25440773783604215,0.1927264898423845,0.457006152040319,0.1407035175879397,0.12060301507537688,1.0,0.13687256650302793,-0.1397318878435847,0.14751261943303362,0.1988331790219151,-0.20587879954169985,-0.06196061251888718
broad_index,WATCH,BULL,50_70,274,2015-02-11 00:00:00,2025-12-19 00:00:00,0.6681021897810219,0.6009489051094892,0.6764963503649635,0.5679479888647142,0.5830524197294712,0.5774099177383848,0.5979089613942511,0.2636685339050945,0.24221176392497057,0.4261273558208575,0.20802919708029197,0.17883211678832117,1.0,0.22295776323279726,-0.0586783239511488,0.23909019644140828,0.34357480867995727,-0.07199905417170416,-0.12061704544716001
broad_index,WATCH,BULL,70_85,154,2015-01-02 00:00:00,2026-03-04 00:00:00,0.6366233766233765,0.5824675324675324,0.6325974025974025,0.651002424829579,0.6059571546128055,0.737399505256648,0.7656910904206861,0.9007674830796492,0.21147259239996033,0.44610888884189487,0.12987012987012986,0.12337662337662338,1.0,0.023345066143060533,-0.05366761888053895,0.03295794616257508,0.025422963370439255,-0.09109630195630536,-0.002077897227378722
broad_index,WATCH,BULL,85_95,69,2015-01-08 00:00:00,2026-02-13 00:00:00,0.6376811594202899,0.5663768115942032,0.6434782608695654,0.7373020898172822,0.6371579896248039,0.8819013112491372,0.8975910631527875,1.6545511801067663,0.2880922918323268,0.36705408912695314,0.2463768115942029,0.13043478260869565,1.0,-0.05499460248499144,-0.052696096422159444,-0.03797678172297325,-0.14539299541178619,-0.08109857971272294,0.09039839292679475
broad_index,WATCH,BULL,95_100,13,2015-01-09 00:00:00,2020-06-12 00:00:00,0.7138461538461539,0.5446153846153845,0.7076923076923077,0.8236387018974012,0.6793461754481901,0.9764957264957265,0.980749102019536,2.338750446127339,0.3466199591319507,0.297692568683691,0.5384615384615384,0.15384615384615385,1.0,0.36786272443588475,-0.019699627573940726,0.4229719419402507,0.22131256996880833,-0.029485848269353854,0.14655015446707642
broad_index,WATCH,BULL,raw_fallback,83,2013-06-24 00:00:00,2014-12-31 00:00:00,0.6224096385542168,0.6207228915662651,0.6580722891566265,0.5321434043527368,0.5678478180419106,,,,0.17231720595554711,0.4701014985235455,0.12048192771084337,0.060240963855421686,0.0,0.35933063923899455,-0.04065019581244955,0.36911717928125753,0.528688010917983,-0.07832185484930476,-0.16935737167898846
broad_index,WATCH,NEUTRAL,00_30,4,2021-10-14 00:00:00,2023-01-25 00:00:00,0.99,0.6,0.99,0.5033228524029255,0.5740105158184255,0.3000992063492064,0.2523148148148148,-0.6820491043131931,0.6317576282049553,0.22847848416412303,1.0,1.0,1.0,9.262657885019136,-0.002100273962008181,9.365113391950468,9.287477906145325,-0.0022193537920055517,-0.024820021126188863
broad_index,WATCH,NEUTRAL,30_50,7,2020-04-16 00:00:00,2024-09-13 00:00:00,0.9142857142857143,0.5885714285714286,0.9142857142857143,0.5002313888498715,0.6035236750687872,0.417233560090703,0.41591080876795167,-0.2836658311678724,0.5366818401547684,0.26806406529566945,0.8571428571428571,0.8571428571428571,1.0,-0.40910026071650785,-0.03535115212697515,-0.39371701120177993,-0.1887142430249935,-0.03689955508130305,-0.22038601769151434
broad_index,WATCH,NEUTRAL,50_70,24,2016-03-23 00:00:00,2026-04-09 00:00:00,0.8966666666666668,0.58,0.8991666666666666,0.5799106889714797,0.6207274233314172,0.6169808201058201,0.6124889770723104,0.3055113805028804,0.6201636059560247,0.21710652938996475,0.875,0.7916666666666666,1.0,0.6218190441993174,-0.03311226925514765,0.6616352881810823,0.6203491128380363,-0.03455901571885733,0.0014699313612811515
broad_index,WATCH,NEUTRAL,70_85,23,2015-10-20 00:00:00,2026-04-10 00:00:00,0.7956521739130435,0.5652173913043478,0.8043478260869565,0.6850155912015748,0.6420227578641999,0.7160973084886129,0.7552525952123869,0.9040997807209155,0.48157687978471286,0.276889519362898,0.6956521739130435,0.4782608695652174,1.0,0.14103619125340305,-0.04510340129651613,0.17353598364851996,0.2024734444335481,-0.04254091714216979,-0.061437253180145035
broad_index,WATCH,NEUTRAL,85_95,15,2015-11-13 00:00:00,2026-03-09 00:00:00,0.6719999999999999,0.5626666666666665,0.6746666666666666,0.8041596659024557,0.6464126176237143,0.8613756613756612,0.8907766131294841,1.5148252629501393,0.3432490033888268,0.3488047126816181,0.4,0.13333333333333333,1.0,0.11674689944485372,-0.013718244234511623,0.17258351380152792,-0.049692096303372124,-0.023156053322910708,0.16643899574822585
broad_index,WATCH,NEUTRAL,95_100,6,2015-01-28 00:00:00,2018-10-11 00:00:00,0.7599999999999999,0.5466666666666667,0.7466666666666666,0.873148866991202,0.6771115410055767,0.984457671957672,0.9868893497251566,2.127541821635801,0.4511634191833534,0.2885993330631735,0.6666666666666666,0.16666666666666666,1.0,3.660427872060403,-0.00991797114805193,3.858597880426177,6.94335419327138,-0.012104201305289886,-3.2829263212109767
broad_index,WATCH,NEUTRAL,raw_fallback,8,2014-04-07 00:00:00,2014-10-21 00:00:00,0.865,0.5700000000000001,0.855,0.6373843876644969,0.6370951163338718,,,,0.4625077977784532,0.30017478904104533,0.75,0.75,0.0,-0.07578605970188346,-0.018715371271805115,-0.05475777708357443,-0.007790530579104615,-0.023748199460107977,-0.06799552912277884
high_vol_growth,CUSTOM,BEAR,00_30,4,2026-01-08 00:00:00,2026-02-04 00:00:00,0.86,0.86,0.9299999999999999,0.20098714306950566,0.21005213606399498,0.03472222222222222,0.023148148148148147,-1.6777521974108316,0.4191009902924445,0.3278433541871886,0.75,0.0,1.0,23.4587932316445,-0.014925034001456616,23.4587932316445,38.77006513045725,-0.017587117531894902,-15.311271898812748
high_vol_growth,CUSTOM,BEAR,30_50,3,2019-06-28 00:00:00,2019-08-12 00:00:00,0.9066666666666666,0.5733333333333334,0.8000000000000002,0.5797535354892412,0.5980399726315563,0.4431216931216932,0.3875661375661375,-0.27214984227992284,0.5261654510825433,0.27064730574295015,1.0,0.0,1.0,-0.8992474813024927,-0.03661643810692272,-0.8992474813024927,-0.9382464078995627,-0.03832119304947612,0.03899892659707005
high_vol_growth,CUSTOM,BEAR,50_70,11,2017-04-19 00:00:00,2025-05-08 00:00:00,0.6963636363636364,0.5109090909090909,0.7745454545454545,0.6328659136186947,0.7115843603403291,0.5883838383838383,0.6456228956228955,0.47545925751495555,0.5324787112864237,0.1520335872393338,0.9090909090909091,0.0,1.0,2.098749183433498,-0.0556130824775507,2.098749183433498,0.20766214966413532,-0.1165113451792098,1.8910870337693626
high_vol_growth,CUSTOM,BEAR,70_85,70,2016-02-04 00:00:00,2025-04-28 00:00:00,0.7674285714285711,0.49400000000000016,0.7728571428571426,0.7084863871761732,0.7245854172600128,0.8046768707482994,0.7944066515495087,0.9375540107214564,0.5645229789325783,0.15175673751548638,0.9285714285714286,0.0,1.0,4.947533595638343,-0.16215666047766386,4.947533595638343,6.177077461027221,-0.19668077426382635,-1.2295438653888784
high_vol_growth,CUSTOM,BEAR,85_95,87,2016-01-28 00:00:00,2025-05-07 00:00:00,0.7248275862068962,0.4517241379310346,0.7344827586206893,0.7795208996054771,0.7712912423018379,0.9135650428753878,0.9099160737091773,1.4631570094968769,0.5805656551972102,0.15723511475304427,0.8275862068965517,0.0,1.0,1.2993453275664169,-0.17413385587515817,1.2993453275664169,2.0491452465448234,-0.2555454839491589,-0.7497999189784066
high_vol_growth,CUSTOM,BEAR,95_100,58,2015-01-28 00:00:00,2022-06-10 00:00:00,0.5475862068965518,0.4279310344827586,0.5448275862068966,0.8391052585737457,0.8093704098016292,0.9714354132457581,0.9749866285687482,1.8670845416159634,0.56797648335755,0.1406292285945765,0.3448275862068966,0.0,1.0,-0.4693587167955239,-0.1972585054713588,-0.4693587167955239,-0.7390398494506725,-0.3371939543981952,0.2696811326551486
high_vol_growth,CUSTOM,BEAR,raw_fallback,28,2013-02-04 00:00:00,2014-10-27 00:00:00,0.8592857142857143,0.8314285714285715,0.8314285714285715,0.26397683782769105,0.2612173497164642,,,,0.35227254337943537,0.39405748968601556,0.8571428571428571,0.0,0.0,3.0322462739540184,-0.028424325984456877,3.0322462739540184,3.939105321988147,-0.03429223616308252,-0.9068590480341285
high_vol_growth,CUSTOM,BULL,00_30,288,2018-08-27 00:00:00,2026-05-07 00:00:00,0.8347916666666667,0.8147916666666668,0.8233333333333334,0.29526530726968,0.2984310221312601,0.09696042768959436,0.08761390358612581,-1.4749910572604665,0.1408483508804289,0.32524462681235555,0.13194444444444445,0.0,1.0,-0.04259700947310263,-0.3336741601928178,-0.04259700947310263,-0.06047771246953271,-0.38787258893964127,0.017880702996430076
high_vol_growth,CUSTOM,BULL,30_50,31,2017-10-09 00:00:00,2026-03-10 00:00:00,0.7670967741935484,0.7070967741935483,0.7335483870967743,0.4687352046370506,0.444367619850461,0.4232590885816692,0.4051885987369858,-0.3143817245637931,0.2133250481884413,0.35481411549321484,0.1935483870967742,0.0,1.0,4.077510920927333,-0.03780581809027095,4.077510920927333,7.156633868270864,-0.04686045323667487,-3.0791229473435315
high_vol_growth,CUSTOM,BULL,50_70,69,2015-02-25 00:00:00,2026-03-11 00:00:00,0.7727536231884058,0.7008695652173915,0.7408695652173912,0.4616993810927523,0.44412108551098384,0.5766333103289625,0.6020840695456113,0.2299061955751909,0.17890955880596587,0.29144207372209696,0.2028985507246377,0.0,1.0,-0.2364681074433107,-0.1769201575737157,-0.2364681074433107,-0.3697687038842151,-0.23937236883794688,0.13330059644090442
high_vol_growth,CUSTOM,BULL,70_85,46,2015-04-17 00:00:00,2025-12-04 00:00:00,0.697391304347826,0.6013043478260869,0.6639130434782609,0.5896086644867193,0.5841358082319035,0.749654934437543,0.7789490656109671,0.8343551712380247,0.2002630527068799,0.37757360046308225,0.2608695652173913,0.0,1.0,0.8892525190474825,-0.04403185780958696,0.8892525190474825,1.4488508091208194,-0.0496305036666439,-0.559598290073337
high_vol_growth,CUSTOM,BULL,85_95,57,2015-02-13 00:00:00,2025-12-03 00:00:00,0.5670175438596491,0.5196491228070175,0.5582456140350877,0.6891552087899887,0.6763878723729235,0.8748955722639932,0.9060010690297551,1.3255638380556498,0.17476192196786197,0.262319432996334,0.19298245614035087,0.0,1.0,-0.30165348103600964,-0.1511225034459256,-0.30165348103600964,-0.26567469529685206,-0.22212841906609548,-0.03597878573915758
high_vol_growth,CUSTOM,BULL,95_100,44,2015-03-25 00:00:00,2017-09-13 00:00:00,0.5259090909090911,0.4663636363636364,0.5204545454545456,0.7976324980909175,0.7627630396324477,0.9769570707070708,0.9843721773563293,2.066523485777128,0.1343582678374969,0.19889703869679823,0.18181818181818182,0.0,1.0,0.3826680469666288,-0.055744298370534295,0.3826680469666288,0.4676833520537733,-0.12127829048644212,-0.0850153050871445
high_vol_growth,CUSTOM,BULL,raw_fallback,410,2013-01-28 00:00:00,2014-12-17 00:00:00,0.8485853658536584,0.8544390243902439,0.8558048780487805,0.15598234842372374,0.15437610447164024,,,,0.14708639724821507,0.4275376879198385,0.07317073170731707,0.0,0.0,0.2150015001638561,-0.08107413697569921,0.2150015001638561,0.24954013689718924,-0.09539204862238448,-0.03453863673333313
high_vol_growth,CUSTOM,NEUTRAL,00_30,15,2018-10-10 00:00:00,2026-03-13 00:00:00,0.848,0.8119999999999999,0.8320000000000001,0.27559257740775744,0.29072667352267517,0.08359788359788359,0.07813051146384481,-1.4799169647009767,0.39349788588269835,0.3793763735461246,0.6666666666666666,0.0,1.0,1.4259063954597444,-0.03704167643698797,1.4259063954597444,1.9430556439919187,-0.04526654117126072,-0.5171492485321743
high_vol_growth,CUSTOM,NEUTRAL,30_50,7,2017-05-01 00:00:00,2026-03-09 00:00:00,0.8600000000000001,0.7114285714285715,0.7942857142857143,0.43624529029641834,0.4219093866294174,0.3642290249433106,0.4041950113378685,-0.31930383102773335,0.39300297039753573,0.3822601638728283,0.7142857142857143,0.0,1.0,-0.3232994881864725,-0.03551925358298058,-0.3232994881864725,-0.3575011015317727,-0.04302346830549264,0.03420161334530025
high_vol_growth,CUSTOM,NEUTRAL,50_70,10,2018-05-02 00:00:00,2022-11-16 00:00:00,0.8,0.526,0.726,0.6640955014526844,0.680122583746501,0.5815476190476192,0.5966931216931217,0.36625653095881594,0.44353255412433856,0.2302816605679884,0.7,0.0,1.0,-0.6212980109666559,-0.05747005924984305,-0.6212980109666559,-0.6995137304788854,-0.0708004063334734,0.0782157195122295
high_vol_growth,CUSTOM,NEUTRAL,70_85,13,2017-05-05 00:00:00,2024-09-30 00:00:00,0.813846153846154,0.503076923076923,0.8000000000000002,0.6956392980538882,0.7112892976975692,0.8531746031746033,0.8133903133903134,1.0195560094593359,0.6147802088842597,0.20524406305362725,1.0,0.0,1.0,-0.5956137892288751,-0.06682615871533293,-0.5956137892288751,-0.6933799518186479,-0.08383648330505977,0.09776616258977278
high_vol_growth,CUSTOM,NEUTRAL,85_95,9,2016-01-26 00:00:00,2024-08-29 00:00:00,0.8444444444444444,0.5466666666666666,0.8044444444444445,0.6918278959062365,0.6827297147164616,0.9173280423280423,0.9110817166372721,1.6022945217414901,0.49727501893219167,0.28417028594442045,1.0,0.0,1.0,-0.9857725597299546,-0.1641041091522153,-0.9857725597299546,-0.993313574698089,-0.19031663478425742,0.0075410149681344185
high_vol_growth,CUSTOM,NEUTRAL,95_100,9,2016-02-02 00:00:00,2017-03-28 00:00:00,0.5933333333333333,0.44,0.5755555555555555,0.8050504793723425,0.7832205248213392,0.9697971781305115,0.9798647854203411,1.885083952365981,0.38751557178792073,0.16422506730440395,0.4444444444444444,0.0,1.0,-0.7056549303278685,-0.05159104708450912,-0.7056549303278685,-0.6834416329109254,-0.06309810500491564,-0.022213297416943112
high_vol_growth,CUSTOM,NEUTRAL,raw_fallback,21,2013-01-30 00:00:00,2014-10-30 00:00:00,0.8609523809523809,0.8504761904761905,0.8571428571428571,0.1815230492325056,0.17355277819857065,,,,0.2648216443706843,0.48007852759472236,0.6666666666666666,0.0,0.0,0.9578339830263931,-0.03244105008214748,0.9578339830263931,1.1589294046290242,-0.03856286686720378,-0.20109542160263105
high_vol_growth,EXTREME_RISK,BEAR,95_100,2,2022-04-26 00:00:00,2022-06-13 00:00:00,0.3000000000000001,0.3,0.3000000000000001,0.9053879708051682,0.872522083436255,0.9821428571428572,0.9880952380952381,2.397394715955739,0.5811230908451036,0.11045233604211374,0.0,0.0,1.0,158.28237152327054,0.0,168.0081285815626,1801046.9821128782,0.0,-1800888.699741355
high_vol_growth,EXTREME_RISK,NEUTRAL,95_100,1,2017-03-15 00:00:00,2017-03-15 00:00:00,0.3000000000000001,0.3,0.3000000000000001,0.8848616808652878,0.8696212023935119,0.998015873015873,0.9986772486772487,1.888817698686398,0.3562350254639536,0.1023460143643986,0.0,0.0,1.0,5.590801158334274,0.0,5.998507355030196,226.5418415244196,0.0,-220.95104036608532
high_vol_growth,HIGH_VOL,BEAR,50_70,3,2022-10-17 00:00:00,2022-10-20 00:00:00,0.52,0.5466666666666667,0.5466666666666667,0.6171276281277339,0.6610626375219312,0.5952380952380953,0.6759259259259259,0.4756733685923551,0.330153354089402,0.06765440360139313,0.0,0.0,1.0,1.2031838042789547,0.0,1.2031838042789547,10.821204787074631,0.0,-9.618020982795677
high_vol_growth,HIGH_VOL,BEAR,70_85,7,2020-03-19 00:00:00,2022-10-21 00:00:00,0.52,0.5171428571428571,0.5171428571428571,0.7024709131036486,0.7030781219493007,0.7471655328798186,0.7876039304610734,0.8904091614010268,0.29033867025557625,0.1238762691559224,0.0,0.0,1.0,6.842535469797131,-0.04061668052983203,6.842535469797131,27.07970043497045,-0.07469864569370033,-20.23716496517332
high_vol_growth,HIGH_VOL,BEAR,85_95,3,2019-05-21 00:00:00,2020-03-20 00:00:00,0.52,0.4533333333333333,0.4533333333333333,0.8197601914405824,0.7505138939429893,0.9226190476190476,0.9052028218694885,1.3543918659918512,0.28270807528207326,0.3342572511291289,0.0,0.0,1.0,165.35659106112416,-0.00774672162753165,165.35659106112416,11120.186664462239,-0.014729954319624206,-10954.830073401114
high_vol_growth,HIGH_VOL,BULL,00_30,1,2018-03-27 00:00:00,2018-03-27 00:00:00,0.52,0.6,0.6,0.50479104667902,0.6399937562974556,0.18055555555555555,0.23412698412698413,-0.6509835768004836,0.0886721596201154,0.1588454272578628,0.0,0.0,1.0,470.45679043388077,0.0,470.45679043388077,88989.74627699099,0.0,-88519.28948655711
high_vol_growth,HIGH_VOL,BULL,30_50,13,2016-07-14 00:00:00,2023-01-19 00:00:00,0.5199999999999998,0.5923076923076921,0.5923076923076921,0.5216389978161226,0.6067685709508909,0.31425518925518925,0.39601139601139607,-0.2653705443414562,0.1286314291459885,0.4643872847680223,0.0,0.0,1.0,0.7538753201733239,-0.0700491884607497,0.7538753201733239,1.9031856479516343,-0.13581438409741498,-1.1493103277783103
high_vol_growth,HIGH_VOL,BULL,50_70,25,2016-07-11 00:00:00,2023-01-11 00:00:00,0.52,0.564,0.564,0.5872559899687767,0.6455715092808296,0.5218253968253967,0.5982010582010582,0.3301105271136304,0.1556305061895531,0.3137872230000824,0.0,0.0,1.0,4.491226569418449,-0.01998534629574311,4.491226569418449,25.011804577657568,-0.03784735916772086,-20.52057800823912
high_vol_growth,HIGH_VOL,BULL,70_85,46,2016-05-04 00:00:00,2024-08-08 00:00:00,0.5199999999999999,0.5265217391304348,0.5330434782608695,0.6707210765584656,0.6848359832967809,0.7199792960662528,0.7646940418679549,0.8742713380286922,0.11084849247802231,0.31801845592548067,0.021739130434782608,0.0,1.0,2.6051131884793923,-0.05631585834957564,2.6051131884793923,9.936913794530478,-0.10248577513975732,-7.331800606051085
high_vol_growth,HIGH_VOL,BULL,85_95,56,2015-09-16 00:00:00,2018-03-21 00:00:00,0.52,0.5207142857142857,0.5207142857142857,0.7043317870103889,0.7135559955815142,0.8840702947845804,0.9212951336773914,1.5973466061664314,0.06357895707062941,0.28968801906090386,0.0,0.0,1.0,0.24586293362687162,-0.052417184395199934,0.24586293362687162,0.41601881969479115,-0.1079086150570241,-0.17015588606791954
high_vol_growth,HIGH_VOL,BULL,95_100,39,2015-09-10 00:00:00,2017-06-19 00:00:00,0.5199999999999999,0.4943589743589744,0.4943589743589744,0.7631892536695187,0.7399525095381161,0.9677960927960928,0.9781068317093979,2.0520897808769334,0.11584173243605529,0.3176292846373256,0.0,0.0,1.0,1.2448367761384422,-0.04366632443711449,1.2448367761384422,3.4116645773157934,-0.08453717653854065,-2.166827801177351
high_vol_growth,HIGH_VOL,NEUTRAL,50_70,2,2020-03-24 00:00:00,2020-03-25 00:00:00,0.52,0.52,0.52,0.6127033174037935,0.7078622251572018,0.6785714285714286,0.5667989417989419,0.16223255029758726,0.20028827319660125,0.21213431875861388,0.0,0.0,1.0,8.875372907539733,-0.006841244279804037,8.875372907539733,35.43507858516279,-0.017532394702080345,-26.559705677623057
high_vol_growth,HIGH_VOL,NEUTRAL,70_85,5,2020-03-17 00:00:00,2024-08-07 00:00:00,0.52,0.52,0.58,0.7167033243179322,0.7045211495292598,0.8345238095238094,0.7865079365079366,0.8911261835855511,0.23787253696851898,0.3637495953934907,0.2,0.0,1.0,0.5570285595243161,-0.04247530505957642,0.5570285595243161,0.3321950768163717,-0.07858068246189587,0.22483348270794434
high_vol_growth,HIGH_VOL,NEUTRAL,85_95,8,2016-03-03 00:00:00,2023-01-06 00:00:00,0.52,0.52,0.595,0.7252223195508123,0.7261032243643235,0.8504464285714286,0.8893849206349207,1.4159418935812909,0.2235542963612149,0.4746488144040035,0.25,0.0,1.0,0.46592440944404867,-0.018758504594394654,0.46592440944404867,0.16236818875034809,-0.05543492702856534,0.3035562206937006
high_vol_growth,HIGH_VOL,NEUTRAL,95_100,2,2016-02-26 00:00:00,2016-02-29 00:00:00,0.52,0.52,0.52,0.7532060846686364,0.7431750700877763,0.9742063492063492,0.9828042328042328,2.2685982992570253,0.37629639784650615,0.2673894778892037,0.0,0.0,1.0,16.7671289713706,0.0,16.7671289713706,488.52000943830285,0.0,-471.75288046693225
high_vol_growth,NORMAL,BEAR,00_30,51,2018-04-09 00:00:00,2026-04-09 00:00:00,0.9913725490196079,0.7717647058823528,0.9913725490196079,0.32308126108026974,0.3626880022267402,0.133442265795207,0.12169312169312167,-1.2243320572482927,0.6222320692121789,0.20015239369193152,1.0,1.0,1.0,0.8082613643228016,-0.19721462443056859,0.81683000250709,0.8219469720138335,-0.19721462443056836,-0.013685607691031887
high_vol_growth,NORMAL,BEAR,30_50,17,2018-10-30 00:00:00,2025-01-17 00:00:00,0.9929411764705882,0.6788235294117647,0.9929411764705882,0.5079100416863666,0.47296876534862947,0.48249299719887956,0.40227201991907874,-0.3134966123946707,0.7107629895655412,0.14301183231163958,1.0,1.0,1.0,26.319316059843885,-0.032323116806261654,26.319316059843885,26.946251966855954,-0.032323116806261654,-0.6269359070120686
high_vol_growth,NORMAL,BEAR,50_70,16,2021-03-24 00:00:00,2025-01-28 00:00:00,0.9724999999999999,0.6699999999999999,0.9724999999999999,0.5572989967651666,0.500731492877662,0.5963541666666666,0.5806878306878307,0.15188724586750263,0.5307462866479357,0.29999349657063756,1.0,1.0,1.0,0.3837902749995039,-0.07345029402516501,0.38548762657521185,0.3878891159529152,-0.07642637899473936,-0.004098840953411287
high_vol_growth,NORMAL,BEAR,70_85,5,2015-05-27 00:00:00,2025-01-29 00:00:00,1.0,0.716,1.0,0.4157777264714241,0.43422846944631804,0.780952380952381,0.7409959260028622,0.5611514325168443,0.6846332798763279,0.15055030513597117,1.0,1.0,1.0,-0.8652509620003529,-0.04589636821305376,-0.8652509620003529,-0.8652509620003529,-0.04589636821305376,0.0
high_vol_growth,NORMAL,BEAR,85_95,18,2015-06-10 00:00:00,2015-08-06 00:00:00,1.0,0.7133333333333334,1.0,0.4448994752847486,0.4481868978869139,0.9086199294532629,0.9250241487505585,1.6815901122539552,0.66472339506496,0.13593762851026214,1.0,1.0,1.0,2.3495457755852605,-0.0591449815685553,2.3495457755852605,2.3495457755852605,-0.0591449815685553,0.0
high_vol_growth,NORMAL,BEAR,95_100,25,2015-01-30 00:00:00,2015-08-24 00:00:00,0.9984000000000001,0.6839999999999999,0.9984000000000001,0.54879628521204,0.48065691112227377,0.9557142857142858,0.9647611667854267,2.5703509255485373,0.6878572148234033,0.1192594937514155,1.0,1.0,1.0,4.00993452329498,-0.049580311254397325,4.0279953087309694,4.046356877065014,-0.04958031125439766,-0.036422353770033666
high_vol_growth,NORMAL,BEAR,raw_fallback,12,2013-01-02 00:00:00,2014-10-15 00:00:00,0.9783333333333335,0.8500000000000001,0.9783333333333335,0.14805075457940498,0.15185680765309198,,,,0.513014719363983,0.3267960540979388,1.0,0.9166666666666666,0.0,-0.19233091652437584,-0.06192045669843638,-0.1839329159229679,-0.23164072774868938,-0.06414664324340158,0.03930981122431354
high_vol_growth,NORMAL,BULL,00_30,381,2015-01-22 00:00:00,2026-04-15 00:00:00,0.7870866141732284,0.753228346456693,0.7955905511811023,0.35858125296907795,0.3894805839553756,0.16239636712077657,0.15227346128669633,-1.1786885089134604,0.19812316370527017,0.31422561418872447,0.1837270341207349,0.1679790026246719,1.0,0.4309269140977694,-0.31077508840149415,0.4452149084274615,0.6033633774223943,-0.3190867792729173,-0.17243646332462492
high_vol_growth,NORMAL,BULL,30_50,193,2015-01-26 00:00:00,2025-01-24 00:00:00,0.7607253886010363,0.7319170984455959,0.7626943005181348,0.4543655877710933,0.44061096545748374,0.36631301916276,0.38605687232480485,-0.41177260309707364,0.14268544106514972,0.3093674458605017,0.09844559585492228,0.09844559585492228,1.0,0.6694805044570271,-0.18418437666355214,0.6769511878606618,1.0284019466595198,-0.22345651835242886,-0.35892144220249267
high_vol_growth,NORMAL,BULL,50_70,91,2015-01-21 00:00:00,2025-09-12 00:00:00,0.7393406593406594,0.7162637362637362,0.7402197802197801,0.49644578028019964,0.4516289407524426,0.5448717948717948,0.5858485244680763,0.19250505460296258,0.0966310871983457,0.34084939857265817,0.07692307692307693,0.07692307692307693,1.0,1.6907911538123654,-0.07994808082228855,1.733302587715091,2.7339139119671056,-0.11381470806959826,-1.0431227581547402
high_vol_growth,NORMAL,BULL,70_85,47,2015-01-16 00:00:00,2025-11-21 00:00:00,0.746808510638298,0.706808510638298,0.7370212765957448,0.4822046965360643,0.4587769581837417,0.7282168186423505,0.772781315953282,0.7833909309889842,0.1584372568186057,0.4215906117690133,0.14893617021276595,0.10638297872340426,1.0,0.3014634692785123,-0.07294524598674479,0.3322871345194669,0.41356599417643625,-0.09363112128676465,-0.11210252489792394
high_vol_growth,NORMAL,BULL,85_95,24,2015-01-09 00:00:00,2025-11-24 00:00:00,0.8116666666666665,0.73,0.815,0.47185587091371417,0.4411131861160353,0.859375,0.8922733516223568,1.439798946208595,0.28113861496759607,0.2730802929752303,0.4166666666666667,0.2916666666666667,1.0,-0.27936859284010496,-0.08996744337053197,-0.2687049178559775,-0.2074374120072714,-0.12177479192609264,-0.07193118083283356
high_vol_growth,NORMAL,BULL,95_100,14,2015-01-02 00:00:00,2015-08-20 00:00:00,0.7885714285714285,0.7357142857142858,0.8057142857142858,0.48158703281411114,0.42354875729333635,0.9803004535147393,0.9815279451618322,2.9658728897064663,0.2889791588160288,0.3748689869899184,0.42857142857142855,0.21428571428571427,1.0,0.46065757166752164,-0.034218821371475916,0.4841550531033485,0.6155179251116383,-0.03539822199050524,-0.15486035344411664
high_vol_growth,NORMAL,BULL,raw_fallback,26,2013-01-04 00:00:00,2014-12-31 00:00:00,0.796153846153846,0.7830769230769229,0.8084615384615383,0.30806291520308987,0.30986515792535724,,,,0.17602560479190077,0.5055588507293993,0.19230769230769232,0.19230769230769232,0.0,-0.4818118678458546,-0.06800504437214627,-0.4757131039370618,-0.5559464004861725,-0.07035037317347026,0.07413453264031789
high_vol_growth,NORMAL,NEUTRAL,00_30,32,2018-04-06 00:00:00,2026-01-23 00:00:00,0.9762500000000001,0.7575,0.97875,0.3353057332336903,0.37465129556914434,0.1160094246031746,0.11396329365079366,-1.3055188760366643,0.5947410307143239,0.2193086157733512,1.0,0.90625,1.0,1.1223582473981657,-0.13803085669355897,1.1416172868375951,1.0650301480246176,-0.1424735674998706,0.0573280993735481
high_vol_growth,NORMAL,NEUTRAL,30_50,8,2018-04-10 00:00:00,2025-01-21 00:00:00,0.9625,0.705,0.9724999999999999,0.46140791364014144,0.46731324605511104,0.42782738095238093,0.3746693121693122,-0.44567586578522367,0.61894476986077,0.20251492676554894,1.0,0.875,1.0,6.619950155490702,-0.06770816785296607,6.619950155490702,8.741114635060649,-0.06864860220078894,-2.1211644795699467
high_vol_growth,NORMAL,NEUTRAL,50_70,6,2015-05-29 00:00:00,2022-08-24 00:00:00,0.98,0.66,0.98,0.4445023388912281,0.46556108112463335,0.5744047619047619,0.6039590611297783,0.19954893553257783,0.5449131483803655,0.26172252655498546,1.0,1.0,1.0,-0.9831383545996805,-0.0886188837858648,-0.9831383545996805,-0.986399959084098,-0.09227949738024455,0.0032616044844175907
high_vol_growth,NORMAL,NEUTRAL,70_85,6,2015-06-02 00:00:00,2022-08-09 00:00:00,0.98,0.71,0.98,0.46479203763107463,0.4254517179138679,0.7754629629629629,0.7730356704992176,0.6664521114083845,0.5851503861879951,0.207828966127278,1.0,1.0,1.0,0.32547056963302734,-0.02291102105209497,0.3478085688790524,0.3796425083565531,-0.02291102105209497,-0.05417193872352577
high_vol_growth,NORMAL,NEUTRAL,85_95,2,2015-06-09 00:00:00,2015-06-18 00:00:00,1.0,0.78,1.0,0.345714695751667,0.35634393273680276,0.8759920634920635,0.8919866007792454,1.0566288510204225,0.5927548345693427,0.21995085197364178,1.0,1.0,1.0,1.2773621800664596,-0.0041156778594052534,1.2773621800664596,1.2773621800664596,-0.0041156778594052534,0.0
high_vol_growth,NORMAL,NEUTRAL,95_100,2,2015-01-29 00:00:00,2015-02-03 00:00:00,1.0,0.74,1.0,0.38681436106562617,0.4029191236974999,0.9583333333333334,0.9598850574712643,1.987642406140012,0.5806169747974346,0.1984706846951251,1.0,1.0,1.0,112.06210361286298,0.0,117.19479527496885,117.19479527496885,0.0,-5.13269166210587
high_vol_growth,NORMAL,NEUTRAL,raw_fallback,7,2013-01-03 00:00:00,2013-01-31 00:00:00,0.9742857142857143,0.8600000000000001,0.9742857142857143,0.10631846035165442,0.10442853046155456,,,,0.49654161462133073,0.381351676600803,1.0,0.8571428571428571,0.0,-0.5963677821936436,-0.014274413493686522,-0.5922541685665668,-0.6241229154596822,-0.016976840969358253,0.027755133266038623
high_vol_growth,RISK_OFF,BEAR,70_85,3,2017-04-18 00:00:00,2019-06-18 00:00:00,0.8000000000000002,0.42,0.8000000000000002,0.7444555749495825,0.7963048248668098,0.7294973544973544,0.7848324514991182,0.942420364923661,0.43809544058408373,0.1025377577942689,1.0,0.0,1.0,4.199564079602936,0.0,5.288832132116038,8.807833235357908,0.0,-4.6082691557549715
high_vol_growth,RISK_OFF,BEAR,85_95,8,2022-03-16 00:00:00,2022-09-30 00:00:00,0.47000000000000003,0.375,0.47000000000000003,0.7921171113848686,0.8315220304297929,0.8928571428571429,0.9211309523809523,1.6440050087591374,0.5247147078481419,0.09807085118800749,0.25,0.0,1.0,18.38777041690844,-0.010014797452799984,20.100959507418025,64.36080474588493,-0.020584188900798828,-45.973034328976496
high_vol_growth,RISK_OFF,BEAR,95_100,32,2018-12-26 00:00:00,2022-06-16 00:00:00,0.31500000000000006,0.315,0.31500000000000006,0.8969719367101789,0.8864383558496209,0.9768105158730159,0.9839203042328042,2.2965419968015084,0.5168893838093929,0.09759878732857546,0.0,0.0,1.0,0.2699124222362903,-0.062424315716398504,0.2946078786825601,0.23512966519895562,-0.20556705071571812,0.03478275703733469
high_vol_growth,RISK_OFF,BULL,70_85,1,2017-03-20 00:00:00,2017-03-20 00:00:00,0.8,0.42,0.8,0.6674045681953431,0.7769907179007892,0.6428571428571429,0.7619047619047619,0.9233398905529666,0.4076538372764018,0.0947077719751042,1.0,0.0,1.0,47.98560819916817,0.0,61.77411606172451,161.01692504908678,0.0,-113.03131684991861
high_vol_growth,RISK_OFF,BULL,85_95,3,2017-07-27 00:00:00,2017-09-29 00:00:00,0.4533333333333333,0.4533333333333333,0.4533333333333333,0.776334830125173,0.7512654830652165,0.8412698412698413,0.8928571428571428,1.1496765709007069,0.04523018413986516,0.3483057560722807,0.0,0.0,1.0,0.9518340884154619,0.0,1.0524463505302557,4.757792141708476,0.0,-3.8059580532930144
high_vol_growth,RISK_OFF,BULL,95_100,5,2016-03-22 00:00:00,2017-06-21 00:00:00,0.43999999999999995,0.43999999999999995,0.43999999999999995,0.7800802874565125,0.7631911809268433,0.9571428571428571,0.9714285714285713,1.7626087726742206,0.06416508983025605,0.2023567284228543,0.0,0.0,1.0,0.11462816697294542,-0.012411070707482152,0.17221535090817097,0.381487804189073,-0.030156003310191193,-0.2668596372161276
high_vol_growth,RISK_OFF,NEUTRAL,85_95,2,2017-03-16 00:00:00,2017-03-17 00:00:00,0.3000000000000001,0.42,0.61,0.7434703350067139,0.8276229868930745,0.8224206349206349,0.8816137566137565,1.2615145136169015,0.3972740005052201,0.0997792958095389,0.5,0.0,1.0,0.3481086569926608,-0.008132424910222147,0.3481086569926608,-0.17321510834945208,-0.03234369174801388,0.5213237653421129
high_vol_growth,RISK_OFF,NEUTRAL,95_100,1,2017-03-23 00:00:00,2017-03-23 00:00:00,0.42,0.42,0.42,0.8757887274026872,0.8262516873086323,0.996031746031746,0.9973544973544973,1.8267532429521942,0.4299967229959047,0.0789240748932282,0.0,0.0,1.0,1.2468576839917365,0.0,1.7192772348543515,5.186887017875104,0.0,-3.940029333883367
high_vol_growth,WATCH,BEAR,00_30,3,2018-08-01 00:00:00,2025-05-12 00:00:00,0.9733333333333333,0.6,0.9733333333333333,0.464668204387029,0.5929316173281611,0.23214285714285712,0.2244268077601411,-0.8103469885465738,0.659498945474451,0.20583527564137563,1.0,1.0,1.0,10.55641705987997,-0.015563623562725781,10.635570585377105,12.605765670042809,-0.015483623562725812,-2.0493486101628395
high_vol_growth,WATCH,BEAR,30_50,33,2017-04-28 00:00:00,2025-05-09 00:00:00,0.9684848484848485,0.5975757575757575,0.9684848484848485,0.5665007461652611,0.5884123836307608,0.4092712842712843,0.41738816738816736,-0.1844674370988055,0.7551303914590233,0.11370579897353526,1.0,1.0,1.0,-0.8316506821637936,-0.25600750047958065,-0.8309525294294493,-0.8406658738234417,-0.2622796372802658,0.009015191659648147
high_vol_growth,WATCH,BEAR,50_70,28,2017-04-25 00:00:00,2025-04-04 00:00:00,0.9528571428571428,0.5885714285714286,0.9528571428571428,0.6027820225805043,0.6174429762739092,0.6712018140589568,0.6073318216175358,0.2872383737672558,0.6747965964834991,0.15769891610113457,1.0,0.9285714285714286,1.0,-0.599466703287537,-0.17997488776206993,-0.5923664452424328,-0.5687360679328937,-0.18755871135836621,-0.030730635354643376
high_vol_growth,WATCH,BEAR,70_85,43,2017-04-26 00:00:00,2025-04-08 00:00:00,0.9348837209302324,0.5590697674418604,0.9348837209302324,0.6791557899048162,0.6456565946773547,0.8136304909560724,0.7784237726098191,0.8868836518829878,0.637854573613931,0.17037934718958786,0.9767441860465116,0.8837209302325582,1.0,-0.6449398562606418,-0.23674510128045323,-0.6374632974091774,-0.6441254105034342,-0.24529102020107507,-0.0008144457572075714
high_vol_growth,WATCH,BEAR,85_95,23,2015-05-22 00:00:00,2025-04-16 00:00:00,0.8800000000000002,0.5478260869565217,0.8800000000000002,0.7154189126647037,0.6692176394194357,0.9230503795721186,0.9067745936000565,1.4764555985071863,0.598869256220968,0.16967329815961893,0.9565217391304348,0.5652173913043478,1.0,9.134642273406998,-0.12893075646356345,9.54959424591376,8.75592924596936,-0.14118062496223505,0.37871302743763735
high_vol_growth,WATCH,BEAR,95_100,16,2015-05-12 00:00:00,2022-02-22 00:00:00,0.925,0.545,0.925,0.722127481829375,0.6508887531793806,0.9768105158730158,0.98042851475728,2.9577954768772967,0.6201822449547114,0.16515436710467463,1.0,0.75,1.0,4.536935758355184,-0.0728802546750289,4.651101755207188,7.070043216305001,-0.08205884080050962,-2.533107457949817
high_vol_growth,WATCH,BULL,00_30,85,2018-01-03 00:00:00,2024-04-08 00:00:00,0.6315294117647059,0.6560000000000001,0.6898823529411766,0.4517634644753793,0.5171789032531295,0.21134453781512605,0.20599128540305012,-0.8729542405430916,0.20448706772628983,0.3462457680993185,0.09411764705882353,0.08235294117647059,1.0,0.8925706544347061,-0.06532149764475648,0.8988392327892119,2.0256114515015304,-0.10642299128483246,-1.1330407970668244
high_vol_growth,WATCH,BULL,30_50,148,2016-08-10 00:00:00,2024-10-07 00:00:00,0.6225675675675675,0.6070270270270269,0.6301351351351351,0.5383962824034529,0.554583319537797,0.34651169026169026,0.3998552123552124,-0.2228664649788108,0.12103930545222921,0.33792091859562373,0.060810810810810814,0.05405405405405406,1.0,0.1429155661789907,-0.14189845817358337,0.14511777827373074,0.30852653345107806,-0.1924114685527364,-0.16561096727208735
high_vol_growth,WATCH,BULL,50_70,173,2016-05-26 00:00:00,2025-09-22 00:00:00,0.6141040462427745,0.6062427745664739,0.621271676300578,0.5721601570832592,0.5669510911233747,0.5910519313698505,0.5923937975961098,0.25453865613652593,0.09714303245211588,0.3034375635153087,0.04046242774566474,0.04046242774566474,1.0,0.19411980535737738,-0.13985676599646324,0.19828663278995018,0.2572532612664795,-0.23736274582097283,-0.06313345590910213
high_vol_growth,WATCH,BULL,70_85,116,2015-10-21 00:00:00,2025-08-20 00:00:00,0.6163793103448273,0.5944827586206893,0.6163793103448273,0.6149289103802936,0.5961019074073373,0.7521380678708265,0.7674506958735905,0.8326675638043517,0.08925578634543654,0.313959600102604,0.0603448275862069,0.04310344827586207,1.0,0.4529284010367225,-0.13253671239461318,0.46051082529781207,0.6387618145038791,-0.22316078919297377,-0.18583341346715665
high_vol_growth,WATCH,BULL,85_95,59,2015-09-22 00:00:00,2025-11-25 00:00:00,0.623728813559322,0.5905084745762713,0.6247457627118644,0.6384548244334883,0.6139798930018338,0.854990583804143,0.896651858410136,1.551494972813597,0.11379419064730636,0.35906981643718006,0.11864406779661017,0.05084745762711865,1.0,0.7805138328334016,-0.056915377022773384,0.7935995771623858,1.8317524781157508,-0.09825687020355822,-1.0512386452823492
high_vol_growth,WATCH,BULL,95_100,42,2015-04-01 00:00:00,2017-02-13 00:00:00,0.6323809523809524,0.5657142857142856,0.6314285714285715,0.6978127868757361,0.6388448838072822,0.9619236583522298,0.9733288993313144,2.512785611495334,0.1777092809008546,0.33687121930186015,0.21428571428571427,0.07142857142857142,1.0,1.7983607913711066,-0.04935860959045246,1.8422155407494722,6.03983465918885,-0.05147360947860524,-4.241473867817744
high_vol_growth,WATCH,NEUTRAL,00_30,5,2018-08-02 00:00:00,2019-07-01 00:00:00,0.9039999999999999,0.6,0.9039999999999999,0.5150457069277763,0.5884820260880559,0.21547619047619046,0.22936507936507936,-0.7308316687567168,0.6164969282979789,0.23943226222317898,0.8,0.8,1.0,1.5924093778429134,-0.008264051968283392,1.6449555606965625,0.8930432706365754,-0.01518177396459408,0.699366107206338
high_vol_growth,WATCH,NEUTRAL,30_50,8,2018-01-02 00:00:00,2021-01-05 00:00:00,0.9299999999999999,0.5900000000000001,0.9299999999999999,0.5895231995731592,0.5901688037613252,0.40674603174603174,0.4499007936507936,-0.05268913715441094,0.7239487770129974,0.11923500813018877,0.875,0.875,1.0,22.748524197103524,-0.013256795513355457,23.1017206399354,28.09662335985816,-0.013256795513355457,-5.348099162754636
high_vol_growth,WATCH,NEUTRAL,50_70,13,2017-04-27 00:00:00,2025-02-20 00:00:00,0.9415384615384614,0.5753846153846153,0.9415384615384614,0.5973760714897743,0.6135677089222903,0.6739926739926739,0.6098901098901099,0.2829889628506668,0.5753451602652317,0.22707298686772195,0.9230769230769231,0.9230769230769231,1.0,0.361901437004305,-0.0701591395635256,0.39846842261331616,0.5760174473662474,-0.0701591395635256,-0.2141160103619424
high_vol_growth,WATCH,NEUTRAL,70_85,9,2020-03-12 00:00:00,2022-03-30 00:00:00,0.8999999999999999,0.5644444444444444,0.8999999999999999,0.6425674928559197,0.638763761423771,0.7907848324514991,0.7694003527336861,0.7995416851508309,0.6176883102125674,0.175528754702708,0.8888888888888888,0.7777777777777778,1.0,-0.9967951337898381,-0.10699121682813928,-0.9966988805341656,-0.9998674608555015,-0.1085451381677558,0.003072327065663405
high_vol_growth,WATCH,NEUTRAL,85_95,11,2016-03-08 00:00:00,2022-12-29 00:00:00,0.7654545454545453,0.5345454545454544,0.758181818181818,0.7386752627112649,0.6752111684905892,0.8692279942279942,0.8825156325156325,1.3094921298372117,0.386108553975896,0.36649672507942016,0.6363636363636364,0.36363636363636365,1.0,1.0033717411187504,-0.04331914912406931,1.0570649978208198,0.34758836674084503,-0.06650695733517942,0.6557833743779053
high_vol_growth,WATCH,NEUTRAL,95_100,1,2016-01-21 00:00:00,2016-01-21 00:00:00,0.6,0.6,0.82,0.7069286763668061,0.638302378133216,0.9484126984126984,0.9656084656084656,2.264288988559381,0.2487672900797743,0.4704873586566334,1.0,0.0,1.0,0.06925578258863929,0.0,0.06925578258863929,-0.2334404393757593,0.0,0.3026962219643986
mega_cap,CUSTOM,BEAR,00_30,4,2018-02-02 00:00:00,2021-10-04 00:00:00,0.9249999999999999,0.7599999999999999,0.805,0.3041124159470201,0.36852602621837405,0.1483134920634921,0.1478174603174603,-1.1185970280308424,0.4111261108096643,0.30537221865196496,1.0,0.0,1.0,-0.18118619906770095,-0.04647543456268599,-0.18118619906770095,-0.1355765718684624,-0.04833458389521861,-0.045609627199238556
mega_cap,CUSTOM,BEAR,30_50,4,2016-05-26 00:00:00,2026-01-23 00:00:00,0.8400000000000001,0.685,0.8,0.40301856230944394,0.47328417140678325,0.3933531746031746,0.4401455026455026,-0.26735117012134185,0.4309416381088505,0.2657074860218902,1.0,0.0,1.0,11.688166421005558,0.0,11.688166421005558,19.159716131853717,0.0,-7.4715497108481586
mega_cap,CUSTOM,BEAR,50_70,29,2021-03-23 00:00:00,2026-01-21 00:00:00,0.760689655172414,0.5144827586206897,0.8000000000000003,0.6385731778268157,0.705030771233879,0.6242474001094691,0.6247035212552454,0.41167827158983755,0.7280016459566171,0.1013713347287074,1.0,0.0,1.0,0.1194588804840988,-0.09807204742984399,0.1194588804840988,0.01068622929609453,-0.12280588439925288,0.10877265118800428
mega_cap,CUSTOM,BEAR,70_85,87,2015-09-24 00:00:00,2025-06-26 00:00:00,0.7756321839080457,0.4751724137931037,0.7816091954022986,0.742527868418858,0.7504021364935767,0.8123745666849116,0.7936179295356964,1.0326006852087428,0.6772280879621547,0.1119216403374982,0.9425287356321839,0.0,1.0,-0.16747760077737195,-0.23311352360169368,-0.16747760077737195,-0.17108758690351245,-0.287952191417963,0.0036099861261404964
mega_cap,CUSTOM,BEAR,85_95,123,2015-08-07 00:00:00,2026-03-18 00:00:00,0.6943089430894308,0.44780487804878055,0.6917073170731707,0.7767475727854706,0.766330838789701,0.9269905794296038,0.8980483190105394,1.5362350258013957,0.5502042377286874,0.1443454243335707,0.6991869918699187,0.0,1.0,0.13691603527608298,-0.09512238220561786,0.13691603527608298,-0.11038460998316912,-0.17292860144511635,0.2473006452592521
mega_cap,CUSTOM,BEAR,95_100,72,2015-08-21 00:00:00,2025-05-27 00:00:00,0.5699999999999998,0.4255555555555555,0.5677777777777777,0.8213539608650738,0.80193424609127,0.9885361552028219,0.9816023148146158,1.9283392384755638,0.38318795609642997,0.1910656049146301,0.3888888888888889,0.0,1.0,-0.09151973149073556,-0.15049691483763616,-0.09151973149073556,-0.21418255715033552,-0.2842357689834025,0.12266282565959996
mega_cap,CUSTOM,BEAR,raw_fallback,75,2013-01-03 00:00:00,2013-05-20 00:00:00,0.7565333333333331,0.45733333333333337,0.7594666666666665,0.7597484881480535,0.7599785174970891,,,,0.6353906779888433,0.11482788238183785,0.8933333333333333,0.0,0.0,-0.2891666607555613,-0.15758617631573701,-0.2891666607555613,-0.3720809599515146,-0.20420467982494728,0.08291429919595328
mega_cap,CUSTOM,BULL,00_30,434,2015-04-17 00:00:00,2026-02-06 00:00:00,0.8287096774193549,0.8269124423963133,0.8289861751152074,0.26817503387820885,0.27409167355799485,0.13153756126106356,0.11997942011797755,-1.2288703983759275,0.14427676616792656,0.3191323624103153,0.15898617511520738,0.0,1.0,0.20605590364440318,-0.10161860488136143,0.20605590364440318,0.24878252710780369,-0.12532338763353879,-0.042726623463400504
mega_cap,CUSTOM,BULL,30_50,85,2015-02-02 00:00:00,2026-02-11 00:00:00,0.8390588235294113,0.7736470588235294,0.8028235294117643,0.3975646810584208,0.3643821402652564,0.3881419234360411,0.37543579315926046,-0.47893335222185907,0.18888451944407542,0.3351569825663671,0.3058823529411765,0.0,1.0,-0.4572811910900293,-0.2065189940677329,-0.4572811910900293,-0.5347130657788437,-0.24872210253699834,0.0774318746888144
mega_cap,CUSTOM,BULL,50_70,51,2015-01-30 00:00:00,2026-04-20 00:00:00,0.8109803921568629,0.7007843137254902,0.7388235294117645,0.5087627307895352,0.4607069012154556,0.5885465297230003,0.5938546682474067,0.16003511648701907,0.20732157368815576,0.364088110764407,0.2549019607843137,0.0,1.0,0.8226548714644244,-0.039537054999045695,0.8226548714644244,0.9634729477311255,-0.0442991180472182,-0.14081807626670106
mega_cap,CUSTOM,BULL,70_85,33,2015-11-05 00:00:00,2022-01-25 00:00:00,0.6254545454545455,0.5303030303030302,0.5624242424242424,0.6708450675913781,0.6661604330923814,0.7528860028860028,0.762900226020314,0.7923100331913561,0.18745846637383445,0.3722693056767539,0.15151515151515152,0.0,1.0,-0.08118550061554375,-0.051947909646845924,-0.08118550061554375,0.07702036499608234,-0.0663965694009162,-0.15820586561162608
mega_cap,CUSTOM,BULL,85_95,12,2020-02-03 00:00:00,2021-02-08 00:00:00,0.4533333333333333,0.4633333333333333,0.4633333333333333,0.7866291128098964,0.7574804620709988,0.835813492063492,0.886904761904762,1.3412361900876322,0.08538706296019666,0.4220695245403134,0.0,0.0,1.0,3.939632313942731,-0.0071912082556047086,3.939632313942731,30.52012255323643,-0.01512718396903856,-26.5804902392937
mega_cap,CUSTOM,BULL,95_100,12,2020-02-28 00:00:00,2020-09-14 00:00:00,0.42,0.39999999999999997,0.39999999999999997,0.8537920008103055,0.8291242715357973,0.9875992063492064,0.9917328042328041,2.2348528442078752,0.05833339790254536,0.5661349221055548,0.0,0.0,1.0,-0.1876836191129636,-0.05950976209981673,-0.1876836191129636,-0.6426533869612291,-0.15055358547195608,0.4549697678482655
mega_cap,CUSTOM,BULL,raw_fallback,129,2013-05-23 00:00:00,2014-12-03 00:00:00,0.8226356589147287,0.7894573643410853,0.8103875968992249,0.33708895033644154,0.3308165066214158,,,,0.09733520049347963,0.29852355640102496,0.07751937984496124,0.0,0.0,0.245980108434116,-0.09798891472357618,0.245980108434116,0.23687136917661156,-0.12163009306147499,0.009108739257504439
mega_cap,CUSTOM,NEUTRAL,00_30,8,2019-06-17 00:00:00,2026-02-03 00:00:00,0.82,0.7949999999999999,0.84,0.2964538390748202,0.33727331109360487,0.15054563492063494,0.17972883597883596,-1.0177685704097148,0.373926437082437,0.33263810343590877,0.875,0.0,1.0,5.7878875198001065,-0.0018980080286774559,5.7878875198001065,8.527181181668878,-0.002263332442669963,-2.7392936618687713
mega_cap,CUSTOM,NEUTRAL,30_50,8,2019-03-04 00:00:00,2021-06-03 00:00:00,0.82,0.6875,0.82,0.4691541003063321,0.49712560300524616,0.3695436507936508,0.4001322751322751,-0.30701477637140984,0.25820432041620367,0.3816639127246526,1.0,0.0,1.0,-0.01682196883427689,-0.02223978424252826,-0.01682196883427689,-0.05157553516151148,-0.026741901982350602,0.034753566327234586
mega_cap,CUSTOM,NEUTRAL,50_70,19,2015-01-21 00:00:00,2026-04-21 00:00:00,0.8694736842105263,0.6778947368421053,0.771578947368421,0.5091519391850421,0.48387762064007306,0.6711570593149542,0.6065891472868218,0.18980721920463114,0.3360170229513416,0.31991660832665536,0.5263157894736842,0.0,1.0,2.1704410832077143,-0.0628017436377305,2.1704410832077143,2.3330516909517836,-0.07777852305392263,-0.1626106077440692
mega_cap,CUSTOM,NEUTRAL,70_85,2,2018-02-22 00:00:00,2019-06-10 00:00:00,0.62,0.56,0.71,0.5977256923913956,0.6237325379884082,0.8224206349206349,0.783068783068783,0.7516857335770354,0.2729298153103842,0.3007027044205389,0.5,0.0,1.0,6.378415483007022,-0.000343214806703962,6.378415483007022,6.887995126530455,-0.0031825581047909557,-0.5095796435234323
mega_cap,CUSTOM,NEUTRAL,85_95,2,2019-06-06 00:00:00,2019-06-07 00:00:00,0.42,0.47,0.47,0.7225052624940873,0.7483292774562795,0.8888888888888888,0.9193121693121693,1.6721744304728667,0.22708655276475398,0.43500408398475066,0.0,0.0,1.0,1.8712881154980647,0.0,1.8712881154980647,20.128734608927815,0.0,-18.25744649342975
mega_cap,CUSTOM,NEUTRAL,95_100,2,2019-06-05 00:00:00,2020-03-09 00:00:00,0.42,0.42,0.42,0.7999934330582619,0.7883762016048333,0.9742063492063493,0.9814814814814814,2.09617002119112,0.14243822867211187,0.4427664890506182,0.0,0.0,1.0,-0.5249143494038355,-0.01830486515787144,-0.5249143494038355,-0.6814394449214065,-0.03473074691258682,0.156525095517571
mega_cap,CUSTOM,NEUTRAL,raw_fallback,5,2013-05-21 00:00:00,2014-04-23 00:00:00,0.8480000000000001,0.6279999999999999,0.792,0.6001990264654159,0.5383949169827306,,,,0.499595421042172,0.2708635879631255,0.6,0.0,0.0,1.0712601728169342,-0.0017030757324913992,1.0712601728169342,1.1941099565876043,-0.0019371582206930693,-0.12284978377067013
mega_cap,EXTREME_RISK,BULL,95_100,1,2020-09-15 00:00:00,2020-09-15 00:00:00,0.3000000000000001,0.3,0.3000000000000001,0.9238993406295776,0.8918831538567353,0.996031746031746,0.9973544973544973,2.368172833523479,0.0366261683524724,0.8102463275994929,0.0,0.0,1.0,-0.7084957540092741,0.0,-0.6902319421779785,-0.9826697518092801,0.0,0.27417399780000595
mega_cap,HIGH_VOL,BEAR,50_70,4,2016-02-17 00:00:00,2016-02-29 00:00:00,0.52,0.56,0.6100000000000001,0.608445992320776,0.6538028390508335,0.6949404761904763,0.6848544973544973,0.5803630571980658,0.32315680302952554,0.10796117472982411,0.25,0.0,1.0,1.879003376903277,-0.0006349350342407245,1.879003376903277,9.014377637768588,-0.0022700628481573393,-7.13537426086531
mega_cap,HIGH_VOL,BEAR,70_85,8,2016-02-16 00:00:00,2019-01-08 00:00:00,0.52,0.52,0.52,0.633893471956253,0.6796567175453723,0.7678571428571428,0.7470238095238094,0.755170915325296,0.2385155897896175,0.10464198682220795,0.0,0.0,1.0,0.23025964791511622,-0.011169529708450754,0.23025964791511622,0.3663438891114079,-0.022605076220926112,-0.1360842411962917
mega_cap,HIGH_VOL,BEAR,85_95,20,2015-09-01 00:00:00,2019-01-04 00:00:00,0.5199999999999999,0.5149999999999999,0.5149999999999999,0.7456064063310623,0.7372643851972387,0.9539682539682539,0.8877823167989046,1.4633738246949117,0.2398818038687056,0.19148491924870328,0.0,0.0,1.0,1.02746093689185,-0.009883417962777585,1.02746093689185,3.0413290758230476,-0.02542751103325036,-2.0138681389311976
mega_cap,HIGH_VOL,BEAR,95_100,4,2015-09-18 00:00:00,2019-06-03 00:00:00,0.52,0.47,0.47,0.8025998838245869,0.7492994804226532,0.9935515873015873,0.9774476352749452,1.899736839614532,0.23581113115284147,0.33528401236938576,0.0,0.0,1.0,0.04206671627419856,-0.004878675245637343,0.04206671627419856,-0.1292124912803435,-0.010401049085225433,0.17127920755454207
mega_cap,HIGH_VOL,BULL,30_50,3,2016-11-23 00:00:00,2016-11-28 00:00:00,0.52,0.6,0.6,0.4478398770093918,0.5591343590353856,0.2625661375661376,0.40740740740740744,-0.27309378965934894,0.3045564160438744,0.48803932366605823,0.0,0.0,1.0,-0.412134558147054,-0.006663092004996374,-0.412134558147054,-0.6170139911385304,-0.009411245237585963,0.20487943299147637
mega_cap,HIGH_VOL,BULL,50_70,10,2016-11-22 00:00:00,2021-12-29 00:00:00,0.5199999999999999,0.5519999999999999,0.5519999999999999,0.5990046666562557,0.6589875517905288,0.5904761904761905,0.6370370370370371,0.3542947674330591,0.08148262840320265,0.34148601971914444,0.0,0.0,1.0,0.018590798445186518,-0.026103454953264493,0.018590798445186518,0.11233503528530675,-0.04771466803679292,-0.09374423684012023
mega_cap,HIGH_VOL,BULL,70_85,19,2018-04-05 00:00:00,2024-08-15 00:00:00,0.5199999999999999,0.5326315789473683,0.5326315789473683,0.66519172630812,0.6860347248939744,0.7989766081871345,0.7878028404344194,0.8868479090933974,0.13793401410664538,0.4280820821162991,0.0,0.0,1.0,0.05633323300755233,-0.044474368272255926,0.05633323300755233,0.2927723120748946,-0.07713247406911661,-0.2364390790673423
mega_cap,HIGH_VOL,BULL,85_95,11,2020-08-07 00:00:00,2021-02-01 00:00:00,0.5199999999999999,0.5018181818181818,0.5018181818181818,0.7745020511475477,0.7316491427813804,0.8537157287157288,0.894901394901395,1.4072604608517034,0.07338459096991193,0.4064994442281561,0.0,0.0,1.0,0.6258001514604377,-0.012677964096668548,0.6258001514604377,1.5993843953913345,-0.02324882365351344,-0.9735842439308968
mega_cap,HIGH_VOL,BULL,95_100,3,2020-02-26 00:00:00,2020-08-11 00:00:00,0.52,0.48666666666666664,0.48666666666666664,0.828522523244222,0.745822735972347,0.9623015873015873,0.974867724867725,2.0752062413591092,0.06472455557617753,0.5097753651982605,0.0,0.0,1.0,5.365798153786198,0.0,5.365798153786198,19.477659889710235,0.0,-14.111861735924037
mega_cap,HIGH_VOL,NEUTRAL,85_95,3,2018-04-03 00:00:00,2021-02-25 00:00:00,0.52,0.48666666666666664,0.48666666666666664,0.7812461912631988,0.7251860348430966,0.921957671957672,0.8990299823633157,1.479374532436357,0.20133230463984952,0.36150955331408396,0.0,0.0,1.0,9.503424000373514,-0.002090699530239548,9.503424000373514,97.76945883443229,-0.00467479445989194,-88.26603483405877
mega_cap,HIGH_VOL,NEUTRAL,95_100,1,2016-05-03 00:00:00,2016-05-03 00:00:00,0.52,0.42,0.42,0.8064446687698364,0.7520044331659145,0.9583333333333334,0.9695767195767195,1.828997713484231,0.1819002457310112,0.40515491860117,0.0,0.0,1.0,-0.2726923927368119,0.0,-0.2726923927368119,-0.6411778159817505,0.0,0.3684854232449386
mega_cap,NORMAL,BEAR,00_30,55,2015-07-07 00:00:00,2024-05-09 00:00:00,0.9970909090909091,0.8101818181818181,0.9970909090909091,0.2803013999353755,0.3098398560810653,0.15624098124098124,0.15746408313761723,-1.088910789230477,0.7013866673823417,0.16408032534928943,1.0,1.0,1.0,0.526045847882888,-0.07884171951490015,0.5285537543152676,0.5222608002475932,-0.07884171951489982,0.003785047635294747
mega_cap,NORMAL,BEAR,30_50,74,2015-07-08 00:00:00,2026-01-30 00:00:00,0.9962162162162163,0.7383783783783786,0.9962162162162163,0.40646723600456847,0.40789396563300157,0.4023755898755899,0.4080568055087778,-0.4225271729177579,0.7159796592552875,0.14746442636125562,1.0,1.0,1.0,0.8210628006693044,-0.15465994428631524,0.823555693692823,0.8433379598954318,-0.1546599442863158,-0.02227515922612744
mega_cap,NORMAL,BEAR,50_70,60,2015-07-22 00:00:00,2025-03-07 00:00:00,0.9733333333333334,0.7040000000000002,0.9773333333333334,0.48587549558530246,0.45876858788493863,0.6140542328042328,0.5801901117106347,0.0862911332439364,0.6754815674418599,0.14849756445925183,0.9666666666666667,0.9,1.0,0.7937946568728493,-0.076253823865153,0.7982270355330303,1.0523213548849095,-0.076253823865153,-0.2585266980120602
mega_cap,NORMAL,BEAR,70_85,22,2015-07-27 00:00:00,2026-04-14 00:00:00,0.9581818181818182,0.6509090909090908,0.9581818181818182,0.5458952904424884,0.5058852115427961,0.7796717171717172,0.7780327006211372,0.653638728419058,0.5686965517650994,0.23152392162163296,0.9090909090909091,0.8636363636363636,1.0,-0.21826898676026874,-0.07262541198028716,-0.21575210659906663,-0.21733338275225267,-0.0800472862284588,-0.0009356040080160666
mega_cap,NORMAL,BEAR,85_95,2,2026-02-17 00:00:00,2026-04-08 00:00:00,0.8,0.6,0.8,0.6241524808108807,0.5296953627502063,0.8313492063492063,0.8875661375661376,1.4346602811691906,0.4547962595716548,0.3440497341296551,0.5,0.5,1.0,-0.6713982869434455,-3.834482173115106e-05,-0.6525003306839248,-0.8371171112408959,-3.834482173115106e-05,0.16571882429745044
mega_cap,NORMAL,BEAR,raw_fallback,38,2013-07-03 00:00:00,2014-04-17 00:00:00,0.9989473684210527,0.7252631578947366,0.9989473684210527,0.41192025256000064,0.4333834720894211,,,,0.7340454881445061,0.1268258596800241,1.0,1.0,0.0,2.368559231387161,-0.029576845608399127,2.3783763137963976,2.376877148064854,-0.029576845608399016,-0.008317916677693216
mega_cap,NORMAL,BULL,00_30,356,2015-03-04 00:00:00,2026-02-02 00:00:00,0.8289887640449438,0.7738202247191011,0.8388764044943819,0.3161848888282528,0.3520294326164212,0.17020019618334223,0.17757895285445005,-1.049079141082841,0.27486676745616867,0.33309164710569333,0.3398876404494382,0.3202247191011236,1.0,0.304663738066431,-0.14947510647020146,0.3139876554923482,0.40534708534759667,-0.20063091810062939,-0.10068334728116568
mega_cap,NORMAL,BULL,30_50,238,2015-02-03 00:00:00,2026-05-07 00:00:00,0.7697478991596638,0.7366386554621849,0.7710924369747898,0.41794790127823334,0.42252024181284015,0.382703081232493,0.40368663913163455,-0.3754733278642062,0.17054236548316398,0.41088624193245926,0.14285714285714285,0.12184873949579832,1.0,0.14773052696410494,-0.08202915459870486,0.1559367456305576,0.20552373436068194,-0.10460642266687536,-0.05779320739657701
mega_cap,NORMAL,BULL,50_70,190,2015-01-29 00:00:00,2026-04-30 00:00:00,0.7741052631578946,0.7230526315789474,0.7748421052631578,0.47682133422478246,0.4510821944098967,0.5952067669172932,0.5806667469471242,0.07736773050834825,0.20961468025964347,0.38082455355193534,0.18421052631578946,0.1631578947368421,1.0,0.22896782925815384,-0.14301971034888117,0.24074630579379508,0.3121347152355529,-0.1687909319193257,-0.08316688597739907
mega_cap,NORMAL,BULL,70_85,43,2015-05-06 00:00:00,2026-04-27 00:00:00,0.7446511627906978,0.6976744186046511,0.7413953488372093,0.5488446287290996,0.4771255374581382,0.7612126245847175,0.7479517848505731,0.5604737064585478,0.19391674237676823,0.3796857827846086,0.16279069767441862,0.13953488372093023,1.0,0.9512171625186037,-0.04018837086301219,0.997610623930782,1.4756781421677703,-0.0704044053494558,-0.5244609796491666
mega_cap,NORMAL,BULL,raw_fallback,117,2013-07-26 00:00:00,2014-12-11 00:00:00,0.7832478632478631,0.7415384615384615,0.7914529914529912,0.4106730739530336,0.4183427292803612,,,,0.17625388810873738,0.38670022207988575,0.1794871794871795,0.1794871794871795,0.0,0.29085865823911594,-0.08643449038209639,0.30730374175357533,0.35208252722331523,-0.12178601466366723,-0.06122386898419929
mega_cap,NORMAL,NEUTRAL,00_30,32,2015-06-29 00:00:00,2024-05-03 00:00:00,0.995,0.7949999999999999,0.995,0.29350328263826664,0.32560765510129824,0.15600198412698413,0.15937346527927915,-1.124640023390711,0.6522092505015769,0.18298345321567588,1.0,1.0,1.0,1.2609087086064554,-0.0260552997300757,1.2933666236650967,1.2879332198391822,-0.0260552997300757,-0.027024511232726756
mega_cap,NORMAL,NEUTRAL,30_50,23,2015-07-13 00:00:00,2025-02-27 00:00:00,0.9869565217391304,0.7017391304347826,0.9869565217391304,0.4269305529153865,0.4643408595073863,0.3729296066252588,0.39641548429634704,-0.39011592723860916,0.6326289216145033,0.2146647164426469,1.0,0.9565217391304348,1.0,2.1454111216151963,-0.023717553729619367,2.185310854201867,2.1996732144191515,-0.02371755372961948,-0.05426209280395522
mega_cap,NORMAL,NEUTRAL,50_70,36,2015-05-13 00:00:00,2026-04-16 00:00:00,0.9400000000000001,0.6427777777777776,0.9344444444444444,0.522542204749253,0.5026664405307789,0.6121582892416224,0.6102459783015339,0.19712073604052832,0.5763177789288699,0.2023295086783379,0.8333333333333334,0.8055555555555556,1.0,1.5910870647559094,-0.07687436249878499,1.625693932657113,1.5651905070588237,-0.08494100498256185,0.025896557697085765
mega_cap,NORMAL,NEUTRAL,70_85,7,2015-05-12 00:00:00,2026-04-09 00:00:00,0.8314285714285715,0.6599999999999999,0.8314285714285715,0.5510097916637149,0.50592279933628,0.8630952380952381,0.7453934731096862,0.5645204246632599,0.4141521147214469,0.3480354960034739,0.42857142857142855,0.42857142857142855,1.0,4.569680832925433,-0.014219106925695946,4.626913693437851,5.204694819305633,-0.027022510807924283,-0.6350139863802005
mega_cap,NORMAL,NEUTRAL,raw_fallback,24,2013-07-24 00:00:00,2014-04-16 00:00:00,1.0,0.7108333333333333,1.0,0.462386886527141,0.44441141411419927,,,,0.7227888006352411,0.15933644104163666,1.0,1.0,0.0,0.1033224841791045,-0.061372021066393834,0.1033224841791045,0.1033224841791045,-0.061372021066393834,0.0
mega_cap,RISK_OFF,BEAR,50_70,1,2016-05-25 00:00:00,2016-05-25 00:00:00,0.8,0.42,0.8,0.5787550508975983,0.7572924701011426,0.5773809523809523,0.6746031746031746,0.47327208851883423,0.4080014774354877,0.1692334732549407,1.0,0.0,1.0,-0.31001231990515665,0.0,-0.16418857707562273,-0.13984582872113016,0.0,-0.1701664911840265
mega_cap,RISK_OFF,BEAR,70_85,1,2021-03-05 00:00:00,2021-03-05 00:00:00,0.8,0.42,0.8,0.7953714162111283,0.8013055336835821,0.7718253968253969,0.8359788359788359,1.1253003454603934,0.4424295405601264,0.2541357784923833,1.0,0.0,1.0,3068.913796385169,0.0,3694.42318723167,22947.79358093195,0.0,-19878.87978454678
mega_cap,RISK_OFF,BEAR,85_95,9,2015-08-25 00:00:00,2025-05-14 00:00:00,0.47111111111111115,0.4288888888888888,0.47111111111111115,0.7870345966683494,0.7885400754161888,0.9457671957671958,0.9098694524896848,1.621637407018596,0.4547821947706512,0.1596198533210567,0.1111111111111111,0.0,1.0,1.4000571060891933,-0.031788783852293,1.6716110352287568,7.271810566391395,-0.07331046840284372,-5.871753460302202
mega_cap,RISK_OFF,BEAR,95_100,7,2015-09-22 00:00:00,2025-05-02 00:00:00,0.47714285714285726,0.3685714285714286,0.47714285714285726,0.8634527231965746,0.8514495770224271,0.9835600907029479,0.9805424521795743,1.9487639942362627,0.4415426182672064,0.28360078974940195,0.2857142857142857,0.0,1.0,5.232582773170317,-0.0005610826912726408,5.899574166235384,78.29297292622871,-0.001910697305796516,-73.06039015305839
mega_cap,RISK_OFF,BEAR,raw_fallback,5,2013-01-02 00:00:00,2013-02-14 00:00:00,0.648,0.42000000000000004,0.648,0.7911617910861969,0.7999380211609989,,,,0.5235385145985044,0.1178325039460072,0.6,0.0,0.0,0.056170706159685224,-0.001627700151691669,0.22988411397570574,0.09813231179974191,-0.0029333570746528093,-0.04196160564005669
mega_cap,RISK_OFF,BULL,85_95,13,2020-07-28 00:00:00,2021-02-26 00:00:00,0.3461538461538462,0.3461538461538461,0.3461538461538462,0.8592375177603503,0.8585598586510123,0.8786630036630036,0.9188034188034186,1.6168070647295987,0.39868255745055303,0.319544676803939,0.0,0.0,1.0,0.6010852353780012,-0.008290317559927485,0.6336003063337119,3.0525167546083676,-0.02089359736741425,-2.4514315192303666
mega_cap,RISK_OFF,BULL,95_100,39,2020-02-25 00:00:00,2020-11-12 00:00:00,0.3174358974358976,0.3174358974358976,0.3174358974358976,0.9175100026986538,0.9028433516076431,0.9717643467643472,0.9811762311762309,2.188198389269305,0.15823642426534515,0.6667350811328377,0.0,0.0,1.0,-0.03339815030684512,-0.05278026434586336,-0.028907057684750548,-0.009615270008541454,-0.14568067687113784,-0.023782880298303666
mega_cap,RISK_OFF,NEUTRAL,85_95,6,2020-11-10 00:00:00,2020-11-20 00:00:00,0.3000000000000001,0.3,0.3000000000000001,0.9089185024301211,0.9117983108708435,0.9160052910052912,0.9440035273368607,1.8891812692340304,0.718383386643501,0.19220008209015305,0.0,0.0,1.0,-0.32242312508360116,-0.013812048901259755,-0.32242312508360116,-0.8001057339176938,-0.04640263071358075,0.47768260883409264
mega_cap,RISK_OFF,NEUTRAL,95_100,3,2019-06-04 00:00:00,2020-11-09 00:00:00,0.3400000000000001,0.34,0.3400000000000001,0.8875063955783845,0.8666992980891256,0.976851851851852,0.9845679012345679,2.1046512433893105,0.4090459907329813,0.4208352996231657,0.0,0.0,1.0,2.191685406842765,-0.0019107918739446061,2.2454300269235286,37.11164887215585,-0.001136122967981601,-34.91996346531308
mega_cap,WATCH,BEAR,30_50,22,2015-10-13 00:00:00,2023-01-31 00:00:00,0.9454545454545454,0.6027272727272727,0.9636363636363636,0.4843223961239511,0.5856527105125223,0.4281204906204907,0.41478576978576986,-0.28913313563406295,0.7348688205948782,0.09418187922912628,1.0,0.9090909090909091,1.0,0.9720966007338141,-0.047219202951527484,1.0197084742618903,0.7596348596498019,-0.04926407357600926,0.21246174108401217
mega_cap,WATCH,BEAR,50_70,40,2015-10-14 00:00:00,2025-06-30 00:00:00,0.892,0.5900000000000001,0.892,0.5691512590274215,0.6096261120475543,0.6046626984126984,0.6132803949761867,0.29988448978269594,0.6096736672909036,0.13209589776535058,0.8,0.775,1.0,1.0875062344685347,-0.05556689099576306,1.1274177918100294,1.6000543715921385,-0.06114899459848755,-0.5125481371236038
mega_cap,WATCH,BEAR,70_85,60,2015-07-30 00:00:00,2026-03-31 00:00:00,0.8986666666666667,0.5800000000000001,0.9086666666666667,0.6482595935463906,0.6265257831907395,0.7951719576719577,0.7775674561106374,0.8494890781261865,0.6394188091684238,0.1479125425612164,0.9166666666666666,0.7666666666666667,1.0,-0.046487059875033876,-0.10392594342898542,-0.03400818972093478,-0.0588511768066452,-0.12482093653343185,0.012364116931611324
mega_cap,WATCH,BEAR,85_95,43,2015-08-03 00:00:00,2026-03-30 00:00:00,0.812093023255814,0.568372093023256,0.8306976744186046,0.6715094478670941,0.6282865011065006,0.8966408268733851,0.887994943084619,1.3865908380025076,0.5140823147471231,0.24972184437984804,0.7441860465116279,0.5116279069767442,1.0,-0.48360535886704636,-0.18661668242833418,-0.4731654418282639,-0.5527126739147291,-0.2138189627080761,0.06910731504768275
mega_cap,WATCH,BEAR,95_100,3,2015-12-17 00:00:00,2025-04-04 00:00:00,0.7066666666666667,0.52,0.7066666666666667,0.8051196614901226,0.7129406036101305,0.9861111111111112,0.9706866958877683,1.8568493730194213,0.38482098942754267,0.3290298524294008,0.6666666666666666,0.0,1.0,-0.8375551608674019,-0.04081325127813329,-0.83070212323628,-0.8502424556627044,-0.04981817733023208,0.012687294795302506
mega_cap,WATCH,BEAR,raw_fallback,31,2013-02-27 00:00:00,2014-02-25 00:00:00,0.9458064516129033,0.5716129032258065,0.9458064516129033,0.6357000786931285,0.6396530983352038,,,,0.6153588120585467,0.10560346875949958,1.0,0.9032258064516129,0.0,-0.5028399212100204,-0.15270794706978685,-0.49764198075603927,-0.4980793007419757,-0.15719105569745617,-0.004760620468044707
mega_cap,WATCH,BULL,00_30,6,2015-03-02 00:00:00,2019-10-15 00:00:00,0.6,0.7400000000000001,0.7400000000000001,0.3573008832832177,0.439278929677036,0.2549603174603175,0.21897918160511598,-0.8774921970116893,0.05586804169978455,0.5824423262254509,0.0,0.0,1.0,-0.33413077254900825,-0.013073277719900966,-0.33413077254900825,-0.5230593939237478,-0.02289248629744378,0.18892862137473954
mega_cap,WATCH,BULL,30_50,47,2015-02-05 00:00:00,2023-03-03 00:00:00,0.6276595744680853,0.635744680851064,0.6634042553191491,0.45763464237147194,0.5239907465712599,0.457404593042891,0.4313816302858352,-0.27777853719603157,0.1313616023035511,0.5039035944261747,0.0851063829787234,0.06382978723404255,1.0,-0.1825419215895172,-0.06869494227895367,-0.1758445747603381,-0.25826056011559084,-0.1125536991712538,0.07571863852607363
mega_cap,WATCH,BULL,50_70,133,2015-01-13 00:00:00,2025-10-20 00:00:00,0.6409022556390979,0.6051127819548872,0.6517293233082707,0.5461425213213253,0.5611015250771619,0.6112752118391215,0.6153773027033004,0.2825259134894278,0.1710558977802158,0.4304126977012206,0.13533834586466165,0.11278195488721804,1.0,-0.2838325139389992,-0.17634123812726765,-0.2805156532319639,-0.3758288343936973,-0.23650922949054543,0.09199632045469808
mega_cap,WATCH,BULL,70_85,122,2015-01-02 00:00:00,2026-02-26 00:00:00,0.6172131147540981,0.59327868852459,0.6203278688524587,0.6267582300012228,0.6010720927569343,0.7970823575331772,0.7659304111861046,0.7758108739160535,0.13674692156205545,0.458585295483431,0.09016393442622951,0.04918032786885246,1.0,0.040159472732390844,-0.13146764848490156,0.048917237662224444,-0.02129868371164767,-0.22734263806246668,0.061458156444038514
mega_cap,WATCH,BULL,85_95,45,2015-01-06 00:00:00,2024-08-09 00:00:00,0.600888888888889,0.5751111111111112,0.5955555555555556,0.7078309967451627,0.6297603953289633,0.8696649029982364,0.8864059897060833,1.4039598220229697,0.1345334523767755,0.5112644094294312,0.06666666666666667,0.022222222222222223,1.0,-0.053940766024379916,-0.10149552480427759,-0.047649604649483646,0.016669346628568338,-0.15847839716788026,-0.07061011265294825
mega_cap,WATCH,BULL,95_100,7,2016-11-14 00:00:00,2020-09-03 00:00:00,0.5885714285714286,0.5314285714285715,0.5314285714285715,0.8278868624142238,0.6813035489897504,0.9744897959183673,0.9822373393801964,2.1248055197314684,0.08146521943016337,0.5565172863516331,0.0,0.0,1.0,-0.567584730244021,-0.047447386679098646,-0.5650669762772018,-0.8285010780009482,-0.0826168935023156,0.2609163477569272
mega_cap,WATCH,BULL,raw_fallback,78,2013-06-05 00:00:00,2014-12-31 00:00:00,0.6184615384615386,0.6028205128205129,0.6253846153846154,0.571394821199087,0.5739521579980348,,,,0.12252569080499597,0.48897102945806364,0.05128205128205128,0.05128205128205128,0.0,0.27455790465187624,-0.037918216684962536,0.2758671450170256,0.43959939513679247,-0.06790046065944144,-0.16504149048491623
mega_cap,WATCH,NEUTRAL,00_30,1,2020-04-14 00:00:00,2020-04-14 00:00:00,0.6,0.6,0.8,0.3564536452293396,0.5399385539291868,0.29365079365079366,0.2962962962962963,-0.7466174297793039,0.4225446679327907,0.1805444927037479,1.0,0.0,1.0,2.5404488296762957,0.0,2.5404488296762957,6.348215680926801,0.0,-3.807766851250505
mega_cap,WATCH,NEUTRAL,30_50,4,2016-11-30 00:00:00,2022-10-28 00:00:00,0.88,0.6,0.9299999999999999,0.4788178518414497,0.5747962527420604,0.40128968253968256,0.4573412698412698,-0.21785788186590907,0.6541886123331989,0.21260560812635376,1.0,0.75,1.0,-0.5614281560862511,-0.035021289291175095,-0.5591704179378395,-0.5352031628939293,-0.03562801828101281,-0.026224993192321744
mega_cap,WATCH,NEUTRAL,50_70,10,2015-01-27 00:00:00,2026-02-25 00:00:00,0.734,0.592,0.7779999999999999,0.5717218235135079,0.5709624311756827,0.6047619047619047,0.6168481196074558,0.27814377762473297,0.3761146799933674,0.31259473843863056,0.6,0.3,1.0,0.5689540967568794,-0.018867477507382158,0.6024656147021057,0.02764677995106246,-0.03674101285988962,0.5413073168058169
mega_cap,WATCH,NEUTRAL,70_85,8,2015-12-09 00:00:00,2026-02-24 00:00:00,0.735,0.5700000000000001,0.735,0.6341264041140675,0.6090527627602815,0.7817460317460317,0.7778743028743029,0.8140805254974792,0.34913810252441735,0.3989871457902546,0.375,0.375,1.0,-0.49073915473549945,-0.02201469188949634,-0.49073915473549945,-0.6990620994062868,-0.02571200179983768,0.20832294467078738
mega_cap,WATCH,NEUTRAL,85_95,10,2016-04-27 00:00:00,2026-03-03 00:00:00,0.6399999999999999,0.5599999999999999,0.6319999999999999,0.7231327776610852,0.6360719024218598,0.9208333333333334,0.909920634920635,1.578015428194853,0.277271242641571,0.4068363237716536,0.2,0.1,1.0,0.5367768601317837,-0.011641351237209774,0.5585099582815674,1.3197397018874022,-0.016734592147106486,-0.7829628417556185
mega_cap,WATCH,NEUTRAL,95_100,1,2019-05-31 00:00:00,2019-05-31 00:00:00,0.52,0.52,0.52,0.7897890150547028,0.708127741424941,0.9781746031746031,0.9841269841269841,2.153583705689946,0.143917996279821,0.5214084007160718,0.0,0.0,1.0,83.4117437338399,0.0,86.82269203286668,8555.69329523551,0.0,-8472.28155150167
mega_cap,WATCH,NEUTRAL,raw_fallback,2,2013-06-11 00:00:00,2013-06-13 00:00:00,0.96,0.52,0.96,0.652807441353798,0.6585525423861978,,,,0.47767894000268907,0.17467240311473847,1.0,1.0,0.0,4.02922105071625,0.0,4.02922105071625,4.282472434250041,0.0,-0.25325138353379106
sector_etf,CUSTOM,BEAR,30_50,2,2024-12-02 00:00:00,2025-05-22 00:00:00,0.8,0.63,0.8,0.5115693405270577,0.5837352847826076,0.5912698412698413,0.45899470899470896,-0.18878103030270535,0.545852600112723,0.16951986689445414,1.0,0.0,1.0,115.94575410996966,0.0,115.94575410996966,321.2744119516758,0.0,-205.32865784170616
sector_etf,CUSTOM,BEAR,50_70,35,2020-04-06 00:00:00,2025-05-08 00:00:00,0.814857142857143,0.5085714285714286,0.7891428571428573,0.6799118803654399,0.714972476863385,0.681689342403628,0.6526832955404385,0.5796843364534717,0.5847426997618775,0.18364387212867364,0.9714285714285714,0.0,1.0,0.46281103619595276,-0.127155798788246,0.46281103619595276,0.8298529608450935,-0.12963820259629144,-0.36704192464914076
sector_etf,CUSTOM,BEAR,70_85,95,2018-12-03 00:00:00,2025-05-06 00:00:00,0.7130526315789472,0.44315789473684225,0.7319999999999998,0.7817283979528827,0.7804369804356104,0.7966583124477858,0.7808688387635756,1.0893926550369362,0.6186653204874506,0.1502284707943503,0.8210526315789474,0.0,1.0,0.08352328979484391,-0.19111399318702293,0.08352328979484391,0.09184951978593214,-0.24568996477829286,-0.00832622999108823
sector_etf,CUSTOM,BEAR,85_95,129,2015-08-04 00:00:00,2025-04-03 00:00:00,0.542015503875969,0.4158139534883721,0.5548837209302325,0.837260277280512,0.823406116803086,0.9259413067552602,0.9101820763572787,1.5778928827869734,0.7019305114576296,0.11880312313686921,0.37209302325581395,0.0,1.0,-0.05281444621684428,-0.12358066274024371,-0.05281444621684428,-0.13768634942930524,-0.19419342831697028,0.08487190321246096
sector_etf,CUSTOM,BEAR,95_100,49,2015-05-12 00:00:00,2024-09-13 00:00:00,0.5461224489795918,0.39836734693877557,0.5044897959183675,0.8692565759833977,0.8267760705908036,0.9813735017816649,0.9781631122099493,2.063999240669403,0.6954972779786567,0.1020381336118037,0.30612244897959184,0.0,1.0,-0.22141719033617702,-0.133525101899591,-0.22141719033617702,-0.3259087851712409,-0.2487781774983835,0.10449159483506387
sector_etf,CUSTOM,BEAR,raw_fallback,9,2013-08-27 00:00:00,2014-10-27 00:00:00,0.8066666666666666,0.6333333333333333,0.82,0.5236187744057841,0.5338505625217278,,,,0.3824709020763905,0.20288179363478176,0.6666666666666666,0.0,0.0,4.015217209672981,-0.011486222028471382,4.015217209672981,6.833493827918208,-0.014330794687603565,-2.8182766182452266
sector_etf,CUSTOM,BULL,00_30,396,2016-11-30 00:00:00,2026-05-07 00:00:00,0.8245959595959597,0.8273232323232323,0.8287878787878787,0.2726045767767261,0.28129812212198413,0.13099246432579767,0.15223331195553416,-1.1573462938204822,0.09143439220389155,0.34068203422875964,0.022727272727272728,0.0,1.0,0.43367965951972454,-0.13675823881732518,0.43367965951972454,0.5442136220806568,-0.16220791447047012,-0.11053396256093229
sector_etf,CUSTOM,BULL,30_50,200,2015-02-27 00:00:00,2026-05-04 00:00:00,0.8193,0.7957000000000001,0.8004000000000001,0.34315174949727945,0.32865660915658096,0.30234126984126986,0.38576944102774363,-0.5249761982985431,0.09677614684594037,0.3523966109150027,0.05,0.0,1.0,0.2612898002015791,-0.17328602262610882,0.2612898002015791,0.3419733228383657,-0.20433520619758616,-0.08068352263678658
sector_etf,CUSTOM,BULL,50_70,89,2015-03-02 00:00:00,2025-10-27 00:00:00,0.8040449438202246,0.7044943820224718,0.7530337078651685,0.47356352227624876,0.44927342906794343,0.5325708935259497,0.5854403927505629,0.11728552578177596,0.20455278996275594,0.3632373748952084,0.24719101123595505,0.0,1.0,0.16530245330608428,-0.09478293664529802,0.16530245330608428,0.0871012664341142,-0.10186402436471531,0.07820118687197009
sector_etf,CUSTOM,BULL,70_85,59,2015-03-03 00:00:00,2023-01-04 00:00:00,0.6603389830508475,0.5457627118644068,0.6566101694915255,0.6479453006664575,0.6475160376157658,0.7551789077212806,0.774237804401225,0.886445766226299,0.3231073111357092,0.3078951519225402,0.3389830508474576,0.0,1.0,0.1555761766019479,-0.06885128485319902,0.1555761766019479,0.3693670143888612,-0.09040483719571135,-0.21379083778691332
sector_etf,CUSTOM,BULL,85_95,35,2015-02-10 00:00:00,2022-01-24 00:00:00,0.5971428571428573,0.4571428571428571,0.5851428571428573,0.8177411982842854,0.7711642393581152,0.926814058956916,0.8965606347364194,1.588515755450248,0.3621572907430926,0.2763767096807197,0.37142857142857144,0.0,1.0,0.0777705943486997,-0.08173133501853935,0.0777705943486997,0.5688688029500029,-0.09903636832415408,-0.49109820860130315
sector_etf,CUSTOM,BULL,95_100,8,2015-02-03 00:00:00,2021-03-12 00:00:00,0.7075,0.44499999999999995,0.7050000000000001,0.8161184608936309,0.7765477011029946,0.9816468253968254,0.9787871478125354,2.602173694540027,0.4589349396014978,0.25176488171587064,0.75,0.0,1.0,0.27790234385596846,-0.019140371151375013,0.27790234385596846,0.6854476271117809,-0.025962944384230524,-0.4075452832558124
sector_etf,CUSTOM,BULL,raw_fallback,415,2013-01-03 00:00:00,2014-12-17 00:00:00,0.8304578313253012,0.849879518072289,0.849879518072289,0.18076646452747192,0.17725721701756897,,,,0.09389449445599671,0.34592643370977244,0.0,0.0,0.0,0.18579497282912016,-0.08096229550014811,0.18579497282912016,0.22160918170712063,-0.09765980301531674,-0.035814208878000464
sector_etf,CUSTOM,NEUTRAL,30_50,4,2018-08-31 00:00:00,2025-05-23 00:00:00,0.8799999999999999,0.7050000000000001,0.75,0.4244678389281034,0.477695802153618,0.4489087301587301,0.3835978835978836,-0.49613012476436086,0.4307410692466572,0.2629529625761143,0.75,0.0,1.0,-0.3612508392556847,-0.013101486242414362,-0.3612508392556847,-0.35608673230724475,-0.0142160023814768,-0.005164106948439939
sector_etf,CUSTOM,NEUTRAL,50_70,6,2019-06-20 00:00:00,2025-05-30 00:00:00,0.6733333333333333,0.5,0.8033333333333333,0.6161821891864141,0.7035081026894433,0.646494708994709,0.6186067019400353,0.36822932424769833,0.5905084276647617,0.17048128431222218,1.0,0.0,1.0,0.47515869291188806,-0.03277353606969491,0.47515869291188806,-0.2837662348705329,-0.058663942090166565,0.7589249277824209
sector_etf,CUSTOM,NEUTRAL,70_85,17,2016-03-03 00:00:00,2024-11-05 00:00:00,0.6670588235294117,0.47411764705882353,0.7294117647058824,0.7361132307964212,0.7502391093830478,0.7407796451914099,0.7740429505135387,1.01440969636466,0.5608008326013285,0.20041124737872842,0.7647058823529411,0.0,1.0,-0.7318846343638656,-0.12752251648840385,-0.7318846343638656,-0.7965085239819388,-0.1575246659892312,0.0646238896180732
sector_etf,CUSTOM,NEUTRAL,85_95,10,2015-10-21 00:00:00,2022-09-13 00:00:00,0.612,0.43,0.6100000000000001,0.8441767236590387,0.8033822365592412,0.9228174603174603,0.9137528665857279,1.6878335442657177,0.6664663440455273,0.0890361964912296,0.5,0.0,1.0,0.6508688688384967,-0.023838057263606327,0.6508688688384967,1.2985514825872726,-0.041807762331321774,-0.6476826137487759
sector_etf,CUSTOM,NEUTRAL,95_100,3,2015-05-11 00:00:00,2019-05-24 00:00:00,0.6,0.4533333333333333,0.5466666666666666,0.8347760796546936,0.7929100538932511,0.9708994708994708,0.9781567281567282,2.089735666948503,0.5921601678332582,0.1867498429024519,0.3333333333333333,0.0,1.0,0.562108076573739,-0.0019259581013271188,0.562108076573739,0.10075933836701934,-0.008567588851547181,0.4613487382067196
sector_etf,CUSTOM,NEUTRAL,raw_fallback,4,2013-08-23 00:00:00,2013-08-29 00:00:00,0.82,0.86,0.86,0.1385378117673099,0.16336827693307426,,,,0.27921936225596855,0.23948281852665176,0.0,0.0,0.0,-0.48972563826028226,-0.0072553571296211095,-0.48972563826028226,-0.5388103729221891,-0.008578482510305685,0.04908473466190688
sector_etf,EXTREME_RISK,BEAR,85_95,3,2018-11-15 00:00:00,2024-09-16 00:00:00,0.3000000000000001,0.3,0.3000000000000001,0.8679113755623499,0.8646371990848932,0.9384920634920634,0.9329805996472663,1.5591687426887588,0.6924253574882179,0.1303196178246271,0.0,0.0,1.0,-0.7687729570053177,-0.0062904375850352245,-0.7542718694470576,-0.9935095296518381,-0.02077126636057436,0.22473657264652047
sector_etf,EXTREME_RISK,BEAR,95_100,6,2015-08-24 00:00:00,2022-06-14 00:00:00,0.3000000000000001,0.3,0.3000000000000001,0.8907666047414144,0.8709806450946315,0.9904100529100529,0.9844472291840712,1.966131064314544,0.7048637926891478,0.09487769636123007,0.0,0.0,1.0,0.4520424968319159,-0.015291959622493523,0.5424275149670803,1.1642600431817618,-0.06025790994096958,-0.7122175463498459
sector_etf,EXTREME_RISK,BULL,85_95,1,2018-04-10 00:00:00,2018-04-10 00:00:00,0.3000000000000001,0.3,0.3000000000000001,0.8810308873653412,0.8605048738770176,0.996031746031746,0.9378306878306878,1.8127373298336604,0.7730966432154215,0.0522131024764727,0.0,0.0,1.0,1.5874869875686186,0.0,1.7481616374233213,109.7205775206205,0.0,-108.13309053305187
sector_etf,EXTREME_RISK,NEUTRAL,95_100,1,2019-05-28 00:00:00,2019-05-28 00:00:00,0.3000000000000001,0.3,0.3000000000000001,0.9175546377897263,0.8704952248529698,1.0,1.0,2.007169173141357,0.5056984467109643,0.2206758254103014,0.0,0.0,1.0,1.7476710714665078,0.0,1.9182507432986058,7.317970617703072,0.0,-5.570299546236564
sector_etf,HIGH_VOL,BEAR,50_70,2,2024-08-20 00:00:00,2024-08-21 00:00:00,0.52,0.56,0.56,0.5720596633851529,0.658856812744255,0.7023809523809523,0.585978835978836,0.20736828375284885,0.36039914360565406,0.4467112310502115,0.0,0.0,1.0,-0.40025544694274573,0.0,-0.40025544694274573,-0.6494900719370742,0.0,0.24923462499432847
sector_etf,HIGH_VOL,BEAR,70_85,3,2022-11-16 00:00:00,2024-08-22 00:00:00,0.52,0.48666666666666664,0.58,0.7834636449813844,0.7226162156218546,0.7559523809523809,0.763668430335097,0.9837484748444756,0.37408869231360536,0.44595789868708097,0.3333333333333333,0.0,1.0,-0.8462192857446679,-0.022101623096958622,-0.8462192857446679,-0.9650303145177194,-0.04127353110847132,0.1188110287730515
sector_etf,HIGH_VOL,BEAR,85_95,3,2024-08-02 00:00:00,2024-08-06 00:00:00,0.52,0.4533333333333333,0.4533333333333333,0.8209843943516414,0.7513900704082491,0.9497354497354497,0.8531746031746033,1.323275814636262,0.30836419874007004,0.3995267556318545,0.0,0.0,1.0,4.658725000909081,-0.015574102117789423,4.658725000909081,52.99153597157994,-0.02785366492103225,-48.33281097067086
sector_etf,HIGH_VOL,BEAR,raw_fallback,1,2014-10-16 00:00:00,2014-10-16 00:00:00,0.52,0.52,0.8,0.7578921586275101,0.6963962853094218,,,,0.4054367133883088,0.1740245943602717,1.0,0.0,0.0,7.849028436678026,0.0,7.849028436678026,51.77377958027472,0.0,-43.924751143596694
sector_etf,HIGH_VOL,BULL,00_30,1,2020-10-06 00:00:00,2020-10-06 00:00:00,0.52,0.6,0.6,0.3393124282360077,0.5391938281624858,0.24404761904761904,0.23677248677248677,-1.0014034218444319,0.1365341162413869,0.6543799958822598,0.0,0.0,1.0,4.812359314973379,0.0,4.812359314973379,21.243243641882465,0.0,-16.430884326909087
sector_etf,HIGH_VOL,BULL,30_50,4,2019-02-13 00:00:00,2022-12-12 00:00:00,0.52,0.56,0.56,0.4751021269708872,0.6306547428800411,0.375,0.4176587301587302,-0.34269863958309316,0.20725455758670128,0.5189101663000096,0.0,0.0,1.0,1.591470070051347,-0.006892112128380479,1.591470070051347,5.765577255689386,-0.015003063203936073,-4.1741071856380385
sector_etf,HIGH_VOL,BULL,50_70,44,2016-07-13 00:00:00,2026-04-07 00:00:00,0.52,0.5454545454545455,0.5454545454545455,0.6187340082770045,0.6728909487989206,0.6649981962481962,0.6455026455026455,0.43261854079240725,0.1863721953473906,0.34488296309417116,0.0,0.0,1.0,0.35581978866690145,-0.038702287920675094,0.35581978866690145,0.7074806700899745,-0.07269406782283727,-0.35166088142307306
sector_etf,HIGH_VOL,BULL,70_85,47,2015-10-30 00:00:00,2026-03-25 00:00:00,0.5199999999999999,0.5187234042553192,0.5187234042553192,0.7040961557563316,0.7061543454018891,0.7414724755150287,0.7603516209118936,0.9205949729387785,0.1706092045991998,0.3995899802923118,0.0,0.0,1.0,0.22763606108883327,-0.04198275923830086,0.22763606108883327,0.6260342486752866,-0.07162985269854794,-0.3983981875864533
sector_etf,HIGH_VOL,BULL,85_95,18,2015-10-29 00:00:00,2026-03-27 00:00:00,0.52,0.49222222222222217,0.49222222222222217,0.7754290286037658,0.7379363524236662,0.8720238095238095,0.8872428809226562,1.4807387343272227,0.20101298299472087,0.43991644283462167,0.0,0.0,1.0,0.5119386840486131,-0.05191093250244605,0.5119386840486131,1.0641125319597258,-0.09407994188762037,-0.5521738479111127
sector_etf,HIGH_VOL,NEUTRAL,50_70,1,2024-08-19 00:00:00,2024-08-19 00:00:00,0.52,0.52,0.52,0.577245806157589,0.701600902521671,0.7142857142857143,0.5965608465608465,0.23162529663404993,0.3521678285307736,0.4393703959624692,0.0,0.0,1.0,6.539160851751404,0.0,6.539160851751404,33.734650035673475,0.0,-27.19548918392207
sector_etf,HIGH_VOL,NEUTRAL,70_85,5,2022-11-18 00:00:00,2026-04-02 00:00:00,0.52,0.48,0.48,0.7340615773200989,0.7392635482599926,0.7083333333333334,0.7841269841269841,1.0525582016613704,0.2637920409717093,0.5189323885502148,0.0,0.0,1.0,11.424255022009378,0.0,11.424255022009378,81.84541239311798,0.0,-70.4211573711086
sector_etf,HIGH_VOL,NEUTRAL,85_95,1,2026-03-30 00:00:00,2026-03-30 00:00:00,0.52,0.52,0.52,0.7762174308300018,0.7346217382263323,0.875,0.9166666666666666,1.5820506998267299,0.2370903676181213,0.5008875451625889,0.0,0.0,1.0,46.09533664222437,0.0,46.09533664222437,1742.8637887780606,0.0,-1696.7684521358362
sector_etf,NORMAL,BEAR,00_30,1,2025-02-25 00:00:00,2025-02-25 00:00:00,0.74,0.74,0.74,0.2487349987030029,0.3936993509909345,0.09523809523809523,0.07671957671957672,-1.3683212018055748,0.3953110068139682,0.392674450929176,0.0,0.0,1.0,-0.9999855959179283,0.0,-0.9999855959179283,-0.9999997280723447,0.0,1.4132154416368614e-05
sector_etf,NORMAL,BEAR,30_50,27,2022-08-02 00:00:00,2025-02-24 00:00:00,0.9844444444444446,0.6362962962962961,0.9866666666666668,0.49641351539779593,0.5196682016419557,0.4927248677248677,0.4242602390750539,-0.2836266560676072,0.5909225951112279,0.23165981502616387,1.0,0.9629629629629629,1.0,-0.3303470513034188,-0.12272365484992787,-0.32934152809477757,-0.2913452049182973,-0.12265150277080517,-0.0390018463851215
sector_etf,NORMAL,BEAR,50_70,18,2018-06-28 00:00:00,2025-03-04 00:00:00,0.9622222222222222,0.6388888888888888,0.9655555555555557,0.5704025103814072,0.5056096463907094,0.6955467372134039,0.5984714873603764,0.2018747486557128,0.5651417494541753,0.22761133471449002,0.9444444444444444,0.8888888888888888,1.0,-0.20620289071898446,-0.05012939335648037,-0.19730887526903762,-0.28897868279225913,-0.05969881821371403,0.08277579207327468
sector_etf,NORMAL,BEAR,70_85,1,2018-08-21 00:00:00,2018-08-21 00:00:00,1.0,0.6,1.0,0.600842148065567,0.5428840339599499,0.8134920634920635,0.7420634920634921,0.5153880048632805,0.7125768680572928,0.1232071478800619,1.0,1.0,1.0,0.3331438655502139,0.0,0.3331438655502139,0.3331438655502139,0.0,0.0
sector_etf,NORMAL,BEAR,raw_fallback,3,2014-10-10 00:00:00,2014-10-14 00:00:00,0.7399999999999999,0.6,0.6,0.7612241129080455,0.6045053128814517,,,,0.3457940733255958,0.16429728896555149,0.0,0.0,0.0,10.398104747242948,0.0,10.398104747242948,23.242789181342037,0.0,-12.844684434099088
sector_etf,NORMAL,BULL,00_30,210,2016-12-09 00:00:00,2026-04-15 00:00:00,0.788,0.7740952380952381,0.8070476190476191,0.2995867719217425,0.359566630076097,0.15972222222222218,0.172461577223482,-1.0796101326239567,0.1815625813531877,0.3718279429863386,0.1619047619047619,0.14761904761904762,1.0,0.7417878213907367,-0.08874193584848789,0.7635671861088116,0.9425726447206006,-0.11212306619262424,-0.20078482332986392
sector_etf,NORMAL,BULL,30_50,289,2015-02-25 00:00:00,2026-04-08 00:00:00,0.7847058823529413,0.7406920415224916,0.7905190311418686,0.39951160704543026,0.4112766570422952,0.37312572087658596,0.39628603932388745,-0.47465533089750556,0.20644298356410337,0.3702521435730137,0.2041522491349481,0.17647058823529413,1.0,-0.20114721367537902,-0.2959384189545534,-0.19459933384974393,-0.23005563864012912,-0.3353541551069149,0.0289084249647501
sector_etf,NORMAL,BULL,50_70,178,2015-02-20 00:00:00,2026-02-03 00:00:00,0.7720224719101124,0.7275280898876404,0.7725842696629214,0.46675267680809746,0.44247217145289564,0.540083823791689,0.5868537734084284,0.07724746713523127,0.17820526063663034,0.3700687177556108,0.16292134831460675,0.15168539325842698,1.0,-0.12602353934611554,-0.1793561861776296,-0.11880012045957022,-0.22672144744574896,-0.2463357941349571,0.10069790809963342
sector_etf,NORMAL,BULL,70_85,55,2015-02-13 00:00:00,2026-02-06 00:00:00,0.7232727272727274,0.6920000000000002,0.7232727272727274,0.5403700987452811,0.47017002356877496,0.6943001443001443,0.7581057995098088,0.6987633649909828,0.17779786630939015,0.41155129053693895,0.09090909090909091,0.09090909090909091,1.0,0.3325548216780576,-0.05619387373943108,0.37573543306922974,0.5171299701742806,-0.08997688314109709,-0.18457514849622303
sector_etf,NORMAL,BULL,85_95,10,2015-01-02 00:00:00,2015-06-26 00:00:00,0.776,0.6980000000000001,0.776,0.5418056620657443,0.471671997946111,0.8875,0.9033309313536403,1.643031813418019,0.28224114974699543,0.2793620084480891,0.3,0.2,1.0,0.1016083071463969,-0.01745749096418625,0.11281127099059285,-0.07058988334036842,-0.021503982111501063,0.17219819048676532
sector_etf,NORMAL,BULL,95_100,4,2015-01-05 00:00:00,2015-04-24 00:00:00,0.76,0.67,0.76,0.6408999722450972,0.46871429437243584,0.9548611111111112,0.9587587307379113,2.3760503253059917,0.21264058651020123,0.2952765976283919,0.25,0.25,1.0,9.100071385287276,0.0,9.591968865806942,24.592531700740103,0.0,-15.492460315452828
sector_etf,NORMAL,BULL,raw_fallback,58,2013-01-02 00:00:00,2014-12-31 00:00:00,0.770689655172414,0.7624137931034484,0.7858620689655174,0.3619757201715277,0.37673923733344133,,,,0.17582740441999936,0.4137729342303832,0.08620689655172414,0.08620689655172414,0.0,0.3911243680742673,-0.05033993144407445,0.40443453076790536,0.4678368323487707,-0.0689192814146361,-0.0767124642745034
sector_etf,NORMAL,NEUTRAL,00_30,12,2021-10-14 00:00:00,2025-02-26 00:00:00,0.9783333333333334,0.7466666666666667,0.9833333333333334,0.3280067203566432,0.40503546221875536,0.19874338624338625,0.19014550264550265,-1.0550509805053465,0.5644651593761215,0.20388307019672017,1.0,0.9166666666666666,1.0,0.7086554864893988,-0.04488867503899929,0.7115447801809385,0.828603163301324,-0.04481182883447832,-0.1199476768119252
sector_etf,NORMAL,NEUTRAL,30_50,16,2018-06-27 00:00:00,2025-05-21 00:00:00,0.96375,0.6875,0.96375,0.44348918749019506,0.46747320065563075,0.41555059523809523,0.40410052910052907,-0.4117330290880441,0.550213056740966,0.19897110023914566,0.9375,0.875,1.0,3.634814958655012,-0.03757806838620392,3.66435133664411,3.440747664040072,-0.04125083898479032,0.19406729461494
sector_etf,NORMAL,NEUTRAL,50_70,12,2017-08-25 00:00:00,2025-01-27 00:00:00,0.9683333333333334,0.705,0.9683333333333334,0.5435150247067213,0.4811624821862499,0.6787367724867726,0.5925925925925927,0.147997216826965,0.5964862708679274,0.19782973105062004,0.9166666666666666,0.9166666666666666,1.0,2.388544823003682,-0.01642282947180207,2.388544823003682,2.079377879998442,-0.021780628085517395,0.30916694300523995
sector_etf,NORMAL,NEUTRAL,70_85,5,2016-05-04 00:00:00,2016-05-23 00:00:00,0.808,0.656,0.808,0.5654750889539718,0.5157753242051315,0.6035714285714286,0.7357142857142857,0.6812034211987548,0.30815934020515245,0.45511176617243904,0.4,0.4,1.0,4.759000092255862,-0.0006209184330944195,5.07552441154125,7.141236843687704,-0.0012736827444764787,-2.382236751431842
sector_etf,NORMAL,NEUTRAL,85_95,4,2015-06-29 00:00:00,2015-07-02 00:00:00,0.74,0.67,0.67,0.6055092789232731,0.4822720048933782,0.8898809523809523,0.9115331746974917,1.7963710924676777,0.21235195960678582,0.3383455722280737,0.0,0.0,1.0,-0.3411007434877432,-0.011478052078265799,-0.3411007434877432,-0.49385654960766945,-0.017683776099904902,0.15275580611992623
sector_etf,NORMAL,NEUTRAL,raw_fallback,2,2014-10-07 00:00:00,2014-10-09 00:00:00,0.74,0.74,0.74,0.5475307665765285,0.4530169164506924,,,,0.22455457128902315,0.1445211524344518,0.0,0.0,0.0,-0.9885240149546354,-0.014823161035712795,-0.9885240149546354,-0.9978864527472138,-0.021223760608930387,0.009362437792578393
sector_etf,RISK_OFF,BEAR,50_70,5,2022-07-13 00:00:00,2024-08-16 00:00:00,0.544,0.44000000000000006,0.744,0.6859005898237229,0.7660139660262963,0.6484126984126984,0.6544973544973545,0.5896847081260004,0.5105030178669909,0.2266184660826544,0.8,0.0,1.0,0.015055580011421155,-0.03842292576689321,0.12008458813351552,0.5003519162503502,-0.053965730363642606,-0.4852963362389291
sector_etf,RISK_OFF,BEAR,70_85,13,2019-01-09 00:00:00,2025-04-09 00:00:00,0.4246153846153847,0.3923076923076923,0.48000000000000004,0.7888530767880954,0.8355756048266435,0.7721306471306472,0.7924297924297924,1.1684300146108066,0.6657478238733107,0.09502968610391517,0.23076923076923078,0.0,1.0,5.579976492018873,-0.005166572808630976,5.970435577485333,34.24607577054278,-0.023593584941899448,-28.66609927852391
sector_etf,RISK_OFF,BEAR,85_95,56,2015-09-25 00:00:00,2025-03-14 00:00:00,0.3214285714285715,0.33642857142857135,0.33642857142857147,0.8587147516863686,0.8650874006168733,0.9145762471655328,0.916137563962897,1.6969597831824292,0.683098987734093,0.09968366042474698,0.0,0.0,1.0,0.10471818413556644,-0.05977084142272815,0.12435491419077516,0.47752441119765887,-0.14351497356809173,-0.37280622706209243
sector_etf,RISK_OFF,BEAR,95_100,90,2015-07-29 00:00:00,2024-09-10 00:00:00,0.30800000000000016,0.308,0.30800000000000016,0.8912478514512382,0.8810329729459242,0.980379188712522,0.982034956849135,2.0314626048438806,0.6432718986864266,0.11186709305404646,0.0,0.0,1.0,0.39496842535677645,-0.033635358324868525,0.412872322413804,1.2631190234752716,-0.10813797034553863,-0.8681505981184952
sector_etf,RISK_OFF,BULL,70_85,7,2018-04-17 00:00:00,2019-08-28 00:00:00,0.5314285714285714,0.4342857142857143,0.6914285714285714,0.7514884612389974,0.8058773495944116,0.8424036281179138,0.7995086923658352,1.1352489205635667,0.749898275377728,0.11035447793845675,0.7142857142857143,0.0,1.0,-0.29666501573872506,-0.005716351376492623,-0.22346796547624326,-0.6324463937603986,-0.010839246488983822,0.3357813780216735
sector_etf,RISK_OFF,BULL,85_95,4,2018-02-15 00:00:00,2021-03-09 00:00:00,0.39,0.42,0.42,0.8321958571672441,0.8090139491524413,0.9325396825396826,0.8842592592592593,1.5199797278497424,0.40618210484318734,0.28480679732428915,0.0,0.0,1.0,7.878306018210248,0.0,8.545039268955245,282.6725492552584,0.0,-274.79424323704814
sector_etf,RISK_OFF,BULL,95_100,1,2019-05-22 00:00:00,2019-05-22 00:00:00,0.42,0.42,0.42,0.8845066368579866,0.8210678123035207,0.9623015873015873,0.9748677248677249,1.8723636053139554,0.4887141641298543,0.240923410630132,0.0,0.0,1.0,-0.6843688095549446,0.0,-0.6135441102717132,-0.8898316666759276,0.0,0.205462857120983
sector_etf,RISK_OFF,NEUTRAL,50_70,1,2024-09-30 00:00:00,2024-09-30 00:00:00,0.8,0.42,0.8,0.7205709159374237,0.7549778755495791,0.8234126984126984,0.6931216931216931,0.7733862896410449,0.5853558924652084,0.2622459841065252,1.0,0.0,1.0,10.26514353239984,0.0,12.617153327550362,28.16073754072632,0.0,-17.89559400832648
sector_etf,RISK_OFF,NEUTRAL,70_85,6,2019-06-10 00:00:00,2024-11-04 00:00:00,0.5266666666666667,0.4366666666666667,0.5466666666666667,0.7541938404242199,0.7934848382531077,0.7222222222222222,0.7685185185185185,0.9881080413608587,0.4635600740592875,0.31132955483251984,0.3333333333333333,0.0,1.0,2.400406538908319,-0.002175827778819417,2.6892963070997693,2.4567206074526236,-0.000918717575737249,-0.05631406854430443
sector_etf,RISK_OFF,NEUTRAL,85_95,11,2015-10-20 00:00:00,2019-06-07 00:00:00,0.36727272727272736,0.3436363636363636,0.3781818181818183,0.8493194097822362,0.8595473726711798,0.908910533910534,0.9043847799166947,1.7051131829490316,0.7147280600700583,0.09820158537366157,0.09090909090909091,0.0,1.0,2.1997309156876397,-0.004752338774812848,2.329676277079186,12.646887551522354,-0.009838554033834712,-10.447156635834714
sector_etf,WATCH,BEAR,30_50,16,2022-07-28 00:00:00,2025-05-15 00:00:00,0.95,0.595,0.95,0.5231353387236596,0.5917978165990753,0.48040674603174605,0.4514715608465608,-0.16377023111816633,0.5655062660878242,0.20455297206176964,0.9375,0.9375,1.0,0.07416534729769952,-0.0718489184450235,0.09184357007573585,0.2118527188108743,-0.0723053837312786,-0.13768737151317478
sector_etf,WATCH,BEAR,50_70,49,2018-10-05 00:00:00,2025-05-09 00:00:00,0.9485714285714286,0.5689795918367347,0.9485714285714286,0.6313359266945294,0.6281388465851453,0.6205458373825721,0.6003671309793759,0.34735210870740385,0.563866582688974,0.19660806712281237,0.9795918367346939,0.9183673469387755,1.0,3.045448591489838,-0.07760863017065589,3.1086120869693916,3.3450829799575876,-0.0805904911955897,-0.2996343884677497
sector_etf,WATCH,BEAR,70_85,15,2016-01-06 00:00:00,2024-11-18 00:00:00,0.7520000000000001,0.5679999999999998,0.7786666666666668,0.6639499453703563,0.6109868325475915,0.7555555555555556,0.7640211640211639,0.8514432698312877,0.4473754316384723,0.3306526605628495,0.6666666666666666,0.26666666666666666,1.0,-0.4160033048231707,-0.03594487181335981,-0.3993761433434644,-0.6104899783038121,-0.05367526513767806,0.19448667348064141
sector_etf,WATCH,BEAR,85_95,18,2015-07-06 00:00:00,2025-03-10 00:00:00,0.8244444444444444,0.56,0.8577777777777779,0.7176504267586603,0.6516712737093401,0.9071869488536155,0.906814014872896,1.7310168228769651,0.5273891640994971,0.2078656595374613,0.8888888888888888,0.5,1.0,-0.38863535013066075,-0.05171910962219406,-0.36787595108498927,-0.4956341514991581,-0.05514768499590228,0.10699880136849738
sector_etf,WATCH,BEAR,95_100,7,2015-05-06 00:00:00,2016-01-13 00:00:00,0.9142857142857143,0.5542857142857143,0.9142857142857143,0.7277830362319948,0.6618628041997573,0.9560657596371883,0.9651892675889603,2.253152551431173,0.638899079122213,0.12133448252315907,1.0,0.7142857142857143,1.0,-0.5312008470819249,-0.047578939112047136,-0.5186027878150583,-0.6782751705060661,-0.05845385546573334,0.14707432342414117
sector_etf,WATCH,BEAR,raw_fallback,3,2014-10-15 00:00:00,2014-10-30 00:00:00,0.7600000000000001,0.5466666666666667,0.7600000000000001,0.7254749963680903,0.6766123516122944,,,,0.43057982732432415,0.1694538120951975,0.6666666666666666,0.3333333333333333,0.0,21.811712372811208,0.0,23.775495664235496,68.03793751931745,0.0,-46.226225146506245
sector_etf,WATCH,BULL,00_30,11,2018-01-02 00:00:00,2026-04-14 00:00:00,0.5999999999999999,0.7272727272727273,0.7272727272727273,0.31731285987929864,0.4452340909541404,0.1628787878787879,0.18674843674843677,-1.0245496819031388,0.22642661843660045,0.3583709652614844,0.0,0.0,1.0,2.763978155652973,-0.0011317321945434333,2.763978155652973,8.384825791621436,-0.0020571278223618927,-5.620847635968463
sector_etf,WATCH,BULL,30_50,74,2015-04-10 00:00:00,2026-04-09 00:00:00,0.6356756756756756,0.648918918918919,0.6867567567567567,0.44561535272545905,0.5201848990369458,0.3988899613899614,0.41715455134894713,-0.37755047166511024,0.16924215733455586,0.35615091395012993,0.0945945945945946,0.0945945945945946,1.0,0.05368666562296931,-0.08361753221137014,0.05803307228955257,0.013293789916258403,-0.14044759695541054,0.04039287570671091
sector_etf,WATCH,BULL,50_70,133,2015-04-13 00:00:00,2026-02-12 00:00:00,0.6451127819548873,0.6091729323308271,0.6560902255639097,0.5580162699733462,0.5674282370650827,0.6171977562955007,0.6076101747845004,0.22768423169929655,0.16898991065623395,0.3671011790900797,0.12781954887218044,0.12030075187969924,1.0,0.12997003808309993,-0.20969762242824141,0.13577797205958975,0.38980313826491053,-0.2724047528518514,-0.2598331001818106
sector_etf,WATCH,BULL,70_85,117,2015-04-09 00:00:00,2026-03-02 00:00:00,0.6037606837606834,0.5880341880341876,0.6123076923076918,0.6453275128944308,0.6006036506643336,0.7372134038800705,0.7647820170961173,0.8391055955299006,0.17233326566324875,0.3866429660809104,0.07692307692307693,0.03418803418803419,1.0,0.004531151883622853,-0.1264623977228838,0.012403873400488319,0.02177075222165481,-0.1943772615101903,-0.017239600338031957
sector_etf,WATCH,BULL,85_95,39,2015-01-08 00:00:00,2026-03-06 00:00:00,0.6692307692307694,0.558974358974359,0.6697435897435897,0.7147982211449209,0.6461458631628181,0.8954517704517705,0.8976517161872516,1.639264539243393,0.2969095667057825,0.29686608354561705,0.3333333333333333,0.15384615384615385,1.0,-0.5457583942127692,-0.12293396608326657,-0.5358474120380524,-0.6708969801304978,-0.18171741011614628,0.12513858591772864
sector_etf,WATCH,BULL,95_100,20,2015-01-06 00:00:00,2015-05-14 00:00:00,0.64,0.588,0.65,0.6780878370255233,0.6073587322906207,0.9700396825396824,0.9719844998907989,2.714195379209664,0.23482431707935164,0.30197122678901767,0.2,0.05,1.0,0.7728469144363499,-0.010021484161089389,0.790735411445826,1.5125767638308756,-0.02153640578772975,-0.7397298493945257
sector_etf,WATCH,BULL,raw_fallback,9,2014-10-28 00:00:00,2014-11-10 00:00:00,0.9777777777777779,0.5911111111111111,0.9777777777777779,0.5494037682811419,0.5988905434387785,,,,0.4922423255435715,0.1487157116101798,1.0,1.0,0.0,0.6237168601123462,-0.01736577716328558,0.6422137749467314,0.6891172690221561,-0.01755195871066495,-0.06540040890980992
sector_etf,WATCH,NEUTRAL,30_50,5,2019-06-24 00:00:00,2025-05-14 00:00:00,0.9359999999999999,0.6,0.9359999999999999,0.4696513557434082,0.5875840184970137,0.49682539682539684,0.43148148148148147,-0.3300874913603372,0.5383828754788273,0.21538658132487196,1.0,0.8,1.0,-0.5289339431719522,-0.04435176333868707,-0.519265000562269,-0.46935448751268216,-0.04338528129662511,-0.05957945565927003
sector_etf,WATCH,NEUTRAL,50_70,19,2016-05-18 00:00:00,2025-02-05 00:00:00,0.9515789473684212,0.583157894736842,0.9515789473684212,0.6137762363804015,0.6098979611473355,0.6784670008354218,0.6322751322751322,0.38923534797304293,0.5884641501492226,0.18846980965433838,0.9473684210526315,0.9473684210526315,1.0,0.37219302562439416,-0.06457319075662415,0.40754554895064654,0.5987364193731277,-0.06749041417633073,-0.22654339374873356
sector_etf,WATCH,NEUTRAL,70_85,13,2016-03-08 00:00:00,2024-10-31 00:00:00,0.7523076923076922,0.5630769230769229,0.7676923076923077,0.6580894213456374,0.6286427886189141,0.6997863247863249,0.7496947496947498,0.810299448703,0.45626601165830216,0.29677439599831124,0.6153846153846154,0.3076923076923077,1.0,4.6699233318667535,-0.010298263167836219,4.855459861014279,7.01264143079856,-0.023305002123163887,-2.3427180989318064
sector_etf,WATCH,NEUTRAL,85_95,1,2019-08-05 00:00:00,2019-08-05 00:00:00,0.6,0.6,0.6,0.8588426768779756,0.6221282828009128,0.8571428571428571,0.9047619047619048,1.6595805666393997,0.1795192396760279,0.5437863613199878,0.0,0.0,1.0,1.6161864647614665,0.0,1.6161864647614665,3.894200333643136,0.0,-2.2780138688816693
sector_etf,WATCH,NEUTRAL,95_100,3,2015-05-05 00:00:00,2015-05-08 00:00:00,0.96,0.5466666666666667,0.96,0.7269278049468996,0.6573350232438728,0.9669312169312169,0.9717378729288613,2.551912954969175,0.7229123931239831,0.11790628051171659,1.0,1.0,1.0,0.20538089121514758,-0.008664233616665684,0.20538089121514758,0.22822359919610125,-0.00904892318805528,-0.02284270798095367
