ticker,allocation_regime,mid_trend_state,ph_rank_bin_756,count,start_date,end_date,avg_stock_weight,avg_base_signal_stock_weight,avg_signal_stock_weight,avg_ph_raw,avg_ph_ewma,avg_ph_rank_504,avg_ph_rank_756,avg_ph_z_756,avg_up_strength_score,avg_down_strength_score,offensive_activation_rate,tier3_rate,ph_context_available_rate_756,strategy_ann_return,strategy_mdd,strategy_gross_ann_return,bh_ann_return,bh_mdd,bh_gap_ann_return
AAPL,CUSTOM,BEAR,00_30,4,2018-02-02 00:00:00,2021-10-04 00:00:00,0.9249999999999999,0.7599999999999999,0.805,0.3041124159470201,0.36852602621837405,0.1483134920634921,0.1478174603174603,-1.1185970280308424,0.4111261108096643,0.30537221865196496,1.0,0.0,1.0,-0.18118619906770095,-0.04647543456268599,-0.18118619906770095,-0.1355765718684624,-0.04833458389521861,-0.045609627199238556
AAPL,CUSTOM,BEAR,30_50,4,2016-05-26 00:00:00,2026-01-23 00:00:00,0.8400000000000001,0.685,0.8,0.40301856230944394,0.47328417140678325,0.3933531746031746,0.4401455026455026,-0.26735117012134185,0.4309416381088505,0.2657074860218902,1.0,0.0,1.0,11.688166421005558,0.0,11.688166421005558,19.159716131853717,0.0,-7.4715497108481586
AAPL,CUSTOM,BEAR,50_70,29,2021-03-23 00:00:00,2026-01-21 00:00:00,0.760689655172414,0.5144827586206897,0.8000000000000003,0.6385731778268157,0.705030771233879,0.6242474001094691,0.6247035212552454,0.41167827158983755,0.7280016459566171,0.1013713347287074,1.0,0.0,1.0,0.1194588804840988,-0.09807204742984399,0.1194588804840988,0.01068622929609453,-0.12280588439925288,0.10877265118800428
AAPL,CUSTOM,BEAR,70_85,87,2015-09-24 00:00:00,2025-06-26 00:00:00,0.7756321839080457,0.4751724137931037,0.7816091954022986,0.742527868418858,0.7504021364935767,0.8123745666849116,0.7936179295356964,1.0326006852087428,0.6772280879621547,0.1119216403374982,0.9425287356321839,0.0,1.0,-0.16747760077737195,-0.23311352360169368,-0.16747760077737195,-0.17108758690351245,-0.287952191417963,0.0036099861261404964
AAPL,CUSTOM,BEAR,85_95,123,2015-08-07 00:00:00,2026-03-18 00:00:00,0.6943089430894308,0.44780487804878055,0.6917073170731707,0.7767475727854706,0.766330838789701,0.9269905794296038,0.8980483190105394,1.5362350258013957,0.5502042377286874,0.1443454243335707,0.6991869918699187,0.0,1.0,0.13691603527608298,-0.09512238220561786,0.13691603527608298,-0.11038460998316912,-0.17292860144511635,0.2473006452592521
AAPL,CUSTOM,BEAR,95_100,72,2015-08-21 00:00:00,2025-05-27 00:00:00,0.5699999999999998,0.4255555555555555,0.5677777777777777,0.8213539608650738,0.80193424609127,0.9885361552028219,0.9816023148146158,1.9283392384755638,0.38318795609642997,0.1910656049146301,0.3888888888888889,0.0,1.0,-0.09151973149073556,-0.15049691483763616,-0.09151973149073556,-0.21418255715033552,-0.2842357689834025,0.12266282565959996
AAPL,CUSTOM,BEAR,raw_fallback,75,2013-01-03 00:00:00,2013-05-20 00:00:00,0.7565333333333331,0.45733333333333337,0.7594666666666665,0.7597484881480535,0.7599785174970891,,,,0.6353906779888433,0.11482788238183785,0.8933333333333333,0.0,0.0,-0.2891666607555613,-0.15758617631573701,-0.2891666607555613,-0.3720809599515146,-0.20420467982494728,0.08291429919595328
AAPL,CUSTOM,BULL,00_30,434,2015-04-17 00:00:00,2026-02-06 00:00:00,0.8287096774193549,0.8269124423963133,0.8289861751152074,0.26817503387820885,0.27409167355799485,0.13153756126106356,0.11997942011797755,-1.2288703983759275,0.14427676616792656,0.3191323624103153,0.15898617511520738,0.0,1.0,0.20605590364440318,-0.10161860488136143,0.20605590364440318,0.24878252710780369,-0.12532338763353879,-0.042726623463400504
AAPL,CUSTOM,BULL,30_50,85,2015-02-02 00:00:00,2026-02-11 00:00:00,0.8390588235294113,0.7736470588235294,0.8028235294117643,0.3975646810584208,0.3643821402652564,0.3881419234360411,0.37543579315926046,-0.47893335222185907,0.18888451944407542,0.3351569825663671,0.3058823529411765,0.0,1.0,-0.4572811910900293,-0.2065189940677329,-0.4572811910900293,-0.5347130657788437,-0.24872210253699834,0.0774318746888144
AAPL,CUSTOM,BULL,50_70,51,2015-01-30 00:00:00,2026-04-20 00:00:00,0.8109803921568629,0.7007843137254902,0.7388235294117645,0.5087627307895352,0.4607069012154556,0.5885465297230003,0.5938546682474067,0.16003511648701907,0.20732157368815576,0.364088110764407,0.2549019607843137,0.0,1.0,0.8226548714644244,-0.039537054999045695,0.8226548714644244,0.9634729477311255,-0.0442991180472182,-0.14081807626670106
AAPL,CUSTOM,BULL,70_85,33,2015-11-05 00:00:00,2022-01-25 00:00:00,0.6254545454545455,0.5303030303030302,0.5624242424242424,0.6708450675913781,0.6661604330923814,0.7528860028860028,0.762900226020314,0.7923100331913561,0.18745846637383445,0.3722693056767539,0.15151515151515152,0.0,1.0,-0.08118550061554375,-0.051947909646845924,-0.08118550061554375,0.07702036499608234,-0.0663965694009162,-0.15820586561162608
AAPL,CUSTOM,BULL,85_95,12,2020-02-03 00:00:00,2021-02-08 00:00:00,0.4533333333333333,0.4633333333333333,0.4633333333333333,0.7866291128098964,0.7574804620709988,0.835813492063492,0.886904761904762,1.3412361900876322,0.08538706296019666,0.4220695245403134,0.0,0.0,1.0,3.939632313942731,-0.0071912082556047086,3.939632313942731,30.52012255323643,-0.01512718396903856,-26.5804902392937
AAPL,CUSTOM,BULL,95_100,12,2020-02-28 00:00:00,2020-09-14 00:00:00,0.42,0.39999999999999997,0.39999999999999997,0.8537920008103055,0.8291242715357973,0.9875992063492064,0.9917328042328041,2.2348528442078752,0.05833339790254536,0.5661349221055548,0.0,0.0,1.0,-0.1876836191129636,-0.05950976209981673,-0.1876836191129636,-0.6426533869612291,-0.15055358547195608,0.4549697678482655
AAPL,CUSTOM,BULL,raw_fallback,129,2013-05-23 00:00:00,2014-12-03 00:00:00,0.8226356589147287,0.7894573643410853,0.8103875968992249,0.33708895033644154,0.3308165066214158,,,,0.09733520049347963,0.29852355640102496,0.07751937984496124,0.0,0.0,0.245980108434116,-0.09798891472357618,0.245980108434116,0.23687136917661156,-0.12163009306147499,0.009108739257504439
AAPL,CUSTOM,NEUTRAL,00_30,8,2019-06-17 00:00:00,2026-02-03 00:00:00,0.82,0.7949999999999999,0.84,0.2964538390748202,0.33727331109360487,0.15054563492063494,0.17972883597883596,-1.0177685704097148,0.373926437082437,0.33263810343590877,0.875,0.0,1.0,5.7878875198001065,-0.0018980080286774559,5.7878875198001065,8.527181181668878,-0.002263332442669963,-2.7392936618687713
AAPL,CUSTOM,NEUTRAL,30_50,8,2019-03-04 00:00:00,2021-06-03 00:00:00,0.82,0.6875,0.82,0.4691541003063321,0.49712560300524616,0.3695436507936508,0.4001322751322751,-0.30701477637140984,0.25820432041620367,0.3816639127246526,1.0,0.0,1.0,-0.01682196883427689,-0.02223978424252826,-0.01682196883427689,-0.05157553516151148,-0.026741901982350602,0.034753566327234586
AAPL,CUSTOM,NEUTRAL,50_70,19,2015-01-21 00:00:00,2026-04-21 00:00:00,0.8694736842105263,0.6778947368421053,0.771578947368421,0.5091519391850421,0.48387762064007306,0.6711570593149542,0.6065891472868218,0.18980721920463114,0.3360170229513416,0.31991660832665536,0.5263157894736842,0.0,1.0,2.1704410832077143,-0.0628017436377305,2.1704410832077143,2.3330516909517836,-0.07777852305392263,-0.1626106077440692
AAPL,CUSTOM,NEUTRAL,70_85,2,2018-02-22 00:00:00,2019-06-10 00:00:00,0.62,0.56,0.71,0.5977256923913956,0.6237325379884082,0.8224206349206349,0.783068783068783,0.7516857335770354,0.2729298153103842,0.3007027044205389,0.5,0.0,1.0,6.378415483007022,-0.000343214806703962,6.378415483007022,6.887995126530455,-0.0031825581047909557,-0.5095796435234323
AAPL,CUSTOM,NEUTRAL,85_95,2,2019-06-06 00:00:00,2019-06-07 00:00:00,0.42,0.47,0.47,0.7225052624940873,0.7483292774562795,0.8888888888888888,0.9193121693121693,1.6721744304728667,0.22708655276475398,0.43500408398475066,0.0,0.0,1.0,1.8712881154980647,0.0,1.8712881154980647,20.128734608927815,0.0,-18.25744649342975
AAPL,CUSTOM,NEUTRAL,95_100,2,2019-06-05 00:00:00,2020-03-09 00:00:00,0.42,0.42,0.42,0.7999934330582619,0.7883762016048333,0.9742063492063493,0.9814814814814814,2.09617002119112,0.14243822867211187,0.4427664890506182,0.0,0.0,1.0,-0.5249143494038355,-0.01830486515787144,-0.5249143494038355,-0.6814394449214065,-0.03473074691258682,0.156525095517571
AAPL,CUSTOM,NEUTRAL,raw_fallback,5,2013-05-21 00:00:00,2014-04-23 00:00:00,0.8480000000000001,0.6279999999999999,0.792,0.6001990264654159,0.5383949169827306,,,,0.499595421042172,0.2708635879631255,0.6,0.0,0.0,1.0712601728169342,-0.0017030757324913992,1.0712601728169342,1.1941099565876043,-0.0019371582206930693,-0.12284978377067013
AAPL,EXTREME_RISK,BULL,95_100,1,2020-09-15 00:00:00,2020-09-15 00:00:00,0.3000000000000001,0.3,0.3000000000000001,0.9238993406295776,0.8918831538567353,0.996031746031746,0.9973544973544973,2.368172833523479,0.0366261683524724,0.8102463275994929,0.0,0.0,1.0,-0.7084957540092741,0.0,-0.6902319421779785,-0.9826697518092801,0.0,0.27417399780000595
AAPL,HIGH_VOL,BEAR,50_70,4,2016-02-17 00:00:00,2016-02-29 00:00:00,0.52,0.56,0.6100000000000001,0.608445992320776,0.6538028390508335,0.6949404761904763,0.6848544973544973,0.5803630571980658,0.32315680302952554,0.10796117472982411,0.25,0.0,1.0,1.879003376903277,-0.0006349350342407245,1.879003376903277,9.014377637768588,-0.0022700628481573393,-7.13537426086531
AAPL,HIGH_VOL,BEAR,70_85,8,2016-02-16 00:00:00,2019-01-08 00:00:00,0.52,0.52,0.52,0.633893471956253,0.6796567175453723,0.7678571428571428,0.7470238095238094,0.755170915325296,0.2385155897896175,0.10464198682220795,0.0,0.0,1.0,0.23025964791511622,-0.011169529708450754,0.23025964791511622,0.3663438891114079,-0.022605076220926112,-0.1360842411962917
AAPL,HIGH_VOL,BEAR,85_95,20,2015-09-01 00:00:00,2019-01-04 00:00:00,0.5199999999999999,0.5149999999999999,0.5149999999999999,0.7456064063310623,0.7372643851972387,0.9539682539682539,0.8877823167989046,1.4633738246949117,0.2398818038687056,0.19148491924870328,0.0,0.0,1.0,1.02746093689185,-0.009883417962777585,1.02746093689185,3.0413290758230476,-0.02542751103325036,-2.0138681389311976
AAPL,HIGH_VOL,BEAR,95_100,4,2015-09-18 00:00:00,2019-06-03 00:00:00,0.52,0.47,0.47,0.8025998838245869,0.7492994804226532,0.9935515873015873,0.9774476352749452,1.899736839614532,0.23581113115284147,0.33528401236938576,0.0,0.0,1.0,0.04206671627419856,-0.004878675245637343,0.04206671627419856,-0.1292124912803435,-0.010401049085225433,0.17127920755454207
AAPL,HIGH_VOL,BULL,30_50,3,2016-11-23 00:00:00,2016-11-28 00:00:00,0.52,0.6,0.6,0.4478398770093918,0.5591343590353856,0.2625661375661376,0.40740740740740744,-0.27309378965934894,0.3045564160438744,0.48803932366605823,0.0,0.0,1.0,-0.412134558147054,-0.006663092004996374,-0.412134558147054,-0.6170139911385304,-0.009411245237585963,0.20487943299147637
AAPL,HIGH_VOL,BULL,50_70,10,2016-11-22 00:00:00,2021-12-29 00:00:00,0.5199999999999999,0.5519999999999999,0.5519999999999999,0.5990046666562557,0.6589875517905288,0.5904761904761905,0.6370370370370371,0.3542947674330591,0.08148262840320265,0.34148601971914444,0.0,0.0,1.0,0.018590798445186518,-0.026103454953264493,0.018590798445186518,0.11233503528530675,-0.04771466803679292,-0.09374423684012023
AAPL,HIGH_VOL,BULL,70_85,19,2018-04-05 00:00:00,2024-08-15 00:00:00,0.5199999999999999,0.5326315789473683,0.5326315789473683,0.66519172630812,0.6860347248939744,0.7989766081871345,0.7878028404344194,0.8868479090933974,0.13793401410664538,0.4280820821162991,0.0,0.0,1.0,0.05633323300755233,-0.044474368272255926,0.05633323300755233,0.2927723120748946,-0.07713247406911661,-0.2364390790673423
AAPL,HIGH_VOL,BULL,85_95,11,2020-08-07 00:00:00,2021-02-01 00:00:00,0.5199999999999999,0.5018181818181818,0.5018181818181818,0.7745020511475477,0.7316491427813804,0.8537157287157288,0.894901394901395,1.4072604608517034,0.07338459096991193,0.4064994442281561,0.0,0.0,1.0,0.6258001514604377,-0.012677964096668548,0.6258001514604377,1.5993843953913345,-0.02324882365351344,-0.9735842439308968
AAPL,HIGH_VOL,BULL,95_100,3,2020-02-26 00:00:00,2020-08-11 00:00:00,0.52,0.48666666666666664,0.48666666666666664,0.828522523244222,0.745822735972347,0.9623015873015873,0.974867724867725,2.0752062413591092,0.06472455557617753,0.5097753651982605,0.0,0.0,1.0,5.365798153786198,0.0,5.365798153786198,19.477659889710235,0.0,-14.111861735924037
AAPL,HIGH_VOL,NEUTRAL,85_95,3,2018-04-03 00:00:00,2021-02-25 00:00:00,0.52,0.48666666666666664,0.48666666666666664,0.7812461912631988,0.7251860348430966,0.921957671957672,0.8990299823633157,1.479374532436357,0.20133230463984952,0.36150955331408396,0.0,0.0,1.0,9.503424000373514,-0.002090699530239548,9.503424000373514,97.76945883443229,-0.00467479445989194,-88.26603483405877
AAPL,HIGH_VOL,NEUTRAL,95_100,1,2016-05-03 00:00:00,2016-05-03 00:00:00,0.52,0.42,0.42,0.8064446687698364,0.7520044331659145,0.9583333333333334,0.9695767195767195,1.828997713484231,0.1819002457310112,0.40515491860117,0.0,0.0,1.0,-0.2726923927368119,0.0,-0.2726923927368119,-0.6411778159817505,0.0,0.3684854232449386
AAPL,NORMAL,BEAR,00_30,55,2015-07-07 00:00:00,2024-05-09 00:00:00,0.9970909090909091,0.8101818181818181,0.9970909090909091,0.2803013999353755,0.3098398560810653,0.15624098124098124,0.15746408313761723,-1.088910789230477,0.7013866673823417,0.16408032534928943,1.0,1.0,1.0,0.526045847882888,-0.07884171951490015,0.5285537543152676,0.5222608002475932,-0.07884171951489982,0.003785047635294747
AAPL,NORMAL,BEAR,30_50,74,2015-07-08 00:00:00,2026-01-30 00:00:00,0.9962162162162163,0.7383783783783786,0.9962162162162163,0.40646723600456847,0.40789396563300157,0.4023755898755899,0.4080568055087778,-0.4225271729177579,0.7159796592552875,0.14746442636125562,1.0,1.0,1.0,0.8210628006693044,-0.15465994428631524,0.823555693692823,0.8433379598954318,-0.1546599442863158,-0.02227515922612744
AAPL,NORMAL,BEAR,50_70,60,2015-07-22 00:00:00,2025-03-07 00:00:00,0.9733333333333334,0.7040000000000002,0.9773333333333334,0.48587549558530246,0.45876858788493863,0.6140542328042328,0.5801901117106347,0.0862911332439364,0.6754815674418599,0.14849756445925183,0.9666666666666667,0.9,1.0,0.7937946568728493,-0.076253823865153,0.7982270355330303,1.0523213548849095,-0.076253823865153,-0.2585266980120602
AAPL,NORMAL,BEAR,70_85,22,2015-07-27 00:00:00,2026-04-14 00:00:00,0.9581818181818182,0.6509090909090908,0.9581818181818182,0.5458952904424884,0.5058852115427961,0.7796717171717172,0.7780327006211372,0.653638728419058,0.5686965517650994,0.23152392162163296,0.9090909090909091,0.8636363636363636,1.0,-0.21826898676026874,-0.07262541198028716,-0.21575210659906663,-0.21733338275225267,-0.0800472862284588,-0.0009356040080160666
AAPL,NORMAL,BEAR,85_95,2,2026-02-17 00:00:00,2026-04-08 00:00:00,0.8,0.6,0.8,0.6241524808108807,0.5296953627502063,0.8313492063492063,0.8875661375661376,1.4346602811691906,0.4547962595716548,0.3440497341296551,0.5,0.5,1.0,-0.6713982869434455,-3.834482173115106e-05,-0.6525003306839248,-0.8371171112408959,-3.834482173115106e-05,0.16571882429745044
AAPL,NORMAL,BEAR,raw_fallback,38,2013-07-03 00:00:00,2014-04-17 00:00:00,0.9989473684210527,0.7252631578947366,0.9989473684210527,0.41192025256000064,0.4333834720894211,,,,0.7340454881445061,0.1268258596800241,1.0,1.0,0.0,2.368559231387161,-0.029576845608399127,2.3783763137963976,2.376877148064854,-0.029576845608399016,-0.008317916677693216
AAPL,NORMAL,BULL,00_30,356,2015-03-04 00:00:00,2026-02-02 00:00:00,0.8289887640449438,0.7738202247191011,0.8388764044943819,0.3161848888282528,0.3520294326164212,0.17020019618334223,0.17757895285445005,-1.049079141082841,0.27486676745616867,0.33309164710569333,0.3398876404494382,0.3202247191011236,1.0,0.304663738066431,-0.14947510647020146,0.3139876554923482,0.40534708534759667,-0.20063091810062939,-0.10068334728116568
AAPL,NORMAL,BULL,30_50,238,2015-02-03 00:00:00,2026-05-07 00:00:00,0.7697478991596638,0.7366386554621849,0.7710924369747898,0.41794790127823334,0.42252024181284015,0.382703081232493,0.40368663913163455,-0.3754733278642062,0.17054236548316398,0.41088624193245926,0.14285714285714285,0.12184873949579832,1.0,0.14773052696410494,-0.08202915459870486,0.1559367456305576,0.20552373436068194,-0.10460642266687536,-0.05779320739657701
AAPL,NORMAL,BULL,50_70,190,2015-01-29 00:00:00,2026-04-30 00:00:00,0.7741052631578946,0.7230526315789474,0.7748421052631578,0.47682133422478246,0.4510821944098967,0.5952067669172932,0.5806667469471242,0.07736773050834825,0.20961468025964347,0.38082455355193534,0.18421052631578946,0.1631578947368421,1.0,0.22896782925815384,-0.14301971034888117,0.24074630579379508,0.3121347152355529,-0.1687909319193257,-0.08316688597739907
AAPL,NORMAL,BULL,70_85,43,2015-05-06 00:00:00,2026-04-27 00:00:00,0.7446511627906978,0.6976744186046511,0.7413953488372093,0.5488446287290996,0.4771255374581382,0.7612126245847175,0.7479517848505731,0.5604737064585478,0.19391674237676823,0.3796857827846086,0.16279069767441862,0.13953488372093023,1.0,0.9512171625186037,-0.04018837086301219,0.997610623930782,1.4756781421677703,-0.0704044053494558,-0.5244609796491666
AAPL,NORMAL,BULL,raw_fallback,117,2013-07-26 00:00:00,2014-12-11 00:00:00,0.7832478632478631,0.7415384615384615,0.7914529914529912,0.4106730739530336,0.4183427292803612,,,,0.17625388810873738,0.38670022207988575,0.1794871794871795,0.1794871794871795,0.0,0.29085865823911594,-0.08643449038209639,0.30730374175357533,0.35208252722331523,-0.12178601466366723,-0.06122386898419929
AAPL,NORMAL,NEUTRAL,00_30,32,2015-06-29 00:00:00,2024-05-03 00:00:00,0.995,0.7949999999999999,0.995,0.29350328263826664,0.32560765510129824,0.15600198412698413,0.15937346527927915,-1.124640023390711,0.6522092505015769,0.18298345321567588,1.0,1.0,1.0,1.2609087086064554,-0.0260552997300757,1.2933666236650967,1.2879332198391822,-0.0260552997300757,-0.027024511232726756
AAPL,NORMAL,NEUTRAL,30_50,23,2015-07-13 00:00:00,2025-02-27 00:00:00,0.9869565217391304,0.7017391304347826,0.9869565217391304,0.4269305529153865,0.4643408595073863,0.3729296066252588,0.39641548429634704,-0.39011592723860916,0.6326289216145033,0.2146647164426469,1.0,0.9565217391304348,1.0,2.1454111216151963,-0.023717553729619367,2.185310854201867,2.1996732144191515,-0.02371755372961948,-0.05426209280395522
AAPL,NORMAL,NEUTRAL,50_70,36,2015-05-13 00:00:00,2026-04-16 00:00:00,0.9400000000000001,0.6427777777777776,0.9344444444444444,0.522542204749253,0.5026664405307789,0.6121582892416224,0.6102459783015339,0.19712073604052832,0.5763177789288699,0.2023295086783379,0.8333333333333334,0.8055555555555556,1.0,1.5910870647559094,-0.07687436249878499,1.625693932657113,1.5651905070588237,-0.08494100498256185,0.025896557697085765
AAPL,NORMAL,NEUTRAL,70_85,7,2015-05-12 00:00:00,2026-04-09 00:00:00,0.8314285714285715,0.6599999999999999,0.8314285714285715,0.5510097916637149,0.50592279933628,0.8630952380952381,0.7453934731096862,0.5645204246632599,0.4141521147214469,0.3480354960034739,0.42857142857142855,0.42857142857142855,1.0,4.569680832925433,-0.014219106925695946,4.626913693437851,5.204694819305633,-0.027022510807924283,-0.6350139863802005
AAPL,NORMAL,NEUTRAL,raw_fallback,24,2013-07-24 00:00:00,2014-04-16 00:00:00,1.0,0.7108333333333333,1.0,0.462386886527141,0.44441141411419927,,,,0.7227888006352411,0.15933644104163666,1.0,1.0,0.0,0.1033224841791045,-0.061372021066393834,0.1033224841791045,0.1033224841791045,-0.061372021066393834,0.0
AAPL,RISK_OFF,BEAR,50_70,1,2016-05-25 00:00:00,2016-05-25 00:00:00,0.8,0.42,0.8,0.5787550508975983,0.7572924701011426,0.5773809523809523,0.6746031746031746,0.47327208851883423,0.4080014774354877,0.1692334732549407,1.0,0.0,1.0,-0.31001231990515665,0.0,-0.16418857707562273,-0.13984582872113016,0.0,-0.1701664911840265
AAPL,RISK_OFF,BEAR,70_85,1,2021-03-05 00:00:00,2021-03-05 00:00:00,0.8,0.42,0.8,0.7953714162111283,0.8013055336835821,0.7718253968253969,0.8359788359788359,1.1253003454603934,0.4424295405601264,0.2541357784923833,1.0,0.0,1.0,3068.913796385169,0.0,3694.42318723167,22947.79358093195,0.0,-19878.87978454678
AAPL,RISK_OFF,BEAR,85_95,9,2015-08-25 00:00:00,2025-05-14 00:00:00,0.47111111111111115,0.4288888888888888,0.47111111111111115,0.7870345966683494,0.7885400754161888,0.9457671957671958,0.9098694524896848,1.621637407018596,0.4547821947706512,0.1596198533210567,0.1111111111111111,0.0,1.0,1.4000571060891933,-0.031788783852293,1.6716110352287568,7.271810566391395,-0.07331046840284372,-5.871753460302202
AAPL,RISK_OFF,BEAR,95_100,7,2015-09-22 00:00:00,2025-05-02 00:00:00,0.47714285714285726,0.3685714285714286,0.47714285714285726,0.8634527231965746,0.8514495770224271,0.9835600907029479,0.9805424521795743,1.9487639942362627,0.4415426182672064,0.28360078974940195,0.2857142857142857,0.0,1.0,5.232582773170317,-0.0005610826912726408,5.899574166235384,78.29297292622871,-0.001910697305796516,-73.06039015305839
AAPL,RISK_OFF,BEAR,raw_fallback,5,2013-01-02 00:00:00,2013-02-14 00:00:00,0.648,0.42000000000000004,0.648,0.7911617910861969,0.7999380211609989,,,,0.5235385145985044,0.1178325039460072,0.6,0.0,0.0,0.056170706159685224,-0.001627700151691669,0.22988411397570574,0.09813231179974191,-0.0029333570746528093,-0.04196160564005669
AAPL,RISK_OFF,BULL,85_95,13,2020-07-28 00:00:00,2021-02-26 00:00:00,0.3461538461538462,0.3461538461538461,0.3461538461538462,0.8592375177603503,0.8585598586510123,0.8786630036630036,0.9188034188034186,1.6168070647295987,0.39868255745055303,0.319544676803939,0.0,0.0,1.0,0.6010852353780012,-0.008290317559927485,0.6336003063337119,3.0525167546083676,-0.02089359736741425,-2.4514315192303666
AAPL,RISK_OFF,BULL,95_100,39,2020-02-25 00:00:00,2020-11-12 00:00:00,0.3174358974358976,0.3174358974358976,0.3174358974358976,0.9175100026986538,0.9028433516076431,0.9717643467643472,0.9811762311762309,2.188198389269305,0.15823642426534515,0.6667350811328377,0.0,0.0,1.0,-0.03339815030684512,-0.05278026434586336,-0.028907057684750548,-0.009615270008541454,-0.14568067687113784,-0.023782880298303666
AAPL,RISK_OFF,NEUTRAL,85_95,6,2020-11-10 00:00:00,2020-11-20 00:00:00,0.3000000000000001,0.3,0.3000000000000001,0.9089185024301211,0.9117983108708435,0.9160052910052912,0.9440035273368607,1.8891812692340304,0.718383386643501,0.19220008209015305,0.0,0.0,1.0,-0.32242312508360116,-0.013812048901259755,-0.32242312508360116,-0.8001057339176938,-0.04640263071358075,0.47768260883409264
AAPL,RISK_OFF,NEUTRAL,95_100,3,2019-06-04 00:00:00,2020-11-09 00:00:00,0.3400000000000001,0.34,0.3400000000000001,0.8875063955783845,0.8666992980891256,0.976851851851852,0.9845679012345679,2.1046512433893105,0.4090459907329813,0.4208352996231657,0.0,0.0,1.0,2.191685406842765,-0.0019107918739446061,2.2454300269235286,37.11164887215585,-0.001136122967981601,-34.91996346531308
AAPL,WATCH,BEAR,30_50,22,2015-10-13 00:00:00,2023-01-31 00:00:00,0.9454545454545454,0.6027272727272727,0.9636363636363636,0.4843223961239511,0.5856527105125223,0.4281204906204907,0.41478576978576986,-0.28913313563406295,0.7348688205948782,0.09418187922912628,1.0,0.9090909090909091,1.0,0.9720966007338141,-0.047219202951527484,1.0197084742618903,0.7596348596498019,-0.04926407357600926,0.21246174108401217
AAPL,WATCH,BEAR,50_70,40,2015-10-14 00:00:00,2025-06-30 00:00:00,0.892,0.5900000000000001,0.892,0.5691512590274215,0.6096261120475543,0.6046626984126984,0.6132803949761867,0.29988448978269594,0.6096736672909036,0.13209589776535058,0.8,0.775,1.0,1.0875062344685347,-0.05556689099576306,1.1274177918100294,1.6000543715921385,-0.06114899459848755,-0.5125481371236038
AAPL,WATCH,BEAR,70_85,60,2015-07-30 00:00:00,2026-03-31 00:00:00,0.8986666666666667,0.5800000000000001,0.9086666666666667,0.6482595935463906,0.6265257831907395,0.7951719576719577,0.7775674561106374,0.8494890781261865,0.6394188091684238,0.1479125425612164,0.9166666666666666,0.7666666666666667,1.0,-0.046487059875033876,-0.10392594342898542,-0.03400818972093478,-0.0588511768066452,-0.12482093653343185,0.012364116931611324
AAPL,WATCH,BEAR,85_95,43,2015-08-03 00:00:00,2026-03-30 00:00:00,0.812093023255814,0.568372093023256,0.8306976744186046,0.6715094478670941,0.6282865011065006,0.8966408268733851,0.887994943084619,1.3865908380025076,0.5140823147471231,0.24972184437984804,0.7441860465116279,0.5116279069767442,1.0,-0.48360535886704636,-0.18661668242833418,-0.4731654418282639,-0.5527126739147291,-0.2138189627080761,0.06910731504768275
AAPL,WATCH,BEAR,95_100,3,2015-12-17 00:00:00,2025-04-04 00:00:00,0.7066666666666667,0.52,0.7066666666666667,0.8051196614901226,0.7129406036101305,0.9861111111111112,0.9706866958877683,1.8568493730194213,0.38482098942754267,0.3290298524294008,0.6666666666666666,0.0,1.0,-0.8375551608674019,-0.04081325127813329,-0.83070212323628,-0.8502424556627044,-0.04981817733023208,0.012687294795302506
AAPL,WATCH,BEAR,raw_fallback,31,2013-02-27 00:00:00,2014-02-25 00:00:00,0.9458064516129033,0.5716129032258065,0.9458064516129033,0.6357000786931285,0.6396530983352038,,,,0.6153588120585467,0.10560346875949958,1.0,0.9032258064516129,0.0,-0.5028399212100204,-0.15270794706978685,-0.49764198075603927,-0.4980793007419757,-0.15719105569745617,-0.004760620468044707
AAPL,WATCH,BULL,00_30,6,2015-03-02 00:00:00,2019-10-15 00:00:00,0.6,0.7400000000000001,0.7400000000000001,0.3573008832832177,0.439278929677036,0.2549603174603175,0.21897918160511598,-0.8774921970116893,0.05586804169978455,0.5824423262254509,0.0,0.0,1.0,-0.33413077254900825,-0.013073277719900966,-0.33413077254900825,-0.5230593939237478,-0.02289248629744378,0.18892862137473954
AAPL,WATCH,BULL,30_50,47,2015-02-05 00:00:00,2023-03-03 00:00:00,0.6276595744680853,0.635744680851064,0.6634042553191491,0.45763464237147194,0.5239907465712599,0.457404593042891,0.4313816302858352,-0.27777853719603157,0.1313616023035511,0.5039035944261747,0.0851063829787234,0.06382978723404255,1.0,-0.1825419215895172,-0.06869494227895367,-0.1758445747603381,-0.25826056011559084,-0.1125536991712538,0.07571863852607363
AAPL,WATCH,BULL,50_70,133,2015-01-13 00:00:00,2025-10-20 00:00:00,0.6409022556390979,0.6051127819548872,0.6517293233082707,0.5461425213213253,0.5611015250771619,0.6112752118391215,0.6153773027033004,0.2825259134894278,0.1710558977802158,0.4304126977012206,0.13533834586466165,0.11278195488721804,1.0,-0.2838325139389992,-0.17634123812726765,-0.2805156532319639,-0.3758288343936973,-0.23650922949054543,0.09199632045469808
AAPL,WATCH,BULL,70_85,122,2015-01-02 00:00:00,2026-02-26 00:00:00,0.6172131147540981,0.59327868852459,0.6203278688524587,0.6267582300012228,0.6010720927569343,0.7970823575331772,0.7659304111861046,0.7758108739160535,0.13674692156205545,0.458585295483431,0.09016393442622951,0.04918032786885246,1.0,0.040159472732390844,-0.13146764848490156,0.048917237662224444,-0.02129868371164767,-0.22734263806246668,0.061458156444038514
AAPL,WATCH,BULL,85_95,45,2015-01-06 00:00:00,2024-08-09 00:00:00,0.600888888888889,0.5751111111111112,0.5955555555555556,0.7078309967451627,0.6297603953289633,0.8696649029982364,0.8864059897060833,1.4039598220229697,0.1345334523767755,0.5112644094294312,0.06666666666666667,0.022222222222222223,1.0,-0.053940766024379916,-0.10149552480427759,-0.047649604649483646,0.016669346628568338,-0.15847839716788026,-0.07061011265294825
AAPL,WATCH,BULL,95_100,7,2016-11-14 00:00:00,2020-09-03 00:00:00,0.5885714285714286,0.5314285714285715,0.5314285714285715,0.8278868624142238,0.6813035489897504,0.9744897959183673,0.9822373393801964,2.1248055197314684,0.08146521943016337,0.5565172863516331,0.0,0.0,1.0,-0.567584730244021,-0.047447386679098646,-0.5650669762772018,-0.8285010780009482,-0.0826168935023156,0.2609163477569272
AAPL,WATCH,BULL,raw_fallback,78,2013-06-05 00:00:00,2014-12-31 00:00:00,0.6184615384615386,0.6028205128205129,0.6253846153846154,0.571394821199087,0.5739521579980348,,,,0.12252569080499597,0.48897102945806364,0.05128205128205128,0.05128205128205128,0.0,0.27455790465187624,-0.037918216684962536,0.2758671450170256,0.43959939513679247,-0.06790046065944144,-0.16504149048491623
AAPL,WATCH,NEUTRAL,00_30,1,2020-04-14 00:00:00,2020-04-14 00:00:00,0.6,0.6,0.8,0.3564536452293396,0.5399385539291868,0.29365079365079366,0.2962962962962963,-0.7466174297793039,0.4225446679327907,0.1805444927037479,1.0,0.0,1.0,2.5404488296762957,0.0,2.5404488296762957,6.348215680926801,0.0,-3.807766851250505
AAPL,WATCH,NEUTRAL,30_50,4,2016-11-30 00:00:00,2022-10-28 00:00:00,0.88,0.6,0.9299999999999999,0.4788178518414497,0.5747962527420604,0.40128968253968256,0.4573412698412698,-0.21785788186590907,0.6541886123331989,0.21260560812635376,1.0,0.75,1.0,-0.5614281560862511,-0.035021289291175095,-0.5591704179378395,-0.5352031628939293,-0.03562801828101281,-0.026224993192321744
AAPL,WATCH,NEUTRAL,50_70,10,2015-01-27 00:00:00,2026-02-25 00:00:00,0.734,0.592,0.7779999999999999,0.5717218235135079,0.5709624311756827,0.6047619047619047,0.6168481196074558,0.27814377762473297,0.3761146799933674,0.31259473843863056,0.6,0.3,1.0,0.5689540967568794,-0.018867477507382158,0.6024656147021057,0.02764677995106246,-0.03674101285988962,0.5413073168058169
AAPL,WATCH,NEUTRAL,70_85,8,2015-12-09 00:00:00,2026-02-24 00:00:00,0.735,0.5700000000000001,0.735,0.6341264041140675,0.6090527627602815,0.7817460317460317,0.7778743028743029,0.8140805254974792,0.34913810252441735,0.3989871457902546,0.375,0.375,1.0,-0.49073915473549945,-0.02201469188949634,-0.49073915473549945,-0.6990620994062868,-0.02571200179983768,0.20832294467078738
AAPL,WATCH,NEUTRAL,85_95,10,2016-04-27 00:00:00,2026-03-03 00:00:00,0.6399999999999999,0.5599999999999999,0.6319999999999999,0.7231327776610852,0.6360719024218598,0.9208333333333334,0.909920634920635,1.578015428194853,0.277271242641571,0.4068363237716536,0.2,0.1,1.0,0.5367768601317837,-0.011641351237209774,0.5585099582815674,1.3197397018874022,-0.016734592147106486,-0.7829628417556185
AAPL,WATCH,NEUTRAL,95_100,1,2019-05-31 00:00:00,2019-05-31 00:00:00,0.52,0.52,0.52,0.7897890150547028,0.708127741424941,0.9781746031746031,0.9841269841269841,2.153583705689946,0.143917996279821,0.5214084007160718,0.0,0.0,1.0,83.4117437338399,0.0,86.82269203286668,8555.69329523551,0.0,-8472.28155150167
AAPL,WATCH,NEUTRAL,raw_fallback,2,2013-06-11 00:00:00,2013-06-13 00:00:00,0.96,0.52,0.96,0.652807441353798,0.6585525423861978,,,,0.47767894000268907,0.17467240311473847,1.0,1.0,0.0,4.02922105071625,0.0,4.02922105071625,4.282472434250041,0.0,-0.25325138353379106
NVDA,CUSTOM,BEAR,00_30,4,2026-01-08 00:00:00,2026-02-04 00:00:00,0.86,0.86,0.9299999999999999,0.20098714306950566,0.21005213606399498,0.03472222222222222,0.023148148148148147,-1.6777521974108316,0.4191009902924445,0.3278433541871886,0.75,0.0,1.0,23.4587932316445,-0.014925034001456616,23.4587932316445,38.77006513045725,-0.017587117531894902,-15.311271898812748
NVDA,CUSTOM,BEAR,30_50,3,2019-06-28 00:00:00,2019-08-12 00:00:00,0.9066666666666666,0.5733333333333334,0.8000000000000002,0.5797535354892412,0.5980399726315563,0.4431216931216932,0.3875661375661375,-0.27214984227992284,0.5261654510825433,0.27064730574295015,1.0,0.0,1.0,-0.8992474813024927,-0.03661643810692272,-0.8992474813024927,-0.9382464078995627,-0.03832119304947612,0.03899892659707005
NVDA,CUSTOM,BEAR,50_70,11,2017-04-19 00:00:00,2025-05-08 00:00:00,0.6963636363636364,0.5109090909090909,0.7745454545454545,0.6328659136186947,0.7115843603403291,0.5883838383838383,0.6456228956228955,0.47545925751495555,0.5324787112864237,0.1520335872393338,0.9090909090909091,0.0,1.0,2.098749183433498,-0.0556130824775507,2.098749183433498,0.20766214966413532,-0.1165113451792098,1.8910870337693626
NVDA,CUSTOM,BEAR,70_85,70,2016-02-04 00:00:00,2025-04-28 00:00:00,0.7674285714285711,0.49400000000000016,0.7728571428571426,0.7084863871761732,0.7245854172600128,0.8046768707482994,0.7944066515495087,0.9375540107214564,0.5645229789325783,0.15175673751548638,0.9285714285714286,0.0,1.0,4.947533595638343,-0.16215666047766386,4.947533595638343,6.177077461027221,-0.19668077426382635,-1.2295438653888784
NVDA,CUSTOM,BEAR,85_95,87,2016-01-28 00:00:00,2025-05-07 00:00:00,0.7248275862068962,0.4517241379310346,0.7344827586206893,0.7795208996054771,0.7712912423018379,0.9135650428753878,0.9099160737091773,1.4631570094968769,0.5805656551972102,0.15723511475304427,0.8275862068965517,0.0,1.0,1.2993453275664169,-0.17413385587515817,1.2993453275664169,2.0491452465448234,-0.2555454839491589,-0.7497999189784066
NVDA,CUSTOM,BEAR,95_100,58,2015-01-28 00:00:00,2022-06-10 00:00:00,0.5475862068965518,0.4279310344827586,0.5448275862068966,0.8391052585737457,0.8093704098016292,0.9714354132457581,0.9749866285687482,1.8670845416159634,0.56797648335755,0.1406292285945765,0.3448275862068966,0.0,1.0,-0.4693587167955239,-0.1972585054713588,-0.4693587167955239,-0.7390398494506725,-0.3371939543981952,0.2696811326551486
NVDA,CUSTOM,BEAR,raw_fallback,28,2013-02-04 00:00:00,2014-10-27 00:00:00,0.8592857142857143,0.8314285714285715,0.8314285714285715,0.26397683782769105,0.2612173497164642,,,,0.35227254337943537,0.39405748968601556,0.8571428571428571,0.0,0.0,3.0322462739540184,-0.028424325984456877,3.0322462739540184,3.939105321988147,-0.03429223616308252,-0.9068590480341285
NVDA,CUSTOM,BULL,00_30,288,2018-08-27 00:00:00,2026-05-07 00:00:00,0.8347916666666667,0.8147916666666668,0.8233333333333334,0.29526530726968,0.2984310221312601,0.09696042768959436,0.08761390358612581,-1.4749910572604665,0.1408483508804289,0.32524462681235555,0.13194444444444445,0.0,1.0,-0.04259700947310263,-0.3336741601928178,-0.04259700947310263,-0.06047771246953271,-0.38787258893964127,0.017880702996430076
NVDA,CUSTOM,BULL,30_50,31,2017-10-09 00:00:00,2026-03-10 00:00:00,0.7670967741935484,0.7070967741935483,0.7335483870967743,0.4687352046370506,0.444367619850461,0.4232590885816692,0.4051885987369858,-0.3143817245637931,0.2133250481884413,0.35481411549321484,0.1935483870967742,0.0,1.0,4.077510920927333,-0.03780581809027095,4.077510920927333,7.156633868270864,-0.04686045323667487,-3.0791229473435315
NVDA,CUSTOM,BULL,50_70,69,2015-02-25 00:00:00,2026-03-11 00:00:00,0.7727536231884058,0.7008695652173915,0.7408695652173912,0.4616993810927523,0.44412108551098384,0.5766333103289625,0.6020840695456113,0.2299061955751909,0.17890955880596587,0.29144207372209696,0.2028985507246377,0.0,1.0,-0.2364681074433107,-0.1769201575737157,-0.2364681074433107,-0.3697687038842151,-0.23937236883794688,0.13330059644090442
NVDA,CUSTOM,BULL,70_85,46,2015-04-17 00:00:00,2025-12-04 00:00:00,0.697391304347826,0.6013043478260869,0.6639130434782609,0.5896086644867193,0.5841358082319035,0.749654934437543,0.7789490656109671,0.8343551712380247,0.2002630527068799,0.37757360046308225,0.2608695652173913,0.0,1.0,0.8892525190474825,-0.04403185780958696,0.8892525190474825,1.4488508091208194,-0.0496305036666439,-0.559598290073337
NVDA,CUSTOM,BULL,85_95,57,2015-02-13 00:00:00,2025-12-03 00:00:00,0.5670175438596491,0.5196491228070175,0.5582456140350877,0.6891552087899887,0.6763878723729235,0.8748955722639932,0.9060010690297551,1.3255638380556498,0.17476192196786197,0.262319432996334,0.19298245614035087,0.0,1.0,-0.30165348103600964,-0.1511225034459256,-0.30165348103600964,-0.26567469529685206,-0.22212841906609548,-0.03597878573915758
NVDA,CUSTOM,BULL,95_100,44,2015-03-25 00:00:00,2017-09-13 00:00:00,0.5259090909090911,0.4663636363636364,0.5204545454545456,0.7976324980909175,0.7627630396324477,0.9769570707070708,0.9843721773563293,2.066523485777128,0.1343582678374969,0.19889703869679823,0.18181818181818182,0.0,1.0,0.3826680469666288,-0.055744298370534295,0.3826680469666288,0.4676833520537733,-0.12127829048644212,-0.0850153050871445
NVDA,CUSTOM,BULL,raw_fallback,410,2013-01-28 00:00:00,2014-12-17 00:00:00,0.8485853658536584,0.8544390243902439,0.8558048780487805,0.15598234842372374,0.15437610447164024,,,,0.14708639724821507,0.4275376879198385,0.07317073170731707,0.0,0.0,0.2150015001638561,-0.08107413697569921,0.2150015001638561,0.24954013689718924,-0.09539204862238448,-0.03453863673333313
NVDA,CUSTOM,NEUTRAL,00_30,15,2018-10-10 00:00:00,2026-03-13 00:00:00,0.848,0.8119999999999999,0.8320000000000001,0.27559257740775744,0.29072667352267517,0.08359788359788359,0.07813051146384481,-1.4799169647009767,0.39349788588269835,0.3793763735461246,0.6666666666666666,0.0,1.0,1.4259063954597444,-0.03704167643698797,1.4259063954597444,1.9430556439919187,-0.04526654117126072,-0.5171492485321743
NVDA,CUSTOM,NEUTRAL,30_50,7,2017-05-01 00:00:00,2026-03-09 00:00:00,0.8600000000000001,0.7114285714285715,0.7942857142857143,0.43624529029641834,0.4219093866294174,0.3642290249433106,0.4041950113378685,-0.31930383102773335,0.39300297039753573,0.3822601638728283,0.7142857142857143,0.0,1.0,-0.3232994881864725,-0.03551925358298058,-0.3232994881864725,-0.3575011015317727,-0.04302346830549264,0.03420161334530025
NVDA,CUSTOM,NEUTRAL,50_70,10,2018-05-02 00:00:00,2022-11-16 00:00:00,0.8,0.526,0.726,0.6640955014526844,0.680122583746501,0.5815476190476192,0.5966931216931217,0.36625653095881594,0.44353255412433856,0.2302816605679884,0.7,0.0,1.0,-0.6212980109666559,-0.05747005924984305,-0.6212980109666559,-0.6995137304788854,-0.0708004063334734,0.0782157195122295
NVDA,CUSTOM,NEUTRAL,70_85,13,2017-05-05 00:00:00,2024-09-30 00:00:00,0.813846153846154,0.503076923076923,0.8000000000000002,0.6956392980538882,0.7112892976975692,0.8531746031746033,0.8133903133903134,1.0195560094593359,0.6147802088842597,0.20524406305362725,1.0,0.0,1.0,-0.5956137892288751,-0.06682615871533293,-0.5956137892288751,-0.6933799518186479,-0.08383648330505977,0.09776616258977278
NVDA,CUSTOM,NEUTRAL,85_95,9,2016-01-26 00:00:00,2024-08-29 00:00:00,0.8444444444444444,0.5466666666666666,0.8044444444444445,0.6918278959062365,0.6827297147164616,0.9173280423280423,0.9110817166372721,1.6022945217414901,0.49727501893219167,0.28417028594442045,1.0,0.0,1.0,-0.9857725597299546,-0.1641041091522153,-0.9857725597299546,-0.993313574698089,-0.19031663478425742,0.0075410149681344185
NVDA,CUSTOM,NEUTRAL,95_100,9,2016-02-02 00:00:00,2017-03-28 00:00:00,0.5933333333333333,0.44,0.5755555555555555,0.8050504793723425,0.7832205248213392,0.9697971781305115,0.9798647854203411,1.885083952365981,0.38751557178792073,0.16422506730440395,0.4444444444444444,0.0,1.0,-0.7056549303278685,-0.05159104708450912,-0.7056549303278685,-0.6834416329109254,-0.06309810500491564,-0.022213297416943112
NVDA,CUSTOM,NEUTRAL,raw_fallback,21,2013-01-30 00:00:00,2014-10-30 00:00:00,0.8609523809523809,0.8504761904761905,0.8571428571428571,0.1815230492325056,0.17355277819857065,,,,0.2648216443706843,0.48007852759472236,0.6666666666666666,0.0,0.0,0.9578339830263931,-0.03244105008214748,0.9578339830263931,1.1589294046290242,-0.03856286686720378,-0.20109542160263105
NVDA,EXTREME_RISK,BEAR,95_100,2,2022-04-26 00:00:00,2022-06-13 00:00:00,0.3000000000000001,0.3,0.3000000000000001,0.9053879708051682,0.872522083436255,0.9821428571428572,0.9880952380952381,2.397394715955739,0.5811230908451036,0.11045233604211374,0.0,0.0,1.0,158.28237152327054,0.0,168.0081285815626,1801046.9821128782,0.0,-1800888.699741355
NVDA,EXTREME_RISK,NEUTRAL,95_100,1,2017-03-15 00:00:00,2017-03-15 00:00:00,0.3000000000000001,0.3,0.3000000000000001,0.8848616808652878,0.8696212023935119,0.998015873015873,0.9986772486772487,1.888817698686398,0.3562350254639536,0.1023460143643986,0.0,0.0,1.0,5.590801158334274,0.0,5.998507355030196,226.5418415244196,0.0,-220.95104036608532
NVDA,HIGH_VOL,BEAR,50_70,3,2022-10-17 00:00:00,2022-10-20 00:00:00,0.52,0.5466666666666667,0.5466666666666667,0.6171276281277339,0.6610626375219312,0.5952380952380953,0.6759259259259259,0.4756733685923551,0.330153354089402,0.06765440360139313,0.0,0.0,1.0,1.2031838042789547,0.0,1.2031838042789547,10.821204787074631,0.0,-9.618020982795677
NVDA,HIGH_VOL,BEAR,70_85,7,2020-03-19 00:00:00,2022-10-21 00:00:00,0.52,0.5171428571428571,0.5171428571428571,0.7024709131036486,0.7030781219493007,0.7471655328798186,0.7876039304610734,0.8904091614010268,0.29033867025557625,0.1238762691559224,0.0,0.0,1.0,6.842535469797131,-0.04061668052983203,6.842535469797131,27.07970043497045,-0.07469864569370033,-20.23716496517332
NVDA,HIGH_VOL,BEAR,85_95,3,2019-05-21 00:00:00,2020-03-20 00:00:00,0.52,0.4533333333333333,0.4533333333333333,0.8197601914405824,0.7505138939429893,0.9226190476190476,0.9052028218694885,1.3543918659918512,0.28270807528207326,0.3342572511291289,0.0,0.0,1.0,165.35659106112416,-0.00774672162753165,165.35659106112416,11120.186664462239,-0.014729954319624206,-10954.830073401114
NVDA,HIGH_VOL,BULL,00_30,1,2018-03-27 00:00:00,2018-03-27 00:00:00,0.52,0.6,0.6,0.50479104667902,0.6399937562974556,0.18055555555555555,0.23412698412698413,-0.6509835768004836,0.0886721596201154,0.1588454272578628,0.0,0.0,1.0,470.45679043388077,0.0,470.45679043388077,88989.74627699099,0.0,-88519.28948655711
NVDA,HIGH_VOL,BULL,30_50,13,2016-07-14 00:00:00,2023-01-19 00:00:00,0.5199999999999998,0.5923076923076921,0.5923076923076921,0.5216389978161226,0.6067685709508909,0.31425518925518925,0.39601139601139607,-0.2653705443414562,0.1286314291459885,0.4643872847680223,0.0,0.0,1.0,0.7538753201733239,-0.0700491884607497,0.7538753201733239,1.9031856479516343,-0.13581438409741498,-1.1493103277783103
NVDA,HIGH_VOL,BULL,50_70,25,2016-07-11 00:00:00,2023-01-11 00:00:00,0.52,0.564,0.564,0.5872559899687767,0.6455715092808296,0.5218253968253967,0.5982010582010582,0.3301105271136304,0.1556305061895531,0.3137872230000824,0.0,0.0,1.0,4.491226569418449,-0.01998534629574311,4.491226569418449,25.011804577657568,-0.03784735916772086,-20.52057800823912
NVDA,HIGH_VOL,BULL,70_85,46,2016-05-04 00:00:00,2024-08-08 00:00:00,0.5199999999999999,0.5265217391304348,0.5330434782608695,0.6707210765584656,0.6848359832967809,0.7199792960662528,0.7646940418679549,0.8742713380286922,0.11084849247802231,0.31801845592548067,0.021739130434782608,0.0,1.0,2.6051131884793923,-0.05631585834957564,2.6051131884793923,9.936913794530478,-0.10248577513975732,-7.331800606051085
NVDA,HIGH_VOL,BULL,85_95,56,2015-09-16 00:00:00,2018-03-21 00:00:00,0.52,0.5207142857142857,0.5207142857142857,0.7043317870103889,0.7135559955815142,0.8840702947845804,0.9212951336773914,1.5973466061664314,0.06357895707062941,0.28968801906090386,0.0,0.0,1.0,0.24586293362687162,-0.052417184395199934,0.24586293362687162,0.41601881969479115,-0.1079086150570241,-0.17015588606791954
NVDA,HIGH_VOL,BULL,95_100,39,2015-09-10 00:00:00,2017-06-19 00:00:00,0.5199999999999999,0.4943589743589744,0.4943589743589744,0.7631892536695187,0.7399525095381161,0.9677960927960928,0.9781068317093979,2.0520897808769334,0.11584173243605529,0.3176292846373256,0.0,0.0,1.0,1.2448367761384422,-0.04366632443711449,1.2448367761384422,3.4116645773157934,-0.08453717653854065,-2.166827801177351
NVDA,HIGH_VOL,NEUTRAL,50_70,2,2020-03-24 00:00:00,2020-03-25 00:00:00,0.52,0.52,0.52,0.6127033174037935,0.7078622251572018,0.6785714285714286,0.5667989417989419,0.16223255029758726,0.20028827319660125,0.21213431875861388,0.0,0.0,1.0,8.875372907539733,-0.006841244279804037,8.875372907539733,35.43507858516279,-0.017532394702080345,-26.559705677623057
NVDA,HIGH_VOL,NEUTRAL,70_85,5,2020-03-17 00:00:00,2024-08-07 00:00:00,0.52,0.52,0.58,0.7167033243179322,0.7045211495292598,0.8345238095238094,0.7865079365079366,0.8911261835855511,0.23787253696851898,0.3637495953934907,0.2,0.0,1.0,0.5570285595243161,-0.04247530505957642,0.5570285595243161,0.3321950768163717,-0.07858068246189587,0.22483348270794434
NVDA,HIGH_VOL,NEUTRAL,85_95,8,2016-03-03 00:00:00,2023-01-06 00:00:00,0.52,0.52,0.595,0.7252223195508123,0.7261032243643235,0.8504464285714286,0.8893849206349207,1.4159418935812909,0.2235542963612149,0.4746488144040035,0.25,0.0,1.0,0.46592440944404867,-0.018758504594394654,0.46592440944404867,0.16236818875034809,-0.05543492702856534,0.3035562206937006
NVDA,HIGH_VOL,NEUTRAL,95_100,2,2016-02-26 00:00:00,2016-02-29 00:00:00,0.52,0.52,0.52,0.7532060846686364,0.7431750700877763,0.9742063492063492,0.9828042328042328,2.2685982992570253,0.37629639784650615,0.2673894778892037,0.0,0.0,1.0,16.7671289713706,0.0,16.7671289713706,488.52000943830285,0.0,-471.75288046693225
NVDA,NORMAL,BEAR,00_30,51,2018-04-09 00:00:00,2026-04-09 00:00:00,0.9913725490196079,0.7717647058823528,0.9913725490196079,0.32308126108026974,0.3626880022267402,0.133442265795207,0.12169312169312167,-1.2243320572482927,0.6222320692121789,0.20015239369193152,1.0,1.0,1.0,0.8082613643228016,-0.19721462443056859,0.81683000250709,0.8219469720138335,-0.19721462443056836,-0.013685607691031887
NVDA,NORMAL,BEAR,30_50,17,2018-10-30 00:00:00,2025-01-17 00:00:00,0.9929411764705882,0.6788235294117647,0.9929411764705882,0.5079100416863666,0.47296876534862947,0.48249299719887956,0.40227201991907874,-0.3134966123946707,0.7107629895655412,0.14301183231163958,1.0,1.0,1.0,26.319316059843885,-0.032323116806261654,26.319316059843885,26.946251966855954,-0.032323116806261654,-0.6269359070120686
NVDA,NORMAL,BEAR,50_70,16,2021-03-24 00:00:00,2025-01-28 00:00:00,0.9724999999999999,0.6699999999999999,0.9724999999999999,0.5572989967651666,0.500731492877662,0.5963541666666666,0.5806878306878307,0.15188724586750263,0.5307462866479357,0.29999349657063756,1.0,1.0,1.0,0.3837902749995039,-0.07345029402516501,0.38548762657521185,0.3878891159529152,-0.07642637899473936,-0.004098840953411287
NVDA,NORMAL,BEAR,70_85,5,2015-05-27 00:00:00,2025-01-29 00:00:00,1.0,0.716,1.0,0.4157777264714241,0.43422846944631804,0.780952380952381,0.7409959260028622,0.5611514325168443,0.6846332798763279,0.15055030513597117,1.0,1.0,1.0,-0.8652509620003529,-0.04589636821305376,-0.8652509620003529,-0.8652509620003529,-0.04589636821305376,0.0
NVDA,NORMAL,BEAR,85_95,18,2015-06-10 00:00:00,2015-08-06 00:00:00,1.0,0.7133333333333334,1.0,0.4448994752847486,0.4481868978869139,0.9086199294532629,0.9250241487505585,1.6815901122539552,0.66472339506496,0.13593762851026214,1.0,1.0,1.0,2.3495457755852605,-0.0591449815685553,2.3495457755852605,2.3495457755852605,-0.0591449815685553,0.0
NVDA,NORMAL,BEAR,95_100,25,2015-01-30 00:00:00,2015-08-24 00:00:00,0.9984000000000001,0.6839999999999999,0.9984000000000001,0.54879628521204,0.48065691112227377,0.9557142857142858,0.9647611667854267,2.5703509255485373,0.6878572148234033,0.1192594937514155,1.0,1.0,1.0,4.00993452329498,-0.049580311254397325,4.0279953087309694,4.046356877065014,-0.04958031125439766,-0.036422353770033666
NVDA,NORMAL,BEAR,raw_fallback,12,2013-01-02 00:00:00,2014-10-15 00:00:00,0.9783333333333335,0.8500000000000001,0.9783333333333335,0.14805075457940498,0.15185680765309198,,,,0.513014719363983,0.3267960540979388,1.0,0.9166666666666666,0.0,-0.19233091652437584,-0.06192045669843638,-0.1839329159229679,-0.23164072774868938,-0.06414664324340158,0.03930981122431354
NVDA,NORMAL,BULL,00_30,381,2015-01-22 00:00:00,2026-04-15 00:00:00,0.7870866141732284,0.753228346456693,0.7955905511811023,0.35858125296907795,0.3894805839553756,0.16239636712077657,0.15227346128669633,-1.1786885089134604,0.19812316370527017,0.31422561418872447,0.1837270341207349,0.1679790026246719,1.0,0.4309269140977694,-0.31077508840149415,0.4452149084274615,0.6033633774223943,-0.3190867792729173,-0.17243646332462492
NVDA,NORMAL,BULL,30_50,193,2015-01-26 00:00:00,2025-01-24 00:00:00,0.7607253886010363,0.7319170984455959,0.7626943005181348,0.4543655877710933,0.44061096545748374,0.36631301916276,0.38605687232480485,-0.41177260309707364,0.14268544106514972,0.3093674458605017,0.09844559585492228,0.09844559585492228,1.0,0.6694805044570271,-0.18418437666355214,0.6769511878606618,1.0284019466595198,-0.22345651835242886,-0.35892144220249267
NVDA,NORMAL,BULL,50_70,91,2015-01-21 00:00:00,2025-09-12 00:00:00,0.7393406593406594,0.7162637362637362,0.7402197802197801,0.49644578028019964,0.4516289407524426,0.5448717948717948,0.5858485244680763,0.19250505460296258,0.0966310871983457,0.34084939857265817,0.07692307692307693,0.07692307692307693,1.0,1.6907911538123654,-0.07994808082228855,1.733302587715091,2.7339139119671056,-0.11381470806959826,-1.0431227581547402
NVDA,NORMAL,BULL,70_85,47,2015-01-16 00:00:00,2025-11-21 00:00:00,0.746808510638298,0.706808510638298,0.7370212765957448,0.4822046965360643,0.4587769581837417,0.7282168186423505,0.772781315953282,0.7833909309889842,0.1584372568186057,0.4215906117690133,0.14893617021276595,0.10638297872340426,1.0,0.3014634692785123,-0.07294524598674479,0.3322871345194669,0.41356599417643625,-0.09363112128676465,-0.11210252489792394
NVDA,NORMAL,BULL,85_95,24,2015-01-09 00:00:00,2025-11-24 00:00:00,0.8116666666666665,0.73,0.815,0.47185587091371417,0.4411131861160353,0.859375,0.8922733516223568,1.439798946208595,0.28113861496759607,0.2730802929752303,0.4166666666666667,0.2916666666666667,1.0,-0.27936859284010496,-0.08996744337053197,-0.2687049178559775,-0.2074374120072714,-0.12177479192609264,-0.07193118083283356
NVDA,NORMAL,BULL,95_100,14,2015-01-02 00:00:00,2015-08-20 00:00:00,0.7885714285714285,0.7357142857142858,0.8057142857142858,0.48158703281411114,0.42354875729333635,0.9803004535147393,0.9815279451618322,2.9658728897064663,0.2889791588160288,0.3748689869899184,0.42857142857142855,0.21428571428571427,1.0,0.46065757166752164,-0.034218821371475916,0.4841550531033485,0.6155179251116383,-0.03539822199050524,-0.15486035344411664
NVDA,NORMAL,BULL,raw_fallback,26,2013-01-04 00:00:00,2014-12-31 00:00:00,0.796153846153846,0.7830769230769229,0.8084615384615383,0.30806291520308987,0.30986515792535724,,,,0.17602560479190077,0.5055588507293993,0.19230769230769232,0.19230769230769232,0.0,-0.4818118678458546,-0.06800504437214627,-0.4757131039370618,-0.5559464004861725,-0.07035037317347026,0.07413453264031789
NVDA,NORMAL,NEUTRAL,00_30,32,2018-04-06 00:00:00,2026-01-23 00:00:00,0.9762500000000001,0.7575,0.97875,0.3353057332336903,0.37465129556914434,0.1160094246031746,0.11396329365079366,-1.3055188760366643,0.5947410307143239,0.2193086157733512,1.0,0.90625,1.0,1.1223582473981657,-0.13803085669355897,1.1416172868375951,1.0650301480246176,-0.1424735674998706,0.0573280993735481
NVDA,NORMAL,NEUTRAL,30_50,8,2018-04-10 00:00:00,2025-01-21 00:00:00,0.9625,0.705,0.9724999999999999,0.46140791364014144,0.46731324605511104,0.42782738095238093,0.3746693121693122,-0.44567586578522367,0.61894476986077,0.20251492676554894,1.0,0.875,1.0,6.619950155490702,-0.06770816785296607,6.619950155490702,8.741114635060649,-0.06864860220078894,-2.1211644795699467
NVDA,NORMAL,NEUTRAL,50_70,6,2015-05-29 00:00:00,2022-08-24 00:00:00,0.98,0.66,0.98,0.4445023388912281,0.46556108112463335,0.5744047619047619,0.6039590611297783,0.19954893553257783,0.5449131483803655,0.26172252655498546,1.0,1.0,1.0,-0.9831383545996805,-0.0886188837858648,-0.9831383545996805,-0.986399959084098,-0.09227949738024455,0.0032616044844175907
NVDA,NORMAL,NEUTRAL,70_85,6,2015-06-02 00:00:00,2022-08-09 00:00:00,0.98,0.71,0.98,0.46479203763107463,0.4254517179138679,0.7754629629629629,0.7730356704992176,0.6664521114083845,0.5851503861879951,0.207828966127278,1.0,1.0,1.0,0.32547056963302734,-0.02291102105209497,0.3478085688790524,0.3796425083565531,-0.02291102105209497,-0.05417193872352577
NVDA,NORMAL,NEUTRAL,85_95,2,2015-06-09 00:00:00,2015-06-18 00:00:00,1.0,0.78,1.0,0.345714695751667,0.35634393273680276,0.8759920634920635,0.8919866007792454,1.0566288510204225,0.5927548345693427,0.21995085197364178,1.0,1.0,1.0,1.2773621800664596,-0.0041156778594052534,1.2773621800664596,1.2773621800664596,-0.0041156778594052534,0.0
NVDA,NORMAL,NEUTRAL,95_100,2,2015-01-29 00:00:00,2015-02-03 00:00:00,1.0,0.74,1.0,0.38681436106562617,0.4029191236974999,0.9583333333333334,0.9598850574712643,1.987642406140012,0.5806169747974346,0.1984706846951251,1.0,1.0,1.0,112.06210361286298,0.0,117.19479527496885,117.19479527496885,0.0,-5.13269166210587
NVDA,NORMAL,NEUTRAL,raw_fallback,7,2013-01-03 00:00:00,2013-01-31 00:00:00,0.9742857142857143,0.8600000000000001,0.9742857142857143,0.10631846035165442,0.10442853046155456,,,,0.49654161462133073,0.381351676600803,1.0,0.8571428571428571,0.0,-0.5963677821936436,-0.014274413493686522,-0.5922541685665668,-0.6241229154596822,-0.016976840969358253,0.027755133266038623
NVDA,RISK_OFF,BEAR,70_85,3,2017-04-18 00:00:00,2019-06-18 00:00:00,0.8000000000000002,0.42,0.8000000000000002,0.7444555749495825,0.7963048248668098,0.7294973544973544,0.7848324514991182,0.942420364923661,0.43809544058408373,0.1025377577942689,1.0,0.0,1.0,4.199564079602936,0.0,5.288832132116038,8.807833235357908,0.0,-4.6082691557549715
NVDA,RISK_OFF,BEAR,85_95,8,2022-03-16 00:00:00,2022-09-30 00:00:00,0.47000000000000003,0.375,0.47000000000000003,0.7921171113848686,0.8315220304297929,0.8928571428571429,0.9211309523809523,1.6440050087591374,0.5247147078481419,0.09807085118800749,0.25,0.0,1.0,18.38777041690844,-0.010014797452799984,20.100959507418025,64.36080474588493,-0.020584188900798828,-45.973034328976496
NVDA,RISK_OFF,BEAR,95_100,32,2018-12-26 00:00:00,2022-06-16 00:00:00,0.31500000000000006,0.315,0.31500000000000006,0.8969719367101789,0.8864383558496209,0.9768105158730159,0.9839203042328042,2.2965419968015084,0.5168893838093929,0.09759878732857546,0.0,0.0,1.0,0.2699124222362903,-0.062424315716398504,0.2946078786825601,0.23512966519895562,-0.20556705071571812,0.03478275703733469
NVDA,RISK_OFF,BULL,70_85,1,2017-03-20 00:00:00,2017-03-20 00:00:00,0.8,0.42,0.8,0.6674045681953431,0.7769907179007892,0.6428571428571429,0.7619047619047619,0.9233398905529666,0.4076538372764018,0.0947077719751042,1.0,0.0,1.0,47.98560819916817,0.0,61.77411606172451,161.01692504908678,0.0,-113.03131684991861
NVDA,RISK_OFF,BULL,85_95,3,2017-07-27 00:00:00,2017-09-29 00:00:00,0.4533333333333333,0.4533333333333333,0.4533333333333333,0.776334830125173,0.7512654830652165,0.8412698412698413,0.8928571428571428,1.1496765709007069,0.04523018413986516,0.3483057560722807,0.0,0.0,1.0,0.9518340884154619,0.0,1.0524463505302557,4.757792141708476,0.0,-3.8059580532930144
NVDA,RISK_OFF,BULL,95_100,5,2016-03-22 00:00:00,2017-06-21 00:00:00,0.43999999999999995,0.43999999999999995,0.43999999999999995,0.7800802874565125,0.7631911809268433,0.9571428571428571,0.9714285714285713,1.7626087726742206,0.06416508983025605,0.2023567284228543,0.0,0.0,1.0,0.11462816697294542,-0.012411070707482152,0.17221535090817097,0.381487804189073,-0.030156003310191193,-0.2668596372161276
NVDA,RISK_OFF,NEUTRAL,85_95,2,2017-03-16 00:00:00,2017-03-17 00:00:00,0.3000000000000001,0.42,0.61,0.7434703350067139,0.8276229868930745,0.8224206349206349,0.8816137566137565,1.2615145136169015,0.3972740005052201,0.0997792958095389,0.5,0.0,1.0,0.3481086569926608,-0.008132424910222147,0.3481086569926608,-0.17321510834945208,-0.03234369174801388,0.5213237653421129
NVDA,RISK_OFF,NEUTRAL,95_100,1,2017-03-23 00:00:00,2017-03-23 00:00:00,0.42,0.42,0.42,0.8757887274026872,0.8262516873086323,0.996031746031746,0.9973544973544973,1.8267532429521942,0.4299967229959047,0.0789240748932282,0.0,0.0,1.0,1.2468576839917365,0.0,1.7192772348543515,5.186887017875104,0.0,-3.940029333883367
NVDA,WATCH,BEAR,00_30,3,2018-08-01 00:00:00,2025-05-12 00:00:00,0.9733333333333333,0.6,0.9733333333333333,0.464668204387029,0.5929316173281611,0.23214285714285712,0.2244268077601411,-0.8103469885465738,0.659498945474451,0.20583527564137563,1.0,1.0,1.0,10.55641705987997,-0.015563623562725781,10.635570585377105,12.605765670042809,-0.015483623562725812,-2.0493486101628395
NVDA,WATCH,BEAR,30_50,33,2017-04-28 00:00:00,2025-05-09 00:00:00,0.9684848484848485,0.5975757575757575,0.9684848484848485,0.5665007461652611,0.5884123836307608,0.4092712842712843,0.41738816738816736,-0.1844674370988055,0.7551303914590233,0.11370579897353526,1.0,1.0,1.0,-0.8316506821637936,-0.25600750047958065,-0.8309525294294493,-0.8406658738234417,-0.2622796372802658,0.009015191659648147
NVDA,WATCH,BEAR,50_70,28,2017-04-25 00:00:00,2025-04-04 00:00:00,0.9528571428571428,0.5885714285714286,0.9528571428571428,0.6027820225805043,0.6174429762739092,0.6712018140589568,0.6073318216175358,0.2872383737672558,0.6747965964834991,0.15769891610113457,1.0,0.9285714285714286,1.0,-0.599466703287537,-0.17997488776206993,-0.5923664452424328,-0.5687360679328937,-0.18755871135836621,-0.030730635354643376
NVDA,WATCH,BEAR,70_85,43,2017-04-26 00:00:00,2025-04-08 00:00:00,0.9348837209302324,0.5590697674418604,0.9348837209302324,0.6791557899048162,0.6456565946773547,0.8136304909560724,0.7784237726098191,0.8868836518829878,0.637854573613931,0.17037934718958786,0.9767441860465116,0.8837209302325582,1.0,-0.6449398562606418,-0.23674510128045323,-0.6374632974091774,-0.6441254105034342,-0.24529102020107507,-0.0008144457572075714
NVDA,WATCH,BEAR,85_95,23,2015-05-22 00:00:00,2025-04-16 00:00:00,0.8800000000000002,0.5478260869565217,0.8800000000000002,0.7154189126647037,0.6692176394194357,0.9230503795721186,0.9067745936000565,1.4764555985071863,0.598869256220968,0.16967329815961893,0.9565217391304348,0.5652173913043478,1.0,9.134642273406998,-0.12893075646356345,9.54959424591376,8.75592924596936,-0.14118062496223505,0.37871302743763735
NVDA,WATCH,BEAR,95_100,16,2015-05-12 00:00:00,2022-02-22 00:00:00,0.925,0.545,0.925,0.722127481829375,0.6508887531793806,0.9768105158730158,0.98042851475728,2.9577954768772967,0.6201822449547114,0.16515436710467463,1.0,0.75,1.0,4.536935758355184,-0.0728802546750289,4.651101755207188,7.070043216305001,-0.08205884080050962,-2.533107457949817
NVDA,WATCH,BULL,00_30,85,2018-01-03 00:00:00,2024-04-08 00:00:00,0.6315294117647059,0.6560000000000001,0.6898823529411766,0.4517634644753793,0.5171789032531295,0.21134453781512605,0.20599128540305012,-0.8729542405430916,0.20448706772628983,0.3462457680993185,0.09411764705882353,0.08235294117647059,1.0,0.8925706544347061,-0.06532149764475648,0.8988392327892119,2.0256114515015304,-0.10642299128483246,-1.1330407970668244
NVDA,WATCH,BULL,30_50,148,2016-08-10 00:00:00,2024-10-07 00:00:00,0.6225675675675675,0.6070270270270269,0.6301351351351351,0.5383962824034529,0.554583319537797,0.34651169026169026,0.3998552123552124,-0.2228664649788108,0.12103930545222921,0.33792091859562373,0.060810810810810814,0.05405405405405406,1.0,0.1429155661789907,-0.14189845817358337,0.14511777827373074,0.30852653345107806,-0.1924114685527364,-0.16561096727208735
NVDA,WATCH,BULL,50_70,173,2016-05-26 00:00:00,2025-09-22 00:00:00,0.6141040462427745,0.6062427745664739,0.621271676300578,0.5721601570832592,0.5669510911233747,0.5910519313698505,0.5923937975961098,0.25453865613652593,0.09714303245211588,0.3034375635153087,0.04046242774566474,0.04046242774566474,1.0,0.19411980535737738,-0.13985676599646324,0.19828663278995018,0.2572532612664795,-0.23736274582097283,-0.06313345590910213
NVDA,WATCH,BULL,70_85,116,2015-10-21 00:00:00,2025-08-20 00:00:00,0.6163793103448273,0.5944827586206893,0.6163793103448273,0.6149289103802936,0.5961019074073373,0.7521380678708265,0.7674506958735905,0.8326675638043517,0.08925578634543654,0.313959600102604,0.0603448275862069,0.04310344827586207,1.0,0.4529284010367225,-0.13253671239461318,0.46051082529781207,0.6387618145038791,-0.22316078919297377,-0.18583341346715665
NVDA,WATCH,BULL,85_95,59,2015-09-22 00:00:00,2025-11-25 00:00:00,0.623728813559322,0.5905084745762713,0.6247457627118644,0.6384548244334883,0.6139798930018338,0.854990583804143,0.896651858410136,1.551494972813597,0.11379419064730636,0.35906981643718006,0.11864406779661017,0.05084745762711865,1.0,0.7805138328334016,-0.056915377022773384,0.7935995771623858,1.8317524781157508,-0.09825687020355822,-1.0512386452823492
NVDA,WATCH,BULL,95_100,42,2015-04-01 00:00:00,2017-02-13 00:00:00,0.6323809523809524,0.5657142857142856,0.6314285714285715,0.6978127868757361,0.6388448838072822,0.9619236583522298,0.9733288993313144,2.512785611495334,0.1777092809008546,0.33687121930186015,0.21428571428571427,0.07142857142857142,1.0,1.7983607913711066,-0.04935860959045246,1.8422155407494722,6.03983465918885,-0.05147360947860524,-4.241473867817744
NVDA,WATCH,NEUTRAL,00_30,5,2018-08-02 00:00:00,2019-07-01 00:00:00,0.9039999999999999,0.6,0.9039999999999999,0.5150457069277763,0.5884820260880559,0.21547619047619046,0.22936507936507936,-0.7308316687567168,0.6164969282979789,0.23943226222317898,0.8,0.8,1.0,1.5924093778429134,-0.008264051968283392,1.6449555606965625,0.8930432706365754,-0.01518177396459408,0.699366107206338
NVDA,WATCH,NEUTRAL,30_50,8,2018-01-02 00:00:00,2021-01-05 00:00:00,0.9299999999999999,0.5900000000000001,0.9299999999999999,0.5895231995731592,0.5901688037613252,0.40674603174603174,0.4499007936507936,-0.05268913715441094,0.7239487770129974,0.11923500813018877,0.875,0.875,1.0,22.748524197103524,-0.013256795513355457,23.1017206399354,28.09662335985816,-0.013256795513355457,-5.348099162754636
NVDA,WATCH,NEUTRAL,50_70,13,2017-04-27 00:00:00,2025-02-20 00:00:00,0.9415384615384614,0.5753846153846153,0.9415384615384614,0.5973760714897743,0.6135677089222903,0.6739926739926739,0.6098901098901099,0.2829889628506668,0.5753451602652317,0.22707298686772195,0.9230769230769231,0.9230769230769231,1.0,0.361901437004305,-0.0701591395635256,0.39846842261331616,0.5760174473662474,-0.0701591395635256,-0.2141160103619424
NVDA,WATCH,NEUTRAL,70_85,9,2020-03-12 00:00:00,2022-03-30 00:00:00,0.8999999999999999,0.5644444444444444,0.8999999999999999,0.6425674928559197,0.638763761423771,0.7907848324514991,0.7694003527336861,0.7995416851508309,0.6176883102125674,0.175528754702708,0.8888888888888888,0.7777777777777778,1.0,-0.9967951337898381,-0.10699121682813928,-0.9966988805341656,-0.9998674608555015,-0.1085451381677558,0.003072327065663405
NVDA,WATCH,NEUTRAL,85_95,11,2016-03-08 00:00:00,2022-12-29 00:00:00,0.7654545454545453,0.5345454545454544,0.758181818181818,0.7386752627112649,0.6752111684905892,0.8692279942279942,0.8825156325156325,1.3094921298372117,0.386108553975896,0.36649672507942016,0.6363636363636364,0.36363636363636365,1.0,1.0033717411187504,-0.04331914912406931,1.0570649978208198,0.34758836674084503,-0.06650695733517942,0.6557833743779053
NVDA,WATCH,NEUTRAL,95_100,1,2016-01-21 00:00:00,2016-01-21 00:00:00,0.6,0.6,0.82,0.7069286763668061,0.638302378133216,0.9484126984126984,0.9656084656084656,2.264288988559381,0.2487672900797743,0.4704873586566334,1.0,0.0,1.0,0.06925578258863929,0.0,0.06925578258863929,-0.2334404393757593,0.0,0.3026962219643986
QQQ,CUSTOM,BEAR,30_50,5,2022-07-27 00:00:00,2024-04-30 00:00:00,0.776,0.6199999999999999,0.808,0.5219137760996819,0.5754838701843459,0.37063492063492065,0.3775132275132275,-0.32249236930032843,0.5259417943623159,0.27194555105315604,1.0,0.0,1.0,2.9990037717735634,-0.003422127843914047,2.9990037717735634,4.192241531798185,-0.002807908247467017,-1.1932377600246218
QQQ,CUSTOM,BEAR,50_70,16,2019-01-17 00:00:00,2024-09-11 00:00:00,0.7837500000000001,0.51625,0.8,0.6553845452144743,0.6943080567386475,0.6217757936507937,0.621031746031746,0.4412144998360691,0.6932408623019759,0.16357044182966438,1.0,0.0,1.0,0.24780681462742105,-0.02060874093691767,0.24780681462742105,0.29640951269966154,-0.022641153427569005,-0.04860269807224049
QQQ,CUSTOM,BEAR,70_85,70,2015-10-16 00:00:00,2025-05-09 00:00:00,0.6345714285714287,0.44400000000000006,0.6454285714285716,0.8009291412787779,0.7890351074073901,0.8081065759637187,0.7870134299175652,1.0841490994314276,0.6512032324865781,0.17184722610144865,0.5857142857142857,0.0,1.0,0.21525231812398782,-0.09175173159428607,0.21525231812398782,0.532699211283512,-0.15360544424115585,-0.31744689315952423
QQQ,CUSTOM,BEAR,85_95,70,2015-09-16 00:00:00,2026-04-07 00:00:00,0.5799999999999998,0.41057142857142864,0.5908571428571426,0.8297310824053629,0.8171936370029868,0.899829931972789,0.8985681359632798,1.4946825010908722,0.6776609487086861,0.1390186131324564,0.4857142857142857,0.0,1.0,0.2674003811534056,-0.0637022420597555,0.2674003811534056,0.29354339340978997,-0.1260867568106574,-0.02614301225638438
QQQ,CUSTOM,BEAR,95_100,74,2015-01-30 00:00:00,2026-03-30 00:00:00,0.5535135135135134,0.4110810810810811,0.5405405405405406,0.8540187296432419,0.8289498357164978,0.9776383526383527,0.9819576032694218,1.9702128514295036,0.6880714234468469,0.12813205682704218,0.35135135135135137,0.0,1.0,0.16598368847039358,-0.0444527968849282,0.16598368847039358,0.28065002738478695,-0.10208266997412685,-0.11466633891439337
QQQ,CUSTOM,BEAR,raw_fallback,7,2014-04-16 00:00:00,2014-10-20 00:00:00,0.7999999999999999,0.49142857142857144,0.7999999999999999,0.7272147710834231,0.7459476982793495,,,,0.49410450492746794,0.2936285828634058,1.0,0.0,0.0,4.926378813149571,-0.0041505295403428955,4.926378813149571,8.148923808784872,-0.005161291542697621,-3.2225449956353005
QQQ,CUSTOM,BULL,00_30,548,2015-02-24 00:00:00,2026-05-07 00:00:00,0.8466423357664234,0.8464598540145987,0.8485401459854016,0.20680439879601126,0.22361389905716597,0.13609373189665164,0.13820018005953666,-1.215860486292489,0.10516884685795144,0.3056617433496244,0.03467153284671533,0.0,1.0,0.16792106153146058,-0.09808656294810436,0.16792106153146058,0.19556771693914943,-0.11624737256217865,-0.027646655407688847
QQQ,CUSTOM,BULL,30_50,227,2015-03-04 00:00:00,2025-11-07 00:00:00,0.8240528634361235,0.801409691629956,0.8128634361233481,0.33933909696235526,0.3153050055650492,0.4117019788825957,0.3885655701631906,-0.5251455308710619,0.11269332295181946,0.3335131976623149,0.06167400881057269,0.0,1.0,0.1147243474706372,-0.0904595372367335,0.1147243474706372,0.04739589058312066,-0.158508150340385,0.06732845688751654
QQQ,CUSTOM,BULL,50_70,115,2015-03-06 00:00:00,2026-02-03 00:00:00,0.7379130434782607,0.6874782608695651,0.709391304347826,0.4982737023415773,0.4718722566092812,0.573895790200138,0.6066382201956132,0.1931836569399609,0.18979071124983002,0.3573464286871197,0.11304347826086956,0.0,1.0,0.13641080377356674,-0.06304306922980007,0.13641080377356674,0.23612066141300048,-0.07964673349942641,-0.09970985763943374
QQQ,CUSTOM,BULL,70_85,57,2015-01-23 00:00:00,2022-12-08 00:00:00,0.6168421052631579,0.5505263157894736,0.6105263157894738,0.6807723342588075,0.6520720531266939,0.7363547758284601,0.770469393946025,0.9180923311141322,0.2715803808928797,0.4300082744168792,0.19298245614035087,0.0,1.0,0.04408259461931485,-0.045326014665186376,0.04408259461931485,-0.1855628786594432,-0.09599332647404524,0.22964547327875806
QQQ,CUSTOM,BULL,85_95,35,2015-01-21 00:00:00,2026-02-11 00:00:00,0.5,0.4474285714285714,0.49028571428571427,0.8015809874875206,0.7763540600016507,0.86859410430839,0.893236273471936,1.5154455902652635,0.24379997500902126,0.48189945431103304,0.17142857142857143,0.0,1.0,-0.16661047418669173,-0.04741872707044681,-0.16661047418669173,-0.5017696183767044,-0.12786587119800974,0.3351591441900127
QQQ,CUSTOM,BULL,95_100,17,2015-02-06 00:00:00,2020-10-30 00:00:00,0.44235294117647056,0.38352941176470584,0.39999999999999997,0.8942095859962351,0.8403667884284772,0.9611344537815126,0.9732628914871907,1.6414884991470011,0.2067889407244784,0.5683322416749473,0.058823529411764705,0.0,1.0,0.4574559353088088,-0.014620871964827975,0.4574559353088088,0.5070884400711841,-0.03956689625363441,-0.04963250476237535
QQQ,CUSTOM,BULL,raw_fallback,356,2013-01-08 00:00:00,2014-12-15 00:00:00,0.8325280898876405,0.8464606741573034,0.8486516853932584,0.2109855040698574,0.2054876500379621,,,,0.09876041559667569,0.3828501517248083,0.016853932584269662,0.0,0.0,0.12937707578069357,-0.0644219975374839,0.12937707578069357,0.16001656933306418,-0.07154161889587685,-0.03063949355237061
QQQ,CUSTOM,NEUTRAL,00_30,1,2024-04-24 00:00:00,2024-04-24 00:00:00,0.86,0.82,0.82,0.3004370778799057,0.3013958316813571,0.32341269841269843,0.2962962962962963,-0.8234464564841822,0.1466719797640099,0.5838286333005421,0.0,0.0,1.0,28.499086630049838,0.0,28.499086630049838,46.42178952078238,0.0,-17.922702890732545
QQQ,CUSTOM,NEUTRAL,30_50,2,2024-04-25 00:00:00,2024-04-29 00:00:00,0.86,0.82,0.82,0.30758670791983606,0.30576374500353487,0.33035714285714285,0.3022486772486772,-0.7951756878758208,0.21092744365738758,0.5419081909759822,0.5,0.0,1.0,-0.2229636448022173,-0.005848172605493751,-0.2229636448022173,-0.332196928270059,-0.007230435844778116,0.10923328346784167
QQQ,CUSTOM,NEUTRAL,50_70,13,2020-04-24 00:00:00,2025-05-13 00:00:00,0.6569230769230769,0.4984615384615385,0.7384615384615386,0.667537910777789,0.7135068875141906,0.672008547008547,0.6182336182336182,0.430399392458163,0.5113346477268256,0.2636092915282033,0.7692307692307693,0.0,1.0,-0.36024439068096437,-0.03385794453789093,-0.36024439068096437,-0.388833692189943,-0.03969509190358966,0.02858930150897865
QQQ,CUSTOM,NEUTRAL,70_85,13,2016-05-06 00:00:00,2024-08-09 00:00:00,0.7076923076923077,0.48000000000000004,0.7123076923076923,0.7279048938017625,0.7295749993463794,0.7283272283272283,0.7686202686202684,1.011595336877524,0.5043251709134791,0.26953792686593664,0.7692307692307693,0.0,1.0,2.603929547562789,-0.016291496963516505,2.603929547562789,5.065001422475856,-0.023917107246047897,-2.461071874913067
QQQ,CUSTOM,NEUTRAL,85_95,14,2015-02-02 00:00:00,2026-02-18 00:00:00,0.7542857142857144,0.5185714285714285,0.76,0.7431210488080977,0.6916430978053053,0.883361678004535,0.9027698345073165,1.6338930344284084,0.5646169522200969,0.25774660838595975,0.7857142857142857,0.0,1.0,1.8552251343327524,-0.0063113331245995274,1.8552251343327524,3.380765807830204,-0.0060716667279666625,-1.5255406734974515
QQQ,CUSTOM,NEUTRAL,95_100,6,2015-01-29 00:00:00,2019-08-23 00:00:00,0.6733333333333333,0.4166666666666666,0.6533333333333334,0.8695126632849376,0.8054243616178839,0.9917328042328043,0.9882244724198747,1.8978396194647154,0.5620450197191743,0.20918370715791623,0.6666666666666666,0.0,1.0,-0.26773850108137753,-0.02706229600969634,-0.26773850108137753,-0.6672796553900755,-0.04926024581149202,0.39954115430869797
QQQ,CUSTOM,NEUTRAL,raw_fallback,6,2013-02-25 00:00:00,2014-04-30 00:00:00,0.8099999999999999,0.5266666666666667,0.8099999999999999,0.6239938971896967,0.6557542243399758,,,,0.4405956199140713,0.3668796746502883,0.8333333333333334,0.0,0.0,-0.2484110544501209,-0.019213752681382257,-0.2484110544501209,-0.35379661316694844,-0.02463964012849451,0.10538555871682753
QQQ,EXTREME_RISK,BEAR,70_85,2,2022-07-15 00:00:00,2025-04-23 00:00:00,0.3000000000000001,0.3,0.3000000000000001,0.8358448445796967,0.8660030543441469,0.810515873015873,0.7678571428571428,1.0995164496566194,0.6229004160207801,0.15672956709490604,0.0,0.0,1.0,3.4234266643740394,0.0,3.6975058967769643,182.72047105645746,0.0,-179.29704439208342
QQQ,EXTREME_RISK,BEAR,85_95,6,2022-02-24 00:00:00,2025-04-01 00:00:00,0.3000000000000001,0.3,0.3000000000000001,0.8906342600782713,0.870125340958476,0.9464285714285715,0.9111552028218696,1.376170258565083,0.5595375048996468,0.17412421948317916,0.0,0.0,1.0,0.3671157322353915,-0.012121274653651759,0.4522357039692986,-0.5725400422628684,-0.0567416945307091,0.9396557744982599
QQQ,EXTREME_RISK,BEAR,95_100,5,2016-02-16 00:00:00,2022-12-20 00:00:00,0.3000000000000001,0.3,0.3000000000000001,0.895909091234207,0.8728446195949064,0.971031746031746,0.9798941798941799,1.5804140628211747,0.6169691528229844,0.2182027331003081,0.0,0.0,1.0,-0.5966882159684688,-0.01637905936591877,-0.5714524340727125,-0.9590454021453914,-0.05059389344147347,0.3623571861769226
QQQ,EXTREME_RISK,BULL,85_95,3,2020-03-05 00:00:00,2021-03-05 00:00:00,0.3000000000000001,0.3,0.3000000000000001,0.8886323899030685,0.869706372370275,0.871031746031746,0.9100529100529101,1.4182285590044252,0.1988942446439909,0.5115053738835582,0.0,0.0,1.0,0.03632310104832159,0.0,0.10092210685798131,-0.8404712531139693,0.0,0.8767943541622909
QQQ,EXTREME_RISK,BULL,95_100,4,2019-06-04 00:00:00,2020-11-02 00:00:00,0.3000000000000001,0.3,0.3000000000000001,0.9147030577063561,0.8802893169474721,0.9861111111111112,0.9907407407407407,1.6168872415990307,0.20195955800631066,0.5934608310696464,0.0,0.0,1.0,1.5204463318263945,-0.005231766041113972,1.676980039424608,10.73101143721037,-0.015946212195286025,-9.210565105383974
QQQ,HIGH_VOL,BEAR,00_30,2,2023-01-13 00:00:00,2023-01-17 00:00:00,0.52,0.56,0.8,0.5273177094757557,0.6691769060801164,0.3025793650793651,0.23478835978835977,-0.6783569141388779,0.3854231227706312,0.44858707667976255,1.0,0.0,1.0,-0.6419728009876988,-0.005628137900376307,-0.6419728009876988,-0.9445741283054787,-0.009824423771384372,0.3026013273177799
QQQ,HIGH_VOL,BEAR,70_85,1,2022-09-01 00:00:00,2022-09-01 00:00:00,0.52,0.52,0.52,0.817721250653267,0.7365651244316065,0.7023809523809523,0.7433862433862434,0.8950583587116643,0.241728510480764,0.4131741725599842,0.0,0.0,1.0,-0.8385865644227353,0.0,-0.8385865644227353,-0.837405118899345,0.0,-0.0011814455233902788
QQQ,HIGH_VOL,BEAR,85_95,1,2022-01-18 00:00:00,2022-01-18 00:00:00,0.52,0.42,0.8,0.8560321003198624,0.7599110437530986,0.8591269841269841,0.876984126984127,1.319291478879148,0.4762359819494665,0.2302064605864194,1.0,0.0,1.0,-0.7852214745424437,0.0,-0.7852214745424437,-0.9629121109249527,0.0,0.17769063638250893
QQQ,HIGH_VOL,BEAR,raw_fallback,3,2014-04-10 00:00:00,2014-04-14 00:00:00,0.52,0.4533333333333333,0.4533333333333333,0.8056009779373805,0.752396793685346,,,,0.3001465530967233,0.47811447518607947,0.0,0.0,0.0,1.7561394215330663,0.0,1.7561394215330663,6.707786462297153,0.0,-4.951647040764087
QQQ,HIGH_VOL,BULL,30_50,7,2020-05-19 00:00:00,2021-02-08 00:00:00,0.52,0.5657142857142857,0.5657142857142857,0.5815600397331373,0.6498946999826704,0.46626984126984133,0.4680650037792895,-0.055854485484989204,0.1307651643449237,0.5155909390268214,0.0,0.0,1.0,-0.010124534518809347,-0.0005086859455624149,-0.010124534518809347,-0.1613075672248705,-0.00248797755968444,0.15118303270606115
QQQ,HIGH_VOL,BULL,50_70,32,2017-07-11 00:00:00,2021-02-04 00:00:00,0.52,0.535,0.535,0.6592220346909017,0.6912640055171498,0.5951140873015873,0.6206597222222223,0.45334750571134436,0.13274705751982158,0.603049878385771,0.0,0.0,1.0,0.31517440172792455,-0.03789230923487963,0.31517440172792455,0.7274270249628594,-0.06496913294056073,-0.41225262323493483
QQQ,HIGH_VOL,BULL,70_85,32,2015-12-16 00:00:00,2022-01-14 00:00:00,0.52,0.50125,0.50125,0.7577284149825573,0.72160653261657,0.7710193452380952,0.7798886314406448,1.0530035884507567,0.14488191267505507,0.5466455774930195,0.0,0.0,1.0,0.13785668178417065,-0.03574347025595459,0.13785668178417065,0.10213946136484675,-0.07434497334418821,0.0357172204193239
QQQ,HIGH_VOL,BULL,85_95,12,2015-12-17 00:00:00,2020-02-26 00:00:00,0.5199999999999999,0.47,0.5566666666666666,0.8135922801991304,0.747117139145987,0.9255952380952381,0.8969808407922796,1.5504722051513957,0.3042132833796275,0.3619250764992145,0.25,0.0,1.0,0.19711507732176226,-0.027034759852090584,0.19711507732176226,0.23841071834637062,-0.05829938934838319,-0.041295641024608365
QQQ,HIGH_VOL,BULL,95_100,4,2015-01-14 00:00:00,2015-12-18 00:00:00,0.52,0.47,0.47,0.8140886031091213,0.7475525794629437,0.9866071428571428,0.9868392201887596,2.426357242149544,0.2423198001443152,0.4082752328049773,0.0,0.0,1.0,1.180874167540209,0.0,1.180874167540209,6.153691686871823,0.0,-4.972817519331613
QQQ,HIGH_VOL,BULL,raw_fallback,2,2014-10-09 00:00:00,2014-10-10 00:00:00,0.52,0.52,0.52,0.7505055129528047,0.6860309034198995,,,,0.2133967665941477,0.43465317991495694,0.0,0.0,0.0,-0.5247248174466017,0.0,-0.5247248174466017,-0.8614783824447543,0.0,0.33675356499815257
QQQ,HIGH_VOL,NEUTRAL,70_85,2,2022-09-13 00:00:00,2022-09-14 00:00:00,0.52,0.42,0.42,0.8478199407458307,0.7684298040750954,0.7757936507936507,0.7923280423280423,1.0161229225167594,0.3091985281468015,0.44333817146165266,0.0,0.0,1.0,-0.7969975945073359,-0.002926481395453151,-0.7969975945073359,-0.9443611582721086,-0.0061148651186349046,0.14736356376477278
QQQ,HIGH_VOL,NEUTRAL,85_95,1,2024-08-06 00:00:00,2024-08-06 00:00:00,0.52,0.52,0.52,0.8774254590272904,0.7474234913271991,0.9146825396825397,0.8677248677248677,1.372538994875372,0.1620718303089317,0.5510208828302469,0.0,0.0,1.0,41.483338531656365,0.0,41.483338531656365,1983.9975219809594,0.0,-1942.5141834493031
QQQ,HIGH_VOL,NEUTRAL,raw_fallback,1,2014-10-14 00:00:00,2014-10-14 00:00:00,0.52,0.52,0.52,0.752778235077858,0.7238525164792275,,,,0.3490271003256699,0.3282295191597392,0.0,0.0,0.0,-0.6427696065180086,0.0,-0.6427696065180086,-0.7955312969994363,0.0,0.15276169048142763
QQQ,NORMAL,BEAR,00_30,19,2023-09-22 00:00:00,2023-11-02 00:00:00,0.9936842105263157,0.7705263157894737,0.9936842105263157,0.326742524575246,0.3540895452330362,0.16614452798663323,0.18038150932887775,-1.1347347217456427,0.607173352898264,0.18262253091074357,1.0,1.0,1.0,-0.10091555012420628,-0.04632407643686165,-0.09899941816016444,-0.10347915609041713,-0.04632407643686176,0.002563605966210858
QQQ,NORMAL,BEAR,30_50,6,2016-06-15 00:00:00,2023-10-23 00:00:00,0.9933333333333333,0.8000000000000002,0.9933333333333333,0.3847662253926198,0.31090337862663503,0.3151455026455026,0.35692239858906527,-0.5151125479298384,0.6829362087726093,0.13636979204990046,1.0,1.0,1.0,-0.32551919584213784,-0.024475891148042717,-0.32551919584213784,-0.3182068524337366,-0.024475891148042717,-0.007312343408401256
QQQ,NORMAL,BEAR,50_70,6,2016-06-22 00:00:00,2023-10-27 00:00:00,1.0,0.73,1.0,0.5527205400168896,0.4381021642216676,0.4837962962962963,0.5601851851851852,0.13896886500667405,0.6282281382597272,0.17727374758542333,1.0,1.0,1.0,-0.37394432013682366,0.0,-0.37394432013682366,-0.37394432013682366,0.0,0.0
QQQ,NORMAL,BEAR,70_85,2,2015-07-09 00:00:00,2026-03-19 00:00:00,1.0,0.6699999999999999,1.0,0.5196492925286293,0.46079070793718696,0.746031746031746,0.7948011484741342,0.8214258405111604,0.6313603362532247,0.1559967238853742,1.0,1.0,1.0,36.75362490840908,0.0,36.75362490840908,36.75362490840908,0.0,0.0
QQQ,NORMAL,BEAR,85_95,1,2016-06-24 00:00:00,2016-06-24 00:00:00,1.0,0.74,1.0,0.7864629179239273,0.4524630893692033,0.8234126984126984,0.8716931216931217,1.4249084506781649,0.7435440588050177,0.085438687307374,1.0,1.0,1.0,234.706628660826,0.0,234.706628660826,234.706628660826,0.0,0.0
QQQ,NORMAL,BEAR,95_100,1,2016-06-27 00:00:00,2016-06-27 00:00:00,1.0,0.6,1.0,0.8424620985984803,0.5499628416765225,0.9384920634920635,0.958994708994709,1.645156561827388,0.7558136771776953,0.0797402366478033,1.0,1.0,1.0,82.41783687552878,0.0,82.41783687552878,82.41783687552878,0.0,0.0
QQQ,NORMAL,BEAR,raw_fallback,7,2014-05-07 00:00:00,2014-05-20 00:00:00,1.0,0.68,1.0,0.4950116387435369,0.5024173819538219,,,,0.5463320580080061,0.30211397453317385,1.0,1.0,0.0,2.5145469210492117,-0.003622879053114203,2.5145469210492117,2.5145469210492117,-0.003622879053114203,0.0
QQQ,NORMAL,BULL,00_30,189,2015-02-13 00:00:00,2026-04-29 00:00:00,0.8429629629629629,0.795978835978836,0.8613756613756615,0.26049908808181216,0.32684596567672525,0.14849458301839255,0.15932687978246332,-1.1696739317677973,0.30176088089053377,0.3051674713103549,0.37037037037037035,0.3544973544973545,1.0,0.21620412642954356,-0.0560270522105073,0.2293025364455603,0.26791023513344947,-0.07214041674309812,-0.051706108703905906
QQQ,NORMAL,BULL,30_50,199,2015-02-11 00:00:00,2026-04-24 00:00:00,0.8063316582914574,0.7409045226130653,0.8120603015075376,0.36289576453404815,0.40008503635713255,0.41818218074499486,0.397310042928491,-0.4673657550955202,0.2329118667871381,0.3472136804263753,0.2562814070351759,0.2562814070351759,1.0,0.035640358077298595,-0.07266950048733667,0.044016754067591535,0.04002315843878579,-0.08884983929993229,-0.0043828003614871935
QQQ,NORMAL,BULL,50_70,144,2015-07-06 00:00:00,2026-04-14 00:00:00,0.7659722222222223,0.7316666666666668,0.7645833333333334,0.4767205239377088,0.4374669321795678,0.5905257936507936,0.6022249141280235,0.16397049338056746,0.17958221035601352,0.365796516720588,0.1388888888888889,0.11805555555555555,1.0,0.1390288607079453,-0.057166930309502706,0.15437452195278611,0.19745742268466482,-0.07611631953503761,-0.05842856197671953
QQQ,NORMAL,BULL,70_85,33,2015-01-05 00:00:00,2026-01-20 00:00:00,0.7345454545454545,0.7145454545454546,0.7369696969696968,0.5544632708032927,0.45796804711280836,0.7453102453102454,0.7625641212182569,0.7946335082507788,0.17580075958981653,0.4123014846254187,0.09090909090909091,0.06060606060606061,1.0,-0.06347927467220926,-0.04892735675676285,-0.0467426743717434,-0.1291826982654789,-0.06750765486409815,0.06570342359326964
QQQ,NORMAL,BULL,85_95,14,2015-01-06 00:00:00,2025-12-17 00:00:00,0.6985714285714285,0.6599999999999999,0.6928571428571428,0.6982098236680033,0.5113650757841534,0.8650793650793652,0.8826710898528162,1.630465390551091,0.20340242435298111,0.3957860605549591,0.14285714285714285,0.07142857142857142,1.0,1.7244403613505104,-0.0250385697391039,1.8302305411736137,2.7716361456235217,-0.04185827233523731,-1.0471957842730113
QQQ,NORMAL,BULL,95_100,2,2015-01-07 00:00:00,2015-05-06 00:00:00,0.6699999999999999,0.6,0.6,0.7609706744551659,0.5646513591526352,0.9603174603174603,0.9632982054295884,2.2573750456986144,0.23144646266192243,0.33232292395443136,0.0,0.0,1.0,1.3880834654955527,0.0,1.4740845753332148,1.0769743113782995,0.0,0.31110915411725326
QQQ,NORMAL,BULL,raw_fallback,62,2013-01-02 00:00:00,2014-12-16 00:00:00,0.7551612903225808,0.7629032258064518,0.7738709677419356,0.37227537120061543,0.37059855598727987,,,,0.14711166830290462,0.4779034722744703,0.06451612903225806,0.06451612903225806,0.0,0.26730611637302304,-0.04343590283163212,0.2939099439701829,0.4529082502707178,-0.057930545798754673,-0.18560213389769475
QQQ,NORMAL,NEUTRAL,00_30,6,2016-06-07 00:00:00,2023-11-03 00:00:00,1.0,0.8333333333333334,1.0,0.20463265416522822,0.2612666623045016,0.10681216931216932,0.11750440917107584,-1.3883197379407994,0.7351213703164584,0.10051164447995903,1.0,1.0,1.0,-0.5352505028206764,-0.025684675632361986,-0.5352505028206764,-0.5352505028206764,-0.025684675632361986,0.0
QQQ,NORMAL,NEUTRAL,30_50,4,2016-06-13 00:00:00,2016-06-21 00:00:00,1.0,0.84,1.0,0.2754343375563621,0.24346712102501394,0.30158730158730157,0.3664021164021164,-0.6197714061177206,0.7672714274352863,0.07770884457558705,1.0,1.0,1.0,1.1080071082400451,-0.0024186009903234273,1.1080071082400451,1.1080071082400451,-0.0024186009903234273,0.0
QQQ,NORMAL,NEUTRAL,50_70,6,2016-06-23 00:00:00,2026-04-13 00:00:00,0.9566666666666667,0.6833333333333332,0.9333333333333332,0.4743753828108311,0.4723125110664054,0.5085978835978836,0.57826278659612,0.08245055866802632,0.6328485555015454,0.17440756367241503,0.8333333333333334,0.8333333333333334,1.0,5.008813506426271,0.0,5.028676611273305,6.521325914645005,0.0,-1.5125124082187344
QQQ,NORMAL,NEUTRAL,70_85,1,2015-07-08 00:00:00,2015-07-08 00:00:00,1.0,0.82,1.0,0.449020166695118,0.3315821858142319,0.7202380952380952,0.7689873417721519,0.6180984162247272,0.6001163193757975,0.098488494046268,1.0,1.0,1.0,44.65417476450757,0.0,44.65417476450757,44.65417476450757,0.0,0.0
QQQ,NORMAL,NEUTRAL,85_95,2,2016-04-29 00:00:00,2016-05-03 00:00:00,0.74,0.56,0.81,0.7728618428111077,0.6278599311321484,0.808531746031746,0.8584656084656085,1.4134536012635226,0.4137964365085265,0.31147792437323435,1.0,0.0,1.0,-0.5068828375840385,0.0,-0.5068828375840385,-0.701909818387858,-0.00028592765126167485,0.19502698080381953
QQQ,NORMAL,NEUTRAL,raw_fallback,7,2014-05-06 00:00:00,2014-05-23 00:00:00,0.96,0.7000000000000001,0.96,0.3768324253814561,0.4526564710303186,,,,0.5054536095989024,0.32358494133109456,1.0,0.8571428571428571,0.0,0.5544125346112674,-0.013025031964897127,0.5769608288898926,0.5417502643947261,-0.013025031964897127,0.012662270216541316
QQQ,RISK_OFF,BEAR,30_50,1,2023-01-11 00:00:00,2023-01-11 00:00:00,0.42,0.42,0.42,0.5966496616601944,0.7955284748534187,0.3869047619047619,0.3492063492063492,-0.351018084168285,0.2818300085365883,0.5483349866792921,0.0,0.0,1.0,0.1821185116084787,0.0,0.25575977792439963,4.62915651031063,0.0,-4.447037998702152
QQQ,RISK_OFF,BEAR,50_70,16,2020-04-07 00:00:00,2023-01-10 00:00:00,0.37750000000000006,0.38875,0.5250000000000001,0.7412285480648281,0.825799023906105,0.6009424603174605,0.6239252645502645,0.5393795787483003,0.5500143018276189,0.2401934521439739,0.375,0.0,1.0,-0.2003761509870644,-0.034465565375844,-0.17134050728732042,-0.7396375364472028,-0.11323254838233365,0.5392613854601384
QQQ,RISK_OFF,BEAR,70_85,35,2019-01-16 00:00:00,2025-05-01 00:00:00,0.3988571428571429,0.35485714285714287,0.4091428571428572,0.8257963000025068,0.8546929982425163,0.8130385487528344,0.7880574452003023,1.0932926597918344,0.5494635997889492,0.19246205573329864,0.14285714285714285,0.0,1.0,-0.14691232714353264,-0.0733111293121228,-0.10457752828540634,0.013715443781611825,-0.12206347724355204,-0.16062777092514446
QQQ,RISK_OFF,BEAR,85_95,81,2015-10-13 00:00:00,2025-04-08 00:00:00,0.3380246913580249,0.32370370370370366,0.3424691358024693,0.8769647155278997,0.8732419627973674,0.9222516166960613,0.9075667907766672,1.368924949785554,0.5822592009234407,0.1761045437335859,0.04938271604938271,0.0,1.0,-0.13531174741141494,-0.08370665551000622,-0.11465535230986057,-0.218615308241785,-0.1892321433207571,0.08330356083037005
QQQ,RISK_OFF,BEAR,95_100,87,2015-09-29 00:00:00,2023-01-03 00:00:00,0.30827586206896573,0.30965517241379314,0.3096551724137933,0.9045601441599858,0.8929507398774923,0.9727011494252872,0.9778918741687359,1.5713066079256621,0.5515333362636301,0.2107887372052905,0.0,0.0,1.0,0.5823649213726325,-0.0318781598511938,0.6008753812827006,1.7880949406579916,-0.11978785083934074,-1.205730019285359
QQQ,RISK_OFF,BEAR,raw_fallback,1,2014-04-15 00:00:00,2014-04-15 00:00:00,0.8,0.42,0.8,0.8333560317754746,0.7867751866597924,,,,0.414371460730299,0.3897380365609323,1.0,0.0,0.0,-0.2413746844805278,0.0,-0.12629464374091404,0.060202317452836995,0.0,-0.3015770019333648
QQQ,RISK_OFF,BULL,30_50,1,2021-03-17 00:00:00,2021-03-17 00:00:00,0.52,0.52,0.52,0.6140854448080063,0.7467989514831598,0.47023809523809523,0.47883597883597884,-0.007188379732957566,0.2850724222794332,0.3217172225980769,0.0,0.0,1.0,0.43711769147504076,0.0,0.5112876019203043,1.4273244607087632,0.0,-0.9902067692337224
QQQ,RISK_OFF,BULL,50_70,8,2019-09-04 00:00:00,2021-03-11 00:00:00,0.3425000000000001,0.4175,0.46499999999999997,0.7222922563552857,0.8159863175580924,0.6091269841269842,0.6570767195767196,0.641314103080685,0.2061352918372834,0.5973942935917449,0.125,0.0,1.0,-0.29176034279331375,-0.01788813441852999,-0.281877180324392,-0.4694485770747445,-0.03798235337072087,0.17768823428143077
QQQ,RISK_OFF,BULL,70_85,17,2018-02-15 00:00:00,2022-12-05 00:00:00,0.43764705882352944,0.39176470588235296,0.4588235294117647,0.8025694307158976,0.8249144246706314,0.7488328664799253,0.7838468720821662,1.0673559532633066,0.27987587483938486,0.5142297022931911,0.17647058823529413,0.0,1.0,0.09678089776424681,-0.013437847249833657,0.16446917392971216,0.424844919912611,-0.028882415575812725,-0.32806402214836416
QQQ,RISK_OFF,BULL,85_95,10,2018-03-29 00:00:00,2021-03-09 00:00:00,0.3740000000000001,0.348,0.38600000000000007,0.8763041400909424,0.8537749559533612,0.8694444444444442,0.8985449735449734,1.3961706004615144,0.193852405459732,0.5964362537168313,0.1,0.0,1.0,1.2295699739773074,-0.008810969046601724,1.283756085795595,12.689684704117441,-0.028185598948715862,-11.460114730140134
QQQ,RISK_OFF,BULL,95_100,13,2015-01-20 00:00:00,2021-03-10 00:00:00,0.3461538461538462,0.3461538461538461,0.3461538461538462,0.8930212126328396,0.854031532280022,0.9662698412698413,0.9764580777430578,1.6367401297551363,0.19269785597183423,0.5497270637107867,0.0,0.0,1.0,0.832196947409136,-0.011708718644341976,0.8679245690095854,4.698211695187127,-0.036518870610774856,-3.8660147477779914
QQQ,RISK_OFF,NEUTRAL,70_85,3,2021-03-24 00:00:00,2022-12-06 00:00:00,0.5466666666666666,0.42,0.5466666666666666,0.8489082743724188,0.787079249951869,0.7705026455026456,0.7689594356261024,0.9788097344736513,0.38108589302703716,0.39718985614382407,0.3333333333333333,0.0,1.0,2.5134464326427133,0.0,3.055892595333326,17.00382464550528,0.0,-14.490378212862566
QQQ,RISK_OFF,NEUTRAL,85_95,4,2019-06-06 00:00:00,2021-03-08 00:00:00,0.3000000000000001,0.33,0.33000000000000007,0.8674649924039841,0.8682060271006403,0.8754960317460317,0.9107142857142858,1.5030123768218344,0.4441281902087218,0.31680752371788584,0.0,0.0,1.0,0.2574442682304543,0.0,0.2574442682304543,4.926895164233752,-0.0028546220234012543,-4.669450896003298
QQQ,RISK_OFF,NEUTRAL,95_100,5,2018-10-12 00:00:00,2020-03-10 00:00:00,0.4000000000000001,0.34400000000000003,0.4000000000000001,0.9082837849855423,0.8597265184287213,0.984920634920635,0.9899470899470899,1.781168380264144,0.34793248139316824,0.35764831982389617,0.2,0.0,1.0,-0.42679208757949516,-0.04432477461023776,-0.42679208757949516,-0.9801054221075064,-0.1312526956289698,0.5533133345280112
QQQ,WATCH,BEAR,00_30,3,2022-07-29 00:00:00,2023-01-20 00:00:00,0.9733333333333333,0.6,0.9733333333333333,0.44634521305561065,0.6010196285839169,0.2433862433862434,0.22266313932980597,-0.8406760287342075,0.5657638748307052,0.28758175978527517,1.0,1.0,1.0,5.052145287899566,-0.0018087158393530478,5.258409477663292,5.261491746049642,-0.0020418262734930304,-0.20934645815007613
QQQ,WATCH,BEAR,30_50,5,2022-04-04 00:00:00,2026-03-17 00:00:00,0.8879999999999999,0.5840000000000001,0.8879999999999999,0.5130089911818505,0.6302128818761809,0.3801587301587302,0.39365079365079364,-0.29998823850045825,0.5511374995545564,0.27441786226101506,0.8,0.8,1.0,1.4836332659090345,-0.0032402840516394527,1.6739733782407495,2.0155366641814525,-0.0031602840516393726,-0.531903398272418
QQQ,WATCH,BEAR,50_70,9,2019-02-01 00:00:00,2026-04-08 00:00:00,0.8977777777777776,0.5377777777777778,0.8977777777777776,0.6281973161631161,0.6567759072605259,0.5985449735449735,0.6144914756025867,0.3686840574513123,0.6030709469806723,0.21740951731605826,0.8888888888888888,0.7777777777777778,1.0,5.054457129772478,-0.014596225431144694,5.4189926107097035,5.474185534780811,-0.023119052700826703,-0.41972840500833275
QQQ,WATCH,BEAR,70_85,18,2015-10-21 00:00:00,2026-03-18 00:00:00,0.9177777777777778,0.5466666666666666,0.9133333333333334,0.7104952977763282,0.6553790083977569,0.7791005291005291,0.7819746091700766,1.018335593351991,0.5681727170428837,0.22045001571512135,0.9444444444444444,0.7777777777777778,1.0,-0.2867164803164586,-0.09013156520873888,-0.2663474427545498,-0.31439960035767445,-0.0957123383444356,0.02768312004121587
QQQ,WATCH,BEAR,85_95,23,2016-06-29 00:00:00,2026-03-27 00:00:00,0.9391304347826089,0.5721739130434782,0.9391304347826089,0.7002868781919065,0.6474008799161435,0.8519668737060041,0.8857832988267771,1.4319944090471968,0.5413115551369387,0.2687179308952045,1.0,0.8695652173913043,1.0,-0.13129954196421167,-0.061450601183457576,-0.1214330531992398,-0.06504508413518062,-0.06349152953191106,-0.06625445782903105
QQQ,WATCH,BEAR,95_100,6,2015-08-20 00:00:00,2016-06-28 00:00:00,0.82,0.56,0.82,0.8238376120726268,0.6613518032351854,0.978505291005291,0.9851803228823695,2.1848066348610238,0.541914405637754,0.17301117700001498,0.8333333333333334,0.3333333333333333,1.0,3.4213182237050956,-0.0066321705795876484,3.7113085775164825,3.2445248775241327,-0.008200690461625304,0.17679334618096298
QQQ,WATCH,BEAR,raw_fallback,2,2014-10-15 00:00:00,2014-10-22 00:00:00,0.88,0.52,0.88,0.6880155861377717,0.6967330271578994,,,,0.4699712422149598,0.2609636666434234,1.0,0.5,0.0,7.960799892512689,0.0,8.609274142118005,13.53230000419683,0.0,-5.571500111684141
QQQ,WATCH,BULL,00_30,31,2015-04-15 00:00:00,2025-01-24 00:00:00,0.6374193548387099,0.647741935483871,0.6851612903225808,0.41593958358130145,0.5080219445741383,0.26312083973374295,0.23048135243257192,-0.8570431570079314,0.20626144381623668,0.447866863851009,0.0967741935483871,0.0967741935483871,1.0,-0.39398377491014236,-0.07431816402704583,-0.39359447728640606,-0.5870577843677809,-0.11797283403110137,0.19307400945763853
QQQ,WATCH,BULL,30_50,131,2015-03-24 00:00:00,2025-12-23 00:00:00,0.6548091603053435,0.6233587786259541,0.6798473282442749,0.5115377313876881,0.5551657957973958,0.4175602811098994,0.4128184097458052,-0.2579360721517242,0.20710582834209793,0.42943086519863544,0.16030534351145037,0.13740458015267176,1.0,0.1443649173946997,-0.1397318878435847,0.15283806854052484,0.19055881783692885,-0.20587879954169985,-0.04619390044222915
QQQ,WATCH,BULL,50_70,149,2015-11-20 00:00:00,2025-12-19 00:00:00,0.6900671140939597,0.5943624161073826,0.6912751677852349,0.5801795761957265,0.5890623882662901,0.5942260573133056,0.6016833432630102,0.2912637251448672,0.28349745550061856,0.38406393046157705,0.26174496644295303,0.24161073825503357,1.0,0.11834483668584372,-0.0586783239511488,0.13050452980873017,0.18597809556970013,-0.07199905417170416,-0.0676332588838564
QQQ,WATCH,BULL,70_85,72,2015-01-02 00:00:00,2025-12-18 00:00:00,0.6588888888888889,0.5827777777777777,0.6572222222222222,0.6593818350798554,0.614389421541394,0.7398589065255732,0.7609067933765107,0.9194499908269389,0.23644453171169907,0.40713816583746704,0.19444444444444445,0.18055555555555555,1.0,0.0985815474895484,-0.05366761888053895,0.10801185947531144,0.10458922022886852,-0.09109630195630536,-0.006007672739320125
QQQ,WATCH,BULL,85_95,33,2015-01-08 00:00:00,2025-11-21 00:00:00,0.593939393939394,0.5612121212121213,0.5975757575757576,0.7611261587251317,0.6471417884636984,0.8879268879268879,0.9007399267379395,1.6888955041021685,0.23315904927218511,0.38145571617132534,0.12121212121212122,0.030303030303030304,1.0,-0.15722467003358842,-0.04691554904623829,-0.1394906161128452,-0.28993341015936847,-0.08109857971272294,0.13270874012578004
QQQ,WATCH,BULL,95_100,7,2015-01-09 00:00:00,2015-12-15 00:00:00,0.5942857142857143,0.5428571428571429,0.5828571428571429,0.8033126865114485,0.6802808788441291,0.9693877551020407,0.9755327229199281,2.287328233950349,0.20738912781825722,0.4019466175091239,0.14285714285714285,0.0,1.0,0.23942389281614607,-0.0064700377728785785,0.2682672059265099,-0.10749909896790655,-0.018419961658210804,0.3469229917840526
QQQ,WATCH,BULL,raw_fallback,44,2014-02-04 00:00:00,2014-12-31 00:00:00,0.6127272727272729,0.6145454545454544,0.6309090909090908,0.558110589991239,0.5770906469864262,,,,0.11452102515066655,0.5085873780438954,0.045454545454545456,0.045454545454545456,0.0,0.13943650005873653,-0.04065019581244955,0.1415450121048849,0.03236016103480033,-0.07832185484930476,0.1070763390239362
QQQ,WATCH,NEUTRAL,00_30,4,2021-10-14 00:00:00,2023-01-25 00:00:00,0.99,0.6,0.99,0.5033228524029255,0.5740105158184255,0.3000992063492064,0.2523148148148148,-0.6820491043131931,0.6317576282049553,0.22847848416412303,1.0,1.0,1.0,9.262657885019136,-0.002100273962008181,9.365113391950468,9.287477906145325,-0.0022193537920055517,-0.024820021126188863
QQQ,WATCH,NEUTRAL,30_50,5,2020-04-16 00:00:00,2024-09-13 00:00:00,0.96,0.584,0.96,0.4828693750500679,0.6186417169977584,0.4170634920634921,0.42433862433862435,-0.2854542411064939,0.6042307119506868,0.1996369948093611,1.0,1.0,1.0,-0.6817581197640827,-0.03535115212697515,-0.6714256281687707,-0.685250854355725,-0.03689955508130305,0.0034927345916422325
QQQ,WATCH,NEUTRAL,50_70,19,2016-03-23 00:00:00,2026-04-09 00:00:00,0.9157894736842106,0.583157894736842,0.9231578947368423,0.5811733224674275,0.6211109624809884,0.6187343358395988,0.6095098858256753,0.30912502001588976,0.6341635653081772,0.19950761951692164,0.9473684210526315,0.8421052631578947,1.0,1.2041291756260128,-0.03311226925514765,1.2523242537179025,1.3788911947807678,-0.03455901571885733,-0.17476201915475498
QQQ,WATCH,NEUTRAL,70_85,17,2015-10-20 00:00:00,2026-02-25 00:00:00,0.8447058823529412,0.5670588235294118,0.8447058823529412,0.6804112976088244,0.6395675967864891,0.6924603174603173,0.7580401591622301,0.9154003008766705,0.5229654142974371,0.23188840825483623,0.7647058823529411,0.5882352941176471,1.0,0.1628182036566086,-0.04510340129651613,0.18930980125371888,0.1429449636005986,-0.04254091714216979,0.01987324005600999
QQQ,WATCH,NEUTRAL,85_95,5,2016-05-04 00:00:00,2024-08-05 00:00:00,0.664,0.536,0.648,0.8185074931383134,0.6659386375779196,0.8480158730158731,0.8764550264550264,1.4299786071385967,0.31298128746025133,0.3830873391512114,0.4,0.0,1.0,0.15688292223466727,-0.007505988751111525,0.22375475729311467,0.18913881947274458,-0.010829782964917656,-0.03225589723807731
QQQ,WATCH,NEUTRAL,95_100,3,2015-01-28 00:00:00,2018-10-11 00:00:00,0.8533333333333334,0.5466666666666667,0.8533333333333334,0.8492358307043711,0.6777330150781884,0.9914021164021164,0.9890371589028019,2.0268604785848234,0.5309021287802914,0.20825371514254584,1.0,0.3333333333333333,1.0,1.5233268842666097,-0.00991797114805193,1.6528509460449126,0.8757289062764566,-0.012104201305289886,0.6475979779901531
QQQ,WATCH,NEUTRAL,raw_fallback,6,2014-04-07 00:00:00,2014-10-21 00:00:00,0.8333333333333334,0.56,0.82,0.5981983713805676,0.6421924424459483,,,,0.4259485128617024,0.3537105809731362,0.6666666666666666,0.6666666666666666,0.0,0.6361652488784677,-0.016906691410058183,0.6859885785449471,0.8594649894066757,-0.02215648888960331,-0.223299740528208
SOXX,CUSTOM,BEAR,30_50,2,2024-12-02 00:00:00,2025-05-22 00:00:00,0.8,0.63,0.8,0.5115693405270577,0.5837352847826076,0.5912698412698413,0.45899470899470896,-0.18878103030270535,0.545852600112723,0.16951986689445414,1.0,0.0,1.0,115.94575410996966,0.0,115.94575410996966,321.2744119516758,0.0,-205.32865784170616
SOXX,CUSTOM,BEAR,50_70,35,2020-04-06 00:00:00,2025-05-08 00:00:00,0.814857142857143,0.5085714285714286,0.7891428571428573,0.6799118803654399,0.714972476863385,0.681689342403628,0.6526832955404385,0.5796843364534717,0.5847426997618775,0.18364387212867364,0.9714285714285714,0.0,1.0,0.46281103619595276,-0.127155798788246,0.46281103619595276,0.8298529608450935,-0.12963820259629144,-0.36704192464914076
SOXX,CUSTOM,BEAR,70_85,95,2018-12-03 00:00:00,2025-05-06 00:00:00,0.7130526315789472,0.44315789473684225,0.7319999999999998,0.7817283979528827,0.7804369804356104,0.7966583124477858,0.7808688387635756,1.0893926550369362,0.6186653204874506,0.1502284707943503,0.8210526315789474,0.0,1.0,0.08352328979484391,-0.19111399318702293,0.08352328979484391,0.09184951978593214,-0.24568996477829286,-0.00832622999108823
SOXX,CUSTOM,BEAR,85_95,129,2015-08-04 00:00:00,2025-04-03 00:00:00,0.542015503875969,0.4158139534883721,0.5548837209302325,0.837260277280512,0.823406116803086,0.9259413067552602,0.9101820763572787,1.5778928827869734,0.7019305114576296,0.11880312313686921,0.37209302325581395,0.0,1.0,-0.05281444621684428,-0.12358066274024371,-0.05281444621684428,-0.13768634942930524,-0.19419342831697028,0.08487190321246096
SOXX,CUSTOM,BEAR,95_100,49,2015-05-12 00:00:00,2024-09-13 00:00:00,0.5461224489795918,0.39836734693877557,0.5044897959183675,0.8692565759833977,0.8267760705908036,0.9813735017816649,0.9781631122099493,2.063999240669403,0.6954972779786567,0.1020381336118037,0.30612244897959184,0.0,1.0,-0.22141719033617702,-0.133525101899591,-0.22141719033617702,-0.3259087851712409,-0.2487781774983835,0.10449159483506387
SOXX,CUSTOM,BEAR,raw_fallback,9,2013-08-27 00:00:00,2014-10-27 00:00:00,0.8066666666666666,0.6333333333333333,0.82,0.5236187744057841,0.5338505625217278,,,,0.3824709020763905,0.20288179363478176,0.6666666666666666,0.0,0.0,4.015217209672981,-0.011486222028471382,4.015217209672981,6.833493827918208,-0.014330794687603565,-2.8182766182452266
SOXX,CUSTOM,BULL,00_30,396,2016-11-30 00:00:00,2026-05-07 00:00:00,0.8245959595959597,0.8273232323232323,0.8287878787878787,0.2726045767767261,0.28129812212198413,0.13099246432579767,0.15223331195553416,-1.1573462938204822,0.09143439220389155,0.34068203422875964,0.022727272727272728,0.0,1.0,0.43367965951972454,-0.13675823881732518,0.43367965951972454,0.5442136220806568,-0.16220791447047012,-0.11053396256093229
SOXX,CUSTOM,BULL,30_50,200,2015-02-27 00:00:00,2026-05-04 00:00:00,0.8193,0.7957000000000001,0.8004000000000001,0.34315174949727945,0.32865660915658096,0.30234126984126986,0.38576944102774363,-0.5249761982985431,0.09677614684594037,0.3523966109150027,0.05,0.0,1.0,0.2612898002015791,-0.17328602262610882,0.2612898002015791,0.3419733228383657,-0.20433520619758616,-0.08068352263678658
SOXX,CUSTOM,BULL,50_70,89,2015-03-02 00:00:00,2025-10-27 00:00:00,0.8040449438202246,0.7044943820224718,0.7530337078651685,0.47356352227624876,0.44927342906794343,0.5325708935259497,0.5854403927505629,0.11728552578177596,0.20455278996275594,0.3632373748952084,0.24719101123595505,0.0,1.0,0.16530245330608428,-0.09478293664529802,0.16530245330608428,0.0871012664341142,-0.10186402436471531,0.07820118687197009
SOXX,CUSTOM,BULL,70_85,59,2015-03-03 00:00:00,2023-01-04 00:00:00,0.6603389830508475,0.5457627118644068,0.6566101694915255,0.6479453006664575,0.6475160376157658,0.7551789077212806,0.774237804401225,0.886445766226299,0.3231073111357092,0.3078951519225402,0.3389830508474576,0.0,1.0,0.1555761766019479,-0.06885128485319902,0.1555761766019479,0.3693670143888612,-0.09040483719571135,-0.21379083778691332
SOXX,CUSTOM,BULL,85_95,35,2015-02-10 00:00:00,2022-01-24 00:00:00,0.5971428571428573,0.4571428571428571,0.5851428571428573,0.8177411982842854,0.7711642393581152,0.926814058956916,0.8965606347364194,1.588515755450248,0.3621572907430926,0.2763767096807197,0.37142857142857144,0.0,1.0,0.0777705943486997,-0.08173133501853935,0.0777705943486997,0.5688688029500029,-0.09903636832415408,-0.49109820860130315
SOXX,CUSTOM,BULL,95_100,8,2015-02-03 00:00:00,2021-03-12 00:00:00,0.7075,0.44499999999999995,0.7050000000000001,0.8161184608936309,0.7765477011029946,0.9816468253968254,0.9787871478125354,2.602173694540027,0.4589349396014978,0.25176488171587064,0.75,0.0,1.0,0.27790234385596846,-0.019140371151375013,0.27790234385596846,0.6854476271117809,-0.025962944384230524,-0.4075452832558124
SOXX,CUSTOM,BULL,raw_fallback,415,2013-01-03 00:00:00,2014-12-17 00:00:00,0.8304578313253012,0.849879518072289,0.849879518072289,0.18076646452747192,0.17725721701756897,,,,0.09389449445599671,0.34592643370977244,0.0,0.0,0.0,0.18579497282912016,-0.08096229550014811,0.18579497282912016,0.22160918170712063,-0.09765980301531674,-0.035814208878000464
SOXX,CUSTOM,NEUTRAL,30_50,4,2018-08-31 00:00:00,2025-05-23 00:00:00,0.8799999999999999,0.7050000000000001,0.75,0.4244678389281034,0.477695802153618,0.4489087301587301,0.3835978835978836,-0.49613012476436086,0.4307410692466572,0.2629529625761143,0.75,0.0,1.0,-0.3612508392556847,-0.013101486242414362,-0.3612508392556847,-0.35608673230724475,-0.0142160023814768,-0.005164106948439939
SOXX,CUSTOM,NEUTRAL,50_70,6,2019-06-20 00:00:00,2025-05-30 00:00:00,0.6733333333333333,0.5,0.8033333333333333,0.6161821891864141,0.7035081026894433,0.646494708994709,0.6186067019400353,0.36822932424769833,0.5905084276647617,0.17048128431222218,1.0,0.0,1.0,0.47515869291188806,-0.03277353606969491,0.47515869291188806,-0.2837662348705329,-0.058663942090166565,0.7589249277824209
SOXX,CUSTOM,NEUTRAL,70_85,17,2016-03-03 00:00:00,2024-11-05 00:00:00,0.6670588235294117,0.47411764705882353,0.7294117647058824,0.7361132307964212,0.7502391093830478,0.7407796451914099,0.7740429505135387,1.01440969636466,0.5608008326013285,0.20041124737872842,0.7647058823529411,0.0,1.0,-0.7318846343638656,-0.12752251648840385,-0.7318846343638656,-0.7965085239819388,-0.1575246659892312,0.0646238896180732
SOXX,CUSTOM,NEUTRAL,85_95,10,2015-10-21 00:00:00,2022-09-13 00:00:00,0.612,0.43,0.6100000000000001,0.8441767236590387,0.8033822365592412,0.9228174603174603,0.9137528665857279,1.6878335442657177,0.6664663440455273,0.0890361964912296,0.5,0.0,1.0,0.6508688688384967,-0.023838057263606327,0.6508688688384967,1.2985514825872726,-0.041807762331321774,-0.6476826137487759
SOXX,CUSTOM,NEUTRAL,95_100,3,2015-05-11 00:00:00,2019-05-24 00:00:00,0.6,0.4533333333333333,0.5466666666666666,0.8347760796546936,0.7929100538932511,0.9708994708994708,0.9781567281567282,2.089735666948503,0.5921601678332582,0.1867498429024519,0.3333333333333333,0.0,1.0,0.562108076573739,-0.0019259581013271188,0.562108076573739,0.10075933836701934,-0.008567588851547181,0.4613487382067196
SOXX,CUSTOM,NEUTRAL,raw_fallback,4,2013-08-23 00:00:00,2013-08-29 00:00:00,0.82,0.86,0.86,0.1385378117673099,0.16336827693307426,,,,0.27921936225596855,0.23948281852665176,0.0,0.0,0.0,-0.48972563826028226,-0.0072553571296211095,-0.48972563826028226,-0.5388103729221891,-0.008578482510305685,0.04908473466190688
SOXX,EXTREME_RISK,BEAR,85_95,3,2018-11-15 00:00:00,2024-09-16 00:00:00,0.3000000000000001,0.3,0.3000000000000001,0.8679113755623499,0.8646371990848932,0.9384920634920634,0.9329805996472663,1.5591687426887588,0.6924253574882179,0.1303196178246271,0.0,0.0,1.0,-0.7687729570053177,-0.0062904375850352245,-0.7542718694470576,-0.9935095296518381,-0.02077126636057436,0.22473657264652047
SOXX,EXTREME_RISK,BEAR,95_100,6,2015-08-24 00:00:00,2022-06-14 00:00:00,0.3000000000000001,0.3,0.3000000000000001,0.8907666047414144,0.8709806450946315,0.9904100529100529,0.9844472291840712,1.966131064314544,0.7048637926891478,0.09487769636123007,0.0,0.0,1.0,0.4520424968319159,-0.015291959622493523,0.5424275149670803,1.1642600431817618,-0.06025790994096958,-0.7122175463498459
SOXX,EXTREME_RISK,BULL,85_95,1,2018-04-10 00:00:00,2018-04-10 00:00:00,0.3000000000000001,0.3,0.3000000000000001,0.8810308873653412,0.8605048738770176,0.996031746031746,0.9378306878306878,1.8127373298336604,0.7730966432154215,0.0522131024764727,0.0,0.0,1.0,1.5874869875686186,0.0,1.7481616374233213,109.7205775206205,0.0,-108.13309053305187
SOXX,EXTREME_RISK,NEUTRAL,95_100,1,2019-05-28 00:00:00,2019-05-28 00:00:00,0.3000000000000001,0.3,0.3000000000000001,0.9175546377897263,0.8704952248529698,1.0,1.0,2.007169173141357,0.5056984467109643,0.2206758254103014,0.0,0.0,1.0,1.7476710714665078,0.0,1.9182507432986058,7.317970617703072,0.0,-5.570299546236564
SOXX,HIGH_VOL,BEAR,50_70,2,2024-08-20 00:00:00,2024-08-21 00:00:00,0.52,0.56,0.56,0.5720596633851529,0.658856812744255,0.7023809523809523,0.585978835978836,0.20736828375284885,0.36039914360565406,0.4467112310502115,0.0,0.0,1.0,-0.40025544694274573,0.0,-0.40025544694274573,-0.6494900719370742,0.0,0.24923462499432847
SOXX,HIGH_VOL,BEAR,70_85,3,2022-11-16 00:00:00,2024-08-22 00:00:00,0.52,0.48666666666666664,0.58,0.7834636449813844,0.7226162156218546,0.7559523809523809,0.763668430335097,0.9837484748444756,0.37408869231360536,0.44595789868708097,0.3333333333333333,0.0,1.0,-0.8462192857446679,-0.022101623096958622,-0.8462192857446679,-0.9650303145177194,-0.04127353110847132,0.1188110287730515
SOXX,HIGH_VOL,BEAR,85_95,3,2024-08-02 00:00:00,2024-08-06 00:00:00,0.52,0.4533333333333333,0.4533333333333333,0.8209843943516414,0.7513900704082491,0.9497354497354497,0.8531746031746033,1.323275814636262,0.30836419874007004,0.3995267556318545,0.0,0.0,1.0,4.658725000909081,-0.015574102117789423,4.658725000909081,52.99153597157994,-0.02785366492103225,-48.33281097067086
SOXX,HIGH_VOL,BEAR,raw_fallback,1,2014-10-16 00:00:00,2014-10-16 00:00:00,0.52,0.52,0.8,0.7578921586275101,0.6963962853094218,,,,0.4054367133883088,0.1740245943602717,1.0,0.0,0.0,7.849028436678026,0.0,7.849028436678026,51.77377958027472,0.0,-43.924751143596694
SOXX,HIGH_VOL,BULL,00_30,1,2020-10-06 00:00:00,2020-10-06 00:00:00,0.52,0.6,0.6,0.3393124282360077,0.5391938281624858,0.24404761904761904,0.23677248677248677,-1.0014034218444319,0.1365341162413869,0.6543799958822598,0.0,0.0,1.0,4.812359314973379,0.0,4.812359314973379,21.243243641882465,0.0,-16.430884326909087
SOXX,HIGH_VOL,BULL,30_50,4,2019-02-13 00:00:00,2022-12-12 00:00:00,0.52,0.56,0.56,0.4751021269708872,0.6306547428800411,0.375,0.4176587301587302,-0.34269863958309316,0.20725455758670128,0.5189101663000096,0.0,0.0,1.0,1.591470070051347,-0.006892112128380479,1.591470070051347,5.765577255689386,-0.015003063203936073,-4.1741071856380385
SOXX,HIGH_VOL,BULL,50_70,44,2016-07-13 00:00:00,2026-04-07 00:00:00,0.52,0.5454545454545455,0.5454545454545455,0.6187340082770045,0.6728909487989206,0.6649981962481962,0.6455026455026455,0.43261854079240725,0.1863721953473906,0.34488296309417116,0.0,0.0,1.0,0.35581978866690145,-0.038702287920675094,0.35581978866690145,0.7074806700899745,-0.07269406782283727,-0.35166088142307306
SOXX,HIGH_VOL,BULL,70_85,47,2015-10-30 00:00:00,2026-03-25 00:00:00,0.5199999999999999,0.5187234042553192,0.5187234042553192,0.7040961557563316,0.7061543454018891,0.7414724755150287,0.7603516209118936,0.9205949729387785,0.1706092045991998,0.3995899802923118,0.0,0.0,1.0,0.22763606108883327,-0.04198275923830086,0.22763606108883327,0.6260342486752866,-0.07162985269854794,-0.3983981875864533
SOXX,HIGH_VOL,BULL,85_95,18,2015-10-29 00:00:00,2026-03-27 00:00:00,0.52,0.49222222222222217,0.49222222222222217,0.7754290286037658,0.7379363524236662,0.8720238095238095,0.8872428809226562,1.4807387343272227,0.20101298299472087,0.43991644283462167,0.0,0.0,1.0,0.5119386840486131,-0.05191093250244605,0.5119386840486131,1.0641125319597258,-0.09407994188762037,-0.5521738479111127
SOXX,HIGH_VOL,NEUTRAL,50_70,1,2024-08-19 00:00:00,2024-08-19 00:00:00,0.52,0.52,0.52,0.577245806157589,0.701600902521671,0.7142857142857143,0.5965608465608465,0.23162529663404993,0.3521678285307736,0.4393703959624692,0.0,0.0,1.0,6.539160851751404,0.0,6.539160851751404,33.734650035673475,0.0,-27.19548918392207
SOXX,HIGH_VOL,NEUTRAL,70_85,5,2022-11-18 00:00:00,2026-04-02 00:00:00,0.52,0.48,0.48,0.7340615773200989,0.7392635482599926,0.7083333333333334,0.7841269841269841,1.0525582016613704,0.2637920409717093,0.5189323885502148,0.0,0.0,1.0,11.424255022009378,0.0,11.424255022009378,81.84541239311798,0.0,-70.4211573711086
SOXX,HIGH_VOL,NEUTRAL,85_95,1,2026-03-30 00:00:00,2026-03-30 00:00:00,0.52,0.52,0.52,0.7762174308300018,0.7346217382263323,0.875,0.9166666666666666,1.5820506998267299,0.2370903676181213,0.5008875451625889,0.0,0.0,1.0,46.09533664222437,0.0,46.09533664222437,1742.8637887780606,0.0,-1696.7684521358362
SOXX,NORMAL,BEAR,00_30,1,2025-02-25 00:00:00,2025-02-25 00:00:00,0.74,0.74,0.74,0.2487349987030029,0.3936993509909345,0.09523809523809523,0.07671957671957672,-1.3683212018055748,0.3953110068139682,0.392674450929176,0.0,0.0,1.0,-0.9999855959179283,0.0,-0.9999855959179283,-0.9999997280723447,0.0,1.4132154416368614e-05
SOXX,NORMAL,BEAR,30_50,27,2022-08-02 00:00:00,2025-02-24 00:00:00,0.9844444444444446,0.6362962962962961,0.9866666666666668,0.49641351539779593,0.5196682016419557,0.4927248677248677,0.4242602390750539,-0.2836266560676072,0.5909225951112279,0.23165981502616387,1.0,0.9629629629629629,1.0,-0.3303470513034188,-0.12272365484992787,-0.32934152809477757,-0.2913452049182973,-0.12265150277080517,-0.0390018463851215
SOXX,NORMAL,BEAR,50_70,18,2018-06-28 00:00:00,2025-03-04 00:00:00,0.9622222222222222,0.6388888888888888,0.9655555555555557,0.5704025103814072,0.5056096463907094,0.6955467372134039,0.5984714873603764,0.2018747486557128,0.5651417494541753,0.22761133471449002,0.9444444444444444,0.8888888888888888,1.0,-0.20620289071898446,-0.05012939335648037,-0.19730887526903762,-0.28897868279225913,-0.05969881821371403,0.08277579207327468
SOXX,NORMAL,BEAR,70_85,1,2018-08-21 00:00:00,2018-08-21 00:00:00,1.0,0.6,1.0,0.600842148065567,0.5428840339599499,0.8134920634920635,0.7420634920634921,0.5153880048632805,0.7125768680572928,0.1232071478800619,1.0,1.0,1.0,0.3331438655502139,0.0,0.3331438655502139,0.3331438655502139,0.0,0.0
SOXX,NORMAL,BEAR,raw_fallback,3,2014-10-10 00:00:00,2014-10-14 00:00:00,0.7399999999999999,0.6,0.6,0.7612241129080455,0.6045053128814517,,,,0.3457940733255958,0.16429728896555149,0.0,0.0,0.0,10.398104747242948,0.0,10.398104747242948,23.242789181342037,0.0,-12.844684434099088
SOXX,NORMAL,BULL,00_30,210,2016-12-09 00:00:00,2026-04-15 00:00:00,0.788,0.7740952380952381,0.8070476190476191,0.2995867719217425,0.359566630076097,0.15972222222222218,0.172461577223482,-1.0796101326239567,0.1815625813531877,0.3718279429863386,0.1619047619047619,0.14761904761904762,1.0,0.7417878213907367,-0.08874193584848789,0.7635671861088116,0.9425726447206006,-0.11212306619262424,-0.20078482332986392
SOXX,NORMAL,BULL,30_50,289,2015-02-25 00:00:00,2026-04-08 00:00:00,0.7847058823529413,0.7406920415224916,0.7905190311418686,0.39951160704543026,0.4112766570422952,0.37312572087658596,0.39628603932388745,-0.47465533089750556,0.20644298356410337,0.3702521435730137,0.2041522491349481,0.17647058823529413,1.0,-0.20114721367537902,-0.2959384189545534,-0.19459933384974393,-0.23005563864012912,-0.3353541551069149,0.0289084249647501
SOXX,NORMAL,BULL,50_70,178,2015-02-20 00:00:00,2026-02-03 00:00:00,0.7720224719101124,0.7275280898876404,0.7725842696629214,0.46675267680809746,0.44247217145289564,0.540083823791689,0.5868537734084284,0.07724746713523127,0.17820526063663034,0.3700687177556108,0.16292134831460675,0.15168539325842698,1.0,-0.12602353934611554,-0.1793561861776296,-0.11880012045957022,-0.22672144744574896,-0.2463357941349571,0.10069790809963342
SOXX,NORMAL,BULL,70_85,55,2015-02-13 00:00:00,2026-02-06 00:00:00,0.7232727272727274,0.6920000000000002,0.7232727272727274,0.5403700987452811,0.47017002356877496,0.6943001443001443,0.7581057995098088,0.6987633649909828,0.17779786630939015,0.41155129053693895,0.09090909090909091,0.09090909090909091,1.0,0.3325548216780576,-0.05619387373943108,0.37573543306922974,0.5171299701742806,-0.08997688314109709,-0.18457514849622303
SOXX,NORMAL,BULL,85_95,10,2015-01-02 00:00:00,2015-06-26 00:00:00,0.776,0.6980000000000001,0.776,0.5418056620657443,0.471671997946111,0.8875,0.9033309313536403,1.643031813418019,0.28224114974699543,0.2793620084480891,0.3,0.2,1.0,0.1016083071463969,-0.01745749096418625,0.11281127099059285,-0.07058988334036842,-0.021503982111501063,0.17219819048676532
SOXX,NORMAL,BULL,95_100,4,2015-01-05 00:00:00,2015-04-24 00:00:00,0.76,0.67,0.76,0.6408999722450972,0.46871429437243584,0.9548611111111112,0.9587587307379113,2.3760503253059917,0.21264058651020123,0.2952765976283919,0.25,0.25,1.0,9.100071385287276,0.0,9.591968865806942,24.592531700740103,0.0,-15.492460315452828
SOXX,NORMAL,BULL,raw_fallback,58,2013-01-02 00:00:00,2014-12-31 00:00:00,0.770689655172414,0.7624137931034484,0.7858620689655174,0.3619757201715277,0.37673923733344133,,,,0.17582740441999936,0.4137729342303832,0.08620689655172414,0.08620689655172414,0.0,0.3911243680742673,-0.05033993144407445,0.40443453076790536,0.4678368323487707,-0.0689192814146361,-0.0767124642745034
SOXX,NORMAL,NEUTRAL,00_30,12,2021-10-14 00:00:00,2025-02-26 00:00:00,0.9783333333333334,0.7466666666666667,0.9833333333333334,0.3280067203566432,0.40503546221875536,0.19874338624338625,0.19014550264550265,-1.0550509805053465,0.5644651593761215,0.20388307019672017,1.0,0.9166666666666666,1.0,0.7086554864893988,-0.04488867503899929,0.7115447801809385,0.828603163301324,-0.04481182883447832,-0.1199476768119252
SOXX,NORMAL,NEUTRAL,30_50,16,2018-06-27 00:00:00,2025-05-21 00:00:00,0.96375,0.6875,0.96375,0.44348918749019506,0.46747320065563075,0.41555059523809523,0.40410052910052907,-0.4117330290880441,0.550213056740966,0.19897110023914566,0.9375,0.875,1.0,3.634814958655012,-0.03757806838620392,3.66435133664411,3.440747664040072,-0.04125083898479032,0.19406729461494
SOXX,NORMAL,NEUTRAL,50_70,12,2017-08-25 00:00:00,2025-01-27 00:00:00,0.9683333333333334,0.705,0.9683333333333334,0.5435150247067213,0.4811624821862499,0.6787367724867726,0.5925925925925927,0.147997216826965,0.5964862708679274,0.19782973105062004,0.9166666666666666,0.9166666666666666,1.0,2.388544823003682,-0.01642282947180207,2.388544823003682,2.079377879998442,-0.021780628085517395,0.30916694300523995
SOXX,NORMAL,NEUTRAL,70_85,5,2016-05-04 00:00:00,2016-05-23 00:00:00,0.808,0.656,0.808,0.5654750889539718,0.5157753242051315,0.6035714285714286,0.7357142857142857,0.6812034211987548,0.30815934020515245,0.45511176617243904,0.4,0.4,1.0,4.759000092255862,-0.0006209184330944195,5.07552441154125,7.141236843687704,-0.0012736827444764787,-2.382236751431842
SOXX,NORMAL,NEUTRAL,85_95,4,2015-06-29 00:00:00,2015-07-02 00:00:00,0.74,0.67,0.67,0.6055092789232731,0.4822720048933782,0.8898809523809523,0.9115331746974917,1.7963710924676777,0.21235195960678582,0.3383455722280737,0.0,0.0,1.0,-0.3411007434877432,-0.011478052078265799,-0.3411007434877432,-0.49385654960766945,-0.017683776099904902,0.15275580611992623
SOXX,NORMAL,NEUTRAL,raw_fallback,2,2014-10-07 00:00:00,2014-10-09 00:00:00,0.74,0.74,0.74,0.5475307665765285,0.4530169164506924,,,,0.22455457128902315,0.1445211524344518,0.0,0.0,0.0,-0.9885240149546354,-0.014823161035712795,-0.9885240149546354,-0.9978864527472138,-0.021223760608930387,0.009362437792578393
SOXX,RISK_OFF,BEAR,50_70,5,2022-07-13 00:00:00,2024-08-16 00:00:00,0.544,0.44000000000000006,0.744,0.6859005898237229,0.7660139660262963,0.6484126984126984,0.6544973544973545,0.5896847081260004,0.5105030178669909,0.2266184660826544,0.8,0.0,1.0,0.015055580011421155,-0.03842292576689321,0.12008458813351552,0.5003519162503502,-0.053965730363642606,-0.4852963362389291
SOXX,RISK_OFF,BEAR,70_85,13,2019-01-09 00:00:00,2025-04-09 00:00:00,0.4246153846153847,0.3923076923076923,0.48000000000000004,0.7888530767880954,0.8355756048266435,0.7721306471306472,0.7924297924297924,1.1684300146108066,0.6657478238733107,0.09502968610391517,0.23076923076923078,0.0,1.0,5.579976492018873,-0.005166572808630976,5.970435577485333,34.24607577054278,-0.023593584941899448,-28.66609927852391
SOXX,RISK_OFF,BEAR,85_95,56,2015-09-25 00:00:00,2025-03-14 00:00:00,0.3214285714285715,0.33642857142857135,0.33642857142857147,0.8587147516863686,0.8650874006168733,0.9145762471655328,0.916137563962897,1.6969597831824292,0.683098987734093,0.09968366042474698,0.0,0.0,1.0,0.10471818413556644,-0.05977084142272815,0.12435491419077516,0.47752441119765887,-0.14351497356809173,-0.37280622706209243
SOXX,RISK_OFF,BEAR,95_100,90,2015-07-29 00:00:00,2024-09-10 00:00:00,0.30800000000000016,0.308,0.30800000000000016,0.8912478514512382,0.8810329729459242,0.980379188712522,0.982034956849135,2.0314626048438806,0.6432718986864266,0.11186709305404646,0.0,0.0,1.0,0.39496842535677645,-0.033635358324868525,0.412872322413804,1.2631190234752716,-0.10813797034553863,-0.8681505981184952
SOXX,RISK_OFF,BULL,70_85,7,2018-04-17 00:00:00,2019-08-28 00:00:00,0.5314285714285714,0.4342857142857143,0.6914285714285714,0.7514884612389974,0.8058773495944116,0.8424036281179138,0.7995086923658352,1.1352489205635667,0.749898275377728,0.11035447793845675,0.7142857142857143,0.0,1.0,-0.29666501573872506,-0.005716351376492623,-0.22346796547624326,-0.6324463937603986,-0.010839246488983822,0.3357813780216735
SOXX,RISK_OFF,BULL,85_95,4,2018-02-15 00:00:00,2021-03-09 00:00:00,0.39,0.42,0.42,0.8321958571672441,0.8090139491524413,0.9325396825396826,0.8842592592592593,1.5199797278497424,0.40618210484318734,0.28480679732428915,0.0,0.0,1.0,7.878306018210248,0.0,8.545039268955245,282.6725492552584,0.0,-274.79424323704814
SOXX,RISK_OFF,BULL,95_100,1,2019-05-22 00:00:00,2019-05-22 00:00:00,0.42,0.42,0.42,0.8845066368579866,0.8210678123035207,0.9623015873015873,0.9748677248677249,1.8723636053139554,0.4887141641298543,0.240923410630132,0.0,0.0,1.0,-0.6843688095549446,0.0,-0.6135441102717132,-0.8898316666759276,0.0,0.205462857120983
SOXX,RISK_OFF,NEUTRAL,50_70,1,2024-09-30 00:00:00,2024-09-30 00:00:00,0.8,0.42,0.8,0.7205709159374237,0.7549778755495791,0.8234126984126984,0.6931216931216931,0.7733862896410449,0.5853558924652084,0.2622459841065252,1.0,0.0,1.0,10.26514353239984,0.0,12.617153327550362,28.16073754072632,0.0,-17.89559400832648
SOXX,RISK_OFF,NEUTRAL,70_85,6,2019-06-10 00:00:00,2024-11-04 00:00:00,0.5266666666666667,0.4366666666666667,0.5466666666666667,0.7541938404242199,0.7934848382531077,0.7222222222222222,0.7685185185185185,0.9881080413608587,0.4635600740592875,0.31132955483251984,0.3333333333333333,0.0,1.0,2.400406538908319,-0.002175827778819417,2.6892963070997693,2.4567206074526236,-0.000918717575737249,-0.05631406854430443
SOXX,RISK_OFF,NEUTRAL,85_95,11,2015-10-20 00:00:00,2019-06-07 00:00:00,0.36727272727272736,0.3436363636363636,0.3781818181818183,0.8493194097822362,0.8595473726711798,0.908910533910534,0.9043847799166947,1.7051131829490316,0.7147280600700583,0.09820158537366157,0.09090909090909091,0.0,1.0,2.1997309156876397,-0.004752338774812848,2.329676277079186,12.646887551522354,-0.009838554033834712,-10.447156635834714
SOXX,WATCH,BEAR,30_50,16,2022-07-28 00:00:00,2025-05-15 00:00:00,0.95,0.595,0.95,0.5231353387236596,0.5917978165990753,0.48040674603174605,0.4514715608465608,-0.16377023111816633,0.5655062660878242,0.20455297206176964,0.9375,0.9375,1.0,0.07416534729769952,-0.0718489184450235,0.09184357007573585,0.2118527188108743,-0.0723053837312786,-0.13768737151317478
SOXX,WATCH,BEAR,50_70,49,2018-10-05 00:00:00,2025-05-09 00:00:00,0.9485714285714286,0.5689795918367347,0.9485714285714286,0.6313359266945294,0.6281388465851453,0.6205458373825721,0.6003671309793759,0.34735210870740385,0.563866582688974,0.19660806712281237,0.9795918367346939,0.9183673469387755,1.0,3.045448591489838,-0.07760863017065589,3.1086120869693916,3.3450829799575876,-0.0805904911955897,-0.2996343884677497
SOXX,WATCH,BEAR,70_85,15,2016-01-06 00:00:00,2024-11-18 00:00:00,0.7520000000000001,0.5679999999999998,0.7786666666666668,0.6639499453703563,0.6109868325475915,0.7555555555555556,0.7640211640211639,0.8514432698312877,0.4473754316384723,0.3306526605628495,0.6666666666666666,0.26666666666666666,1.0,-0.4160033048231707,-0.03594487181335981,-0.3993761433434644,-0.6104899783038121,-0.05367526513767806,0.19448667348064141
SOXX,WATCH,BEAR,85_95,18,2015-07-06 00:00:00,2025-03-10 00:00:00,0.8244444444444444,0.56,0.8577777777777779,0.7176504267586603,0.6516712737093401,0.9071869488536155,0.906814014872896,1.7310168228769651,0.5273891640994971,0.2078656595374613,0.8888888888888888,0.5,1.0,-0.38863535013066075,-0.05171910962219406,-0.36787595108498927,-0.4956341514991581,-0.05514768499590228,0.10699880136849738
SOXX,WATCH,BEAR,95_100,7,2015-05-06 00:00:00,2016-01-13 00:00:00,0.9142857142857143,0.5542857142857143,0.9142857142857143,0.7277830362319948,0.6618628041997573,0.9560657596371883,0.9651892675889603,2.253152551431173,0.638899079122213,0.12133448252315907,1.0,0.7142857142857143,1.0,-0.5312008470819249,-0.047578939112047136,-0.5186027878150583,-0.6782751705060661,-0.05845385546573334,0.14707432342414117
SOXX,WATCH,BEAR,raw_fallback,3,2014-10-15 00:00:00,2014-10-30 00:00:00,0.7600000000000001,0.5466666666666667,0.7600000000000001,0.7254749963680903,0.6766123516122944,,,,0.43057982732432415,0.1694538120951975,0.6666666666666666,0.3333333333333333,0.0,21.811712372811208,0.0,23.775495664235496,68.03793751931745,0.0,-46.226225146506245
SOXX,WATCH,BULL,00_30,11,2018-01-02 00:00:00,2026-04-14 00:00:00,0.5999999999999999,0.7272727272727273,0.7272727272727273,0.31731285987929864,0.4452340909541404,0.1628787878787879,0.18674843674843677,-1.0245496819031388,0.22642661843660045,0.3583709652614844,0.0,0.0,1.0,2.763978155652973,-0.0011317321945434333,2.763978155652973,8.384825791621436,-0.0020571278223618927,-5.620847635968463
SOXX,WATCH,BULL,30_50,74,2015-04-10 00:00:00,2026-04-09 00:00:00,0.6356756756756756,0.648918918918919,0.6867567567567567,0.44561535272545905,0.5201848990369458,0.3988899613899614,0.41715455134894713,-0.37755047166511024,0.16924215733455586,0.35615091395012993,0.0945945945945946,0.0945945945945946,1.0,0.05368666562296931,-0.08361753221137014,0.05803307228955257,0.013293789916258403,-0.14044759695541054,0.04039287570671091
SOXX,WATCH,BULL,50_70,133,2015-04-13 00:00:00,2026-02-12 00:00:00,0.6451127819548873,0.6091729323308271,0.6560902255639097,0.5580162699733462,0.5674282370650827,0.6171977562955007,0.6076101747845004,0.22768423169929655,0.16898991065623395,0.3671011790900797,0.12781954887218044,0.12030075187969924,1.0,0.12997003808309993,-0.20969762242824141,0.13577797205958975,0.38980313826491053,-0.2724047528518514,-0.2598331001818106
SOXX,WATCH,BULL,70_85,117,2015-04-09 00:00:00,2026-03-02 00:00:00,0.6037606837606834,0.5880341880341876,0.6123076923076918,0.6453275128944308,0.6006036506643336,0.7372134038800705,0.7647820170961173,0.8391055955299006,0.17233326566324875,0.3866429660809104,0.07692307692307693,0.03418803418803419,1.0,0.004531151883622853,-0.1264623977228838,0.012403873400488319,0.02177075222165481,-0.1943772615101903,-0.017239600338031957
SOXX,WATCH,BULL,85_95,39,2015-01-08 00:00:00,2026-03-06 00:00:00,0.6692307692307694,0.558974358974359,0.6697435897435897,0.7147982211449209,0.6461458631628181,0.8954517704517705,0.8976517161872516,1.639264539243393,0.2969095667057825,0.29686608354561705,0.3333333333333333,0.15384615384615385,1.0,-0.5457583942127692,-0.12293396608326657,-0.5358474120380524,-0.6708969801304978,-0.18171741011614628,0.12513858591772864
SOXX,WATCH,BULL,95_100,20,2015-01-06 00:00:00,2015-05-14 00:00:00,0.64,0.588,0.65,0.6780878370255233,0.6073587322906207,0.9700396825396824,0.9719844998907989,2.714195379209664,0.23482431707935164,0.30197122678901767,0.2,0.05,1.0,0.7728469144363499,-0.010021484161089389,0.790735411445826,1.5125767638308756,-0.02153640578772975,-0.7397298493945257
SOXX,WATCH,BULL,raw_fallback,9,2014-10-28 00:00:00,2014-11-10 00:00:00,0.9777777777777779,0.5911111111111111,0.9777777777777779,0.5494037682811419,0.5988905434387785,,,,0.4922423255435715,0.1487157116101798,1.0,1.0,0.0,0.6237168601123462,-0.01736577716328558,0.6422137749467314,0.6891172690221561,-0.01755195871066495,-0.06540040890980992
SOXX,WATCH,NEUTRAL,30_50,5,2019-06-24 00:00:00,2025-05-14 00:00:00,0.9359999999999999,0.6,0.9359999999999999,0.4696513557434082,0.5875840184970137,0.49682539682539684,0.43148148148148147,-0.3300874913603372,0.5383828754788273,0.21538658132487196,1.0,0.8,1.0,-0.5289339431719522,-0.04435176333868707,-0.519265000562269,-0.46935448751268216,-0.04338528129662511,-0.05957945565927003
SOXX,WATCH,NEUTRAL,50_70,19,2016-05-18 00:00:00,2025-02-05 00:00:00,0.9515789473684212,0.583157894736842,0.9515789473684212,0.6137762363804015,0.6098979611473355,0.6784670008354218,0.6322751322751322,0.38923534797304293,0.5884641501492226,0.18846980965433838,0.9473684210526315,0.9473684210526315,1.0,0.37219302562439416,-0.06457319075662415,0.40754554895064654,0.5987364193731277,-0.06749041417633073,-0.22654339374873356
SOXX,WATCH,NEUTRAL,70_85,13,2016-03-08 00:00:00,2024-10-31 00:00:00,0.7523076923076922,0.5630769230769229,0.7676923076923077,0.6580894213456374,0.6286427886189141,0.6997863247863249,0.7496947496947498,0.810299448703,0.45626601165830216,0.29677439599831124,0.6153846153846154,0.3076923076923077,1.0,4.6699233318667535,-0.010298263167836219,4.855459861014279,7.01264143079856,-0.023305002123163887,-2.3427180989318064
SOXX,WATCH,NEUTRAL,85_95,1,2019-08-05 00:00:00,2019-08-05 00:00:00,0.6,0.6,0.6,0.8588426768779756,0.6221282828009128,0.8571428571428571,0.9047619047619048,1.6595805666393997,0.1795192396760279,0.5437863613199878,0.0,0.0,1.0,1.6161864647614665,0.0,1.6161864647614665,3.894200333643136,0.0,-2.2780138688816693
SOXX,WATCH,NEUTRAL,95_100,3,2015-05-05 00:00:00,2015-05-08 00:00:00,0.96,0.5466666666666667,0.96,0.7269278049468996,0.6573350232438728,0.9669312169312169,0.9717378729288613,2.551912954969175,0.7229123931239831,0.11790628051171659,1.0,1.0,1.0,0.20538089121514758,-0.008664233616665684,0.20538089121514758,0.22822359919610125,-0.00904892318805528,-0.02284270798095367
SPY,CUSTOM,BEAR,00_30,1,2023-09-22 00:00:00,2023-09-22 00:00:00,1.0,0.82,0.82,0.3458459258079529,0.2681131545934082,0.30753968253968256,0.2804232804232804,-0.9048008379255512,0.4341221392360252,0.3378756547047666,1.0,0.0,1.0,-0.9759984460915018,0.0,-0.9759984460915018,-0.9759984460915018,0.0,0.0
SPY,CUSTOM,BEAR,30_50,8,2015-08-06 00:00:00,2023-09-27 00:00:00,0.8875,0.7599999999999999,0.8825000000000001,0.3697983746416867,0.3657222286533035,0.36706349206349204,0.38585729406710556,-0.49355562720791263,0.4473073299012022,0.27947046784462354,0.875,0.0,1.0,0.9531177498123429,-0.01162537684531928,0.9531177498123429,1.0614219111191927,-0.011893870793241668,-0.10830416130684983
SPY,CUSTOM,BEAR,50_70,16,2015-08-11 00:00:00,2023-11-01 00:00:00,0.76,0.61,0.7775000000000001,0.5612942450679839,0.5805275057341461,0.5419146825396826,0.6041556148914471,0.3235053865478739,0.47593234023229913,0.275938889228726,0.625,0.0,1.0,0.158998610256323,-0.03536506221381974,0.158998610256323,0.3988379891879217,-0.04286547606371982,-0.23983937893159868
SPY,CUSTOM,BEAR,70_85,54,2015-06-30 00:00:00,2026-03-17 00:00:00,0.5725925925925927,0.44925925925925936,0.5896296296296297,0.7771166928940348,0.7841759163532827,0.786926807760141,0.7905728510350798,1.141654463591435,0.6617595268892844,0.14757807543258536,0.42592592592592593,0.0,1.0,-0.07164598895825747,-0.08427664612690611,-0.07164598895825747,-0.3576687154469729,-0.18234003913730323,0.2860227264887154
SPY,CUSTOM,BEAR,85_95,68,2015-08-20 00:00:00,2026-04-07 00:00:00,0.5382352941176471,0.41705882352941187,0.5311764705882354,0.8406845530166345,0.8161547587396796,0.9072128851540616,0.9070730868104492,1.5957246743675384,0.6614648003871001,0.1699766602266641,0.3382352941176471,0.0,1.0,-0.13848084197308919,-0.09684914039250903,-0.13848084197308919,-0.07359314362342129,-0.2138102750910187,-0.0648876983496679
SPY,CUSTOM,BEAR,95_100,38,2015-01-30 00:00:00,2026-04-01 00:00:00,0.5142105263157898,0.3878947368421053,0.4752631578947371,0.8899040476271981,0.8394765482730165,0.968201754385965,0.9716087604195636,1.952855364138363,0.7140206729483217,0.12225888535833472,0.23684210526315788,0.0,1.0,0.01033009424064013,-0.04254117540946345,0.01033009424064013,0.5018750479804281,-0.06444598500756737,-0.491544953739788
SPY,CUSTOM,BEAR,raw_fallback,8,2014-10-13 00:00:00,2014-10-23 00:00:00,0.8200000000000001,0.4325,0.8,0.8184030666947366,0.7786755860577153,,,,0.7074973681864556,0.10646045650513755,1.0,0.0,0.0,1.9370081294248824,-0.005710251261369481,1.9370081294248824,3.1194845742481156,-0.0071108645123793,-1.1824764448232332
SPY,CUSTOM,BULL,00_30,624,2015-02-23 00:00:00,2026-05-07 00:00:00,0.8407692307692309,0.849198717948718,0.8507371794871796,0.19852199574681714,0.2148986756878149,0.13052312271062272,0.12614494806658647,-1.2290421388678083,0.09164303331910512,0.33682001941305434,0.04006410256410257,0.0,1.0,0.10322202225190713,-0.08942272281820274,0.10322202225190713,0.1226911200330163,-0.10614822035236726,-0.019469097781109168
SPY,CUSTOM,BULL,30_50,235,2015-03-02 00:00:00,2026-04-30 00:00:00,0.830127659574468,0.8165957446808509,0.824936170212766,0.3072611568202364,0.29441605531568,0.3994849712934819,0.3896629859307875,-0.5497595148350226,0.10300114994531691,0.3526053664247985,0.03829787234042553,0.0,1.0,0.15464647261943343,-0.0435174099757768,0.15464647261943343,0.1469692834744627,-0.06036242181141771,0.007677189144970731
SPY,CUSTOM,BULL,50_70,178,2015-03-03 00:00:00,2026-04-28 00:00:00,0.736179775280899,0.689550561797753,0.7148314606741574,0.4978198991858223,0.4681388741022697,0.5958511681826288,0.5928571482047765,0.1562502514410481,0.18274845918999827,0.3908742589344159,0.14606741573033707,0.0,1.0,-0.14582930052693766,-0.16923680417871756,-0.14582930052693766,-0.12966949235812653,-0.18472607121926798,-0.01615980816881113
SPY,CUSTOM,BULL,70_85,97,2015-04-14 00:00:00,2026-01-23 00:00:00,0.5826804123711341,0.5245360824742268,0.5738144329896908,0.7091244396244742,0.6790939012906191,0.7486499754540992,0.7705644538058292,0.938168497168436,0.2368601870884802,0.47624112066299595,0.16494845360824742,0.0,1.0,0.020740710447228805,-0.07026032439524343,0.020740710447228805,0.005045491834387628,-0.12234259340791787,0.015695218612841177
SPY,CUSTOM,BULL,85_95,44,2015-01-22 00:00:00,2022-12-22 00:00:00,0.6554545454545456,0.4563636363636364,0.6500000000000001,0.7869928083975207,0.768729081067891,0.9116612554112554,0.8942562291366678,1.585116640948381,0.40597946765684506,0.3052435494925993,0.5454545454545454,0.0,1.0,0.1636745123217218,-0.02561878438880283,0.1636745123217218,0.4234452210229174,-0.03933844359620131,-0.25977070870119556
SPY,CUSTOM,BULL,95_100,11,2015-01-15 00:00:00,2020-06-26 00:00:00,0.6272727272727273,0.40727272727272723,0.6054545454545455,0.8473814140666616,0.7981670346443049,0.967171717171717,0.9730708401622338,2.0887179866123997,0.6167350671965625,0.1731843412805396,0.5454545454545454,0.0,1.0,0.13907793290939252,-0.02220186765265375,0.13907793290939252,-0.054366616529422096,-0.05037294409516724,0.19344454943881462
SPY,CUSTOM,BULL,raw_fallback,375,2013-01-03 00:00:00,2014-12-11 00:00:00,0.8419733333333334,0.8456,0.8467200000000001,0.2051754565099875,0.19839685854165237,,,,0.09880263765933064,0.37640821920966616,0.005333333333333333,0.0,0.0,0.0860607656615211,-0.06457853606873742,0.0860607656615211,0.09670682281036624,-0.07554999497736681,-0.010646057148845145
SPY,CUSTOM,NEUTRAL,00_30,1,2023-09-20 00:00:00,2023-09-20 00:00:00,1.0,0.86,1.0,0.2188722461462021,0.1893456378769875,0.14682539682539683,0.13624338624338625,-1.3996750432651193,0.4291674778135682,0.3471790769473491,1.0,0.0,1.0,-0.43294226042945005,0.0,-0.43294226042945005,-0.43294226042945005,0.0,0.0
SPY,CUSTOM,NEUTRAL,30_50,5,2016-11-09 00:00:00,2022-11-22 00:00:00,0.8959999999999999,0.6319999999999999,0.7959999999999999,0.4741301998496056,0.5785676776516757,0.35396825396825393,0.42486772486772484,-0.19548356968116382,0.4225257661425085,0.3743954987146993,0.8,0.0,1.0,0.12110056975095018,-0.00352641598585246,0.12110056975095018,0.1610227318384494,-0.0032825136190777204,-0.03992216208749921
SPY,CUSTOM,NEUTRAL,50_70,11,2022-03-24 00:00:00,2025-05-15 00:00:00,0.8,0.4563636363636363,0.8,0.7276111814108763,0.7604124032403111,0.597041847041847,0.6041366041366042,0.5494236584342033,0.6196314971460054,0.22107971691103157,1.0,0.0,1.0,0.2869108424110558,-0.023355001489896554,0.2869108424110558,0.319060826953532,-0.02851013236783073,-0.032149984542476195
SPY,CUSTOM,NEUTRAL,70_85,26,2015-06-29 00:00:00,2025-05-13 00:00:00,0.6261538461538462,0.4653846153846153,0.67,0.7606141711083743,0.7602463225005369,0.7730463980463982,0.7947021030088123,1.1061311100496156,0.6007328397440226,0.22773054560237443,0.6153846153846154,0.0,1.0,0.16526959978294964,-0.026262931693113556,0.16526959978294964,0.5468998723676799,-0.03921307747159386,-0.38163027258473026
SPY,CUSTOM,NEUTRAL,85_95,14,2018-10-15 00:00:00,2022-12-27 00:00:00,0.5671428571428571,0.4342857142857142,0.5357142857142857,0.8632588001234193,0.7976696798981765,0.8870464852607709,0.8991874527588813,1.4363551442460623,0.423917734978672,0.34015049109596784,0.2857142857142857,0.0,1.0,0.24084828379708756,-0.017206570122802578,0.24084828379708756,1.5284352689136789,-0.01972061556991289,-1.2875869851165913
SPY,CUSTOM,NEUTRAL,95_100,5,2015-01-29 00:00:00,2020-03-03 00:00:00,0.648,0.43999999999999995,0.648,0.8607826972007752,0.7877102172074962,0.9726190476190476,0.978797330403016,2.1904777847568786,0.4894971146642507,0.22591938178567944,0.6,0.0,1.0,-0.20442795159550442,-0.01808686144288807,-0.20442795159550442,-0.8981954308556853,-0.06092203237335814,0.6937674792601809
SPY,EXTREME_RISK,BEAR,70_85,1,2022-09-26 00:00:00,2022-09-26 00:00:00,0.3000000000000001,0.3,0.3000000000000001,0.8744377821683884,0.8618200097288484,0.8492063492063492,0.8359788359788359,1.0379158125078265,0.3500206660537711,0.3912560241820326,0.0,0.0,1.0,52.77961756113668,0.0,56.07799445531541,134.67648466635939,0.0,-81.8968671052227
SPY,EXTREME_RISK,BEAR,85_95,4,2020-03-12 00:00:00,2025-04-01 00:00:00,0.3000000000000001,0.3,0.3000000000000001,0.8828027769923211,0.8709075794895551,0.9389880952380952,0.9183201058201058,1.523015800366859,0.6071882273990687,0.17393894222293294,0.0,0.0,1.0,-0.863718192129354,-0.010698195494170282,-0.8551527024202442,-0.9999825722707162,-0.05638895359391671,0.13626438014136222
SPY,EXTREME_RISK,BEAR,95_100,9,2015-09-04 00:00:00,2022-04-26 00:00:00,0.3000000000000001,0.3,0.3000000000000001,0.8978298203812707,0.8729359164316648,0.9814814814814815,0.9833205986354684,1.7998081103801786,0.711070585446294,0.08919149980407864,0.0,0.0,1.0,-0.019572945980021128,-0.008636123876288981,0.041551051367072045,0.13993376576688843,-0.03240289262417373,-0.15950671174690956
SPY,EXTREME_RISK,BULL,95_100,1,2020-06-29 00:00:00,2020-06-29 00:00:00,0.3000000000000001,0.3,0.3000000000000001,0.9201591968536378,0.8928249701050953,0.998015873015873,0.9986772486772487,1.5086805177591414,0.71081097112433,0.1179605225497014,0.0,0.0,1.0,0.33645833476293685,0.0,0.41967259193150697,4.807079878305181,0.0,-4.4706215435422445
SPY,EXTREME_RISK,NEUTRAL,95_100,2,2022-12-28 00:00:00,2023-01-05 00:00:00,0.3000000000000001,0.3,0.3000000000000001,0.9109679192304612,0.8682604570627332,0.9662698412698412,0.9722222222222222,1.0965273517677794,0.07512861876222515,0.810734261021725,0.0,0.0,1.0,-0.2377202968883817,0.0,-0.19014795670291218,-0.3322214157104163,-0.0005669057935623334,0.0945011188220346
SPY,HIGH_VOL,BEAR,50_70,1,2022-08-31 00:00:00,2022-08-31 00:00:00,0.52,0.52,0.52,0.808187684416771,0.728743282852837,0.6746031746031746,0.6865079365079365,0.7901599751342329,0.3592241926451955,0.4097845431278045,0.0,0.0,1.0,-0.6087391465576133,0.0,-0.6087391465576133,-0.9308396017029639,0.0,0.3221004551453506
SPY,HIGH_VOL,BEAR,70_85,1,2022-09-01 00:00:00,2022-09-01 00:00:00,0.52,0.42,0.42,0.8211340576410293,0.751840976549885,0.7202380952380952,0.7222222222222222,0.8437596304519894,0.3675473778414824,0.4006644137555458,0.0,0.0,1.0,-0.7469643154104937,0.0,-0.7469643154104937,-0.6142619041879811,0.0,-0.13270241122251258
SPY,HIGH_VOL,BEAR,85_95,1,2022-01-24 00:00:00,2022-01-24 00:00:00,0.52,0.42,0.42,0.877662891149521,0.7591979659557186,0.9087301587301587,0.9365079365079365,1.365171426663369,0.2470075703345016,0.4407622199085956,0.0,0.0,1.0,-0.5869269421631154,0.0,-0.5869269421631154,-0.4690254003387705,0.0,-0.11790154182434487
SPY,HIGH_VOL,BULL,00_30,6,2019-10-16 00:00:00,2022-12-01 00:00:00,0.52,0.62,0.62,0.4056675811608632,0.5681527586592965,0.2526455026455026,0.2517636684303351,-0.7879019703911069,0.29710572829755594,0.4679944280955531,0.0,0.0,1.0,-0.30449254436603346,-0.012497790731600955,-0.30449254436603346,-0.3185798414858223,-0.019122246126981324,0.014087297119788844
SPY,HIGH_VOL,BULL,30_50,29,2019-10-15 00:00:00,2022-12-14 00:00:00,0.5199999999999999,0.5641379310344827,0.5641379310344827,0.5808556331642744,0.649404184447771,0.3920361247947455,0.44102353585112203,-0.06462469643736644,0.10104502279553908,0.4544112294783994,0.0,0.0,1.0,-0.16446568383289117,-0.034453775191331526,-0.16446568383289117,-0.26526921897985856,-0.06697583067346913,0.10080353514696738
SPY,HIGH_VOL,BULL,50_70,51,2016-07-12 00:00:00,2025-06-11 00:00:00,0.52,0.5384313725490197,0.5443137254901962,0.6520062609338293,0.6795389385013687,0.606870525988173,0.5977020437804751,0.4007444501954244,0.13801633131936067,0.501325666856785,0.0196078431372549,0.0,1.0,0.43882259563217274,-0.006894049155607651,0.43882259563217274,0.9918807231100835,-0.015094506937769592,-0.5530581274779107
SPY,HIGH_VOL,BULL,70_85,46,2015-11-18 00:00:00,2025-06-05 00:00:00,0.5199999999999999,0.5073913043478261,0.5073913043478261,0.7196189442406531,0.7096072141704239,0.7499568668046928,0.7632422779202107,0.9932091308715346,0.16994975841121387,0.5117465737232595,0.0,0.0,1.0,0.26068428072828054,-0.019891230358375922,0.26068428072828054,0.4541843364114808,-0.05504302707083464,-0.19350005568320028
SPY,HIGH_VOL,BULL,85_95,14,2016-06-30 00:00:00,2019-08-13 00:00:00,0.5199999999999998,0.4914285714285714,0.5185714285714286,0.7981698338474547,0.742087071984338,0.828514739229025,0.8684807256235828,1.505733973150278,0.20925796094046323,0.45869987303712306,0.07142857142857142,0.0,1.0,0.18572240290808972,-0.016718769391008248,0.18572240290808972,0.04091738921560717,-0.03859309698530122,0.14480501369248255
SPY,HIGH_VOL,NEUTRAL,30_50,2,2021-10-12 00:00:00,2021-10-13 00:00:00,0.52,0.56,0.56,0.6063518866896629,0.6571922762633365,0.44047619047619047,0.45634920634920634,0.046101303046440986,0.3071139883272347,0.42342990220048893,0.0,0.0,1.0,3.450069390506245,0.0,3.450069390506245,20.279240394924447,0.0,-16.8291710044182
SPY,NORMAL,BEAR,00_30,3,2023-09-25 00:00:00,2023-10-11 00:00:00,0.9266666666666666,0.7933333333333333,0.9266666666666666,0.32805904199679686,0.36236180888784536,0.29298941798941797,0.26499118165784835,-0.9627546597532205,0.46943732739362537,0.2970083573947811,1.0,0.6666666666666666,1.0,-0.41583100233183345,-0.005847151813843099,-0.3835493581585202,-0.34252167251164567,-0.005376662832021872,-0.07330932982018779
SPY,NORMAL,BEAR,30_50,16,2015-07-27 00:00:00,2023-11-09 00:00:00,0.9824999999999999,0.7324999999999999,0.9824999999999999,0.45645528268069024,0.42284290430275107,0.4151785714285714,0.4096626675143281,-0.2849645352900167,0.5330011125013301,0.2519740917442076,1.0,1.0,1.0,0.003576012769189285,-0.02297155105430493,0.004849132788116384,0.013466950921075416,-0.02297155105430504,-0.00989093815188613
SPY,NORMAL,BEAR,50_70,13,2015-07-24 00:00:00,2023-10-18 00:00:00,0.7892307692307694,0.716923076923077,0.7984615384615386,0.497014099588761,0.46773133034500264,0.5387667887667889,0.6224407637451115,0.26568107571853783,0.3515288260029603,0.38432355806424223,0.46153846153846156,0.15384615384615385,1.0,-0.23701349124126503,-0.028362301771892584,-0.2316628155291216,-0.2999140591077688,-0.032718180503993,0.06290056786650378
SPY,NORMAL,BEAR,70_85,5,2015-07-06 00:00:00,2016-11-02 00:00:00,0.984,0.656,0.984,0.5218534079194068,0.4880035279076845,0.7,0.7597855943620171,0.7295470222943223,0.5903658332431398,0.20628440583831048,1.0,1.0,1.0,-0.6921032252469395,-0.008226554494594418,-0.6858065808832227,-0.6903928776268242,-0.00811754066461523,-0.0017103476201152379
SPY,NORMAL,BEAR,85_95,1,2015-07-08 00:00:00,2015-07-08 00:00:00,1.0,0.6,1.0,0.7087403416633606,0.5050806506938259,0.9305555555555556,0.939873417721519,2.0046513945590396,0.6873800835472361,0.0924810708609018,1.0,1.0,1.0,22.411679289006653,0.0,22.411679289006653,22.411679289006653,0.0,0.0
SPY,NORMAL,BEAR,95_100,1,2015-08-21 00:00:00,2015-08-21 00:00:00,1.0,0.74,1.0,0.8425066381692887,0.4530785878937019,0.9900793650793651,0.9924698795180723,2.694990387557078,0.5367370837537702,0.1821902852007884,1.0,1.0,1.0,-0.9528501802048873,0.0,-0.9493600641355723,-0.9493600641355723,0.0,-0.0034901160693150413
SPY,NORMAL,BULL,00_30,113,2015-02-13 00:00:00,2025-12-24 00:00:00,0.8159292035398229,0.7906194690265487,0.8346902654867256,0.26378836856611004,0.3334234113855887,0.1690370838600927,0.1646577468156362,-1.1655063652629845,0.25805199018702746,0.38419803765592186,0.25663716814159293,0.23893805309734514,1.0,-0.006019361148670743,-0.050172545993760864,0.009435731847136974,0.035543560510570504,-0.0536694873746838,-0.04156292165924125
SPY,NORMAL,BULL,30_50,164,2015-04-16 00:00:00,2026-04-27 00:00:00,0.799512195121951,0.7573170731707318,0.8049999999999999,0.3395752210170031,0.37381424452550227,0.3971520518776616,0.4003614372672161,-0.4776732025567683,0.2227686343299962,0.39580905601642774,0.23170731707317074,0.22560975609756098,1.0,0.028540085212189092,-0.05123446935314646,0.04197749555430197,0.04486181491960339,-0.059924735627067904,-0.0163217297074143
SPY,NORMAL,BULL,50_70,135,2015-01-02 00:00:00,2026-04-29 00:00:00,0.7971851851851852,0.7251851851851855,0.7946666666666666,0.4361984547475974,0.42890369664820505,0.558994708994709,0.5909912997626042,0.03120282787976897,0.2552738146228481,0.38983303577603473,0.2518518518518518,0.24444444444444444,1.0,0.016791028009522035,-0.04718571801687543,0.02843286463210193,-0.02722348833854682,-0.07434342566194985,0.044014516348068855
SPY,NORMAL,BULL,70_85,50,2015-04-08 00:00:00,2026-02-04 00:00:00,0.7308000000000001,0.6924000000000001,0.7196000000000001,0.5615442707687617,0.47567299939598817,0.7166666666666669,0.7575131968764789,0.7183383166771352,0.21038449468727316,0.42204243722906926,0.1,0.1,1.0,0.2504172458790359,-0.05030726728144885,0.279768148338706,0.3286353393757151,-0.07175844030582124,-0.07821809349667919
SPY,NORMAL,BULL,85_95,15,2015-01-05 00:00:00,2026-02-05 00:00:00,0.6933333333333332,0.6559999999999999,0.6853333333333331,0.6829517104228339,0.5004478014927674,0.8802910052910051,0.8920912828507395,1.6248257998371163,0.24944427679709802,0.33089202298987297,0.13333333333333333,0.0,1.0,0.2784669902787016,-0.02574552183041834,0.3212469059043952,0.5612623721644168,-0.03601220798223026,-0.2827953818857152
SPY,NORMAL,BULL,95_100,2,2015-01-06 00:00:00,2015-01-07 00:00:00,0.74,0.6699999999999999,0.82,0.7557070791721344,0.5233758801987793,0.9692460317460317,0.9694085179035012,2.6274440092955924,0.3650052604568955,0.1343562038411843,1.0,0.0,1.0,1.4948818627598746,-0.00509659266080531,1.4948818627598746,2.3283619901634327,-0.00801390697517923,-0.8334801274035581
SPY,NORMAL,BULL,raw_fallback,76,2013-01-02 00:00:00,2014-12-31 00:00:00,0.7794736842105264,0.7510526315789475,0.7776315789473685,0.37142084845782886,0.38606800440516237,,,,0.22381740225179203,0.39559915346949426,0.13157894736842105,0.13157894736842105,0.0,0.1753634458382427,-0.04027866999171725,0.19278645432222175,0.22281619283120158,-0.04735710483491429,-0.04745274699295887
SPY,NORMAL,NEUTRAL,00_30,1,2015-07-23 00:00:00,2015-07-23 00:00:00,1.0,0.86,1.0,0.1506184786558151,0.218588324807035,0.24404761904761904,0.26594090202177295,-0.7623472973381067,0.6145112225123041,0.1071283934082127,1.0,1.0,1.0,-0.7701180283323901,0.0,-0.7701180283323901,-0.7701180283323901,0.0,0.0
SPY,NORMAL,NEUTRAL,30_50,3,2016-11-14 00:00:00,2023-11-08 00:00:00,0.94,0.6933333333333334,0.94,0.35807397613922753,0.4626704373294721,0.3035714285714286,0.34435626102292777,-0.6545974456492036,0.5028386532485419,0.30044740145309684,1.0,0.6666666666666666,1.0,0.6474338190746018,-0.007798591061988658,0.6867031279709481,0.6243152900132771,-0.007798591061988658,0.023118529061324722
SPY,NORMAL,NEUTRAL,50_70,8,2015-10-27 00:00:00,2026-04-13 00:00:00,0.8374999999999999,0.6875,0.8200000000000001,0.47229089578613637,0.4977520333196082,0.5783730158730159,0.629731630523884,0.2175991687909941,0.37497964176299303,0.376608870936641,0.375,0.375,1.0,-0.3200370496936287,-0.020511038873328946,-0.3166168337534211,-0.4576608350650456,-0.0287431727231634,0.13762378537141695
SPY,NORMAL,NEUTRAL,70_85,4,2015-10-23 00:00:00,2025-03-03 00:00:00,0.77,0.58,0.68,0.7037833046168089,0.5690893912141815,0.8149801587301587,0.7794424266881894,1.0363330771034105,0.33535565496622605,0.38452416768868525,0.25,0.25,1.0,0.7593632852375936,-5.4880345389585194e-05,0.808806793772257,1.3775104348334244,0.0,-0.6181471495958308
SPY,NORMAL,NEUTRAL,raw_fallback,3,2014-02-03 00:00:00,2014-12-16 00:00:00,0.7399999999999999,0.6,0.6666666666666666,0.7634746551513673,0.5646025596790292,,,,0.3670716297977261,0.28404494151879384,0.3333333333333333,0.0,0.0,0.049748326339434046,-0.01496590466031944,0.049748326339434046,0.3018529377830923,-0.019833007809739733,-0.25210461144365826
SPY,RISK_OFF,BEAR,50_70,3,2022-03-21 00:00:00,2022-07-29 00:00:00,0.5066666666666667,0.42,0.5466666666666667,0.7580025007327399,0.8155879028845915,0.5952380952380952,0.611111111111111,0.6275836919833874,0.6442458071720818,0.20362181025850298,0.3333333333333333,0.0,1.0,-0.6414549398570139,-0.009095250565092639,-0.6098259209760638,-0.7862273336690803,-0.00659734244196486,0.1447723938120664
SPY,RISK_OFF,BEAR,70_85,46,2018-12-21 00:00:00,2025-05-07 00:00:00,0.35347826086956535,0.3547826086956522,0.3795652173913045,0.8374264586230984,0.8561361426879972,0.8237146307798481,0.7935070163331034,1.1034201570092688,0.6064260876690777,0.170854902235527,0.06521739130434782,0.0,1.0,0.08056927465888886,-0.05160112731916178,0.10540198919646526,0.10786099442026353,-0.1361201430868696,-0.027291719761374678
SPY,RISK_OFF,BEAR,85_95,104,2015-10-09 00:00:00,2025-05-06 00:00:00,0.3165384615384617,0.3149999999999999,0.3223076923076924,0.868530005732408,0.8747601590447918,0.918956043956044,0.9102249289060627,1.487088174123953,0.6767851490611076,0.10527944258422274,0.019230769230769232,0.0,1.0,0.02979501347851521,-0.05698956737364402,0.04174319094870027,0.10279953771579753,-0.2141796409422828,-0.07300452423728232
SPY,RISK_OFF,BEAR,95_100,109,2015-09-01 00:00:00,2026-03-27 00:00:00,0.30660550458715613,0.3066055045871559,0.30660550458715613,0.8980639413682694,0.8873122341387686,0.9729321392165428,0.9775818846200036,1.7620796640992058,0.7189845409601407,0.0906950376303556,0.0,0.0,1.0,0.3430961890480193,-0.038062362714710085,0.3555419451687378,1.189976877676182,-0.09303502476744052,-0.8468806886281628
SPY,RISK_OFF,BULL,00_30,1,2023-01-11 00:00:00,2023-01-11 00:00:00,0.3000000000000001,0.52,0.52,0.3627992048859596,0.7056136901366012,0.19246031746031747,0.1283068783068783,-1.4531244697495982,0.1256327746013932,0.7659538471890593,0.0,0.0,1.0,-0.2670896679424011,0.0,-0.2670896679424011,1.6531824818614589,0.0,-1.92027214980386
SPY,RISK_OFF,BULL,30_50,2,2021-03-10 00:00:00,2023-01-10 00:00:00,0.41000000000000003,0.47,0.47,0.6473435185849667,0.7843566394698274,0.44246031746031744,0.45436507936507936,0.05934238335396194,0.111007779487175,0.6463298263687636,0.0,0.0,1.0,0.5635447091420314,0.0,0.6035145103409494,0.8728134874690952,0.0,-0.3092687783270638
SPY,RISK_OFF,BULL,50_70,6,2020-07-06 00:00:00,2023-01-09 00:00:00,0.4233333333333334,0.42,0.5466666666666666,0.7534869561592737,0.810589399467005,0.615079365079365,0.6318342151675486,0.6232571239611915,0.2784829591773761,0.4776704764705788,0.3333333333333333,0.0,1.0,0.7839430169372539,-0.007805950672070239,0.8953073838388927,4.191513100878835,-0.010578489853608097,-3.4075700839415806
SPY,RISK_OFF,BULL,70_85,8,2020-07-01 00:00:00,2025-01-14 00:00:00,0.3450000000000001,0.36,0.36000000000000004,0.8461924597620964,0.8356061926071696,0.792906746031746,0.7822420634920635,1.0510166847775255,0.2707382700479997,0.5390448625549771,0.0,0.0,1.0,0.2640996398766673,-0.00410584575420736,0.28820718516722943,-0.09751684798635307,-0.018404962435910388,0.36161648786302036
SPY,RISK_OFF,BULL,85_95,11,2015-12-23 00:00:00,2022-12-19 00:00:00,0.5581818181818181,0.42,0.5581818181818181,0.8355594326149336,0.8046489916116971,0.922077922077922,0.8986820586820587,1.58676647151592,0.39761496574071775,0.31699726260983724,0.36363636363636365,0.0,1.0,0.740627606374884,-0.01114114192687543,0.9929496553168404,3.3843377227351814,-0.012486909689945369,-2.6437101163602974
SPY,RISK_OFF,BULL,95_100,1,2020-06-30 00:00:00,2020-06-30 00:00:00,0.3000000000000001,0.3,0.3000000000000001,0.8958890199661256,0.8935909825703529,0.9424603174603174,0.9576719576719577,1.415948788026728,0.7170834699312975,0.1134610161905376,0.0,0.0,1.0,0.7576679424173278,0.0,0.7576679424173278,2.990789681374959,0.0,-2.233121738957631
SPY,RISK_OFF,NEUTRAL,30_50,1,2022-11-11 00:00:00,2022-11-11 00:00:00,0.3000000000000001,0.42,0.42,0.7198902487754821,0.8347814155456332,0.498015873015873,0.4973544973544973,0.29386942773320773,0.7032093290157894,0.0967363268515953,0.0,0.0,1.0,3.5015827383432825,0.0,3.5015827383432825,7.5015916733796,0.0,-4.000008935036318
SPY,RISK_OFF,NEUTRAL,50_70,2,2022-11-10 00:00:00,2022-11-14 00:00:00,0.55,0.36,0.55,0.7600533336400985,0.8428514856469412,0.566468253968254,0.5489417989417988,0.46953624466058613,0.6969981011324893,0.0999097496828989,0.5,0.0,1.0,-0.7093560414447213,-0.006138252869647198,-0.6700921190902758,-0.8701508713603997,-0.007628889592087074,0.1607948299156784
SPY,RISK_OFF,NEUTRAL,70_85,5,2018-04-18 00:00:00,2026-04-08 00:00:00,0.548,0.44000000000000006,0.5720000000000001,0.7155063658952713,0.7976247911671047,0.776984126984127,0.7521164021164021,0.9212498625114842,0.6489617305557264,0.20546701639343334,0.4,0.0,1.0,0.11236938511414629,-0.0036582380119131175,0.26288886649476595,0.37539296502512287,-0.007628921764844865,-0.2630235799109766
SPY,RISK_OFF,NEUTRAL,85_95,1,2018-04-17 00:00:00,2018-04-17 00:00:00,0.3000000000000001,0.3,0.3000000000000001,0.8212480366230012,0.865557837066062,0.9265873015873016,0.8518518518518519,1.5099662245595273,0.8344904581808805,0.0484629771448315,0.0,0.0,1.0,-0.5137570604616457,0.0,-0.5137570604616457,-0.7538788581033633,0.0,0.2401217976417176
SPY,RISK_OFF,NEUTRAL,95_100,2,2015-12-21 00:00:00,2020-02-27 00:00:00,0.42,0.42,0.42,0.9006685569882393,0.7923711521583523,0.9771825396825398,0.9847883597883598,2.034139474661722,0.4259101369683014,0.27711866321307266,0.0,0.0,1.0,13.48913045325941,0.0,15.338711758465443,983.9480424037548,0.0,-970.4589119504953
SPY,WATCH,BEAR,30_50,3,2023-10-24 00:00:00,2023-11-03 00:00:00,0.96,0.5733333333333334,0.96,0.5494203860561053,0.6286083542727803,0.4338624338624339,0.4351851851851852,-0.08512492924066047,0.5933122624500847,0.23167927809455346,1.0,1.0,1.0,-0.4322111271941016,0.0,-0.41677171133381874,-0.440214473770423,0.0,0.008003346576321402
SPY,WATCH,BEAR,50_70,9,2016-11-07 00:00:00,2023-10-30 00:00:00,0.9111111111111112,0.5822222222222222,0.9111111111111112,0.6824591583675808,0.6151862310948016,0.5787037037037037,0.6166960611405057,0.5110695514041972,0.5599600258036476,0.26660115657974837,0.8888888888888888,0.7777777777777778,1.0,0.674048087097251,-0.018250829714896777,0.692726991272417,0.4839979532826759,-0.019307850615836397,0.19005013381457503
SPY,WATCH,BEAR,70_85,18,2015-10-16 00:00:00,2025-03-07 00:00:00,0.9355555555555556,0.5555555555555556,0.931111111111111,0.6319061981307136,0.6342546254693621,0.7184744268077601,0.7554507765079589,0.802761264023903,0.7020596879822399,0.1821538661361463,0.9444444444444444,0.8888888888888888,1.0,2.4914642408556253,-0.008477351500421615,2.5247754725292433,2.722042206221367,-0.008917252739008563,-0.23057796536574182
SPY,WATCH,BEAR,85_95,7,2015-07-09 00:00:00,2026-03-12 00:00:00,0.7999999999999999,0.5657142857142857,0.8285714285714285,0.7597893506288529,0.6401180355979819,0.880952380952381,0.9065550487159213,1.6981752829197843,0.5301942097931823,0.2989461128508852,0.8571428571428571,0.2857142857142857,1.0,-0.13070773258242274,-0.02749980201817248,-0.10751544453687734,-0.12896458550001244,-0.028842241407462055,-0.0017431470824103013
SPY,WATCH,BEAR,95_100,3,2015-08-24 00:00:00,2015-08-26 00:00:00,0.9199999999999999,0.5733333333333334,0.9199999999999999,0.8924590855836869,0.6373328921017256,0.9993386243386243,0.9995002498750626,2.90608859521001,0.6546274618806556,0.138353412446626,1.0,0.6666666666666666,1.0,164.3168696614234,-0.0002400246290599206,169.93967336016217,184.19547362127634,0.0,-19.87860395985294
SPY,WATCH,BEAR,raw_fallback,1,2014-10-14 00:00:00,2014-10-14 00:00:00,0.8,0.52,0.8,0.8297633886337281,0.7222658323421383,,,,0.6665713558306018,0.1161933459284823,1.0,0.0,0.0,-0.28748065513041343,0.0,-0.22756901538102015,-0.19445899006421152,0.0,-0.09302166506620191
SPY,WATCH,BULL,00_30,30,2016-06-01 00:00:00,2024-05-13 00:00:00,0.6000000000000001,0.6753333333333332,0.6753333333333332,0.3729602116222183,0.5002719460268034,0.21626984126984125,0.1951940035273369,-1.125712701288435,0.17269949636487422,0.5696770081488054,0.0,0.0,1.0,-0.11202294994810891,-0.05229681262247432,-0.10752627110242075,-0.31455339950644434,-0.08885416028112125,0.20253044955833543
SPY,WATCH,BULL,30_50,68,2016-05-09 00:00:00,2025-12-02 00:00:00,0.633529411764706,0.6261764705882353,0.663235294117647,0.4991516137386069,0.5578573760515737,0.380718954248366,0.4125233426704016,-0.24761050555141917,0.16502511714440726,0.5101291311029742,0.10294117647058823,0.08823529411764706,1.0,0.12257676970960452,-0.016074322960711318,0.13732254531081267,0.21493594470482114,-0.020054337467599992,-0.09235917499521662
SPY,WATCH,BULL,50_70,125,2015-02-11 00:00:00,2025-12-01 00:00:00,0.6419199999999996,0.6087999999999996,0.6588799999999997,0.5533679367661476,0.575888537233583,0.5573650793650794,0.5934098982066902,0.2307750659472855,0.1929992195667982,0.4762669588491198,0.144,0.104,1.0,0.36051595129164404,-0.0321127182143236,0.38223222199189055,0.5590160722189099,-0.05191980141951147,-0.19850012092726588
SPY,WATCH,BULL,70_85,82,2015-02-10 00:00:00,2026-03-04 00:00:00,0.6170731707317072,0.5821951219512195,0.6109756097560974,0.643644893878117,0.5985532129194108,0.7352400309717383,0.7698919366058157,0.8843633299356874,0.18954601154087267,0.4803270846506608,0.07317073170731707,0.07317073170731707,1.0,-0.03845582449962637,-0.039846251117639064,-0.028739509444462907,-0.0393968012281819,-0.06761417408453962,0.0009409767285555315
SPY,WATCH,BULL,85_95,36,2015-01-26 00:00:00,2026-02-13 00:00:00,0.6777777777777779,0.5711111111111111,0.6855555555555556,0.7154633599850866,0.6280061740224839,0.8763778659611993,0.8947046048663978,1.6230688831109816,0.33844776417912337,0.3538525976696119,0.3611111111111111,0.2222222222222222,1.0,0.049574387619073734,-0.052696096422159444,0.06556431611108371,0.012810519374451657,-0.07809005789977663,0.03676386824462208
SPY,WATCH,BULL,95_100,6,2015-01-12 00:00:00,2020-06-12 00:00:00,0.8533333333333334,0.5466666666666667,0.8533333333333334,0.8473523865143459,0.6782556881529279,0.9847883597883597,0.986834877635745,2.398743027000494,0.5090559289979265,0.17606284505401934,1.0,0.3333333333333333,1.0,0.5346250184584622,-0.009241184800819924,0.627469430130881,0.7609540267194446,-0.01257501061562405,-0.22632900826098235
SPY,WATCH,BULL,raw_fallback,39,2013-06-24 00:00:00,2014-12-24 00:00:00,0.6333333333333336,0.6276923076923077,0.6887179487179488,0.5028470923503239,0.5574200110275853,,,,0.23752315353028416,0.42668153188520197,0.20512820512820512,0.07692307692307693,0.0,0.658765835659562,-0.01312985926621768,0.6807754017480481,1.3804763434481604,-0.01290894115183605,-0.7217105077885984
SPY,WATCH,NEUTRAL,30_50,2,2023-03-10 00:00:00,2023-11-06 00:00:00,0.8,0.6,0.8,0.5436364233493804,0.5657285702463593,0.4176587301587302,0.3948412698412699,-0.27919480632131877,0.36780966066497217,0.43913174151144035,0.5,0.5,1.0,1.7759073387612916,0.0,1.8040104278606002,7.653605256316549,0.0,-5.877697917555258
SPY,WATCH,NEUTRAL,50_70,5,2018-05-15 00:00:00,2026-04-09 00:00:00,0.8240000000000001,0.568,0.808,0.5751126816868782,0.6192699745630468,0.6103174603174603,0.6238095238095238,0.2917795503534447,0.5669637604178454,0.28398238690752853,0.6,0.6,1.0,-0.49451213348118017,-0.021454993173342207,-0.4769130068537578,-0.6233847862970165,-0.02785987307927129,0.12887265281583637
SPY,WATCH,NEUTRAL,70_85,6,2021-10-05 00:00:00,2026-04-10 00:00:00,0.6566666666666666,0.56,0.69,0.6980610897143683,0.6489790475843805,0.7830687830687831,0.7473544973544973,0.8720816402796093,0.36430936533199426,0.4043926675024065,0.5,0.16666666666666666,1.0,0.08151101269656835,-0.018815733631707854,0.12997043403988862,0.3885163323848857,-0.024455717278244138,-0.30700531968831735
SPY,WATCH,NEUTRAL,85_95,10,2015-11-13 00:00:00,2026-03-09 00:00:00,0.6759999999999999,0.576,0.688,0.7969857522845268,0.6366496076466118,0.8680555555555556,0.8979374064667132,1.5572485908559106,0.3583828613531145,0.33166339944682155,0.4,0.2,1.0,0.09720411564058251,-0.013718244234512067,0.14780596975955596,-0.15046703940615513,-0.023156053322910486,0.24767115504673765
SPY,WATCH,NEUTRAL,95_100,3,2015-12-11 00:00:00,2016-06-27 00:00:00,0.6666666666666666,0.5466666666666667,0.64,0.897061903278033,0.6764900669329647,0.9775132275132276,0.9847415405475116,2.228223164686779,0.3714247095864153,0.36894495098380115,0.3333333333333333,0.0,1.0,7.6075205262159695,0.0,7.898341385849482,32.63859011215948,0.0,-25.031069585943506
SPY,WATCH,NEUTRAL,raw_fallback,2,2014-10-09 00:00:00,2014-10-10 00:00:00,0.96,0.6,0.96,0.7549424365162849,0.6218031379976425,,,,0.5721856525287056,0.1395674132447727,1.0,1.0,0.0,-0.8334254814691013,0.0,-0.8334254814691013,-0.8492527310452403,0.0,0.015827249576139013
