Date,tier_opt_stock_weight,tier_opt_bond_weight,tier_opt_cash_weight,tier_opt_signal_stock_weight,tier_opt_turnover,tier_opt_transaction_cost,tier_opt_return_gross,tier_opt_return_net,tier_opt_hold_reason,tier1_signal,tier2_signal,tier3_signal,full_stock_signal,prob_high_vol,prob_up_strengthening_score,prob_down_strengthening_score,stock_next_return,bond_next_return,cash_next_return,base_lt25_weight,tier1_weight,tier2_weight,tier3_weight,full_weight,tier_opt_equity_net,tier_opt_equity_gross,tier_opt_fold
2016-01-04,0.52,0.312,0.16799999999999998,0.52,0.0,0.0,-0.003185024505804374,-0.003185024505804374,initial,False,False,False,False,0.6799160069770053,0.2898148854246563,0.28298526650643285,-0.00960564363402483,0.006037060160787311,-0.00043840825164942476,0.76,0.8,0.86,0.92,0.98,99681497.54941957,99681497.54941957,0
2016-01-05,0.52,0.312,0.16799999999999998,0.8,0.0,0.0,-0.01557339682861934,-0.01557339682861934,hold,True,False,False,False,0.7221308109571364,0.3878878001544996,0.24120862177041616,-0.03131365072004977,0.0021564601344208345,0.00021955942778117965,0.76,0.8,0.86,0.92,0.98,98129118.03161141,98129118.03161141,0
2016-01-06,0.52,0.312,0.16799999999999998,0.8,0.0,0.0,-0.0034762871964170846,-0.0034762871964170846,hold,True,False,False,False,0.7538127599216868,0.4838341296224995,0.2037244212340827,-0.008200613428753112,0.0025257429055594027,0.0,0.76,0.8,0.86,0.92,0.98,97787993.03500241,97787993.03500241,0
2016-01-07,0.8,0.12999999999999998,0.06999999999999998,0.8,0.56,0.0005600000000000001,0.002048861681109772,0.0014888616811097716,scheduled,True,False,False,False,0.7871821521265335,0.5642908793103837,0.16769354313399787,0.0030767112078975423,-0.003173132963140479,0.0,0.76,0.8,0.86,0.92,0.98,97933585.83070485,97988347.10680446,0
2016-01-08,0.8,0.12999999999999998,0.06999999999999998,0.8,0.0,0.0,0.009877771887785927,0.009877771887785927,hold,True,False,False,False,0.8142184591697922,0.6281085764566825,0.13847976697739334,0.011597748844546896,0.0044941792322297225,0.0002189930279792307,0.76,0.8,0.86,0.92,0.98,98900951.45169345,98956253.64718665,0
2016-01-11,0.8,0.12999999999999998,0.06999999999999998,0.42,0.0,0.0,-0.027097827559432762,-0.027097827559432762,hold,False,False,False,False,0.8350739513641052,0.67185195340617,0.11749259857793956,-0.03448936797079316,0.003915330560300578,-0.0002189450805329951,0.76,0.8,0.86,0.92,0.98,96220950.52379161,96274754.1499277,0
2016-01-12,0.8,0.12999999999999998,0.06999999999999998,0.42,0.0,0.0,0.016755822562108783,0.016755822562108783,hold,False,False,False,False,0.8494414780143986,0.7122865061256863,0.1011344781295903,0.021295982627788757,-0.0020430596452366556,-0.00021951123202079703,0.76,0.8,0.86,0.92,0.98,97833211.69752571,97887916.84767453,0
2016-01-13,0.8,0.12999999999999998,0.06999999999999998,0.30000000000000004,0.0,0.0,-0.024225211849292272,-0.024225211849292272,hold,False,False,False,False,0.8648364703062245,0.727867108618585,0.09209639556535452,-0.031037334469561917,0.004651197895055859,0.0,0.76,0.8,0.86,0.92,0.98,95463181.41825649,95516561.32455371,0
2016-01-14,0.30000000000000004,0.455,0.245,0.30000000000000004,1.0,0.001,0.00011868182542625843,-0.0008813181745737416,scheduled,False,False,False,False,0.8756268277915618,0.7367087887363382,0.08802049073781254,0.002181891336289432,-0.001295994802784528,0.00021955942778117965,0.76,0.8,0.86,0.92,0.98,95379047.98146996,95527897.40441014,0
2016-01-15,0.30000000000000004,0.455,0.245,0.30000000000000004,0.0,0.0,0.0013157052552021688,0.0013157052552021688,hold,False,False,False,False,0.8806516964102016,0.7178317775632954,0.08862549913197387,-0.0030676160407078212,0.0049142638844275055,0.0,0.76,0.8,0.86,0.92,0.98,95504538.69613536,95653583.96104354,0
2016-01-19,0.30000000000000004,0.455,0.245,0.30000000000000004,0.0,0.0,-0.0007819346808305499,-0.0007819346808305499,hold,False,False,False,False,0.8822660460221936,0.7066147101988887,0.08882767717738677,0.0009926694738362496,-0.0024909644282117283,0.0002189930279792307,0.76,0.8,0.86,0.92,0.98,95429860.38515212,95578789.10639866,0
2016-01-20,0.30000000000000004,0.455,0.245,0.30000000000000004,0.0,0.0,0.007568527716263529,0.007568527716263529,hold,False,False,False,False,0.8838473881891497,0.7000407978729357,0.08956096697334383,0.02895383212124658,-0.0022202459306732703,-0.00043840825164942476,0.76,0.8,0.86,0.92,0.98,96152123.92843631,96302179.82083735,0
2016-01-21,0.30000000000000004,0.455,0.245,0.30000000000000004,0.0,0.0,-0.0028799354537158246,-0.0028799354537158246,hold,False,False,False,False,0.8827059101768678,0.6977189272757413,0.08866578013494449,-0.014840643890793093,0.003337287151023549,0.00021955942778117965,0.76,0.8,0.86,0.92,0.98,95875212.01778473,96024835.7589012,0
2016-01-22,0.30000000000000004,0.455,0.245,0.30000000000000004,0.0,0.0,0.002982197699859332,0.002982197699859332,hold,False,False,False,False,0.8772685901603361,0.6879545686530206,0.09162462501929132,0.008999028771392137,0.0007390534511797497,-0.00021951123202079703,0.76,0.8,0.86,0.92,0.98,96161130.8545377,96311200.80323076,0
2016-01-25,0.30000000000000004,0.455,0.245,0.30000000000000004,0.0,0.0,-0.007084491186061817,-0.007084491186061817,hold,False,False,False,False,0.873664723804687,0.6846740931958104,0.09130877037528128,-0.024914617911921177,0.0007386859949629621,0.00021955942778117965,0.76,0.8,0.86,0.92,0.98,95479878.17055699,95628884.95002125,0
2016-01-26,0.30000000000000004,0.455,0.245,0.30000000000000004,0.0,0.0,0.004823000330312147,0.004823000330312147,hold,False,False,False,False,0.8667841724836041,0.6818585671495847,0.09247627236607145,0.014117654359991905,0.001291657191900164,0.0,0.76,0.8,0.86,0.92,0.98,95940377.65451176,96090103.0937226,0
2016-01-27,0.30000000000000004,0.455,0.245,0.30000000000000004,0.0,0.0,0.008750045786996357,0.008750045786996357,hold,False,False,False,False,0.8657823720785386,0.6731782575760725,0.09129677875495211,0.02088264743502255,0.00534417201018611,0.0002189930279792307,0.76,0.8,0.86,0.92,0.98,96779860.35181047,96930895.89546989,0
2016-01-28,0.30000000000000004,0.455,0.245,0.30000000000000004,0.0,0.0,-0.00034882744076110173,-0.00034882744076110173,hold,False,False,False,False,0.8638680412778561,0.6639537161507,0.09198054110242562,0.002689128071479363,-0.002303639210001762,-0.00043840825164942476,0.76,0.8,0.86,0.92,0.98,96746100.88080673,96897083.73912399,0
2016-01-29,0.30000000000000004,0.455,0.245,0.30000000000000004,0.0,0.0,-0.0032705517955348784,-0.0032705517955348784,hold,False,False,False,False,0.8604558903283854,0.6581834582146113,0.09391416448368384,-0.021645770129729236,0.007083910425019546,0.0,0.76,0.8,0.86,0.92,0.98,96429687.74686,96580176.80791889,0
2016-02-01,0.42,0.37700000000000006,0.203,0.42,0.23999999999999988,0.0002399999999999999,-0.0023833928440037963,-0.002623392844003796,scheduled,False,False,False,False,0.854292653374894,0.6694487787609628,0.09274703543229182,-0.00479666939500123,-0.0010964516231906085,0.00021955942778117965,0.76,0.8,0.86,0.92,0.98,96176714.79407537,96349988.30564228,0
2016-02-02,0.42,0.37700000000000006,0.203,0.42,0.0,0.0,0.0008995816800906382,0.0008995816800906382,hold,False,False,False,False,0.8528737324275253,0.6786555120219376,0.09178865316346327,-9.864496875922057e-05,0.002378135231537737,0.0002189930279792307,0.76,0.8,0.86,0.92,0.98,96263233.60475543,96436662.989999,0
2016-02-03,0.42,0.37700000000000006,0.203,0.42,0.0,0.0,-0.014103947978626156,-0.014103947978626156,hold,False,False,False,False,0.8555064959673343,0.6873360988072854,0.09015357987927554,-0.0347266161898262,0.0012764743265274436,0.0,0.76,0.8,0.86,0.92,0.98,94905541.96573962,95076525.31195574,0
2016-02-04,0.42,0.37700000000000006,0.203,0.42,0.0,0.0,-0.0036484040421970298,-0.0036484040421970298,hold,False,False,False,False,0.8565285208335711,0.6941732814578019,0.08779458308972393,-0.015287643699640419,0.007471756400530882,-0.0002189450805329951,0.76,0.8,0.86,0.92,0.98,94559288.20280492,94729647.73268954,0
2016-02-05,0.42,0.37700000000000006,0.203,0.42,0.0,0.0,-0.0011916343441838511,-0.0011916343441838511,hold,False,False,False,False,0.8593603001915808,0.7030841660921398,0.0855733724205384,-0.0031051328324296357,0.00018054604975281663,0.0002189930279792307,0.76,0.8,0.86,0.92,0.98,94446608.10742088,94616764.63103883,0
2016-02-08,0.30000000000000004,0.455,0.245,0.30000000000000004,0.23999999999999988,0.0002399999999999999,0.002456648659601142,0.0022166486596011423,scheduled,False,False,False,False,0.8660916348459867,0.7109610589829902,0.08121382662815232,0.0038415555315474137,0.0029842275711373656,-0.0002189450805329951,0.76,0.8,0.86,0.92,0.98,94655963.05468607,94849204.77904548,0
2016-02-09,0.30000000000000004,0.455,0.245,0.30000000000000004,0.0,0.0,0.0017115729652143852,0.0017115729652143852,hold,False,False,False,False,0.8720926217855921,0.7168976718576451,0.07860903359818422,-0.001447769408149946,0.004598352738031775,0.0002189930279792307,0.76,0.8,0.86,0.92,0.98,94817973.64204681,95011546.11371738,0
2016-02-10,0.30000000000000004,0.455,0.245,0.30000000000000004,0.0,0.0,0.001042899692027763,0.001042899692027763,hold,False,False,False,False,0.8754828149543636,0.7248936112301568,0.07606139524382954,0.015225065201123211,-0.007628523788084873,-0.0002189450805329951,0.76,0.8,0.86,0.92,0.98,94916859.27755679,95110633.62589845,0
2016-02-11,0.30000000000000004,0.455,0.245,0.30000000000000004,0.0,0.0,0.005406281963272355,0.005406281963272355,hold,False,False,False,False,0.880466762517872,0.7484712266670634,0.07300097538845945,0.022546765150662118,-0.0029840606196182007,0.0,0.76,0.8,0.86,0.92,0.98,95430006.5818795,95624828.52898555,0
2016-02-12,0.30000000000000004,0.455,0.245,0.30000000000000004,0.0,0.0,0.005680127460447385,0.005680127460447385,hold,False,False,False,False,0.8830493840090801,0.7692741230188517,0.06903489259107173,0.022647801106115084,-0.0024488194975541555,0.0,0.76,0.8,0.86,0.92,0.98,95972061.18281591,96167989.74341361,0
2016-02-16,0.30000000000000004,0.455,0.245,0.30000000000000004,0.0,0.0,-0.0012610212953301876,-0.0012610212953301876,hold,False,False,False,False,0.8746659437203682,0.7715672459658852,0.07358645794917865,-0.011414825547247709,0.0046368639054708005,0.0002189930279792307,0.76,0.8,0.86,0.92,0.98,95851038.36990765,96046719.86041807,0
2016-02-17,0.30000000000000004,0.455,0.245,0.42,0.0,0.0,0.0008882402092929455,0.0008882402092929455,hold,False,False,False,False,0.8518120519358126,0.7621135878889534,0.08075887644886741,0.002960800697643151,0.0,0.0,0.76,0.8,0.86,0.92,0.98,95936177.11629027,96132032.41896877,0
2016-02-18,0.30000000000000004,0.455,0.245,0.42,0.0,0.0,0.004417793016328794,0.004417793016328794,hold,False,False,False,False,0.8531349869100904,0.7664635368676226,0.08079135444788639,0.016235240304927956,-0.0009951188464826233,0.0,0.76,0.8,0.86,0.92,0.98,96360003.2895679,96556723.84043477,0
2016-02-19,0.30000000000000004,0.455,0.245,0.42,0.0,0.0,-0.004084761389334928,-0.004084761389334928,hold,False,False,False,False,0.8497344837731611,0.7717485349116386,0.08014494134434375,-0.01645992521967854,0.001993093892965314,-0.0002189450805329951,0.76,0.8,0.86,0.92,0.98,95966395.66865449,96162312.6630107,0
2016-02-22,0.42,0.37700000000000006,0.203,0.42,0.23999999999999988,0.0002399999999999999,0.00405500605196291,0.0038150060519629107,scheduled,False,False,False,False,0.8481278230359026,0.7799827966478216,0.07731695946418451,0.009548929684007446,0.0,0.0002189930279792307,0.76,0.8,0.86,0.92,0.98,96332508.04891546,96552251.42282996,0
2016-02-23,0.42,0.37700000000000006,0.203,0.42,0.0,0.0,0.00521687257971171,0.00521687257971171,hold,False,False,False,False,0.8555284306116304,0.7860249666240667,0.07419933106447954,0.009848884566209914,0.002983519663797729,-0.0002189450805329951,0.76,0.8,0.86,0.92,0.98,96835062.46869071,97055952.21578714,0
2016-02-24,0.42,0.37700000000000006,0.203,0.42,0.0,0.0,-0.0023624423692717536,-0.0023624423692717536,hold,False,False,False,False,0.8541989382138402,0.7853720893493912,0.0741229603723605,-0.001255129447417902,-0.004868137934631922,0.0,0.76,0.8,0.86,0.92,0.98,96606295.2142836,96826663.12208256,0
2016-02-25,0.42,0.37700000000000006,0.203,0.42,0.0,0.0,-0.0031172951968488505,-0.0031172951968488505,hold,False,False,False,False,0.8479460951708667,0.7901522498454584,0.0723991120548041,-0.008991655200190074,0.0016306217574302284,0.0002189930279792307,0.76,0.8,0.86,0.92,0.98,96305144.87422675,96524825.83020519,0
2016-02-26,0.42,0.37700000000000006,0.203,0.42,0.0,0.0,0.010534296682081097,0.010534296682081097,hold,False,False,False,False,0.8459962753223563,0.7905996817925467,0.07226312699146854,0.03209728078482055,-0.007815812327701677,0.0,0.76,0.8,0.86,0.92,0.98,97319651.84234266,97541646.98268679,0
2016-02-29,0.42,0.37700000000000006,0.203,0.42,0.0,0.0,-0.0005394905801669709,-0.0005394905801669709,hold,False,False,False,False,0.8538283011143792,0.788941682845376,0.07352441229021187,0.00037832170807328147,-0.0017345884514842203,-0.0002189450805329951,0.76,0.8,0.86,0.92,0.98,97267148.8069086,97489024.18296565,0
2016-03-01,0.42,0.37700000000000006,0.203,0.42,0.0,0.0,-0.0003012791748159373,-0.0003012791748159373,hold,False,False,False,False,0.8509169050175986,0.7793388859469024,0.0782768113243827,-0.0018899618911104588,0.0011884595086755212,0.0002189930279792307,0.76,0.8,0.86,0.92,0.98,97237844.24057934,97459652.7702062,0
2016-03-02,0.42,0.37700000000000006,0.203,0.42,0.0,0.0,-0.0011146761961574492,-0.0011146761961574492,hold,False,False,False,False,0.8406528717368128,0.7838017451489772,0.07871656492731718,0.00037873922369890956,-0.0033786383822572708,0.0,0.76,0.8,0.86,0.92,0.98,97129455.53023869,97351016.81517747,0
2016-03-03,0.42,0.37700000000000006,0.203,0.42,0.0,0.0,-0.003343756210839273,-0.003343756210839273,hold,False,False,False,False,0.8358383503622772,0.7918729824111403,0.07681004143764604,-0.006151424498889058,-0.002016334008768883,0.0,0.76,0.8,0.86,0.92,0.98,96804678.31005402,97025498.74807021,0
2016-03-04,0.42,0.37700000000000006,0.203,0.42,0.0,0.0,-0.0013427611967795439,-0.0013427611967795439,hold,False,False,False,False,0.8322598492404044,0.8005703395363346,0.07420327122937848,-0.008284077533278644,0.005785138510731258,-0.0002189450805329951,0.76,0.8,0.86,0.92,0.98,96674692.74435255,96895216.67325312,0
2016-03-07,0.42,0.37700000000000006,0.203,0.42,0.0,0.0,0.0012662237325260404,0.0012662237325260404,hold,False,False,False,False,0.8261854078844354,0.8111610607687034,0.07157340339942823,0.006433222520939363,-0.003926220983947681,0.0002189930279792307,0.76,0.8,0.86,0.92,0.98,96797104.5346401,97017907.69617304,0
2016-03-08,0.8,0.12999999999999998,0.06999999999999998,0.8,0.7600000000000002,0.0007600000000000003,-0.001685889704476853,-0.0024458897044768533,scheduled,True,False,False,False,0.8142985140141223,0.8237242060235352,0.06771825723195103,-0.0015265068966660023,-0.003574493747261931,0.0,0.76,0.8,0.86,0.92,0.98,96560349.49323566,96854346.2044382,0
2016-03-09,0.8,0.12999999999999998,0.06999999999999998,0.8,0.0,0.0,0.013602194659995874,0.013602194659995874,hold,True,False,False,False,0.7886879686159175,0.8348198437854395,0.06435236479261766,0.0174853011330387,-0.0028516930061367463,-0.0002189450805329951,0.76,0.8,0.86,0.92,0.98,97873782.16347988,98171777.87517758,0
2016-03-10,0.8,0.12999999999999998,0.06999999999999998,0.8,0.0,0.0,0.0014480381752651162,0.0014480381752651162,hold,True,False,False,False,0.7882954480977566,0.8475485886385847,0.06104739264595961,0.0016901381510934232,0.0007379050337721349,0.0,0.76,0.8,0.86,0.92,0.98,98015507.13641018,98313934.35727447,0
2016-03-11,0.8,0.12999999999999998,0.06999999999999998,0.8,0.0,0.0,-0.0003237648193995135,-0.0003237648193995135,hold,True,False,False,False,0.7723858269104146,0.8403115568513445,0.06618656850554357,-0.000374815652757432,-0.00018394074764283008,0.0,0.76,0.8,0.86,0.92,0.98,97983773.1634438,98282103.76407284,0
2016-03-14,0.8,0.12999999999999998,0.06999999999999998,0.8,0.0,0.0,0.007826031843885325,0.007826031843885325,hold,True,False,False,False,0.7395100334323036,0.8297668393201134,0.06979354644229614,0.008909368898200265,0.005255440102819753,0.0002189930279792307,0.76,0.8,0.86,0.92,0.98,98750597.29240495,99051262.63781452,0
2016-03-15,0.8,0.12999999999999998,0.06999999999999998,0.86,0.0,0.0,-0.0003186641133431479,-0.0003186641133431479,hold,True,True,False,False,0.6990141588476737,0.8243875795424925,0.0704087029354728,-0.000557925670833459,0.0011000198381609927,-0.0002189450805329951,0.76,0.8,0.86,0.92,0.98,98719129.02087666,99019698.55503052,0
2016-03-16,0.92,0.05199999999999998,0.027999999999999983,0.92,0.24,0.00024,0.0015322827125443545,0.0012922827125443545,tier_force,True,True,True,False,0.6641484929641663,0.8038939589546079,0.07948426962828122,0.0015671583018561641,0.0017403283622439147,0.0,0.76,0.8,0.86,0.92,0.98,98846702.04470778,99171424.72732775,0
2016-03-17,0.92,0.05199999999999998,0.027999999999999983,0.92,0.0,0.0,0.0034577175384281076,0.0034577175384281076,tier_force,True,True,True,False,0.6534332169980243,0.7614654441174082,0.09660515215187805,0.00391191793422796,-0.0028342070354814286,0.0002189930279792307,0.76,0.8,0.86,0.92,0.98,99188486.01998353,99514331.50191833,0
2016-03-18,0.92,0.05199999999999998,0.027999999999999983,0.92,0.0,0.0,0.0027068827637255965,0.0027068827637255965,tier_force,True,True,True,False,0.6301698065467503,0.7114577356769374,0.11350745863981804,0.0030615317048467983,-0.0021101231679511168,0.0,0.76,0.8,0.86,0.92,0.98,99456977.62315106,99783705.13060454,0
2016-03-21,0.92,0.05199999999999998,0.027999999999999983,0.92,0.0,0.0,-0.007340260776941102,-0.007340260776941102,tier_force,True,True,True,False,0.6043678527077903,0.67118895383369,0.1259561142436928,-0.008231642985498056,0.004595792922539088,-0.0002189450805329951,0.76,0.8,0.86,0.92,0.98,98726937.47131075,99051266.7136565,0
2016-03-22,0.92,0.05199999999999998,0.027999999999999983,0.92,0.0,0.0,0.00021115459639245112,0.00021115459639245112,tier_force,True,True,True,False,0.5801928769797734,0.62667166476154,0.13243135843730908,0.00027973292569560826,-0.0010063750005947503,0.0002189930279792307,0.76,0.8,0.86,0.92,0.98,98747784.11794558,99072181.84390159,0
2016-03-23,0.98,0.013000000000000012,0.007000000000000005,0.98,0.11999999999999988,0.00011999999999999988,-0.0013517090604731419,-0.0014717090604731418,tier_force,True,True,True,True,0.5647069309838602,0.6098060259613192,0.13837411015087783,-0.0013987315601968753,0.001465220655368915,0.0,0.76,0.8,0.86,0.92,0.98,98602456.10935757,98938265.07806236,0
2016-03-24,0.98,0.013000000000000012,0.007000000000000005,0.98,0.0,0.0,0.01582524704029798,0.01582524704029798,tier_force,True,True,True,True,0.5213807817316047,0.5530421606714672,0.15560005400982924,0.016058440478670555,0.00676733624621817,0.0,0.76,0.8,0.86,0.92,0.98,100162864.33606829,100503987.56466119,0
2016-03-28,0.92,0.05199999999999998,0.027999999999999983,0.92,0.11999999999999988,0.00011999999999999988,0.004409373745284177,0.004289373745284177,tier_force,True,True,True,False,0.49101626470804155,0.4789513346038533,0.2000676528351737,0.004869819975426681,-0.0013627044636225216,0.0,0.76,0.8,0.86,0.92,0.98,100592500.29660389,100947147.20872517,0
2016-03-29,0.92,0.05199999999999998,0.027999999999999983,0.86,0.0,0.0,-0.0011567750274905785,-0.0011567750274905785,hold,True,True,False,False,0.4708072457098956,0.39194057950888905,0.22327698974865912,-0.0014630012612002474,0.0036381948618009474,0.0,0.76,0.8,0.86,0.92,0.98,100476137.40430795,100830374.06973772,0
2016-03-30,0.68,0.20799999999999996,0.11199999999999997,0.68,0.48,0.00048,0.007163235657687935,0.0066832356576879345,scheduled,False,False,False,False,0.4488976425218578,0.31522752194432785,0.20067057412795472,0.010622936992100929,-0.00029019950452258136,0.0,0.76,0.8,0.86,0.92,0.98,101147643.10855517,101552645.80065206,0
2016-03-31,0.68,0.20799999999999996,0.11199999999999997,0.68,0.0,0.0,-0.0023424352640799505,-0.0023424352640799505,hold,False,False,False,False,0.4163727615988252,0.26027385918590096,0.18488385964301374,-0.003805856853896228,0.0011805163296609855,0.0,0.76,0.8,0.86,0.92,0.98,100910711.30245912,101314765.301968,0
2016-04-01,0.68,0.20799999999999996,0.11199999999999997,0.68,0.0,0.0,-0.005701986466656481,-0.005701986466656481,hold,False,False,False,False,0.39990710949271896,0.21073893696984197,0.17253662451356305,-0.009641677011976157,0.003989856147177617,0.00021842698994967158,0.76,0.8,0.86,0.92,0.98,100335319.79227182,100737069.88134369,0
2016-04-04,0.68,0.20799999999999996,0.11199999999999997,0.68,0.0,0.0,0.010728391473516492,0.010728391473516492,hold,False,False,False,False,0.39096242178507135,0.17692092190236322,0.1673037659416861,0.016440054259421855,-0.0021675260715883216,0.0,0.76,0.8,0.86,0.92,0.98,101411756.38162379,101817816.60292575,0
2016-04-05,0.68,0.20799999999999996,0.11199999999999997,0.68,0.0,0.0,-0.008720768621631165,-0.008720768621631165,hold,False,False,False,False,0.4154574408309719,0.16071607053554673,0.1891186208021163,-0.014367008755568844,0.0051598837146045184,-0.00021837929001866652,0.76,0.78,0.84,0.92,0.98,100527367.91870642,100929886.98277196,1
2016-04-06,0.68,0.20799999999999996,0.11199999999999997,0.68,0.0,0.0,-0.0007927561334012401,-0.0007927561334012401,hold,False,False,False,False,0.4397119726372556,0.13267028463769814,0.17863162557118123,-0.0007333782914470399,-0.0015313592215943084,0.00021842698994967158,0.76,0.78,0.84,0.92,0.98,100447674.2312142,100849874.19582288,1
2016-04-07,0.68,0.20799999999999996,0.11199999999999997,0.68,0.0,0.0,-0.0025572758551838143,-0.0025572758551838143,hold,False,False,False,False,0.46433968734985565,0.12490521114051174,0.19564715878832117,-0.003669657776577795,-0.00018004849340780282,-0.00021837929001866652,0.76,0.78,0.84,0.92,0.98,100190801.81919333,100591973.24754356,1
2016-04-08,0.68,0.20799999999999996,0.11199999999999997,0.68,0.0,0.0,0.004872246864642616,0.004872246864642616,hold,False,False,False,False,0.4704370945114343,0.1229625205610138,0.2242984359395819,0.008379322107819664,-0.003969673887859404,0.0,0.76,0.78,0.84,0.92,0.98,100678956.13922293,101082082.17380714,1
2016-04-11,0.68,0.20799999999999996,0.11199999999999997,0.68,0.0,0.0,0.008868289296008157,0.008868289296008157,hold,False,False,False,False,0.4749591592266,0.12555927374894074,0.26197205324579576,0.012783987028247346,0.0007245879515653808,0.00021842698994967158,0.76,0.78,0.84,0.92,0.98,101571806.24828568,101978507.32116733,1
2016-04-12,0.68,0.20799999999999996,0.11199999999999997,0.68,0.0,0.0,-0.0004278772212964215,-0.0004278772212964215,hold,False,False,False,False,0.47384884307636593,0.12177136199993736,0.28869514060812124,9.051966037554315e-05,-0.0023530316843836108,0.0,0.76,0.78,0.84,0.92,0.98,101528345.9860661,101934873.04082279,1
2016-04-13,0.68,0.20799999999999996,0.11199999999999997,0.68,0.0,0.0,-0.0011183400149079568,-0.0011183400149079568,hold,False,False,False,False,0.46152624320129887,0.11095956290430911,0.2938996940463394,-0.0025244283141426793,0.0029938928807267118,-0.00021837929001866652,0.76,0.78,0.84,0.92,0.98,101414802.77410246,101820875.19338667,1
2016-04-14,0.68,0.20799999999999996,0.11199999999999997,0.68,0.0,0.0,0.003443643168413077,0.003443643168413077,hold,False,False,False,False,0.4497033680315341,0.10230415717264249,0.29593278733408307,0.005332597737955469,-0.0009951303666875244,0.00021842698994967158,0.76,0.78,0.84,0.92,0.98,101764039.16685146,102171509.95464821,1
2016-04-15,0.68,0.20799999999999996,0.11199999999999997,0.68,0.0,0.0,-0.004496095885389553,-0.004496095885389553,hold,False,False,False,False,0.4255588617053274,0.09615501694210797,0.3005538842047323,-0.0061134792499503154,-0.0016294711318429744,0.0,0.76,0.78,0.84,0.92,0.98,101306498.28907277,101712137.04913709,1
2016-04-18,0.68,0.20799999999999996,0.11199999999999997,0.68,0.0,0.0,-0.0005027208778751325,-0.0005027208778751325,hold,False,False,False,False,0.40782411833305987,0.11849437520586512,0.27343224028572316,0.0008141445297280558,-0.005078553644664474,0.0,0.76,0.78,0.84,0.92,0.98,101255569.39731844,101661004.2343092,1
2016-04-19,0.68,0.20799999999999996,0.11199999999999997,0.68,0.0,0.0,-0.0003041584220590375,-0.0003041584220590375,hold,False,False,False,False,0.4061782266177224,0.1385249127871026,0.2608350056396788,9.051849482322183e-05,-0.0016406371060420089,-0.00021837929001866652,0.76,0.78,0.84,0.92,0.98,101224771.66310586,101630083.18367635,1
2016-04-20,0.68,0.20799999999999996,0.11199999999999997,0.68,0.0,0.0,-0.010466479554578528,-0.010466479554578528,hold,False,False,False,False,0.40034591000359404,0.15304599105762168,0.24242301344773665,-0.015092648358077998,-0.001095877374806986,0.00021842698994967158,0.76,0.78,0.84,0.92,0.98,100165304.66007707,100566373.99590427,1
2016-04-21,0.68,0.20799999999999996,0.11199999999999997,0.68,0.0,0.0,-0.0002525596441792483,-0.0002525596441792483,hold,False,False,False,False,0.385399337418982,0.16154659488808015,0.22763305822966468,0.0,-0.001096640210082489,-0.00021837929001866652,0.76,0.78,0.84,0.92,0.98,100140006.94637302,100540974.98827146,1
2016-04-22,0.68,0.20799999999999996,0.11199999999999997,0.68,0.0,0.0,-0.0037204366911539784,-0.0037204366911539784,hold,False,False,False,False,0.4191185566098307,0.21330310312030276,0.2585713362316435,-0.004863492345926312,-0.002104450571146388,0.00021842698994967158,0.76,0.78,0.84,0.92,0.98,99767442.39027731,100166918.65596071,1
2016-04-25,0.68,0.20799999999999996,0.11199999999999997,0.68,0.0,0.0,-0.004310560647628486,-0.004310560647628486,hold,False,False,False,False,0.4259892599516224,0.25051347256661755,0.28712057233726157,-0.00802198010467381,0.0055018549209120415,0.0,0.76,0.78,0.84,0.92,0.98,99337388.77919525,99735143.0782081,1
2016-04-26,0.68,0.20799999999999996,0.11199999999999997,0.68,0.0,0.0,-0.007496366899947183,-0.007496366899947183,hold,False,False,False,False,0.4613021006236308,0.27755557476789783,0.3083835756588054,-0.012083998832947751,0.003465155319506197,0.0,0.76,0.78,0.84,0.92,0.98,98592719.26602371,98987491.85287514,1
2016-04-27,0.78,0.143,0.07699999999999999,0.78,0.19999999999999996,0.00019999999999999996,-0.004145103751610201,-0.004345103751610201,scheduled,True,False,False,False,0.48521331102027243,0.31521770332278565,0.3027849406476733,-0.005269203869964323,-0.00036377417409583224,0.00021941524490487474,0.76,0.78,0.84,0.92,0.98,98164323.67165945,98577178.42903331,1
2016-04-28,0.78,0.143,0.07699999999999999,0.78,0.0,0.0,0.006945742158920168,0.006945742158920168,hold,True,False,False,False,0.5271857883809041,0.3730510719527461,0.2816103494456287,0.009458852566111453,-0.0029039970279071126,-0.00021936711241621332,0.76,0.78,0.84,0.92,0.98,98846147.75308758,99261870.09315524,1
2016-04-29,0.78,0.143,0.07699999999999999,0.84,0.0,0.0,-0.006370113381316727,-0.006370113381316727,hold,True,True,False,False,0.5863269914893829,0.4126511334430329,0.27103647517087254,-0.00927660782591011,0.005935284958290099,0.00021941524490487474,0.76,0.78,0.84,0.92,0.98,98216486.58459403,98629560.7262203,1
2016-05-02,0.78,0.143,0.07699999999999999,0.84,0.0,0.0,-0.004773572434623539,-0.004773572434623539,hold,True,True,False,False,0.6280618831298146,0.4344192085729911,0.2736218088382138,-0.006431111476677964,0.0018152852086805726,-0.00021936711241621332,0.76,0.78,0.84,0.92,0.98,97747643.07160823,98158745.3738986,1
2016-05-03,0.92,0.05199999999999998,0.027999999999999983,0.92,0.28,0.00028000000000000003,-0.00012189513713066542,-0.0004018951371306654,tier_force,True,True,True,False,0.6639626305387463,0.46504745476550957,0.26393829756964615,-0.0002860835774073367,0.002717341424693931,0.0,0.76,0.78,0.84,0.92,0.98,97708358.76919177,98146780.30017066,1
2016-05-04,0.92,0.05199999999999998,0.027999999999999983,0.92,0.0,0.0,0.004789903204723052,0.004789903204723052,tier_force,True,True,True,False,0.6718187958811257,0.48264499905246205,0.25775964716528754,0.00533250202401625,-0.002348890081331434,0.00021941524490487474,0.76,0.78,0.84,0.92,0.98,98176372.34998854,98616893.87766369,1
2016-05-05,0.92,0.05199999999999998,0.027999999999999983,0.92,0.0,0.0,0.0027130256123179147,0.0027130256123179147,tier_force,True,True,True,False,0.6619828992198806,0.48905070449056076,0.25397387233318236,0.0028414341676505916,0.0019020418861417365,0.0,0.76,0.78,0.84,0.92,0.98,98442727.36269853,98884444.03656104,1
2016-05-06,0.92,0.05199999999999998,0.027999999999999983,0.92,0.0,0.0,0.012589795891078243,0.012589795891078243,tier_force,True,True,True,False,0.6356778713398353,0.4955555800859607,0.2504425469633524,0.013694750379202425,-0.0001802780343843624,0.0,0.76,0.78,0.84,0.92,0.98,99682101.20715597,100129379.00378409,1
2016-05-09,0.92,0.05199999999999998,0.027999999999999983,0.92,0.0,0.0,-0.008246908126849698,-0.008246908126849698,tier_force,True,True,True,False,0.6054963866124434,0.521459464578999,0.23756609393791928,-0.009037569843292514,0.0015367632096352501,-0.0004376984972006559,0.76,0.78,0.84,0.92,0.98,98860032.07660922,99303621.21434137,1
2016-05-10,0.92,0.05199999999999998,0.027999999999999983,0.92,0.0,0.0,-0.004206192616554186,-0.004206192616554186,tier_force,True,True,True,False,0.5851949545927259,0.5239412088131438,0.23956306635035407,-0.004418870147704257,-0.0027083092435821188,0.0,0.76,0.78,0.84,0.92,0.98,98444207.73961629,98885931.05599251,1
2016-05-11,0.98,0.013000000000000012,0.007000000000000005,0.98,0.11999999999999988,0.00011999999999999988,-0.003560156963426551,-0.0036801569634265507,tier_force,True,True,True,True,0.5776897619059245,0.5302684576653399,0.23556860320453182,-0.003683243531007796,0.0038016689970068462,0.0,0.76,0.78,0.84,0.92,0.98,98081917.60299432,98533881.6199586,1
2016-05-12,0.92,0.05199999999999998,0.027999999999999983,0.92,0.11999999999999988,0.00011999999999999988,0.01132340981127062,0.01120340981127062,tier_force,True,True,True,False,0.5775256410159588,0.5340329272021884,0.22963094851418803,0.012511947576433036,-0.0036073453663033606,0.0,0.76,0.78,0.84,0.92,0.98,99180769.52097593,99649621.14183661,1
2016-05-13,0.92,0.05199999999999998,0.027999999999999983,0.92,0.0,0.0,-0.011611152828791445,-0.011611152828791445,tier_force,True,True,True,False,0.5752108644632936,0.5422795574455754,0.224495025251067,-0.012544077754393035,-0.0013577172067279486,0.0,0.76,0.78,0.84,0.92,0.98,98029166.44839074,98492574.16142759,1
2016-05-16,0.92,0.05199999999999998,0.027999999999999983,0.92,0.0,0.0,0.0029008907972847987,0.0029008907972847987,tier_force,True,True,True,False,0.5725023657968968,0.5435997665506934,0.22107222091171425,0.0036023796418427345,-0.008065662094790538,0.00021842698994967158,0.76,0.78,0.84,0.92,0.98,98313538.35520637,98778290.36341336,1
2016-05-17,0.92,0.05199999999999998,0.027999999999999983,0.92,0.0,0.0,-0.004733812975387483,-0.004733812975387483,tier_force,True,True,True,False,0.5883996532031395,0.5741098200753582,0.20409096281558042,-0.005195580959783452,0.0010045409179579856,-0.00021837929001866652,0.76,0.78,0.84,0.92,0.98,97848140.45168424,98310692.41080445,1
2016-05-18,0.92,0.05199999999999998,0.027999999999999983,0.92,0.0,0.0,0.010173206204620444,0.010173206204620444,tier_force,True,True,True,False,0.6126407195380701,0.5988679131974408,0.1965778919610691,0.011015020255957797,0.0006398387196284716,0.00021842698994967158,0.76,0.78,0.84,0.92,0.98,98843569.76123789,99310827.35681857,1
2016-05-19,0.92,0.05199999999999998,0.027999999999999983,0.92,0.0,0.0,-0.0011702568252409797,-0.0011702568252409797,tier_force,True,True,True,False,0.6381888880767952,0.6271334933563286,0.18212494995155828,-0.001314738811222016,0.000637677965883432,0.00021941524490487474,0.76,0.78,0.84,0.92,0.98,98727897.39909363,99194608.18328393,1
2016-05-20,0.92,0.05199999999999998,0.027999999999999983,0.92,0.0,0.0,0.018331812348177948,0.018331812348177948,tier_force,True,True,True,False,0.6453574958770372,0.6669224060596344,0.16452947920495437,0.020031917495691776,-0.0016403113449398043,-0.0004376984972006559,0.76,0.78,0.84,0.92,0.98,100537758.68774398,101013025.12645091,1
2016-05-23,0.92,0.05199999999999998,0.027999999999999983,0.92,0.0,0.0,0.006598541284865934,0.006598541284865934,tier_force,True,True,True,False,0.6464784557617379,0.6965703229301763,0.14919827341620126,0.007191481480670614,-0.00045649294364658033,0.00021842698994967158,0.76,0.78,0.84,0.92,0.98,101201161.23913294,101679563.743057,1
2016-05-24,0.92,0.05199999999999998,0.027999999999999983,0.92,0.0,0.0,0.0028563704245234698,0.0028563704245234698,tier_force,True,True,True,False,0.6221836253998185,0.7260524411001357,0.13619123610240264,0.0029292162787244447,0.0031056047710957824,0.0,0.76,0.78,0.84,0.92,0.98,101490229.24302383,101969998.24171111,1
2016-05-25,0.98,0.013000000000000012,0.007000000000000005,0.98,0.11999999999999988,0.00011999999999999988,0.005075260345463855,0.004955260345463855,tier_force,True,True,True,True,0.5618567645547915,0.7496967798054058,0.12239260976991284,0.00520264234765655,-0.0019126970733767124,0.00021941524490487474,0.76,0.78,0.84,0.92,0.98,101993139.75144382,102487522.5302143,1
2016-05-26,0.98,0.013000000000000012,0.007000000000000005,0.98,0.0,0.0,0.001884230752945407,0.001884230752945407,tier_force,True,True,True,True,0.49443876836434963,0.767195787945169,0.10841680044606025,0.0019069401885822845,0.0011868744719052415,0.0,0.76,0.78,0.84,0.92,0.98,102185318.36195295,102680632.67195891,1
2016-05-27,0.98,0.013000000000000012,0.007000000000000005,0.98,0.0,0.0,8.448462691429513e-05,8.448462691429513e-05,tier_force,True,True,True,True,0.42600618186396333,0.7705006971913351,0.10472003714644137,9.069038687825604e-05,-0.0003378424789535206,0.0,0.76,0.78,0.84,0.92,0.98,102193951.4504509,102689307.60690151,1
2016-05-31,0.98,0.013000000000000012,0.007000000000000005,0.98,0.0,0.0,0.0020812665711591404,0.0020812665711591404,tier_force,True,True,True,True,0.3715384713024048,0.7746811408100448,0.09893784274243,0.002084131378417897,0.003104106930501116,-0.00021936711241621332,0.76,0.78,0.84,0.92,0.98,102406644.30537938,102903031.43003923,1
2016-06-01,0.98,0.013000000000000012,0.007000000000000005,0.98,0.0,0.0,-0.00448621099750042,-0.00448621099750042,tier_force,True,True,True,True,0.30331969316751867,0.7723580086632609,0.09882575691465215,-0.004702480938034603,0.009283416543012013,0.00021941524490487474,0.76,0.78,0.84,0.92,0.98,101947226.49147947,102441386.71876164,1
2016-06-02,0.98,0.013000000000000012,0.007000000000000005,0.98,0.0,0.0,0.003529165892276905,0.003529165892276905,tier_force,True,True,True,True,0.25665671224483183,0.7775009815361718,0.09402146285510313,0.0036343149689044285,-0.002614643994891086,0.00021822781202129882,0.76,0.78,0.84,0.92,0.98,102307015.16602543,102802919.36672705,1
2016-06-03,0.98,0.013000000000000012,0.007000000000000005,0.98,0.0,0.0,-0.002465375834132938,-0.002465375834132938,tier_force,True,True,True,True,0.22334277691385399,0.7880720174308392,0.08919625653049114,-0.002534867494181192,0.0014457161665100138,0.0,0.76,0.78,0.84,0.92,0.98,102054789.92317283,102549471.533642,1
2016-06-06,0.98,0.013000000000000012,0.007000000000000005,0.98,0.0,0.0,0.0017051323866543715,0.0017051323866543715,tier_force,True,True,True,True,0.18876885873780586,0.7923024552488063,0.0865946681739007,0.001724356413567607,0.0011740847198551396,0.0,0.76,0.78,0.84,0.92,0.98,102228806.85068403,102724331.95878829,1
2016-06-07,0.98,0.013000000000000012,0.007000000000000005,0.98,0.0,0.0,-0.0015811656487232269,-0.0015811656487232269,tier_force,True,True,True,True,0.16457209877823248,0.7963227515606367,0.0856613833831518,-0.0016306481726323652,0.001533235123516885,-0.00043749944988979994,0.76,0.78,0.84,0.92,0.98,102067166.17298177,102561907.77380702,1
2016-06-08,0.98,0.013000000000000012,0.007000000000000005,0.98,0.0,0.0,-0.01107154584118405,-0.01107154584118405,tier_force,True,True,True,True,0.14603281648944658,0.7896534065663836,0.09182114623096894,-0.011344076120729851,0.003511442856246383,0.0,0.76,0.78,0.84,0.92,0.98,100937124.86381786,101426388.91033003,1
2016-06-09,0.98,0.013000000000000012,0.007000000000000005,0.98,0.0,0.0,-0.00816066913741081,-0.00816066913741081,tier_force,True,True,True,True,0.1334190561956975,0.7801449713742814,0.09680852549408271,-0.008353396423228854,0.001973796719497267,0.0,0.76,0.78,0.84,0.92,0.98,100113410.38412271,100598681.70863047,1
2016-06-10,0.98,0.013000000000000012,0.007000000000000005,0.98,0.0,0.0,-3.485566181070768e-06,-3.485566181070768e-06,tier_force,True,True,True,True,0.1279445926350961,0.778689499792912,0.09851252360891849,0.0,-0.0002681204754669819,0.0,0.76,0.78,0.84,0.92,0.98,100113061.43220522,100598331.06526765,1
2016-06-13,0.98,0.013000000000000012,0.007000000000000005,0.98,0.0,0.0,-0.0027725707066065127,-0.0027725707066065127,tier_force,True,True,True,True,0.12700785156358854,0.7627763544888879,0.1094394820090806,-0.002869547908245451,0.0030450956518484062,0.0,0.76,0.78,0.84,0.92,0.98,99835490.89072958,100319415.0794226,1
2016-06-14,0.98,0.013000000000000012,0.007000000000000005,0.98,0.0,0.0,0.0029267554728868305,0.0029267554728868305,tier_force,True,True,True,True,0.12636521714754087,0.7497043530975668,0.11906275977698706,0.002970702117440549,0.0010716531600583057,0.00021941524490487474,0.76,0.78,0.84,0.92,0.98,100127684.96008238,100613025.4765431,1
2016-06-15,0.98,0.013000000000000012,0.007000000000000005,0.98,0.0,0.0,-0.011532290458016072,-0.011532290458016072,tier_force,True,True,True,True,0.1273421225721179,0.7377830206393803,0.12508369856107965,-0.011721111476946655,-0.0033896646785719353,-0.00021936711241621332,0.76,0.78,0.84,0.92,0.98,98972983.41423397,99452726.84288783,1
2016-06-16,0.98,0.013000000000000012,0.007000000000000005,0.98,0.0,0.0,0.006111638019942496,0.006111638019942496,tier_force,True,True,True,True,0.1366619106586679,0.7236964636332499,0.1354241258368777,0.006291787935194915,-0.004296158712527198,0.00021941524490487474,0.76,0.78,0.84,0.92,0.98,99577870.46261553,100060545.90944777,1
2016-06-17,0.98,0.013000000000000012,0.007000000000000005,0.98,0.0,0.0,0.0030798944146692674,0.0030798944146692674,tier_force,True,True,True,True,0.1494934915718365,0.7209044172918039,0.13187036147904901,0.003172562573455995,-0.002247454409046723,0.0,0.76,0.78,0.84,0.92,0.98,99884559.789678,100368721.82592304,1
2016-06-20,0.98,0.013000000000000012,0.007000000000000005,0.98,0.0,0.0,-0.0023445414596985777,-0.0023445414596985777,tier_force,True,True,True,True,0.18176391603178743,0.7156556102253093,0.13487147541730793,-0.002418677330848662,0.001981717271777761,0.0,0.76,0.78,0.84,0.92,0.98,99650376.29806736,100133403.19634522,1
2016-06-21,0.98,0.013000000000000012,0.007000000000000005,0.98,0.0,0.0,0.01391984587239652,0.01391984587239652,tier_force,True,True,True,True,0.21013839603682583,0.7034476591572112,0.14150969378168607,0.014267142801656973,-0.0047656979405625854,0.0,0.76,0.78,0.84,0.92,0.98,101037494.17726278,101527244.73551689,1
2016-06-22,0.98,0.013000000000000012,0.007000000000000005,0.98,0.0,0.0,-0.04018588127089777,-0.04018588127089777,tier_force,True,True,True,True,0.2524653744788485,0.6947742988384518,0.14669262161741617,-0.04118780591899662,0.013823392269679546,-0.00021936711241621332,0.76,0.78,0.84,0.92,0.98,96977213.43234627,97447282.93281403,1
2016-06-23,0.98,0.013000000000000012,0.007000000000000005,0.98,0.0,0.0,-0.019339077226232522,-0.019339077226232522,tier_force,True,True,True,True,0.30052292623307686,0.6737835031586543,0.15504276162524638,-0.019848426636979277,0.00864468292362841,0.0,0.76,0.78,0.84,0.92,0.98,95101763.61259331,95562742.4026898,1
2016-06-24,0.98,0.013000000000000012,0.007000000000000005,0.98,0.0,0.0,0.021472865110536893,0.021472865110536893,tier_force,True,True,True,True,0.42592284365137206,0.6892067608136087,0.1437806080433983,0.021913426346015452,-0.0001763621967885154,0.0,0.76,0.78,0.84,0.92,0.98,97143870.95442069,97614748.27989575,1
2016-06-27,0.98,0.013000000000000012,0.007000000000000005,0.98,0.0,0.0,0.017303032851550524,0.017303032851550524,tier_force,True,True,True,True,0.5264284549924716,0.7083721449087184,0.13208161453377454,0.017710082944621952,-0.004065264167614657,0.0,0.76,0.78,0.84,0.92,0.98,98824754.5448718,99303779.47617862,1
2016-06-28,0.92,0.05199999999999998,0.027999999999999983,0.92,0.11999999999999988,0.00011999999999999988,0.010759899741525407,0.010639899741525407,tier_force,True,True,True,False,0.6043093620816606,0.735750550259408,0.11717403669712392,0.011570149142738684,0.0022185101962657328,0.0,0.76,0.78,0.84,0.92,0.98,99876240.0252101,100372278.18729684,1
2016-06-29,0.92,0.05199999999999998,0.027999999999999983,0.92,0.0,0.0,0.004769349842852517,0.004769349842852517,tier_force,True,True,True,False,0.6554719998746915,0.756734815852825,0.10448016661847699,0.005021391359582683,0.0026425854948513017,0.00043769093943502035,0.76,0.78,0.84,0.92,0.98,100352584.75487903,100850988.69649616,1
2016-06-30,0.84,0.10400000000000002,0.05600000000000001,0.84,0.16000000000000014,0.00016000000000000015,-0.004559370579917214,-0.004719370579917215,scheduled,True,True,False,False,0.6954300995401892,0.7600324458964361,0.10548289612534104,-0.006106508553804568,0.005481698127679069,0.0,0.76,0.78,0.84,0.92,0.98,99878983.7187682,100391171.66567779,1
2016-07-01,0.84,0.10400000000000002,0.05600000000000001,0.84,0.0,0.0,0.0068873841999982565,0.0068873841999982565,hold,True,True,False,False,0.7157185908952618,0.7775129355202081,0.09839310239150817,0.008192036143858328,0.0001758839452226102,-0.0002181801990337462,0.76,0.78,0.84,0.92,0.98,100566888.65314473,101082604.2352273,1
2016-07-05,0.84,0.10400000000000002,0.05600000000000001,0.78,0.0,0.0,0.00235703388496573,0.00235703388496573,hold,True,False,False,False,0.7444714275597978,0.7914936887028897,0.09412579881249593,0.0029547102293558947,-0.0013186871650616716,0.00021822781202129882,0.76,0.78,0.84,0.92,0.98,100803928.21740575,101320859.3585903,2
2016-07-06,0.84,0.10400000000000002,0.05600000000000001,0.78,0.0,0.0,0.0131811468564167,0.0131811468564167,hold,True,False,False,False,0.7575271500348635,0.800462236985849,0.08850639119619602,0.015466585983160641,0.001936853093342794,-0.0002181801990337462,0.76,0.78,0.84,0.92,0.98,102132639.59894307,102656384.4854142,2
2016-07-07,0.84,0.10400000000000002,0.05600000000000001,0.78,0.0,0.0,0.004261727597017779,0.004261727597017779,hold,True,False,False,False,0.7564755211174181,0.8077068552773071,0.08463410457697754,0.005711713622191583,-0.005272428875926383,0.00021822781202129882,0.76,0.78,0.84,0.92,0.98,102567901.08767816,103093878.03218578,2
2016-07-08,0.84,0.10400000000000002,0.05600000000000001,0.78,0.0,0.0,0.003600560483501228,0.003600560483501228,hold,True,False,False,False,0.7465810224339136,0.8123583325460348,0.08057975670257042,0.005048391895390969,-0.00591912249455151,-0.00043749944988979994,0.76,0.78,0.84,0.92,0.98,102937203.01921012,103465073.77551934,2
2016-07-11,0.92,0.05199999999999998,0.027999999999999983,0.92,0.16000000000000014,0.00016000000000000015,-0.002087782320307815,-0.002247782320307815,tier_force,True,True,True,False,0.6730475861523129,0.813575624468762,0.07667330708674672,-0.002421707299617215,0.0025777840092824356,0.00021941524490487474,0.76,0.78,0.84,0.92,0.98,102705822.59416158,103249061.22372146,2
2016-07-12,0.92,0.05199999999999998,0.027999999999999983,0.92,0.0,0.0,0.006075994509410828,0.006075994509410828,tier_force,True,True,True,False,0.5938412294681055,0.7583170644265639,0.09369371591485488,0.006833208327709617,-0.004166683284973383,0.00021822781202129882,0.76,0.78,0.84,0.92,0.98,103329862.60832824,103876401.95281862,2
2016-07-13,0.98,0.013000000000000012,0.007000000000000005,0.98,0.11999999999999988,0.00011999999999999988,-0.0016267286640921524,-0.0017467286640921523,tier_force,True,True,True,True,0.536676470629512,0.7047895063990292,0.1121804381734987,-0.0016076015441202074,-0.003827068420085622,-0.0002181801990337462,0.76,0.78,0.84,0.92,0.98,103149373.37545356,103707423.2322392,2
2016-07-14,0.98,0.013000000000000012,0.007000000000000005,0.98,0.0,0.0,0.006483432576188297,0.006483432576188297,tier_force,True,True,True,True,0.46306652701805434,0.6156102330914028,0.1374406110156661,0.006619296990802992,-0.0002675749845104658,0.0,0.76,0.78,0.84,0.92,0.98,103818135.38300937,104379803.31841566,2
2016-07-15,0.98,0.013000000000000012,0.007000000000000005,0.98,0.0,0.0,-0.003534018625830093,-0.003534018625830093,tier_force,True,True,True,True,0.40948316009275915,0.512315290527857,0.1715748124501918,-0.003643263388065865,0.002680915368485026,0.00021822781202129882,0.76,0.78,0.84,0.92,0.98,103451240.15886687,104010923.14932789,2
2016-07-18,0.98,0.013000000000000012,0.007000000000000005,0.84,0.0,0.0,0.011422585972151771,0.011422585972151771,hold,True,True,False,False,0.36743851211989526,0.42614931255536354,0.18417193358221975,0.011682893068897915,-0.002049941182168058,0.0,0.76,0.78,0.84,0.92,0.98,104632920.84350725,105198996.86104397,2
2016-07-19,0.98,0.013000000000000012,0.007000000000000005,0.78,0.0,0.0,-0.002216953981973328,-0.002216953981973328,hold,True,False,False,False,0.32942791307214353,0.3608913974591549,0.19590986476062833,-0.0022918131162582567,0.0022325286122895083,0.0,0.76,0.78,0.84,0.92,0.98,104400954.47299773,104965775.52605328,2
2016-07-20,0.98,0.013000000000000012,0.007000000000000005,0.78,0.0,0.0,0.004058922711366748,0.004058922711366748,hold,True,False,False,False,0.29116392153682896,0.3076833774479969,0.19860640564289464,0.004152390059693145,-0.0008015036255795138,0.0,0.76,0.78,0.84,0.92,0.98,104824709.87819654,105391823.49625221,2
2016-07-21,0.98,0.013000000000000012,0.007000000000000005,0.74,0.0,0.0,7.444252796481397e-05,7.444252796481397e-05,hold,False,False,False,False,0.25364871141078016,0.2678252227990244,0.20060947144943495,8.817450532272453e-05,-0.0008031712198630636,-0.0002181801990337462,0.76,0.78,0.84,0.92,0.98,104832513.29459307,105399669.13002008,2
2016-07-22,0.76,0.156,0.08399999999999999,0.76,0.43999999999999995,0.00043999999999999996,0.000966791242418883,0.000526791242418883,scheduled,False,False,False,False,0.21959691572384493,0.2351199185765098,0.19745342586128428,0.0011437962740610264,0.0006250389367468134,0.0,0.76,0.78,0.84,0.92,0.98,104887738.14451742,105501568.60708883,2
2016-07-25,0.76,0.156,0.08399999999999999,0.76,0.0,0.0,0.005962585289971153,0.005962585289971153,hold,False,False,False,False,0.19789755663422093,0.2029339504290433,0.18762337283004418,0.00694250058064716,0.004281754567112328,0.00021822781202129882,0.76,0.78,0.84,0.92,0.98,105513140.22907628,106130630.70813435,2
2016-07-26,0.76,0.156,0.08399999999999999,0.76,0.0,0.0,0.0027180076949017053,0.0027180076949017053,hold,False,False,False,False,0.18371313118299354,0.16492126348093636,0.1730176450040778,0.003491011058158966,0.0005331181244854211,-0.0002181801990337462,0.76,0.78,0.84,0.92,0.98,105799925.75613213,106419094.57906382,2
2016-07-27,0.76,0.156,0.08399999999999999,0.76,0.0,0.0,0.0022663511912879714,0.0022663511912879714,hold,False,False,False,False,0.1797089917835631,0.13499897638233715,0.1608364818447688,0.002174318072382553,0.0038175533337656553,0.00021822781202129882,0.76,0.78,0.84,0.92,0.98,106039705.54390772,106660277.62083887,2
2016-07-28,0.76,0.156,0.08399999999999999,0.76,0.0,0.0,0.003463226744046474,0.003463226744046474,hold,False,False,False,False,0.17688078775085792,0.11216020299955407,0.1509164910109999,0.005293624346589532,-0.003471798863094455,-0.0002181801990337462,0.76,0.78,0.84,0.92,0.98,106406945.08807817,107029666.34682278,2
2016-07-29,0.76,0.156,0.08399999999999999,0.76,0.0,0.0,-0.006129418521188589,-0.006129418521188589,hold,False,False,False,False,0.17466301857738037,0.0927858062521125,0.14470032272532762,-0.007596588092164125,-0.0023996327394464334,0.00021822781202129882,0.76,0.78,0.84,0.92,0.98,105754732.38807222,106373636.72759993,2
2016-08-01,0.76,0.156,0.08399999999999999,0.76,0.0,0.0,0.002577258021157633,0.002577258021157633,hold,False,False,False,False,0.1724755444698657,0.07830385396548964,0.14063753725642247,0.0033055583735934757,0.0005343640637527347,-0.0002181801990337462,0.76,0.78,0.84,0.92,0.98,106027289.62039477,106647789.03609584,2
2016-08-02,0.76,0.156,0.08399999999999999,0.76,0.0,0.0,0.0025494417932565294,0.0025494417932565294,hold,False,False,False,False,0.18345768869468015,0.06894225249882019,0.16458395426639025,0.002861033907765931,0.002404205277912963,0.0,0.76,0.78,0.84,0.92,0.98,106297600.0237787,106919681.36662287,2
2016-08-03,0.76,0.156,0.08399999999999999,0.76,0.0,0.0,0.006323313232476024,0.006323313232476024,hold,False,False,False,False,0.1870980787690613,0.06001902848514029,0.16320242455737907,0.009596466039988094,-0.00621795485842902,0.0,0.76,0.78,0.84,0.92,0.98,106969753.0445895,107595768.00262056,2
2016-08-04,0.76,0.156,0.08399999999999999,0.76,0.0,0.0,-0.0009297634500199545,-0.0009297634500199545,hold,False,False,False,False,0.19043638396383325,0.05341604628520381,0.1555396090087188,-0.0011133074048824687,-0.000536216809674861,0.0,0.76,0.78,0.84,0.92,0.98,106870296.47795099,107495729.3901549,2
2016-08-05,0.76,0.156,0.08399999999999999,0.76,0.0,0.0,0.0023170037404214375,0.0023170037404214375,hold,False,False,False,False,0.19263280528128893,0.048395004421038224,0.14948991306829232,0.002314443191121285,0.0035770956100593665,0.0,0.76,0.78,0.84,0.92,0.98,107117915.35463035,107744797.39723122,2
2016-08-08,0.76,0.156,0.08399999999999999,0.76,0.0,0.0,-0.0015328838844909606,-0.0015328838844909606,hold,False,False,False,False,0.1941262816812154,0.044668037786730765,0.14521226360356554,-0.0025657353107794156,0.0026735573827012526,0.0,0.76,0.78,0.84,0.92,0.98,106953716.028443,107579637.13366328,2
2016-08-09,0.76,0.156,0.08399999999999999,0.76,0.0,0.0,0.0025098410163620797,0.0025098410163620797,hold,False,False,False,False,0.19122581261586818,0.041884828561168055,0.141726162282384,0.004287552218279256,-0.004799350445706119,0.0,0.76,0.78,0.84,0.92,0.98,107222152.85178351,107849644.91946669,2
2016-08-10,0.76,0.156,0.08399999999999999,0.76,0.0,0.0,0.001076241135958978,0.001076241135958978,hold,False,False,False,False,0.19080030119561908,0.039713862500643814,0.14253132764069593,0.0006829624643995835,0.0035717286090724,0.0,0.76,0.78,0.84,0.92,0.98,107337549.74336869,107965717.14382759,2
2016-08-11,0.76,0.156,0.08399999999999999,0.76,0.0,0.0,0.0027843800054626294,0.0027843800054626294,hold,False,False,False,False,0.18836651087659417,0.03818154618202864,0.14134587597091164,0.004266264165248668,-0.002935774103374089,0.0,0.76,0.78,0.84,0.92,0.98,107636418.27070947,108266334.7279183,2
2016-08-12,0.76,0.156,0.08399999999999999,0.76,0.0,0.0,-0.004461728460687017,-0.004461728460687017,hold,False,False,False,False,0.18427895188970728,0.03702851485829577,0.14378239262720258,-0.005522610374144699,-0.001695798566263118,0.0,0.76,0.78,0.84,0.92,0.98,107156173.79990463,107783279.74092847,2
2016-08-15,0.76,0.156,0.08399999999999999,0.76,0.0,0.0,0.001614451905619127,0.001614451905619127,hold,False,False,False,False,0.18027363833519344,0.03588417360229569,0.14565568111739793,0.0017940407453502782,0.0016088521740571515,0.0,0.76,0.78,0.84,0.92,0.98,107329172.28889474,107957290.66230008,2
2016-08-16,0.76,0.156,0.08399999999999999,0.76,0.0,0.0,0.0004914070569072519,0.0004914070569072519,hold,False,False,False,False,0.18348098242083583,0.03556696331374879,0.17135563571920812,0.00025610120908048373,0.0017848653961300975,0.00021822781202129882,0.76,0.78,0.84,0.92,0.98,107381914.60156952,108010341.63677613,2
2016-08-17,0.76,0.156,0.08399999999999999,0.76,0.0,0.0,-0.0007409884784811526,-0.0007409884784811526,hold,False,False,False,False,0.18923157579302335,0.035529801373798645,0.184756919452615,-0.0002560356380439943,-0.003385091390056938,-0.0002181801990337462,0.76,0.78,0.84,0.92,0.98,107302345.84005252,107930307.21806647,2
2016-08-18,0.76,0.156,0.08399999999999999,0.76,0.0,0.0,0.0009318675982203334,0.0009318675982203334,hold,False,False,False,False,0.19522802365272895,0.035848606401807204,0.1965234525289069,0.0007674678332494356,0.0022345643907100143,0.0,0.76,0.78,0.84,0.92,0.98,107402337.4193539,108030883.97422895,2
2016-08-19,0.76,0.156,0.08399999999999999,0.76,0.0,0.0,0.0013462422079788734,0.0013462422079788734,hold,False,False,False,False,0.19378032652623695,0.03576695674295212,0.20306332866883411,0.0017896633665130945,-8.911506776332345e-05,0.0,0.76,0.78,0.84,0.92,0.98,107546926.97922342,108176319.71000032,2
2016-08-22,0.76,0.156,0.08399999999999999,0.76,0.0,0.0,-0.004950449641549364,-0.004950449641549364,hold,False,False,False,False,0.18821626970981986,0.035595431405414685,0.20669901071797678,-0.006464624738933833,-0.0003568331805733349,0.00021822781202129882,0.76,0.78,0.84,0.92,0.98,107014521.33310938,107640798.28686783,2
2016-08-23,0.76,0.156,0.08399999999999999,0.76,0.0,0.0,-0.0015053568617483149,-0.0015053568617483149,hold,False,False,False,False,0.1833942817137795,0.03552231521359707,0.20430652583716427,-0.0016269167420969177,-0.0016062371861270686,-0.0002181801990337462,0.76,0.78,0.84,0.92,0.98,106853426.28911388,107478760.47256261,2
2016-08-24,0.76,0.156,0.08399999999999999,0.76,0.0,0.0,0.0005085553174156269,0.0005085553174156269,hold,False,False,False,False,0.19788652725414613,0.03646176641285946,0.2314129489929828,0.0014580455074366672,-0.0038433286425400004,0.0,0.76,0.78,0.84,0.92,0.98,106907767.16723727,107533419.36771017,2
2016-08-25,0.76,0.156,0.08399999999999999,0.76,0.0,0.0,0.0017033887833665631,0.0017033887833665631,hold,False,False,False,False,0.2109053817942454,0.03763926721996394,0.25945664622080344,0.0013699017178741002,0.004127771420336268,0.00021822781202129882,0.76,0.78,0.84,0.92,0.98,107089872.6586847,107716590.5880982,2
2016-08-26,0.76,0.156,0.08399999999999999,0.76,0.0,0.0,-0.002483721179258056,-0.002483721179258056,hold,False,False,False,False,0.2256105827208395,0.037817048598474456,0.2784334807710358,-0.0032496593200480595,-8.96160001380153e-05,0.0,0.76,0.78,0.84,0.92,0.98,106823891.27387828,107449052.61069706,2
2016-08-29,0.76,0.156,0.08399999999999999,0.76,0.0,0.0,-0.0009635159027616536,-0.0009635159027616536,hold,False,False,False,False,0.2394941327658322,0.03800701534878759,0.29043136513272544,-0.0010292256935203747,-0.0011622075364497997,0.0,0.76,0.78,0.84,0.92,0.98,106720964.755841,107345523.73976998,2
2016-08-30,0.76,0.156,0.08399999999999999,0.74,0.0,0.0,0.002202601434238273,0.002202601434238273,hold,False,False,False,False,0.25431281832508945,0.03857388266390164,0.30843127764865147,0.00257624127590228,0.0015683209266188491,0.0,0.76,0.78,0.84,0.92,0.98,106956028.50587551,107581963.14431825,2
2016-08-31,0.76,0.156,0.08399999999999999,0.74,0.0,0.0,0.0020876569250762914,0.0020876569250762914,hold,False,False,False,False,0.2703541905258052,0.040145739437046225,0.3346659281000574,0.003255296739491209,-0.002594203420870911,0.0002181801990337462,0.76,0.78,0.84,0.92,0.98,107179315.99946447,107806557.37468979,2
2016-09-01,0.76,0.156,0.08399999999999999,0.74,0.0,0.0,0.005464445629046789,0.005464445629046789,hold,False,False,False,False,0.27463415865406043,0.041046033242908224,0.3461158904830822,0.006232782114611979,0.004663661679113362,0.0,0.76,0.78,0.84,0.92,0.98,107764991.54430194,108395660.44591849,2
2016-09-02,0.76,0.156,0.08399999999999999,0.74,0.0,0.0,0.0005167278595960312,0.0005167278595960312,hold,False,False,False,False,0.2823247623019267,0.03987140628802831,0.3328162908251199,0.000594046492662148,0.0005357414368303282,-0.0002181326068182443,0.76,0.78,0.84,0.92,0.98,107820676.71772201,108451671.5035302,2
2016-09-06,0.76,0.156,0.08399999999999999,0.74,0.0,0.0,-0.005212676261152247,-0.005212676261152247,hold,False,False,False,False,0.27265300334042675,0.0386384349425449,0.30294844030710566,-0.005851540947800493,-0.004907084236050463,0.0,0.76,0.78,0.84,0.92,0.98,107258642.43573417,107886348.05000147,2
2016-09-07,0.76,0.156,0.08399999999999999,0.74,0.0,0.0,-0.019847717424458303,-0.019847717424458303,hold,False,False,False,False,0.2649025204073367,0.03767274396867576,0.280307007440656,-0.025164115310007062,-0.004752031574178028,0.0002181801990337462,0.76,0.78,0.84,0.92,0.98,105129803.20933871,105745050.29994829,2
2016-09-08,0.76,0.156,0.08399999999999999,0.74,0.0,0.0,0.013736686852744257,0.013736686852744257,hold,False,False,False,False,0.2787033540972305,0.03910063816445426,0.30517689681768406,0.01793796034625994,0.0009005337662317814,-0.0004362652136363776,0.76,0.78,0.84,0.92,0.98,106573938.39491603,107197636.94214636,2
2016-09-09,0.76,0.156,0.08399999999999999,0.74,0.0,0.0,-0.007351483090155702,-0.007351483090155702,hold,False,False,False,False,0.34480956889452286,0.04282340869952931,0.3336819110181826,-0.008939653373073897,-0.0036902414283931373,0.00021822781202129882,0.76,0.78,0.84,0.92,0.98,105790461.8889545,106409575.32686153,2
2016-09-12,0.68,0.20799999999999996,0.11199999999999997,0.68,0.15999999999999992,0.00015999999999999993,0.0037136118498628063,0.0035536118498628064,scheduled,False,False,False,False,0.39719790590749493,0.04404135934633985,0.3592064171773117,0.0047704105757879756,0.002258330088110494,0.0,0.76,0.78,0.84,0.92,0.98,106166400.12792557,106804739.18673423,2
2016-09-13,0.68,0.20799999999999996,0.11199999999999997,0.68,0.0,0.0,0.010622614264222667,0.010622614264222667,hold,False,False,False,False,0.4857933906685286,0.045780731295072145,0.38082872862221195,0.015538783293766789,0.0002703924252944745,0.0,0.76,0.78,0.84,0.92,0.98,107294164.84430565,107939284.73270582,2
2016-09-14,0.68,0.20799999999999996,0.11199999999999997,0.6,0.0,0.0,-9.938702532783154e-05,-9.938702532783154e-05,hold,False,False,False,False,0.544972565618975,0.046306568171795966,0.3944441034763122,-0.000477085258995813,0.0010818795711025064,0.0,0.76,0.78,0.84,0.92,0.98,107283501.19642673,107928556.96828021,2
2016-09-15,0.68,0.20799999999999996,0.11199999999999997,0.6,0.0,0.0,-0.0033124954955802907,-0.0033124954955802907,hold,False,False,False,False,0.5746049574373835,0.04583244259509339,0.36855882755643327,-0.004348187870721554,-0.0017102295360078568,0.0,0.76,0.78,0.84,0.92,0.98,106928125.08196348,107571044.10947828,2
2016-09-16,0.68,0.20799999999999996,0.11199999999999997,0.6,0.0,0.0,0.0015996286760025721,0.0015996286760025721,hold,False,False,False,False,0.6060564504085983,0.04584446350895931,0.3505315173015766,0.0018836163536490869,0.0015325459400057362,0.0,0.76,0.78,0.84,0.92,0.98,107099170.37711576,107743117.83634333,2
2016-09-19,0.6,0.26,0.13999999999999999,0.6,0.16000000000000014,0.00016000000000000015,0.006318859341709638,0.006158859341709637,scheduled,False,False,False,False,0.6379788671448086,0.046515767391142326,0.3641114606384712,0.009829085925367576,0.0016207991788041998,0.0,0.76,0.78,0.84,0.92,0.98,107758779.10308222,108423931.44298843,2
2016-09-20,0.6,0.26,0.13999999999999999,0.6,0.0,0.0,0.005575414209819312,0.005575414209819312,hold,False,False,False,False,0.6495015751208555,0.048235763762420336,0.3606334874220757,0.007956244105026933,0.0029658558420708747,0.0002181801990337462,0.76,0.78,0.84,0.92,0.98,108359578.93132633,109028439.77104013,2
2016-09-21,0.6,0.26,0.13999999999999999,0.6,0.0,0.0,-0.0037124240833178355,-0.0037124240833178355,hold,False,False,False,False,0.6430202544395396,0.04958699934626387,0.3296213243064886,-0.0063816974594224085,0.0004484399705215747,0.0,0.76,0.78,0.84,0.92,0.98,107957302.2208435,108623679.96546756,2
2016-09-22,0.6,0.26,0.13999999999999999,0.6,0.0,0.0,-0.004274725854571604,-0.004274725854571604,hold,False,False,False,False,0.6097769089538059,0.04911451960473595,0.2871439473383113,-0.008366791918056449,0.0028667280625471747,0.0,0.76,0.78,0.84,0.92,0.98,107495814.34985027,108159343.51230048,2
2016-09-23,0.6,0.26,0.13999999999999999,0.6,0.0,0.0,0.006342284634568717,0.006342284634568717,hold,False,False,False,False,0.5607117159663291,0.05829327550623584,0.2837741312014149,0.009886002570921537,0.0016970063729628837,-0.0002181326068182443,0.76,0.78,0.84,0.92,0.98,108177583.40148178,108845320.85474357,2
2016-09-26,0.6,0.26,0.13999999999999999,0.6,0.0,0.0,0.0008968202551380955,0.0008968202551380955,hold,False,False,False,False,0.5038436529039332,0.07070752634486699,0.30265581346790194,0.0016879801691032092,-0.00044603017816857715,0.0,0.76,0.78,0.84,0.92,0.98,108274599.24942811,108942935.5431631,2
2016-09-27,0.6,0.26,0.13999999999999999,0.68,0.0,0.0,-0.0041847459073772915,-0.0041847459073772915,hold,False,False,False,False,0.44204778574399567,0.07665064115782731,0.288813640935446,-0.007245266754241864,0.0006246697891070241,0.0,0.76,0.78,0.84,0.92,0.98,107821497.56334613,108487037.03951119,2
2016-09-28,0.6,0.26,0.13999999999999999,0.68,0.0,0.0,0.003862019631565494,0.003862019631565494,hold,False,False,False,False,0.3943365071154566,0.08094441047267283,0.26488115540092316,0.007467728151162367,-0.0024967787961409638,0.0002181801990337462,0.76,0.78,0.84,0.92,0.98,108237906.30364056,108906016.10632814,2
2016-09-29,0.6,0.26,0.13999999999999999,0.68,0.0,0.0,-0.0014945922930570865,-0.0014945922930570865,hold,False,False,False,False,0.36287527914620427,0.09141269545816161,0.28909933209820643,-0.0014319149390237262,-0.002326556787262679,-0.0002181326068182443,0.76,0.78,0.84,0.92,0.98,108076134.7630625,108743246.01398808,2
2016-09-30,0.6,0.26,0.13999999999999999,0.74,0.0,0.0,-0.002070205645023815,-0.002070205645023815,hold,False,False,False,False,0.3286635297222211,0.0947063392417529,0.273172547647432,-0.001518561872840718,-0.004575437496861956,0.0002181801990337462,0.76,0.78,0.84,0.92,0.98,107852394.93878368,108518125.13223171,2
2016-10-03,0.74,0.169,0.091,0.74,0.28,0.00028000000000000003,0.0022449254991669817,0.001964925499166982,scheduled,False,False,False,False,0.3055181421476062,0.09877389909959429,0.26686264702973733,0.003548218189506347,-0.0022529938524716853,0.0,0.76,0.78,0.84,0.92,0.98,108064316.85974512,108761740.23846285,3
2016-10-04,0.74,0.169,0.091,0.74,0.0,0.0,-0.0007247428209045674,-0.0007247428209045674,hold,False,False,False,False,0.3045768359778416,0.10713852124738593,0.2818870042961535,-0.0005050275409403948,-0.002077055861589794,0.0,0.76,0.78,0.84,0.92,0.98,107985998.02190505,108682915.94803594,3
2016-10-05,0.74,0.169,0.091,0.74,0.0,0.0,-0.0013757409353160053,-0.0013757409353160053,hold,False,False,False,False,0.2856689067168602,0.11124987023537582,0.2671024401778986,-0.002189787182245384,0.0014479383405063828,0.0,0.76,0.78,0.84,0.92,0.98,107837437.26398537,108533396.41159672,3
2016-10-06,0.74,0.169,0.091,0.74,0.0,0.0,0.004241701523713792,0.004241701523713792,hold,False,False,False,False,0.2658598249020851,0.11162028660891296,0.24720359756622298,0.006330789112030111,-0.0026217894626537896,0.0,0.76,0.78,0.84,0.92,0.98,108294851.48594138,108993762.6845296,3
2016-10-07,0.74,0.169,0.091,0.74,0.0,0.0,-0.010617821650926737,-0.010617821650926737,hold,False,False,False,False,0.2575665239142385,0.11222115246184522,0.24916144223733025,-0.014259505562598473,-0.0002718193336296304,-0.0002181326068182443,0.76,0.78,0.84,0.92,0.98,107144996.06715007,107836486.35128185,3
2016-10-10,0.74,0.169,0.091,0.76,0.0,0.0,-0.0006098807956684897,-0.0006098807956684897,hold,False,False,False,False,0.2372560641651606,0.10677435511507362,0.23134108524047842,-0.0008509935051088657,0.0,0.0002181801990337462,0.76,0.78,0.84,0.92,0.98,107079650.39169674,107770718.94918384,3
2016-10-11,0.74,0.169,0.091,0.74,0.0,0.0,-0.0023144091713837222,-0.0023144091713837222,hold,False,False,False,False,0.27251540582517203,0.11332803706873742,0.25368205525297727,-0.00357692551058697,0.0020850045779354787,-0.0002181326068182443,0.76,0.78,0.84,0.92,0.98,106831824.26676163,107521293.40884125,3
2016-10-12,0.74,0.169,0.091,0.74,0.0,0.0,0.0003659795991727971,0.0003659795991727971,hold,False,False,False,False,0.29896293458446427,0.11700458841036036,0.2705765318260878,0.0011968671311766155,-0.0030751602242479192,0.0,0.76,0.78,0.84,0.92,0.98,106870922.53498569,107560644.00870556,3
2016-10-13,0.74,0.169,0.091,0.74,0.0,0.0,-0.0016537349239807934,-0.0016537349239807934,hold,False,False,False,False,0.34784231131601756,0.12147195247824755,0.2966862338579676,-0.0027320682808430474,0.0021774887801364606,0.0,0.76,0.78,0.84,0.92,0.98,106694186.35803154,107382767.2152625,3
2016-10-14,0.74,0.169,0.091,0.68,0.0,0.0,0.0069245721688196114,0.0069245721688196114,hold,False,False,False,False,0.38545718748367147,0.12388897317947911,0.3056769046401793,0.008902640428587683,0.0019918239743474953,0.0,0.76,0.78,0.84,0.92,0.98,107432997.95146121,108126346.93653214,3
2016-10-17,0.74,0.169,0.091,0.68,0.0,0.0,3.367731177573141e-05,3.367731177573141e-05,hold,False,False,False,False,0.4044381708577001,0.13237452795210383,0.3144796811595145,-8.467414554802488e-05,0.0004525549193443723,0.0002181801990337462,0.76,0.78,0.84,0.92,0.98,107436616.00602823,108129988.34122908,3
2016-10-18,0.74,0.169,0.091,0.68,0.0,0.0,-0.0010516952389412805,-0.0010516952389412805,hold,False,False,False,False,0.41302736369332105,0.13654049170683585,0.32669313162883296,-0.001188027015897486,-0.0009035809464892353,-0.0002181326068182443,0.76,0.78,0.84,0.92,0.98,107323625.42848672,108016268.54730384,3
2016-10-19,0.74,0.169,0.091,0.68,0.0,0.0,0.002949277421823593,0.002949277421823593,hold,False,False,False,False,0.4244370849248799,0.1367223717775631,0.3359288570836174,0.0037378843870587986,0.001084277960947233,0.0,0.76,0.78,0.84,0.92,0.98,107640152.5737912,108334838.48932004,3
2016-10-20,0.74,0.169,0.091,0.68,0.0,0.0,0.008664882845047584,0.008664882845047584,hold,False,False,False,False,0.43339909585692227,0.1393632046087473,0.35048982273984597,0.012018694567257793,-0.001354740442149005,0.0,0.76,0.78,0.84,0.92,0.98,108572841.88526614,109273547.17286715,3
2016-10-21,0.74,0.169,0.091,0.68,0.0,0.0,-0.002382068520656142,-0.002382068520656142,hold,False,False,False,False,0.4417807483850251,0.14169814745576792,0.35923563511617956,-0.003177801542645131,-0.00018044603017008942,0.0,0.76,0.78,0.84,0.92,0.98,108314213.93641308,109013250.09600621,3
2016-10-24,0.74,0.169,0.091,0.68,0.0,0.0,-0.005376052058234536,-0.005376052058234536,hold,False,False,False,False,0.4086196248738714,0.13024166158973247,0.3159778212848823,-0.0067960143773750925,-0.0021707444798167996,0.0002181801990337462,0.76,0.78,0.84,0.92,0.98,107731911.08364417,108427189.18845275,3
2016-10-25,0.74,0.169,0.091,0.68,0.0,0.0,-0.003977481449308825,-0.003977481449308825,hold,False,False,False,False,0.40782791413431974,0.1292169219694404,0.3000983785361506,-0.004561539841076989,-0.003444330767404691,-0.0002181326068182443,0.76,0.78,0.84,0.92,0.98,107303409.40581039,107995922.05485497,3
2016-10-26,0.74,0.169,0.091,0.68,0.0,0.0,-0.004596347405967779,-0.004596347405967779,hold,False,False,False,False,0.4246957628992618,0.13533937665085688,0.3202130903045427,-0.0062797386257124055,0.00018227679850491008,0.0002181801990337462,0.76,0.78,0.84,0.92,0.98,106810205.65833648,107499535.27866305,3
2016-10-27,0.74,0.169,0.091,0.68,0.0,0.0,-0.0005370154624396396,-0.0005370154624396396,hold,False,False,False,False,0.44323371511455034,0.14338341086834844,0.340044022557966,-0.0009394780373006562,0.0008180153067267604,0.00021927141017608065,0.76,0.78,0.84,0.92,0.98,106752846.92635159,107441806.36601333,3
2016-10-28,0.74,0.169,0.091,0.68,0.0,0.0,-0.005580100343664231,-0.005580100343664231,hold,False,False,False,False,0.46343755917069057,0.15180941352046148,0.359223930235426,-0.007522125896604059,3.681741912653358e-05,-0.00021922334076496242,0.76,0.78,0.84,0.92,0.98,106157155.32853071,106842270.30538644,3
2016-10-31,0.74,0.169,0.091,0.68,0.0,0.0,-0.005399779756080753,-0.005399779756080753,hold,False,False,False,False,0.4753824311965461,0.15823316112170288,0.37401677221701285,-0.008009660679236474,0.003002458273539732,0.00021927141017608065,0.76,0.78,0.84,0.92,0.98,105583930.0702246,106265345.5770977,3
2016-11-01,0.74,0.169,0.091,0.6,0.0,0.0,-0.007387047299543496,-0.007387047299543496,hold,False,False,False,False,0.5013346413875934,0.1872833633908394,0.37076977822548685,-0.009810544538835342,-0.0006348817561877551,-0.00021922334076496242,0.76,0.78,0.84,0.92,0.98,104803976.58472416,105480358.44301735,3
2016-11-02,0.74,0.169,0.091,0.6,0.0,0.0,-0.002053987353241014,-0.002053987353241014,hold,False,False,False,False,0.5201442733485487,0.2378032901839899,0.34971768593775693,-0.003507326269631572,0.003085682768996012,0.00021927141017608065,0.76,0.78,0.84,0.92,0.98,104588710.54224977,105263703.12076005,3
2016-11-03,0.74,0.169,0.091,0.78,0.0,0.0,0.016856919093051734,0.016856919093051734,hold,True,False,False,False,0.5617053177266558,0.3095445013750705,0.30937405530358814,0.02375715138118828,-0.0041622698521773804,-0.00021922334076496242,0.76,0.78,0.84,0.92,0.98,106351753.97390705,107038124.84770173,3
2016-11-04,0.74,0.169,0.091,0.78,0.0,0.0,0.004254791351597585,0.004254791351597585,hold,True,False,False,False,0.589723476492557,0.3677580791533975,0.2777571142679447,0.006532055489912869,-0.0035436888122127863,0.00021927141017608065,0.76,0.78,0.84,0.92,0.98,106804258.49694246,107493549.73559496,3
2016-11-07,0.74,0.169,0.091,0.78,0.0,0.0,0.0007986467466051777,0.0007986467466051777,hold,True,False,False,False,0.6390583371543832,0.3820180167690736,0.29362168639192165,0.004611007943213119,-0.01522901829432255,-0.00043730812782438733,0.76,0.78,0.84,0.92,0.98,106889557.37051462,107579399.10937233,3
2016-11-08,0.74,0.169,0.091,0.78,0.0,0.0,-0.012967982025503694,-0.012967982025503694,hold,True,False,False,False,0.6721652802395781,0.3638251926574045,0.3168876432474712,-0.016149625982822102,-0.006019282829676564,0.0,0.76,0.78,0.84,0.92,0.98,105503415.51181974,106184311.39540751,3
2016-11-09,0.74,0.169,0.091,0.78,0.0,0.0,-6.636294084000707e-05,-6.636294084000707e-05,hold,True,False,False,False,0.6918823254531593,0.3610212619940789,0.33359304793994193,0.00043228482093993215,-0.002049948274530089,-0.00043749944988979994,0.76,0.78,0.84,0.92,0.98,105496413.99489771,106177264.69223224,3
2016-11-10,0.74,0.169,0.091,0.78,0.0,0.0,-0.008415082470679855,-0.008415082470679855,hold,True,False,False,False,0.7347347499747553,0.3881026368095105,0.32864072061821736,-0.010103861818116844,-0.00578730532995253,0.00043769093943502035,0.76,0.78,0.84,0.92,0.98,104608652.97076964,105283774.25333588,3
2016-11-11,0.74,0.169,0.091,0.78,0.0,0.0,0.010284219182725202,0.010284219182725202,hold,True,False,False,False,0.7678142325445622,0.42696446422249057,0.31740460228216827,0.013870763222450178,0.0,0.0002181801990337462,0.76,0.78,0.84,0.92,0.98,105684471.2863307,106366535.66414176,3
2016-11-14,0.74,0.169,0.091,0.78,0.0,0.0,0.004552114246712637,0.004552114246712637,hold,True,False,False,False,0.79322774010633,0.4834343370557898,0.2784441075479272,0.005937086843125883,0.0009388756378667651,0.0,0.76,0.78,0.84,0.92,0.98,106165559.07372949,106850728.28651196,3
2016-11-15,0.74,0.169,0.091,0.78,0.0,0.0,0.004654996556924769,0.004654996556924769,hold,True,False,False,False,0.8074828117917074,0.5222794976717371,0.26072078176666214,0.007270488788043039,-0.00440898724587635,0.00021927141017608065,0.76,0.78,0.84,0.92,0.98,106659759.38568169,107348118.05879056,3
2016-11-16,0.74,0.169,0.091,0.78,0.0,0.0,-0.0035334932621703323,-0.0035334932621703323,hold,True,False,False,False,0.8148127280049096,0.5574376891199108,0.24428368171494774,-0.0037365738926996572,-0.004428871346526475,-0.00021922334076496242,0.76,0.78,0.84,0.92,0.98,106282877.84454766,106968804.20692316,3
2016-11-17,0.74,0.169,0.091,0.78,0.0,0.0,0.007819392418174453,0.007819392418174453,hold,True,False,False,False,0.8003527233282157,0.5876994842198299,0.22935187267276855,0.010398973233763043,0.0008520845704749203,-0.0002181326068182443,0.76,0.78,0.84,0.92,0.98,107113945.37374708,107805235.26351997,3
2016-11-18,0.74,0.169,0.091,0.78,0.0,0.0,0.002407197383101095,0.002407197383101095,hold,True,False,False,False,0.8074096738755276,0.6115965783879642,0.21834797312736284,0.0030369681285349337,0.0009458045442913843,0.0,0.76,0.78,0.84,0.92,0.98,107371789.7827444,108064743.74373092,3
2016-11-21,0.74,0.169,0.091,0.78,0.0,0.0,-0.003594072304069379,-0.003594072304069379,hold,True,False,False,False,0.7729263603284635,0.6278594502775902,0.2081010001367315,-0.004037030505068651,-0.003589761717861406,0.0,0.76,0.78,0.84,0.92,0.98,106985887.80684789,107676351.24119522,3
2016-11-22,0.74,0.169,0.091,0.84,0.0,0.0,0.0022503640810087274,0.0022503640810087274,hold,True,True,False,False,0.7191605634685365,0.6065951066138451,0.22009708650019089,0.003209212239489334,-0.000853889788907991,0.0002181801990337462,0.76,0.78,0.84,0.92,0.98,107226645.00594324,107918662.23440248,3
2016-11-23,0.74,0.169,0.091,0.84,0.0,0.0,-0.0009319811800002251,-0.0009319811800002251,hold,True,True,False,False,0.6868979515281326,0.5947333882992281,0.22795084738418098,-0.0022729119571489598,0.004555170032606304,-0.0002181326068182443,0.76,0.78,0.84,0.92,0.98,107126711.79080313,107818084.07222922,3
2016-11-25,0.92,0.05199999999999998,0.027999999999999983,0.92,0.3600000000000001,0.00036000000000000013,0.0032364089301084205,0.0028764089301084204,tier_force,True,True,True,False,0.5827565028627966,0.583392343348394,0.2324682032294937,0.003459095073566232,0.0010392588928362922,0.0,0.76,0.78,0.84,0.92,0.98,107434852.02125134,108167027.48234777,3
2016-11-28,0.98,0.013000000000000012,0.007000000000000005,0.98,0.11999999999999988,0.00011999999999999988,-0.011951980728270495,-0.012071980728270496,tier_force,True,True,True,True,0.49679180192651257,0.5901824727512069,0.22853954418538747,-0.01210701682310944,-0.0067003262787110884,0.0,0.76,0.78,0.84,0.92,0.98,106137900.55810618,106874217.25444444,3
2016-11-29,0.98,0.013000000000000012,0.007000000000000005,0.98,0.0,0.0,-0.01697737297901492,-0.01697737297901492,tier_force,True,True,True,True,0.4214835269950472,0.5859921594102389,0.22780840896987348,-0.017276526623586475,-0.003814850191941055,0.0004594520850085271,0.76,0.78,0.84,0.92,0.98,104335957.83312161,105059773.80627547,3
2016-11-30,0.98,0.013000000000000012,0.007000000000000005,0.98,0.0,0.0,0.002008820475605228,0.002008820475605228,tier_force,True,True,True,True,0.38986590308715724,0.5828582480280999,0.23888759243058733,0.0019918359560255894,0.004488570869507491,-0.0002185975147781516,0.76,0.78,0.84,0.92,0.98,104545550.04155868,105270820.03105997,3
2016-12-01,0.98,0.013000000000000012,0.007000000000000005,0.98,0.0,0.0,0.007618195086950105,0.007618195086950105,tier_force,True,True,True,True,0.41878726931489874,0.6118474693233885,0.21756709847710656,0.007778714259661701,-0.00038037596295092957,0.0,0.76,0.78,0.84,0.92,0.98,105341998.43724777,106072793.67501979,3
2016-12-02,0.98,0.013000000000000012,0.007000000000000005,0.98,0.0,0.0,0.002359630781390237,0.002359630781390237,tier_force,True,True,True,True,0.41994943247793143,0.6475452497662069,0.1933064345644284,0.002401177035784796,0.00038052070388006065,0.0002186453100994079,0.76,0.78,0.84,0.92,0.98,105590566.65933347,106323086.30404341,3
2016-12-05,0.98,0.013000000000000012,0.007000000000000005,0.98,0.0,0.0,0.012452783002470408,0.012452783002470408,tier_force,True,True,True,True,0.4254559872788044,0.6630175231374765,0.18722597819389689,0.012662777844265172,0.0033277473146569037,0.0,0.76,0.78,0.84,0.92,0.98,106905463.07305002,107647104.62594058,3
2016-12-06,0.98,0.013000000000000012,0.007000000000000005,0.98,0.0,0.0,0.0016896713275707297,0.0016896713275707297,tier_force,True,True,True,True,0.4137184998573253,0.6681774514537375,0.1802514182278936,0.001774430755661749,-0.0037900625367526253,0.0,0.76,0.78,0.84,0.92,0.98,107086098.16876522,107828992.85212304,3
2016-12-07,0.98,0.013000000000000012,0.007000000000000005,0.98,0.0,0.0,0.007619628121719024,0.007619628121719024,tier_force,True,True,True,True,0.4114055545018158,0.6742394075533582,0.17291688414737244,0.007843273053897315,-0.00513688239233423,0.0,0.76,0.78,0.84,0.92,0.98,107902054.41381712,108650609.67839573,3
2016-12-08,0.98,0.013000000000000012,0.007000000000000005,0.98,0.0,0.0,-0.004427386259112208,-0.004427386259112208,tier_force,True,True,True,True,0.3782134105180235,0.6728450159596729,0.16984571779942298,-0.004518719215147349,0.00019144264120307675,-0.0002185975147781516,0.76,0.78,0.84,0.92,0.98,107424330.34077542,108169571.46206143,3
2016-12-09,0.98,0.013000000000000012,0.007000000000000005,0.98,0.0,0.0,0.012366151134824992,0.012366151134824992,tier_force,True,True,True,True,0.360789727748523,0.6427015394218882,0.16577382403445728,0.012609354692775465,0.0005733091334108043,0.0002186453100994079,0.76,0.78,0.84,0.92,0.98,108752755.8453268,109507212.73095055,3
2016-12-12,0.98,0.013000000000000012,0.007000000000000005,0.98,0.0,0.0,-0.002142099409037637,-0.002142099409037637,tier_force,True,True,True,True,0.3599443261184468,0.6188908560202827,0.16234630718803852,-0.0020755588640058997,-0.008311670947065752,0.0,0.76,0.78,0.84,0.92,0.98,108519796.63129932,109272637.39527422,3
2016-12-13,0.98,0.013000000000000012,0.007000000000000005,0.98,0.0,0.0,0.001512744999308539,0.001512744999308539,tier_force,True,True,True,True,0.34551227087960945,0.5589570587502133,0.16897351260909615,0.0015806784759424541,-0.0027938390088512177,0.0,0.76,0.78,0.84,0.92,0.98,108683959.4109793,109437939.03105518,3
2016-12-14,0.98,0.013000000000000012,0.007000000000000005,0.98,0.0,0.0,-0.003618214180495075,-0.003618214180495075,tier_force,True,True,True,True,0.3392508439361029,0.500570261807856,0.16893429467798948,-0.003707148779150571,0.0012555235135331966,-0.0002185975147781516,0.76,0.78,0.84,0.92,0.98,108290717.56784613,109041969.12816885,3
2016-12-15,0.98,0.013000000000000012,0.007000000000000005,0.84,0.0,0.0,0.004076790194853764,0.004076790194853764,hold,True,True,False,False,0.2884188609860072,0.4285235240418482,0.18140557447431044,0.0040969898245917236,0.0046315115063984,0.0002186453100994079,0.76,0.78,0.84,0.92,0.98,108732196.10342042,109486510.35873812,3
2016-12-16,0.98,0.013000000000000012,0.007000000000000005,0.78,0.0,0.0,0.003724948521211293,0.003724948521211293,hold,True,False,False,False,0.25674323290897383,0.3601906196795457,0.20500711344451708,0.0038305528406343825,-0.002112544615919587,-0.0002185975147781516,0.76,0.78,0.84,0.92,0.98,109137217.9365039,109894341.97359149,3
2016-12-19,0.98,0.013000000000000012,0.007000000000000005,0.76,0.0,0.0,-0.0007087108639229231,-0.0007087108639229231,hold,False,False,False,False,0.23094151783967742,0.3022362134431935,0.21328749942096234,-0.0007464364532127066,0.0016358725426794951,0.0002186453100994079,0.76,0.78,0.84,0.92,0.98,109059871.20449398,109816458.65955114,3
2016-12-20,0.76,0.156,0.08399999999999999,0.76,0.43999999999999995,0.00043999999999999996,-0.002231002912931724,-0.0026710029129317237,scheduled,False,False,False,False,0.2014921219571287,0.2542283719050395,0.22283257806299536,-0.0028225019310382793,-0.0004329439365465815,-0.0002185975147781516,0.76,0.78,0.84,0.92,0.98,108768571.97082281,109571457.82039383,3
2016-12-21,0.76,0.156,0.08399999999999999,0.76,0.0,0.0,0.0006562235414420722,0.0006562235414420722,hold,False,False,False,False,0.17880598261385072,0.2176817629948314,0.230430038053142,0.0006658666169154781,0.0009625955935019803,0.0,0.76,0.78,0.84,0.92,0.98,108839948.4683191,109643361.1904857,3
2016-12-22,0.76,0.156,0.08399999999999999,0.76,0.0,0.0,0.00371345484406161,0.00371345484406161,hold,False,False,False,False,0.16252402806229077,0.19324842245750262,0.2661558986724132,0.00515816428791438,-0.0014430526974466007,0.0002186453100994079,0.76,0.78,0.84,0.92,0.98,109244120.70218618,110050516.86121769,3
2016-12-23,0.76,0.156,0.08399999999999999,0.76,0.0,0.0,-0.005343863501090039,-0.005343863501090039,hold,False,False,False,False,0.1473407729077837,0.17397723473325333,0.29091422327087213,-0.007780401595355757,0.0036605776218114894,-2.1528543122095734e-05,0.76,0.78,0.84,0.92,0.98,108660335.0328571,109462421.92088693,3
2016-12-27,0.76,0.156,0.08399999999999999,0.76,0.0,0.0,-0.0005800984659771328,-0.0005800984659771328,hold,False,False,False,False,0.1336299242346362,0.15584934119244115,0.2904847326065787,-0.0014180114557545975,0.003071972139969681,0.0002186022209653693,0.76,0.78,0.84,0.92,0.98,108597301.33919199,109398922.93784848,3
2016-12-28,0.76,0.156,0.08399999999999999,0.76,0.0,0.0,-0.007382914745789962,-0.007382914745789962,hold,False,False,False,False,0.13514027319989175,0.1441807822391108,0.3347400331395006,-0.010274758023060215,0.0029655589161186047,-0.0004372123711749998,0.76,0.78,0.84,0.92,0.98,107795536.72178186,108591240.0165171,3
2016-12-29,0.76,0.156,0.08399999999999999,0.76,0.0,0.0,0.006761873146666499,0.006761873146666499,hold,False,False,False,False,0.13777342073724844,0.1357724707245228,0.3694312536093247,0.00894672625574855,-0.0004767994288187305,0.0004374036094443312,0.76,0.78,0.84,0.92,0.98,108524436.46687138,109325520.206348,3
2016-12-30,0.76,0.156,0.08399999999999999,0.76,0.0,0.0,0.004311253691184823,0.004311253691184823,hold,False,False,False,False,0.15304959999476506,0.13152242244127316,0.38628732934514415,0.005437647930014222,0.0011451363100898337,0.0,0.76,0.78,0.84,0.92,0.98,108992312.84417294,109796850.25887834,3
2017-01-03,0.76,0.156,0.08399999999999999,0.76,0.0,0.0,0.005292841157693039,0.005292841157693039,hold,False,False,False,False,0.1638485605787831,0.12486803134641555,0.4027687172746776,0.0056576169575368596,0.006483402841674479,-0.00021855444447849148,0.76,0.78,0.84,0.92,0.98,109569191.84346674,110377987.5469136,4
2017-01-04,0.76,0.156,0.08399999999999999,0.76,0.0,0.0,0.005973953367275514,0.005973953367275514,hold,False,False,False,False,0.16043493237507325,0.11784713320683873,0.4059669784151938,0.008769617261584095,-0.004546912423650573,0.0002186022209653693,0.76,0.78,0.84,0.92,0.98,110223753.08602968,111037380.49729256,4
2017-01-05,0.76,0.156,0.08399999999999999,0.76,0.0,0.0,0.0030871243927487867,0.0030871243927487867,hold,False,False,False,False,0.15741246490859973,0.11237155018819672,0.37640585076896005,0.003280710419331534,0.0038063107311334665,0.0,0.76,0.78,0.84,0.92,0.98,110564027.52284189,111380166.70313269,4
2017-01-06,0.76,0.156,0.08399999999999999,0.76,0.0,0.0,0.0015850910010012848,0.0015850910010012848,hold,False,False,False,False,0.16317778201165786,0.09877001409900266,0.35237606544512357,0.002207123684249801,-0.000474130933925454,-0.00021855444447849148,0.76,0.78,0.84,0.92,0.98,110739281.5679028,111556714.40306385,4
2017-01-09,0.76,0.156,0.08399999999999999,0.76,0.0,0.0,0.0022413756552641198,0.0022413756552641198,hold,False,False,False,False,0.16209733166741572,0.08542582386760891,0.31444295472019285,0.0026913456164927574,0.001138400001080342,0.0002186022209653693,0.76,0.78,0.84,0.92,0.98,110987489.89769053,111806754.90690814,4
2017-01-10,0.76,0.156,0.08399999999999999,0.76,0.0,0.0,-0.0010860048387861124,-0.0010860048387861124,hold,False,False,False,False,0.16528053854366573,0.07337125000276123,0.2774052609411205,-0.0015455736076209758,0.0005681480961912122,0.0,0.76,0.78,0.84,0.92,0.98,110866956.94661692,111685332.23007026,4
2017-01-11,0.76,0.156,0.08399999999999999,0.76,0.0,0.0,0.002261127527454757,0.002261127527454757,hold,False,False,False,False,0.17073356536746348,0.06354590082239318,0.2439185925273695,0.0034221228319144537,-0.002177473235898897,0.0,0.76,0.78,0.84,0.92,0.98,111117641.27485403,111937867.00918859,4
2017-01-12,0.76,0.156,0.08399999999999999,0.76,0.0,0.0,-0.0014986173381533866,-0.0014986173381533866,hold,False,False,False,False,0.1753074435719872,0.057586243800993836,0.22670929653614363,-0.003004186576797574,0.005029259360338267,0.0,0.76,0.78,0.84,0.92,0.98,110951118.45106484,111770114.9808927,4
2017-01-13,0.76,0.156,0.08399999999999999,0.76,0.0,0.0,0.0004243772323782414,0.0004243772323782414,hold,False,False,False,False,0.1705687864369917,0.0516864976627185,0.20589419182951862,0.002036058052957257,-0.007081207144442825,-0.00021855444447849148,0.76,0.78,0.84,0.92,0.98,110998203.57964239,111817547.6729509,4
2017-01-17,0.76,0.156,0.08399999999999999,0.76,0.0,0.0,-0.0009640575136646686,-0.0009640575136646686,hold,False,False,False,False,0.15530527587955953,0.04979533461656126,0.2030381561418523,-0.00048779570014922946,-0.003803415266354193,0.0,0.76,0.78,0.84,0.92,0.98,110891194.92747815,111709749.12595722,4
2017-01-18,0.76,0.156,0.08399999999999999,0.76,0.0,0.0,0.0017612769758597003,0.0017612769758597003,hold,False,False,False,False,0.13890159241837086,0.04666020551277196,0.19329930675956256,0.0021953923642168416,0.0004770268749603179,0.0002186022209653693,0.76,0.78,0.84,0.92,0.98,111086505.03592947,111906500.93507181,4
2017-01-19,0.76,0.156,0.08399999999999999,0.76,0.0,0.0,0.0014169606977623476,0.0014169606977623476,hold,False,False,False,False,0.1311145201324062,0.0461456709197214,0.19453147077017977,0.00081147599594944,0.005247419962672861,-0.00021855444447849148,0.76,0.78,0.84,0.92,0.98,111243910.24761716,112065068.04872091,4
2017-01-20,0.76,0.156,0.08399999999999999,0.76,0.0,0.0,0.004521639602703451,0.004521639602703451,hold,False,False,False,False,0.1273267642593858,0.04551709935033706,0.19501600041073255,0.006728874380691918,-0.0037968264527077356,0.0,0.76,0.78,0.84,0.92,0.98,111746915.11775236,112571785.89848967,4
2017-01-23,0.76,0.156,0.08399999999999999,0.76,0.0,0.0,0.0068958717105644714,0.0068958717105644714,hold,False,False,False,False,0.12049249566618184,0.04467130253062347,0.19717568595918442,0.010065945486163574,-0.004952624650518822,0.0002186022209653693,0.76,0.78,0.84,0.92,0.98,112517507.50845572,113348066.49227478,4
2017-01-24,0.76,0.156,0.08399999999999999,0.76,0.0,0.0,0.0010150921335256911,0.0010150921335256911,hold,False,False,False,False,0.11543792090955064,0.04257152056882855,0.19253577950229003,0.001036460954369156,0.0013399482524054651,0.00021845096226047467,0.76,0.78,0.84,0.92,0.98,112631723.14521149,113463125.22292143,4
2017-01-25,0.76,0.156,0.08399999999999999,0.76,0.0,0.0,0.0016099151186590383,0.0016099151186590383,hold,False,False,False,False,0.10913501457976316,0.03909705557194076,0.17395983332517428,0.0019115051026086238,0.0012427671640820037,-0.0004369099633370066,0.76,0.78,0.84,0.92,0.98,112813050.65914358,113645791.22362812,4
2017-01-26,0.76,0.156,0.08399999999999999,0.76,0.0,0.0,-0.0059284827151242555,-0.0059284827151242555,hold,False,False,False,False,0.10467550075878959,0.03634175551962637,0.15956994313644934,-0.007790205845685905,-0.00028617148152976224,0.00043710093709137254,0.76,0.78,0.84,0.92,0.98,112144240.4382704,112972044.11471222,4
2017-01-27,0.76,0.156,0.08399999999999999,0.76,0.0,0.0,-0.001004165986694525,-0.001004165986694525,hold,False,False,False,False,0.10265659404419557,0.034148689501519655,0.14857150190188953,-0.002002944906227877,0.003438577020480116,-0.00021840325185995546,0.76,0.78,0.84,0.92,0.98,112031629.00641862,112858601.43056488,4
2017-01-30,0.76,0.156,0.08399999999999999,0.76,0.0,0.0,0.004953360233018981,0.004953360233018981,hold,False,False,False,False,0.1121041757995091,0.03408243390197395,0.167552215351436,0.006903778758789558,-0.0019167562830650908,6.550424401274846e-05,0.76,0.78,0.84,0.92,0.98,112586562.02237934,113417630.73884517,4
2017-01-31,0.76,0.156,0.08399999999999999,0.76,0.0,0.0,-0.0006067406906754363,-0.0006067406906754363,hold,False,False,False,False,0.12460954268531517,0.03442723318466828,0.18649567317908367,-0.0008768958314971931,0.00038269321322070837,0.0,0.76,0.78,0.84,0.92,0.98,112518251.17397709,113348815.64723592,4
2017-02-01,0.76,0.156,0.08399999999999999,0.76,0.0,0.0,0.0022840761526049897,0.0022840761526049897,hold,False,False,False,False,0.13936874525440124,0.03312783608141235,0.17503817897046495,0.002872683740341664,0.0007640076208901281,-0.0002184366537325566,0.76,0.78,0.84,0.92,0.98,112775251.42821641,113607712.9739818,4
2017-02-02,0.76,0.156,0.08399999999999999,0.76,0.0,0.0,0.0016878887293948984,0.0016878887293948984,hold,False,False,False,False,0.1495678678653567,0.03225734479015382,0.16706406938319968,0.0011934529289587825,0.004770362278408546,0.0004367617613629804,0.76,0.78,0.84,0.92,0.98,112965603.50405678,113799470.15228291,4
2017-02-03,0.76,0.156,0.08399999999999999,0.76,0.0,0.0,0.00305973829716032,0.00305973829716032,hold,False,False,False,False,0.15424899108722276,0.03247435054279429,0.16856995195235186,0.00365561982638285,0.0018042771096753452,0.0,0.76,0.78,0.84,0.92,0.98,113311248.68735996,114147666.74930438,4
2017-02-06,0.76,0.156,0.08399999999999999,0.76,0.0,0.0,0.0018995520676514284,0.0018995520676514284,hold,False,False,False,False,0.15753093518327524,0.032761928171638706,0.1728096163451826,0.0016628025732436935,0.004075782769142444,0.0,0.76,0.78,0.84,0.92,0.98,113526489.3040922,114364496.18569562,4
2017-02-07,0.76,0.156,0.08399999999999999,0.76,0.0,0.0,0.0018359020891695228,0.0018359020891695228,hold,False,False,False,False,0.16202033801012375,0.032404979836907294,0.17873104468766338,0.0036364511965685242,-0.005947441155272792,0.0,0.76,0.78,0.84,0.92,0.98,113734912.82298167,114574458.20316976,4
2017-02-08,0.76,0.156,0.08399999999999999,0.76,0.0,0.0,0.002392319058612413,0.002392319058612413,hold,False,False,False,False,0.15997241991112485,0.03215327633038524,0.1823985632632612,0.0033083108338127776,-0.0006645505102943483,-0.00021818208904023084,0.76,0.78,0.84,0.92,0.98,114007003.0225577,114848556.86315937,4
2017-02-09,0.76,0.156,0.08399999999999999,0.76,0.0,0.0,0.0040582305624536795,0.0040582305624536795,hold,False,False,False,False,0.15960207158587764,0.030939477955493545,0.17228780876289107,0.005652005928054038,-0.0015211150183807032,0.0,0.76,0.78,0.84,0.92,0.98,114469669.72655761,115314638.78667516,4
2017-02-10,0.76,0.156,0.08399999999999999,0.76,0.0,0.0,0.002005388581765786,0.002005388581765786,hold,False,False,False,False,0.15915915723340504,0.030088020094052106,0.16446200620383963,0.003356926062405119,-0.0036167084660367887,0.0002182297028527902,0.76,0.78,0.84,0.92,0.98,114699225.89518572,115545889.4466084,4
2017-02-13,0.76,0.156,0.08399999999999999,0.76,0.0,0.0,0.004177518039484242,0.004177518039484242,hold,False,False,False,False,0.15348413181079024,0.02946798237440424,0.15653804426913723,0.005912869868770265,-0.0019098446493703847,-0.00021818208904023084,0.76,0.78,0.84,0.92,0.98,115178383.98047775,116028584.48415987,4
2017-02-14,0.76,0.156,0.08399999999999999,0.76,0.0,0.0,0.0003919941534287963,0.0003919941534287963,hold,False,False,False,False,0.1487174733860239,0.0289926491418488,0.1497356888285332,-0.00030928841549970887,0.004019572751337019,0.0,0.76,0.78,0.84,0.92,0.98,115223533.23359947,116074067.01090828,4
2017-02-15,0.76,0.156,0.08399999999999999,0.76,0.0,0.0,0.003727382622127865,0.003727382622127865,hold,False,False,False,False,0.14574594865612273,0.028575828254695002,0.14408356643352047,0.004332634354430764,0.0026682642161592884,0.0002182297028527902,0.76,0.78,0.84,0.92,0.98,115653015.42903455,116506719.47116445,4
2017-02-16,0.76,0.156,0.08399999999999999,0.76,0.0,0.0,0.0036546374738361345,0.0036546374738361345,hold,False,False,False,False,0.1457137411115474,0.02826409427428543,0.1398044087755239,0.004930355359400007,-0.00047503399890058695,-0.00021818208904023084,0.76,0.78,0.84,0.92,0.98,116075685.27318366,116932509.29409748,4
2017-02-17,0.76,0.156,0.08399999999999999,0.76,0.0,0.0,0.0005435618826790716,0.0005435618826790716,hold,False,False,False,False,0.14500917421861786,0.027725056111785454,0.13461840637983552,0.00038325045451448325,0.001617253443897848,0.0,0.76,0.78,0.84,0.92,0.98,116138779.591204,116996069.34899576,4
2017-02-21,0.76,0.156,0.08399999999999999,0.76,0.0,0.0,-0.00243886282566506,-0.00243886282566506,hold,False,False,False,False,0.14750458730074986,0.027349786241888375,0.13081500267964258,-0.0037546645434447523,0.002658219406108664,0.0,0.76,0.78,0.84,0.92,0.98,115855533.03904091,116710731.98471156,4
2017-02-22,0.76,0.156,0.08399999999999999,0.76,0.0,0.0,0.0021853324051469654,0.0021853324051469654,hold,False,False,False,False,0.14697298655519803,0.027047796085050334,0.1285413420229473,0.0019227998605007013,0.004641054558759183,0.0,0.76,0.78,0.84,0.92,0.98,116108715.8897067,116965783.72934619,4
2017-02-23,0.76,0.156,0.08399999999999999,0.76,0.0,0.0,0.0003745428449121491,0.0003745428449121491,hold,False,False,False,False,0.15158160738356352,0.027025850072651257,0.12959681748417956,0.0012281280036756659,-0.0035822720377010064,0.0,0.76,0.78,0.84,0.92,0.98,116152203.57847513,117009592.42674156,4
2017-02-24,0.76,0.156,0.08399999999999999,0.76,0.0,0.0,-0.002367718130434303,-0.002367718130434303,hold,False,False,False,False,0.15883764633690894,0.02695991550337468,0.12982413932321385,-0.003066585028914215,-0.0004733694489383877,0.0004372872092248681,0.76,0.78,0.84,0.92,0.98,115877187.90017247,116732546.69331802,4
2017-02-27,0.76,0.156,0.08399999999999999,0.76,0.0,0.0,0.007180126714693327,0.007180126714693327,hold,False,False,False,False,0.16240829645958232,0.02682677974358335,0.12879069425228498,0.010920931821392088,-0.00696628513925257,-0.00039334509334831846,0.76,0.78,0.84,0.92,0.98,116709200.79263805,117570701.17030491,4
2017-02-28,0.76,0.156,0.08399999999999999,0.76,0.0,0.0,-0.004262500221001551,-0.004262500221001551,hold,False,False,False,False,0.1802272447896502,0.02812568906001772,0.14850432109951847,-0.00502080383658976,-0.00286339298200855,0.0,0.76,0.78,0.84,0.92,0.98,116211727.79846652,117069556.03058317,4
2017-03-01,0.76,0.156,0.08399999999999999,0.76,0.0,0.0,0.0015623098258645812,0.0015623098258645812,hold,False,False,False,False,0.1979845435509459,0.028939585168870303,0.1526874281535392,0.0018349598229883135,0.0009574769865314803,0.00021873750588752294,0.76,0.78,0.84,0.92,0.98,116393286.52268676,117252454.94827937,4
2017-03-02,0.76,0.156,0.08399999999999999,0.76,0.0,0.0,-0.0016937028406642605,-0.0016937028406642605,hold,False,False,False,False,0.22178634655396462,0.030378998728007877,0.18412722524517128,-0.0022134919975109746,-0.00019125791133867143,0.00021889656682039238,0.76,0.78,0.84,0.92,0.98,116196150.88266903,117053864.1322586,4
2017-03-03,0.76,0.156,0.08399999999999999,0.76,0.0,0.0,-0.0015396325760027212,-0.0015396325760027212,hold,False,False,False,False,0.22952639424741506,0.030831535719266445,0.19022519651294703,-0.0016829388239993914,-0.00143493506488801,-0.0004374904719125494,0.76,0.78,0.84,0.92,0.98,116017251.50356394,116873644.18989357,4
2017-03-06,0.76,0.156,0.08399999999999999,0.74,0.0,0.0,0.0008165907825269993,0.0008165907825269993,hold,False,False,False,False,0.257165403767975,0.0321200019398461,0.21279094010721777,0.0017625152179456816,-0.0033520563019981964,0.0,0.76,0.78,0.84,0.92,0.98,116111990.12175588,116969082.13045938,4
2017-03-07,0.76,0.156,0.08399999999999999,0.74,0.0,0.0,0.00014667099432231503,0.00014667099432231503,hold,False,False,False,False,0.2793188434873163,0.03286633212180392,0.23834484591460034,0.0007652355306368985,-0.0027878718523187684,0.0,0.76,0.78,0.84,0.92,0.98,116129020.38279977,116986238.10204042,4
2017-03-08,0.76,0.156,0.08399999999999999,0.74,0.0,0.0,0.0035435337217531557,0.0035435337217531557,hold,False,False,False,False,0.2951199890698596,0.03339708849410028,0.2516142812184194,0.004203062885153708,0.002120717811165296,0.00021873750588752294,0.76,0.78,0.84,0.92,0.98,116540527.48260038,117400782.78173605,4
2017-03-09,0.76,0.156,0.08399999999999999,0.74,0.0,0.0,0.0008645055819114683,0.0008645055819114683,hold,False,False,False,False,0.30156980168265135,0.033470940821160255,0.25162200001077994,0.001674856102214406,-0.002500096945321162,-0.0002186896702545127,0.76,0.78,0.84,0.92,0.98,116641277.41912797,117502276.41377163,4
2017-03-10,0.76,0.156,0.08399999999999999,0.74,0.0,0.0,-0.0016829943727623541,-0.0016829943727623541,hold,False,False,False,False,0.3114270471888932,0.033751954883962536,0.23769582823091057,-0.0024321089983774247,0.0010603106795159523,0.0,0.76,0.78,0.84,0.92,0.98,116444970.80559976,117304520.74378048,4
2017-03-13,0.76,0.156,0.08399999999999999,0.74,0.0,0.0,0.00607488973353863,0.00607488973353863,hold,False,False,False,False,0.3103455620525891,0.03388572330956777,0.22675963391751675,0.006170111578607473,0.008764301175015365,0.00021873750588752294,0.76,0.78,0.84,0.92,0.98,117152361.16326891,118017132.77254453,4
2017-03-14,0.76,0.156,0.08399999999999999,0.74,0.0,0.0,-0.0009316316944712342,-0.0009316316944712342,hold,False,False,False,False,0.31152881812442945,0.03388545511803598,0.2243879347410575,-0.0006816029851074434,-0.0027692354961698085,0.00021889656682039238,0.76,0.78,0.84,0.92,0.98,117043218.31052707,117907184.27116302,4
2017-03-15,0.76,0.156,0.08399999999999999,0.74,0.0,0.0,0.0001528478287857107,0.0001528478287857107,hold,False,False,False,False,0.29693553210340146,0.03406911315305578,0.21786416094236155,-0.00034918676095463397,0.0026809600455848237,0.0,0.76,0.78,0.84,0.92,0.98,117061108.11231993,117925206.12827711,4
2017-03-16,0.76,0.156,0.08399999999999999,0.74,0.0,0.0,0.0010466876883566544,0.0010466876883566544,hold,False,False,False,False,0.28400660686971396,0.03430722073009333,0.21791190891642076,0.0009114034252444281,0.0023872075175979113,-0.0002188486615998242,0.76,0.78,0.84,0.92,0.98,117183634.53296648,118048636.98967849,4
2017-03-17,0.76,0.156,0.08399999999999999,0.74,0.0,0.0,-0.010993510238671704,-0.010993510238671704,hold,False,False,False,False,0.2824241530767206,0.034431155837153546,0.22671206296611968,-0.01517368358261828,0.0033339870032389474,0.00021889656682039238,0.76,0.78,0.84,0.92,0.98,115895375.04692355,116750868.09027122,4
2017-03-20,0.76,0.156,0.08399999999999999,0.74,0.0,0.0,0.005448545617219759,0.005448545617219759,hold,False,False,False,False,0.2635332583912554,0.03427190010353198,0.23396035554887,0.006779444898409759,0.0018985095796688611,0.0,0.76,0.78,0.84,0.92,0.98,116526836.28469151,117386990.52091107,4
2017-03-21,0.76,0.156,0.08399999999999999,0.74,0.0,0.0,-0.0020999129210159304,-0.0020999129210159304,hold,False,False,False,False,0.3149847961610811,0.03663023022059391,0.29832264623905336,-0.0025249632404178435,-0.001042035709769129,-0.0002188486615998242,0.76,0.78,0.84,0.92,0.98,116282140.07553217,117140488.06275703,4
2017-03-22,0.76,0.156,0.08399999999999999,0.68,0.0,0.0,0.001681449689095257,0.001681449689095257,hold,False,False,False,False,0.3521006913592113,0.03816881345623027,0.3480653838040234,0.0020714702632340654,0.0005688780604131694,0.00021889656682039238,0.76,0.78,0.84,0.92,0.98,116477662.64380953,117337453.89999063,4
2017-03-23,0.76,0.156,0.08399999999999999,0.68,0.0,0.0,0.0016061187490704868,0.0016061187490704868,hold,False,False,False,False,0.3877348837710688,0.03934819040215885,0.3935606691155121,0.0016073234828017924,0.0024650827060328506,0.0,0.76,0.78,0.84,0.92,0.98,116664739.60162966,117525911.78466763,4
2017-03-24,0.76,0.156,0.08399999999999999,0.68,0.0,0.0,0.004115594943954107,0.004115594943954107,hold,False,False,False,False,0.4168931076271288,0.040266516497535515,0.4286780404753462,0.006114048533489402,-0.0034043714198579433,0.0,0.76,0.78,0.84,0.92,0.98,117144884.41407187,118009600.83299221,4
2017-03-27,0.68,0.20799999999999996,0.11199999999999997,0.68,0.15999999999999992,0.00015999999999999993,0.003743281219957197,0.003583281219957197,scheduled,False,False,False,False,0.43047092328540626,0.0406304135229603,0.448835470267692,0.004634116665036991,0.002846547537173283,0.0,0.76,0.78,0.84,0.92,0.98,117564647.47840688,118451343.95556498,4
2017-03-28,0.68,0.20799999999999996,0.11199999999999997,0.68,0.0,0.0,0.0005407881910304939,0.0005407881910304939,hold,False,False,False,False,0.42001689910942425,0.04052727230479966,0.4133871437681536,0.0016635139315384073,-0.002838467703921266,0.0,0.76,0.78,0.84,0.92,0.98,117628225.05144586,118515401.04358785,4
2017-03-29,0.68,0.20799999999999996,0.11199999999999997,0.68,0.0,0.0,-7.22187152631851e-05,-7.22187152631851e-05,hold,False,False,False,False,0.4055057983104446,0.03947760837223149,0.38021648569952193,-0.0006794510838052936,0.001991918614536514,-0.0002188486615998242,0.76,0.78,0.84,0.92,0.98,117619730.09215394,118506842.01358557,4
2017-03-30,0.68,0.20799999999999996,0.11199999999999997,0.68,0.0,0.0,0.0006229588636800024,0.0006229588636800024,hold,False,False,False,False,0.38841122578859766,0.0387887074571772,0.3484545089101557,-0.0006043535498883035,0.0049234182743402854,8.793104054705125e-05,0.76,0.78,0.84,0.92,0.98,117693002.34555848,118580666.90122464,4
2017-03-31,0.68,0.20799999999999996,0.11199999999999997,0.68,0.0,0.0,0.0007848355486126089,0.0007848355486126089,hold,False,False,False,False,0.3801273360198769,0.03829601569174607,0.3197223080635604,0.001587157655209781,-0.0014155368121636647,0.0,0.76,0.78,0.84,0.92,0.98,117785371.99762222,118673733.22398691,4
2017-04-03,0.68,0.20799999999999996,0.11199999999999997,0.68,0.0,0.0,-0.002377992172221934,-0.002377992172221934,hold,False,False,False,False,0.37184448051050556,0.039002413899362647,0.30853412067778363,-0.004075109794840603,0.0018898196551426771,0.0,0.76,0.78,0.84,0.92,0.98,117505279.30500962,118391528.01533192,4
2017-04-04,0.68,0.20799999999999996,0.11199999999999997,0.74,0.0,0.0,0.0002234862949464969,0.0002234862949464969,hold,False,False,False,False,0.32068272145535986,0.03866239206443468,0.2835244296491769,0.0005304983742624447,-0.0006598682670767575,0.0,0.78,0.78,0.84,0.92,0.98,117531540.12451814,118417986.89928111,5
2017-04-05,0.68,0.20799999999999996,0.11199999999999997,0.74,0.0,0.0,-0.0009889007795130258,-0.0009889007795130258,hold,False,False,False,False,0.3027474178891364,0.038829354789262104,0.28091847095115363,-0.0005302170949554874,-0.003020928629535069,0.0,0.78,0.78,0.84,0.92,0.98,117415313.09287164,118300883.25972804,5
2017-04-06,0.68,0.20799999999999996,0.11199999999999997,0.74,0.0,0.0,0.0006319690355246958,0.0006319690355246958,hold,False,False,False,False,0.2924218141675728,0.03894679665058981,0.2974775444630699,0.0003790327043617925,0.0017991672911474854,0.0,0.78,0.78,0.84,0.92,0.98,117489515.93504278,118375645.75482342,5
2017-04-07,0.68,0.20799999999999996,0.11199999999999997,0.74,0.0,0.0,-0.0019482835938180562,-0.0019482835938180562,hold,False,False,False,False,0.2992121827707244,0.04068959705211964,0.3229688184029283,-0.004317653346012529,0.004631022895706494,0.00021846356395993638,0.78,0.78,0.84,0.92,0.98,117260613.0387009,118145016.42629169,5
2017-04-10,0.68,0.20799999999999996,0.11199999999999997,0.74,0.0,0.0,-0.0021205645817563984,-0.0021205645817563984,hold,False,False,False,False,0.3081530106891359,0.042063196735916374,0.34080140820734606,-0.004032061633003736,0.0031043264599439624,-0.0002184158480553755,0.78,0.78,0.84,0.92,0.98,117011954.33585599,117894482.28894708,5
2017-04-11,0.68,0.20799999999999996,0.11199999999999997,0.74,0.0,0.0,-0.002051843217713438,-0.002051843217713438,hold,False,False,False,False,0.33630090637722354,0.043896053469369575,0.3852002019432346,-0.003971549426213028,0.003001646504557254,0.00021846356395993638,0.78,0.78,0.84,0.92,0.98,116771864.15096056,117652581.29505667,5
2017-04-12,0.68,0.20799999999999996,0.11199999999999997,0.68,0.0,0.0,0.005301143319022018,0.005301143319022018,hold,False,False,False,False,0.3772621198275592,0.0457755644057361,0.4295172738452293,0.008282033336621586,-0.0015896122590416395,0.0,0.78,0.78,0.84,0.92,0.98,117390888.53845419,118276274.49035464,5
2017-04-13,0.68,0.20799999999999996,0.11199999999999997,0.68,0.0,0.0,0.00017860808342199123,0.00017860808342199123,hold,False,False,False,False,0.4123729581966181,0.04781100236271683,0.46423105337475845,-0.0015210411931394496,0.00571355178749422,0.00021872609783946118,0.78,0.78,0.84,0.92,0.98,117411855.50006725,118297399.58905567,5
2017-04-17,0.68,0.20799999999999996,0.11199999999999997,0.68,0.0,0.0,0.0005454084234493026,0.0005454084234493026,hold,False,False,False,False,0.42989296431349067,0.05241928274724891,0.4908630493961278,0.0015997361290547296,-0.002607750693788047,0.0,0.78,0.78,0.84,0.92,0.98,117475892.91506979,118361919.98726368,5
2017-04-18,0.68,0.20799999999999996,0.11199999999999997,0.68,0.0,0.0,0.005222408251932015,0.005222408251932015,hold,False,False,False,False,0.4531570942327854,0.057040464133527174,0.5068760324349549,0.008365396855632534,-0.0022406808168178305,0.0,0.78,0.78,0.84,0.92,0.98,118089399.98763254,118980054.25491971,5
2017-04-19,0.68,0.20799999999999996,0.11199999999999997,0.68,0.0,0.0,-5.685492457366339e-05,-5.685492457366339e-05,hold,False,False,False,False,0.4626655847672728,0.060679242607219935,0.5109686331924638,-0.00022650290638992487,0.0004671492873629113,0.0,0.78,0.78,0.84,0.92,0.98,118082686.0237033,118973289.65290928,5
2017-04-20,0.68,0.20799999999999996,0.11199999999999997,0.68,0.0,0.0,0.007755635646680732,0.007755635646680732,hold,False,False,False,False,0.45463088868887036,0.06413439983959233,0.47970406003893423,0.012070723318226229,-0.002057520402823143,-0.00021867826719546013,0.78,0.78,0.84,0.92,0.98,118998492.31268455,119896003.13914426,5
2017-04-21,0.68,0.20799999999999996,0.11199999999999997,0.68,0.0,0.0,0.0038440439246201757,0.0038440439246201757,hold,False,False,False,False,0.45065875775240966,0.06722629007228026,0.45519471971474645,0.007229850918688108,-0.005155070673498741,0.0,0.78,0.78,0.84,0.92,0.98,119455927.74409808,120356888.64159752,5
2017-04-24,0.68,0.20799999999999996,0.11199999999999997,0.68,0.0,0.0,-0.00038277033824720623,-0.00038277033824720623,hold,False,False,False,False,0.4399588370816641,0.06748263610233572,0.41732483381660956,-0.001405934365095729,0.0026383062839416827,0.00021872609783946118,0.78,0.78,0.84,0.92,0.98,119410203.55822985,120310819.59462179,5
2017-04-25,0.68,0.20799999999999996,0.11199999999999997,0.68,0.0,0.0,0.004193977126841214,0.004193977126841214,hold,False,False,False,False,0.40897589657431344,0.06663499980457187,0.3802192204843931,0.006002585640480618,0.0006572637367321388,-0.00021867826719546013,0.78,0.78,0.84,0.92,0.98,119911007.2206645,120815400.42011315,5
2017-04-26,0.68,0.20799999999999996,0.11199999999999997,0.68,0.0,0.0,0.0014662740426756961,0.0014662740426756961,hold,False,False,False,False,0.3960582229027562,0.06643641942464656,0.35222318239241907,0.0017679914431338872,0.0010339269138808227,0.00043734877908430114,0.78,0.78,0.84,0.92,0.98,120086829.61798325,120992548.90570462,5
2017-04-27,0.68,0.20799999999999996,0.11199999999999997,0.68,0.0,0.0,0.005593332314753858,0.005593332314753858,hold,False,False,False,False,0.35360066797803436,0.06478356828290731,0.3186345088921413,0.008897492272392782,-0.002161645361252851,-6.55374583271584e-05,0.78,0.78,0.84,0.92,0.98,120758515.16266185,121669300.43934332,5
2017-04-28,0.68,0.20799999999999996,0.11199999999999997,0.74,0.0,0.0,0.0015462673999617938,0.0015462673999617938,hold,False,False,False,False,0.3180180378740325,0.0636185565701362,0.29054411632030985,0.001676342630869021,0.0020715257918066943,-0.00021895494397261572,0.78,0.78,0.84,0.92,0.98,120945240.11792567,121857433.71218883,5
2017-05-01,0.68,0.20799999999999996,0.11199999999999997,0.74,0.0,0.0,-0.0026070925717719753,-0.0026070925717719753,hold,False,False,False,False,0.28056007701794017,0.06235760708749825,0.26898184866023234,-0.0032016263757108643,-0.0020672434436951326,0.0,0.78,0.78,0.84,0.92,0.98,120629924.68082306,121539740.10194257,5
2017-05-02,0.78,0.143,0.07699999999999999,0.78,0.19999999999999996,0.00019999999999999996,-2.1589343130849132e-05,-0.0002215893431308491,scheduled,False,False,False,False,0.2405610448020675,0.05934008209940249,0.24293856001474373,0.0003649655335971058,-0.002259620156003672,0.00021900289573939524,0.78,0.78,0.84,0.92,0.98,120603194.3750511,121537116.13878947,5
2017-05-03,0.78,0.143,0.07699999999999999,0.78,0.0,0.0,0.0028561064826036187,0.0028561064826036187,hold,False,False,False,False,0.22398031695917087,0.05933943552926159,0.23126197224370532,0.0036486787188325653,0.00018878750070006056,-0.00021895494397261572,0.78,0.78,0.84,0.92,0.98,120947649.94032839,121884239.08407043,5
2017-05-04,0.78,0.143,0.07699999999999999,0.78,0.0,0.0,0.0013672300023261253,0.0013672300023261253,hold,False,False,False,False,0.20954447626497474,0.056935243659095504,0.21479924891252658,0.0021809185246650653,-0.0024527948942976163,0.00021900289573939524,0.78,0.78,0.84,0.92,0.98,121113013.19603765,122050882.87255685,5
2017-05-05,0.78,0.143,0.07699999999999999,0.78,0.0,0.0,0.002554319234193969,0.002554319234193969,hold,False,False,False,False,0.19485265399833118,0.05401704530413703,0.2026691233063778,0.003482840369051887,-0.0011349388368286917,0.0,0.78,0.78,0.84,0.92,0.98,121422374.49515547,122362639.79022856,5
2017-05-08,0.78,0.143,0.07699999999999999,0.78,0.0,0.0,0.0004135617810593695,0.0004135617810593695,hold,False,False,False,False,0.1797756928825348,0.049192869912627724,0.19245111699245318,0.0005780485026294357,-0.00037868322603085147,0.00021864480949118636,0.78,0.78,0.84,0.92,0.98,121472590.14861216,122413244.30147536,5
2017-05-09,0.78,0.143,0.07699999999999999,0.78,0.0,0.0,-0.0005116125586702108,-0.0005116125586702108,hold,False,False,False,False,0.1681560017074622,0.045302769074377074,0.18400520872087905,-0.0007947674898044488,0.000757385198442373,0.0,0.78,0.78,0.84,0.92,0.98,121410443.24595793,122350616.14834318,5
2017-05-10,0.78,0.143,0.07699999999999999,0.78,0.0,0.0,0.0024622585609492082,0.0024622585609492082,hold,False,False,False,False,0.15826946598704736,0.042005081615476024,0.1767728449987365,0.002241303737979816,0.005111004303726352,-0.00021859701438853296,0.78,0.78,0.84,0.92,0.98,121709387.14922895,122651875.00039186,5
2017-05-11,0.78,0.143,0.07699999999999999,0.78,0.0,0.0,0.0023989649928882776,0.0023989649928882776,hold,False,False,False,False,0.1533661410392529,0.03934665279850491,0.17007027678039732,0.0031748345092803554,-0.0006590319907777697,0.00021864480949118636,0.78,0.78,0.84,0.92,0.98,122001363.70830584,122946112.55482993,5
2017-05-12,0.78,0.143,0.07699999999999999,0.78,0.0,0.0,0.0034421426622151647,0.0034421426622151647,hold,False,False,False,False,0.1396195460245912,0.037884490991123974,0.17127265380581516,0.00417113378141476,0.0013192889000814834,0.0,0.78,0.78,0.84,0.92,0.98,122421309.80717461,123369310.6140084,5
2017-05-15,0.78,0.143,0.07699999999999999,0.78,0.0,0.0,-0.018671259704140856,-0.018671259704140856,hold,False,False,False,False,0.12850517883046753,0.03717125886293648,0.17384475669205263,-0.02542572929374931,0.00799961777176561,0.0002190104366379675,0.78,0.78,0.84,0.92,0.98,120135549.73844376,121065850.17601344,5
2017-05-16,0.78,0.143,0.07699999999999999,0.78,0.0,0.0,0.0067814107729730145,0.0067814107729730145,hold,False,False,False,False,0.12958097516852832,0.03675411517156993,0.17189811177755174,0.008745480358054225,-0.00028016717698797766,0.0,0.78,0.78,0.84,0.92,0.98,120950238.2496571,121886847.43663621,5
2017-05-17,0.78,0.143,0.07699999999999999,0.78,0.0,0.0,0.003238794589348589,0.003238794589348589,hold,False,False,False,False,0.19396464533625707,0.03797711872371454,0.23122092104350492,0.004225343129751424,-0.0002805100753614509,-0.00021896248156927367,0.78,0.78,0.84,0.92,0.98,121341971.2268805,122281613.89862674,5
2017-05-18,0.78,0.143,0.07699999999999999,0.78,0.0,0.0,0.006420682712214033,0.006420682712214033,hold,False,False,False,False,0.22915985254212218,0.03885943768712054,0.2771521850004243,0.008415482285711429,-0.0011206802395944404,0.0002190104366379675,0.78,0.78,0.84,0.92,0.98,122121069.5238029,123066745.34300728,5
2017-05-19,0.78,0.143,0.07699999999999999,0.74,0.0,0.0,0.0004110948235416758,0.0004110948235416758,hold,False,False,False,False,0.25523056848171355,0.039521181576292044,0.31174670490257145,0.0010071032561334015,-0.002618501512184457,0.0,0.78,0.78,0.84,0.92,0.98,122171272.86332951,123117337.44496791,5
2017-05-22,0.78,0.143,0.07699999999999999,0.74,0.0,0.0,0.0038662764833716735,0.0038662764833716735,hold,False,False,False,False,0.262389237160407,0.03837549562804814,0.30128939289038686,0.004600167475830252,0.002062978764370005,-0.00021896248156927367,0.78,0.78,0.84,0.92,0.98,122643620.78254458,123593343.11142674,5
2017-05-23,0.78,0.143,0.07699999999999999,0.74,0.0,0.0,0.0067372701609181036,0.0067372701609181036,hold,False,False,False,False,0.2656001999787409,0.03818030429793334,0.2804213258132937,0.008513011682731664,0.000561239473890085,0.0002190104366379675,0.78,0.78,0.84,0.92,0.98,123469903.98926978,124426024.85405947,5
2017-05-24,0.78,0.143,0.07699999999999999,0.74,0.0,0.0,0.0014937159344825823,0.0014937159344825823,hold,False,False,False,False,0.25603446512013067,0.037819433934609736,0.26343387362988885,0.0017734227853261064,0.0006545591896420788,0.00021875581570651725,0.78,0.78,0.84,0.92,0.98,123654332.95228758,124611881.99004829,5
2017-05-25,0.78,0.143,0.07699999999999999,0.78,0.0,0.0,0.0009899854466007326,0.0009899854466007326,hold,False,False,False,False,0.24428419097207033,0.036444830119668745,0.23409176114071364,0.0008497268120264412,0.0025237445504147082,-0.0004376225647947374,0.78,0.78,0.84,0.92,0.98,123776748.94231947,124735245.93969196,5
2017-05-26,0.78,0.143,0.07699999999999999,0.78,0.0,0.0,-0.00020910965964646768,-0.00020910965964646768,hold,False,False,False,False,0.2311512816618535,0.03550438139719285,0.20982758814191613,-0.00035350373008369296,0.0004658968518798101,0.0,0.78,0.78,0.84,0.92,0.98,123750866.028476,124709162.5948676,5
2017-05-30,0.78,0.143,0.07699999999999999,0.78,0.0,0.0,0.002990122223341612,0.002990122223341612,hold,False,False,False,False,0.22313737766226033,0.03569451147234906,0.19992989478615852,0.0038925551512245526,-0.0005227467833046617,0.00037249344674061824,0.78,0.78,0.84,0.92,0.98,124120896.24314553,125082058.23339684,5
2017-05-31,0.78,0.143,0.07699999999999999,0.78,0.0,0.0,0.009519500759532501,0.009519500759532501,hold,False,False,False,False,0.2183594763933115,0.03431943348612391,0.1884288864007029,0.011421625550902537,0.004388266963581522,-0.00021934215537189328,0.78,0.78,0.84,0.92,0.98,125302465.209206,126272776.98175356,5
2017-06-01,0.78,0.143,0.07699999999999999,0.78,0.0,0.0,-0.00038546275368810665,-0.00038546275368810665,hold,False,False,False,False,0.1858878196707735,0.03271487791114245,0.17306442464908078,-0.00020905818609140425,-0.0016733595794317102,0.00021939027690809354,0.78,0.78,0.84,0.92,0.98,125254165.77592254,126224103.52942233,5
2017-06-02,0.78,0.143,0.07699999999999999,0.78,0.0,0.0,-0.0026638644966842525,-0.0026638644966842525,hold,False,False,False,False,0.16055043676356745,0.03150633735130835,0.16153108144500958,-0.003974066391096764,0.0031664100303137044,-0.00021934215537189328,0.78,0.78,0.84,0.92,0.98,124920505.65065028,125887859.6214045,5
2017-06-05,0.78,0.143,0.07699999999999999,0.78,0.0,0.0,0.0028261123703907324,0.0028261123703907324,hold,False,False,False,False,0.13951772331342305,0.03061423079886741,0.1528739567975802,0.0039203599645536436,-0.0018564680629505892,0.00043774715637434625,0.78,0.78,0.84,0.92,0.98,125273545.03698504,126243632.85876256,5
2017-06-06,0.78,0.143,0.07699999999999999,0.78,0.0,0.0,0.0005726505972083863,0.0005726505972083863,hold,False,False,False,False,0.12787785793949072,0.029866035338304578,0.15032619959120286,0.00104558194717419,-0.0015810992916159838,-0.00021826133618696453,0.78,0.78,0.84,0.92,0.98,125345283.00736487,126315926.35051289,5
2017-06-07,0.78,0.143,0.07699999999999999,0.78,0.0,0.0,-0.019620868874869215,-0.019620868874869215,hold,False,False,False,False,0.1156628687166341,0.029396273351701245,0.1439703672150495,-0.025005764454779644,-0.0009313453982875419,0.00021830898459773707,0.78,0.78,0.84,0.92,0.98,122885899.64539398,123837498.12278184,5
2017-06-08,0.78,0.143,0.07699999999999999,0.78,0.0,0.0,-0.004222580763501656,-0.004222580763501656,hold,False,False,False,False,0.10692994056144117,0.028989351990478324,0.13894457517614234,-0.00535777962642392,-0.0001867589650671464,-0.00021826133618696453,0.78,0.78,0.84,0.92,0.98,122367004.00944574,123314584.2854084,5
2017-06-09,0.78,0.143,0.07699999999999999,0.78,0.0,0.0,0.006400940845725663,0.006400940845725663,hold,False,False,False,False,0.19010028360783132,0.032933481069681095,0.21430115127040192,0.008116405079710232,0.00037297266949409824,0.00021830898459773707,0.78,0.78,0.84,0.92,0.98,123150267.96357888,124103913.64483455,5
2017-06-12,0.78,0.143,0.07699999999999999,0.74,0.0,0.0,-0.0026601936281230036,-0.0026601936281230036,hold,False,False,False,False,0.28073632805421256,0.03841579545048114,0.27539890508580483,-0.004346042863754396,0.005220461038404345,-0.00021826133618696453,0.78,0.78,0.84,0.92,0.98,122822664.40544054,123773773.20453145,5
2017-06-13,0.78,0.143,0.07699999999999999,0.68,0.0,0.0,-0.003712639329674881,-0.003712639329674881,hold,False,False,False,False,0.35937339394445944,0.04383838282918593,0.32344917752981683,-0.0044367041155923825,-0.0017623085280616957,0.0,0.78,0.78,0.84,0.92,0.98,122366668.15099344,123314245.82615004,5
2017-06-14,0.68,0.20799999999999996,0.11199999999999997,0.68,0.19999999999999996,0.00019999999999999996,-0.0027853624285144626,-0.0029853624285144627,scheduled,False,False,False,False,0.43266038469341195,0.05179614443821418,0.3511071583685515,-0.004338556558946882,0.0005571969300777191,0.00043713455458260775,0.78,0.78,0.84,0.92,0.98,122001359.29739298,122970770.9589253,5
2017-06-15,0.68,0.20799999999999996,0.11199999999999997,0.68,0.0,0.0,0.010766395905204439,0.010766395905204439,hold,False,False,False,False,0.4935222228755563,0.05904701886774659,0.37951222314265415,0.016720884299995742,-0.00278513299889227,-0.00021872995556315722,0.78,0.78,0.84,0.92,0.98,123314874.2325618,124294722.9638373,5
2017-06-16,0.68,0.20799999999999996,0.11199999999999997,0.6,0.0,0.0,-0.004802676719977549,-0.004802676719977549,hold,False,False,False,False,0.5733603611879058,0.07022172865756003,0.4057350034870457,-0.007831707156769174,0.0025138660895456244,0.0,0.78,0.78,0.84,0.92,0.98,122722632.75685811,123697775.59144281,5
2017-06-19,0.68,0.20799999999999996,0.11199999999999997,0.6,0.0,0.0,0.006739085103304181,0.006739085103304181,hold,False,False,False,False,0.6077935535678645,0.07070930863439001,0.4273020996494217,0.009902756713355387,-9.275277098907964e-05,0.00021877780882362252,0.78,0.78,0.84,0.92,0.98,123549671.02310812,124531385.42824298,5
2017-06-20,0.68,0.20799999999999996,0.11199999999999997,0.52,0.0,0.0,2.4173531513624394e-05,2.4173531513624394e-05,hold,False,False,False,False,0.6540134175844028,0.07050572181025952,0.4673848680845886,-0.0002844316192384122,0.0009283138344839958,0.00021872995556315722,0.78,0.78,0.84,0.92,0.98,123552657.6549741,124534395.79161307,5
2017-06-21,0.52,0.312,0.16799999999999998,0.52,0.32000000000000006,0.0003200000000000001,0.002045926164852394,0.001725926164852394,scheduled,False,False,False,False,0.6599204729666587,0.07010121421669475,0.49571204785129275,0.0038380466352370135,0.00027846317702606704,-0.00021868212323206127,0.78,0.78,0.84,0.92,0.98,123765900.41955785,124789183.97038724,5
2017-06-22,0.52,0.312,0.16799999999999998,0.6,0.0,0.0,-0.0022061117602192436,-0.0022061117602192436,hold,False,False,False,False,0.6487279557191041,0.07067044291383837,0.5181638543675816,-0.004672845310871532,0.0008349821601556506,-0.00021872995556315722,0.78,0.78,0.84,0.92,0.98,123492859.01112814,124513885.08408199,5
2017-06-23,0.52,0.312,0.16799999999999998,0.6,0.0,0.0,-0.010964944599714891,-0.010964944599714891,hold,False,False,False,False,0.6347345630081525,0.0698644912557446,0.5312150018575216,-0.018139123696419013,-0.004912180376849373,0.0,0.78,0.78,0.84,0.92,0.98,122138766.65361072,123148597.23223977,5
2017-06-26,0.52,0.312,0.16799999999999998,0.6,0.0,0.0,0.007279796329094266,0.007279796329094266,hold,False,False,False,False,0.6478829160147928,0.07101228747486336,0.5488807078205248,0.014417051441529383,-0.0009313453982875419,0.000437555617647023,0.78,0.78,0.84,0.92,0.98,123027911.99873577,124045093.93830414,5
2017-06-27,0.52,0.312,0.16799999999999998,0.52,0.0,0.0,-0.010224690415758358,-0.010224690415758358,hold,False,False,False,False,0.6986484255503135,0.07932005501654042,0.5711207923311143,-0.017354796955618812,-0.003729030135043554,-0.00021868212323206127,0.78,0.78,0.84,0.92,0.98,121769989.68605153,122776771.25519131,5
2017-06-28,0.52,0.312,0.16799999999999998,0.52,0.0,0.0,-0.0005040647750690707,-0.0005040647750690707,hold,False,False,False,False,0.7299368877791254,0.07874035856086346,0.597075404237482,0.0003637968974563588,-0.0023396980585929095,0.00021872995556315722,0.78,0.78,0.84,0.92,0.98,121708609.72359028,122714883.80960487,5
2017-06-29,0.52,0.312,0.16799999999999998,0.42,0.0,0.0,-0.0066059124241649465,-0.0066059124241649465,hold,False,False,False,False,0.762524590610183,0.0900202903166352,0.5976066434848744,-0.010534761977644691,-0.0036739023455563125,0.00010965080966585106,0.78,0.78,0.84,0.92,0.98,120904613.30648936,121904240.03401703,5
2017-06-30,0.42,0.37700000000000006,0.203,0.42,0.20000000000000012,0.00020000000000000012,0.00437244170216742,0.0041724417021674195,scheduled,False,False,False,False,0.786109964339969,0.10495068635959788,0.5920487210721834,0.009838961790092693,0.0007547167802866017,-0.00021896786127861834,0.78,0.78,0.84,0.92,0.98,121409080.75703378,122437259.21681279,5
2017-07-03,0.42,0.37700000000000006,0.203,0.42,0.0,0.0,-0.004452596891074247,-0.004452596891074247,hold,False,False,False,False,0.7995282667048556,0.1602971970674615,0.556642710241165,-0.009016129132750073,-0.0018840394337298338,0.0002190158187040936,0.78,0.78,0.84,0.92,0.98,120868495.06150684,121892095.45707236,5
2017-07-05,0.42,0.37700000000000006,0.203,0.42,0.0,0.0,0.003924952678349168,0.003924952678349168,hold,False,False,False,False,0.8079582584774332,0.17766444039966445,0.5446711883390128,0.010785973678969052,-0.0016051890366520771,0.0,0.76,0.78,0.84,0.98,0.98,121342898.18492652,122370516.1636062,6
2017-07-06,0.42,0.37700000000000006,0.203,0.42,0.0,0.0,0.0032432416078694974,0.0032432416078694974,hold,False,False,False,False,0.8104862371739623,0.22300079617328145,0.5136393553040455,0.006533219274663438,0.0013243753647502743,0.0,0.76,0.78,0.84,0.98,0.98,121736442.52113935,122767393.31320448,6
2017-07-07,0.42,0.37700000000000006,0.203,0.42,0.0,0.0,0.001679634596331328,0.001679634596331328,hold,False,False,False,False,0.8078252874059139,0.21843637577284872,0.5152621730617959,0.0028124759150924827,0.0013220018885742313,0.0,0.76,0.78,0.84,0.98,0.98,121940915.26163216,122973597.67431475,6
2017-07-10,0.42,0.37700000000000006,0.203,0.42,0.0,0.0,0.0060411605087705884,0.0060411605087705884,hold,False,False,False,False,0.7891727940918996,0.19493586046665662,0.5444294660539603,0.01186598531489258,0.0029228041176532216,-0.00021896786127861834,0.76,0.78,0.84,0.98,0.98,122677579.90331407,123716500.91620627,6
2017-07-11,0.42,0.37700000000000006,0.203,0.42,0.0,0.0,0.0005355104165797761,0.0005355104165797761,hold,False,False,False,False,0.758096291622668,0.18104790218960687,0.5555090571548381,0.002203133682745939,-0.0010339674540411625,0.0,0.76,0.78,0.84,0.98,0.98,122743275.0252331,123782752.39114971,6
2017-07-12,0.42,0.37700000000000006,0.203,0.52,0.0,0.0,0.00392715063416614,0.00392715063416614,hold,False,False,False,False,0.6987455219038945,0.17913219330858157,0.5483937358134907,0.00787190500284507,0.0014117208694104377,0.0004371022916427325,0.76,0.78,0.84,0.98,0.98,123225306.35558806,124268865.90570143,6
2017-07-13,0.6,0.26,0.13999999999999999,0.6,0.3600000000000001,0.00036000000000000013,0.0005826815451887479,0.0002226815451887478,scheduled,False,False,False,False,0.6302194975322948,0.16924963240957952,0.5346827342882459,0.0004928084324391513,0.0012212125081305647,-0.00021799118849064048,0.76,0.78,0.84,0.98,0.98,123252746.35721366,124341275.08050624,6
2017-07-14,0.6,0.26,0.13999999999999999,0.6,0.0,0.0,0.004960569449537408,0.004960569449537408,hold,False,False,False,False,0.5470086982478548,0.16033023860250295,0.50382230075695,0.006681019142521727,0.003661376784709125,0.0,0.76,0.78,0.84,0.98,0.98,123864150.16536483,124958078.61098711,6
2017-07-17,0.6,0.26,0.13999999999999999,0.68,0.0,0.0,0.0035211063978592082,0.0035211063978592082,hold,False,False,False,False,0.4691525260455794,0.1530821136566125,0.4741918487619592,0.0058685106630986805,0.0,0.0,0.76,0.78,0.84,0.98,0.98,124300289.01697749,125398069.30104846,6
2017-07-18,0.6,0.26,0.13999999999999999,0.68,0.0,0.0,0.0008647394296259847,0.0008647394296259847,hold,False,False,False,False,0.3783053683003326,0.1396646399542844,0.40755236677001017,0.0013197490399452505,0.0002803461756109016,0.0,0.76,0.78,0.84,0.98,0.98,124407776.37800437,125506505.95597206,6
2017-07-19,0.6,0.26,0.13999999999999999,0.74,0.0,0.0,0.00021190786553448865,0.00021190786553448865,hold,False,False,False,False,0.30995789835308046,0.12928602863370206,0.35680831081274955,-0.0004166090067839745,0.0017764356523264357,0.0,0.76,0.78,0.84,0.98,0.98,124434139.36435252,125533101.77175987,6
2017-07-20,0.74,0.169,0.091,0.74,0.28,0.00028000000000000003,0.0032787652896182342,0.0029987652896182344,scheduled,False,False,False,False,0.25939351316134673,0.12085362377438129,0.31692248755475316,0.004580009309454569,-0.0006535005880363709,0.0,0.76,0.78,0.84,0.98,0.98,124807288.14232185,125944695.34854722,6
2017-07-21,0.74,0.169,0.091,0.76,0.0,0.0,-0.002837987471936323,-0.002837987471936323,hold,False,False,False,False,0.22317061104506658,0.1120942546690906,0.27757358734305027,-0.0025554080293774817,-0.005603464675721814,0.0,0.76,0.78,0.84,0.98,0.98,124453086.62216759,125587265.8809912,6
2017-07-24,0.74,0.169,0.091,0.76,0.0,0.0,0.0029678008254605415,0.0029678008254605415,hold,False,False,False,False,0.1949129190529168,0.10520666240734279,0.24671470818854832,0.0032543387918280153,0.0031937786750171338,0.00021803871901004968,0.76,0.78,0.84,0.98,0.98,124822438.59537596,125959983.87234016,6
2017-07-25,0.74,0.169,0.091,0.76,0.0,0.0,-0.004897214035948344,-0.004897214035948344,hold,False,False,False,False,0.17951091436555833,0.09546436645093065,0.22029844133362497,-0.006281103778829067,-0.0015926422587774214,0.00021933299031373643,0.76,0.78,0.84,0.98,0.98,124211156.39708537,125343130.87135269,6
2017-07-26,0.74,0.169,0.091,0.76,0.0,0.0,-0.00035164467723602423,-0.00035164467723602423,hold,False,False,False,False,0.1670834022239659,0.08545211187899138,0.1943287664376895,-0.00083387193411677,0.0016886123038786227,-0.00021928489390221628,0.76,0.78,0.84,0.98,0.98,124167478.20508501,125299054.62655368,6
2017-07-27,0.74,0.169,0.091,0.76,0.0,0.0,-0.0030906866142616715,-0.0030906866142616715,hold,False,False,False,False,0.1734976818767051,0.08625936852592202,0.22661398245023404,-0.004240728709808628,0.00028078479879711793,0.0,0.76,0.78,0.84,0.98,0.98,123783715.44226992,124911794.51563974,6
2017-07-28,0.74,0.169,0.091,0.76,0.0,0.0,0.0021486597385753994,0.0021486597385753994,hold,False,False,False,False,0.18526348029128165,0.07965908941206314,0.24430973171197967,0.002303960982001474,0.0024840013880329526,0.0002629931573268074,0.76,0.78,0.84,0.98,0.98,124049684.52793199,125180187.4593887,6
2017-07-31,0.74,0.169,0.091,0.76,0.0,0.0,0.0018719236316907457,0.0018719236316907457,hold,False,False,False,False,0.21495414342397046,0.07643978636081511,0.27721028687878174,0.0027162559341729064,-0.0009351540452636753,0.00021906894563028523,0.76,0.78,0.84,0.98,0.98,124281896.06390361,125414515.21051338,6
2017-08-01,0.74,0.169,0.091,0.76,0.0,0.0,-0.0022933962262248926,-0.0022933962262248926,hold,False,False,False,False,0.2289830482819199,0.07169698804099368,0.2840148514588485,-0.0038899903758257137,0.00346270208216648,0.0,0.76,0.78,0.84,0.98,0.98,123996868.43248257,125126890.03461577,6
2017-08-02,0.74,0.169,0.091,0.76,0.0,0.0,0.0008848871244025189,0.0008848871244025189,hold,False,False,False,False,0.24302874556321793,0.06845055042816844,0.2954827275832587,0.0018133978337546708,-0.002704303388023299,0.0,0.76,0.78,0.84,0.98,0.98,124106591.6648247,125237613.20852393,6
2017-08-03,0.74,0.169,0.091,0.74,0.0,0.0,0.00478285966767881,0.00478285966767881,hold,False,False,False,False,0.26171085500075586,0.06646511256185957,0.30549558721637926,0.006335122439679486,0.0005613553983194741,0.0,0.76,0.78,0.84,0.98,0.98,124700176.07659148,125836607.13761535,6
2017-08-04,0.74,0.169,0.091,0.74,0.0,0.0,-0.0014218225128254682,-0.0014218225128254682,hold,False,False,False,False,0.2659552590053839,0.0644224444154354,0.3121672985118563,-0.0017292677162985548,-0.0008412094838138318,0.0,0.76,0.78,0.84,0.98,0.98,124522874.55889246,125657689.81664951,6
2017-08-07,0.74,0.169,0.091,0.74,0.0,0.0,-0.0007691026150916224,-0.0007691026150916224,hold,False,False,False,False,0.25044408708822447,0.05988793152072521,0.27891587921196137,-0.0013169547703619777,0.0012156444673150357,0.0,0.76,0.78,0.84,0.98,0.98,124427103.69043049,125561046.15880515,6
2017-08-08,0.74,0.169,0.091,0.76,0.0,0.0,-0.015234286331923577,-0.015234286331923577,hold,False,False,False,False,0.24616294704386382,0.05595180281212765,0.25769927295782374,-0.021440430596782245,0.0037374692881377847,0.0,0.76,0.78,0.84,0.98,0.98,122531545.56535852,123648213.22948603,6
2017-08-09,0.74,0.169,0.091,0.74,0.0,0.0,0.005823103779444452,0.005823103779444452,hold,False,False,False,False,0.25402768107137674,0.05619956664493364,0.29292952191981736,0.007587053882848194,0.001117048299332124,0.00021871146757868054,0.76,0.78,0.84,0.98,0.98,123245059.47144133,124368229.60726422,6
2017-08-10,0.74,0.169,0.091,0.74,0.0,0.0,0.009101664684457781,0.009101664684457781,hold,False,False,False,False,0.3440681520989656,0.06362601680389056,0.3398907919691351,0.012878534210000181,-0.002417468872184081,-0.00021866364333233967,0.76,0.78,0.84,0.98,0.98,124366794.67676644,125500187.53054918,6
2017-08-11,0.74,0.169,0.091,0.68,0.0,0.0,2.956793197115303e-05,2.956793197115303e-05,hold,False,False,False,False,0.4163716602244317,0.06639574140388811,0.372417967716485,0.0006943078550469828,-0.0029829741083625683,0.00021871146757868054,0.76,0.78,0.84,0.98,0.98,124370471.94569089,125503898.31155644,6
2017-08-14,0.74,0.169,0.091,0.68,0.0,0.0,0.0015804624153584637,0.0015804624153584637,hold,False,False,False,False,0.449903202274318,0.0687324478284704,0.4000686184866783,0.0017356317039363134,0.0018697831123599684,-0.00021866364333233967,0.76,0.78,0.84,0.98,0.98,124567034.80218144,125702252.50581881,6
2017-08-15,0.74,0.169,0.091,0.68,0.0,0.0,-0.014510952198120607,-0.014510952198120607,hold,False,False,False,False,0.47249207997238296,0.06903278360574265,0.41276292838397693,-0.020446134562015383,0.003546062924385307,0.00021871146757868054,0.76,0.78,0.84,0.98,0.98,122759448.51470535,123878193.12851079,6
2017-08-16,0.74,0.169,0.091,0.68,0.0,0.0,-0.0005123787916852066,-0.0005123787916852066,hold,False,False,False,False,0.4666206904047404,0.06751278326977476,0.39545990935555486,-0.0007078818317803881,0.00018551571228120345,-0.00021866364333233967,0.76,0.78,0.84,0.98,0.98,122696549.17680743,123814720.56959945,6
2017-08-17,0.6,0.26,0.13999999999999999,0.6,0.28,0.00028000000000000003,-0.0005644779218628937,-0.0008444779218628937,scheduled,False,False,False,False,0.5467650069142636,0.0778079777565803,0.43192276696043264,-0.0012738993500457374,0.0006509310873212826,0.00021871146757868054,0.76,0.78,0.84,0.98,0.98,122592934.64993885,123744829.8934363,6
2017-08-18,0.6,0.26,0.13999999999999999,0.6,0.0,0.0,0.008668957459696201,0.008668957459696201,hold,False,False,False,False,0.6093834179151993,0.0855792325531961,0.46310148619887487,0.015242560511750325,-0.0019507375285404693,0.00021866364333233967,0.76,0.78,0.84,0.98,0.98,123655687.58527847,124817568.55963981,6
2017-08-21,0.6,0.26,0.13999999999999999,0.52,0.0,0.0,-0.0012413647513083604,-0.0012413647513083604,hold,False,False,False,False,0.6523857099942074,0.09257646601585179,0.4896409483229398,-0.0035613819028871285,0.003444093809322757,0.0,0.76,0.78,0.84,0.98,0.98,123502185.77341132,124662624.42968588,6
2017-08-22,0.6,0.26,0.13999999999999999,0.52,0.0,0.0,-0.002176129620459504,-0.002176129620459504,hold,False,False,False,False,0.6864916468509813,0.09821927481709905,0.5083177810366093,-0.0029434519128924697,-0.001577147972015469,0.0,0.76,0.78,0.84,0.98,0.98,123233429.0087583,124391342.40010022,6
2017-08-23,0.6,0.26,0.13999999999999999,0.52,0.0,0.0,-0.0008610239240986917,-0.0008610239240986917,hold,False,False,False,False,0.7086673263347729,0.10344696137851128,0.5283897213413822,-0.002108818536602386,0.0016725900594700693,-0.00021861583999627232,0.76,0.78,0.84,0.98,0.98,123127322.07813306,124284238.47834298,6
2017-08-24,0.52,0.312,0.16799999999999998,0.52,0.15999999999999995,0.00015999999999999996,0.0019377316442103078,0.0017777316442103078,scheduled,False,False,False,False,0.7101033109155733,0.1055912730875677,0.5377495704326474,0.003099249905223145,0.000927519876328331,0.00021866364333233967,0.76,0.78,0.84,0.98,0.98,123346209.41485824,124525067.98011906,6
2017-08-25,0.52,0.312,0.16799999999999998,0.52,0.0,0.0,0.002767636463700379,0.002767636463700379,hold,False,False,False,False,0.7158441698348104,0.1079852658562544,0.5461845659773323,0.003932622282528442,0.002316259220466632,0.0,0.76,0.78,0.84,0.98,0.98,123687586.88169402,124869708.09890561,6
2017-08-28,0.52,0.312,0.16799999999999998,0.52,0.0,0.0,0.00585078804027246,0.00585078804027246,hold,False,False,False,False,0.6945490167137667,0.1103349319481036,0.550876750902409,0.011750521202504416,-0.000831676234069989,0.0,0.76,0.78,0.84,0.98,0.98,124411256.7357516,125600294.29364301,6
2017-08-29,0.52,0.312,0.16799999999999998,0.52,0.0,0.0,0.0060995755505781875,0.0060995755505781875,hold,False,False,False,False,0.6999250252244387,0.112483451084958,0.5554684809951845,0.010715640529782133,0.0015728600584814512,0.0002185127193170544,0.76,0.78,0.84,0.98,0.98,125170112.59555368,126366402.77786192,6
2017-08-30,0.52,0.312,0.16799999999999998,0.52,0.0,0.0,-0.0016183543918746636,-0.0016183543918746636,hold,False,False,False,False,0.6592761892227466,0.10771759774313053,0.5031786743745201,-0.0013681612121209108,-0.002942127286210683,6.567352217823341e-05,0.76,0.78,0.84,0.98,0.98,124967542.99410322,126161897.15494098,6
2017-08-31,0.6,0.26,0.13999999999999999,0.6,0.15999999999999995,0.00015999999999999996,-0.003635519410846197,-0.003795519410846197,scheduled,False,False,False,False,0.5746078202983838,0.10521604220813412,0.44796786863481997,-0.008972891853780474,0.006959438628205028,-0.0004374167279372898,0.76,0.78,0.84,0.98,0.98,124493226.25894335,125703233.128925,6
2017-09-01,0.6,0.26,0.13999999999999999,0.68,0.0,0.0,0.0012631119830680947,0.0012631119830680947,hold,False,False,False,False,0.49845744482138016,0.10639902870989494,0.40883673738759807,0.0030411001058954223,-0.0023954354645292497,0.00043760814506033086,0.76,0.78,0.84,0.98,0.98,124650475.14484185,125862010.38900055,6
2017-09-05,0.6,0.26,0.13999999999999999,0.68,0.0,0.0,0.002534374992330033,0.002534374992330033,hold,False,False,False,False,0.4691100780774523,0.11006850325681444,0.4229738998154027,0.0023426440875391474,0.004341494383871325,0.0,0.76,0.78,0.84,0.98,0.98,124966386.19183101,126180991.92061482,6
2017-09-06,0.6,0.26,0.13999999999999999,0.68,0.0,0.0,-0.00541878662779772,-0.00541878662779772,hold,False,False,False,False,0.4202589844993777,0.11040421861746387,0.43371469493573234,-0.008661273103007683,-0.0007360844071060413,-0.0002188630010395709,0.76,0.78,0.84,0.98,0.98,124289220.0094105,125497244.04891317,6
2017-09-07,0.6,0.26,0.13999999999999999,0.68,0.0,0.0,0.005422920432705667,0.005422920432705667,hold,False,False,False,False,0.3691871466362497,0.10806216530940647,0.41963491337960945,0.011511028333105466,-0.0057065252582985115,0.0,0.76,0.78,0.84,0.98,0.98,124963230.56016459,126177805.61791424,6
2017-09-08,0.74,0.169,0.091,0.74,0.28,0.00028000000000000003,0.001408262662276278,0.001128262662276278,scheduled,False,False,False,False,0.3397582979592696,0.11147446378364595,0.43396751598818606,0.0023989230338508083,-0.0024069950819846087,0.0004378218250777888,0.76,0.78,0.84,0.98,0.98,125104221.90736303,126355497.1103739,6
2017-09-11,0.74,0.169,0.091,0.74,0.0,0.0,0.0006672615434521043,0.0006672615434521043,hold,False,False,False,False,0.2943181165749591,0.10587910122854094,0.3985234808019573,0.0013679748377548595,-0.0020416558371981752,0.0,0.76,0.78,0.84,0.98,0.98,125187699.14356533,126439809.27439944,6
2017-09-12,0.74,0.169,0.091,0.74,0.0,0.0,-0.004334799783785116,-0.004334799783785116,hold,False,False,False,False,0.2562532097991378,0.10061397219755336,0.36885998616268234,-0.005873416782257168,0.00018604029669466726,-0.00021881511050780844,0.76,0.78,0.84,0.98,0.98,124645035.53238524,125891718.01649494,6
2017-09-13,0.74,0.169,0.091,0.76,0.0,0.0,0.0027460249868738124,0.0027460249868738124,hold,False,False,False,False,0.22191051754326158,0.0969403619092627,0.34552560167449353,0.003434776456297861,0.001208818989428373,0.0,0.76,0.78,0.84,0.98,0.98,124987313.91444695,126237419.81980872,6
2017-09-14,0.74,0.169,0.091,0.76,0.0,0.0,-0.0016284057332780315,-0.0016284057332780315,hold,False,False,False,False,0.21271504918463924,0.0965281151119726,0.37668275888473246,-0.0013098106845927937,-0.00390027116378322,0.0,0.76,0.78,0.84,0.98,0.98,124783783.85588165,126031854.08161992,6
2017-09-15,0.74,0.169,0.091,0.76,0.0,0.0,0.0011216237522619268,0.0011216237522619268,hold,False,False,False,False,0.2088967515880458,0.09281205548189139,0.3560739624511391,0.0017174118741603017,-0.001118788983281771,0.0004375198193178331,0.76,0.78,0.84,0.98,0.98,124923744.31175153,126173214.40269949,6
2017-09-18,0.74,0.169,0.091,0.76,0.0,0.0,-0.0026151649935017914,-0.0026151649935017914,hold,False,False,False,False,0.2123756342645431,0.09155273128223257,0.3393344503906708,-0.0030863733088789536,-0.0019600517451560107,0.0,0.76,0.78,0.84,0.98,0.98,124597048.10877025,125843250.62927595,6
2017-09-19,0.74,0.169,0.091,0.76,0.0,0.0,-0.004752612535456154,-0.004752612535456154,hold,False,False,False,False,0.20535168841600004,0.08739078074827467,0.3123375133937625,-0.006123487746476197,-0.0013090627400222932,0.0,0.76,0.78,0.84,0.98,0.98,124004886.6160477,125245166.4188327,6
2017-09-20,0.74,0.169,0.091,0.76,0.0,0.0,-0.0004164330001928145,-0.0004164330001928145,hold,False,False,False,False,0.22163833655506063,0.08766059695487889,0.3312851258591309,-0.0009689855390326851,0.0017787946668128551,0.0,0.76,0.78,0.84,0.98,0.98,123953246.8890756,125193010.19842125,6
2017-09-21,0.74,0.169,0.091,0.74,0.0,0.0,-0.007288162058913491,-0.007288162058913491,hold,False,False,False,False,0.2543850271224207,0.08945877546458691,0.35534551733461484,-0.01053202369001105,0.0029913341520395598,0.0,0.76,0.78,0.84,0.98,0.98,123049855.53801951,124280583.25145197,6
2017-09-22,0.74,0.169,0.091,0.74,0.0,0.0,0.0017756121494398602,0.0017756121494398602,hold,False,False,False,False,0.2827924127369543,0.08945937124195111,0.3735892757065579,0.002590989952471867,-0.0008385823395817837,0.0,0.76,0.78,0.84,0.98,0.98,123268344.35649963,124501257.36501272,6
2017-09-25,0.74,0.169,0.091,0.68,0.0,0.0,0.005800546591751157,0.005800546591751157,hold,False,False,False,False,0.3519954886279568,0.09019664582894915,0.3877756580116991,0.009010042407888275,-0.005129495799326422,0.0,0.76,0.78,0.84,0.98,0.98,123983368.13122754,125223432.70909008,6
2017-09-26,0.74,0.169,0.091,0.68,0.0,0.0,-0.0003074779066755879,-0.0003074779066755879,hold,False,False,False,False,0.4016992677928556,0.08944486360696262,0.40176410192788925,-0.00034573922194824913,-0.00018782138362283263,-0.00021856119342444913,0.76,0.78,0.84,0.98,0.98,123945245.98473196,125184929.27013396,6
2017-09-27,0.74,0.169,0.091,0.68,0.0,0.0,0.005162806202146606,0.005162806202146606,hold,False,False,False,False,0.42993017954241847,0.09057494104323278,0.43246208045608486,0.00720137002981569,-0.0012189575872239011,0.0004373210145476314,0.76,0.78,0.84,0.98,0.98,124585151.26942854,125831234.7993851,6
2017-09-28,0.74,0.169,0.091,0.68,0.0,0.0,0.00047320286094206166,0.00047320286094206166,hold,False,False,False,False,0.44802930334666086,0.08881938264255286,0.44542210422145273,0.0008938460490761635,-0.0011374972471739353,4.388812525379926e-05,0.76,0.78,0.84,0.98,0.98,124644105.31944013,125890778.49968801,6
2017-09-29,0.74,0.169,0.091,0.68,0.0,0.0,0.0018143493445799332,0.0018143493445799332,hold,False,False,False,False,0.4653575802554094,0.08499273995557398,0.4434622362699827,0.0021293965206485854,0.001411810173372663,0.0,0.76,0.78,0.84,0.98,0.98,124870253.2702322,126119188.35114758,6
2017-10-02,0.74,0.169,0.091,0.68,0.0,0.0,0.0006425199877023879,0.0006425199877023879,hold,False,False,False,False,0.47444497605483255,0.08104592808771427,0.42071303065502635,0.0009595981320678071,-0.00028196395509427763,-0.00021901891886655367,0.76,0.78,0.84,0.98,0.98,124950484.9038278,126200222.450496,6
2017-10-03,0.74,0.169,0.091,0.68,0.0,0.0,0.0070916402918374845,0.0070916402918374845,hold,False,False,False,False,0.48432655006885916,0.07646829211835986,0.389470895920354,0.00979259166462576,-0.0010343942471231493,0.00021906689866191265,0.78,0.78,0.84,0.98,0.98,125836588.79705644,127095189.03286478,7
2017-10-04,0.74,0.169,0.091,0.68,0.0,0.0,0.0007769867314632826,0.0007769867314632826,hold,False,False,False,False,0.47462889734834723,0.07225118849469261,0.3563309729207789,0.0013563527479873994,-0.0012235714818374932,-0.00021901891886655367,0.78,0.78,0.84,0.98,0.98,125934362.15688436,127193940.30837615,7
2017-10-05,0.74,0.169,0.091,0.68,0.0,0.0,-0.0006607328854290034,-0.0006607328854290034,hold,False,False,False,False,0.4302457869718246,0.06854064323330121,0.32073872534400716,-0.001151196186467307,0.0011310786541822715,0.0,0.78,0.78,0.84,0.98,0.98,125851153.18240179,127109899.0891871,7
2017-10-06,0.74,0.169,0.091,0.68,0.0,0.0,0.0006151635859170301,0.0006151635859170301,hold,False,False,False,False,0.401266948183609,0.06535040644824881,0.28905257816542007,0.0007454155847750332,0.00037607132061245885,0.0,0.78,0.78,0.84,0.98,0.98,125928572.22908527,127188092.47051637,7
2017-10-09,0.74,0.169,0.091,0.68,0.0,0.0,0.0023973496768155823,0.0023973496768155823,hold,False,False,False,False,0.35294480588304467,0.0635301451669444,0.2640542306059196,0.0029817366580373594,0.0011293760347215187,0.0,0.78,0.78,0.84,0.98,0.98,126230467.0510205,127493006.80289535,7
2017-10-10,0.74,0.169,0.091,0.74,0.0,0.0,-0.001151150777192826,-0.001151150777192826,hold,False,False,False,False,0.31368244693627556,0.062188637230623685,0.24389958874053247,-0.0018240867279737394,0.000939996963208678,0.00043751554643378654,0.78,0.78,0.84,0.98,0.98,126085156.7507693,127346243.12902753,7
2017-10-11,0.74,0.169,0.091,0.74,0.0,0.0,0.0034255927844620976,0.0034255927844620976,hold,False,False,False,False,0.28097222638093383,0.0616371956620564,0.22777117457332524,0.003857243981053138,0.0033800724170578444,0.0,0.78,0.78,0.84,0.98,0.98,126517073.15396252,127782479.5006187,7
2017-10-12,0.74,0.169,0.091,0.74,0.0,0.0,0.002239642641293006,0.002239642641293006,hold,False,False,False,False,0.264376638956092,0.06359530439477454,0.21712398744053152,0.0034380831821680946,-0.0016844306512214802,-0.0002183531148896023,0.78,0.78,0.84,0.98,0.98,126800426.18584973,128068666.59051843,7
2017-10-13,0.74,0.169,0.091,0.78,0.0,0.0,0.0009009644483583448,0.0009009644483583448,hold,False,False,False,False,0.24588846350254281,0.0634090811105974,0.20586962311219564,0.001276274665232613,-0.0003748714616677029,0.00021840080338519918,0.78,0.78,0.84,0.98,0.98,126914668.86187987,128184051.90606517,7
2017-10-16,0.74,0.169,0.091,0.78,0.0,0.0,-0.0013212354315937083,-0.0013212354315937083,hold,False,False,False,False,0.22725749209181714,0.06309348513566972,0.19446865253741302,-0.0012073218648219752,-0.002531463027369507,0.0,0.78,0.78,0.84,0.98,0.98,126746984.70459059,128014690.59492163,7
2017-10-17,0.74,0.169,0.091,0.78,0.0,0.0,-0.0025598066107037866,-0.0025598066107037866,hold,False,False,False,False,0.21402814458799546,0.06278330684657908,0.185651834052975,-0.0036952683485711457,0.0010336802795198885,0.0,0.78,0.78,0.84,0.98,0.98,126422536.935257,127686997.74366955,7
2017-10-18,0.74,0.169,0.091,0.78,0.0,0.0,0.0013176186046166124,0.0013176186046166124,hold,False,False,False,False,0.20639767904573816,0.06288981617312167,0.18384983576629704,0.0026973763071636014,-0.004132122731055232,0.0002185591083943006,0.78,0.78,0.84,0.98,0.98,126589113.62196574,127855240.50746426,7
2017-10-19,0.74,0.169,0.091,0.78,0.0,0.0,-0.004687376964379872,-0.004687376964379872,hold,False,False,False,False,0.20986955675850913,0.06773358042946444,0.21348577007315025,-0.006522765458155666,0.0009429231217361611,-0.00021851135074824057,0.78,0.78,0.84,0.98,0.98,125995742.72683287,127255934.79833433,7
2017-10-20,0.74,0.169,0.091,0.78,0.0,0.0,0.0007827391149355462,0.0007827391149355462,hold,False,False,False,False,0.20812159861155305,0.06564808935313504,0.21022283119801724,0.00169239121699305,-0.003014582127774057,0.000437736197302252,0.78,0.78,0.84,0.98,0.98,126094364.52298053,127355542.99610867,7
2017-10-23,0.74,0.169,0.091,0.78,0.0,0.0,-0.003072169019710997,-0.003072169019710997,hold,False,False,False,False,0.2308276193963584,0.07410558198215787,0.22916466953978018,-0.003784577546722123,-0.0016069919238853592,0.0,0.78,0.78,0.84,0.98,0.98,125706981.32273288,126964285.24242756,7
2017-10-24,0.74,0.169,0.091,0.78,0.0,0.0,-0.0025828897547485164,-0.0025828897547485164,hold,False,False,False,False,0.24555947949194137,0.07467340955576497,0.24465871550490706,-0.00318782636156123,-0.0013248416993680845,0.0,0.78,0.78,0.84,0.98,0.98,125382294.04857405,126636350.4908559,7
2017-10-25,0.74,0.169,0.091,0.74,0.0,0.0,0.022096209133776242,0.022096209133776242,hold,False,False,False,False,0.3063183175005259,0.08042813462560659,0.25762240854220436,0.029123803911788038,0.0032224511186573768,0.0,0.78,0.78,0.84,0.98,0.98,128152767.43954396,129434533.77524003,7
2017-10-26,0.74,0.169,0.091,0.68,0.0,0.0,0.0022503375229308968,0.0022503375229308968,hold,False,False,False,False,0.358138615748118,0.08226389925028076,0.27086328208962973,0.002247998801067297,0.003590265079011612,-0.00021908118914137908,0.78,0.78,0.84,0.98,0.98,128441154.42078058,129725805.16335753,7
2017-10-27,0.74,0.169,0.091,0.74,0.0,0.0,0.0026910430477885055,0.0026910430477885055,hold,False,False,False,False,0.34018645574214357,0.07068609060772658,0.25574873342348364,0.0037601850984665397,-0.0006593768161735625,0.00021912919622635307,0.78,0.78,0.84,0.98,0.98,128786795.09643456,130074902.88946113,7
2017-10-30,0.74,0.169,0.091,0.74,0.0,0.0,-0.00013115010718550254,-0.00013115010718550254,hold,False,False,False,False,0.31878241292806186,0.06107109515278583,0.24697996173445452,-0.00032858285997716674,0.0006039673935243073,0.00010912878782409763,0.78,0.78,0.84,0.98,0.98,128769904.6944536,130057843.55200505,7
2017-10-31,0.74,0.169,0.091,0.74,0.0,0.0,-0.0012077185910201605,-0.0012077185910201605,hold,False,False,False,False,0.2970453991902748,0.05332787879416832,0.233343473015004,-0.0019065979148759071,0.0013198852572695596,-0.0002186455218741168,0.78,0.78,0.84,0.98,0.98,128614386.88659021,129900770.2764393,7
2017-11-01,0.74,0.169,0.091,0.74,0.0,0.0,0.007387712549969166,0.007387712549969166,hold,False,False,False,False,0.2852626023376643,0.048111233845315585,0.22619630253407258,0.009617828736402156,0.0016007058285891773,0.0,0.78,0.78,0.84,0.98,0.98,129564553.00669885,130860439.8272612,7
2017-11-02,0.74,0.169,0.091,0.74,0.0,0.0,0.0027365500985911556,0.0027365500985911556,hold,False,False,False,False,0.2886659475180998,0.045568889994349625,0.2374985397138587,0.003392014792792608,0.0012222370304677543,0.0002186933381931322,0.78,0.78,0.84,0.98,0.98,129919112.89700325,131218545.97677216,7
2017-11-03,0.74,0.169,0.091,0.74,0.0,0.0,0.0004966738006807723,0.0004966738006807723,hold,False,False,False,False,0.26648103423517155,0.04395232213519803,0.2425144431177745,0.0005854357515469033,0.0003754517428169457,0.0,0.78,0.78,0.84,0.98,0.98,129983640.3165869,131283718.79072227,7
2017-11-06,0.74,0.169,0.091,0.78,0.0,0.0,0.0027754879047385823,0.0027754879047385823,hold,False,False,False,False,0.24516995756030982,0.04220833765032307,0.23512820050682406,0.004029186097698645,-0.0012195846601089633,0.0,0.78,0.78,0.84,0.98,0.98,130344408.33809946,131648095.16431502,7
2017-11-07,0.74,0.169,0.091,0.78,0.0,0.0,-0.003963058398194705,-0.003963058398194705,hold,False,False,False,False,0.2292077122867175,0.041208949245778226,0.22866446063798848,-0.005242618734470739,-0.00037647214317049205,-0.0002186455218741168,0.78,0.78,0.84,0.98,0.98,129827845.83597744,131126366.07516775,7
2017-11-08,0.74,0.169,0.091,0.78,0.0,0.0,-0.0008863202938476576,-0.0008863202938476576,hold,False,False,False,False,0.21333657735884695,0.03924951147025866,0.2174118089578664,-6.528898510793635e-05,-0.005076375968303903,0.0002186933381931322,0.78,0.78,0.84,0.98,0.98,129712776.7815065,131010146.11585684,7
2017-11-09,0.74,0.169,0.091,0.78,0.0,0.0,0.0008348695410788276,0.0008348695410788276,hold,False,False,False,False,0.21778512194231534,0.040232793445501444,0.2514161325184078,0.001236162843879951,-0.000472727594037492,0.0,0.78,0.78,0.84,0.98,0.98,129821070.02793016,131119522.49642128,7
2017-11-10,0.74,0.169,0.091,0.78,0.0,0.0,-0.0024534198142224673,-0.0024534198142224673,hold,False,False,False,False,0.21102016042527097,0.04023370005781855,0.2809643948421243,-0.0036393263220315664,0.0014182346987035022,0.0,0.78,0.78,0.84,0.98,0.98,129502564.44242008,130797831.26189716,7
2017-11-13,0.74,0.169,0.091,0.78,0.0,0.0,-0.002869081353563534,-0.002869081353563534,hold,False,False,False,False,0.20412813012195036,0.039437686367208874,0.29075786950648397,-0.004696360228749641,0.003587131453912429,0.0,0.78,0.78,0.84,0.98,0.98,129131011.04953966,130422561.6431371,7
2017-11-14,0.74,0.169,0.091,0.78,0.0,0.0,0.0090474066920129,0.0090474066920129,hold,False,False,False,False,0.22734863057279886,0.04079275321505911,0.34039142624101715,0.012779364913900304,-0.0025397083975304824,0.00021854258142117722,0.78,0.78,0.84,0.98,0.98,130299311.82305567,131602547.6001367,7
2017-11-15,0.74,0.169,0.091,0.74,0.0,0.0,-0.0026216724170942977,-0.0026216724170942977,hold,False,False,False,False,0.2748862649838947,0.04264367968935596,0.3871062774381842,-0.0038175023033412137,0.0013204870828338322,-0.00021849483099689593,0.78,0.78,0.84,0.98,0.98,129957709.7112828,131257528.83107409,7
2017-11-16,0.74,0.169,0.091,0.78,0.0,0.0,-0.0008278382837123159,-0.0008278382837123159,hold,False,False,False,False,0.24997950109398534,0.040822979089733924,0.3470758903423602,-0.0007798392789180042,-0.0016014472912563305,0.00021854258142117722,0.78,0.78,0.84,0.98,0.98,129850125.74392024,131148868.82368223,7
2017-11-17,0.74,0.169,0.091,0.74,0.0,0.0,0.008085354967814191,0.008085354967814191,hold,False,False,False,False,0.2615274648186279,0.039134625116478465,0.33395151116402255,0.010856112127774376,0.00018877003531492242,0.00021900942080144148,0.78,0.78,0.84,0.98,0.98,130900010.10317513,132209253.98174901,7
2017-11-20,0.74,0.169,0.091,0.74,0.0,0.0,0.0014461286120779565,0.0014461286120779565,hold,False,False,False,False,0.2724426020172769,0.037703764666129375,0.3445707886376185,0.0012219022397288448,0.003206632867920778,0.0,0.78,0.78,0.84,0.98,0.98,131089308.35310663,132400445.56671348,7
2017-11-21,0.74,0.169,0.091,0.74,0.0,0.0,0.0025462193054560127,0.0025462193054560127,hold,False,False,False,False,0.2610555398454915,0.03659177019191687,0.3281513089728738,0.0036610258146254626,-0.0008462384848797466,-0.000218961466177503,0.78,0.78,0.84,0.98,0.98,131423090.48077418,132737566.13726641,7
2017-11-22,0.74,0.169,0.091,0.74,0.0,0.0,-0.0002201278172761753,-0.0002201278172761753,hold,False,False,False,False,0.2537343625344821,0.03537478919587113,0.3097231386088737,-0.00044785461842078433,0.0006584887594982547,0.0,0.78,0.78,0.84,0.98,0.98,131394160.60272695,132708346.90656206,7
2017-11-24,0.74,0.169,0.091,0.78,0.0,0.0,0.0019667772341551487,0.0019667772341551487,hold,False,False,False,False,0.24568505951151165,0.0340289835455253,0.28454659112044345,0.002560979879756342,0.00018834243010279472,0.0004376071697591577,0.78,0.78,0.84,0.98,0.98,131652583.64650132,132969354.66204025,7
2017-11-27,0.74,0.169,0.091,0.74,0.0,0.0,-0.013461271187844289,-0.013461271187844289,hold,False,False,False,False,0.2574537090464302,0.03302476107708801,0.25535530418699204,-0.017434052332857664,-0.0031963832403637538,-0.00021850213085872205,0.78,0.78,0.84,0.98,0.98,129880372.51545541,131179418.11926188,7
2017-11-28,0.74,0.169,0.091,0.74,0.0,0.0,0.005678137023617697,0.005678137023617697,hold,False,False,False,False,0.26351129390328143,0.03219061728471424,0.22845237297305648,0.008383932325442656,-0.0031122656639637203,0.0,0.78,0.78,0.84,0.98,0.98,130617851.06727666,131924272.83002149,7
2017-11-29,0.74,0.169,0.091,0.74,0.0,0.0,-0.0025172913317352743,-0.0025172913317352743,hold,False,False,False,False,0.31984059682137533,0.03578060326786104,0.26782883833862375,-0.004253657262468069,0.0036950842030130104,6.533859540547304e-05,0.78,0.78,0.84,0.98,0.98,130289047.88301513,131592181.00158098,7
2017-11-30,0.74,0.169,0.091,0.74,0.0,0.0,-0.008595632203509498,-0.008595632203509498,hold,False,False,False,False,0.32697384782617367,0.03674589981903542,0.2810249892001383,-0.011521478391497864,-0.00047165474837163046,0.00010957646894205197,0.78,0.78,0.84,0.98,0.98,129169131.1472673,130461063.01283376,7
2017-12-01,0.74,0.169,0.091,0.68,0.0,0.0,0.0006220333939709624,0.0006220333939709624,hold,False,False,False,False,0.3795006694494566,0.03976678848385065,0.32661372397882105,0.0006546499957162943,0.0007552153421943597,0.00010946158582481047,0.78,0.78,0.84,0.98,0.98,129249478.66031112,130542214.1506407,7
2017-12-04,0.74,0.169,0.091,0.68,0.0,0.0,0.0036826228190940803,0.0036826228190940803,hold,False,False,False,False,0.4500800953879119,0.04346049252272324,0.3670413085208897,0.0045157872555878775,0.0020763323316042026,-0.00010944960529735148,0.78,0.78,0.84,0.98,0.98,129725455.73978159,131022951.88732691,7
2017-12-05,0.74,0.169,0.091,0.6,0.0,0.0,0.00221396306496311,0.00221396306496311,hold,False,False,False,False,0.5119041201900065,0.049434658847749134,0.3947586156472076,0.003387142897830042,-0.0017898442824921812,0.00010946158582481047,0.78,0.78,0.84,0.98,0.98,130012663.10737497,131313031.8634679,7
2017-12-06,0.74,0.169,0.091,0.6,0.0,0.0,0.0031496786465755517,0.0031496786465755517,hold,False,False,False,False,0.5517907312088177,0.05465025504380731,0.4221304474935552,0.004415162022295638,-0.0007541678100458915,0.00010893527444544304,0.78,0.78,0.84,0.98,0.98,130422161.21614867,131726625.71594536,7
2017-12-07,0.74,0.169,0.091,0.6,0.0,0.0,0.005618416393776578,0.005618416393776578,hold,False,False,False,False,0.5773661673495893,0.05749627071406972,0.4500751567761961,0.00775683272118699,-0.0006611111816390292,-0.0001089234088439417,0.78,0.78,0.84,0.98,0.98,131154927.22483724,132466720.74936467,7
2017-12-08,0.74,0.169,0.091,0.6,0.0,0.0,-0.001130632856026873,-0.001130632856026873,hold,False,False,False,False,0.573799491705725,0.05707699646460487,0.44708991242214213,-0.001347080076139262,-0.000850335560108606,0.00010893527444544304,0.78,0.78,0.84,0.98,0.98,131006639.15488702,132316949.5225553,7
2017-12-11,0.6,0.26,0.13999999999999999,0.6,0.28,0.00028000000000000003,0.0021982684464739834,0.0019182684464739833,scheduled,False,False,False,False,0.5180597217993657,0.05521880389950179,0.4182344652780017,0.001927188359736709,0.004066171953346576,-0.0001089234088439417,0.78,0.78,0.84,0.98,0.98,131257945.05705644,132607817.69762444,7
2017-12-12,0.6,0.26,0.13999999999999999,0.68,0.0,0.0,-0.0005058449017937394,-0.0005058449017937394,hold,False,False,False,False,0.4928475023893058,0.05495702854093043,0.4111692970657548,-0.0007052110327727679,-0.00037680469443246434,0.00010893527444544304,0.78,0.78,0.84,0.98,0.98,131191548.89472939,132540738.7091041,7
2017-12-13,0.6,0.26,0.13999999999999999,0.68,0.0,0.0,0.006779375879581943,0.006779375879581943,hold,False,False,False,False,0.4382740916004434,0.05349838157782008,0.3742990990028678,0.011354676114476936,-0.00018772562922830804,0.00010984910353672994,0.78,0.78,0.84,0.98,0.98,132080945.71691132,133439282.19617058,7
2017-12-14,0.6,0.26,0.13999999999999999,0.68,0.0,0.0,0.004457663364463709,0.004457663364463709,hold,False,False,False,False,0.41847653509606825,0.05235167388623771,0.3590153948472908,0.00838417153388904,-0.002261929062638557,0.00010901428868792529,0.78,0.78,0.84,0.98,0.98,132669718.1097773,134034109.59579681,7
2017-12-15,0.6,0.26,0.13999999999999999,0.68,0.0,0.0,-0.004730804092701417,-0.004730804092701417,hold,False,False,False,False,0.36032657974533666,0.04807840596487328,0.30797819162942197,-0.005925245040833027,-0.00453349667525349,2.1800481173617214e-05,0.78,0.78,0.84,0.98,0.98,132042083.66436602,133400020.48155941,7
2017-12-18,0.74,0.169,0.091,0.74,0.28,0.00028000000000000003,-0.0012948085460772944,-0.0015748085460772945,scheduled,False,False,False,False,0.3001738390220137,0.04552846655616452,0.27136269211192016,-0.0010780034518569348,-0.002941337229012797,0.0,0.78,0.78,0.84,0.98,0.98,131834142.66256954,133227292.994993,7
2017-12-19,0.74,0.169,0.091,0.74,0.0,0.0,0.00021284369214117626,0.00021284369214117626,hold,False,False,False,False,0.2652886534774998,0.044717467589612876,0.26573646607735674,0.00012661814980741148,0.000705007463217111,0.0,0.78,0.78,0.84,0.98,0.98,131862202.72824411,133255649.58392803,7
2017-12-20,0.74,0.169,0.091,0.78,0.0,0.0,-0.0007609855466050076,-0.0007609855466050076,hold,False,False,False,False,0.24370048828756058,0.04492961380819833,0.2679576497190621,-0.0011422801419823658,0.00038088862470342377,0.00021902836139631177,0.78,0.78,0.84,0.98,0.98,131761857.49782443,133154243.96059121,7
2017-12-21,0.74,0.169,0.091,0.78,0.0,0.0,-0.003942353850862567,-0.003942353850862567,hold,False,False,False,False,0.23129810570057663,0.04512256655733383,0.27263044810836623,-0.005401116088805447,0.00038127611233274017,-0.0001094901992392261,0.78,0.78,0.84,0.98,0.98,131242405.63152108,132629302.81415448,7
2017-12-22,0.74,0.169,0.091,0.78,0.0,0.0,0.000838047217618251,0.000838047217618251,hold,False,False,False,False,0.23200021072012508,0.0435810956723046,0.26965077232525836,0.0001276408989416833,0.004282309684563668,0.00021849028252907132,0.78,0.78,0.84,0.98,0.98,131352392.9643941,132740452.43235253,7
2017-12-26,0.74,0.169,0.091,0.74,0.0,0.0,0.0006898864980294595,0.0006898864980294595,hold,False,False,False,False,0.2791466711743349,0.044521227368718726,0.28634170835766504,0.001213616445371768,-0.0012318915476073888,0.0,0.78,0.78,0.84,0.98,0.98,131443011.20678408,132832028.27822791,7
2017-12-27,0.74,0.169,0.091,0.74,0.0,0.0,-0.004327057483660625,-0.004327057483660625,hold,False,False,False,False,0.29909088416275936,0.04398940834589946,0.28972432982758567,-0.006188813031225204,0.001612677112111216,-0.00021844255495351295,0.78,0.78,0.84,0.98,0.98,130874249.74146688,132257256.45619678,7
2017-12-28,0.74,0.169,0.091,0.74,0.0,0.0,0.012419651451500128,0.012419651451500128,hold,False,False,False,False,0.31404595116807194,0.04228022737590365,0.28752818703461036,0.01752696199291015,-0.0033151782391778184,0.00010950218865568573,0.78,0.78,0.84,0.98,0.98,132499662.30723247,133899845.48331441,7
2017-12-29,0.74,0.169,0.091,0.68,0.0,0.0,0.007387018617731752,0.007387018617731752,hold,False,False,False,False,0.3603712282332269,0.04142176476095208,0.2884203388801933,0.009716851030055151,0.001045209172962025,0.00021877478308085507,0.78,0.78,0.84,0.98,0.98,133478439.77953917,134888966.13481107,7
2018-01-02,0.74,0.169,0.091,0.74,0.0,0.0,0.0012242752478333798,0.0012242752478333798,hold,False,False,False,False,0.3281981376374131,0.03879239227144824,0.25664333726528843,0.0017493876891594429,-0.0004747518992067601,0.00010946625078389616,0.78,0.78,0.84,0.98,0.98,133641854.12948066,135054107.35725573,7
2018-01-03,0.74,0.169,0.091,0.74,0.0,0.0,0.00722315866343336,0.00722315866343336,hold,False,False,False,False,0.2903678724590216,0.03605249305409815,0.22300207562236538,0.010042869002655275,-0.001234108867050554,0.0,0.78,0.78,0.84,0.98,0.98,134607170.4459333,136029624.60284552,8
2018-01-04,0.74,0.169,0.091,0.74,0.0,0.0,0.002809169229924838,0.002809169229924838,hold,False,False,False,False,0.25247014803240253,0.033359779254124956,0.19368275775709481,0.0038913233203599074,-0.0004755642937391835,0.00010945426923547608,0.78,0.78,0.84,0.98,0.98,134985304.76727727,136411754.83863807,8
2018-01-05,0.74,0.169,0.091,0.78,0.0,0.0,-0.0007587058157253013,-0.0007587058157253013,hold,False,False,False,False,0.22434999220110144,0.03121233540774411,0.16940149786672393,6.130438498685997e-05,-0.004757816926719394,0.0,0.78,0.78,0.84,0.98,0.98,134882890.63151285,136308258.4469087,8
2018-01-08,0.74,0.169,0.091,0.78,0.0,0.0,-0.0017783259356464738,-0.0017783259356464738,hold,False,False,False,False,0.20327746372697625,0.029584160730443107,0.15097417213878792,-0.002337643457331562,-0.00028680341550957333,0.0,0.78,0.78,0.84,0.98,0.98,134643024.8888279,136065857.93566978,8
2018-01-09,0.74,0.169,0.091,0.78,0.0,0.0,0.005167616781152638,0.005167616781152638,hold,False,False,False,False,0.18699851819334828,0.02826869682800413,0.1368828738856485,0.006843739301228835,0.0006698754240324067,-0.00010944229030962482,0.78,0.78,0.84,0.98,0.98,135338808.44370857,136768994.14648008,8
2018-01-10,0.74,0.169,0.091,0.78,0.0,0.0,0.005355416374176633,0.005355416374176633,hold,False,False,False,False,0.17372962907670741,0.027515664963198135,0.12834423695507893,0.007349615246438956,-0.0006694269913426476,0.00032784893789794545,0.78,0.78,0.84,0.98,0.98,136063604.11450955,137501449.0572118,8
2018-01-11,0.74,0.169,0.091,0.78,0.0,0.0,-0.002053440216830473,-0.002053440216830473,hold,False,False,False,False,0.16287522186129394,0.02682873985008409,0.12049599080869672,-0.0028574045887592714,0.00047873716090673923,-0.0002183230916686929,0.78,0.78,0.84,0.98,0.98,135784205.6377739,137219098.05184525,8
2018-01-12,0.74,0.169,0.091,0.78,0.0,0.0,0.007633658777874618,0.007633658777874618,hold,False,False,False,False,0.15433956818125474,0.027013632561277826,0.1305978267492251,0.01079102373389218,-0.002198642159805475,0.0002183707670497803,0.78,0.78,0.84,0.98,0.98,136820735.93103746,138266581.82418078,8
2018-01-16,0.74,0.169,0.091,0.78,0.0,0.0,-0.00040017580220457746,-0.00040017580220457746,hold,False,False,False,False,0.14663686434806755,0.028364730444830323,0.14436859677475086,0.00018129008627743026,-0.0031617187340229336,0.0,0.78,0.78,0.84,0.98,0.98,136765983.58327803,138211250.8838812,8
2018-01-17,0.74,0.169,0.091,0.78,0.0,0.0,0.001892054881883118,0.001892054881883118,hold,False,False,False,False,0.1430272521852059,0.030527530567405276,0.1580298917647013,0.003135837388482443,-0.0025942675091331635,0.00010952113680895437,0.78,0.78,0.84,0.98,0.98,137024752.3301923,138472754.15584722,8
2018-01-18,0.74,0.169,0.091,0.78,0.0,0.0,0.007863586738163212,0.007863586738163212,hold,False,False,False,False,0.14017469415654263,0.03135336375931268,0.1690754929758566,0.010701103761219688,-0.0003853289375295166,0.00010868731102342544,0.78,0.78,0.84,0.98,0.98,138102258.3554161,139561646.66902405,8
2018-01-19,0.74,0.169,0.091,0.78,0.0,0.0,0.006606748796746132,0.006606748796746132,hold,False,False,False,False,0.14102639633856356,0.032867426320878614,0.17706077973849332,0.008267716950126847,0.002891350613327015,0.0,0.78,0.78,0.84,0.98,0.98,139014665.28463367,140483695.41022652,8
2018-01-22,0.74,0.169,0.091,0.78,0.0,0.0,-0.005116910615894786,-0.005116910615894786,hold,False,False,False,False,0.14216643239142107,0.03402744736249201,0.18309798599430133,-0.006489393123503606,-0.001921830679459835,0.00011021626732521383,0.78,0.78,0.84,0.98,0.98,138303339.66807365,139764852.89782178,8
2018-01-23,0.74,0.169,0.091,0.78,0.0,0.0,0.0001107815884183297,0.0001107815884183297,hold,False,False,False,False,0.1434729336953283,0.035491310181228676,0.18768938282986636,-0.0003560790581541573,0.002214675097351515,0.0,0.78,0.78,0.84,0.98,0.98,138318661.13172564,139780336.27023086,8
2018-01-24,0.74,0.169,0.091,0.78,0.0,0.0,0.010856820631652189,0.010856820631652189,hold,False,False,False,False,0.15316249107987587,0.03834185447291175,0.23414078035665575,0.015324886073879496,-0.002978918628712135,0.0002180459915792632,0.78,0.78,0.84,0.98,0.98,139820362.02564305,141297906.30894879,8
2018-01-25,0.74,0.169,0.091,0.78,0.0,0.0,-0.004036219227124549,-0.004036219227124549,hold,False,False,False,False,0.18137805443756955,0.0409100607019295,0.26364367861797705,-0.004855385736300177,-0.0025053013171271177,-0.0002179984578893901,0.78,0.78,0.84,0.98,0.98,139256016.39209163,140727596.98275214,8
2018-01-26,0.74,0.169,0.091,0.78,0.0,0.0,-0.0064725739416578295,-0.0064725739416578295,hold,False,False,False,False,0.2040513752531497,0.04335899761951874,0.26042900757375287,-0.008230535632640201,-0.002318678152611997,0.00010856081634447179,0.78,0.78,0.84,0.98,0.98,138354671.52917308,139816727.20564947,8
2018-01-29,0.74,0.169,0.091,0.78,0.0,0.0,0.0031294959286498956,0.0031294959286498956,hold,False,False,False,False,0.23430362985517744,0.04547774875681483,0.2890553246974756,0.00414918119516261,0.00029076789806858905,0.0001094732907249707,0.78,0.78,0.84,0.98,0.98,138787651.91043332,140254283.0841967,8
2018-01-30,0.74,0.169,0.091,0.74,0.0,0.0,-0.007166120525078045,-0.007166120525078045,hold,False,False,False,False,0.27552702870954693,0.050040552614104346,0.3368327770137335,-0.008500420426173827,-0.005158750034406356,-4.374344939273023e-05,0.78,0.78,0.84,0.98,0.98,137793082.86945057,139249203.98745692,8
2018-01-31,0.74,0.169,0.091,0.74,0.0,0.0,-0.015375390004280292,-0.015375390004280292,hold,False,False,False,False,0.29845016261182444,0.050540297999809816,0.3504886899448566,-0.019945253660690554,-0.0037035014444435355,0.0001097741619964232,0.78,0.78,0.84,0.98,0.98,135674460.48044065,137108193.16836417,8
2018-02-01,0.74,0.169,0.091,0.68,0.0,0.0,-0.02779677322884778,-0.02779677322884778,hold,False,False,False,False,0.3529124853032993,0.049950775674048924,0.3931909736685691,-0.0394264475825995,0.008217670618665851,-0.00010976211295254945,0.78,0.78,0.84,0.98,0.98,131903148.26951957,133297027.81504612,8
2018-02-02,0.74,0.169,0.091,0.68,0.0,0.0,0.018881247707310842,0.018881247707310842,hold,False,False,False,False,0.4138346423967307,0.058887313106488065,0.4303230547212019,0.02649884300267069,-0.004366186765722757,0.0001097741619964232,0.78,0.78,0.84,0.98,0.98,134393644.2853705,135813842.0158703,8
2018-02-05,0.74,0.169,0.091,0.6,0.0,0.0,-0.010058439311718223,-0.010058439311718223,hold,False,False,False,False,0.5160630434947926,0.16123486656372016,0.3935687245282516,-0.01293798892250908,-0.0029246141981887908,0.00010914604870770894,0.78,0.78,0.84,0.98,0.98,133041853.97044545,134447766.72826236,8
2018-02-06,0.74,0.169,0.091,0.6,0.0,0.0,-0.03108546169440689,-0.03108546169440689,hold,False,False,False,False,0.5917296268193214,0.1702290449599091,0.4217291029734973,-0.0421949670828492,0.0008801488365797194,-0.00010913413714785936,0.78,0.78,0.84,0.98,0.98,128906186.51509431,130268395.82573242,8
2018-02-07,0.74,0.169,0.091,0.52,0.0,0.0,0.012502333854666111,0.012502333854666111,hold,False,False,False,False,0.6577940484619356,0.17790167383631933,0.44242769326981257,0.017269613036747122,-0.0017576590141512582,0.00021829209741541789,0.78,0.78,0.84,0.98,0.98,130517814.69483787,131897054.80105753,8
2018-02-08,0.52,0.312,0.16799999999999998,0.52,0.43999999999999995,0.00043999999999999996,0.009135953178943812,0.008695953178943812,scheduled,False,False,False,False,0.7096689023626013,0.24382707456923103,0.4151540719117972,0.01774527074153265,-0.00029355002132425145,0.0,0.78,0.78,0.84,0.98,0.98,131652791.50044227,133102060.11816059,8
2018-02-09,0.52,0.312,0.16799999999999998,0.52,0.0,0.0,0.0032031402591113237,0.0032031402591113237,hold,False,False,False,False,0.747508856509042,0.2915804009608085,0.3947160567973397,0.005161540187297753,0.0016639082106297831,0.0,0.78,0.78,0.84,0.98,0.98,132074493.8571217,133528404.68549572,8
2018-02-12,0.52,0.312,0.16799999999999998,0.42,0.0,0.0,0.007846281959857634,0.007846281959857634,hold,False,False,False,False,0.7756812102004231,0.32078286017073404,0.38184537794072954,0.018723317085543423,-0.006057188860977392,0.0,0.78,0.78,0.84,0.98,0.98,133110787.57563017,134576106.1983081,8
2018-02-13,0.42,0.37700000000000006,0.203,0.42,0.20000000000000012,0.00020000000000000012,0.00793016882176186,0.007730168821761859,scheduled,False,False,False,False,0.7898000341955083,0.29513534951158354,0.3981235925650687,0.018564052333697623,0.0002945689984426014,0.00010943019308373714,0.78,0.78,0.84,0.98,0.98,134139756.43558748,135643317.43983606,8
2018-02-14,0.42,0.37700000000000006,0.203,0.42,0.0,0.0,-0.0009643066018264059,-0.0009643066018264059,hold,False,False,False,False,0.7966818632411403,0.2728267925474491,0.4155232590640156,-0.004465733064680122,0.0023583272859299953,0.00010941821942678231,0.78,0.78,0.84,0.98,0.98,134010404.58288926,135512515.69333518,8
2018-02-15,0.42,0.37700000000000006,0.203,0.42,0.0,0.0,0.0004336642859223912,0.0004336642859223912,hold,False,False,False,False,0.7865463317727628,0.23205710606203128,0.42739244107739244,0.0020003204884853076,-0.0010781706080674747,0.0,0.78,0.78,0.84,0.98,0.98,134068520.10929888,135571282.63168687,8
2018-02-16,0.42,0.37700000000000006,0.203,0.42,0.0,0.0,-0.0023264784943852926,-0.0023264784943852926,hold,False,False,False,False,0.793792006469934,0.2025357126418956,0.4341263546399497,-0.0028432833967463322,-0.002944535807237858,-0.00010940624838995383,0.78,0.78,0.84,0.98,0.98,133756612.58049054,135255878.95818803,8
2018-02-20,0.42,0.37700000000000006,0.203,0.42,0.0,0.0,0.000490752459111108,0.000490752459111108,hold,False,False,False,False,0.7962100663015015,0.17981975504351938,0.43803800221476097,-0.0001217992057558348,0.0013785045808618612,0.00010941821942678231,0.78,0.78,0.84,0.98,0.98,133822253.9670368,135322256.113396,8
2018-02-21,0.42,0.37700000000000006,0.203,0.42,0.0,0.0,0.010078190443018017,0.010078190443018017,hold,False,False,False,False,0.8064542314580654,0.16586143578332396,0.45089000080190283,0.020449422506682913,0.0038328732598587045,0.00021891512928307044,0.78,0.78,0.84,0.98,0.98,135170940.12803054,136686059.58168566,8
2018-02-22,0.42,0.37700000000000006,0.203,0.42,0.0,0.0,0.005967900834190148,0.005967900834190148,hold,False,False,False,False,0.8084777661540787,0.15614830528269596,0.4569340985984755,0.013260160053546466,0.0011752351632257074,-0.00021886721593822323,0.78,0.78,0.84,0.98,0.98,135977626.89437887,137501788.43068537,8
2018-02-23,0.42,0.37700000000000006,0.203,0.42,0.0,0.0,-0.006336184975593679,-0.006336184975593679,hold,False,False,False,False,0.7836257463975758,0.14625704757264338,0.46390122243099907,-0.012382599041094178,-0.003129796152728348,0.00021891512928307044,0.78,0.78,0.84,0.98,0.98,135116047.49783385,136630551.66471362,8
2018-02-26,0.42,0.37700000000000006,0.203,0.52,0.0,0.0,-0.0017854095937854591,-0.0017854095937854591,hold,False,False,False,False,0.7362672832819828,0.14202643873956808,0.4398847701087403,-0.006417150051857168,0.0023548995195694644,0.00010835620254612266,0.78,0.78,0.84,0.98,0.98,134874810.01035684,136386610.1669672,8
2018-02-27,0.42,0.37700000000000006,0.203,0.52,0.0,0.0,-0.005214741933025273,-0.005214741933025273,hold,False,False,False,False,0.7356457827398932,0.13835154627509744,0.4548976053991626,-0.01632696209345419,0.004303559350211872,9.921315859906521e-05,0.78,0.78,0.84,0.98,0.98,134171472.682887,135675389.19182637,8
2018-02-28,0.42,0.37700000000000006,0.203,0.52,0.0,0.0,0.002479361483912783,0.002479361483912783,hold,False,False,False,False,0.7446036426655767,0.13731889834879435,0.4789021150703427,0.009180250916092092,-0.0037094997971367505,0.00010905183583576061,0.78,0.78,0.84,0.98,0.98,134504132.2644968,136011777.52610344,8
2018-03-01,0.42,0.37700000000000006,0.203,0.42,0.0,0.0,0.0041756818126322355,0.0041756818126322355,hold,False,False,False,False,0.7615314922058819,0.14214136054160037,0.4955908663238827,0.011085231110261162,-0.0012735152617439072,0.0,0.78,0.78,0.84,0.98,0.98,135065778.72331753,136579719.43182296,8
2018-03-02,0.42,0.37700000000000006,0.203,0.42,0.0,0.0,0.0017395856733381533,0.0017395856733381533,hold,False,False,False,False,0.7505269364509164,0.14251661268305518,0.4933113664449874,0.004230161454039871,-9.836110705196965e-05,0.0,0.78,0.78,0.84,0.98,0.98,135300737.21694288,136817311.55501512,8
2018-03-05,0.42,0.37700000000000006,0.203,0.52,0.0,0.0,0.0009719278411390997,0.0009719278411390997,hold,False,False,False,False,0.7281122584635897,0.14369552475729375,0.4896544958718967,0.002314113907474047,0.0,0.0,0.78,0.78,0.84,0.98,0.98,135432239.7703707,136950288.10926524,8
2018-03-06,0.42,0.37700000000000006,0.203,0.52,0.0,0.0,0.0030670616555170996,0.0030670616555170996,hold,False,False,False,False,0.6985685288529757,0.14706911417785173,0.49234881405135716,0.00550552386862635,0.002060681006616605,-0.00010903994482969193,0.78,0.78,0.84,0.98,0.98,135847618.79989117,137370323.0866372,8
2018-03-07,0.42,0.37700000000000006,0.203,0.52,0.0,0.0,0.007392065482969772,0.007392065482969772,hold,False,False,False,False,0.6667431324438128,0.15033249516888553,0.49220173920764654,0.019427776829494814,-0.002153792992953485,0.00021861661539612776,0.78,0.78,0.84,0.98,0.98,136851813.29376552,138385773.51031035,8
2018-03-08,0.42,0.37700000000000006,0.203,0.6,0.0,0.0,0.0031410240064638924,0.0031410240064638924,hold,False,False,False,False,0.6291072759565617,0.15429216777287574,0.4840800280134455,0.0053127399774270945,0.0023541084613143415,0.00010923313314781247,0.78,0.78,0.84,0.98,0.98,137281668.12464935,138820446.54705933,8
2018-03-09,0.6,0.26,0.13999999999999999,0.6,0.3600000000000001,0.00036000000000000013,-0.007735881463205652,-0.008095881463205652,scheduled,False,False,False,False,0.5924701819968898,0.15563576232564227,0.44952873044176744,-0.013614355938230127,0.0016643542297400948,0.0,0.78,0.78,0.84,0.98,0.98,136170252.01244107,137746548.02790198,8
2018-03-12,0.6,0.26,0.13999999999999999,0.6,0.0,0.0,0.0004034962827338351,0.0004034962827338351,hold,False,False,False,False,0.5577053636426239,0.14780199466263844,0.4280554110106267,-0.00017447723395547232,0.001954548550411994,0.0,0.78,0.78,0.84,0.98,0.98,136225196.202947,137802128.24799064,8
2018-03-13,0.6,0.26,0.13999999999999999,0.6,0.0,0.0,-0.0006410873712409737,-0.0006410873712409737,hold,False,False,False,False,0.5708671197380505,0.13820224608702858,0.44928208281708154,-0.0008737574298216533,-0.0003905459422602897,-0.00010922120257361723,0.78,0.78,0.84,0.98,0.98,136137863.95001647,137713785.04384074,8
2018-03-14,0.6,0.26,0.13999999999999999,0.6,0.0,0.0,-0.0020577478841646802,-0.0020577478841646802,hold,False,False,False,False,0.5912361685250612,0.12905579022494526,0.46518335400821215,-0.002973448350717889,-0.0011701915066546498,0.00021836369997330074,0.78,0.78,0.84,0.98,0.98,135857726.54851863,137430404.79404646,8
2018-03-15,0.6,0.26,0.13999999999999999,0.6,0.0,0.0,-0.013055578249426407,-0.013055578249426407,hold,False,False,False,False,0.6045459049801836,0.12165185286956864,0.48026853189110974,-0.02133595750543127,-0.0009769374852601764,0.0,0.78,0.78,0.84,0.98,0.98,134084025.36877526,135636171.39040744,8
2018-03-16,0.6,0.26,0.13999999999999999,0.6,0.0,0.0,0.0014508949221377994,0.0014508949221377994,hold,False,False,False,False,0.6311116514996298,0.11587495427056783,0.5122009509155996,0.003291162933677816,-0.0019558765161791225,-0.00010910674187369906,0.78,0.78,0.84,0.98,0.98,134278567.20032263,135832965.22273603,8
2018-03-19,0.6,0.26,0.13999999999999999,0.52,0.0,0.0,-0.0024034368840835673,-0.0024034368840835673,hold,False,False,False,False,0.6720772376951283,0.12379638983645921,0.5208991219042971,-0.004354105122441609,0.0006861031607450219,0.00021885262562637564,0.78,0.78,0.84,0.98,0.98,133955837.13917148,135506499.26404527,8
2018-03-20,0.6,0.26,0.13999999999999999,0.52,0.0,0.0,-0.01372521108434786,-0.01372521108434786,hold,False,False,False,False,0.6946351544035008,0.12642371877296255,0.5318572796076567,-0.024682562463235747,0.004111521950938224,0.00010950490249750366,0.78,0.78,0.84,0.98,0.98,132117264.99845582,133646643.9583452,8
2018-03-21,0.6,0.26,0.13999999999999999,0.52,0.0,0.0,-0.015440661563408295,-0.015440661563408295,hold,False,False,False,False,0.7270589467862644,0.14629653537348103,0.5256041080797828,-0.026351330672350626,0.0013651975472654954,0.00010846769795036515,0.78,0.78,0.84,0.98,0.98,130077287.02293153,131583051.35989907,8
2018-03-22,0.6,0.26,0.13999999999999999,0.42,0.0,0.0,0.0215710605989447,0.0215710605989447,hold,False,False,False,False,0.7643087720110564,0.24336643201699204,0.4650485230144879,0.03715843614618475,-0.002726220223108644,-0.00010845593398500775,0.78,0.78,0.84,0.98,0.98,132883192.06384951,134421437.33457753,8
2018-03-23,0.78,0.143,0.07699999999999999,0.78,0.3600000000000001,0.00036000000000000013,-0.024414249280338397,-0.024774249280338397,scheduled,True,False,False,False,0.7904772352601996,0.33490907182698976,0.4001507469706416,-0.03236002681881989,0.005662692229941646,0.00021826817479819738,0.78,0.78,0.84,0.98,0.98,129591110.73849261,131139638.85486974,8
2018-03-26,0.78,0.143,0.07699999999999999,0.78,0.0,0.0,-0.008992121210541635,-0.008992121210541635,hold,True,False,False,False,0.8110411972869866,0.3966410885351177,0.35704208626601286,-0.011503551503545428,-0.00019415641518694127,0.00010926402072120034,0.78,0.78,0.84,0.98,0.98,128425811.76292336,129960415.32678011,8
2018-03-27,0.78,0.143,0.07699999999999999,0.42,0.0,0.0,0.014593957500777693,0.014593957500777693,hold,False,False,False,False,0.8272291698358532,0.4458206395220803,0.3206192080402413,0.01831469858125412,0.0020395796852377135,0.0002186066546816523,0.78,0.78,0.84,0.98,0.98,130300052.60179433,131857052.10484256,8
2018-03-28,0.78,0.143,0.07699999999999999,0.42,0.0,0.0,-0.02236291244470817,-0.02236291244470817,hold,False,False,False,False,0.8413961342202184,0.48274995458043674,0.29137033480444735,-0.02885184414925357,0.001019155017197404,-5.47165681767936e-05,0.78,0.78,0.84,0.98,0.98,127386163.93391955,128908344.39340463,8
2018-03-29,0.78,0.143,0.07699999999999999,0.42,0.0,0.0,0.008311810509827175,0.008311810509827175,hold,False,False,False,False,0.8495049179514168,0.5199653891478409,0.260327607968553,0.01125366104429748,-0.0032001830937994358,-0.00010933665339663001,0.78,0.78,0.84,0.98,0.98,128444973.59011206,129979806.12513818,8
2018-04-02,0.30000000000000004,0.455,0.245,0.30000000000000004,0.9600000000000001,0.0009600000000000001,0.004519013504262194,0.0035590135042621943,scheduled,False,False,False,False,0.8602431573659122,0.5564108970885908,0.23161601933972595,0.01576999639119525,-0.0005836620474903853,0.00021869721841527578,0.78,0.78,0.84,0.98,0.98,128902110.98567387,130567186.62429905,8
2018-04-03,0.30000000000000004,0.455,0.245,0.30000000000000004,0.0,0.0,0.0005843610226856729,0.0005843610226856729,hold,False,False,False,False,0.8679106137298003,0.5750203916657497,0.20440343037682335,0.005697021029806404,-0.0025308899790718042,0.00010942716008743858,0.78,0.78,0.84,0.98,0.98,128977436.35507582,130643484.99900402,8
2018-04-04,0.30000000000000004,0.455,0.245,0.30000000000000004,0.0,0.0,-0.0055088683574155,-0.0055088683574155,hold,False,False,False,False,0.870552552576546,0.6179090918615625,0.17049470150674578,-0.025023400942280616,0.004391542692898209,0.0,0.78,0.78,0.84,0.98,0.98,128266916.63711877,129923787.23839054,8
2018-04-05,0.30000000000000004,0.455,0.245,0.30000000000000004,0.0,0.0,0.002222112523396468,0.002222112523396468,hold,False,False,False,False,0.867866348352793,0.642169039404433,0.14953385654314805,0.007022939584556909,0.00019433830151927012,0.00010941518709439713,0.78,0.78,0.84,0.98,0.98,128551940.15891558,130212492.51310007,9
2018-04-06,0.30000000000000004,0.455,0.245,0.30000000000000004,0.0,0.0,0.005796205676442495,0.005796205676442495,hold,False,False,False,False,0.871030980443033,0.6219828016767537,0.13938480731801015,0.022062643989538167,-0.0017489752358732513,-0.0001094032167209269,0.78,0.78,0.84,0.98,0.98,129297053.64418238,130967230.90134823,9
2018-04-09,0.30000000000000004,0.455,0.245,0.30000000000000004,0.0,0.0,-0.0012340353593375277,-0.0012340353593375277,hold,False,False,False,False,0.8753653042726759,0.6057698409549854,0.13219629577225678,-0.005768600746428598,0.000973475654757916,0.0002188303741885722,0.78,0.78,0.84,0.98,0.98,129137496.50812729,130805612.70750144,9
2018-04-10,0.30000000000000004,0.455,0.245,0.30000000000000004,0.0,0.0,0.001975712691963984,0.001975712691963984,hold,False,False,False,False,0.8688706385502997,0.595303746510358,0.13061056040222963,0.012041151581650755,-0.003596995126442293,0.0,0.78,0.78,0.84,0.98,0.98,129392635.09898683,131064047.01670778,9
2018-04-11,0.30000000000000004,0.455,0.245,0.30000000000000004,0.0,0.0,-0.0011538377865164262,-0.0011538377865164262,hold,False,False,False,False,0.865225615904464,0.5979192163329179,0.1271480485096564,-0.005178461373828602,0.0008784629134772626,0.0,0.78,0.78,0.84,0.98,0.98,129243336.98731269,130912820.36680613,9
2018-04-12,0.30000000000000004,0.455,0.245,0.42,0.0,0.0,0.002118389314621453,0.002118389314621453,hold,False,False,False,False,0.847183054540853,0.628029789082976,0.11949566084932979,0.007622321532707144,-0.00048754631622172084,0.00021847521914364343,0.78,0.78,0.84,0.98,0.98,129517124.69137265,131190144.68661813,9
2018-04-13,0.30000000000000004,0.455,0.245,0.42,0.0,0.0,0.006723587291979071,0.006723587291979071,hold,False,False,False,False,0.8464047453211996,0.6482601270028842,0.11288758719609537,0.021525315801304012,0.000584599014478826,0.0,0.78,0.78,0.84,0.98,0.98,130387944.38504122,132072213.07626598,9
2018-04-16,0.42,0.37700000000000006,0.203,0.42,0.23999999999999988,0.0002399999999999999,-0.0006323310819495748,-0.0008723310819495747,scheduled,False,False,False,False,0.825058220431749,0.6781347904764087,0.1020655382990939,0.002047044775657314,-0.0038989079964960593,-0.00010936735490951754,0.78,0.78,0.84,0.98,0.98,130274202.92844263,131988699.71087599,9
2018-04-17,0.42,0.37700000000000006,0.203,0.78,0.0,0.0,-0.004849343285682376,-0.004849343285682376,hold,True,False,False,False,0.8080667805712998,0.7146826378446693,0.08958317688036724,-0.009192448697874056,-0.0027396277835550764,0.00021834897450734303,0.78,0.78,0.84,0.98,0.98,129642458.59717396,131348641.19614711,9
2018-04-18,0.42,0.37700000000000006,0.203,0.78,0.0,0.0,-0.00790513301979077,-0.00790513301979077,hold,True,False,False,False,0.7869573617012486,0.7426261562669716,0.07949486553890207,-0.015827009001233128,-0.0033363109795035983,0.0,0.78,0.78,0.84,0.98,0.98,128617617.71695057,130310312.7155228,9
2018-04-19,0.42,0.37700000000000006,0.203,0.78,0.0,0.0,-0.001432247882653048,-0.001432247882653048,hold,True,False,False,False,0.7808525863313068,0.7640933967507282,0.0725045503819717,-0.002526148543951501,-0.0009847891092663597,0.0,0.78,0.78,0.84,0.98,0.98,128433405.40630358,130123676.04604813,9
2018-04-20,0.42,0.37700000000000006,0.203,0.78,0.0,0.0,-0.00932228083168363,-0.00932228083168363,hold,True,False,False,False,0.7798145966994308,0.7835904802818043,0.06706525234305324,-0.0211874503101126,-0.001182418147051223,0.00010945783252203078,0.78,0.78,0.84,0.98,0.98,127236113.13293655,128910626.59509584,9
2018-04-23,0.78,0.143,0.07699999999999999,0.78,0.7200000000000002,0.0007200000000000003,0.0006333616691126093,-8.663833088739094e-05,scheduled,True,False,False,False,0.7814033416857975,0.8032878086159407,0.06096226545092896,0.0011992013033288451,-0.0021709278192358905,0.00010944585281613683,0.78,0.78,0.84,0.98,0.98,127225089.6084661,128992273.64472246,9
2018-04-24,0.78,0.143,0.07699999999999999,0.78,0.0,0.0,0.016839635035502152,0.016839635035502152,hold,True,False,False,False,0.8053575052284194,0.8153550388172441,0.05829506899012067,0.02105282353102078,0.002867507468279573,0.0001088196537917252,0.78,0.78,0.84,0.98,0.98,129367513.68483175,131164456.45529921,9
2018-04-25,0.78,0.143,0.07699999999999999,0.78,0.0,0.0,0.0007292520169088386,0.0007292520169088386,hold,True,False,False,False,0.8195283050435032,0.8333672897594373,0.05459670991332519,0.0006167465133135597,0.001676673041622001,0.00010942196847163466,0.78,0.78,0.84,0.98,0.98,129461855.2051089,131260108.399716,9
2018-04-26,0.78,0.143,0.07699999999999999,0.42,0.0,0.0,-0.005387282587732527,-0.005387282587732527,hold,False,False,False,False,0.8212684046549532,0.8477146610948866,0.0507536262653627,-0.007094361070712485,0.0010821231969406764,-0.00010940999661435136,0.78,0.78,0.84,0.98,0.98,128764407.60678685,130552973.10327032,9
2018-04-27,0.78,0.143,0.07699999999999999,0.42,0.0,0.0,0.008699361876543498,0.008699361876543498,hold,False,False,False,False,0.8209462286027471,0.8589624221641943,0.0476000858339317,0.011432520436436722,-0.001565786189774876,7.66670293592675e-05,0.78,0.78,0.84,0.98,0.98,129884575.78537703,131688700.6603543,9
2018-04-30,0.42,0.37700000000000006,0.203,0.42,0.7200000000000002,0.0007200000000000003,-0.002380327989008738,-0.003100327989008738,scheduled,False,False,False,False,0.8308297999942451,0.8677333467547985,0.0457231250537086,-0.005897109581971205,0.00019688674097073644,0.00010951593139507665,0.78,0.78,0.84,0.98,0.98,129481890.99972908,131375238.36033626,9
2018-05-01,0.42,0.37700000000000006,0.203,0.42,0.0,0.0,0.0009149362847605106,0.0009149362847605106,hold,False,False,False,False,0.8339832915547601,0.8740633134579849,0.04406650432911236,-0.00012385631554978627,0.002564869860189445,0.0,0.78,0.78,0.84,0.98,0.98,129600358.68002413,131495438.33283119,9
2018-05-02,0.42,0.37700000000000006,0.203,0.42,0.0,0.0,0.008050892285184467,0.008050892285184467,hold,False,False,False,False,0.8429547245564395,0.8783071305798095,0.04353990068035741,0.018974316845820294,9.867330416990505e-05,0.00021911021806841902,0.78,0.78,0.84,0.98,0.98,130643757.20787829,132554093.94284195,9
2018-05-03,0.42,0.37700000000000006,0.203,0.42,0.0,0.0,0.0033045914105756104,0.0033045914105756104,hold,False,False,False,False,0.8538776058899115,0.8752273324049022,0.04488821240959557,0.00830941433042276,-0.0004916780058407122,0.0,0.78,0.78,0.84,0.98,0.98,131075481.44579278,132992131.0631221,9
2018-05-04,0.42,0.37700000000000006,0.203,0.42,0.0,0.0,-0.0010383522230643402,-0.0010383522230643402,hold,False,False,False,False,0.8368549472798966,0.8774523707417031,0.04519391628129774,-0.0010226121325093152,-0.0016737307040852745,0.00010907067994936348,0.78,0.78,0.84,0.98,0.98,130939378.9282443,132854038.38818264,9
2018-05-07,0.78,0.143,0.07699999999999999,0.78,0.7200000000000002,0.0007200000000000003,0.00817711259893861,0.007457112598938611,scheduled,True,False,False,False,0.8051544201903093,0.8692914723125135,0.05143977394776788,0.010899156190300907,-0.0022673372692034732,0.0,0.78,0.78,0.84,0.98,0.98,131915808.62054731,133940400.81930654,9
2018-05-08,0.78,0.143,0.07699999999999999,0.78,0.0,0.0,0.008380733006073709,0.008380733006073709,hold,True,False,False,False,0.7775144213834813,0.8641171881573038,0.05544959250781713,0.010364227102718004,0.002074376684990664,0.0,0.78,0.78,0.84,0.98,0.98,133021359.79187642,135062919.55729964,9
2018-05-09,0.78,0.143,0.07699999999999999,0.78,0.0,0.0,-0.0007214942590326676,-0.0007214942590326676,hold,True,False,False,False,0.7471965115069905,0.8591077183975522,0.059253986198445574,-0.0009431070416542342,9.880582837507035e-05,0.0,0.78,0.78,0.84,0.98,0.98,132925385.64445786,134965472.43623084,9
2018-05-10,0.78,0.143,0.07699999999999999,0.84,0.0,0.0,0.0010246916410418345,0.0010246916410418345,hold,True,True,False,False,0.7186471075415284,0.8488694005251879,0.06394468272483904,0.0017112974846402729,-0.0021686741047383107,0.0,0.78,0.78,0.84,0.98,0.98,133061593.17601001,135103770.42766553,9
2018-05-11,0.78,0.143,0.07699999999999999,0.84,0.0,0.0,-0.00941314737016263,-0.00941314737016263,hold,True,True,False,False,0.6908829383998863,0.8431751298855144,0.06450962755956055,-0.011075031446749262,-0.005534721399928388,0.0002187314089812098,0.78,0.78,0.84,0.98,0.98,131809064.79013559,133832018.7263653,9
2018-05-14,0.98,0.013000000000000012,0.007000000000000005,0.98,0.3999999999999999,0.0003999999999999999,0.006453366383651249,0.006053366383651249,tier_force,True,True,True,False,0.6535638312212938,0.8520613791218186,0.061161299119208444,0.006611973954611328,-0.002087025878163895,0.00010903493546843279,0.78,0.78,0.84,0.98,0.98,132606953.3519967,134695685.7770702,9
2018-05-15,0.98,0.013000000000000012,0.007000000000000005,0.84,0.0,0.0,-0.0037771902411054582,-0.0037771902411054582,hold,True,True,False,False,0.6823188558006521,0.860206829496218,0.0580169395273591,-0.003846353221709564,-0.0005972372176988872,0.0,0.78,0.78,0.84,0.98,0.98,132106071.66189282,134186914.54723406,9
2018-05-16,0.98,0.013000000000000012,0.007000000000000005,0.84,0.0,0.0,-0.005013801491537355,-0.005013801491537355,hold,True,True,False,False,0.6880606803882298,0.8669382385304255,0.055381758052009004,-0.0051684516109565815,0.0038858841569744396,0.00010922759420384232,0.78,0.78,0.84,0.98,0.98,131443718.04275325,133514127.99493234,9
2018-05-17,0.98,0.013000000000000012,0.007000000000000005,0.84,0.0,0.0,0.005509679214754623,0.005509679214754623,hold,True,True,False,False,0.7017071324280035,0.8681777953235119,0.05668269540943901,0.005612904699537236,0.0006948160929332037,0.0,0.78,0.78,0.84,0.98,0.98,132167930.76396349,134249748.0108221,9
2018-05-18,0.98,0.013000000000000012,0.007000000000000005,0.98,0.0,0.0,-0.0012847912675076783,-0.0012847912675076783,tier_force,True,True,True,False,0.6779721355208108,0.8667606623979597,0.059429910802233414,-0.0013057495451923584,-0.0003966702476282391,0.0,0.78,0.78,0.84,0.98,0.98,131998122.56067339,134077265.10691269,9
2018-05-21,0.98,0.013000000000000012,0.007000000000000005,0.98,0.0,0.0,0.008334234063013889,0.008334234063013889,tier_force,True,True,True,False,0.6455373075431845,0.8591576661134429,0.0641557535337727,0.00844299207574739,0.004564299035503927,0.00010942018855653046,0.78,0.78,0.84,0.98,0.98,133098225.80997244,135194696.41684246,9
2018-05-22,0.98,0.013000000000000012,0.007000000000000005,0.98,0.0,0.0,-0.0002539137060826568,-0.0002539137060826568,tier_force,True,True,True,False,0.6246403732766406,0.8350795037390523,0.07706620708708031,-0.00029472605260794094,0.002568437631333742,0.00021830518082666117,0.78,0.78,0.84,0.98,0.98,133064430.346184,135160368.63043255,9
2018-05-23,0.98,0.013000000000000012,0.007000000000000005,0.98,0.0,0.0,0.0010344988722952903,0.0010344988722952903,tier_force,True,True,True,False,0.5974961935631704,0.8064465107671253,0.08963606938180992,0.001002553591968658,0.0039407650924681015,0.0001094865662742972,0.78,0.78,0.84,0.98,0.98,133202085.34931974,135300191.87935972,9
2018-05-24,0.98,0.013000000000000012,0.007000000000000005,0.98,0.0,0.0,-0.004190467502679666,-0.004190467502679666,tier_force,True,True,True,True,0.5733479495459998,0.728000231481234,0.13921866624251306,-0.004419185581929996,0.010794951354748505,0.0,0.78,0.78,0.84,0.98,0.98,132643906.33937424,134733220.82218295,9
2018-05-25,0.98,0.013000000000000012,0.007000000000000005,0.98,0.0,0.0,0.0069617176127815,0.0069617176127815,tier_force,True,True,True,True,0.5509277102063749,0.598465488816166,0.21272373248138726,0.007161247346492816,-0.004272189593808484,-0.00010947458027843471,0.78,0.78,0.84,0.98,0.98,133567335.75836518,135671195.4586075,9
2018-05-29,0.98,0.013000000000000012,0.007000000000000005,0.98,0.0,0.0,-0.0006385331468977899,-0.0006385331468977899,tier_force,True,True,True,True,0.5604736839764308,0.5076578516251327,0.27521294391899337,-0.0006466596633120103,-0.0004872676608118631,0.0002182575340763382,0.78,0.78,0.84,0.98,0.98,133482048.58714065,135584564.90322796,9
2018-05-30,0.98,0.013000000000000012,0.007000000000000005,0.78,0.0,0.0,0.015338412305500156,0.015338412305500156,hold,True,False,False,False,0.513143177332952,0.43648456075387443,0.3131184858896303,0.015699984085299823,-0.003694724004938865,6.561628150492105e-05,0.78,0.78,0.84,0.98,0.98,135529451.28375304,137664216.86197552,9
2018-05-31,0.98,0.013000000000000012,0.007000000000000005,0.78,0.0,0.0,0.008804774137641141,0.008804774137641141,hold,True,False,False,False,0.476177097486313,0.3639000876423285,0.353856638106764,0.009030531637937544,-0.0035319936593293244,0.00010986429051840219,0.78,0.78,0.84,0.98,0.98,136722757.49130493,138876319.19828045,9
2018-06-01,0.98,0.013000000000000012,0.007000000000000005,0.68,0.0,0.0,0.0030692666697519247,0.0030692666697519247,hold,False,False,False,False,0.4772549011758385,0.298576001307853,0.39107013960515324,0.003097948508178572,0.002559779364378789,0.0,0.78,0.78,0.84,0.98,0.98,137142396.09386957,139302567.65601355,9
2018-06-04,0.98,0.013000000000000012,0.007000000000000005,0.68,0.0,0.0,0.005664087288496421,0.005664087288496421,hold,False,False,False,False,0.4622422787138386,0.2490465117489048,0.3768020846198078,0.0058338738643333166,-0.004026164076804228,-0.00010985222168202746,0.78,0.78,0.84,0.98,0.98,137919182.59629875,140091589.55872887,9
2018-06-05,0.68,0.20799999999999996,0.11199999999999997,0.68,0.5999999999999999,0.0005999999999999998,-0.0046351077394312,-0.0052351077394311996,scheduled,False,False,False,False,0.43123876807008416,0.21165432289396782,0.35738814705136035,-0.008131311774252747,0.0042398051275125415,0.00010986429051840219,0.78,0.78,0.84,0.98,0.98,137197160.81607285,139442249.94773597,9
2018-06-06,0.68,0.20799999999999996,0.11199999999999997,0.68,0.0,0.0,-0.0002221573699258527,-0.0002221573699258527,hold,False,False,False,False,0.40685571847047086,0.18253802359279875,0.34679485125249676,5.777372675730419e-05,-0.0013746370481833026,0.00021858037411881526,0.78,0.78,0.84,0.98,0.98,137166681.45566466,139411271.82423106,9
2018-06-07,0.68,0.20799999999999996,0.11199999999999997,0.68,0.0,0.0,0.0016394213698411166,0.0016394213698411166,hold,False,False,False,False,0.42796191996101796,0.16439669107438817,0.36066405831545917,0.002693740186750393,-0.0009833779774033324,0.00010911305491734247,0.78,0.78,0.84,0.98,0.98,137391555.44447327,139639825.64245644,9
2018-06-08,0.68,0.20799999999999996,0.11199999999999997,0.68,0.0,0.0,0.0034541381578285842,0.0034541381578285842,hold,False,False,False,False,0.4529950240683873,0.15086097549678157,0.37038256420769045,0.005260165657910765,-0.0005902619689939215,0.0,0.78,0.78,0.84,0.98,0.98,137866124.85869744,140122160.89256057,9
2018-06-11,0.68,0.20799999999999996,0.11199999999999997,0.68,0.0,0.0,-0.00029681375077275613,-0.00029681375077275613,hold,False,False,False,False,0.4624676778489589,0.13916874940127164,0.38493760221248075,-5.7039480918730234e-05,-0.0011817671869499558,-0.00010910115055740022,0.78,0.78,0.84,0.98,0.98,137825204.29707363,140080570.70841968,9
2018-06-12,0.68,0.20799999999999996,0.11199999999999997,0.68,0.0,0.0,0.007577442139136934,0.007577442139136934,hold,False,False,False,False,0.43524224270688294,0.11981885073757931,0.3523773402856775,0.010124171246311597,0.003155168508593764,0.00032795215944236844,0.78,0.78,0.84,0.98,0.98,138869566.80794945,141142023.12778005,9
2018-06-13,0.68,0.20799999999999996,0.11199999999999997,0.68,0.0,0.0,-0.0022106424258623875,-0.0022106424258623875,hold,False,False,False,False,0.4181804322399706,0.1010810586934659,0.32631963232771455,-0.003491338441727665,0.000785902473617428,0.0,0.78,0.78,0.84,0.98,0.98,138562575.85190266,140830008.5833817,9
2018-06-14,0.68,0.20799999999999996,0.11199999999999997,0.68,0.0,0.0,-0.00030284729597727375,-0.00030284729597727375,hold,False,False,False,False,0.4087713605313011,0.08671160079342204,0.30761739647343267,-0.0005774048530705622,0.0004907919783463388,-0.00010979220879758778,0.78,0.78,0.84,0.98,0.98,138520612.55048227,140787358.59608978,9
2018-06-15,0.68,0.20799999999999996,0.11199999999999997,0.68,0.0,0.0,-0.001350428934075983,-0.001350428934075983,hold,False,False,False,False,0.4014618095866224,0.07488169378553994,0.2977047782332018,-0.002832808419460986,0.002650681905200125,0.000219097811391622,0.78,0.78,0.84,0.98,0.98,138333550.30732816,140597235.27348948,9
2018-06-18,0.68,0.20799999999999996,0.11199999999999997,0.68,0.0,0.0,0.004145362269237574,0.004145362269237574,hold,False,False,False,False,0.3932277815126911,0.06621898184993799,0.2918465080220489,0.007102367866022696,-0.003230815787319097,-0.00010926960620971649,0.78,0.78,0.84,0.98,0.98,138906992.98734185,141180061.74775133,9
2018-06-19,0.68,0.20799999999999996,0.11199999999999997,0.68,0.0,0.0,-0.005344202125360349,-0.005344202125360349,hold,False,False,False,False,0.40738408502813694,0.060469422160546155,0.3231897089316203,-0.008688311212392219,0.00265197098923986,0.00010928154736133955,0.78,0.78,0.84,0.98,0.98,138164645.94019148,140425566.9617005,9
2018-06-20,0.68,0.20799999999999996,0.11199999999999997,0.68,0.0,0.0,-0.001456389260386809,-0.001456389260386809,hold,False,False,False,False,0.38896110457834987,0.05760715485423629,0.31059267813409464,-0.0022195703360179397,0.0001957986657448174,0.00010886112170060969,0.78,0.78,0.84,0.98,0.98,137963424.433679,140221052.67409375,9
2018-06-21,0.68,0.20799999999999996,0.11199999999999997,0.68,0.0,0.0,-0.015010815222205175,-0.015010815222205175,hold,False,False,False,False,0.39520884940517986,0.05529862375860731,0.34658513914484,-0.022530036618341964,0.001370955881521141,0.00021831120456217157,0.78,0.78,0.84,0.98,0.98,135892480.9620824,138116220.36213985,9
2018-06-22,0.68,0.20799999999999996,0.11199999999999997,0.68,0.0,0.0,0.0028670482556864023,0.0028670482556864023,hold,False,False,False,False,0.40174852452794496,0.052166508127151234,0.36285225340999494,0.00408455794889373,0.0004889567623940216,-0.00010851925124366613,0.78,0.78,0.84,0.98,0.98,136282091.26258564,138512206.23081112,9
2018-06-25,0.68,0.20799999999999996,0.11199999999999997,0.68,0.0,0.0,-0.008429956177947841,-0.008429956177947841,hold,False,False,False,False,0.43739529581457215,0.05765873254775808,0.4120078191434844,-0.013599047644435536,0.0038123601880903912,0.00021808304594217454,0.78,0.78,0.84,0.98,0.98,135133239.20540294,137344554.40217453,9
2018-06-26,0.68,0.20799999999999996,0.11199999999999997,0.68,0.0,0.0,0.0056465810571256925,0.0056465810571256925,hold,False,False,False,False,0.48491194346241534,0.0631713613041101,0.43114393082837643,0.008601640482043482,-0.0009737234166532494,0.0,0.78,0.78,0.84,0.98,0.98,135896279.99408823,138120081.56136122,9
2018-06-27,0.68,0.20799999999999996,0.11199999999999997,0.6,0.0,0.0,0.0016897178900842533,0.0016897178900842533,hold,False,False,False,False,0.5244650475583403,0.09446583105710879,0.42260086710333905,0.0026873976182077985,-0.0007796479018192803,0.00021834172572643418,0.78,0.78,0.84,0.98,0.98,136125906.36959013,138353465.53415534,9
2018-06-28,0.68,0.20799999999999996,0.11199999999999997,0.6,0.0,0.0,0.004397265803460432,0.004397265803460432,hold,False,False,False,False,0.5511030742825516,0.10946546178840585,0.4227102758517555,0.006699412664983528,-0.0006847864009137394,-0.00014195747623491073,0.78,0.78,0.84,0.98,0.98,136724488.1626342,138961842.4969389,9
2018-06-29,0.68,0.20799999999999996,0.11199999999999997,0.6,0.0,0.0,-0.007316663531472071,-0.007316663531472071,hold,False,False,False,False,0.5739977828637843,0.11596422881018982,0.43761212849726505,-0.011573858153504646,0.0025434568098587906,0.0002189374683969625,0.78,0.78,0.84,0.98,0.98,135724121.08623546,137945105.4516754,9
2018-07-02,0.68,0.20799999999999996,0.11199999999999997,0.6,0.0,0.0,0.008460564685983187,0.008460564685983187,hold,False,False,False,False,0.5950006322544876,0.11939433649026368,0.45645444968428195,0.012412225419948353,9.736250201108909e-05,0.0,0.78,0.78,0.84,0.98,0.98,136872423.79213378,139112198.93946406,9
2018-07-03,0.6,0.26,0.13999999999999999,0.6,0.16000000000000014,0.00016000000000000015,0.009592396988645792,0.009432396988645791,scheduled,False,False,False,False,0.6360272993506538,0.13564919179972185,0.45584794252173516,0.015555985911769987,0.0008777067874492506,0.00021858340604996584,0.78,0.78,0.84,0.98,0.98,138163458.83013937,140446618.37765488,9
2018-07-05,0.6,0.26,0.13999999999999999,0.52,0.0,0.0,0.004739708028425318,0.004739708028425318,hold,False,False,False,False,0.6576591551200708,0.1293605660560538,0.4859951697623069,0.00899749915224346,-0.0025338133189259926,0.0,0.78,0.78,0.84,0.98,0.98,138818313.2851916,141112294.34234464,10
2018-07-06,0.6,0.26,0.13999999999999999,0.6,0.0,0.0,0.00025241968585181684,0.00025241968585181684,hold,False,False,False,False,0.6322432011288524,0.11540913100683549,0.49262180594980853,0.0007338881544676212,-0.0007814697489374467,0.00010906377067843032,0.78,0.78,0.84,0.98,0.98,138853353.7602215,141147913.86335236,10
2018-07-09,0.6,0.26,0.13999999999999999,0.6,0.0,0.0,-0.002511660207482542,-0.002511660207482542,hold,False,False,False,False,0.5853506959916741,0.10600846267947858,0.47781802497394,-0.005076015413373547,0.0020536501559291764,0.0,0.78,0.78,0.84,0.98,0.98,138504601.31690645,140793398.26473263,10
2018-07-10,0.6,0.26,0.13999999999999999,0.6,0.0,0.0,0.010237398470885718,0.010237398470885718,hold,False,False,False,False,0.5138244690330022,0.09902152912144399,0.4641778921854388,0.01723164889574469,-0.0003907341021580635,0.0,0.78,0.78,0.84,0.98,0.98,139922528.1106388,142234756.3848388,10
2018-07-11,0.68,0.20799999999999996,0.11199999999999997,0.68,0.16000000000000014,0.00016000000000000015,0.0009257814782128548,0.0007657814782128546,scheduled,False,False,False,False,0.49739688536757176,0.09630840702559192,0.472593098502463,0.0008358699285224702,0.001659445630441736,0.00010915389005083931,0.78,0.78,0.84,0.98,0.98,140029678.19105065,142366434.68785802,10
2018-07-12,0.68,0.20799999999999996,0.11199999999999997,0.68,0.0,0.0,-0.0019602720332165206,-0.0019602720332165206,hold,False,False,False,False,0.4485634254383589,0.09471999392423205,0.46087140481875044,-0.0023940759144676083,-0.0016566964327853206,0.00010975398786428059,0.78,0.78,0.84,0.98,0.98,139755181.92907244,142087357.74747065,10
2018-07-13,0.68,0.20799999999999996,0.11199999999999997,0.68,0.0,0.0,0.00401474048746138,0.00401474048746138,hold,False,False,False,False,0.40936676557865337,0.09182353493959265,0.44639698817368795,0.006083199174513831,-0.0005857449577308937,0.0,0.78,0.78,0.84,0.98,0.98,140316262.7162956,142657801.61537582,10
2018-07-16,0.68,0.20799999999999996,0.11199999999999997,0.68,0.0,0.0,-0.0014328211847914084,-0.0014328211847914084,hold,False,False,False,False,0.3842986605763927,0.08773503305048816,0.43275407853565556,-0.0018860246454551755,-0.0007814209752562418,0.00010902800867329532,0.78,0.78,0.84,0.98,0.98,140115214.60250494,142453398.49504554,10
2018-07-17,0.68,0.20799999999999996,0.11199999999999997,0.68,0.0,0.0,-0.0028196978457594927,-0.0028196978457594927,hold,False,False,False,False,0.3575903704166781,0.08748762744323864,0.42903387157325534,-0.005001851794903978,0.0027371573346095524,0.00010922008193237076,0.78,0.78,0.84,0.98,0.98,139720132.03373212,142051722.95418796,10
2018-07-18,0.68,0.20799999999999996,0.11199999999999997,0.74,0.0,0.0,-0.0008696052115663438,-0.0008696052115663438,hold,False,False,False,False,0.3369485404640713,0.08413718116196439,0.41450287938010544,-0.00022333246437022947,-0.003509583124938098,0.00010941209100479021,0.78,0.78,0.84,0.98,0.98,139598630.67875487,141928194.03559503,10
2018-07-19,0.68,0.20799999999999996,0.11199999999999997,0.74,0.0,0.0,0.0011357694735333618,0.0011357694735333618,hold,False,False,False,False,0.3433051639460235,0.07998406455476081,0.4388466281954772,0.0031845201853688554,-0.0048915934563984464,-0.00010940012130877808,0.78,0.78,0.84,0.98,0.98,139757182.54202688,142089391.74581438,10
2018-07-20,0.68,0.20799999999999996,0.11199999999999997,0.74,0.0,0.0,0.002970000657009015,0.002970000657009015,hold,False,False,False,False,0.3444069578247301,0.07629090962301677,0.46092917966220404,0.004121107449710726,0.0006885539713685773,0.00021811040322372577,0.78,0.78,0.84,0.98,0.98,140172261.4659984,142511397.33265346,10
2018-07-23,0.68,0.20799999999999996,0.11199999999999997,0.74,0.0,0.0,0.00934899155338921,0.00934899155338921,hold,False,False,False,False,0.3332473960889155,0.07274116635987568,0.4713003991472834,0.013976887925510217,-0.0006880801910204015,-0.00010867460915620075,0.78,0.78,0.84,0.98,0.98,141482730.75446352,143843735.18257815,10
2018-07-24,0.68,0.20799999999999996,0.11199999999999997,0.74,0.0,0.0,-0.010515882010225956,-0.010515882010225956,hold,False,False,False,False,0.3246188526878338,0.06876682754618872,0.44121569461312743,-0.015151710542718355,-0.001081210193682014,0.00010868642061057088,0.78,0.78,0.84,0.98,0.98,139994915.05136502,142331091.435488,10
2018-07-25,0.68,0.20799999999999996,0.11199999999999997,0.74,0.0,0.0,-0.008825407439750308,-0.008825407439750308,hold,False,False,False,False,0.3081663638747917,0.06594943106305756,0.41253652151289455,-0.013496398822482325,0.001574866767705796,0.00021938814156130526,0.78,0.78,0.84,0.98,0.98,138759402.88654348,141074961.56222546,10
2018-07-26,0.68,0.20799999999999996,0.11199999999999997,0.74,0.0,0.0,-0.009887291602071403,-0.009887291602071403,hold,False,False,False,False,0.3249311853496124,0.06252140992989691,0.4271477053891072,-0.014131254405830629,-0.001277725867300461,-0.0001095680866792792,0.78,0.78,0.84,0.98,0.98,137387448.20767492,139680112.2795087,10
2018-07-27,0.68,0.20799999999999996,0.11199999999999997,0.68,0.0,0.0,0.005514500211486054,0.005514500211486054,hold,False,False,False,False,0.3914905294066585,0.06170867755990737,0.4462157916376371,0.0076522817812862964,0.0013773749667158608,0.0002183447065577937,0.78,0.78,0.84,0.98,0.98,138145071.3198717,140450378.28821445,10
2018-07-30,0.68,0.20799999999999996,0.11199999999999997,0.68,0.0,0.0,0.0020969255993386043,0.0020969255993386043,hold,False,False,False,False,0.4524149979863999,0.07489953726147827,0.4658180228476711,0.0037972663172833876,-0.002362070635908431,5.442139156119907e-05,0.78,0.78,0.84,0.98,0.98,138434751.25634477,140744892.2818838,10
2018-07-31,0.68,0.20799999999999996,0.11199999999999997,0.68,0.0,0.0,0.009511207190384488,0.009511207190384488,hold,False,False,False,False,0.486017297634068,0.08134330880961135,0.47640243069870486,0.013606837383945747,0.0011839678776150997,0.00010975402461999018,0.78,0.78,0.84,0.98,0.98,139751432.8578932,142083546.11336514,10
2018-08-01,0.6,0.26,0.13999999999999999,0.6,0.16000000000000014,0.00016000000000000015,0.00250420426723176,0.00234420426723176,scheduled,False,False,False,False,0.5087981774870923,0.07692765510723222,0.4828972563705526,0.0030631840104455854,0.0025626686960169565,0.0,0.78,0.78,0.84,0.98,0.98,140079038.76315042,142439352.33584565,10
2018-08-02,0.6,0.26,0.13999999999999999,0.6,0.0,0.0,0.0036748352983994167,0.0036748352983994167,hold,False,False,False,False,0.5236579980302134,0.075628463785055,0.49122550461479064,0.005886163201447303,0.0004917108750914778,0.00010923250005179241,0.78,0.78,0.84,0.98,0.98,140593806.15936312,142962793.49569058,10
2018-08-03,0.6,0.26,0.13999999999999999,0.6,0.0,0.0,0.0016650164893332086,0.0016650164893332086,hold,False,False,False,False,0.5155851923561304,0.07118804326204883,0.4763402220991822,0.003643788789519098,-0.002063754584173849,0.00010942433933536222,0.78,0.78,0.84,0.98,0.98,140827897.1649166,143200828.90422204,10
2018-08-06,0.6,0.26,0.13999999999999999,0.68,0.0,0.0,0.0009409558718187516,0.0009409558718187516,hold,False,False,False,False,0.4894339049709,0.06793203290530103,0.4639688631106418,0.0012100983799308018,0.0008854406739791099,-0.0001094123669592717,0.78,0.78,0.84,0.98,0.98,140960410.00166982,143335574.5650288,10
2018-08-07,0.6,0.26,0.13999999999999999,0.68,0.0,0.0,0.0003691609181197819,0.0003691609181197819,hold,False,False,False,False,0.45305101572365747,0.06601668931987317,0.4510872210289696,-0.0006042738497187283,0.0027554070017079546,0.00010942433933536222,0.78,0.78,0.84,0.98,0.98,141012447.07604456,143388488.45733446,10
2018-08-08,0.68,0.20799999999999996,0.11199999999999997,0.68,0.16000000000000014,0.00016000000000000015,-0.004273730815151325,-0.004433730815151325,scheduled,False,False,False,False,0.40709617863514413,0.06409554482925854,0.4235326619957684,-0.0076412184793897,0.0043165693745848,0.00021831536535743545,0.78,0.78,0.84,0.98,0.98,140387235.84412363,142775684.65567636,10
2018-08-09,0.68,0.20799999999999996,0.11199999999999997,0.68,0.0,0.0,-0.0008019611371094619,-0.0008019611371094619,hold,False,False,False,False,0.3751172358573853,0.06273179800382943,0.4072602787624894,-0.0011078009657743415,-0.0002929914081033491,0.00010969404020166884,0.78,0.78,0.84,0.98,0.98,140274650.7368304,142661184.1052583,10
2018-08-10,0.68,0.20799999999999996,0.11199999999999997,0.68,0.0,0.0,0.004033544199937579,0.004033544199937579,hold,False,False,False,False,0.363769088296695,0.06210638259580884,0.4088162825842422,0.006266563955356741,-0.000977014213618288,-0.00021875297564644125,0.78,0.78,0.84,0.98,0.98,140840454.7407082,143236614.2969623,10
2018-08-13,0.68,0.20799999999999996,0.11199999999999997,0.74,0.0,0.0,-0.007786537848220183,-0.007786537848220183,hold,False,False,False,False,0.3388336063240494,0.06181982998703858,0.41005199651157953,-0.012234811867007367,0.002445329458552692,0.00021880083898095926,0.78,0.78,0.84,0.98,0.98,139743795.20930916,142121296.9784881,10
2018-08-14,0.68,0.20799999999999996,0.11199999999999997,0.74,0.0,0.0,0.002177526311378378,0.002177526311378378,hold,False,False,False,False,0.3130496832217668,0.06161135662122946,0.40397943197462755,0.003291842946152368,-0.00029291775002515674,0.0,0.78,0.78,0.84,0.98,0.98,140048091.00022927,142430769.84206596,10
2018-08-15,0.68,0.20799999999999996,0.11199999999999997,0.68,0.0,0.0,0.0002447844038009936,0.0002447844038009936,hold,False,False,False,False,0.3587088221673589,0.06079562645772995,0.4343215221204482,0.00022252971061509363,0.000390671434631118,0.00010896912660229852,0.78,0.78,0.84,0.98,0.98,140082372.58868822,142465634.67314467,10
2018-08-16,0.68,0.20799999999999996,0.11199999999999997,0.68,0.0,0.0,4.443406989580799e-05,4.443406989580799e-05,hold,False,False,False,False,0.3731025695327238,0.059832584609993314,0.4555165504137724,-0.0008895641269534016,0.0031218157510775058,0.0,0.78,0.78,0.84,0.98,0.98,140088597.018623,142471965.00111347,10
2018-08-17,0.68,0.20799999999999996,0.11199999999999997,0.68,0.0,0.0,0.0022266669839868334,0.0022266669839868334,hold,False,False,False,False,0.3903350297006455,0.057892726149886574,0.4916352646209336,0.003672897642510664,-0.0013613088692889797,0.00010936457046151205,0.78,0.78,0.84,0.98,0.98,140400527.67243737,142789202.62172517,10
2018-08-20,0.68,0.20799999999999996,0.11199999999999997,0.68,0.0,0.0,0.0030237973045777514,0.0030237973045777514,hold,False,False,False,False,0.39827330398503596,0.05616168620143989,0.5133520766319969,0.003880875623285096,0.0018500090420379145,0.0,0.78,0.78,0.84,0.98,0.98,140825070.4095746,143220968.22773555,10
2018-08-21,0.68,0.20799999999999996,0.11199999999999997,0.68,0.0,0.0,-0.0009599522059674605,-0.0009599522059674605,hold,False,False,False,False,0.387577120869932,0.05460649041441363,0.5328672364088443,-0.0014358727790143577,-9.75470671310541e-05,0.0003279560154068051,0.78,0.78,0.84,0.98,0.98,140689885.0725794,143083482.94334453,10
2018-08-22,0.68,0.20799999999999996,0.11199999999999997,0.68,0.0,0.0,0.006379117717457888,0.006379117717457888,hold,False,False,False,False,0.36073925134508117,0.05436372592223209,0.5403329634832623,0.00929186147792116,0.00029159573303605413,0.0,0.78,0.78,0.84,0.98,0.98,141587362.411113,143996229.324464,10
2018-08-23,0.68,0.20799999999999996,0.11199999999999997,0.74,0.0,0.0,0.0064787365400456026,0.0064787365400456026,hold,False,False,False,False,0.33686173697537414,0.05419409250647466,0.545734194403854,0.010193060386950448,-0.0022345576933108235,0.00010931676007097657,0.78,0.78,0.84,0.98,0.98,142504669.62957457,144929142.95701718,10
2018-08-24,0.68,0.20799999999999996,0.11199999999999997,0.74,0.0,0.0,0.0005298879190006449,0.0005298879190006449,hold,False,False,False,False,0.28890442766417734,0.05660696544424956,0.5122241819620774,0.0014647009252106713,-0.002240907260301017,0.0,0.78,0.78,0.84,0.98,0.98,142580181.13241243,145005939.1589812,10
2018-08-27,0.68,0.20799999999999996,0.11199999999999997,0.74,0.0,0.0,0.007772658756524949,0.007772658756524949,hold,False,False,False,False,0.25490277385465554,0.05617790000125046,0.4691364637426527,0.011537924577493364,-0.0002927298909304321,-0.0001093048112232875,0.78,0.78,0.84,0.98,0.98,143688408.2257982,146133020.8417334,10
2018-08-28,0.68,0.20799999999999996,0.11199999999999997,0.78,0.0,0.0,-0.0007668606702654108,-0.0007668606702654108,hold,False,False,False,False,0.22562611802110263,0.05425556581852986,0.43507222210296165,-0.0017671726045647151,0.001855068231790158,0.00043716525559145403,0.78,0.78,0.84,0.98,0.98,143578219.23675677,146020957.17542282,10
2018-08-29,0.78,0.143,0.07699999999999999,0.78,0.19999999999999996,0.00019999999999999996,0.0010236409988178129,0.0008236409988178129,scheduled,False,False,False,False,0.2064298380441158,0.05213790188164231,0.405379768064774,0.0012874603734254197,0.00019481903411566748,-0.00010957421211110763,0.78,0.78,0.84,0.98,0.98,143696476.1446574,146170430.2138742,10
2018-08-30,0.78,0.143,0.07699999999999999,0.78,0.0,0.0,-0.0036632484646854442,-0.0036632484646854442,hold,False,False,False,False,0.19763669941773182,0.05078812691075534,0.38549960343741346,-0.004286188354786669,-0.0022849768424936245,8.740442239929536e-05,0.78,0.78,0.84,0.98,0.98,143170080.2490398,145634971.6098108,10
2018-08-31,0.78,0.143,0.07699999999999999,0.78,0.0,0.0,-0.010094905253380014,-0.010094905253380014,hold,False,False,False,False,0.1838085257370037,0.04946428169928339,0.3661429874203228,-0.012913485060878638,-9.765855081544927e-05,-0.0001093731575073642,0.78,0.78,0.84,0.98,0.98,141724791.85380694,144164800.3698311,10
2018-09-04,0.78,0.143,0.07699999999999999,0.78,0.0,0.0,-0.006662375768494788,-0.006662375768494788,hold,False,False,False,False,0.18308009716561158,0.04867214905964062,0.36993975351901687,-0.008939946878576466,0.002055616490690193,0.0002185667354046572,0.78,0.78,0.84,0.98,0.98,140780568.03476515,143204320.29717723,10
2018-09-05,0.78,0.143,0.07699999999999999,0.78,0.0,0.0,-0.003628878626880397,-0.003628878626880397,hold,False,False,False,False,0.21502355421104075,0.04909139332282168,0.4005373518009005,-0.00385018963811512,-0.004493567623265471,0.00021882416852414543,0.78,0.78,0.84,0.98,0.98,140269692.4403437,142684649.19997385,10
2018-09-06,0.78,0.143,0.07699999999999999,0.74,0.0,0.0,0.0027114158929167987,0.0027114158929167987,hold,False,False,False,False,0.2856158616730425,0.04947300673007994,0.424209919020725,0.0033682774257668413,0.000588527977752884,0.0,0.78,0.78,0.84,0.98,0.98,140650021.91372102,143071526.62548995,10
2018-09-07,0.78,0.143,0.07699999999999999,0.74,0.0,0.0,0.005498809882364781,0.005498809882364781,hold,False,False,False,False,0.3466478535971681,0.05245804236052046,0.4424211216387802,0.007704103674565532,-0.003627932112934107,0.00010913387471744862,0.78,0.78,0.84,0.98,0.98,141423429.644175,143858249.7499832,10
2018-09-10,0.78,0.143,0.07699999999999999,0.68,0.0,0.0,-0.0021312720275170165,-0.0021312720275170165,hold,False,False,False,False,0.3758123825819522,0.056017109481108454,0.457972291335645,-0.0029489182891264676,0.0011810086573540435,0.0,0.78,0.78,0.84,0.98,0.98,141122017.84453884,143551648.6863635,10
2018-09-11,0.78,0.143,0.07699999999999999,0.68,0.0,0.0,0.008316622032557565,0.008316622032557565,hold,False,False,False,False,0.38438348329299915,0.059720029326316176,0.4651486719667576,0.01068026952736445,-9.781957193499835e-05,0.0,0.78,0.78,0.84,0.98,0.98,142295676.32742372,144745513.4906385,10
2018-09-12,0.78,0.143,0.07699999999999999,0.68,0.0,0.0,-0.002541432006773836,-0.002541432006773836,hold,False,False,False,False,0.3945790034251975,0.06544329603898255,0.4703986442221051,-0.0029264724556025135,-0.0018688708303942203,0.00010993554990257337,0.78,0.78,0.84,0.98,0.98,141934041.5411797,144377652.60981646,10
2018-09-13,0.68,0.20799999999999996,0.11199999999999997,0.68,0.19999999999999996,0.00019999999999999996,-0.009728477538473102,-0.009928477538473103,scheduled,False,False,False,False,0.37303988946360106,0.06084871270078002,0.48566546838142854,-0.014402819388789512,0.00019711063680682983,0.00021821994149950896,0.78,0.78,0.84,0.98,0.98,140524852.59779337,142973077.85934442,10
2018-09-14,0.68,0.20799999999999996,0.11199999999999997,0.68,0.0,0.0,0.004764581871153626,0.004764581871153626,hold,False,False,False,False,0.3638585985666644,0.05773114269955526,0.49408466785463295,0.008271776506109996,-0.004135702658659479,0.0,0.78,0.78,0.84,0.98,0.98,141194394.76292735,143654284.79417607,10
2018-09-17,0.68,0.20799999999999996,0.11199999999999997,0.68,0.0,0.0,-0.0008704394321625867,-0.0008704394321625867,hold,False,False,False,False,0.40182724378750706,0.060140322212629604,0.4992965814721809,-0.000765682410830304,-0.0016816124653749043,0.0,0.78,0.78,0.84,0.98,0.98,141071493.5941254,143529242.44009212,10
2018-09-18,0.68,0.20799999999999996,0.11199999999999997,0.68,0.0,0.0,0.007563357224005927,0.007563357224005927,hold,False,False,False,False,0.41471740143184355,0.05780530725027328,0.5056375089432663,0.011056344438895582,9.902075931988996e-05,0.00021827399659279934,0.78,0.78,0.84,0.98,0.98,142138467.69430184,144614805.3727575,10
2018-09-19,0.68,0.20799999999999996,0.11199999999999997,0.68,0.0,0.0,-0.003635606840717727,-0.003635606840717727,hold,False,False,False,False,0.4239850620678402,0.05562261491400601,0.5119504735460509,-0.005467762644488672,0.000396498834300818,0.0,0.78,0.78,0.84,0.98,0.98,141621708.1088233,144089042.7970752,10
2018-09-20,0.68,0.20799999999999996,0.11199999999999997,0.68,0.0,0.0,0.001676915270040583,0.001676915270040583,hold,False,False,False,False,0.40088624024773667,0.053519931378039884,0.5043720941192904,0.002781082388954692,-0.0010889617430664966,0.0001096722152609253,0.78,0.78,0.84,0.98,0.98,141859195.7137202,144330667.91318718,10
2018-09-21,0.68,0.20799999999999996,0.11199999999999997,0.68,0.0,0.0,0.0007183184478051779,0.0007183184478051779,hold,False,False,False,False,0.39711195017684275,0.05223052552457038,0.5100186857950485,0.0013596962457043116,-0.0009917067272776636,0.0,0.78,0.78,0.84,0.98,0.98,141961095.7909922,144434343.29453328,10
2018-09-24,0.68,0.20799999999999996,0.11199999999999997,0.68,0.0,0.0,0.0011610738536360222,0.0011610738536360222,hold,False,False,False,False,0.3914653147443293,0.051910272092271545,0.5162628993739866,0.0007057898678031194,0.003274695882355294,0.0,0.78,0.78,0.84,0.98,0.98,142125923.10754862,144602042.23409966,10
2018-09-25,0.68,0.20799999999999996,0.11199999999999997,0.68,0.0,0.0,0.005781005777585972,0.005781005777585972,hold,False,False,False,False,0.3910769712317108,0.051263327567377906,0.5143686414527774,0.008465590078300611,0.0,0.0002178975387638893,0.78,0.78,0.84,0.98,0.98,142947553.8901781,145437987.47570574,10
2018-09-26,0.68,0.20799999999999996,0.11199999999999997,0.68,0.0,0.0,-4.354953103001427e-05,-4.354953103001427e-05,hold,False,False,False,False,0.384982356532523,0.05064162113634566,0.5118175900434923,-0.00021520448087086752,0.0004941803652027676,0.0,0.78,0.78,0.84,0.98,0.98,142941328.5912443,145431653.71955723,10
2018-09-27,0.68,0.20799999999999996,0.11199999999999997,0.68,0.0,0.0,0.0008709276654377761,0.0008709276654377761,hold,False,False,False,False,0.3654932503432847,0.050956858865841684,0.48522806266836166,0.00204565815949187,-0.002535975433776705,6.574113579338459e-05,0.78,0.78,0.84,0.98,0.98,143065820.14884886,145558314.17021194,10
2018-09-28,0.68,0.20799999999999996,0.11199999999999997,0.74,0.0,0.0,-0.0009849805288196533,-0.0009849805288196533,hold,False,False,False,False,0.340630408155234,0.0513050100893807,0.4640611948710207,-0.0022564653450694028,0.002582391574651677,0.000109629091964214,0.78,0.78,0.84,0.98,0.98,142924903.1016626,145414942.06494647,10
2018-10-01,0.68,0.20799999999999996,0.11199999999999997,0.74,0.0,0.0,-0.0008129114607458765,-0.0008129114607458765,hold,False,False,False,False,0.31482533535160967,0.05169477858149016,0.4478951261096036,0.0010768306703163866,-0.007428636137312594,0.0,0.78,0.78,0.84,0.98,0.98,142808717.80990526,145296732.59197816,10
2018-10-02,0.68,0.20799999999999996,0.11199999999999997,0.74,0.0,0.0,-0.013570152015067186,-0.013570152015067186,hold,False,False,False,False,0.30265755370854097,0.052563754470409695,0.43339406608429704,-0.01919860773869375,-0.0025941025474701673,0.00021852300998537189,0.78,0.78,0.84,0.98,0.98,140870781.80014804,143325033.84341246,10
2018-10-03,0.68,0.20799999999999996,0.11199999999999997,0.74,0.0,0.0,-0.008801680812344581,-0.008801680812344581,hold,False,False,False,False,0.275969269429138,0.05380174218490374,0.4230637171487398,-0.012227103981471976,-0.0024013415004078276,0.00010918684947491819,0.76,0.78,0.84,0.98,0.98,139630882.1429577,142063532.64310429,11
2018-10-04,0.68,0.20799999999999996,0.11199999999999997,0.74,0.0,0.0,-0.004068510408822215,-0.004068510408822215,hold,False,False,False,False,0.33037270795888507,0.05794003249243161,0.4451214189163816,-0.006105871120157369,0.0004013555427153648,0.0,0.76,0.78,0.84,0.98,0.98,139062792.44556606,141485545.68183175,11
2018-10-05,0.68,0.20799999999999996,0.11199999999999997,0.68,0.0,0.0,0.0025865419621275464,0.0025865419621275464,hold,False,False,False,False,0.43068072268058954,0.15210204701783592,0.4058903864159409,0.0032392506912510832,0.0019042263659891923,-0.00010917492900841541,0.76,0.78,0.84,0.98,0.98,139422484.19359714,141851503.98277232,11
2018-10-08,0.68,0.20799999999999996,0.11199999999999997,0.6,0.0,0.0,-0.029777428854216092,-0.029777428854216092,hold,False,False,False,False,0.517867897962705,0.27397885457547255,0.34668372505413175,-0.04397958841727523,0.0005010674976082541,0.00021847526811202833,0.76,0.78,0.84,0.98,0.98,135270841.08984423,137627530.91506177,11
2018-10-09,0.68,0.20799999999999996,0.11199999999999997,0.78,0.0,0.0,-0.007568882245860917,-0.007568882245860917,hold,True,False,False,False,0.5777701608949719,0.3658676659275779,0.29580535982630873,-0.012402823126156926,0.004099507169736283,0.00011017846982719348,0.76,0.78,0.84,0.98,0.98,134246992.02233663,136585844.33977708,11
2018-10-10,0.98,0.013000000000000012,0.007000000000000005,0.98,0.5999999999999999,0.0005999999999999998,0.027257855267324237,0.026657855267324237,tier_force,True,True,True,False,0.6600696170787378,0.4521202835956228,0.25653781024847255,0.027829986041821186,-0.0011946964354250245,0.0,0.76,0.78,0.84,0.98,0.98,137825728.90574172,140308881.516356,11
2018-10-11,0.78,0.143,0.07699999999999999,0.78,0.3999999999999999,0.0003999999999999999,-0.009347218411690955,-0.009747218411690954,scheduled,True,False,False,False,0.7218577403173121,0.5160846665289762,0.2226357050957375,-0.012103928011407139,0.0005979255822186058,0.00010833868765391941,0.76,0.78,0.84,0.98,0.98,136482311.42334694,138997383.75572255,11
2018-10-12,0.78,0.143,0.07699999999999999,0.78,0.0,0.0,0.0226861070479411,0.0226861070479411,hold,True,False,False,False,0.7719088366884941,0.5749619202340718,0.1944921114033452,0.02909215075572069,-9.95033421793412e-05,0.00010984982351436301,0.76,0.78,0.84,0.98,0.98,139578563.75044745,142150693.28298864,11
2018-10-15,0.78,0.143,0.07699999999999999,0.78,0.0,0.0,-0.00010530511801391693,-0.00010530511801391693,hold,True,False,False,False,0.8095038727863844,0.6245862002303212,0.1682594305454888,0.00039485958048945946,-0.002890178956613254,0.0,0.76,0.78,0.84,0.98,0.98,139563865.4133195,142135724.0874567,11
2018-10-16,0.78,0.143,0.07699999999999999,0.42,0.0,0.0,-0.017824913634630603,-0.017824913634630603,hold,False,False,False,False,0.8371843461650771,0.6653577384622973,0.14835322628287503,-0.02318231980140384,0.0017992714018488787,0.0,0.76,0.78,0.84,0.98,0.98,137076151.56581184,139602167.08120212,11
2018-10-17,0.78,0.143,0.07699999999999999,0.42,0.0,0.0,-0.0008832561581530049,-0.0008832561581530049,hold,False,False,False,False,0.8571162286742152,0.7086880472588736,0.12431303120224453,-0.0009236041361121439,-0.0011974818667032094,0.00010902564874060161,0.76,0.78,0.84,0.98,0.98,136955078.21080545,139478862.60743615,11
2018-10-18,0.30000000000000004,0.455,0.245,0.30000000000000004,0.9600000000000001,0.0009600000000000001,0.0016872914885012061,0.000727291488501206,scheduled,False,False,False,False,0.8762518453108983,0.7325451270885354,0.1024496800078807,0.0051435061153388695,0.0001993921698686396,0.00021843353718087322,0.76,0.78,0.84,0.98,0.98,137054684.4734952,139714204.1051395,11
2018-10-19,0.30000000000000004,0.455,0.245,0.30000000000000004,0.0,0.0,7.759550745870306e-05,7.759550745870306e-05,hold,False,False,False,False,0.8910402735700992,0.7505966256370404,0.08657247708182642,-0.003679829940195223,0.002596801075862132,0.0,0.76,0.78,0.84,0.98,0.98,137065319.30128652,139725045.29970622,11
2018-10-22,0.30000000000000004,0.455,0.245,0.30000000000000004,0.0,0.0,-0.011255772618147914,-0.011255772618147914,hold,False,False,False,False,0.9026244476907541,0.7705799243000561,0.07361188090964325,-0.04576704412110921,0.005379260419280163,0.0001092943976015448,0.76,0.78,0.84,0.98,0.98,135522543.2333974,138152331.9607523,11
2018-10-23,0.30000000000000004,0.455,0.245,0.30000000000000004,0.0,0.0,0.009323313824336347,0.009323313824336347,hold,False,False,False,False,0.9108313549662448,0.7659975114638369,0.06682005354785026,0.03459582927063076,-0.0023782631166267,0.00010887657637659309,0.76,0.78,0.84,0.98,0.98,136786062.43423453,139440369.5071863,11
2018-10-24,0.30000000000000004,0.455,0.245,0.30000000000000004,0.0,0.0,-0.005656166404076901,-0.005656166404076901,hold,False,False,False,False,0.9183723680008067,0.7178358981681365,0.07220749392030018,-0.025721795585113116,0.004469452714463307,0.00010927055663767504,0.76,0.78,0.84,0.98,0.98,136012377.70334804,138651671.5738077,11
2018-10-25,0.30000000000000004,0.455,0.245,0.30000000000000004,0.0,0.0,-0.006219365575348588,-0.006219365575348588,hold,False,False,False,False,0.9237186850479703,0.6826091063504214,0.07768673955024039,-0.02058107146987731,-9.899809755031796e-05,0.0,0.76,0.78,0.84,0.98,0.98,135166467.00363854,137789346.140657,11
2018-10-26,0.30000000000000004,0.455,0.245,0.30000000000000004,0.0,0.0,0.0039540637218779505,0.0039540637218779505,hold,False,False,False,False,0.9276981339880422,0.6499817783514085,0.08336506601042659,0.016479375623289938,-0.0021752724507890786,0.0,0.76,0.78,0.84,0.98,0.98,135700923.82723203,138334173.99549308,11
2018-10-29,0.30000000000000004,0.455,0.245,0.30000000000000004,0.0,0.0,0.0059513462975344066,0.0059513462975344066,hold,False,False,False,False,0.9310196642598954,0.6053896770776943,0.09746763431431504,0.023505975249900724,-0.0024775040614039012,0.00010946151225699197,0.76,0.78,0.84,0.98,0.98,136508527.01782322,139157448.56972367,11
2018-10-30,0.30000000000000004,0.455,0.245,0.30000000000000004,0.0,0.0,0.004400288563097584,0.004400288563097584,hold,False,False,False,False,0.933356099912632,0.5802375793738063,0.10905267271464786,0.013190250097760758,0.0008563361909754708,0.00021869619132863782,0.76,0.78,0.84,0.98,0.98,137109203.92802507,139769781.49913487,11
2018-10-31,0.30000000000000004,0.455,0.245,0.30000000000000004,0.0,0.0,-0.007207250916131516,-0.007207250916131516,hold,False,False,False,False,0.9341800545074854,0.5745829160767066,0.11456443959751092,-0.015576162824886386,-0.005570114436627693,0.0,0.76,0.78,0.84,0.98,0.98,136121023.49240473,138762425.61337772,11
2018-11-01,0.30000000000000004,0.455,0.245,0.30000000000000004,0.0,0.0,-0.00044414313458214684,-0.00044414313458214684,hold,False,False,False,False,0.9317469629957016,0.6034225591149676,0.10970900320997706,-0.002479479291390474,0.00059992509859641,0.00010912135907603648,0.76,0.78,0.84,0.98,0.98,136060566.2743483,138700795.23470357,11
2018-11-02,0.30000000000000004,0.455,0.245,0.30000000000000004,0.0,0.0,0.001772316054506152,0.001772316054506152,hold,False,False,False,False,0.9313440563763482,0.6340545633308008,0.10284060629362735,0.0075757468084278745,-0.0010997977758729904,0.0,0.76,0.78,0.84,0.98,0.98,136301708.60034153,138946616.88087082,11
2018-11-05,0.30000000000000004,0.455,0.245,0.30000000000000004,0.0,0.0,0.009437163856387484,0.009437163856387484,hold,False,False,False,False,0.9322819786135332,0.6496692094933489,0.09894760430130511,0.03136744430288285,0.0,0.00010992067560255947,0.76,0.78,0.84,0.98,0.98,137588010.15830854,140257878.87166628,11
2018-11-06,0.30000000000000004,0.455,0.245,0.30000000000000004,0.0,0.0,-0.002524447539111978,-0.002524447539111978,hold,False,False,False,False,0.9336880644309504,0.6607414291146665,0.10009446878277248,-0.006378678907641766,-0.0014012587796147224,0.00010909746083775929,0.76,0.78,0.84,0.98,0.98,137240676.44465306,139903805.21450764,11
2018-11-07,0.30000000000000004,0.455,0.245,0.30000000000000004,0.0,0.0,-0.0032237332229698617,-0.0032237332229698617,hold,False,False,False,False,0.9099855601897824,0.6977792513107368,0.09939377869743207,-0.016852245236254948,0.003908820355648768,0.00021806973912830152,0.76,0.78,0.84,0.98,0.98,136798249.11645558,139452792.66961774,11
2018-11-08,0.30000000000000004,0.455,0.245,0.30000000000000004,0.0,0.0,-0.007741385345040534,-0.007741385345040534,hold,False,False,False,False,0.9007795266889772,0.7284605909917389,0.09754176017654866,-0.030258502278761146,0.0029949160685480702,-0.00010825090857780051,0.76,0.78,0.84,0.98,0.98,135739241.15551826,138373234.8641202,11
2018-11-09,0.30000000000000004,0.455,0.245,0.30000000000000004,0.0,0.0,0.0006412480122338216,0.0006412480122338216,hold,False,False,False,False,0.9096159534590871,0.7554089368254258,0.09244835508868929,0.0008415198562785609,0.0007961927724491336,0.0001082626281057042,0.76,0.78,0.84,0.98,0.98,135826283.67409134,138461966.42592317,11
2018-11-12,0.30000000000000004,0.455,0.245,0.30000000000000004,0.0,0.0,-0.0013649446367691182,-0.0013649446367691182,hold,False,False,False,False,0.9185974118811957,0.7628189686025638,0.09310708806086493,-0.0076289554866680875,0.002088491168863449,-0.00010825090857780051,0.76,0.78,0.84,0.98,0.98,135640888.3166581,138272973.5074536,11
2018-11-13,0.30000000000000004,0.455,0.245,0.30000000000000004,0.0,0.0,0.005644567746761196,0.005644567746761196,hold,False,False,False,False,0.9253195783274675,0.7666975046917127,0.09466066204500755,0.017493640341313732,0.0006950155020963855,0.0003275248608702874,0.76,0.78,0.84,0.98,0.98,136406522.49999234,139053464.67396253,11
2018-11-14,0.30000000000000004,0.455,0.245,0.30000000000000004,0.0,0.0,0.0003724207725402761,0.0003724207725402761,hold,False,False,False,False,0.9293796085400361,0.7435369855745975,0.1043633928784845,-0.0035097975458942,0.0030742195489474877,0.00010853118994869071,0.76,0.78,0.84,0.98,0.98,136457323.12248132,139105251.0727008,11
2018-11-15,0.30000000000000004,0.455,0.245,0.30000000000000004,0.0,0.0,-0.009094962510768806,-0.009094962510768806,hold,False,False,False,False,0.9314104536982609,0.7496239593449698,0.10292959268890081,-0.03247734911396438,0.001483141712992131,-0.00010851941220779704,0.76,0.78,0.84,0.98,0.98,135216248.8843625,137840094.0291435,11
2018-11-16,0.30000000000000004,0.455,0.245,0.30000000000000004,0.0,0.0,-0.00540474622599295,-0.00540474622599295,hold,False,False,False,False,0.9328636616328533,0.7550602651679461,0.1016312197213643,-0.017894821174777698,-0.00019736903909373105,0.00021837975195104775,0.76,0.78,0.84,0.98,0.98,134485439.3735118,137095103.30114898,11
2018-11-19,0.30000000000000004,0.455,0.245,0.30000000000000004,0.0,0.0,0.002244159755056032,0.002244159755056032,hold,False,False,False,False,0.9333605058386307,0.7192613644185621,0.11530377234259793,0.007602343710629622,-0.00019776938896665097,0.00021812944427335168,0.76,0.78,0.84,0.98,0.98,134787246.18419483,137402766.61459264,11
2018-11-20,0.30000000000000004,0.455,0.245,0.30000000000000004,0.0,0.0,-0.0019002645677852806,-0.0019002645677852806,hold,False,False,False,False,0.9328137380923615,0.670446091876396,0.1326941507432901,-0.007233421624355807,0.0005928833396076083,0.0,0.76,0.78,0.84,0.98,0.98,134531114.75608167,137141665.00567928,11
2018-11-21,0.30000000000000004,0.455,0.245,0.30000000000000004,0.0,0.0,0.0066015726960210125,0.0066015726960210125,hold,False,False,False,False,0.9331539029662151,0.6770323268623317,0.127504489932271,0.023114108369486353,-0.0007898620938353584,0.00010909158314365008,0.76,0.78,0.84,0.98,0.98,135419231.69002065,138047015.6768676,11
2018-11-23,0.30000000000000004,0.455,0.245,0.30000000000000004,0.0,0.0,0.0014624443488914628,0.0014624443488914628,hold,False,False,False,False,0.932318364440228,0.6672032529153799,0.1270727978004606,0.003376526599373264,0.000987882129845019,0.0,0.76,0.78,0.84,0.98,0.98,135617274.78013697,138248901.7548256,11
2018-11-26,0.30000000000000004,0.455,0.245,0.30000000000000004,0.0,0.0,0.00963683027992623,0.00963683027992623,hold,False,False,False,False,0.9307988739451956,0.7023807085892522,0.11185197166812724,0.032183035929431725,-9.869071818757735e-05,0.00010948480764105817,0.76,0.78,0.84,0.98,0.98,136924195.44021925,139581182.957423,11
2018-11-27,0.30000000000000004,0.455,0.245,0.30000000000000004,0.0,0.0,0.0002161565352623583,0.0002161565352623583,hold,False,False,False,False,0.9276280139715367,0.7364794200478654,0.09791342485293189,-0.0032601447259800187,0.002565941027153018,0.0001089664722520034,0.76,0.78,0.84,0.98,0.98,136953792.49989918,139611354.3423189,11
2018-11-28,0.30000000000000004,0.455,0.245,0.30000000000000004,0.0,0.0,0.003099451677005896,0.003099451677005896,hold,False,False,False,False,0.9178705472373139,0.762862684713137,0.08772428714977547,0.007255587931885632,0.0019691370951580023,0.00010946089446250973,0.76,0.78,0.84,0.98,0.98,137378274.16173533,140044072.98866427,11
2018-11-29,0.30000000000000004,0.455,0.245,0.30000000000000004,0.0,0.0,0.00622929893841792,0.00622929893841792,hold,False,False,False,False,0.9166298254298546,0.7824618449093941,0.08032395602092722,0.01747656913581852,0.002185418134377004,-3.280429987417843e-05,0.76,0.78,0.84,0.98,0.98,138234044.4991327,140916449.38386428,11
2018-11-30,0.30000000000000004,0.455,0.245,0.30000000000000004,0.0,0.0,-0.009379223685719723,-0.009379223685719723,hold,False,False,False,False,0.9013818110501304,0.8016405041940942,0.07365304212761142,-0.038356647715776404,0.004617483000849187,0.00010945250459926115,0.76,0.78,0.84,0.98,0.98,136937516.47479358,139594762.4840956,11
2018-12-03,0.30000000000000004,0.455,0.245,0.30000000000000004,0.0,0.0,0.003328478676942438,0.003328478676942438,hold,False,False,False,False,0.8695173871126425,0.828623605428852,0.06457700673863091,0.007059990063209565,0.0025425947341315425,0.00021877981203966002,0.76,0.78,0.84,0.98,0.98,137393310.07845342,140059400.67443678,11
2018-12-04,0.30000000000000004,0.455,0.245,0.30000000000000004,0.0,0.0,-0.008546556779170912,-0.008546556779170912,hold,False,False,False,False,0.8840540723209569,0.8232411942879999,0.06841687362641527,-0.03301574212778502,0.0029262267918830354,0.00010911293411353107,0.76,0.78,0.84,0.98,0.98,136219070.35278967,138862375.05411604,11
2018-12-06,0.30000000000000004,0.455,0.245,0.30000000000000004,0.0,0.0,0.0034339579004259027,0.0034339579004259027,hold,False,False,False,False,0.8938744780573986,0.8191535515446031,0.07110709222243142,0.010472366058324134,0.0005835022746021323,0.0001092022366722123,0.76,0.78,0.84,0.98,0.98,136686840.90561628,139339222.60400504,11
2018-12-07,0.30000000000000004,0.455,0.245,0.30000000000000004,0.0,0.0,-0.00018320681778149486,-0.00018320681778149486,hold,False,False,False,False,0.9026665730143892,0.7973571014308236,0.08119388801435747,0.003311242674189696,-0.0025270944909695503,-0.0001091903128459526,0.76,0.78,0.84,0.98,0.98,136661798.94446138,139313694.70843962,11
2018-12-10,0.30000000000000004,0.455,0.245,0.30000000000000004,0.0,0.0,0.0014525990063001802,0.0014525990063001802,hold,False,False,False,False,0.9092407407511255,0.7776961316000185,0.08976206605151194,0.008801491090872915,-0.0027282580591893035,0.00021840447334464663,0.76,0.78,0.84,0.98,0.98,136860313.7378073,139516061.6429371,11
2018-12-11,0.30000000000000004,0.455,0.245,0.30000000000000004,0.0,0.0,0.0003842832056877988,0.0003842832056877988,hold,False,False,False,False,0.9139955723396674,0.7704705508345293,0.09190016556436215,0.0003027281421745798,0.0005859711999793848,0.00010958313079512116,0.76,0.78,0.84,0.98,0.98,136912906.8579019,139569675.32235017,11
2018-12-12,0.30000000000000004,0.455,0.245,0.30000000000000004,0.0,0.0,-0.006566877970395783,-0.006566877970395783,hold,False,False,False,False,0.9164731147968572,0.772246759001772,0.08795107102727688,-0.024348713300230473,0.001562506965924193,0.0001093687762361295,0.76,0.78,0.84,0.98,0.98,136013816.5059939,138653138.29614055,11
2018-12-13,0.30000000000000004,0.455,0.245,0.30000000000000004,0.0,0.0,-0.005440559756695523,-0.005440559756695523,hold,False,False,False,False,0.9157344909819813,0.7815155119270505,0.08264024871222381,-0.022659716148525133,0.002924640389059485,0.00010874984016306932,0.76,0.78,0.84,0.98,0.98,135273825.2095568,137898787.61178702,11
2018-12-14,0.30000000000000004,0.455,0.245,0.30000000000000004,0.0,0.0,0.0030082301051424327,0.0030082301051424327,hold,False,False,False,False,0.9170434171194473,0.7747542478569166,0.08438916890049132,0.006288435159143457,0.0024652737525261426,0.0,0.76,0.78,0.84,0.98,0.98,135680760.00298998,138313618.89614344,11
2018-12-17,0.30000000000000004,0.455,0.245,0.30000000000000004,0.0,0.0,-0.005801398708683415,-0.005801398708683415,hold,False,False,False,False,0.9178157749946891,0.754656759778409,0.09179638170007003,-0.024555136226819485,0.003498750914135318,-0.00010934492477199242,0.76,0.78,0.84,0.98,0.98,134893621.81711543,137511206.44608602,11
2018-12-18,0.30000000000000004,0.455,0.245,0.30000000000000004,0.0,0.0,-0.004867893198786746,-0.004867893198786746,hold,False,False,False,False,0.9182416702193007,0.7396373032723692,0.09701899260846365,-0.01449526706194415,-0.001259334268186696,0.00021911841559774103,0.76,0.78,0.84,0.98,0.98,134236974.0729122,136841816.57947016,11
2018-12-19,0.30000000000000004,0.455,0.245,0.30000000000000004,0.0,0.0,-0.008847283356075243,-0.008847283356075243,hold,False,False,False,False,0.9193097676993895,0.7279724879273644,0.098846916255771,-0.03099349007090213,0.0008728917631883881,0.00021876699161094137,0.76,0.78,0.84,0.98,0.98,133049341.52642702,135631138.2532315,11
2018-12-20,0.30000000000000004,0.455,0.245,0.30000000000000004,0.0,0.0,-0.00626653304407989,-0.00626653304407989,hold,False,False,False,False,0.9199638766170657,0.7177679281492113,0.10342286249700869,-0.024798000459766656,0.002518762280885989,0.0001095112491713568,0.76,0.78,0.84,0.98,0.98,132215583.4312586,134781201.24356145,11
2018-12-21,0.30000000000000004,0.455,0.245,0.30000000000000004,0.0,0.0,0.016550518905717237,0.016550518905717237,hold,False,False,False,False,0.9202400931806204,0.6617414904042593,0.1295027716472497,0.06243924612126328,-0.004735005741775544,-0.00010949925777092862,0.76,0.78,0.84,0.98,0.98,134403819.94446808,137011900.06287828,11
2018-12-24,0.30000000000000004,0.455,0.245,0.30000000000000004,0.0,0.0,0.002389881610819921,0.002389881610819921,hold,False,False,False,False,0.9194888576187817,0.6170893387332442,0.15084285098338987,0.0038697802911769053,0.0025242985744564628,0.0003281292738332997,0.76,0.78,0.84,0.98,0.98,134725029.16217732,137339342.28330204,11
2018-12-26,0.30000000000000004,0.455,0.245,0.30000000000000004,0.0,0.0,0.0023379694615921955,0.0023379694615921955,hold,False,False,False,False,0.9190198432146108,0.5832930415452904,0.16662074588061837,-0.0005226667456594836,0.0054241704657598255,0.00010927315660946846,0.76,0.78,0.84,0.98,0.98,135040012.1660706,137660437.47143555,11
2018-12-27,0.30000000000000004,0.455,0.245,0.30000000000000004,0.0,0.0,0.0042657223807010545,0.0042657223807010545,hold,False,False,False,False,0.9169604138090162,0.557947850469823,0.17832856777244577,0.008432578195768148,0.00375649381739529,0.00010916014308470778,0.76,0.78,0.84,0.98,0.98,135616055.36825755,138247658.68049455,11
2018-12-28,0.30000000000000004,0.455,0.245,0.30000000000000004,0.0,0.0,0.002139805019737205,0.002139805019737205,hold,False,False,False,False,0.9142440636123679,0.5404234805707959,0.1840440738948745,0.0040196978960513885,0.0021112900371245136,-0.0001091482284484302,0.76,0.78,0.84,0.98,0.98,135906247.2842915,138543481.71450597,11
2018-12-31,0.30000000000000004,0.455,0.245,0.30000000000000004,0.0,0.0,-0.006104147641415353,-0.006104147641415353,hold,False,False,False,False,0.911615051266958,0.5240137188990163,0.19075302898757107,-0.03267066288449394,0.007948670717585316,0.00032818794870004275,0.76,0.78,0.84,0.98,0.98,135076655.4854775,137697791.8473649,11
2019-01-02,0.30000000000000004,0.455,0.245,0.30000000000000004,0.0,0.0,0.009187716349101654,0.009187716349101654,hold,False,False,False,False,0.9145860265474093,0.5025680216178072,0.21497860664731216,0.042784705354353525,-0.008075835127852704,0.00010942745293296419,0.76,0.78,0.84,0.98,0.98,136317701.48146337,138962920.10075614,11
2019-01-03,0.30000000000000004,0.455,0.245,0.30000000000000004,0.0,0.0,0.002307862002055512,0.002307862002055512,hold,False,False,False,False,0.9179966740891763,0.4774809180595229,0.2383564038517498,0.011905700995200386,-0.0027776885637463833,0.0,0.76,0.78,0.84,0.98,0.98,136632303.92492,139283627.34375134,11
2019-01-04,0.30000000000000004,0.455,0.245,0.30000000000000004,0.0,0.0,0.0015773001375113632,0.0015773001375113632,hold,False,False,False,False,0.903422408035802,0.4959912137300192,0.2394655854559623,0.009045663332487797,-0.002497579916999948,0.0,0.76,0.78,0.84,0.98,0.98,136847814.0766893,139503319.42831373,12
2019-01-07,0.30000000000000004,0.455,0.245,0.30000000000000004,0.0,0.0,0.0027075772209636177,0.0027075772209636177,hold,False,False,False,False,0.8864556072141283,0.5200472058014235,0.22952768039346597,0.008148874754970281,0.0005778347131264461,0.0,0.76,0.78,0.84,0.98,0.98,137218340.100822,139881035.43824667,12
2019-01-08,0.30000000000000004,0.455,0.245,0.30000000000000004,0.0,0.0,0.0006660173944297333,0.0006660173944297333,hold,False,False,False,False,0.8729650592793191,0.5732307980357543,0.20524056978488472,0.0028608023131007077,-0.00048122161544372766,0.00010911238990374272,0.76,0.78,0.84,0.98,0.98,137309729.90216392,139974198.64099938,12
2019-01-09,0.42,0.37700000000000006,0.203,0.42,0.23999999999999988,0.0002399999999999999,-0.00036691646648775083,-0.0006069164664877508,scheduled,False,False,False,False,0.8597670395664249,0.6148228761508334,0.18704838674510024,-0.003658448347145682,0.0029848701019166146,0.0002184030093146383,0.76,0.78,0.84,0.98,0.98,137226394.3660773,139922839.80263457,12
2019-01-10,0.42,0.37700000000000006,0.203,0.42,0.0,0.0,-0.003950756199200674,-0.003950756199200674,hold,False,False,False,False,0.8465682834008241,0.6544038184763081,0.1678515821897779,-0.008837014586592695,-0.0005758846551318086,-0.00010887466919728972,0.76,0.78,0.84,0.98,0.98,136684246.33784157,139370038.77587453,12
2019-01-11,0.42,0.37700000000000006,0.203,0.42,0.0,0.0,0.007883585370251772,0.007883585370251772,hold,False,False,False,False,0.8458689115657586,0.6847198126257787,0.15425040159377662,0.019526805795287316,-0.0009603316430457642,0.000218581111622429,0.76,0.78,0.84,0.98,0.98,137761808.26261446,140468774.37461942,12
2019-01-14,0.42,0.37700000000000006,0.203,0.42,0.0,0.0,-0.00027314261409589694,-0.00027314261409589694,hold,False,False,False,False,0.8572006957392527,0.7071987459547229,0.14384941695691755,-0.00018482431171129576,-0.0005771207874912809,0.00010866075717763657,0.76,0.78,0.84,0.98,0.98,137724179.642183,140430406.36638787,12
2019-01-15,0.42,0.37700000000000006,0.203,0.78,0.0,0.0,0.0026667400145839893,0.0026667400145839893,hold,True,False,False,False,0.8168534604207154,0.7247178437152703,0.13583517757257788,0.00788421408892992,-0.0018275526571827072,0.0002185096009423848,0.76,0.78,0.84,0.98,0.98,138091454.22301057,140804897.7503094,12
2019-01-16,0.78,0.143,0.07699999999999999,0.78,0.7200000000000002,0.0007200000000000003,0.0072673107780811905,0.00654731077808119,scheduled,True,False,False,False,0.7919679841023293,0.7277204259178215,0.13479651547951077,0.009900075355185889,-0.0031800559368098114,0.0,0.76,0.78,0.84,0.98,0.98,138995581.8896058,141828170.70133683,12
2019-01-17,0.78,0.143,0.07699999999999999,0.78,0.0,0.0,-0.015117216479460915,-0.015117216479460915,hold,True,False,False,False,0.7483139798508291,0.7293022830926448,0.13471110929288502,-0.020029848522948313,0.003479938926864712,0.00010953379087164095,0.76,0.78,0.84,0.98,0.98,136894355.58849198,139684123.54195878,12
2019-01-18,0.78,0.143,0.07699999999999999,0.84,0.0,0.0,0.0009424124336791394,0.0009424124336791394,hold,True,True,False,False,0.7107917186220143,0.7415513578496647,0.13008302186929582,0.0012965953159718158,-0.0004820413481040342,0.0,0.76,0.78,0.84,0.98,0.98,137023366.53129908,139815763.5967723,12
2019-01-22,0.78,0.143,0.07699999999999999,0.78,0.0,0.0,0.0055310825005805185,0.0055310825005805185,hold,True,False,False,False,0.7463854340165595,0.7470857959444873,0.12720988418091334,0.006475566170244251,0.0031811979432352366,0.00032765690788783,0.76,0.78,0.84,0.98,0.98,137781254.07609096,140589096.12010774,12
2019-01-23,0.78,0.143,0.07699999999999999,0.78,0.0,0.0,0.008981621880873978,0.008981621880873978,hold,True,False,False,False,0.7690256861932382,0.7649804059615939,0.11867816415908475,0.011948425481366431,-0.0023058399904464233,-0.00010928410335064864,0.76,0.78,0.84,0.98,0.98,139018753.20247504,141851814.2220324,12
2019-01-24,0.78,0.143,0.07699999999999999,0.78,0.0,0.0,-0.009585113008347782,-0.009585113008347782,hold,True,False,False,False,0.7752535468404967,0.7885494097681139,0.10681493832961184,-0.012352326008843173,0.00028870967048399976,0.00010929604767118128,0.76,0.78,0.84,0.98,0.98,137686242.74274972,140492148.55227506,12
2019-01-25,0.78,0.143,0.07699999999999999,0.78,0.0,0.0,-0.006951270650299449,-0.006951270650299449,hold,True,False,False,False,0.7278612688977628,0.8160053341197504,0.09250295174899067,-0.009441500163933636,0.0028888075354460696,0.0,0.76,0.78,0.84,0.98,0.98,136729148.40462205,139515549.60344613,12
2019-01-28,0.78,0.143,0.07699999999999999,0.78,0.0,0.0,0.020187920068447524,0.020187920068447524,hold,True,False,False,False,0.7379993554800086,0.836465047089056,0.08145958550070134,0.025437994222158755,0.0023039342182955558,0.00021846729801855425,0.76,0.78,0.84,0.98,0.98,139489425.52364147,142332078.36714604,12
2019-01-29,0.78,0.143,0.07699999999999999,0.78,0.0,0.0,0.012332612945838765,0.012332612945838765,hold,True,False,False,False,0.7578355801738302,0.8522240404202669,0.07292168891184897,0.014968096190013602,0.0045978875358612115,0.0,0.76,0.78,0.84,0.98,0.98,141209694.61866194,144087404.79942483,12
2019-01-30,0.78,0.143,0.07699999999999999,0.84,0.0,0.0,-0.0040507255998738,-0.0040507255998738,hold,True,True,False,False,0.7144313411889225,0.8592252733031929,0.06957277920731746,-0.0042218979355010955,-0.005351075093058544,9.816270291462814e-05,0.76,0.78,0.84,0.98,0.98,140637692.89371976,143503746.26018444,12
2019-01-31,0.78,0.143,0.07699999999999999,0.84,0.0,0.0,0.009381649925522706,0.009381649925522706,hold,True,True,False,False,0.6849971009029261,0.8686329820999078,0.06385051984833182,0.012421951081161398,-0.002208979930084065,0.00010924950933555166,0.76,0.78,0.84,0.98,0.98,141957106.4947818,144850048.1705985,12
2019-02-01,0.98,0.013000000000000012,0.007000000000000005,0.98,0.3999999999999999,0.0003999999999999999,0.008692988910474915,0.008292988910474915,tier_force,True,True,True,False,0.6622006656775856,0.8645992494241987,0.06495844046621241,0.008847413404918347,0.0017325979734565955,0.0,0.76,0.78,0.84,0.98,0.98,143134355.2047061,146109228.0330273,12
2019-02-04,0.98,0.013000000000000012,0.007000000000000005,0.98,0.0,0.0,-0.0029103649753291156,-0.0029103649753291156,tier_force,True,True,True,False,0.6044362241066981,0.8383523484110839,0.07743799007355551,-0.002981517726276972,0.0007683718468833867,0.00021908034469042548,0.76,0.78,0.84,0.98,0.98,142717781.990552,145683996.8531876,12
2019-02-05,0.98,0.013000000000000012,0.007000000000000005,0.98,0.0,0.0,-0.013118798841133799,-0.013118798841133799,tier_force,True,True,True,True,0.5499422147152937,0.8195508082579313,0.08827638737375398,-0.013429849552431983,0.0032656707884264335,0.0,0.76,0.78,0.84,0.98,0.98,140845496.11756516,143772797.80409825,12
2019-02-06,0.98,0.013000000000000012,0.007000000000000005,0.98,0.0,0.0,0.001941702347887433,0.001941702347887433,tier_force,True,True,True,True,0.5203509304134635,0.8056342145651436,0.09597584637717815,0.0019619911192287898,0.001340049857826875,0.00021862898449565016,0.76,0.78,0.84,0.98,0.98,141118976.14806598,144051961.7831568,12
2019-02-07,0.98,0.013000000000000012,0.007000000000000005,0.98,0.0,0.0,-0.0009510857132594534,-0.0009510857132594534,tier_force,True,True,True,True,0.5266273411518774,0.7337237495318618,0.1533531652473559,-0.0009494315249148899,-0.0015289517810449516,-0.0001094922413252819,0.76,0.78,0.84,0.98,0.98,140984759.90598175,143914956.02033785,12
2019-02-08,0.98,0.013000000000000012,0.007000000000000005,0.98,0.0,0.0,0.014474621248645687,0.014474621248645687,tier_force,True,True,True,True,0.5328518481855423,0.5897961170819155,0.2752174017893935,0.014786245991890157,-0.0013408280890906399,0.00021870596450179747,0.76,0.78,0.84,0.98,0.98,143025460.9074521,145998070.50074777,12
2019-02-11,0.98,0.013000000000000012,0.007000000000000005,0.98,0.0,0.0,0.0006557534646236885,0.0006557534646236885,tier_force,True,True,True,False,0.5388671645376706,0.4741396243868762,0.3750255922387833,0.0007022015330544473,-0.002492618289974602,0.0,0.76,0.78,0.84,0.98,0.98,143119250.34897155,146093809.241307,12
2019-02-12,0.98,0.013000000000000012,0.007000000000000005,0.78,0.0,0.0,0.0012662052822894133,0.0012662052822894133,hold,True,False,False,False,0.5047722659150976,0.3788202318290705,0.46264834545742994,0.0012280137235083366,0.004709325096354577,0.00021865814266197603,0.76,0.78,0.84,0.98,0.98,143300468.6997607,146278793.99427813,12
2019-02-13,0.98,0.013000000000000012,0.007000000000000005,0.68,0.0,0.0,0.00410864442038428,0.00410864442038428,hold,False,False,False,False,0.46834153209926327,0.30505781192542214,0.5276099086160481,0.004205182080664116,-0.0009564629743502584,0.0,0.76,0.78,0.84,0.98,0.98,143889239.37092248,146879801.5450433,12
2019-02-14,0.68,0.20799999999999996,0.11199999999999997,0.68,0.5999999999999999,0.0005999999999999998,0.0017275361849437994,0.0011275361849437996,scheduled,False,False,False,False,0.45188241433204446,0.24918226210909555,0.5653996755493111,0.0019773126652460338,0.0017234034903186313,0.00021871113026983302,0.76,0.78,0.84,0.98,0.98,144051479.69493723,147133541.71704972,12
2019-02-15,0.68,0.20799999999999996,0.11199999999999997,0.68,0.0,0.0,-0.00015805670725777077,-0.00015805670725777077,hold,False,False,False,False,0.43003620826528394,0.20599194381429597,0.5978531866769344,-0.00017392551651340682,-0.00019128536552237563,0.0,0.76,0.78,0.84,0.98,0.98,144028711.39238104,147110286.27391875,12
2019-02-19,0.68,0.20799999999999996,0.11199999999999997,0.68,0.0,0.0,-0.0030913579804732363,-0.0030913579804732363,hold,False,False,False,False,0.41516929099951627,0.16981272927377072,0.6251809032224819,-0.0036575197317466612,-0.002963621532647953,0.00010882782058274643,0.76,0.78,0.84,0.98,0.98,143583467.08600095,146655515.71643615,12
2019-02-20,0.68,0.20799999999999996,0.11199999999999997,0.68,0.0,0.0,0.005674802114510808,0.005674802114510808,hold,False,False,False,False,0.4082040937989536,0.13882674034057302,0.6440002109374648,0.007400121704450147,0.0029724306922518373,0.00021833724550290867,0.76,0.78,0.84,0.98,0.98,144398274.8486294,147487756.74712846,12
2019-02-21,0.68,0.20799999999999996,0.11199999999999997,0.68,0.0,0.0,0.0021475408259327244,0.0021475408259327244,hold,False,False,False,False,0.40336413959038137,0.11644258821072156,0.6563241680584195,0.0036439803918491,-0.001529445675689023,-0.00010929589269059736,0.76,0.78,0.84,0.98,0.98,144708376.03906107,147804492.72606817,12
2019-02-22,0.68,0.20799999999999996,0.11199999999999997,0.68,0.0,0.0,0.0013347987326874779,0.0013347987326874779,hold,False,False,False,False,0.38865537739822176,0.09739684960434379,0.6589290901043332,0.0010371074334925012,0.002967899999416712,0.00010930783958840173,0.76,0.78,0.84,0.98,0.98,144901532.5960073,148001781.97564444,12
2019-02-25,0.68,0.20799999999999996,0.11199999999999997,0.68,0.0,0.0,-0.0011530907212547496,-0.0011530907212547496,hold,False,False,False,False,0.3782601354422339,0.08262388589548747,0.661030991241558,-0.0006333099529746145,-0.003532174881586636,0.00010939662623221658,0.76,0.78,0.84,0.98,0.98,144734447.98327523,147831122.49411917,12
2019-02-26,0.68,0.20799999999999996,0.11199999999999997,0.68,0.0,0.0,-0.002080228955680017,-0.002080228955680017,hold,False,False,False,False,0.37282554826901615,0.07147458221077875,0.6614137773782962,-0.002304020116907779,-0.002586417683459352,0.00021856787479301865,0.76,0.78,0.84,0.98,0.98,144433367.19369605,147523599.9125562,12
2019-02-27,0.68,0.20799999999999996,0.11199999999999997,0.68,0.0,0.0,0.00404109319552083,0.00404109319552083,hold,False,False,False,False,0.3789061793816556,0.06396514227512323,0.6589772154894116,0.0069285757015196126,-0.003281666761133062,0.00010936075717116189,0.76,0.78,0.84,0.98,0.98,145017035.89106867,148119756.52834156,12
2019-02-28,0.68,0.20799999999999996,0.11199999999999997,0.68,0.0,0.0,0.0007474747606652412,0.0007474747606652412,hold,False,False,False,False,0.39669201777372287,0.05807425393003937,0.6545449424570207,0.00017227883430015467,0.0030894521657138796,-0.00010965086720848838,0.76,0.78,0.84,0.98,0.98,145125432.46526372,148230472.3079024,12
2019-03-01,0.68,0.20799999999999996,0.11199999999999997,0.68,0.0,0.0,0.0006390597135883506,0.0006390597135883506,hold,False,False,False,False,0.4157620508670325,0.05479615413886698,0.6361275412576483,0.0007450096480579038,0.0005777447549180081,0.00010966289183955702,0.76,0.78,0.84,0.98,0.98,145218176.28256938,148325200.43108052,12
2019-03-04,0.68,0.20799999999999996,0.11199999999999997,0.68,0.0,0.0,-0.0032641065700741182,-0.0032641065700741182,hold,False,False,False,False,0.434213472470605,0.05357081547240775,0.62394104603238,-0.005671485168562862,0.002789802084337323,0.00010914741970058373,0.76,0.78,0.84,0.98,0.98,144744168.67927125,147841051.16984588,12
2019-03-05,0.68,0.20799999999999996,0.11199999999999997,0.68,0.0,0.0,-0.007622336396351513,-0.007622336396351513,hold,False,False,False,False,0.43813361716640264,0.049435706527992666,0.617261988862446,-0.012272354343571101,0.003357671401603257,0.0002184723727085558,0.76,0.78,0.84,0.98,0.98,143640879.9341876,146714156.9446391,12
2019-03-06,0.68,0.20799999999999996,0.11199999999999997,0.68,0.0,0.0,-0.0007208744248549703,-0.0007208744248549703,hold,False,False,False,False,0.4510165385333618,0.04693620940880056,0.6170794551696371,-0.001516845609253914,0.0014342608740922635,0.00010941363952232663,0.76,0.78,0.84,0.98,0.98,143537332.89747936,146608394.46113354,12
2019-03-07,0.68,0.20799999999999996,0.11199999999999997,0.68,0.0,0.0,0.013983717760296185,0.013983717760296185,hold,False,False,False,False,0.46094502448498614,0.04645583073788798,0.6238683496504165,0.020797963598597535,-0.0007639302247602897,0.0,0.76,0.78,0.84,0.98,0.98,145544518.4487834,148658524.87056822,12
2019-03-08,0.68,0.20799999999999996,0.11199999999999997,0.68,0.0,0.0,0.0043246010712847055,0.0043246010712847055,hold,False,False,False,False,0.4741338892985836,0.04658882627166797,0.6221978841797982,0.005494338331849091,0.0027701827819457403,0.00010940166948758545,0.76,0.78,0.84,0.98,0.98,146173940.42918664,149301413.68647906,12
2019-03-11,0.68,0.20799999999999996,0.11199999999999997,0.68,0.0,0.0,0.005041919139167223,0.005041919139167223,hold,False,False,False,False,0.4996518868363988,0.045015996228004784,0.6457310741700714,0.007512911396729605,-0.0003802932027734407,0.00010928906757112777,0.76,0.78,0.84,0.98,0.98,146910937.61708406,150054179.34164965,12
2019-03-12,0.68,0.20799999999999996,0.11199999999999997,0.6,0.0,0.0,-0.0014496716539513974,-0.0014496716539513974,hold,False,False,False,False,0.5092012113449791,0.04325451473724712,0.6503714891728987,-0.0016944932172021643,-0.0014298858954515659,0.0,0.76,0.78,0.84,0.98,0.98,146697964.99516514,149836650.05130112,12
2019-03-13,0.68,0.20799999999999996,0.11199999999999997,0.6,0.0,0.0,0.006977969389820587,0.006977969389820587,hold,False,False,False,False,0.5017222077487274,0.04123196163121147,0.6491815326298993,0.009280289719067358,0.0031497337149628546,0.00010917650127240108,0.76,0.78,0.84,0.98,0.98,147721618.9044504,150882205.6088324,12
2019-03-14,0.68,0.20799999999999996,0.11199999999999997,0.68,0.0,0.0,0.0013547619263333443,0.0013547619263333443,hold,False,False,False,False,0.4985685460894081,0.040476023391273576,0.6477227727323703,0.002381892212910408,-0.0013326202767086626,0.0001094664206220397,0.76,0.78,0.84,0.98,0.98,147921746.52943847,151086615.07635245,12
2019-03-15,0.68,0.20799999999999996,0.11199999999999997,0.68,0.0,0.0,0.0021479789542395377,0.0021479789542395377,hold,False,False,False,False,0.48240859457319774,0.04013155606268263,0.6372333468584613,0.003362586115091881,-0.0006662480962641437,0.0,0.76,0.78,0.84,0.98,0.98,148239479.3278581,151411145.94580373,12
2019-03-18,0.68,0.20799999999999996,0.11199999999999997,0.68,0.0,0.0,0.004144111119690947,0.004144111119690947,hold,False,False,False,False,0.4752192430083886,0.03987159076110583,0.6233692498733803,0.00396521045117515,0.006960423138903105,0.0,0.76,0.78,0.84,0.98,0.98,148853800.20251787,152038610.5593629,12
2019-03-19,0.68,0.20799999999999996,0.11199999999999997,0.68,0.0,0.0,0.010567987594758736,0.010567987594758736,hold,False,False,False,False,0.45809306743628797,0.04012032591195818,0.6040225662126846,0.01563207908353781,-0.0004737272564945272,0.00032775970807041865,0.76,0.78,0.84,0.98,0.98,150426885.31649077,153645352.7096786,12
2019-03-20,0.68,0.20799999999999996,0.11199999999999997,0.68,0.0,0.0,-0.013398830395639999,-0.013398830395639999,hold,False,False,False,False,0.44141724253361686,0.04095407090863188,0.5936231618817986,-0.021964360260754212,0.0073891085657349365,0.0,0.76,0.78,0.84,0.98,0.98,148411340.99319068,151586684.68764332,12
2019-03-21,0.68,0.20799999999999996,0.11199999999999997,0.68,0.0,0.0,-0.0007666307183062352,-0.0007666307183062352,hold,False,False,False,False,0.4122305674080943,0.04260694855877707,0.5893959531160037,-0.0019041159764316973,0.00253926993109288,0.0,0.76,0.78,0.84,0.98,0.98,148297564.3002403,151470473.67867556,12
2019-03-22,0.68,0.20799999999999996,0.11199999999999997,0.68,0.0,0.0,0.003003516290194508,0.003003516290194508,hold,False,False,False,False,0.410085449198253,0.044122234346163115,0.6041109180686577,0.004657384919049656,-0.0008446766981423659,0.0001088151647710145,0.76,0.78,0.84,0.98,0.98,148742978.45041224,151925417.71385294,12
2019-03-25,0.68,0.20799999999999996,0.11199999999999997,0.68,0.0,0.0,-0.003749991637009537,-0.003749991637009537,hold,False,False,False,False,0.4160499174739175,0.045889727416863126,0.6105956148725316,-0.006423009060312346,0.002910689912314579,0.00010920555572702106,0.76,0.78,0.84,0.98,0.98,148185193.5251593,151355698.66797683,12
2019-03-26,0.68,0.20799999999999996,0.11199999999999997,0.68,0.0,0.0,0.0016112851019400322,0.0016112851019400322,hold,False,False,False,False,0.4165964480001668,0.04844881956472963,0.6097967089154992,0.0023048454601657387,9.395229262287863e-05,0.00021828671573009828,0.76,0.78,0.84,0.98,0.98,148423962.11981452,151599575.8503343,12
2019-03-27,0.68,0.20799999999999996,0.11199999999999997,0.68,0.0,0.0,0.004817310800806214,0.004817310800806214,hold,False,False,False,False,0.4142589916109249,0.04943446881473531,0.6252897941710251,0.007571019866063011,-0.0015912630197915112,0.0,0.76,0.78,0.84,0.98,0.98,149138966.47563273,152329878.12447575,12
2019-03-28,0.68,0.20799999999999996,0.11199999999999997,0.68,0.0,0.0,0.0075973576140353225,0.0075973576140353225,hold,False,False,False,False,0.42749722818428315,0.05041586815254836,0.638423216946377,0.013247113596584592,-0.006876459890777009,0.00017521451463764492,0.76,0.78,0.84,0.98,0.98,150272028.53813574,153487182.68388978,12
2019-03-29,0.68,0.20799999999999996,0.11199999999999997,0.68,0.0,0.0,0.002919550562348411,0.002919550562348411,hold,False,False,False,False,0.41875173687855927,0.051368728917935175,0.6281215606669074,0.003790665290863693,0.0017024063783572796,-0.00010894966193941702,0.76,0.78,0.84,0.98,0.98,150710755.32355952,153935296.27440783,12
2019-04-01,0.68,0.20799999999999996,0.11199999999999997,0.68,0.0,0.0,0.003271091323444051,0.003271091323444051,hold,False,False,False,False,0.3839655849331656,0.053375684597133356,0.5894207976792167,0.005745755737057268,-0.003116472449424035,0.00010896153326167557,0.76,0.78,0.84,0.98,0.98,151203743.9676481,154438832.68642282,12
2019-04-02,0.68,0.20799999999999996,0.11199999999999997,0.74,0.0,0.0,-5.311981703988226e-06,-5.311981703988226e-06,hold,False,False,False,False,0.337130140736255,0.05373263541311558,0.5386823185004885,-0.00038063660822440504,0.001042043142319038,0.00032835659184149435,0.76,0.78,0.84,0.98,0.98,151202940.77612656,154438012.3101692,12
2019-04-03,0.68,0.20799999999999996,0.11199999999999997,0.74,0.0,0.0,0.0036149013281734474,0.0036149013281734474,hold,False,False,False,False,0.3055197661552973,0.05510653914164248,0.503612330908242,0.005171256284196568,0.00047330314865279277,0.0,0.76,0.78,0.84,0.98,0.98,151749524.4875619,154996290.48598972,12
2019-04-04,0.68,0.20799999999999996,0.11199999999999997,0.74,0.0,0.0,0.001396370365965746,0.001396370365965746,hold,False,False,False,False,0.27985214221731924,0.05597096601617118,0.4878355398449338,0.002545273394687575,-0.0016077670308740633,0.0,0.76,0.78,0.84,0.98,0.98,151961423.02660576,155212722.71285897,12
2019-04-05,0.68,0.20799999999999996,0.11199999999999997,0.74,0.0,0.0,-0.0020009501503343873,-0.0020009501503343873,hold,False,False,False,False,0.25229505042177514,0.05383568741211977,0.45621477917661923,-0.003511092882746536,0.0017997037871337884,0.00010941626972704732,0.76,0.78,0.84,0.98,0.98,151657355.79435563,154902149.79201287,13
2019-04-08,0.68,0.20799999999999996,0.11199999999999997,0.76,0.0,0.0,0.00414091734528723,0.00414091734528723,hold,False,False,False,False,0.23222688354508636,0.05194391542675191,0.43368633824376923,0.005366476284552446,0.002364007075920993,0.0,0.76,0.78,0.84,0.98,0.98,152285356.3695049,155543586.7909089,13
2019-04-09,0.68,0.20799999999999996,0.11199999999999997,0.76,0.0,0.0,-0.002047373085077817,-0.002047373085077817,hold,False,False,False,False,0.21796608636123357,0.05030182869352412,0.4282977232341571,-0.0023724647687177747,-0.0022636809374398936,0.0003281124342657815,0.76,0.78,0.84,0.98,0.98,151973571.4296225,155225131.03775674,13
2019-04-10,0.68,0.20799999999999996,0.11199999999999997,0.76,0.0,0.0,0.001976137135085031,0.001976137135085031,hold,False,False,False,False,0.2095956071789743,0.04652980790731489,0.39254081653656225,0.004323376356965003,-0.0046334557098614,0.0,0.76,0.78,0.84,0.98,0.98,152273892.0476761,155531877.1834989,13
2019-04-11,0.68,0.20799999999999996,0.11199999999999997,0.76,0.0,0.0,0.0003987346128199984,0.0003987346128199984,hold,False,False,False,False,0.20782007255224,0.0450000056054031,0.3872472748965002,0.0001616366374090905,0.0013299455667792337,0.00010886626331907401,0.76,0.78,0.84,0.98,0.98,152334608.91906428,155593893.12632883,13
2019-04-12,0.76,0.156,0.08399999999999999,0.76,0.15999999999999992,0.00015999999999999993,0.002084382825294136,0.001924382825294136,scheduled,False,False,False,False,0.19760837957685895,0.04261651083482721,0.3757941754188743,0.0034435471321849764,-0.003414826892092604,0.0,0.76,0.78,0.84,0.98,0.98,152627759.02416605,155918210.364882,13
2019-04-15,0.76,0.156,0.08399999999999999,0.76,0.0,0.0,0.002696734973351867,0.002696734973351867,hold,False,False,False,False,0.1900078362258204,0.0414224198334332,0.3893288585651515,0.003485215750840931,0.00019000823915038545,0.00021821092149165722,0.76,0.78,0.84,0.98,0.98,153039355.63983083,156338680.4557554,13
2019-04-16,0.76,0.156,0.08399999999999999,0.76,0.0,0.0,0.0013548889682545723,0.0013548889682545723,hold,False,False,False,False,0.18471496289833844,0.040533938878898036,0.39295000893100374,0.0012822694909857546,0.002379306275864135,0.00010943304845945079,0.76,0.78,0.84,0.98,0.98,153246706.97449604,156550502.0092164,13
2019-04-17,0.76,0.156,0.08399999999999999,0.76,0.0,0.0,0.001927557200053942,0.001927557200053942,hold,False,False,False,False,0.1844463188079332,0.03849262033072047,0.37036694084736393,0.002828604861911277,-0.0014242467628117206,0.0,0.76,0.78,0.84,0.98,0.98,153542098.7679093,156852262.05653632,13
2019-04-18,0.76,0.156,0.08399999999999999,0.76,0.0,0.0,0.009947557882812317,0.009947557882812317,hold,False,False,False,False,0.19441119105572513,0.03728180926764166,0.35804159521042117,0.012718003073824757,0.001806894530163472,0.0,0.76,0.78,0.84,0.98,0.98,155069467.68285155,158412559.01239377,13
2019-04-22,0.76,0.156,0.08399999999999999,0.76,0.0,0.0,-0.0017855828445846038,-0.0017855828445846038,hold,False,False,False,False,0.19618585479225972,0.036288582319237844,0.3439289147896718,-0.0031528638687913224,0.0037965483970094915,0.0002182398305157207,0.76,0.78,0.84,0.98,0.98,154792578.3016382,158129700.2646545,13
2019-04-23,0.76,0.156,0.08399999999999999,0.76,0.0,0.0,0.002911306932686274,0.002911306932686274,hold,False,False,False,False,0.20790298914139166,0.03598543505302884,0.33907645249381285,0.004058811695982989,-0.0012295026166107004,0.00021919585631513527,0.76,0.78,0.84,0.98,0.98,155243227.0079761,158590064.35729858,13
2019-04-24,0.76,0.156,0.08399999999999999,0.76,0.0,0.0,0.0010824049676961365,0.0010824049676961365,hold,False,False,False,False,0.2144532748328499,0.03524526337143818,0.3475321693609633,0.0008922702841118735,0.0026504828939082348,-0.00010947356760204752,0.76,0.78,0.84,0.98,0.98,155411263.0480907,158761723.0307862,13
2019-04-25,0.76,0.156,0.08399999999999999,0.76,0.0,0.0,0.0011605013005217834,0.0011605013005217834,hold,False,False,False,False,0.2211831344862917,0.03496606681303106,0.3393240714593785,0.0019412520917188036,-0.002077224844026393,0.0001094855533763095,0.76,0.78,0.84,0.98,0.98,155591618.02097374,158945966.21683648,13
2019-04-26,0.76,0.156,0.08399999999999999,0.76,0.0,0.0,-0.005569368499804464,-0.005569368499804464,hold,False,False,False,False,0.21593965878338658,0.03463230566431058,0.3318617158240653,-0.007748045095339218,0.001987291173546346,0.00010867082833465602,0.76,0.78,0.84,0.98,0.98,154725070.9647341,158060737.55941743,13
2019-04-29,0.76,0.156,0.08399999999999999,0.76,0.0,0.0,-0.002512993221186376,-0.002512993221186376,hold,False,False,False,False,0.1968066249247718,0.03372252586606762,0.31503710557632575,-0.0032182162473177733,-0.00045410429467207525,4.394519933303975e-05,0.76,0.78,0.84,0.98,0.98,154336247.91025215,157663531.9973949,13
2019-04-30,0.76,0.156,0.08399999999999999,0.76,0.0,0.0,-0.003732352806647323,-0.003732352806647323,hold,False,False,False,False,0.19317098177644076,0.03313926264061401,0.3231029469421256,-0.004340148043589176,-0.0028399118106980925,0.00010935653511134902,0.76,0.78,0.84,0.98,0.98,153760210.58219692,157075076.0712385,13
2019-05-01,0.76,0.156,0.08399999999999999,0.76,0.0,0.0,0.01233704110950071,0.01233704110950071,hold,False,False,False,False,0.19552009118476854,0.033107717708219984,0.33635415164862414,0.015948091363280348,0.0013288892877691971,0.000109344577567283,0.76,0.78,0.84,0.98,0.98,155657156.62115496,159012917.74200732,13
2019-05-02,0.76,0.156,0.08399999999999999,0.76,0.0,0.0,-0.004244394542491737,-0.004244394542491737,hold,False,False,False,False,0.20614201473354807,0.0335456300791105,0.36996548079816804,-0.006122242912448672,0.0025595668470157484,0.0001097338432713979,0.76,0.78,0.84,0.98,0.98,154996486.23509234,158338004.18175745,13
2019-05-03,0.76,0.156,0.08399999999999999,0.76,0.0,0.0,-0.014264340160262623,-0.014264340160262623,hold,False,False,False,False,0.19913148672997588,0.03506908341194416,0.3786255091943753,-0.019479708329547596,0.0034044702635551705,0.00010881915570171152,0.76,0.78,0.84,0.98,0.98,152785563.63178954,156079417.02981177,13
2019-05-06,0.76,0.156,0.08399999999999999,0.76,0.0,0.0,-0.0022120570392782854,-0.0022120570392782854,hold,False,False,False,False,0.20179341429188577,0.03614063516335556,0.4096350255882761,-0.0025236798188179588,-0.001885002416516901,0.0,0.76,0.78,0.84,0.98,0.98,152447593.25025773,155734160.4566845,13
2019-05-07,0.76,0.156,0.08399999999999999,0.76,0.0,0.0,-0.003669729816512898,-0.003669729816512898,hold,False,False,False,False,0.24473505574252252,0.039021584591996956,0.473509645677253,-0.005383421573092018,0.002644157984514006,0.00010930873158154775,0.76,0.78,0.84,0.98,0.98,151888151.77185163,155162658.16460702,13
2019-05-08,0.76,0.156,0.08399999999999999,0.74,0.0,0.0,0.0008616605329250411,0.0008616605329250411,hold,False,False,False,False,0.2789469134642634,0.041390939607067016,0.5214788476626955,0.0012449723762051335,-0.0006593813271923432,0.00021839302441839514,0.76,0.78,0.84,0.98,0.98,152019027.79765236,155296355.7033312,13
2019-05-09,0.76,0.156,0.08399999999999999,0.74,0.0,0.0,-0.025603834282311697,-0.025603834282311697,hold,False,False,False,False,0.3404651933784748,0.04681003054658289,0.5572440578074497,-0.03470235766555263,0.004994572505492512,-0.0001094734208157977,0.76,0.78,0.84,0.98,0.98,148126757.80216312,151320173.54725617,13
2019-05-10,0.76,0.156,0.08399999999999999,0.68,0.0,0.0,0.00820396301173365,0.00820396301173365,hold,False,False,False,False,0.38178338027562686,0.05180897295894667,0.5789989869959209,0.010975120514136627,-0.000937983033083567,0.00010948540655775219,0.76,0.78,0.84,0.98,0.98,149341984.2442201,152561598.653967,13
2019-05-13,0.6,0.26,0.13999999999999999,0.6,0.32000000000000006,0.0003200000000000001,0.009319562020738146,0.008999562020738145,scheduled,False,False,False,False,0.506632834051296,0.13686073475136148,0.5274886607854735,0.014124382545356307,0.0031908471140926764,0.00010937317043047123,0.76,0.78,0.84,0.98,0.98,150685996.69372603,153983405.93460563,13
2019-05-14,0.6,0.26,0.13999999999999999,0.6,0.0,0.0,0.005534404239656232,0.005534404239656232,hold,False,False,False,False,0.5982279959129131,0.18884554337596857,0.49827615954452753,0.010049598734065635,-0.0019642602716734014,0.00010966192751382664,0.76,0.78,0.84,0.98,0.98,151519953.91268465,154835612.34924683,13
2019-05-15,0.6,0.26,0.13999999999999999,0.52,0.0,0.0,-0.005994962295136007,-0.005994962295136007,hold,False,False,False,False,0.6700735980873433,0.1749510824897219,0.4969065974764426,-0.010220170969217013,0.0004686902302402096,0.00010914876094103576,0.76,0.78,0.84,0.98,0.98,150611597.50201735,153907378.6912688,13
2019-05-16,0.6,0.26,0.13999999999999999,0.52,0.0,0.0,-0.010551916058527445,-0.010551916058527445,hold,False,False,False,False,0.7179957899902111,0.15465949167529675,0.5108019720484205,-0.016881098429676777,-0.0016867315000028693,0.00010923706628118701,0.76,0.78,0.84,0.98,0.98,149022356.56773534,152283360.95053056,13
2019-05-17,0.6,0.26,0.13999999999999999,0.42,0.0,0.0,0.005975594211242636,0.005975594211242636,hold,False,False,False,False,0.7563995125482861,0.15001217571904127,0.5094200179836155,0.01044721667304227,-0.0011259068945489448,0.0,0.76,0.78,0.84,0.98,0.98,149912853.69898725,153193344.52069512,13
2019-05-20,0.42,0.37700000000000006,0.203,0.42,0.3600000000000001,0.00036000000000000013,-0.0006933457493675712,-0.0010533457493675713,scheduled,False,False,False,False,0.7987866984747636,0.21331627777825535,0.47454000625391196,-0.004454935351513534,0.0030064254041841654,0.0002182498566043467,0.76,0.78,0.84,0.98,0.98,149754943.63176787,153087128.5664403,13
2019-05-21,0.42,0.37700000000000006,0.203,0.42,0.0,0.0,-0.004086839065253296,-0.004086839065253296,hold,False,False,False,False,0.8229017933415463,0.24490111106344117,0.45755682821109434,-0.01530205926793815,0.006089147874902778,0.00021880334208068675,0.76,0.78,0.84,0.98,0.98,149142919.27791876,152461486.10902753,13
2019-05-22,0.42,0.37700000000000006,0.203,0.42,0.0,0.0,-0.00031733466904062624,-0.00031733466904062624,hold,False,False,False,False,0.840015303358964,0.2781183429491376,0.44343681199856866,-0.0005049939783334789,-0.00027914376164606125,0.0,0.76,0.78,0.84,0.98,0.98,149095591.05898994,152413104.79379165,13
2019-05-23,0.42,0.37700000000000006,0.203,0.42,0.0,0.0,9.288398606578761e-05,9.288398606578761e-05,hold,False,False,False,False,0.8588810214888543,0.3151161933064287,0.4205192908390878,-0.0037603450183411047,0.004376886503742794,0.00010907725053210804,0.76,0.78,0.84,0.98,0.98,149109439.65179235,152427261.5304936,13
2019-05-24,0.42,0.37700000000000006,0.203,0.30000000000000004,0.0,0.0,-0.0035946503885521007,-0.0035946503885521007,hold,False,False,False,False,0.8718725055077291,0.343274768107187,0.4054399328496017,-0.008226093451768501,-0.000370533524693184,0.0,0.76,0.78,0.84,0.98,0.98,148573443.34661123,151879338.81560707,13
2019-05-28,0.30000000000000004,0.455,0.245,0.30000000000000004,0.23999999999999988,0.0002399999999999999,0.002987508525524089,0.002747508525524089,scheduled,False,False,False,False,0.8799753568782371,0.3369666954705959,0.4148145911591752,0.0042036930907554115,0.0036178348947595307,0.0003276968211505249,0.76,0.78,0.84,0.98,0.98,148981650.14887255,152333079.63516966,13
2019-05-29,0.30000000000000004,0.455,0.245,0.30000000000000004,0.0,0.0,-0.0017577894899747102,-0.0017577894899747102,hold,False,False,False,False,0.8836552174548777,0.3388209070652947,0.4113929695067296,-0.01595265144805591,0.006654958119652887,0.0,0.76,0.78,0.84,0.98,0.98,148719771.77004176,152065310.14881146,13
2019-05-30,0.30000000000000004,0.455,0.245,0.30000000000000004,0.0,0.0,-0.004426820132685764,-0.004426820132685764,hold,False,False,False,False,0.8838266761348004,0.350956237644625,0.4049607526959204,-0.02201802019013188,0.004811767531403444,-4.395225483577736e-05,0.76,0.78,0.84,0.98,0.98,148061416.0902417,151392144.3723616,13
2019-05-31,0.30000000000000004,0.455,0.245,0.30000000000000004,0.0,0.0,0.006834057528078595,0.006834057528078595,hold,False,False,False,False,0.8891267144117768,0.3616408059425943,0.3972618554087868,0.028156631507641805,-0.003662758309405989,0.00021886982271746014,0.76,0.78,0.84,0.98,0.98,149073276.3254912,152426766.9963015,13
2019-06-03,0.30000000000000004,0.455,0.245,0.30000000000000004,0.0,0.0,0.002229720754917764,0.002229720754917764,hold,False,False,False,False,0.9016904647226642,0.37662649533181325,0.37095687854650594,0.0074324025163925445,0.0,0.0,0.76,0.78,0.84,0.98,0.98,149405668.10371774,152766636.12227815,13
2019-06-04,0.30000000000000004,0.455,0.245,0.30000000000000004,0.0,0.0,0.002380270552731639,0.002380270552731639,hold,False,False,False,False,0.9116075586583846,0.39193793037064917,0.3652199823197514,0.007945109573857412,-0.00018369511849292142,0.0003278324877089567,0.76,0.78,0.84,0.98,0.98,149761294.0159162,153130262.04767987,13
2019-06-05,0.30000000000000004,0.455,0.245,0.30000000000000004,0.0,0.0,0.0075650699019220394,0.0075650699019220394,hold,False,False,False,False,0.9169369616587932,0.4852190820182827,0.3000960849315876,0.019311942787563208,0.003952326338287904,-0.00010947517660375716,0.76,0.78,0.84,0.98,0.98,150894248.6737489,154288703.18417022,13
2019-06-06,0.30000000000000004,0.455,0.245,0.30000000000000004,0.0,0.0,0.0013008251927043822,0.0013008251927043822,hold,False,False,False,False,0.9185906096160393,0.5647345595305011,0.24812626443000885,0.011654589621789224,-0.0049432975902642395,0.00021897432546058582,0.76,0.78,0.84,0.98,0.98,151090535.71385795,154489405.8162219,13
2019-06-07,0.30000000000000004,0.455,0.245,0.30000000000000004,0.0,0.0,0.0003827076149952392,0.0003827076149952392,hold,False,False,False,False,0.8999655823305235,0.631213940288407,0.20810247560527423,0.001365086991016895,0.0,-0.00010946319310134456,0.76,0.78,0.84,0.98,0.98,151148359.21242934,154548530.08826387,13
2019-06-10,0.30000000000000004,0.455,0.245,0.30000000000000004,0.0,0.0,-0.0005352550974772677,-0.0005352550974772677,hold,False,False,False,False,0.8785075448747715,0.677820673990488,0.180171764792125,-0.005779591975750731,0.0025753869823736952,0.00010947517660375716,0.76,0.78,0.84,0.98,0.98,151067456.28268558,154465807.1997265,13
2019-06-11,0.42,0.37700000000000006,0.203,0.42,0.23999999999999988,0.0002399999999999999,0.003488555641618475,0.003248555641618475,scheduled,False,False,False,False,0.8262788454291403,0.7134063868994246,0.15877817357531274,0.005923213984374565,0.0024782091927431082,0.00032768917496062144,0.76,0.78,0.84,0.98,0.98,151558207.32005763,155004669.76287025,13
2019-06-12,0.42,0.37700000000000006,0.203,0.78,0.0,0.0,-0.0014878603636280408,-0.0014878603636280408,hold,True,False,False,False,0.8094711705742166,0.7423945766428742,0.14209338709614816,-0.004252383125923798,0.0007319551865720975,0.0001093273099619374,0.76,0.78,0.84,0.98,0.98,151332709.8706036,154774044.4585528,13
2019-06-13,0.42,0.37700000000000006,0.203,0.78,0.0,0.0,0.002460442970721696,0.002460442970721696,hold,True,False,False,False,0.800038271747372,0.761624757605033,0.13208796397694564,0.006022627910827749,-0.0001831850181059913,0.0,0.76,0.78,0.84,0.98,0.98,151705055.372845,155154857.16829103,13
2019-06-14,0.42,0.37700000000000006,0.203,0.78,0.0,0.0,0.0068275611403378934,0.0068275611403378934,hold,True,False,False,False,0.7967327010649006,0.7774476864886217,0.12439356483464759,0.014531337103639963,0.0019214842355679274,0.0,0.76,0.78,0.84,0.98,0.98,152740830.91370144,156214186.44182792,13
2019-06-17,0.42,0.37700000000000006,0.203,0.78,0.0,0.0,0.0026544383130762037,0.0026544383130762037,hold,True,False,False,False,0.7724596956385343,0.7862266995428596,0.12138850470219484,0.0037552265864229106,0.002739630791114056,0.00021873073166789325,0.76,0.78,0.84,0.98,0.98,153146272.02724987,156628847.36336514,13
2019-06-18,0.78,0.143,0.07699999999999999,0.78,0.7200000000000002,0.0007200000000000003,0.00749618328444791,0.0067761832844479095,scheduled,True,False,False,False,0.7214496138701714,0.7891343306399892,0.12093404197293811,0.009299291824798717,0.0016389259830762448,0.0001086915003247757,0.76,0.78,0.84,0.98,0.98,154184019.23583648,157802965.91083273,13
2019-06-19,0.98,0.013000000000000012,0.007000000000000005,0.98,0.3999999999999999,0.0003999999999999999,-0.0015062164827999809,-0.0019062164827999808,tier_force,True,True,True,False,0.6789666271217075,0.7897771297572822,0.12104053439553122,-0.001482683143473884,-0.004091307861198046,0.0,0.76,0.78,0.84,0.98,0.98,153890111.11698475,157565280.4825431,13
2019-06-20,0.98,0.013000000000000012,0.007000000000000005,0.98,0.0,0.0,7.725612737751058e-05,7.725612737751058e-05,tier_force,True,True,True,False,0.6464273762708461,0.7880180446354244,0.12077381598716633,3.2026594749101633e-05,0.0034694083090063277,0.00010967950090123857,0.76,0.78,0.84,0.98,0.98,153902000.07101133,157577453.36592233,13
2019-06-21,0.98,0.013000000000000012,0.007000000000000005,0.98,0.0,0.0,-0.016803033571808224,-0.016803033571808224,tier_force,True,True,True,False,0.6158394762877789,0.788193765239942,0.11914071458967537,-0.01716646552806611,0.0015463573612741754,0.0,0.76,0.78,0.84,0.98,0.98,151315979.5970497,154929674.1268547,13
2019-06-24,0.98,0.013000000000000012,0.007000000000000005,0.98,0.0,0.0,0.004505742729572388,0.004505742729572388,tier_force,True,True,True,False,0.5846803895387178,0.7837878250361814,0.11718376772653719,0.004650360613803972,-0.004087509158691716,0.0002181353010697329,0.76,0.78,0.84,0.98,0.98,151997770.47198725,155627747.3796468,13
2019-06-25,0.98,0.013000000000000012,0.007000000000000005,0.98,0.0,0.0,0.0037843549012530307,0.0037843549012530307,tier_force,True,True,True,False,0.5941969388539438,0.7904872372309032,0.11599508674272416,0.0038216620468745077,0.0030096996396933307,0.0,0.76,0.78,0.84,0.98,0.98,152572983.97965243,156216698.00821394,13
2019-06-26,0.98,0.013000000000000012,0.007000000000000005,0.98,0.0,0.0,0.0012678222600638381,0.0012678222600638381,tier_force,True,True,True,False,0.5936934541027877,0.7971553125916476,0.1137296190022781,0.0012868836673363138,0.0004546815465571452,0.00010934370985826725,0.76,0.78,0.84,0.98,0.98,152766419.40502623,156414753.01534244,13
2019-06-27,0.98,0.013000000000000012,0.007000000000000005,0.98,0.0,0.0,0.013207918663307346,0.013207918663307346,tier_force,True,True,True,False,0.5821344234318385,0.800488669890894,0.11204784710885236,0.013494528982675336,-0.0012565907265309484,-5.486575279711747e-05,0.76,0.78,0.84,0.98,0.98,154784145.84701252,158480666.3509104,13
2019-06-28,0.98,0.013000000000000012,0.007000000000000005,0.98,0.0,0.0,0.003930855099245126,0.003930855099245126,tier_force,True,True,True,True,0.5466580955513455,0.8023977004289291,0.11003289067634674,0.003963128414181671,0.0035558990366029164,0.00010893798160704904,0.76,0.78,0.84,0.98,0.98,155392579.89599755,159103630.88636765,13
2019-07-01,0.98,0.013000000000000012,0.007000000000000005,0.98,0.0,0.0,0.007402203600478198,0.007402203600478198,tier_force,True,True,True,True,0.5051025057828529,0.772583410666583,0.12900758650637725,0.007525615761485804,0.0019076472933576838,0.0003286770583512677,0.76,0.78,0.84,0.98,0.98,156542827.4103913,160281348.35576385,13
2019-07-02,0.98,0.013000000000000012,0.007000000000000005,0.98,0.0,0.0,-0.002079730504756868,-0.002079730504756868,tier_force,True,True,True,True,0.44706144034833484,0.7361421743709824,0.1449408946502826,-0.002037193206377186,-0.006347179681709392,-0.000109689520714773,0.76,0.78,0.84,0.98,0.98,156217260.516925,159948006.3462448,13
2019-07-03,0.98,0.013000000000000012,0.007000000000000005,0.98,0.0,0.0,-0.006886305065589974,-0.006886305065589974,tier_force,True,True,True,True,0.3978142235425917,0.6777017988202756,0.1563785461439022,-0.007013531976421183,-0.0010033637459395672,0.0,0.76,0.78,0.84,0.98,0.98,155141500.80449474,158846555.57991165,13
2019-07-05,0.98,0.013000000000000012,0.007000000000000005,0.98,0.0,0.0,0.00489969377785925,0.00489969377785925,tier_force,True,True,True,True,0.3643993682226396,0.6353067897176081,0.16349056827703376,0.005007382803339899,-0.0006391754069715594,0.00010970155382561408,0.76,0.78,0.84,0.98,0.98,155901646.65067425,159624855.0599209,13
2019-07-08,0.98,0.013000000000000012,0.007000000000000005,0.98,0.0,0.0,0.009773950900263282,0.009773950900263282,tier_force,True,True,True,True,0.34362306680983723,0.6133585565620966,0.16532698935151152,0.009965368052731183,0.0005481444938515434,0.00010919002380793685,0.76,0.78,0.9,0.92,0.98,157425421.69030812,161185020.5557382,14
2019-07-09,0.98,0.013000000000000012,0.007000000000000005,0.98,0.0,0.0,-0.0007750792350154693,-0.0007750792350154693,tier_force,True,True,True,True,0.3308696526043595,0.604710205513705,0.16850562875775577,-0.0007270232777082386,-0.0049329010135199525,0.00021875575919483303,0.76,0.78,0.9,0.92,0.98,157303404.51489243,161060089.3933099,14
2019-07-10,0.92,0.05199999999999998,0.027999999999999983,0.92,0.11999999999999988,0.00011999999999999988,0.005367542377820597,0.005247542377820597,tier_force,True,True,True,False,0.3134131375888721,0.5199715379977266,0.2051530246851042,0.005768691771033119,0.001101616108692749,0.00010935395778943757,0.76,0.78,0.9,0.92,0.98,158128860.7962598,161924586.24850404,14
2019-07-11,0.92,0.05199999999999998,0.027999999999999983,0.78,0.0,0.0,0.0030570332543608256,0.0030570332543608256,hold,True,False,False,False,0.29893187537340343,0.4180468021494451,0.25867412663668665,0.0032036541456739176,0.002109066160400408,0.0,0.76,0.78,0.9,0.92,0.98,158612265.98218817,162419595.09336436,14
2019-07-12,0.92,0.05199999999999998,0.027999999999999983,0.78,0.0,0.0,-0.004849917554557883,-0.004849917554557883,hold,True,False,False,False,0.2877708698030414,0.3406431861144387,0.2965899167114032,-0.005150833676397348,-0.002196011088001937,0.00010864301084922978,0.76,0.78,0.9,0.92,0.98,157843009.56903294,161631873.44791687,14
2019-07-15,0.92,0.05199999999999998,0.027999999999999983,0.74,0.0,0.0,-0.004281688921283839,-0.004281688921283839,hold,False,False,False,False,0.2767623103943543,0.275543909104782,0.3015266854734687,-0.00491836772324572,0.004677103540427385,0.0,0.76,0.78,0.9,0.92,0.98,157167174.9036591,160939816.04604858,14
2019-07-16,0.92,0.05199999999999998,0.027999999999999983,0.74,0.0,0.0,0.0011904099962286657,0.0011904099962286657,hold,False,False,False,False,0.27161039056532654,0.22667520170200547,0.34114427536202374,0.0011446523014195797,0.002464402774210228,0.0003278905237042995,0.76,0.78,0.9,0.92,0.98,157354268.27974346,161131400.411861,14
2019-07-17,0.74,0.169,0.091,0.74,0.3600000000000001,0.00036000000000000013,-0.005730349429334045,-0.006090349429334045,scheduled,False,False,False,False,0.2709790393125495,0.18537403742350841,0.34640834577291457,-0.007327991945943135,-0.0018203277475510315,0.0,0.76,0.78,0.9,0.92,0.98,156395925.80172265,160208061.1834631,14
2019-07-18,0.74,0.169,0.091,0.74,0.0,0.0,0.00596579230218203,0.00596579230218203,hold,False,False,False,False,0.2749393112518997,0.15474963974191863,0.34765134452478325,0.007957854883561044,0.00045550111447845154,0.0,0.76,0.78,0.9,0.92,0.98,157328951.4119632,161163829.2016189,14
2019-07-19,0.74,0.169,0.091,0.74,0.0,0.0,0.004555441674573314,0.004555441674573314,hold,False,False,False,False,0.29330399275262736,0.13239280674835463,0.3619559656212692,0.006544312267897423,-0.0016416027948548129,-0.00010899484989357333,0.76,0.78,0.9,0.92,0.98,158045654.27384216,161898001.62559777,14
2019-07-22,0.74,0.169,0.091,0.74,0.0,0.0,0.005460191936129586,0.005460191936129586,hold,False,False,False,False,0.2943098602104156,0.11392704806083316,0.3493902208849513,0.0070179917982584605,0.0014613916751748945,0.00021871222322822348,0.76,0.78,0.9,0.92,0.98,158908613.88084853,162781995.78854936,14
2019-07-23,0.74,0.169,0.091,0.74,0.0,0.0,-0.00728786089995345,-0.00728786089995345,hold,False,False,False,False,0.27741062901228436,0.09869044060656611,0.3302676556243568,-0.009479608193792899,-0.001732567380380634,0.00021816539272112578,0.76,0.78,0.9,0.92,0.98,157750510.0070805,161595663.2462256,14
2019-07-24,0.74,0.169,0.091,0.74,0.0,0.0,0.007577376166777144,0.007577376166777144,hold,False,False,False,False,0.2586816203729046,0.0867071661827644,0.30435557379262834,0.010294817888405916,-0.00018263142264118848,-0.00010905890348211766,0.76,0.78,0.9,0.92,0.98,158945844.9619051,162820134.3735621,14
2019-07-25,0.74,0.169,0.091,0.74,0.0,0.0,-0.0023644612561380908,-0.0023644612561380908,hold,False,False,False,False,0.26510288284240163,0.07853289358800424,0.30303417079873085,-0.0034307511202922303,0.0009136530405868815,0.00021854075845029186,0.76,0.78,0.9,0.92,0.98,158570023.66966853,162435152.47411662,14
2019-07-26,0.74,0.169,0.091,0.74,0.0,0.0,-0.0031168449730766224,-0.0031168449730766224,hold,False,False,False,False,0.254984551228717,0.07108304268582931,0.28815926470950187,-0.00431613041001111,0.00045616290137040494,0.0,0.76,0.78,0.9,0.92,0.98,158075785.48851308,161928867.28567672,14
2019-07-29,0.74,0.169,0.091,0.76,0.0,0.0,-0.009792434125220762,-0.009792434125220762,hold,False,False,False,False,0.24998449519845473,0.06546643953861238,0.28402802610211747,-0.01383002063873584,0.0025555331965003703,0.00010874766192525698,0.76,0.78,0.9,0.92,0.98,156527838.7723243,160343189.51981014,14
2019-07-30,0.74,0.169,0.091,0.74,0.0,0.0,-0.001737251693273718,-0.001737251693273718,hold,False,False,False,False,0.2543651756686913,0.06275279078817933,0.2888800282643206,-0.004971543458989203,0.011341950653232846,0.000273635230570779,0.76,0.78,0.9,0.92,0.98,156255910.51937258,160064633.0423119,14
2019-07-31,0.74,0.169,0.091,0.74,0.0,0.0,-0.010546215294393485,-0.010546215294393485,hold,False,False,False,False,0.3126070594074538,0.07037313760071484,0.36715073633916856,-0.014725257873459241,0.0020738197157772476,0.0,0.76,0.78,0.9,0.92,0.98,154608002.0460138,158376556.96122962,14
2019-08-01,0.74,0.169,0.091,0.68,0.0,0.0,-0.024698020128046734,-0.024698020128046734,hold,False,False,False,False,0.3684435937763908,0.07686869673796906,0.44416085562683205,-0.03533470334612121,0.008636942940956738,-0.00010970339493110437,0.76,0.78,0.9,0.92,0.98,150789490.49952424,154464969.56959042,14
2019-08-02,0.74,0.169,0.091,0.68,0.0,0.0,0.010640382931949391,0.010640382931949391,hold,False,False,False,False,0.40182349599612194,0.10772305703074854,0.45808756680694784,0.01399870009494153,0.0016056849554071384,0.000109715431086288,0.76,0.78,0.9,0.92,0.98,152393948.42055273,156108535.99538276,14
2019-08-05,0.74,0.169,0.091,0.6,0.0,0.0,0.004017619220057201,0.004017619220057201,hold,False,False,False,False,0.519996206590626,0.16500793379478992,0.4374180997267929,0.005402344434248363,0.0,0.00021850921663091327,0.76,0.78,0.9,0.92,0.98,153006209.27674755,156735720.6500128,14
2019-08-06,0.74,0.169,0.091,0.6,0.0,0.0,0.01613007251005375,0.01613007251005375,hold,False,False,False,False,0.5944296506264011,0.20307099549196184,0.4289294119008191,0.021763620870052902,8.893719017066815e-05,0.00010948001182153888,0.76,0.78,0.9,0.92,0.98,155474210.52686995,159263879.18901303,14
2019-08-07,0.52,0.312,0.16799999999999998,0.52,0.43999999999999995,0.00043999999999999996,-0.005379623256838557,-0.005819623256838558,scheduled,False,False,False,False,0.6629243938042373,0.23356066334789366,0.42212083535316336,-0.009401735387962407,-0.0015138789311485157,-0.00010946802726052862,0.76,0.78,0.9,0.92,0.98,154569409.19544914,158407099.5205535,14
2019-08-08,0.52,0.312,0.16799999999999998,0.52,0.0,0.0,-0.003954779557494512,-0.003954779557494512,hold,False,False,False,False,0.7172754152054824,0.23026159055361597,0.4370956959235797,-0.01147523568839559,0.006331969447241237,0.00021886031507101222,0.76,0.78,0.9,0.92,0.98,153958121.255749,157780634.36160764,14
2019-08-09,0.52,0.312,0.16799999999999998,0.42,0.0,0.0,0.010307979540892522,0.010307979540892522,hold,False,False,False,False,0.7577117490347652,0.2327214820991888,0.44577983817498645,0.021914825977678243,-0.0035447687774841086,0.00010855887544569676,0.76,0.78,0.9,0.92,0.98,155545118.4198075,159407033.9125561,14
2019-08-12,0.42,0.37700000000000006,0.203,0.42,0.20000000000000012,0.00020000000000000012,-0.010059055630001009,-0.01025905563000101,scheduled,False,False,False,False,0.7928296057564339,0.2575390668929895,0.4400793897791773,-0.029884738120631527,0.006669945464929494,-0.00010854709169549892,0.76,0.78,0.9,0.92,0.98,153949372.3969636,157803549.69061625,14
2019-08-13,0.42,0.37700000000000006,0.203,0.42,0.0,0.0,0.0020042886410732777,0.0020042886410732777,hold,False,False,False,False,0.8198662734167518,0.24340604854331133,0.45845351410228874,-0.001148968303542719,0.006361379533802225,0.00043652829713192176,0.76,0.78,0.9,0.92,0.98,154257931.3753592,158119833.5527822,14
2019-08-14,0.42,0.37700000000000006,0.203,0.42,0.0,0.0,0.005726042396544938,0.005726042396544938,hold,False,False,False,False,0.8481508930129366,0.25901335147608895,0.45741060711908105,0.016050059169340436,-0.0026335636093639536,-0.00010900972338834247,0.76,0.78,0.9,0.92,0.98,155141218.8304178,159025234.42344004,14
2019-08-15,0.42,0.37700000000000006,0.203,0.30000000000000004,0.0,0.0,0.004887863976696994,0.004887863976696994,hold,False,False,False,False,0.8680975116493223,0.2666065523607963,0.4582748126022993,0.01590470412869971,-0.004753612088479797,0.0,0.76,0.78,0.9,0.92,0.98,155899528.00523987,159802528.1381642,14
2019-08-16,0.42,0.37700000000000006,0.203,0.30000000000000004,0.0,0.0,-0.0015647770568631707,-0.0015647770568631707,hold,False,False,False,False,0.8820838233233927,0.26870792116426356,0.46447488016242766,-0.0077481141052296865,0.004422545042305437,0.0001090216078036832,0.76,0.78,0.9,0.92,0.98,155655580.0006415,159552472.80850485,14
2019-08-19,0.30000000000000004,0.455,0.245,0.30000000000000004,0.23999999999999988,0.0002399999999999999,0.0014346896967330288,0.0011946896967330288,scheduled,False,False,False,False,0.8622446216941952,0.24734059109590584,0.4786694359909235,0.008878479479390355,-0.0026420808018767783,-0.00010900972338834247,0.76,0.78,0.9,0.92,0.98,155841540.11830723,159781381.09733146,14
2019-08-20,0.30000000000000004,0.455,0.245,0.30000000000000004,0.0,0.0,-0.0018937825585378818,-0.0018937825585378818,hold,False,False,False,False,0.8665864294619172,0.23382325828311537,0.48864418122469033,-0.0032336040604686866,-0.00220665394331665,0.0003278620563746948,0.76,0.78,0.9,0.92,0.98,155546410.12773553,159478789.90463024,14
2019-08-21,0.42,0.37700000000000006,0.203,0.42,0.23999999999999988,0.0002399999999999999,-0.010778376252522636,-0.011018376252522636,scheduled,False,False,False,False,0.8503705096133656,0.214791413164694,0.5051813722306144,-0.03164587950654729,0.006724237390195675,-0.00010908549692878466,0.76,0.78,0.9,0.92,0.98,153832541.2562189,157759867.50274113,14
2019-08-22,0.42,0.37700000000000006,0.203,0.42,0.0,0.0,0.006001480088214367,0.006001480088214367,hold,False,False,False,False,0.8509790883874973,0.2265145539873418,0.5068797337641872,0.015104362742234256,-0.0009668409424195001,0.00010909739787257067,0.76,0.78,0.9,0.92,0.98,154755764.18948755,158706660.2062782,14
2019-08-23,0.42,0.37700000000000006,0.203,0.30000000000000004,0.0,0.0,0.0007609778643684104,0.0007609778643684104,hold,False,False,False,False,0.8677416798782409,0.2621090123936653,0.4751641750147372,-0.0021102482100957554,0.004310710230058579,0.00010908549692878466,0.76,0.78,0.9,0.92,0.98,154873529.90041918,158827432.461623,14
2019-08-26,0.30000000000000004,0.455,0.245,0.30000000000000004,0.23999999999999988,0.0002399999999999999,0.0012063863696805152,0.0009663863696805153,scheduled,False,False,False,False,0.8782643778109596,0.2841630510768189,0.46247225602976255,0.003578456157683485,0.00035070890995125836,-0.00010907359858103316,0.76,0.78,0.9,0.92,0.98,155023197.56873927,159019039.71127605,14
2019-08-27,0.30000000000000004,0.455,0.245,0.30000000000000004,0.0,0.0,0.0037637465075668875,0.0037637465075668875,hold,False,False,False,False,0.885227798147801,0.307736165263571,0.44701945761301354,0.01529008511490737,-0.0019270420707083735,0.00021846985823259502,0.76,0.78,0.9,0.92,0.98,155606665.58718044,159617547.066626,14
2019-08-28,0.30000000000000004,0.455,0.245,0.30000000000000004,0.0,0.0,-0.0005717221093789016,-0.0005717221093789016,hold,False,False,False,False,0.8916240377156462,0.34940395944846925,0.4262257887801167,-0.0023946631239561977,0.00026380203159903637,0.00010876287114447436,0.76,0.78,0.9,0.92,0.98,155517701.81609753,159526290.1859232,14
2019-08-29,0.30000000000000004,0.455,0.245,0.30000000000000004,0.0,0.0,-0.0018649993893890952,-0.0018649993893890952,hold,False,False,False,False,0.8617665538883601,0.3655323073088246,0.4184072195002738,-0.00970850730936823,0.0021963512988882883,0.00019678760174368648,0.76,0.78,0.9,0.92,0.98,155227661.3971713,159228773.75213492,14
2019-08-30,0.30000000000000004,0.455,0.245,0.42,0.0,0.0,0.005022075212480448,0.005022075212480448,hold,False,False,False,False,0.8539420842898185,0.395453881074298,0.40233113156502665,0.014436097901206812,0.0015779828206148316,-0.000109127923515695,0.76,0.78,0.9,0.92,0.98,156007226.38776538,160028432.6299092,14
2019-09-03,0.30000000000000004,0.455,0.245,0.30000000000000004,0.0,0.0,0.0018586173625990928,0.0018586173625990928,hold,False,False,False,False,0.8620741478929144,0.4926484588079477,0.333561030262738,0.018318721524871462,-0.008052172206864938,0.00010913983371918512,0.76,0.78,0.9,0.92,0.98,156297184.1274206,160325864.2533047,14
2019-09-04,0.30000000000000004,0.455,0.245,0.78,0.0,0.0,1.0683271189401131e-05,1.0683271189401131e-05,hold,True,False,False,False,0.8155710199720577,0.5774605313239393,0.2705595339486306,-0.0009905512125671923,0.0006175611457988062,0.00010962576988204908,0.76,0.78,0.9,0.92,0.98,156298853.8926248,160327577.05799118,14
2019-09-05,0.78,0.143,0.07699999999999999,0.78,0.9600000000000001,0.0009600000000000001,-0.002511230000835568,-0.0034712300008355682,scheduled,True,False,False,False,0.7417928471600201,0.6368524606805834,0.22776408143976687,-0.0020877968448690387,-0.0061730661666973274,0.0,0.76,0.78,0.9,0.92,0.98,155756304.6218965,159924957.63652188,14
2019-09-06,0.78,0.143,0.07699999999999999,0.9,0.0,0.0,-0.003267532804747545,-0.003267532804747545,hold,True,True,False,False,0.680028420272111,0.6814682028309552,0.19564647171597876,-0.0028767890533490936,-0.007276027029338383,0.00021863015662515473,0.76,0.78,0.9,0.92,0.98,155247365.78699818,159402397.59114668,14
2019-09-09,0.92,0.05199999999999998,0.027999999999999983,0.92,0.28,0.00028000000000000003,0.008584118228828107,0.008304118228828107,tier_force,True,True,True,False,0.5984420974423282,0.7156463873971852,0.171043554487323,0.00938944504344863,-0.0009829049614161756,-0.00010929118396396653,0.76,0.78,0.9,0.92,0.98,156536558.26720753,160770726.61802775,14
2019-09-10,0.98,0.013000000000000012,0.007000000000000005,0.98,0.11999999999999988,0.00011999999999999988,0.004046419474380288,0.003926419474380289,tier_force,True,True,True,True,0.5617209188170577,0.742005749664477,0.15170216139879955,0.004157118643255631,-0.0022373573971695704,0.00021840716471066557,0.76,0.78,0.9,0.92,0.98,157151186.45804036,161421272.41712523,14
2019-09-11,0.98,0.013000000000000012,0.007000000000000005,0.98,0.0,0.0,-0.003618317495118815,-0.003618317495118815,tier_force,True,True,True,True,0.48698726050759433,0.7610092989374887,0.13667135897516355,-0.003570838778073293,-0.009145807123614458,0.0,0.76,0.78,0.9,0.92,0.98,156582563.5707006,160837199.00305402,14
2019-09-12,0.98,0.013000000000000012,0.007000000000000005,0.98,0.0,0.0,-0.004320919815494209,-0.004320919815494209,tier_force,True,True,True,True,0.42992787176895947,0.7692458785077972,0.12674025171064246,-0.004466723975764975,0.0043438215965743154,0.0,0.76,0.78,0.9,0.92,0.98,155905982.86900705,160142234.36281314,14
2019-09-13,0.98,0.013000000000000012,0.007000000000000005,0.98,0.0,0.0,0.004738639062088761,0.004738639062088761,tier_force,True,True,True,True,0.3971380644629062,0.7852417119079937,0.11389260002500204,0.004799895551300004,0.0026133600197559836,0.00010967736541833695,0.76,0.78,0.9,0.92,0.98,156644765.04944348,160901090.61005494,14
2019-09-16,0.98,0.013000000000000012,0.007000000000000005,0.98,0.0,0.0,-0.00040089931389481647,-0.00040089931389481647,tier_force,True,True,True,True,0.3990665013782428,0.7968699260557678,0.10438863020216047,-0.0004154027578219255,0.00035905666812663384,0.00021823601214632227,0.76,0.78,0.9,0.92,0.98,156581966.27060992,160836585.4732244,14
2019-09-17,0.98,0.013000000000000012,0.007000000000000005,0.98,0.0,0.0,0.0016348912456971964,0.0016348912456971964,tier_force,True,True,True,True,0.37417093498202014,0.792817862215587,0.10060607271271248,0.0016623015559382726,0.0004489016059761042,0.0,0.76,0.78,0.9,0.92,0.98,156837960.7564998,161099535.7988024,14
2019-09-18,0.98,0.013000000000000012,0.007000000000000005,0.98,0.0,0.0,-0.01029162296109991,-0.01029162296109991,tier_force,True,True,True,True,0.3700566808334876,0.7872086997982696,0.09787690408910413,-0.010578679012759995,0.005747520564820752,0.00010924343745921661,0.76,0.78,0.9,0.92,0.98,155223843.5984061,159441560.1171529,14
2019-09-19,0.98,0.013000000000000012,0.007000000000000005,0.98,0.0,0.0,0.0004522665406923337,0.0004522665406923337,tier_force,True,True,True,True,0.35845211892961626,0.7779121460423043,0.09560603139288402,0.00044098765234568127,0.0014283082751740395,0.00021866197375763896,0.76,0.78,0.9,0.92,0.98,155294046.1491833,159513670.19998968,14
2019-09-20,0.98,0.013000000000000012,0.007000000000000005,0.98,0.0,0.0,-0.012950411331005083,-0.012950411331005083,tier_force,True,True,True,True,0.3934290576699314,0.7742143167717198,0.09437605759630585,-0.013280937906788415,0.004992909049812644,0.0,0.76,0.78,0.9,0.92,0.98,153282924.37429532,157447902.55798152,14
2019-09-23,0.98,0.013000000000000012,0.007000000000000005,0.98,0.0,0.0,0.010915372929158727,0.010915372929158727,tier_force,True,True,True,True,0.393077172243814,0.7484743821604334,0.10506141606921512,0.011225220075126385,-0.006564826497317711,0.0,0.76,0.78,0.9,0.92,0.98,154956064.65751278,159166505.13131574,14
2019-09-24,0.98,0.013000000000000012,0.007000000000000005,0.98,0.0,0.0,-0.003579516835322896,-0.003579516835322896,tier_force,True,True,True,True,0.414488864991233,0.7393184942215963,0.11953581253498122,-0.003682562664254041,0.0021435665475715293,0.00021831578966202692,0.76,0.78,0.9,0.92,0.98,154401396.8153358,158596765.9465787,14
2019-09-25,0.98,0.013000000000000012,0.007000000000000005,0.98,0.0,0.0,-0.012142212608120597,-0.012142212608120597,tier_force,True,True,True,True,0.4151799068250993,0.7192814713081666,0.1370026445758487,-0.012408919481151526,0.001425267954453746,0.0,0.76,0.78,0.9,0.92,0.98,152526622.2282132,156671050.295495,14
2019-09-26,0.98,0.013000000000000012,0.007000000000000005,0.98,0.0,0.0,0.009337894750413097,0.009337894750413097,tier_force,True,True,True,True,0.42383939291527417,0.6857412107658196,0.16178404684438613,0.009517056288470993,0.0008010163828653383,0.00010948210489636345,0.76,0.78,0.9,0.92,0.98,153950899.77321628,158134028.073591,14
2019-09-27,0.98,0.013000000000000012,0.007000000000000005,0.98,0.0,0.0,-0.007957086931162632,-0.007957086931162632,tier_force,True,True,True,True,0.4651569490543794,0.6593447032498454,0.17725850673718813,-0.008155981282649494,0.002769676636741991,-3.301006339617718e-05,0.76,0.78,0.9,0.92,0.98,152725899.0805901,156875741.86543453,14
2019-09-30,0.98,0.013000000000000012,0.007000000000000005,0.98,0.0,0.0,-0.01680561358602964,-0.01680561358602964,tier_force,True,True,True,True,0.47774487621425027,0.6388476304368627,0.1898855783178786,-0.01719452458809978,0.0034631161775497965,0.0,0.76,0.78,0.9,0.92,0.98,150159246.63606274,154239348.76662228,14
2019-10-01,0.98,0.013000000000000012,0.007000000000000005,0.98,0.0,0.0,0.010825793914253869,0.010825793914253869,tier_force,True,True,True,True,0.5020833208176377,0.6273221948859431,0.19694655221956817,0.010975124017815086,0.00522103295301779,0.0003284212008363152,0.76,0.78,0.9,0.92,0.98,151784839.69446436,155909112.1698385,14
2019-10-02,0.98,0.013000000000000012,0.007000000000000005,0.98,0.0,0.0,0.014456194003869502,0.014456194003869502,tier_force,True,True,True,True,0.551351621300942,0.6075045083634626,0.20277766768013775,0.014725523735162005,0.0019369802623643295,0.0,0.76,0.78,0.9,0.92,0.98,153979070.78393376,158162964.5423367,14
2019-10-03,0.92,0.05199999999999998,0.027999999999999983,0.92,0.11999999999999988,0.00011999999999999988,-0.0029479516275416986,-0.0030679516275416985,tier_force,True,True,True,False,0.5883899469308304,0.5953761367039151,0.20617396993566045,-0.003018878706996797,-0.0033390533908425057,0.00010884140068445625,0.76,0.78,0.9,0.92,0.98,153506670.44311485,157696707.77359733,14
2019-10-04,0.98,0.013000000000000012,0.007000000000000005,0.98,0.11999999999999988,0.00011999999999999988,-0.014653823580334943,-0.014773823580334943,tier_force,True,True,True,False,0.5808417528221195,0.5976603474751218,0.2068077253770471,-0.014980952016479865,0.002116107370409459,0.0,0.76,0.78,0.9,0.98,0.98,151238789.97558364,155385848.03868338,15
2019-10-07,0.98,0.013000000000000012,0.007000000000000005,0.98,0.0,0.0,0.009533370051234087,0.009533370051234087,tier_force,True,True,True,True,0.5758633672706175,0.6083515364347082,0.20156226929618778,0.009761776071424144,-0.0025515768278134843,0.0,0.76,0.78,0.9,0.98,0.98,152680605.32652175,156867198.82876098,15
2019-10-08,0.98,0.013000000000000012,0.007000000000000005,0.98,0.0,0.0,0.007509603333843404,0.007509603333843404,tier_force,True,True,True,False,0.6275525092714942,0.6270416595727722,0.19084678369968916,0.007744365101473916,-0.006261818853137369,0.0002184542128218503,0.76,0.78,0.9,0.98,0.98,153827176.10929504,158045209.26805612,15
2019-10-09,0.98,0.013000000000000012,0.007000000000000005,0.98,0.0,0.0,0.012533319450121181,0.012533319450121181,tier_force,True,True,True,False,0.651804298135185,0.6461012222798868,0.1843592417282269,0.01287897907370894,-0.006834189605160579,0.00010920325050078894,0.76,0.78,0.9,0.98,0.98,155755141.24758288,160026040.3633739,15
2019-10-10,0.98,0.013000000000000012,0.007000000000000005,0.98,0.0,0.0,-6.711270240060837e-05,-6.711270240060837e-05,tier_force,True,True,True,False,0.6185037571732281,0.6624267747470632,0.1779489156730929,-0.00010444974165713106,0.0027701833621962546,-0.00010919132645303975,0.76,0.78,0.9,0.98,0.98,155744688.09914097,160015300.58335066,15
2019-10-11,0.98,0.013000000000000012,0.007000000000000005,0.98,0.0,0.0,0.012400339544071444,0.012400339544071444,tier_force,True,True,True,True,0.5486716977167189,0.6665065517388495,0.1837784260433284,0.012716465224235085,-0.004812369110188008,0.00010920325050078894,0.76,0.78,0.9,0.98,0.98,157675975.11375585,161999544.64283088,15
2019-10-14,0.98,0.013000000000000012,0.007000000000000005,0.98,0.0,0.0,-0.002404667896399792,-0.002404667896399792,tier_force,True,True,True,True,0.49286851632655115,0.6409968426688415,0.21266467010008394,-0.0024806587496147836,0.001970203342412935,0.00010929068161824596,0.76,0.78,0.9,0.98,0.98,157296816.75836626,161609989.5385969,15
2019-10-15,0.98,0.013000000000000012,0.007000000000000005,0.98,0.0,0.0,0.0025854579121629777,0.0025854579121629777,tier_force,True,True,True,True,0.4175846138824556,0.5490654593460363,0.2748587752610989,0.0026421825295708246,-0.0003574852927715755,0.00010947742708578012,0.76,0.78,0.9,0.98,0.98,157703501.0578122,162027825.36473402,15
2019-10-16,0.98,0.013000000000000012,0.007000000000000005,0.98,0.0,0.0,-0.009406079874985589,-0.009406079874985589,tier_force,True,True,True,False,0.36355301229130726,0.48272095188019654,0.3232048153991188,-0.009609894994558,0.0008936322831731847,0.0,0.76,0.78,0.9,0.98,0.98,156220129.33029756,160503778.69738314,15
2019-10-17,0.9,0.06499999999999999,0.03499999999999999,0.9,0.15999999999999992,0.00015999999999999993,0.007747441881781346,0.007587441881781346,scheduled,True,True,False,False,0.3186394366470836,0.4250187178292721,0.36110292226930596,0.008868498845755024,-0.0036620217933237553,0.00010926677622480341,0.76,0.78,0.9,0.98,0.98,157405440.48235556,161747272.3946474,15
2019-10-18,0.9,0.06499999999999999,0.03499999999999999,0.78,0.0,0.0,-0.007015062493873446,-0.007015062493873446,hold,True,False,False,False,0.311010987896313,0.3654494232730458,0.4173578717765253,-0.007962906394373803,0.002331588631738102,0.0,0.76,0.78,0.9,0.98,0.98,156301231.48049617,160612605.17058536,15
2019-10-21,0.9,0.06499999999999999,0.03499999999999999,0.78,0.0,0.0,0.001758432108937057,0.001758432108937057,hold,True,False,False,False,0.27637112491845317,0.3060428530962825,0.449812561673417,0.0019280090310651588,0.00035729201505252384,0.0,0.76,0.78,0.9,0.98,0.98,156576076.58459786,160895031.53261736,15
2019-10-22,0.9,0.06499999999999999,0.03499999999999999,0.74,0.0,0.0,0.008751860345634492,0.008751860345634492,hold,False,False,False,False,0.28272399606942555,0.26204982031594504,0.4907488601711469,0.009728725934293303,-0.0001789827896910845,0.00021831103144109854,0.76,0.78,0.9,0.98,0.98,157946408.54033363,162303162.37889728,15
2019-10-23,0.9,0.06499999999999999,0.03499999999999999,0.74,0.0,0.0,0.0070479318036340355,0.0070479318036340355,hold,False,False,False,False,0.28068044727772046,0.2278416278688405,0.5191378146465142,0.007986019478941841,-0.0021459342679018834,0.0,0.76,0.78,0.9,0.98,0.98,159059604.05635485,163447063.9988579,15
2019-10-24,0.74,0.169,0.091,0.74,0.32000000000000006,0.0003200000000000001,0.00665404825535004,0.00633404825535004,scheduled,False,False,False,False,0.2532647159563718,0.19958432160735326,0.514726989454485,0.00986507223291011,-0.00376434445630891,-0.00010913169106852028,0.76,0.78,0.9,0.98,0.98,160067095.26392466,164534648.6499016,15
2019-10-25,0.74,0.169,0.091,0.76,0.0,0.0,-0.00555869234900997,-0.00555869234900997,hold,False,False,False,False,0.23305114698538315,0.16908730690301396,0.48228591880796684,-0.007744077836081886,0.0008996629548685409,0.00021848582766859082,0.76,0.78,0.9,0.98,0.98,159177331.52615282,163620051.15730435,15
2019-10-28,0.74,0.169,0.091,0.76,0.0,0.0,0.004416129940456332,0.004416129940456332,hold,False,False,False,False,0.21341807836390386,0.14819374958661072,0.4708372640297377,0.004845740134841847,0.004853942016851631,0.00010951692115868106,0.76,0.78,0.9,0.98,0.98,159880279.30574742,164342618.5640791,15
2019-10-29,0.74,0.169,0.091,0.76,0.0,0.0,0.0014212781954416134,0.0014212781954416134,hold,False,False,False,False,0.2066045557640258,0.12985329560699785,0.45984418766336815,0.000457041152310822,0.006349987966039361,0.00010900853264783628,0.76,0.78,0.9,0.98,0.98,160107513.66060582,164576195.14442602,15
2019-10-30,0.74,0.169,0.091,0.76,0.0,0.0,0.006401216782270369,0.006401216782270369,hold,False,False,False,False,0.19610560835765778,0.1156391076155415,0.44544236959042005,0.009082622810330676,-0.0018871622554169631,-1.0919518778740311e-05,0.76,0.78,0.9,0.98,0.98,161132396.56401768,165629683.04674673,15
2019-10-31,0.74,0.169,0.091,0.76,0.0,0.0,0.003727868784812203,0.003727868784812203,hold,False,False,False,False,0.18482365907257034,0.10587243858930942,0.43076113411098155,0.006185052085992959,-0.005083093275100703,0.0001095934579058433,0.76,0.78,0.9,0.98,0.98,161733076.99539065,166247128.772015,15
2019-11-01,0.74,0.169,0.091,0.76,0.0,0.0,-0.0005121380525651488,-0.0005121380525651488,hold,False,False,False,False,0.17583814990539276,0.09599756842423683,0.4063449689041415,0.0005497739289637149,-0.005378691409379632,-0.00010958144849604334,0.76,0.78,0.9,0.98,0.98,161650247.33230287,166161987.2912412,15
2019-11-04,0.74,0.169,0.091,0.76,0.0,0.0,-0.0011659196870254006,-0.0011659196870254006,hold,False,False,False,False,0.16504563945918474,0.08656017804899706,0.3848126879942422,-0.0022477384910296605,0.002884223619332049,0.0001095934579058433,0.76,0.78,0.9,0.98,0.98,161461776.1265256,165968255.75902307,15
2019-11-05,0.74,0.169,0.091,0.76,0.0,0.0,0.0011501106246297615,0.0011501106246297615,hold,False,False,False,False,0.16003521575323637,0.07569308109835615,0.33853107263083154,0.003353903858939411,-0.007997767436655034,0.0002180710528494334,0.76,0.78,0.9,0.98,0.98,161647475.0307203,166159137.61332276,15
2019-11-06,0.74,0.169,0.091,0.76,0.0,0.0,0.0027240269096642676,0.0027240269096642676,hold,False,False,False,False,0.15588752250218313,0.06558734426492019,0.2987244126244962,0.0039914711181225915,-0.0013589450754227794,0.0,0.76,0.78,0.9,0.98,0.98,162087807.10258326,166611759.57546806,15
2019-11-07,0.74,0.169,0.091,0.76,0.0,0.0,-0.0008089037824655541,-0.0008089037824655541,hold,False,False,False,False,0.15050190860661805,0.05752970728188465,0.26417574300747404,-0.001341759968635503,0.0010887490788444865,0.0,0.76,0.78,0.9,0.98,0.98,161956693.66232643,166476986.69294423,15
2019-11-08,0.74,0.169,0.091,0.76,0.0,0.0,0.0022222314620778663,0.0022222314620778663,hold,False,False,False,False,0.14296135352650985,0.05086751801291463,0.23439905114048523,0.0028861805147875064,0.00045269943522008305,0.00010935908332876387,0.76,0.78,0.9,0.98,0.98,162316598.92247698,166846937.0904852,15
2019-11-11,0.74,0.169,0.091,0.76,0.0,0.0,0.000642619695848556,0.000642619695848556,hold,False,False,False,False,0.13527286171242375,0.04590777564990523,0.21183365099547105,0.00024784692822543697,0.0027172365027321455,0.0,0.76,0.78,0.9,0.98,0.98,162420906.76590768,166954156.21845153,15
2019-11-12,0.74,0.169,0.091,0.76,0.0,0.0,0.00027743976789245257,0.00027743976789245257,hold,False,False,False,False,0.13715962074193938,0.042305218104700656,0.19657820025345304,-0.0007937322543696279,0.005058343652676545,0.00010924789916089139,0.76,0.78,0.9,0.98,0.98,162465968.7845817,167000475.94080144,15
2019-11-13,0.74,0.169,0.091,0.76,0.0,0.0,0.005290597183871888,0.005290597183871888,hold,False,False,False,False,0.13856247953693257,0.03965564211415711,0.17873033905510882,0.0073476980337552344,-0.0008092241908823627,-0.0001092359653611652,0.76,0.78,0.9,0.98,0.98,163325510.78150842,167884008.18851912,15
2019-11-14,0.74,0.169,0.091,0.76,0.0,0.0,0.0008923268701707904,0.0008923268701707904,hold,False,False,False,False,0.1608793679037704,0.03799746799153138,0.1672199559465648,0.000788568601753914,0.0017091645549900392,0.0002190911547206298,0.76,0.78,0.9,0.98,0.98,163471250.52336314,168033815.60009772,15
2019-11-15,0.74,0.169,0.091,0.76,0.0,0.0,0.0014018522169850249,0.0014018522169850249,hold,False,False,False,False,0.17425982565872475,0.037033404259728404,0.15874781215075684,0.0014772057502645541,0.0018858787488016393,-0.00010981919514529981,0.76,0.78,0.9,0.98,0.98,163700413.0583226,168269374.17702514,15
2019-11-18,0.74,0.169,0.091,0.76,0.0,0.0,-0.003808123015549765,-0.003808123015549765,hold,False,False,False,False,0.18971481797242615,0.03636531322375,0.1526537142094385,-0.005998728535453246,0.0036742098007314095,0.00010983125672558991,0.76,0.78,0.9,0.98,0.98,163077021.7477002,167628583.70040944,15
2019-11-19,0.74,0.169,0.091,0.76,0.0,0.0,-0.0020700559300884775,-0.0020700559300884775,hold,False,False,False,False,0.19731637557703594,0.035822092722916705,0.14687462119689196,-0.002226402985533893,-0.0025001048567656614,0.0,0.76,0.78,0.9,0.98,0.98,162739443.1917702,167281583.15666807,15
2019-11-20,0.74,0.169,0.091,0.76,0.0,0.0,0.00045681008866086114,0.00045681008866086114,hold,False,False,False,False,0.23032458253471805,0.036046156858682885,0.14793823044988524,0.0006447721065734324,-0.00017884343798757474,0.00010882715182880531,0.76,0.78,0.9,0.98,0.98,162813784.21124327,167357999.0715012,15
2019-11-21,0.74,0.169,0.091,0.74,0.0,0.0,0.008838481426585163,0.008838481426585163,hold,False,False,False,False,0.25470244290507404,0.03665843605719063,0.14888787080128865,0.011841664999955981,0.0004476291515842501,0.0,0.76,0.78,0.9,0.98,0.98,164252810.8189864,168837189.63788512,15
2019-11-22,0.74,0.169,0.091,0.74,0.0,0.0,0.0017405819803387585,0.0017405819803387585,hold,False,False,False,False,0.2754167320361478,0.03636076650493579,0.14623991985988458,0.001909592374248703,0.0018789130008673993,0.00010931127745195113,0.76,0.78,0.9,0.98,0.98,164538706.30171788,169131064.60777986,15
2019-11-25,0.74,0.169,0.091,0.74,0.0,0.0,0.004754052163947093,0.004754052163947093,hold,False,False,False,False,0.27323254809012587,0.03590057514456114,0.14280022494604394,0.0069890622335422314,-0.002590268594813483,0.0002186978423002195,0.76,0.78,0.9,0.98,0.98,165320931.8944646,169935122.51146913,15
2019-11-26,0.74,0.169,0.091,0.74,0.0,0.0,-0.003512295475054269,-0.003512295475054269,hold,False,False,False,False,0.25273632269524465,0.03499881535082854,0.1379940960197996,-0.004562346081851798,-0.0008056767720943103,0.0,0.76,0.78,0.9,0.98,0.98,164740275.93343994,169338260.1496193,15
2019-11-27,0.74,0.169,0.091,0.76,0.0,0.0,-0.008176771784996144,-0.008176771784996144,hold,False,False,False,False,0.2321972298355619,0.034269447275181886,0.1339756821508865,-0.010239101130271488,-0.003590498130894515,7.645313764759187e-05,0.76,0.78,0.9,0.98,0.98,163393232.2933349,167953619.84190756,15
2019-11-29,0.74,0.169,0.091,0.76,0.0,0.0,-0.004298590034933316,-0.004298590034933316,hold,False,False,False,False,0.2138199372389704,0.034105411220277465,0.132928134640835,-0.007832244073426642,0.008918371955682236,-0.000109167924262632,0.76,0.78,0.9,0.98,0.98,162690871.77322325,167231656.08532417,15
2019-12-02,0.74,0.169,0.091,0.76,0.0,0.0,0.003108597184585918,0.003108597184585918,hold,False,False,False,False,0.24437082099160476,0.035576652335026424,0.13818750886491749,0.005064209602074099,-0.003839368560237144,0.00010917984319958052,0.76,0.78,0.9,0.98,0.98,163196612.1591753,167751511.94060466,15
2019-12-03,0.74,0.169,0.091,0.74,0.0,0.0,0.0010884826240409602,0.0010884826240409602,hold,False,False,False,False,0.28779365969628784,0.041414042929231,0.17334749346131786,0.001976252982956783,-0.0023304688604181,0.00021873246223735876,0.76,0.78,0.9,0.98,0.98,163374248.83581293,167934106.5465086,15
2019-12-04,0.74,0.169,0.091,0.74,0.0,0.0,0.007400629727805851,0.007400629727805851,hold,False,False,False,False,0.3034360546837054,0.04573977776207208,0.20005497155477392,0.010698454034081095,-0.003054593239137038,0.0,0.76,0.78,0.9,0.98,0.98,164583321.15850517,169176924.68772918,15
2019-12-05,0.74,0.169,0.091,0.74,0.0,0.0,-0.003209958727312131,-0.003209958727312131,hold,False,False,False,False,0.3096075329162033,0.04611569569380111,0.2001862457615486,-0.004536418481818405,0.0008108922995422319,0.00010934231440495878,0.76,0.78,0.9,0.98,0.98,164055015.4903824,168633873.741868,15
2019-12-06,0.74,0.169,0.091,0.74,0.0,0.0,-0.0008143121243639495,-0.0008143121243639495,hold,False,False,False,False,0.2750921378267818,0.0467402853006354,0.2035002560457836,-0.000833149636085051,-0.0011703041045030282,0.0,0.76,0.78,0.9,0.98,0.98,163921423.50220588,168496553.1339015,15
2019-12-09,0.74,0.169,0.091,0.74,0.0,0.0,0.004620152114197941,0.004620152114197941,hold,False,False,False,False,0.2677554745028178,0.047875556323451196,0.20917761302550492,0.005296526413761216,0.004146287384702019,0.0,0.76,0.78,0.9,0.98,0.98,164678765.4135619,169275032.84009817,15
2019-12-10,0.74,0.169,0.091,0.74,0.0,0.0,0.004208303659227965,0.004208303659227965,hold,False,False,False,False,0.2650505556575775,0.04725724713815867,0.20802900033720123,0.007464208776762016,-0.007900053024204379,0.00021866071994081082,0.76,0.78,0.9,0.98,0.98,165371783.66464895,169987393.5802151,15
2019-12-11,0.74,0.169,0.091,0.74,0.0,0.0,0.00341068397307561,0.00341068397307561,hold,False,False,False,False,0.2516474560955405,0.04489332668789373,0.20242006923537623,0.0032926085732145616,0.005881937304285101,-0.00021861291788294324,0.76,0.78,0.9,0.98,0.98,165935814.55679289,170567166.85912403,15
2019-12-12,0.74,0.169,0.091,0.76,0.0,0.0,0.006658405084440364,0.006658405084440364,hold,False,False,False,False,0.2295279572575718,0.04492837080229321,0.20684712697646,0.010039320826406017,-0.004678050015471613,0.00021866071994081082,0.76,0.78,0.9,0.98,0.98,167040682.42812857,171702872.1501774,15
2019-12-13,0.74,0.169,0.091,0.76,0.0,0.0,0.00042957719155232543,0.00042957719155232543,hold,False,False,False,False,0.21286639963607712,0.04716987157452122,0.20962594951574667,0.0005733763656263768,9.035892843511917e-05,-0.00010980195512888535,0.76,0.78,0.9,0.98,0.98,167112439.29536104,171776631.78777713,15
2019-12-16,0.74,0.169,0.091,0.76,0.0,0.0,0.00012729175266694236,0.00012729175266694236,hold,False,False,False,False,0.2100012642891759,0.047767198800648634,0.2099670887342905,0.0007642405445786871,-0.002711007387608211,0.00021883514488463263,0.76,0.78,0.9,0.98,0.98,167133711.33065137,171798497.53630462,15
2019-12-17,0.74,0.169,0.091,0.76,0.0,0.0,0.0047678137906631115,0.0047678137906631115,hold,False,False,False,False,0.20223790725704688,0.044957523203124794,0.19527628193999202,0.00625123426950025,0.0007807966133310806,0.00010929454483488144,0.76,0.78,0.9,0.98,0.98,167930573.74441835,172617600.7820734,15
2019-12-18,0.74,0.169,0.091,0.76,0.0,0.0,0.002988031626912287,0.002988031626912287,hold,False,False,False,False,0.2026731155487646,0.04263403033338788,0.18318251419190562,0.004031155081814619,0.0,5.469083922493567e-05,0.76,0.78,0.9,0.98,0.98,168432355.6098922,173133387.63257197,15
2019-12-19,0.74,0.169,0.091,0.76,0.0,0.0,0.0018014222326736744,0.0018014222326736744,hold,False,False,False,False,0.19883748514002184,0.041091826208020384,0.16942331515847056,0.00264152040770127,-0.0009071175681968358,0.0,0.76,0.78,0.9,0.98,0.98,168735773.39998946,173445273.96627137,15
2019-12-20,0.74,0.169,0.091,0.76,0.0,0.0,0.0006857122929446343,0.0006857122929446343,hold,False,False,False,False,0.19771297181059136,0.0399241923346572,0.15943706015725156,0.0005193024736946938,0.0017245457237411443,0.00010967291316821282,0.76,0.78,0.9,0.98,0.98,168851477.59406933,173564207.52278322,15
2019-12-23,0.74,0.169,0.091,0.76,0.0,0.0,0.006784843184048711,0.006784843184048711,hold,False,False,False,False,0.20065687022663067,0.03897213370088665,0.15101323253481003,0.008824157662288279,0.0014497361092282723,0.00010946276369017127,0.76,0.78,0.9,0.98,0.98,169997108.39094,174741813.453189,15
2019-12-24,0.74,0.169,0.091,0.76,0.0,0.0,-0.00038846012858094855,-0.00038846012858094855,hold,False,False,False,False,0.2037813018788167,0.03797913801887418,0.14326550393301474,-0.0008419851148822044,0.0014471531223445577,-0.0001094507829049185,0.76,0.78,0.9,0.98,0.98,169931071.29235607,174673933.2258665,15
2019-12-26,0.74,0.169,0.091,0.74,0.0,0.0,-0.004946851240508249,-0.004946851240508249,hold,False,False,False,False,0.2616747923962227,0.039336962221585614,0.14804385264281014,-0.006554028186427585,-0.0006321390180333841,0.00010946276369017127,0.76,0.78,0.9,0.98,0.98,169090447.5615326,173809847.26260367,15
2019-12-27,0.74,0.169,0.091,0.74,0.0,0.0,0.0007838006730607323,0.0007838006730607323,hold,False,False,False,False,0.29987779433071254,0.039700209571131156,0.1486821605045958,0.0018849760233348167,-0.0036158673621717874,0.0,0.76,0.78,0.9,0.98,0.98,169222980.76813945,173946079.53787267,15
2019-12-30,0.74,0.169,0.091,0.74,0.0,0.0,0.013167735422306004,0.013167735422306004,hold,False,False,False,False,0.30848398115142917,0.039421406714353104,0.15200177135972676,0.016697240641946998,0.004626771149786046,0.0003280551972679735,0.76,0.78,0.9,0.98,0.98,171451264.2062683,176236555.49097478,15
2019-12-31,0.74,0.169,0.091,0.74,0.0,0.0,-0.005648949234967726,-0.005648949234967726,hold,False,False,False,False,0.3127951667152698,0.039235389229244286,0.15412579305533836,-0.009159995690103173,0.006683121749755161,0.0,0.76,0.78,0.9,0.98,0.98,170482744.71849605,175241004.1356607,15
2020-01-02,0.74,0.169,0.091,0.68,0.0,0.0,0.004575996797262501,0.004575996797262501,hold,False,False,False,False,0.36173144693991954,0.04204590004221017,0.16666635112461686,0.0064430714785657095,-0.0010763924932488678,-0.00010951390678093365,0.76,0.78,0.9,0.98,0.98,171262873.21231642,176042906.40933454,15
2020-01-03,0.74,0.169,0.091,0.68,0.0,0.0,-0.00034571433204415715,-0.00034571433204415715,hold,False,False,False,False,0.37500438590214713,0.04495631163209125,0.19256868533291777,-0.0001389704916140433,-0.0014371370902352965,0.0,0.76,0.78,0.9,0.98,0.98,171203665.18249986,175982045.85353413,15
2020-01-06,0.74,0.169,0.091,0.68,0.0,0.0,0.005186737793209681,0.005186737793209681,hold,False,False,False,False,0.3974342469078754,0.04742016650551237,0.23229546730983736,0.007516175012262538,-0.00233809701209009,0.00021875471624865916,0.76,0.78,0.9,0.98,0.98,172091653.70303795,176894818.58168906,16
2020-01-07,0.74,0.169,0.091,0.68,0.0,0.0,0.006402328011409768,0.006402328011409768,hold,False,False,False,False,0.4210471226798337,0.048972003790393064,0.2631880830545201,0.008473678442660226,0.00072100767034744,0.000109402940137171,0.76,0.78,0.9,0.98,0.98,173193440.91807076,178027357.23376787,16
2020-01-08,0.74,0.169,0.091,0.68,0.0,0.0,-0.0015270532618338682,-0.0015270532618338682,hold,False,False,False,False,0.44721884720227434,0.051616121613650576,0.291450558895723,-0.0025573640966064515,0.0021621075127509215,0.0,0.76,0.78,0.9,0.98,0.98,172928965.3091886,177755499.97720838,16
2020-01-09,0.74,0.169,0.091,0.68,0.0,0.0,0.008339897651151345,0.008339897651151345,hold,False,False,False,False,0.4811684153430262,0.05856963136911389,0.34086526796799815,0.011537028256770832,-0.001168658336444195,0.0,0.76,0.78,0.9,0.98,0.98,174371175.18078673,179237962.6539475,16
2020-01-10,0.74,0.169,0.091,0.68,0.0,0.0,-0.002579262240772289,-0.002579262240772289,hold,False,False,False,False,0.49559488907103233,0.06284690178409692,0.3826109599385273,-0.003937633627587478,0.001979802625103222,0.0,0.76,0.78,0.9,0.98,0.98,173921426.19276384,178775660.94476122,16
2020-01-13,0.74,0.169,0.091,0.6,0.0,0.0,0.0007375253013671739,0.0007375253013671739,hold,False,False,False,False,0.521691683788929,0.06898711150499598,0.4132861648152639,0.00040892442301121434,0.00251475547841129,0.00010909398337766163,0.76,0.78,0.9,0.98,0.98,174049697.64503086,178907512.51797664,16
2020-01-14,0.6,0.26,0.13999999999999999,0.6,0.28,0.00028000000000000003,0.005245026917237392,0.004965026917237392,scheduled,False,False,False,False,0.5274507882891846,0.07116892838909909,0.4334437845771553,0.009583646487380637,-0.0020607729397166263,0.0002188570652523758,0.76,0.78,0.9,0.98,0.98,174913859.07877547,179845887.23682943,16
2020-01-15,0.6,0.26,0.13999999999999999,0.6,0.0,0.0,0.002743921117320218,0.002743921117320218,hold,False,False,False,False,0.5387087131067181,0.07349414582961898,0.4594047629875864,0.0049486321116953835,-0.0008074939798368153,-0.00010935510671028492,0.76,0.78,0.9,0.98,0.98,175393808.91041368,180339370.16468176,16
2020-01-16,0.6,0.26,0.13999999999999999,0.6,0.0,0.0,0.0007745349805541269,0.0007745349805541269,hold,False,False,False,False,0.5502659115585733,0.07193326485338641,0.449650671198172,-0.00044775055141288433,0.00395336123878387,0.00010936706655750861,0.76,0.78,0.9,0.98,0.98,175529657.55078745,180479049.31524542,16
2020-01-17,0.6,0.26,0.13999999999999999,0.6,0.0,0.0,0.001632021289672827,0.001632021289672827,hold,False,False,False,False,0.5482795933926887,0.07179373207358991,0.44100972135742855,0.0026425357848558484,0.00017884545676660757,0.0,0.76,0.78,0.9,0.98,0.98,175816125.6888793,180773594.9660678,16
2020-01-21,0.6,0.26,0.13999999999999999,0.6,0.0,0.0,0.0025961716617236208,0.0025961716617236208,hold,False,False,False,False,0.542773513499259,0.07193247646443003,0.4309352239938264,0.0032160121647186735,0.002504825569049851,0.00010935510671039594,0.76,0.78,0.9,0.98,0.98,176272574.5320668,181242914.25050658,16
2020-01-22,0.6,0.26,0.13999999999999999,0.6,0.0,0.0,-0.0041207743952778614,-0.0041207743952778614,hold,False,False,False,False,0.5414889741713993,0.07148931211156066,0.424304844696773,-0.008415251282330338,0.0035706783620013116,0.0,0.76,0.78,0.9,0.98,0.98,175546195.02034533,180496053.09013754,16
2020-01-23,0.6,0.26,0.13999999999999999,0.6,0.0,0.0,-0.010620599974806426,-0.010620599974806426,hold,False,False,False,False,0.5417987904530162,0.07102637400614559,0.4182646440831405,-0.020655505719941347,0.006759372986628875,0.00010904629024910406,0.76,0.78,0.9,0.98,0.98,173681789.1059349,178579076.71323577,16
2020-01-24,0.6,0.26,0.13999999999999999,0.6,0.0,0.0,0.008343148375714907,0.008343148375714907,hold,False,False,False,False,0.5752880544648613,0.07115083001399478,0.42769804033393866,0.015360047716025838,-0.003357231745771516,0.0,0.76,0.78,0.9,0.98,0.98,175130842.04260528,180068988.44705245,16
2020-01-27,0.6,0.26,0.13999999999999999,0.6,0.0,0.0,0.002234988316793025,0.002234988316793025,hold,False,False,False,False,0.6037288353730772,0.08326486671089373,0.45101083187405433,0.0016253635940433053,0.004786399186704315,0.0001093312273137137,0.76,0.78,0.9,0.98,0.98,175522257.42848063,180471440.53244832,16
2020-01-28,0.6,0.26,0.13999999999999999,0.6,0.0,0.0,0.0023895341832983782,0.0023895341832983782,hold,False,False,False,False,0.629506985536928,0.09270500469487604,0.46882459073298155,0.0035618883726069583,0.0009707736912853981,0.0,0.76,0.78,0.9,0.98,0.98,175941673.8625357,180902683.20870972,16
2020-01-29,0.6,0.26,0.13999999999999999,0.6,0.0,0.0,-0.008208958752427583,-0.008208958752427583,hold,False,False,False,False,0.630748078369882,0.09674301277878589,0.48721383116894057,-0.0158582651547855,0.0050230782324758305,0.0,0.76,0.78,0.9,0.98,0.98,174497375.91896507,179417660.54404595,16
2020-01-30,0.6,0.26,0.13999999999999999,0.6,0.0,0.0,0.008856378385723226,0.008856378385723226,hold,False,False,False,False,0.6237521075783568,0.09936674235126626,0.49899997679317465,0.015109182949025524,-0.000851549397453466,8.76532831843857e-05,0.76,0.78,0.9,0.98,0.98,176042790.70741922,181006651.23490527,16
2020-01-31,0.6,0.26,0.13999999999999999,0.6,0.0,0.0,0.012225224009805646,0.012225224009805646,hold,False,False,False,False,0.6439725692256091,0.10360625318472759,0.505755497044232,0.022888983456983425,-0.005800638709170802,0.0,0.76,0.78,0.9,0.98,0.98,178194953.25912878,183219498.09351677,16
2020-02-03,0.6,0.26,0.13999999999999999,0.6,0.0,0.0,0.000882827777476687,0.000882827777476687,hold,False,False,False,False,0.6405970197307913,0.10551199961489459,0.5153711148031861,0.003297156881716168,-0.004331050253303492,0.00021861938789924373,0.76,0.78,0.9,0.98,0.98,178352268.7136721,183381249.35580903,16
2020-02-04,0.6,0.26,0.13999999999999999,0.6,0.0,0.0,0.005379022813533272,0.005379022813533272,hold,False,False,False,False,0.6300137178143745,0.1078277103355659,0.5291156269828459,0.008631822877067652,0.0007100585725157149,0.0001093847031328199,0.76,0.78,0.9,0.98,0.98,179311629.63592836,184367661.27966818,16
2020-02-05,0.6,0.26,0.13999999999999999,0.6,0.0,0.0,-0.00133474214444925,-0.00133474214444925,hold,False,False,False,False,0.6208194692463342,0.12115859877234002,0.5309596327163487,-0.004300677213075921,0.004791016089985778,0.0,0.76,0.78,0.9,0.98,0.98,179072294.8468634,184121577.99208465,16
2020-02-06,0.6,0.26,0.13999999999999999,0.6,0.0,0.0,0.0077410164749566945,0.0077410164749566945,hold,False,False,False,False,0.6117303363629181,0.1467687547726783,0.5204276676715032,0.012085480381404112,0.001942463190900634,-0.00010937273942812631,0.76,0.78,0.9,0.98,0.98,180458496.43148127,185546866.1607164,16
2020-02-07,0.6,0.26,0.13999999999999999,0.6,0.0,0.0,-0.000500000746123277,-0.000500000746123277,hold,False,False,False,False,0.6049805992951989,0.16378603449084117,0.5148169331579153,0.00017241342828944184,-0.0023798563905212955,0.0001093847031328199,0.76,0.78,0.9,0.98,0.98,180368267.04862127,185454092.58919522,16
2020-02-10,0.6,0.26,0.13999999999999999,0.6,0.0,0.0,0.005193905823348448,0.005193905823348448,hold,False,False,False,False,0.5948977726780623,0.18005955957955297,0.5133406433929297,0.0097409078342936,-0.002561190487676779,0.000109076068344649,0.76,0.78,0.9,0.98,0.98,181305082.84119236,186417323.68065804,16
2020-02-11,0.6,0.26,0.13999999999999999,0.6,0.0,0.0,-0.0005227611513689023,-0.0005227611513689023,hold,False,False,False,False,0.5985456122520008,0.19313842877247323,0.5113319492703757,-0.0012804730762051575,0.0008854314647879225,0.00010936081078094517,0.76,0.78,0.9,0.98,0.98,181210303.5873373,186319871.94589564,16
2020-02-12,0.6,0.26,0.13999999999999999,0.6,0.0,0.0,0.0023624436974376195,0.0023624436974376195,hold,False,False,False,False,0.6015608566673426,0.20714332337159294,0.5026154978031657,0.002863746103104692,0.002477677059903094,0.0,0.76,0.78,0.9,0.98,0.98,181638402.72695795,186760042.1530816,16
2020-02-13,0.6,0.26,0.13999999999999999,0.6,0.0,0.0,0.000658493986028228,0.000658493986028228,hold,False,False,False,False,0.6053188128524891,0.213934162883345,0.4984158831731714,0.000383482103876176,0.001588777087513149,0.00010944772106502576,0.76,0.78,0.9,0.98,0.98,181758010.5227854,186883022.51766974,16
2020-02-14,0.6,0.26,0.13999999999999999,0.6,0.0,0.0,0.005705331559578236,0.005705331559578236,hold,False,False,False,False,0.601597207282027,0.22100837389964822,0.493597919466632,0.009585401131550153,-0.00017657353596867154,0.0,0.76,0.78,0.9,0.98,0.98,182795000.23642722,187949252.1239892,16
2020-02-18,0.6,0.26,0.13999999999999999,0.6,0.0,0.0,-0.004813863079081674,-0.004813863079081674,hold,False,False,False,False,0.6017109040126506,0.22306896259473166,0.4917005111549775,-0.009283600051151697,0.0029088344292667045,0.0,0.76,0.78,0.9,0.98,0.98,181915050.13374832,187044490.1584485,16
2020-02-19,0.6,0.26,0.13999999999999999,0.6,0.0,0.0,-0.010443846235145502,-0.010443846235145502,hold,False,False,False,False,0.5985795411247986,0.2220610179507224,0.4759286663836399,-0.019209277069043074,0.004042767378524603,0.0002185749133138959,0.76,0.78,0.9,0.98,0.98,180015157.3222927,185091026.26410246,16
2020-02-20,0.6,0.26,0.13999999999999999,0.6,0.0,0.0,-0.021128043789578756,-0.021128043789578756,hold,False,False,False,False,0.6253017241343094,0.22930123981794692,0.4838260882252325,-0.03856330503952188,0.007789396358044209,-0.00010931299255090288,0.76,0.78,0.9,0.98,0.98,176211789.19559938,181180414.9561364,16
2020-02-21,0.6,0.26,0.13999999999999999,0.52,0.0,0.0,-0.01559257581551165,-0.01559257581551165,hold,False,False,False,False,0.6547073725301201,0.2331887744286633,0.4945494948457685,-0.02719197312034316,0.002779261756516327,0.0,0.76,0.78,0.9,0.98,0.98,173464193.51298004,178355345.599647,16
2020-02-24,0.6,0.26,0.13999999999999999,0.52,0.0,0.0,0.0029877255956525617,0.0029877255956525617,hold,False,False,False,False,0.7136896247743201,0.2677572492713265,0.4551724467372057,0.005153868389734528,-0.0005198650249210734,0.00021835334493802705,0.76,0.78,0.9,0.98,0.98,173982456.92386797,178888222.4308165,16
2020-02-25,0.6,0.26,0.13999999999999999,0.78,0.0,0.0,-0.02875192425893693,-0.02875192425893693,hold,True,False,False,False,0.7661558602063829,0.3204879832977599,0.40491449785982736,-0.05007383794737308,0.004852924509102463,0.00021870097943055278,0.76,0.78,0.9,0.98,0.98,168980126.50000918,173744841.8086698,16
2020-02-26,0.78,0.143,0.07699999999999999,0.78,0.3600000000000001,0.00036000000000000013,0.002201622220669595,0.0018416222206695948,scheduled,True,False,False,False,0.8064191254831087,0.3515012252163201,0.3663379264290629,0.0007781104128359306,0.01121061572909876,-0.00010937598186433473,0.76,0.78,0.9,0.98,0.98,169291324.05582318,174127362.31312248,16
2020-02-27,0.42,0.37700000000000006,0.203,0.42,0.7200000000000002,0.0007200000000000003,0.021475983839468162,0.02075598383946816,scheduled,False,False,False,False,0.8413901577038118,0.34157946337773215,0.3439079147708498,0.05160340299031074,-0.0006827664608946016,0.0002953573364281592,0.76,0.78,0.9,0.98,0.98,172805132.042088,177866918.73216835,16
2020-02-28,0.42,0.37700000000000006,0.203,0.30000000000000004,0.0,0.0,-0.00904333683187722,-0.00904333683187722,hold,False,False,False,False,0.8679762042792549,0.33600432274306336,0.3279274134221605,-0.03206715771484092,0.011619446090137542,0.00021841493780350163,0.76,0.78,0.9,0.98,0.98,171242397.02675438,176258408.27482522,16
2020-03-02,0.42,0.37700000000000006,0.203,0.30000000000000004,0.0,0.0,0.0167843632299542,0.0167843632299542,hold,False,False,False,False,0.8851450687074595,0.3117620974597672,0.3327872684883275,0.041722387443526854,-0.0021956412316365137,0.0004370307783245764,0.76,0.78,0.9,0.98,0.98,174116591.61881948,179216793.42164344,16
2020-03-03,0.42,0.37700000000000006,0.203,0.30000000000000004,0.0,0.0,-0.009365549768278887,-0.009365549768278887,hold,False,False,False,False,0.8954661649036357,0.3052260843347829,0.3272055743158246,-0.030382428845701637,0.008887535380208034,0.00021906161860774098,0.76,0.78,0.9,0.98,0.98,172485894.01453033,177538329.6235417,16
2020-03-04,0.30000000000000004,0.455,0.245,0.30000000000000004,0.23999999999999988,0.0002399999999999999,-0.000442295825889295,-0.0006822958258892949,scheduled,False,False,False,False,0.9047086053764783,0.2852908404746459,0.3443039602612502,-0.016872019529973192,0.010152329743082777,0.0,0.76,0.78,0.9,0.98,0.98,172368207.60901943,177459805.16141388,16
2020-03-05,0.30000000000000004,0.455,0.245,0.30000000000000004,0.0,0.0,-0.016651029570643086,-0.016651029570643086,hold,False,False,False,False,0.9084825883564326,0.2841723683474296,0.3422362918385653,-0.0694644285910877,0.008969935958170971,0.0004366454927160479,0.76,0.78,0.9,0.98,0.98,169498099.4870829,174504916.6980706,16
2020-03-06,0.30000000000000004,0.455,0.245,0.30000000000000004,0.0,0.0,0.007929316702985188,0.007929316702985188,hold,False,False,False,False,0.9138635680270919,0.28230932768291,0.34123920866171104,0.0544503705557744,-0.01835681957630997,-0.00021812880214733266,0.76,0.78,0.9,0.98,0.98,170842103.59847006,175888621.44879767,16
2020-03-09,0.30000000000000004,0.455,0.245,0.30000000000000004,0.0,0.0,-0.017553600427388776,-0.017553600427388776,hold,False,False,False,False,0.9214099239701575,0.2762005795026642,0.34668871357741105,-0.04355499986386102,-0.00997923886690677,0.000218176392702496,0.76,0.78,0.9,0.98,0.98,167843209.57572797,172801142.86816123,16
2020-03-10,0.30000000000000004,0.455,0.245,0.30000000000000004,0.0,0.0,-0.02724923278383287,-0.02724923278383287,hold,False,False,False,False,0.926593569024991,0.2738540482272407,0.34933916443580887,-0.09169121904451849,0.0005084122056919771,0.00010940969768502562,0.76,0.78,0.9,0.98,0.98,163269610.88681334,168092444.30083436,16
2020-03-11,0.30000000000000004,0.455,0.245,0.30000000000000004,0.0,0.0,0.022499129849787518,0.022499129849787518,hold,False,False,False,False,0.9304230683331125,0.2956121550936313,0.3393968675961185,0.0847053619391045,-0.006518758863028218,0.0002185981662612413,0.76,0.78,0.9,0.98,0.98,166943035.06268,171874378.031927,16
2020-03-12,0.30000000000000004,0.455,0.245,0.30000000000000004,0.0,0.0,-0.02389021353205454,-0.02389021353205454,hold,False,False,False,False,0.9316049071613276,0.3118370642467448,0.32303916770443986,-0.11978794301913254,0.026416522560228195,0.00010878207665876438,0.76,0.78,0.9,0.98,0.98,162954730.3073433,167768262.4400552,16
2020-03-13,0.30000000000000004,0.455,0.245,0.30000000000000004,0.0,0.0,0.011344486587405585,0.011344486587405585,hold,False,False,False,False,0.9329929465400669,0.3392087005066846,0.3069308832825156,0.07584174959007073,-0.025072611625528873,0.0,0.76,0.78,0.9,0.98,0.98,164803368.05966926,169671507.24309874,16
2020-03-16,0.30000000000000004,0.455,0.245,0.30000000000000004,0.0,0.0,-0.01538698716287669,-0.01538698716287669,hold,False,False,False,False,0.9338255550226192,0.35743515335011494,0.2933390482753445,-0.030415993112448136,-0.013880721430736598,0.00021852661976695664,0.76,0.78,0.9,0.98,0.98,162267540.75093627,167060773.93924323,16
2020-03-17,0.30000000000000004,0.455,0.245,0.30000000000000004,0.0,0.0,0.0032400951518592094,0.0032400951518592094,hold,False,False,False,False,0.9345327038884625,0.37797364642636866,0.2843436239050569,0.006002103147845217,0.0032813000707763162,-0.0002184788763166523,0.76,0.78,0.9,0.98,0.98,162793303.0230275,167602066.7429496,16
2020-03-18,0.30000000000000004,0.455,0.245,0.30000000000000004,0.0,0.0,-8.021711494916636e-05,-8.021711494916636e-05,hold,False,False,False,False,0.935252000340854,0.3876377131221928,0.28148995685123945,-0.03917606588464195,0.02547794118491864,0.0003270996379813873,0.76,0.78,0.9,0.98,0.98,162780244.21392593,167588622.18869597,16
2020-03-19,0.30000000000000004,0.455,0.245,0.30000000000000004,0.0,0.0,0.005548102312121091,0.005548102312121091,hold,False,False,False,False,0.9358349445827565,0.4000459676481935,0.27660548437717963,0.0007222811730136502,0.011834713321631884,-0.00021786367806331253,0.76,0.78,0.9,0.98,0.98,163683365.66321686,168518421.01094627,16
2020-03-20,0.30000000000000004,0.455,0.245,0.30000000000000004,0.0,0.0,0.020136468520893173,0.020136468520893173,hold,False,False,False,False,0.9362901235645831,0.4102049740401933,0.2710982106650786,0.07743759400280315,-0.006801779516368733,0.0,0.76,0.78,0.9,0.98,0.98,166979370.60328805,171911786.8908238,16
2020-03-23,0.30000000000000004,0.455,0.245,0.30000000000000004,0.0,0.0,-0.0019556217706771053,-0.0019556217706771053,hold,False,False,False,False,0.9366091046501562,0.4248309031202445,0.26513926800766674,-0.007405215971199808,0.0005844901553468951,0.0,0.76,0.78,0.9,0.98,0.98,166652822.1108823,171575592.4577441,16
2020-03-24,0.30000000000000004,0.455,0.245,0.30000000000000004,0.0,0.0,0.016899443612668538,0.016899443612668538,hold,False,False,False,False,0.935191192758781,0.43974350952163704,0.26286104333906685,0.05266056252861673,0.0024203842946890486,0.0,0.76,0.78,0.9,0.98,0.98,169469162.08103725,174475124.50779393,16
2020-03-25,0.30000000000000004,0.455,0.245,0.30000000000000004,0.0,0.0,-0.006999146066079469,-0.006999146066079469,hold,False,False,False,False,0.9334696498011815,0.44261713411132525,0.26302283313883484,-0.03439290572477671,0.0074112393051335435,-0.00021791115298863684,0.76,0.78,0.9,0.98,0.98,168283022.66193599,173253947.6264665,16
2020-03-26,0.30000000000000004,0.455,0.245,0.30000000000000004,0.0,0.0,0.011965148010240767,0.011965148010240767,hold,False,False,False,False,0.9193138239156655,0.45427720693506857,0.25526053449714614,0.036373440262178924,0.00231454050898261,0.0,0.76,0.78,0.9,0.98,0.98,170296553.93569675,175326956.75317568,16
2020-03-27,0.30000000000000004,0.455,0.245,0.30000000000000004,0.0,0.0,-0.0017098029111046182,-0.0017098029111046182,hold,False,False,False,False,0.919496015263457,0.45486382316318885,0.2541214974749352,-0.008539941571895193,0.0018143471465550398,0.00010878207665876438,0.76,0.78,0.9,0.98,0.98,170005380.39202645,175027182.212124,16
2020-03-30,0.30000000000000004,0.455,0.245,0.30000000000000004,0.0,0.0,-0.010915635696589538,-0.010915635696589538,hold,False,False,False,False,0.9091001142210208,0.4559459225299606,0.25110909523575814,-0.042489373880898795,0.00407160969743714,-8.737120266855136e-05,0.76,0.78,0.9,0.98,0.98,168149663.59320694,173116649.25409585,16
2020-03-31,0.30000000000000004,0.455,0.245,0.30000000000000004,0.0,0.0,0.0061897562556999415,0.0061897562556999415,hold,False,False,False,False,0.9059842183550032,0.4600083359155249,0.2549442067841315,0.020295039539201642,0.00016356971272579734,0.00010947010060902151,0.76,0.78,0.9,0.98,0.98,169190469.02532685,174188199.1167822,16
2020-04-01,0.30000000000000004,0.455,0.245,0.30000000000000004,0.0,0.0,-0.004001846187080109,-0.004001846187080109,hold,False,False,False,False,0.9129795696109408,0.4537689595425652,0.26174391503761235,-0.014192595313167411,0.0007389340792021137,-0.0003276840782320267,0.76,0.78,0.9,0.98,0.98,168513394.79196754,173491124.73631233,16
2020-04-02,0.30000000000000004,0.455,0.245,0.30000000000000004,0.0,0.0,0.019422903881353017,0.019422903881353017,hold,False,False,False,False,0.9184873920507637,0.45954913066384084,0.2608950482935197,0.07149453473283685,-0.004510511138294704,0.00010949399765736167,0.76,0.78,0.9,0.98,0.98,171786414.2617324,176860826.17633355,16
2020-04-03,0.30000000000000004,0.455,0.245,0.30000000000000004,0.0,0.0,-0.002199771743548544,-0.002199771743548544,hold,False,False,False,False,0.9243563891818678,0.4590278105815795,0.26221342791807234,-0.00040713145054671607,-0.004448427370030705,-0.00021876675518595068,0.76,0.78,0.9,0.98,0.98,171408523.36171392,176471772.7283702,16
2020-04-06,0.30000000000000004,0.455,0.245,0.30000000000000004,0.0,0.0,0.005831633315544307,0.005831633315544307,hold,False,False,False,False,0.9078438141473053,0.4636632469792217,0.2675243213943084,0.02123223072123559,-0.0012413549936222124,0.0001093086582519831,0.76,0.78,0.9,0.98,0.98,172408115.01711833,177500891.39746612,17
2020-04-07,0.30000000000000004,0.455,0.245,0.42,0.0,0.0,0.0013602056071976671,0.0013602056071976671,hold,False,False,False,False,0.852095997968906,0.46929635552458643,0.2768894075322609,0.0014457264537139913,0.0021540470214229668,-0.00021879070883257246,0.76,0.78,0.9,0.98,0.98,172642625.50189102,177742329.10522756,17
2020-04-08,0.78,0.143,0.07699999999999999,0.78,0.9600000000000001,0.0009600000000000001,0.008136459793321666,0.007176459793321666,scheduled,True,False,False,False,0.7850289461311653,0.4770108644491603,0.28775002385609194,0.010803815210073342,-0.002149417075972715,0.00021883858868254613,0.76,0.78,0.9,0.98,0.98,173881588.36241886,179188522.4195636,17
2020-04-09,0.78,0.143,0.07699999999999999,0.78,0.0,0.0,0.034120946988193616,0.034120946988193616,hold,True,False,False,False,0.7580330682767149,0.49549562129988195,0.28234870905331055,0.043490928423939534,0.0013258166412668526,0.00010949399765736167,0.76,0.78,0.9,0.98,0.98,179814592.82115585,185302604.49393424,17
2020-04-13,0.78,0.143,0.07699999999999999,0.78,0.0,0.0,-0.007677138562889054,-0.007677138562889054,hold,True,False,False,False,0.723822537286037,0.5157332865290096,0.2711425085956087,-0.011469933550258493,0.00893594210549109,-0.00010948201003446734,0.76,0.78,0.9,0.98,0.98,178434131.27643836,183880010.72317007,17
2020-04-14,0.78,0.143,0.07699999999999999,0.9,0.0,0.0,0.014371305333063706,0.014371305333063706,hold,True,True,False,False,0.6815007539264513,0.5313130086507317,0.26034650165081064,0.01824007355778523,0.0010661804528091512,-0.00010929671117509976,0.76,0.78,0.9,0.98,0.98,180998462.658852,186522606.50191978,17
2020-04-15,0.78,0.143,0.07699999999999999,0.9,0.0,0.0,0.007103640131560813,0.007103640131560813,hold,True,True,False,False,0.7071621262782926,0.5434204935473529,0.2527795054198226,0.009566199945485021,-0.00262129057348226,0.0002188146245514222,0.76,0.78,0.9,0.98,0.98,182284210.6019462,187847595.9749101,17
2020-04-16,0.98,0.013000000000000012,0.007000000000000005,0.98,0.3999999999999999,0.0003999999999999999,-0.011574064880872337,-0.011974064880872336,tier_force,True,True,True,False,0.6478784292008068,0.5510513684257512,0.24443085928635047,-0.011844351881791226,0.002628179796408059,-0.00010948201003446734,0.76,0.78,0.9,0.98,0.98,180101527.6374399,185673435.71138063,17
2020-04-17,0.98,0.013000000000000012,0.007000000000000005,0.98,0.0,0.0,-0.036125214525925965,-0.036125214525925965,tier_force,True,True,True,False,0.6025774761338224,0.5553126416437547,0.23916348662238054,-0.036899409287726725,0.002785121234325061,0.0,0.76,0.78,0.9,0.98,0.98,173595321.31509042,178965943.01454127,17
2020-04-20,0.98,0.013000000000000012,0.007000000000000005,0.98,0.0,0.0,0.029040549175113107,0.029040549175113107,tier_force,True,True,True,False,0.6355581942423575,0.5663043803673791,0.2321632078917072,0.02967439366327307,-0.0031043549918845503,0.0,0.76,0.78,0.9,0.98,0.98,178636624.78031087,184163212.28332555,17
2020-04-21,0.98,0.013000000000000012,0.007000000000000005,0.9,0.0,0.0,-0.002081069534519887,-0.002081069534519887,hold,True,True,False,False,0.6977070028502041,0.5582065771006413,0.23391127643851173,-0.002133019314227047,0.0006556104183859102,0.00010949399765736167,0.76,0.78,0.9,0.98,0.98,178264869.54273108,183779955.8328634,17
2020-04-22,0.98,0.013000000000000012,0.007000000000000005,0.78,0.0,0.0,0.015457241053012277,0.015457241053012277,hold,True,False,False,False,0.7255280751674097,0.5631366013479343,0.23272152631394083,0.015770216206768106,0.00024581111152111035,-0.00010948201003446734,0.76,0.78,0.9,0.98,0.98,181020352.60253686,186620686.9108839,17
2020-04-23,0.98,0.013000000000000012,0.007000000000000005,0.78,0.0,0.0,0.007813357326867096,0.007813357326867096,hold,True,False,False,False,0.7473909049249232,0.5660727217042528,0.23246859080278887,0.00804341481615567,-0.005322245612727761,0.0,0.76,0.78,0.9,0.98,0.98,182434729.30085596,188078821.02230406,17
2020-04-24,0.9,0.06499999999999999,0.03499999999999999,0.9,0.15999999999999992,0.00015999999999999993,-0.016667351695106584,-0.016827351695106584,scheduled,True,True,False,False,0.7160555890959904,0.5709260599426026,0.22270383121222223,-0.01883436213252787,0.00436268037182308,0.0,0.76,0.78,0.9,0.98,0.98,179364835.94950888,184944045.16592428,17
2020-04-27,0.98,0.013000000000000012,0.007000000000000005,0.98,0.15999999999999992,0.00015999999999999993,0.03474441389309047,0.03458441389309047,tier_force,True,True,True,False,0.6750639462293987,0.5890844875246088,0.2046986331095817,0.03546078575431011,-0.0004916207042464649,-0.00010929671117509976,0.76,0.78,0.9,0.98,0.98,185568063.67385295,191369817.6182316,17
2020-04-28,0.98,0.013000000000000012,0.007000000000000005,0.9,0.0,0.0,-0.00043195109959310706,-0.00043195109959310706,hold,True,True,False,False,0.7096129159496579,0.6247779522244505,0.18048129031380622,-0.000410788634097492,-0.0023776877345711434,0.0002188146245514222,0.76,0.78,0.9,0.98,0.98,185487907.34469965,191287155.21508247,17
2020-04-29,0.98,0.013000000000000012,0.007000000000000005,0.98,0.0,0.0,-0.02760471837886485,-0.02760471837886485,tier_force,True,True,True,False,0.6689217847113575,0.6358856264625397,0.16843111823706564,-0.028185156612391293,0.0013817977747905275,-0.00017546711337956822,0.76,0.78,0.9,0.98,0.98,180367565.89976424,186006727.1658759,17
2020-04-30,0.98,0.013000000000000012,0.007000000000000005,0.98,0.0,0.0,0.01142638428826508,0.01142638428826508,tier_force,True,True,True,False,0.6368378957006906,0.6390123707038999,0.1643145000016686,0.011657393565551954,0.00016450723262795286,0.0,0.76,0.78,0.9,0.98,0.98,182428515.02087393,188132111.5106757,17
2020-05-01,0.98,0.013000000000000012,0.007000000000000005,0.98,0.0,0.0,0.011100981163054925,0.011100981163054925,tier_force,True,True,True,False,0.675325711063562,0.623333200796695,0.172893310507208,0.011337334293454182,-0.0007389572715518211,0.0,0.76,0.78,0.9,0.98,0.98,184453650.52972475,190220562.53672147,17
2020-05-04,0.98,0.013000000000000012,0.007000000000000005,0.9,0.0,0.0,0.005985759449840897,0.005985759449840897,hold,True,True,False,False,0.7030115861386197,0.6120070688488224,0.1789291711285757,0.006156210074190316,-0.0036995625022627765,0.00010969852340059205,0.76,0.78,0.9,0.98,0.98,185557745.71144068,191359177.06647968,17
2020-05-05,0.98,0.013000000000000012,0.007000000000000005,0.98,0.0,0.0,0.012697791678521572,0.012697791678521572,tier_force,True,True,True,False,0.6757876525588437,0.6128915416507639,0.1737895696574186,0.012876715866793953,0.006105994961552286,-0.00010968649095455252,0.76,0.78,0.9,0.98,0.98,187913919.31082064,193789016.03264317,17
2020-05-06,0.98,0.013000000000000012,0.007000000000000005,0.98,0.0,0.0,0.013388038015103612,0.013388038015103612,tier_force,True,True,True,False,0.6396104503622356,0.6124197119549637,0.16788440202506225,0.013704778096344183,-0.003280347639514347,0.0,0.76,0.78,0.9,0.98,0.98,190429718.00612104,196383470.74619776,17
2020-05-07,0.98,0.013000000000000012,0.007000000000000005,0.98,0.0,0.0,0.00872460336569981,0.00872460336569981,tier_force,True,True,True,False,0.6151041357927548,0.6139659383493741,0.162766313275852,0.008938986184621855,-0.0027977680687240047,0.00010969852340059205,0.76,0.78,0.9,0.98,0.98,192091141.76476648,198096838.63603786,17
2020-05-08,0.98,0.013000000000000012,0.007000000000000005,0.98,0.0,0.0,-0.020475434699090526,-0.020475434699090526,tier_force,True,True,True,True,0.5773166428665092,0.6130110126604402,0.16933551929871962,-0.02093708317399945,0.0033005239560717214,0.0,0.76,0.78,0.9,0.98,0.98,188157992.13528827,194040719.7524494,17
2020-05-11,0.98,0.013000000000000012,0.007000000000000005,0.98,0.0,0.0,-0.01223869197470941,-0.01223869197470941,tier_force,True,True,True,True,0.5494162556275555,0.5395025421213832,0.23446651107085392,-0.012515739456040453,0.002056360939248769,0.0,0.76,0.78,0.9,0.98,0.98,185855184.4269647,191665915.15284824,17
2020-05-12,0.98,0.013000000000000012,0.007000000000000005,0.98,0.0,0.0,0.011146205853803746,0.011146205853803746,tier_force,True,True,True,False,0.6038852286893747,0.4857611105681021,0.272169144723891,0.011352215972381119,0.001559219061241679,0.00010919329630088015,0.76,0.78,0.9,0.98,0.98,187926764.57158428,193802262.89829955,17
2020-05-13,0.98,0.013000000000000012,0.007000000000000005,0.9,0.0,0.0,0.006351522931101608,0.006351522931101608,hold,True,True,False,False,0.6690634446262287,0.44358792741187636,0.29581479733107996,0.006491402618312714,-0.0006553572013257014,-0.0002188558896595305,0.76,0.78,0.9,0.98,0.98,189120385.72612843,195033202.4151975,17
2020-05-14,0.98,0.013000000000000012,0.007000000000000005,0.78,0.0,0.0,0.018179663409765942,0.018179663409765942,hold,True,False,False,False,0.7068102029650634,0.41242254568958603,0.31953310875595065,0.01863226046046096,-0.006150141652753516,0.0,0.76,0.78,0.9,0.98,0.98,192558530.68255454,198578840.38883454,17
2020-05-15,0.78,0.143,0.07699999999999999,0.78,0.3999999999999999,0.0003999999999999999,-0.0015538471636907508,-0.0019538471636907505,scheduled,True,False,False,False,0.7199855810172279,0.3872428519375552,0.34077644007155217,-0.002506338442249345,0.002804872875970199,0.0,0.76,0.78,0.9,0.98,0.98,192182300.74353597,198270279.22092736,17
2020-05-18,0.78,0.143,0.07699999999999999,0.78,0.0,0.0,0.015610422862671832,0.015610422862671832,hold,True,False,False,False,0.6662104409759431,0.370732768391162,0.3622525165020581,0.019968066582415345,0.00024706942928576225,0.0,0.76,0.78,0.9,0.98,0.98,195182347.72486377,201365362.12066606,17
2020-05-19,0.78,0.143,0.07699999999999999,0.78,0.0,0.0,-0.008391888888897017,-0.008391888888897017,hold,True,False,False,False,0.6176033423710755,0.3650922120514556,0.3672218443689812,-0.010890358298271008,0.0006583482339337365,0.00010969852340059205,0.76,0.78,0.9,0.98,0.98,193544399.14968264,199675526.3756769,17
2020-05-20,0.78,0.143,0.07699999999999999,0.78,0.0,0.0,0.0029541633417591332,0.0029541633417591332,hold,True,False,False,False,0.5997622975236843,0.33797839632916854,0.3955029247027335,0.0034516449055412846,0.001890392833849175,-0.00010968649095455252,0.76,0.78,0.9,0.98,0.98,194116160.91865343,200265400.4959424,17
2020-05-21,0.78,0.143,0.07699999999999999,0.6,0.0,0.0,-0.002472747035670544,-0.002472747035670544,hold,False,False,False,False,0.623171100655695,0.2963113374556503,0.4299045350108811,-0.00269967068310506,-0.002625529294758344,0.00010969852340059205,0.76,0.78,0.9,0.98,0.98,193636160.7571661,199770194.8205187,17
2020-05-22,0.6,0.26,0.13999999999999999,0.6,0.3600000000000001,0.00036000000000000013,0.003473011034899296,0.003113011034899296,scheduled,False,False,False,False,0.605291051148996,0.26082373611967274,0.4683845852281354,0.005457484700728266,0.0008226012430614382,-0.00010968649095455252,0.76,0.78,0.9,0.98,0.98,194238952.26235867,200463998.91157436,17
2020-05-26,0.6,0.26,0.13999999999999999,0.6,0.0,0.0,-0.001016676441960096,-0.001016676441960096,hold,False,False,False,False,0.6180471960303375,0.22434692319664643,0.5197519019622594,-0.001302714377059977,-0.0009040300604773455,0.0,0.76,0.78,0.9,0.98,0.98,194041474.09548253,200260191.88641983,17
2020-05-27,0.6,0.26,0.13999999999999999,0.6,0.0,0.0,0.00962591606111132,0.00962591606111132,hold,False,False,False,False,0.6096606667039685,0.19548107791423636,0.5609498471582616,0.014652876758327382,0.003208423100441893,0.0,0.76,0.78,0.9,0.98,0.98,195909301.03749996,202187879.6839006,17
2020-05-28,0.6,0.26,0.13999999999999999,0.6,0.0,0.0,0.001712591992066428,0.001712591992066428,hold,False,False,False,False,0.5984493363796095,0.17353751790499766,0.5816389546484592,0.002999519973893028,-0.00039414532902104504,0.00010969852340059205,0.76,0.78,0.9,0.98,0.98,196244813.7376281,202534145.02754015,17
2020-05-29,0.6,0.26,0.13999999999999999,0.6,0.0,0.0,0.0035976708658496605,0.0035976708658496605,hold,False,False,False,False,0.6063987395836726,0.15646880996081858,0.6009043685539444,0.006707760653145822,-0.0016422520232224347,0.0,0.76,0.78,0.9,0.98,0.98,196950837.98658603,203262796.22044548,17
2020-06-01,0.6,0.26,0.13999999999999999,0.6,0.0,0.0,0.0011592788100548846,0.0011592788100548846,hold,False,False,False,False,0.5882876203711194,0.14329557517061853,0.6129026570874363,0.004498480055658893,-0.005922343166694044,0.0,0.76,0.78,0.9,0.98,0.98,197179158.91968644,203498434.4729764,17
2020-06-02,0.6,0.26,0.13999999999999999,0.6,0.0,0.0,-0.005240705136429303,-0.005240705136429303,hold,False,False,False,False,0.5895126444291593,0.13294811437494491,0.6177760658045455,-0.007013246895541503,-0.003972142304247694,0.0,0.76,0.78,0.9,0.98,0.98,196145801.08873925,202431959.18217856,17
2020-06-03,0.6,0.26,0.13999999999999999,0.6,0.0,0.0,0.010569718250530354,0.010569718250530354,hold,False,False,False,False,0.577781180455649,0.12986576235978792,0.6197311000648527,0.01982726359158593,-0.004984868390218944,-0.00021838659260198234,0.76,0.78,0.9,0.98,0.98,198219006.9422718,204571607.95563704,17
2020-06-04,0.6,0.26,0.13999999999999999,0.6,0.0,0.0,0.004953450686932749,0.004953450686932749,hold,False,False,False,False,0.586094815592739,0.12235503700888894,0.6227304202782651,0.007759905723371263,0.0010857150559351325,0.00010872384547755409,0.76,0.78,0.9,0.98,0.98,199200875.0183731,205584943.3275918,17
2020-06-05,0.6,0.26,0.13999999999999999,0.6,0.0,0.0,0.005279361851531843,0.005279361851531843,hold,False,False,False,False,0.5889661558425225,0.12580970177607986,0.6166512785717465,0.007244906055225986,0.0035862239169086596,0.0,0.76,0.78,0.9,0.98,0.98,200252528.51873687,206670300.6346448,17
2020-06-08,0.6,0.26,0.13999999999999999,0.6,0.0,0.0,0.009161140009502858,0.009161140009502858,hold,False,False,False,False,0.586464759927675,0.12431371816999014,0.6093279744181527,0.012001888414692852,0.007479419874657944,0.00010969852340059205,0.76,0.78,0.9,0.98,0.98,202087069.96975398,208563636.19456485,17
2020-06-09,0.6,0.26,0.13999999999999999,0.6,0.0,0.0,-0.02883787950852806,-0.02883787950852806,hold,False,False,False,False,0.58446320572621,0.12496901954547783,0.5968126519603119,-0.04954928391523117,0.0035471729368266036,-0.00021838659260198234,0.76,0.78,0.9,0.98,0.98,196259307.39573476,202549103.1841255,17
2020-06-10,0.6,0.26,0.13999999999999999,0.6,0.0,0.0,0.004222382990459359,0.004222382990459359,hold,False,False,False,False,0.5982077239388702,0.1251332400851849,0.5889661729453383,0.007948120296487948,-0.0022194999570565033,0.0002184342957234353,0.76,0.78,0.9,0.98,0.98,197087989.3570018,203404343.07214296,17
2020-06-11,0.6,0.26,0.13999999999999999,0.52,0.0,0.0,0.007086164216661309,0.007086164216661309,hold,False,False,False,False,0.66441833141703,0.13336370170253703,0.5723164043565926,0.012167161323899611,-0.0008235868372248323,0.0,0.76,0.78,0.9,0.98,0.98,198484587.21471712,204845699.64953429,17
2020-06-12,0.6,0.26,0.13999999999999999,0.52,0.0,0.0,0.009767657149490988,0.009767657149490988,hold,False,False,False,False,0.7154638868813112,0.13855835283519272,0.5636260424180208,0.01717271583026614,-0.0020614321102642164,0.0,0.76,0.78,0.9,0.98,0.98,200423316.6120887,206846562.21225852,17
2020-06-15,0.52,0.312,0.16799999999999998,0.52,0.15999999999999995,0.00015999999999999996,0.0021385099462609925,0.0019785099462609926,scheduled,False,False,False,False,0.742632800507873,0.13681063028258195,0.5729519704077888,0.00317064697202718,0.0015697869256630081,0.0,0.76,0.78,0.9,0.98,0.98,200819856.13746834,207288905.64289933,17
2020-06-16,0.52,0.312,0.16799999999999998,0.42,0.0,0.0,0.0020851288428827643,0.0020851288428827643,hold,False,False,False,False,0.7529838026824069,0.13589189011309494,0.5774039483039186,0.002709052191668837,0.002227080236202994,-0.00010968649095455252,0.76,0.78,0.9,0.98,0.98,201238591.41172412,207721129.71886495,17
2020-06-17,0.52,0.312,0.16799999999999998,0.42,0.0,0.0,1.7782996735664193e-05,1.7782996735664193e-05,hold,False,False,False,False,0.7551465735780054,0.1352358140128384,0.5770056507863844,-0.00016344152619074404,0.00032939932806042016,0.0,0.76,0.78,0.9,0.98,0.98,201242170.03693828,207724823.62303662,17
2020-06-18,0.52,0.312,0.16799999999999998,0.52,0.0,0.0,0.0059538076824265825,0.0059538076824265825,hold,False,False,False,False,0.7320973944624405,0.1342156752263295,0.5728816657391669,0.011992565979198622,-0.000904893034476606,0.0,0.76,0.78,0.9,0.98,0.98,202440327.21493238,208961577.27375418,17
2020-06-19,0.52,0.312,0.16799999999999998,0.52,0.0,0.0,0.004322815515453771,0.004322815515453771,hold,False,False,False,False,0.7235852138668404,0.13338766673068056,0.5694036608940121,0.008510904050479606,-0.0003296621499859764,0.0,0.76,0.78,0.9,0.98,0.98,203315439.40237063,209864879.62212682,17
2020-06-22,0.52,0.312,0.16799999999999998,0.52,0.0,0.0,-0.010128851576801278,-0.010128851576801278,hold,False,False,False,False,0.7017752711825151,0.13098636490878457,0.5617986521251085,-0.020615579677856544,0.0018950315887311664,0.0,0.76,0.78,0.9,0.98,0.98,201256087.49339187,207739189.40525103,17
2020-06-23,0.52,0.312,0.16799999999999998,0.52,0.0,0.0,0.005019812301957021,0.005019812301957021,hold,False,False,False,False,0.6790436167160108,0.12950877623017323,0.5568811443828608,0.00951945315856162,0.0001643182935053833,0.00010969852340059205,0.76,0.78,0.9,0.98,0.98,202266355.27723494,208782001.14382607,17
2020-06-24,0.52,0.312,0.16799999999999998,0.52,0.0,0.0,-0.011451744956818305,-0.011451744956818305,hold,False,False,False,False,0.714923871207195,0.13554960476879865,0.5589175574397093,-0.023615055088033632,0.0027131763443575263,-0.00010968649095455252,0.76,0.78,0.9,0.98,0.98,199950052.56325483,206391082.91515282,17
2020-06-25,0.52,0.312,0.16799999999999998,0.52,0.0,0.0,0.0059782533498869365,0.0059782533498869365,hold,False,False,False,False,0.722120602166621,0.13317689806762475,0.576020509450385,0.010906487309151336,0.0009835895805392347,0.0,0.76,0.78,0.9,0.98,0.98,201145404.63480118,207624941.09797713,17
2020-06-26,0.52,0.312,0.16799999999999998,0.42,0.0,0.0,0.00963050545165632,0.00963050545165632,hold,False,False,False,False,0.7550687054067613,0.1389737561780945,0.5639929662804091,0.01960157495340087,-0.0018022869362568361,0.0,0.76,0.78,0.9,0.98,0.98,203082536.55071226,209624474.22512102,17
2020-06-29,0.42,0.37700000000000006,0.203,0.42,0.20000000000000012,0.00020000000000000012,0.004314163451868549,0.004114163451868548,scheduled,False,False,False,False,0.7779602750591756,0.13886173939653979,0.5790598645172009,0.011672206660299222,-0.0015601149746873322,0.0,0.76,0.78,0.9,0.98,0.98,203918051.30030197,210528828.4704402,17
2020-06-30,0.42,0.37700000000000006,0.203,0.42,0.0,0.0,0.0033376317126688425,0.0033376317126688425,hold,False,False,False,False,0.7604286964574696,0.12839452843501503,0.6129795893403904,0.00678631674939334,0.0012337132033775067,0.00010969852340059205,0.76,0.78,0.9,0.98,0.98,204598654.65510747,211231496.16477415,17
2020-07-01,0.42,0.37700000000000006,0.203,0.52,0.0,0.0,0.00974590101909491,0.00974590101909491,hold,False,False,False,False,0.7362438347815902,0.1211224353738824,0.637149985340435,0.024584933072079984,-0.0014787918130368949,-0.00010968649095455252,0.76,0.78,0.9,0.98,0.98,206592652.89201617,213290137.4185114,17
2020-07-02,0.42,0.37700000000000006,0.203,0.52,0.0,0.0,-0.001683655975031504,-0.001683655975031504,hold,False,False,False,False,0.7223366511523299,0.11564540290591915,0.6569310663687231,-0.006889099368461604,0.00320892774462167,0.0,0.76,0.78,0.9,0.98,0.98,206244821.9375769,212931030.2042314,17
2020-07-06,0.42,0.37700000000000006,0.203,0.52,0.0,0.0,0.004944699547345042,0.004944699547345042,hold,False,False,False,False,0.7149061599865238,0.11184692525306564,0.6819686556271845,0.013171986851000517,-0.0015584480903850784,0.0,0.76,0.78,0.9,0.98,0.98,207264640.6152539,213983910.17289796,17
2020-07-07,0.42,0.37700000000000006,0.203,0.42,0.0,0.0,0.004745517729086981,0.004745517729086981,hold,False,False,False,False,0.7507910385351391,0.11300477643326229,0.6983005031932501,0.008423188911861113,0.0032036561965658183,0.0,0.76,0.78,0.9,0.96,0.98,208248218.64190638,214999374.6123628,18
2020-07-08,0.42,0.37700000000000006,0.203,0.42,0.0,0.0,0.0021489183010844496,0.0021489183010844496,hold,False,False,False,False,0.7613100472555319,0.11392836206806102,0.7103519136071996,0.006827473716214394,-0.001965224031766355,0.00010969852340059205,0.76,0.78,0.9,0.96,0.98,208695727.05011424,215461390.70318905,18
2020-07-09,0.42,0.37700000000000006,0.203,0.42,0.0,0.0,-0.008237484904586239,-0.008237484904586239,hold,False,False,False,False,0.7725457909305214,0.10868506799925051,0.7301130707951566,-0.02057045570935201,0.0010665954730546545,0.0,0.76,0.78,0.9,0.96,0.98,206976599.14888728,213686530.74975038,18
2020-07-10,0.42,0.37700000000000006,0.203,0.42,0.0,0.0,0.0029418962811299854,0.0029418962811299854,hold,False,False,False,False,0.775348195627281,0.10429004592727179,0.7456773921404425,0.007078182662707544,-8.207012521799228e-05,0.0,0.76,0.78,0.9,0.96,0.98,207585502.83620432,214315174.35989064,18
2020-07-13,0.42,0.37700000000000006,0.203,0.42,0.0,0.0,0.0007314990267438166,0.0007314990267438166,hold,False,False,False,False,0.8040368565879382,0.10296449569878235,0.7581155041023674,0.0020357725834794227,-0.0003276537355902942,0.0,0.76,0.78,0.9,0.96,0.98,207737351.42949513,214471945.7013513,18
2020-07-14,0.42,0.37700000000000006,0.203,0.42,0.0,0.0,-0.0026095767801881673,-0.0026095767801881673,hold,False,False,False,False,0.8242724835099368,0.0999084679969558,0.7694015174375934,-0.0068227613911781,0.0007380619675607658,-0.00010968649095455252,0.76,0.78,0.9,0.96,0.98,207195244.8608269,213912264.6918473,18
2020-07-15,0.42,0.37700000000000006,0.203,0.42,0.0,0.0,0.0004158186784304853,0.0004158186784304853,hold,False,False,False,False,0.8389335266665808,0.09760327735391432,0.777762024495674,0.0011579541633000012,-0.00024612962972370145,0.00010969852340059205,0.76,0.78,0.9,0.96,0.98,207281400.513722,214001213.4070515,18
2020-07-16,0.42,0.37700000000000006,0.203,0.42,0.0,0.0,0.012162964572989063,0.012162964572989063,hold,False,False,False,False,0.8529715911981606,0.09499475628041537,0.7849200129596734,0.028370928281306496,0.0006556357953324543,0.0,0.76,0.78,0.9,0.96,0.98,209802556.84480995,216604102.58429813,18
2020-07-17,0.42,0.37700000000000006,0.203,0.42,0.0,0.0,-0.0039751472316672315,-0.0039751472316672315,hold,False,False,False,False,0.8587649320391672,0.09304427803942222,0.7903339868312164,-0.010420438053558745,0.0010648189677120445,0.0,0.76,0.78,0.9,0.96,0.98,208968560.7917716,215743069.3855424,18
2020-07-20,0.42,0.37700000000000006,0.203,0.42,0.0,0.0,0.0015804340685173052,0.0015804340685173052,hold,False,False,False,False,0.8475845832249416,0.09235627667616253,0.7909416488622312,0.0035222033952377885,0.0003272546423904732,-0.00010968649095455252,0.76,0.78,0.9,0.96,0.98,209298821.82449594,216084037.0824458,18
2020-07-21,0.42,0.37700000000000006,0.203,0.42,0.0,0.0,-0.010578087952481927,-0.010578087952481927,hold,False,False,False,False,0.8545194386408399,0.0949973264076594,0.7881579556923124,-0.02611990635185024,0.000981442745477068,0.00010969852340059205,0.76,0.78,0.9,0.96,0.98,207084840.4788856,213798281.1330603,18
2020-07-22,0.42,0.37700000000000006,0.203,0.42,0.0,0.0,-0.004195441103181796,-0.004195441103181796,hold,False,False,False,False,0.8514393105332307,0.09699618494289783,0.78445967533692,-0.00949549646586445,-0.0004908918563791831,-0.00010968649095455252,0.76,0.78,0.9,0.96,0.98,206216028.22729462,212901303.03660506,18
2020-07-23,0.42,0.37700000000000006,0.203,0.30000000000000004,0.0,0.0,0.006908745105737964,0.006908745105737964,hold,False,False,False,False,0.8667866248059461,0.1006446339463827,0.7791490725376351,0.01784294818624188,-0.0015525016776753997,0.0,0.76,0.78,0.9,0.96,0.98,207640722.20303467,214372183.87196442,18
2020-07-24,0.42,0.37700000000000006,0.203,0.30000000000000004,0.0,0.0,-0.0044270804836794115,-0.0044270804836794115,hold,False,False,False,False,0.8806395991271876,0.11254748812376142,0.7658749399216487,-0.01272484780545291,0.0023742355288076666,0.00010969852340059205,0.76,0.78,0.9,0.96,0.98,206721480.0141525,213423140.9605011,18
2020-07-27,0.30000000000000004,0.455,0.245,0.30000000000000004,0.23999999999999988,0.0002399999999999999,0.004052293848206507,0.0038122938482065072,scheduled,False,False,False,False,0.8827668684442448,0.11160234193988584,0.7687875074349184,0.01152598354738199,0.001306590734048152,0.0,0.76,0.78,0.9,0.96,0.98,207509563.04070264,214287994.24168026,18
2020-07-28,0.30000000000000004,0.455,0.245,0.30000000000000004,0.0,0.0,0.0021746271817715524,0.0021746271817715524,hold,False,False,False,False,0.883309735932917,0.12554584914484992,0.7483611095893851,0.005235702545453691,0.001386350787734747,-0.00010968649095455252,0.76,0.78,0.9,0.96,0.98,207960818.97696847,214753990.73868552,18
2020-07-29,0.30000000000000004,0.455,0.245,0.30000000000000004,0.0,0.0,0.00549163479609731,0.00549163479609731,hold,False,False,False,False,0.8747374348930795,0.12513770177416741,0.7393149443405271,0.017845162178780294,0.000244417591714452,0.00010969852340059205,0.76,0.78,0.9,0.96,0.98,209102863.84668732,215933341.22682685,18
2020-07-30,0.30000000000000004,0.455,0.245,0.30000000000000004,0.0,0.0,0.003802785757265781,0.003802785757265781,hold,False,False,False,False,0.8667284125903457,0.12080865678531438,0.7438305296157915,0.013506748686436643,-0.0004887157327062575,-0.00010968649095455252,0.76,0.78,0.9,0.96,0.98,209898037.23912698,216754489.46136308,18
2020-07-31,0.30000000000000004,0.455,0.245,0.42,0.0,0.0,0.002698773029070246,0.002698773029070246,hold,False,False,False,False,0.8183929052069194,0.11551685414430778,0.7478356682309356,0.003712406801937629,0.003424560110452335,0.00010969852340059205,0.76,0.78,0.9,0.96,0.98,210464504.40088272,217339460.63145128,18
2020-08-03,0.30000000000000004,0.455,0.245,0.42,0.0,0.0,-0.0007993660086383174,-0.0007993660086383174,hold,False,False,False,False,0.775245441951931,0.11094093534805884,0.7502542920208214,0.0024781116278396187,-0.0033317061685853577,-0.00010968649095455252,0.76,0.78,0.9,0.96,0.98,210296266.23003978,217165726.85428673,18
2020-08-04,0.52,0.312,0.16799999999999998,0.52,0.44,0.00044,0.007243328207142662,0.0068033282071426615,scheduled,False,False,False,False,0.7269811495829973,0.10611955817577944,0.7503983237582413,0.013244751030731194,0.0011412104844950033,0.0,0.76,0.78,0.9,0.96,0.98,211726980.74993938,218738729.48923504,18
2020-08-05,0.52,0.312,0.16799999999999998,0.52,0.0,0.0,-0.006644127142819129,-0.006644127142819129,hold,False,False,False,False,0.6948008175707872,0.10206547520709082,0.752935398134558,-0.011542417471094857,-0.0021169852877599427,0.00010969852340059205,0.76,0.78,0.9,0.96,0.98,210320239.77027157,217285401.55944982,18
2020-08-06,0.52,0.312,0.16799999999999998,0.52,0.0,0.0,-0.002553049539062694,-0.002553049539062694,hold,False,False,False,False,0.6807839867485326,0.09947070869388162,0.7550056508385706,-0.004273181004743054,-0.0010608827455009795,0.0,0.76,0.78,0.9,0.96,0.98,209783281.77907053,216730661.1651534,18
2020-08-07,0.52,0.312,0.16799999999999998,0.52,0.0,0.0,-0.010938489031679583,-0.010938489031679583,hold,False,False,False,False,0.706037421301958,0.09780938135557717,0.76054501287747,-0.01894126727431389,-0.0034314189697307595,-0.00010968649095455252,0.76,0.78,0.9,0.96,0.98,207488569.65230042,214359955.20516974,18
2020-08-10,0.52,0.312,0.16799999999999998,0.52,0.0,0.0,0.012158216660236648,0.012158216660236648,hold,False,False,False,False,0.7333534488647856,0.09639906770347953,0.7660744792692299,0.025152035574528275,-0.002951416149096331,0.0,0.76,0.78,0.9,0.96,0.98,210011260.63665572,216966189.98383284,18
2020-08-11,0.42,0.37700000000000006,0.203,0.42,0.20000000000000012,0.00020000000000000012,0.0002050588285758746,5.058828575874475e-06,scheduled,False,False,False,False,0.7651649422622977,0.10443966875509281,0.7527312096472109,0.0022804789539547787,-0.0020557324465131366,0.00010969852340059205,0.76,0.78,0.9,0.96,0.98,210012323.04762226,217010680.81659147,18
2020-08-12,0.42,0.37700000000000006,0.203,0.42,0.0,0.0,-0.0003290607170212655,-0.0003290607170212655,hold,False,False,False,False,0.7670465400202019,0.10235328865060983,0.7602004550653876,-0.0011743433303399442,0.0004945088577859025,-0.00010968649095455252,0.76,0.78,0.9,0.96,0.98,209943216.2420169,216939271.12636068,18
2020-08-13,0.42,0.37700000000000006,0.203,0.42,0.0,0.0,0.00549748917303367,0.00549748917303367,hold,False,False,False,False,0.7526851855503724,0.10058522629504575,0.7651995141642423,0.011610738449502334,0.001647159215497851,0.0,0.76,0.78,0.9,0.96,0.98,211097376.80025926,218131892.4205837,18
2020-08-14,0.42,0.37700000000000006,0.203,0.52,0.0,0.0,0.0047155733908468885,0.0047155733908468885,hold,False,False,False,False,0.749401629178763,0.09931376069504042,0.7699135454197392,0.00962505833203764,0.001726207138304403,0.00010969852340059205,0.76,0.78,0.9,0.96,0.98,212092821.97317615,219160509.36817726,18
2020-08-17,0.42,0.37700000000000006,0.203,0.52,0.0,0.0,-0.003320481360959149,-0.003320481360959149,hold,False,False,False,False,0.7297900536723736,0.09739755039853489,0.7701518909925326,-0.0067270316733013535,-0.001313337024330452,0.0,0.76,0.78,0.9,0.96,0.98,211388571.71102098,218432790.9817619,18
2020-08-18,0.52,0.312,0.16799999999999998,0.52,0.20000000000000012,0.00020000000000000012,0.008110721029374516,0.007910721029374516,scheduled,False,False,False,False,0.7147581032714101,0.09276484822165885,0.7720733775951207,0.013871707046218429,0.002876388991477352,0.0,0.76,0.78,0.9,0.96,0.98,213060807.73062477,220204438.41308266,18
2020-08-19,0.52,0.312,0.16799999999999998,0.52,0.0,0.0,0.003833953170038898,0.003833953170038898,hold,False,False,False,False,0.7245356196016709,0.08979930071587758,0.7740343081602779,0.006930205282822177,0.0007379693043954028,0.0,0.76,0.78,0.9,0.96,0.98,213877672.88983467,221048691.9177931,18
2020-08-20,0.52,0.312,0.16799999999999998,0.52,0.0,0.0,0.00281252433280445,0.00281252433280445,hold,False,False,False,False,0.7210591483004869,0.08748619296398805,0.7735670059248538,0.006244057541796355,-0.0013922615029796637,0.0,0.76,0.78,0.9,0.96,0.98,214479209.04908094,221670396.7425465,18
2020-08-21,0.52,0.312,0.16799999999999998,0.52,0.0,0.0,0.003327961214643129,0.003327961214643129,hold,False,False,False,False,0.7101805953598008,0.08486705196492837,0.7746254765973383,0.007862211061546942,-0.0023780807912849866,-0.00010968649095455252,0.76,0.78,0.9,0.96,0.98,215192987.53814358,222408107.22534025,18
2020-08-24,0.52,0.312,0.16799999999999998,0.52,0.0,0.0,0.010968116987109443,0.010968116987109443,hold,False,False,False,False,0.7080888992857923,0.08301054297798631,0.7753277765674291,0.02133922683538536,-0.0004111569464453346,0.0,0.76,0.78,0.9,0.96,0.98,217553249.4002675,224847505.36426935,18
2020-08-25,0.52,0.312,0.16799999999999998,0.52,0.0,0.0,-0.0027240133385291214,-0.0027240133385291214,hold,False,False,False,False,0.6992426355415575,0.08049605304256947,0.7789242362929323,-0.0031169359317271272,-0.0035359187629199207,0.0,0.76,0.78,0.9,0.96,0.98,216960631.44706085,224235017.76052207,18
2020-08-26,0.52,0.312,0.16799999999999998,0.52,0.0,0.0,0.0031777704503674954,0.0031777704503674954,hold,False,False,False,False,0.6979807339410479,0.07880415549036832,0.7813745347401373,0.005085233476920026,0.0016507041360185326,0.00010969852340059205,0.76,0.78,0.9,0.96,0.98,217650082.53056642,224947585.17389908,18
2020-08-27,0.52,0.312,0.16799999999999998,0.52,0.0,0.0,0.004511532338888057,0.004511532338888057,hold,False,False,False,False,0.704399857841469,0.07736480793110853,0.7831638172911922,0.008033419473593595,0.001071007091728804,0.0,0.76,0.78,0.9,0.96,0.98,218632017.9164647,225962443.4789659,18
2020-08-28,0.52,0.312,0.16799999999999998,0.52,0.0,0.0,0.009910115373899917,0.009910115373899917,hold,False,False,False,False,0.6931322819907495,0.07626084467076286,0.7842451189651405,0.01709132539178415,0.003277647981321019,0.0,0.76,0.78,0.9,0.96,0.98,220798686.4384454,228201757.36401075,18
2020-08-31,0.52,0.312,0.16799999999999998,0.52,0.0,0.0,0.005359636383036142,0.005359636383036142,hold,False,False,False,False,0.6904481647103302,0.07539602082568614,0.7845838578824064,0.00946948781361523,0.001395842051141738,0.0,0.76,0.78,0.9,0.96,0.98,221982087.11160746,229424835.80545172,18
2020-09-01,0.52,0.312,0.16799999999999998,0.52,0.0,0.0,-0.025973378694064395,-0.025973378694064395,hold,False,False,False,False,0.6920401675767655,0.07459499014394108,0.7744658484072442,-0.05070035333619993,0.0013116422155126095,-0.00010968649095455252,0.76,0.78,0.9,0.96,0.98,216216462.29975894,223465897.6632532,18
2020-09-02,0.52,0.312,0.16799999999999998,0.52,0.0,0.0,-0.00864800578415773,-0.00864800578415773,hold,False,False,False,False,0.6923062997510251,0.07398831662194957,0.7663981941971816,-0.013325947650626335,-0.005567122941549152,0.00010969852340059205,0.76,0.78,0.9,0.96,0.98,214346621.08316052,221533363.28769937,18
2020-09-03,0.52,0.312,0.16799999999999998,0.52,0.0,0.0,-0.024325301165650674,-0.024325301165650674,hold,False,False,False,False,0.7396431675143701,0.08892447061192163,0.7486854922597342,-0.048063800451728866,0.002140625221949799,0.0,0.76,0.78,0.9,0.96,0.98,209132574.971473,216144497.50748655,18
2020-09-04,0.42,0.37700000000000006,0.203,0.42,0.20000000000000012,0.00020000000000000012,0.012129687995209077,0.011929687995209076,scheduled,False,False,False,False,0.7811886780401813,0.09997575703258359,0.7347109424929802,0.029375602373315823,-0.0004928345992567529,-0.00010968649095455252,0.76,0.78,0.9,0.96,0.98,211627461.34051734,218766262.82413363,18
2020-09-08,0.42,0.37700000000000006,0.203,0.42,0.0,0.0,-0.007908773368494375,-0.007908773368494375,hold,False,False,False,False,0.8162667366073092,0.10634597246450687,0.7283666840729248,-0.01993664128905137,0.0012324031111596856,0.0,0.76,0.78,0.9,0.96,0.98,209953747.7102254,217036090.03078505,18
2020-09-09,0.42,0.37700000000000006,0.203,0.42,0.0,0.0,-0.0023487099954166125,-0.0023487099954166125,hold,False,False,False,False,0.842417885527429,0.11127382207351548,0.7236570217218353,-0.0069396464804117874,0.001559708402152804,-0.00010871202588802475,0.76,0.78,0.9,0.96,0.98,209460627.24440318,216526335.19676363,18
2020-09-10,0.42,0.37700000000000006,0.203,0.30000000000000004,0.0,0.0,0.007018821770691193,0.007018821770691193,hold,False,False,False,False,0.8624900308738777,0.114569275306924,0.7179164301240615,0.01741506872147003,-0.0009014569081116086,0.0002184342957234353,0.76,0.78,0.9,0.96,0.98,210930794.0550089,218046094.95217067,18
2020-09-11,0.42,0.37700000000000006,0.203,0.30000000000000004,0.0,0.0,0.005723060680960555,0.005723060680960555,hold,False,False,False,False,0.8775766378261617,0.1164328166807688,0.7101074390264375,0.014173714527309311,-0.0004922200058651294,-0.00021838659260198234,0.76,0.78,0.9,0.96,0.98,212137963.7888689,219293985.98482844,18
2020-09-14,0.30000000000000004,0.455,0.245,0.30000000000000004,0.23999999999999988,0.0002399999999999999,-0.004991925030731304,-0.005231925030731304,scheduled,False,False,False,False,0.8861110557331123,0.11858674882645569,0.7073576572342171,-0.015946551308042678,-0.0005746726170785532,0.0002184342957234353,0.76,0.78,0.9,0.96,0.98,211028073.86615354,218199286.84710193,18
2020-09-15,0.30000000000000004,0.455,0.245,0.30000000000000004,0.0,0.0,-0.004537021625728151,-0.004537021625728151,hold,False,False,False,False,0.8874431609521418,0.11996998425128672,0.7054911406105098,-0.015621772889040098,0.00032859393622830524,0.0,0.76,0.78,0.9,0.96,0.98,210070634.93138704,217209311.96395817,18
2020-09-16,0.30000000000000004,0.455,0.245,0.30000000000000004,0.0,0.0,-0.004293270039032481,-0.004293270039032481,hold,False,False,False,False,0.8943031578816556,0.12660580435502047,0.6899696705337809,-0.012762986510603924,-0.0009030096058545434,-0.00021838659260198234,0.76,0.78,0.9,0.96,0.98,209168744.9683556,216276773.73270443,18
2020-09-17,0.30000000000000004,0.455,0.245,0.30000000000000004,0.0,0.0,0.0015420695287353958,0.0015420695287353958,hold,False,False,False,False,0.9001392677096712,0.13256158192702985,0.6758031738735275,0.0023982961104933587,0.0018078696606316225,0.0,0.76,0.78,0.9,0.96,0.98,209491297.7163351,216610287.55525082,18
2020-09-18,0.30000000000000004,0.455,0.245,0.30000000000000004,0.0,0.0,0.005573610780449157,0.005573610780449157,hold,False,False,False,False,0.9035268310210249,0.13851617335049105,0.6621350666837248,0.018578702601497188,0.0,0.0,0.76,0.78,0.9,0.96,0.98,210658920.67169717,217817588.98912495,18
2020-09-21,0.30000000000000004,0.455,0.245,0.30000000000000004,0.0,0.0,-0.009160260008689504,-0.009160260008689504,hold,False,False,False,False,0.9052821027860897,0.137617655990752,0.6556317103614233,-0.03053420002896501,0.0,0.0,0.76,0.78,0.9,0.96,0.98,208729230.1851945,215822323.2395187,18
2020-09-22,0.30000000000000004,0.455,0.245,0.30000000000000004,0.0,0.0,0.0016474504181080121,0.0016474504181080121,hold,False,False,False,False,0.8967562524695588,0.1343695984422998,0.6533727309145215,0.004656409208021239,0.0004920666232079984,0.00010872384547755409,0.76,0.78,0.9,0.96,0.98,209073101.2427345,216177879.81617674,18
2020-09-23,0.30000000000000004,0.455,0.245,0.30000000000000004,0.0,0.0,0.00732093145257073,0.00732093145257073,hold,False,False,False,False,0.8998819275363827,0.1370609726859335,0.643335473443091,0.023248663003083925,0.0008197076878859733,-0.00010871202588802475,0.76,0.78,0.9,0.96,0.98,210603711.08550888,217760503.25587302,18
2020-09-24,0.30000000000000004,0.455,0.245,0.30000000000000004,0.0,0.0,0.006182796120959343,0.006182796120959343,hold,False,False,False,False,0.9008713575947691,0.13607332498338884,0.6414870297962544,0.02076908020869217,-0.0001638797445940865,0.00010872384547755409,0.76,0.78,0.9,0.96,0.98,211905830.893468,219106872.0507016,18
2020-09-25,0.30000000000000004,0.455,0.245,0.30000000000000004,0.0,0.0,-0.0010173068550931455,-0.0010173068550931455,hold,False,False,False,False,0.8915763618609613,0.13516891611631082,0.6424556565048938,-0.00450985035481033,0.0007376884645053927,0.0,0.76,0.78,0.9,0.96,0.98,211690257.63906583,218883973.1277664,18
2020-09-28,0.30000000000000004,0.455,0.245,0.30000000000000004,0.0,0.0,0.0007987882534081723,0.0007987882534081723,hold,False,False,False,False,0.8693819874570747,0.13424253425549,0.6446781813987876,0.0068494340777836005,-0.0027019945573282245,-0.00010871202588802475,0.76,0.78,0.9,0.96,0.98,211859353.33022887,219058815.07436016,18
2020-09-29,0.30000000000000004,0.455,0.245,0.42,0.0,0.0,0.005019696174780095,0.005019696174780095,hold,False,False,False,False,0.8406520161066934,0.1340266436621748,0.6431590103727127,0.015872267990896027,0.0005670676428819466,0.0,0.76,0.78,0.9,0.96,0.98,212922822.91573203,220158423.77044082,18
2020-09-30,0.42,0.37700000000000006,0.203,0.42,0.23999999999999988,0.0002399999999999999,-0.012186619234610677,-0.012426619234610678,scheduled,False,False,False,False,0.8210235828931991,0.13395960837413545,0.640337850329758,-0.02813111641673216,-0.0009855446673293633,0.0,0.76,0.78,0.9,0.96,0.98,210276912.0689998,217475436.8886584,18
2020-10-01,0.42,0.37700000000000006,0.203,0.42,0.0,0.0,0.006571580260311537,0.006571580260311537,hold,False,False,False,False,0.7793052594941754,0.135100239559291,0.6404069241239929,0.021326161020778,-0.006327340499775125,0.0,0.76,0.78,0.9,0.96,0.98,211658763.67355168,218904594.17681852,18
2020-10-02,0.42,0.37700000000000006,0.203,0.42,0.0,0.0,-0.006600737945801231,-0.006600737945801231,hold,False,False,False,False,0.7986173958392366,0.1423528719583007,0.6355813006177458,-0.01784701343896733,0.0023154821165334294,0.00010872384547755409,0.76,0.78,0.9,0.96,0.98,210261659.6406103,217459662.31552538,18
2020-10-05,0.42,0.37700000000000006,0.203,0.42,0.0,0.0,0.006154967347472308,0.006154967347472308,hold,False,False,False,False,0.7669502109893728,0.1478683464242265,0.6366561831473039,0.01729913797787863,-0.002887538625945485,-0.00010871202588802475,0.76,0.78,0.9,0.96,0.98,211555813.29012358,218798119.4364698,19
2020-10-06,0.42,0.37700000000000006,0.203,0.42,0.0,0.0,0.002921840188368902,0.002921840188368902,hold,False,False,False,False,0.7877806686318345,0.15233115632456304,0.6353174107026469,0.005323039149287334,0.0018200629858573514,0.0,0.76,0.78,0.9,0.96,0.98,212173945.56747773,219437412.57497877,19
2020-10-07,0.42,0.37700000000000006,0.203,0.42,0.0,0.0,0.006231123656791531,0.006231123656791531,hold,False,False,False,False,0.7581320310351571,0.15701281263769984,0.6360779774748841,0.015280378661229888,-0.0004950540608090748,0.0,0.76,0.78,0.9,0.96,0.98,213496027.65905806,220804754.22765985,19
2020-10-08,0.42,0.37700000000000006,0.203,0.52,0.0,0.0,0.013392456290306434,0.013392456290306434,hold,False,False,False,False,0.7215459096966177,0.16084152907970045,0.6365256374877681,0.030870229000891092,0.0010739765763931874,0.00010872384547755409,0.76,0.78,0.9,0.96,0.98,216355263.87763608,223761872.24734566,19
2020-10-09,0.42,0.37700000000000006,0.203,0.52,0.0,0.0,0.000803898951227244,0.000803898951227244,hold,False,False,False,False,0.6959368555648617,0.1626744206076192,0.6377061769054224,-3.395081330404004e-05,0.002228718392759177,-0.00010871202588802475,0.76,0.78,0.9,0.96,0.98,216529191.64735982,223941754.18176997,19
2020-10-12,0.42,0.37700000000000006,0.203,0.52,0.0,0.0,-0.0033837031400925847,-0.0033837031400925847,hold,False,False,False,False,0.6930594130533556,0.1491963571061356,0.6502650446343143,-0.008352397844210824,0.00032971871213782755,0.0,0.76,0.78,0.9,0.96,0.98,215796521.14166096,223184001.76494727,19
2020-10-13,0.42,0.37700000000000006,0.203,0.52,0.0,0.0,-0.003222217397105616,-0.003222217397105616,hold,False,False,False,False,0.7009844261540189,0.13635843650729096,0.660867650030533,-0.006710959249729087,-0.0010705955231283815,0.0,0.76,0.78,0.9,0.96,0.98,215101177.8370034,222464854.3917046,19
2020-10-14,0.52,0.312,0.16799999999999998,0.52,0.20000000000000012,0.00020000000000000012,-0.0030120096134209984,-0.0032120096134209985,scheduled,False,False,False,False,0.7113152383367133,0.13343430711536486,0.6604617252354256,-0.005481264219247994,-0.000576980209782918,0.00010872384547755409,0.76,0.78,0.9,0.96,0.98,214410270.78593278,221794788.1116285,19
2020-10-15,0.52,0.312,0.16799999999999998,0.52,0.0,0.0,-0.009003710809841648,-0.009003710809841648,hold,False,False,False,False,0.743656533852213,0.1340824468207989,0.6589964231031857,-0.016325154774795902,-0.001649456176114672,0.0,0.76,0.78,0.9,0.96,0.98,212479782.7131164,219797811.9803413,19
2020-10-16,0.52,0.312,0.16799999999999998,0.42,0.0,0.0,0.0004294009544648931,0.0004294009544648931,hold,False,False,False,False,0.7729663378708016,0.13456438929387515,0.658577638346239,0.0021496343343063717,-0.002147901535337282,-0.00010871202588802475,0.76,0.78,0.9,0.96,0.98,212571021.73461795,219892193.37059498,19
2020-10-19,0.42,0.37700000000000006,0.203,0.42,0.20000000000000012,0.00020000000000000012,-0.000824166629093319,-0.001024166629093319,scheduled,False,False,False,False,0.7999935810798742,0.13433128164793856,0.6577378487529568,-0.0007734949650179956,-0.0013243998508906119,0.0,0.76,0.78,0.9,0.96,0.98,212353313.5878451,219710965.5628208,19
2020-10-20,0.42,0.37700000000000006,0.203,0.42,0.0,0.0,-0.0013053843669246629,-0.0013053843669246629,hold,False,False,False,False,0.8178832922156407,0.13414435063738978,0.6570274394707539,-3.5186078300664114e-05,-0.003481902267030046,0.00010872384547755409,0.76,0.78,0.9,0.96,0.98,212076110.89202288,219424158.30313316,19
2020-10-21,0.42,0.37700000000000006,0.203,0.42,0.0,0.0,0.0013605579011747677,0.0013605579011747677,hold,False,False,False,False,0.8321885923874195,0.13380242684181382,0.6568520009970558,0.0019702677166473226,0.0014139136874877778,0.0,0.76,0.78,0.9,0.96,0.98,212364652.72034746,219722697.57542112,19
2020-10-22,0.42,0.37700000000000006,0.203,0.42,0.0,0.0,-0.005296032425542562,-0.005296032425542562,hold,False,False,False,False,0.8372564345845444,0.13267493720389614,0.6555735847256313,-0.014996103771509284,0.002658703338173307,0.0,0.76,0.78,0.9,0.96,0.98,211239962.6335014,218559039.04443404,19
2020-10-23,0.42,0.37700000000000006,0.203,0.42,0.0,0.0,0.004100752498571044,0.004100752498571044,hold,False,False,False,False,0.8362666458076882,0.13182701344347136,0.6559063359208723,0.007808408049519766,0.0022368425968912753,-0.00010871202588802475,0.76,0.78,0.9,0.96,0.98,212106205.43806878,219455295.56988078,19
2020-10-26,0.42,0.37700000000000006,0.203,0.42,0.0,0.0,-0.016405475943574648,-0.016405475943574648,hold,False,False,False,False,0.8394350677867716,0.13148193703000471,0.652930286605535,-0.03898651227465588,-8.260156026307364e-05,0.0,0.76,0.78,0.9,0.96,0.98,208626502.18727162,215855026.99771905,19
2020-10-27,0.42,0.37700000000000006,0.203,0.42,0.0,0.0,0.005776621491178054,0.005776621491178054,hold,False,False,False,False,0.8358861439034332,0.13141167348000374,0.6535068561464084,0.017486023165592668,-0.004216390395232916,0.00010872384547755409,0.76,0.78,0.9,0.96,0.98,209831658.52343592,217101939.78565288,19
2020-10-28,0.42,0.37700000000000006,0.203,0.42,0.0,0.0,-0.011873072983896678,-0.011873072983896678,hold,False,False,False,False,0.8527507411394261,0.15468933580543198,0.6239565787162498,-0.02536278652371704,-0.003237938047574329,0.0,0.76,0.78,0.9,0.96,0.98,207340311.92745507,214524272.60963228,19
2020-10-29,0.42,0.37700000000000006,0.203,0.30000000000000004,0.0,0.0,0.0015829628156051787,0.0015829628156051787,hold,False,False,False,False,0.8652479683573352,0.16993622306847733,0.6033182355894671,0.0022278187996991328,0.0017169202114895032,0.0,0.76,0.78,0.9,0.96,0.98,207668523.93141222,214863856.55621806,19
2020-10-30,0.42,0.37700000000000006,0.203,0.30000000000000004,0.0,0.0,0.006418006618179041,0.006418006618179041,hold,False,False,False,False,0.8756426450025518,0.18514333016284618,0.5835277879937267,0.01729723249888293,-0.0022462361574318024,0.0,0.76,0.78,0.9,0.96,0.98,209001341.8923915,216242854.20960337,19
2020-11-02,0.30000000000000004,0.455,0.245,0.30000000000000004,0.23999999999999988,0.0002399999999999999,0.017196982881075653,0.016956982881075652,scheduled,False,False,False,False,0.8860793938049287,0.19572097077841794,0.5702909206555903,0.04463873167799326,0.008421973239604919,-0.00010871202588802475,0.76,0.78,0.9,0.96,0.98,212545374.06898263,219961578.87160087,19
2020-11-03,0.30000000000000004,0.455,0.245,0.30000000000000004,0.0,0.0,0.007772824225083585,0.007772824225083585,hold,False,False,False,False,0.890842512235687,0.2048435566925507,0.5672640139959132,0.026070994446467433,-0.00016508011208493656,0.00010872384547755409,0.76,0.78,0.9,0.96,0.98,214197451.90147546,221671301.56044167,19
2020-11-04,0.42,0.37700000000000006,0.203,0.42,0.23999999999999988,0.0002399999999999999,-0.0009867747499740338,-0.0012267747499740338,scheduled,False,False,False,False,0.8470610827100619,0.24016473750891604,0.5449517299834946,0.0007470586974691606,-0.0033911693943124988,-0.00010871202588802475,0.76,0.78,0.9,0.96,0.98,213934679.87597394,221452561.91726798,19
2020-11-05,0.42,0.37700000000000006,0.203,0.42,0.0,0.0,-0.011344670839457097,-0.011344670839457097,hold,False,False,False,False,0.806687144182052,0.22619151413513294,0.5577057666328059,-0.020433698674842904,-0.0073861759592971366,0.00010872384547755409,0.76,0.78,0.9,0.96,0.98,211507661.35163638,218940255.4957621,19
2020-11-06,0.42,0.37700000000000006,0.203,0.42,0.0,0.0,-0.008617776605856626,-0.008617776605856626,hold,False,False,False,False,0.7773696748479648,0.1918345988101742,0.5850143720510252,-0.01791461765731417,-0.0028423571579029305,-0.00010871202588802475,0.76,0.78,0.9,0.96,0.98,209684935.57568076,217053477.28387046,19
2020-11-09,0.42,0.37700000000000006,0.203,0.42,0.0,0.0,0.009995894523822345,0.009995894523822345,hold,False,False,False,False,0.7884000694799754,0.18161790825804144,0.5875967338049438,0.022369695422308267,0.0015931629879386566,0.0,0.76,0.78,0.9,0.96,0.98,211780924.07492977,219223120.9488289,19
2020-11-10,0.42,0.37700000000000006,0.203,0.42,0.0,0.0,0.00017466343128909106,0.00017466343128909106,hold,False,False,False,False,0.809127239588524,0.19354129420271515,0.5754837691925974,-0.004693646360663162,0.005692294171797396,0.0,0.76,0.78,0.9,0.96,0.98,211817914.45781028,219261411.21135175,19
2020-11-11,0.42,0.37700000000000006,0.203,0.42,0.0,0.0,0.003204459866819394,0.003204459866819394,hold,False,False,False,False,0.8098008373406717,0.1883314914948125,0.5791127872534317,0.008772456560184994,-0.0013316785917513174,0.00010872384547755409,0.76,0.78,0.9,0.96,0.98,212496676.46376374,219964025.60392073,19
2020-11-12,0.42,0.37700000000000006,0.203,0.42,0.0,0.0,0.002994150178126785,0.002994150178126785,hold,False,False,False,False,0.8211550674607746,0.18419164602536578,0.5813858946631276,0.007802634114109974,-0.0007505468164440421,0.0,0.76,0.78,0.9,0.96,0.98,213132923.42544904,220622630.9303642,19
2020-11-13,0.42,0.37700000000000006,0.203,0.42,0.0,0.0,-0.00035733515453566646,-0.00035733515453566646,hold,False,False,False,False,0.7994929896123999,0.18256808643380032,0.5818140896500754,-0.003171963385410037,0.0025859137064629945,0.0,0.76,0.78,0.9,0.96,0.98,213056763.53932017,220543794.70844662,19
2020-11-16,0.42,0.37700000000000006,0.203,0.42,0.0,0.0,-0.0032293353825414424,-0.0032293353825414424,hold,False,False,False,False,0.7765238617604817,0.17004933979079262,0.5912695067982899,-0.007390405866304017,-0.00033253294083224194,0.0,0.76,0.78,0.9,0.96,0.98,212368731.7943329,219831584.8287947,19
2020-11-17,0.42,0.37700000000000006,0.203,0.42,0.0,0.0,0.0036942802047772974,0.0036942802047772974,hold,False,False,False,False,0.7615588012893383,0.17356934212093827,0.5904846215386593,0.007824688188953877,0.0010819924812113246,0.0,0.76,0.78,0.9,0.96,0.98,213153281.39631435,220643704.30101255,19
2020-11-18,0.42,0.37700000000000006,0.203,0.42,0.0,0.0,-0.002214889802738616,-0.002214889802738616,hold,False,False,False,False,0.7595741773813505,0.19254879252944349,0.5773158970579061,-0.006840309383691401,0.0017454645581214123,0.0,0.76,0.78,0.9,0.96,0.98,212681170.36692938,220155002.81031775,19
2020-11-19,0.42,0.37700000000000006,0.203,0.42,0.0,0.0,-0.0007365255509013093,-0.0007365255509013093,hold,False,False,False,False,0.7556630347050384,0.2036265068694173,0.5681821290473654,3.4218759114912345e-05,-0.0019917703706354706,0.0,0.76,0.78,0.9,0.96,0.98,212524525.25075856,219992853.0255892,19
2020-11-20,0.42,0.37700000000000006,0.203,0.42,0.0,0.0,0.005305395996223506,0.005305395996223506,hold,False,False,False,False,0.7535259935168293,0.21499751324392855,0.5595764771060127,0.014050176236873435,-0.0015800478070645552,0.0,0.76,0.78,0.9,0.96,0.98,213652052.01612324,221160002.22722897,19
2020-11-23,0.42,0.37700000000000006,0.203,0.42,0.0,0.0,0.002685283515950408,0.002685283515950408,hold,False,False,False,False,0.7553970257124205,0.22481961986269453,0.5522944382156105,0.006146670615904348,0.0003335554337555724,-0.00010871202588802475,0.76,0.78,0.9,0.96,0.98,214225768.34955108,221753879.5355973,19
2020-11-24,0.42,0.37700000000000006,0.203,0.52,0.0,0.0,0.005021945894390211,0.005021945894390211,hold,False,False,False,False,0.7389316238225176,0.2188831069109099,0.5578083682244412,0.009214145519064854,0.0029971719781194395,0.00010872384547755409,0.76,0.78,0.9,0.96,0.98,215301598.5673867,222867515.52049622,19
2020-11-25,0.52,0.312,0.16799999999999998,0.52,0.20000000000000012,0.00020000000000000012,0.0008355494742432522,0.0006355494742432521,scheduled,False,False,False,False,0.7258928661987688,0.21402038379778277,0.5559666075143257,0.002040181414632025,-0.0006637219263340155,-0.00010871202588802475,0.76,0.78,0.9,0.96,0.98,215438433.3851599,223053732.35591528,19
2020-11-27,0.52,0.312,0.16799999999999998,0.52,0.0,0.0,0.004991508655557221,0.004991508655557221,hold,False,False,False,False,0.7245620269660284,0.2082104724120608,0.54161719065757,0.01281595064767771,-0.005320055167788773,-7.695517193506696e-05,0.76,0.78,0.9,0.96,0.98,216513796.19014165,224167106.99162418,19
2020-11-30,0.52,0.312,0.16799999999999998,0.52,0.0,0.0,0.00016546935466146362,0.00016546935466146362,hold,False,False,False,False,0.7169620580288866,0.1827519039024876,0.5336854697039419,0.0012854297483952948,-0.0016710586936120597,0.00010962022561233908,0.76,0.78,0.9,0.96,0.98,216549622.58827254,224204199.77815443,19
2020-12-01,0.52,0.312,0.16799999999999998,0.52,0.0,0.0,0.0015716191387714867,0.0015716191387714867,hold,False,False,False,False,0.7314293948421701,0.1601177079935035,0.5176795992443879,0.0014151058474465295,0.0026787310836515754,0.0,0.76,0.78,0.9,0.96,0.98,216889956.11962602,224556563.38951874,19
2020-12-02,0.52,0.312,0.16799999999999998,0.52,0.0,0.0,0.0009131243169270934,0.0009131243169270934,hold,False,False,False,False,0.7403627639718223,0.1433974054052612,0.5078491754123258,0.004075107457646832,-0.003923760080240091,0.00010881895229553074,0.76,0.78,0.9,0.96,0.98,217088003.61265612,224761611.44807532,19
2020-12-03,0.52,0.312,0.16799999999999998,0.52,0.0,0.0,0.003875244446875574,0.003875244446875574,hold,False,False,False,False,0.7329272594829923,0.1310346560063645,0.4975099290698442,0.0056625231597755565,0.0031007185075457855,-0.00021840339620238236,0.76,0.78,0.9,0.96,0.98,217929272.69313934,225632617.63471028,19
2020-12-04,0.52,0.312,0.16799999999999998,0.52,0.0,0.0,0.0020730767648287733,0.0020730767648287733,hold,False,False,False,False,0.7203973335609232,0.1219023823746672,0.48839402197657356,0.003384913306898163,0.001002954632185027,0.0,0.76,0.78,0.9,0.96,0.98,218381056.8047355,226100371.3717163,19
2020-12-07,0.52,0.312,0.16799999999999998,0.52,0.0,0.0,-0.012215936177969363,-0.012215936177969363,hold,False,False,False,False,0.7086693691153374,0.11516265345626511,0.48206129689413396,-0.022640781995833748,-0.001419004936332735,0.0,0.76,0.78,0.9,0.96,0.98,215713327.75233138,223338343.66522422,19
2020-12-08,0.52,0.312,0.16799999999999998,0.52,0.0,0.0,0.0027920563788973586,0.0027920563788973586,hold,False,False,False,False,0.6933445913299208,0.10829857543699929,0.484866415100212,0.004015504646944779,0.002256390905404082,0.0,0.76,0.78,0.9,0.96,0.98,216315611.52509543,223961916.91230708,19
2020-12-09,0.52,0.312,0.16799999999999998,0.52,0.0,0.0,-0.0005086548528505884,-0.0005086548528505884,hold,False,False,False,False,0.6702348383295749,0.10955310094243678,0.5011828117451156,-0.002214626377337714,0.002001713671353045,0.00010962022561233908,0.76,0.78,0.9,0.96,0.98,216205581.53954586,223847997.5964159,19
2020-12-10,0.6,0.26,0.13999999999999999,0.6,0.15999999999999995,0.00015999999999999996,0.004186324866707813,0.0040263248667078136,scheduled,False,False,False,False,0.6465612871220867,0.10461531551049552,0.5157436048409845,0.007255233829918328,-0.0005825780069084185,-0.00010960821033567658,0.76,0.78,0.9,0.96,0.98,217076095.44881955,224785098.03511652,19
2020-12-11,0.6,0.26,0.13999999999999999,0.6,0.0,0.0,0.006153734598088562,0.006153734598088562,hold,False,False,False,False,0.6371024357356996,0.10159037653437719,0.5263854896654149,0.010689298915040668,-0.000999402888214762,0.0,0.76,0.78,0.9,0.96,0.98,218411924.12780094,226168365.87003,19
2020-12-14,0.6,0.26,0.13999999999999999,0.6,0.0,0.0,0.0030985606159469195,0.0030985606159469195,hold,False,False,False,False,0.6209180855809429,0.09706251897623483,0.5304389600395025,0.005499845147798332,-0.0008334357858377217,0.00010962022561233908,0.76,0.78,0.9,0.96,0.98,219088686.71395653,226869162.2610879,19
2020-12-15,0.6,0.26,0.13999999999999999,0.6,0.0,0.0,0.003733552907418784,0.003733552907418784,hold,False,False,False,False,0.5969876355721636,0.09105273701076758,0.5171414618255282,0.006537334289999697,-0.000726337179157821,0.0,0.76,0.78,0.9,0.96,0.98,219906665.91721997,227716190.28145143,19
2020-12-16,0.6,0.26,0.13999999999999999,0.6,0.0,0.0,-0.0020306406334140493,-0.0020306406334140493,hold,False,False,False,False,0.587330129876292,0.08701394454425466,0.5132314443019375,-0.003022266201637147,-0.0008356958170452344,0.0,0.76,0.78,0.9,0.96,0.98,219460114.50584987,227253780.53257966,19
2020-12-17,0.6,0.26,0.13999999999999999,0.6,0.0,0.0,-0.0009484092469863236,-0.0009484092469863236,hold,False,False,False,False,0.5750419833768577,0.08340255574865203,0.5102616481383937,-0.0018707218098917844,0.0006693224574951806,0.0,0.76,0.78,0.9,0.96,0.98,219251976.50390783,227038250.94570994,19
2020-12-18,0.6,0.26,0.13999999999999999,0.6,0.0,0.0,0.0020659627760439745,0.0020659627760439745,hold,False,False,False,False,0.5869494332752504,0.08199989472712008,0.5238568132788244,0.002719200226114271,0.0016709332322131232,0.0,0.76,0.78,0.9,0.96,0.98,219704942.92593896,227507303.52090192,19
2020-12-21,0.6,0.26,0.13999999999999999,0.6,0.0,0.0,-0.003579237360405831,-0.003579237360405831,hold,False,False,False,False,0.6119053545506208,0.0809116922374404,0.5369955699420079,-0.0050361615796291614,-0.002085366396851307,-0.00010960821033567658,0.76,0.78,0.9,0.96,0.98,218918566.7859526,226693000.8803747,19
2020-12-22,0.6,0.26,0.13999999999999999,0.6,0.0,0.0,0.0030323049667053234,0.0030323049667053234,hold,False,False,False,False,0.6284693146431006,0.07973737929441266,0.546005657090437,0.004412395573526018,0.0014212338115537904,0.00010962022561233908,0.76,0.78,0.9,0.96,0.98,219582394.64332166,227380403.1928616,19
2020-12-23,0.6,0.26,0.13999999999999999,0.6,0.0,0.0,0.00606898350960134,0.00606898350960134,hold,False,False,False,False,0.6123745020243195,0.07801556479029992,0.5586044678539211,0.010078833960446287,8.339666666756784e-05,0.0,0.76,0.78,0.9,0.96,0.98,220915036.57541072,228760371.11024556,19
2020-12-24,0.6,0.26,0.13999999999999999,0.6,0.0,0.0,0.0004940213427060414,0.0004940213427060414,hold,False,False,False,False,0.6047152017066381,0.07739028280838517,0.5655664989528593,0.0008957357540251287,-0.00016700042195783027,0.0,0.76,0.78,0.9,0.96,0.98,221024173.31840366,228873383.61593935,19
2020-12-28,0.6,0.26,0.13999999999999999,0.6,0.0,0.0,0.00017736640164891295,0.00017736640164891295,hold,False,False,False,False,0.6291122968874501,0.07628306726803065,0.5748092216320322,3.1893661502024884e-05,0.0006675975161334335,-0.00010960821033567658,0.76,0.78,0.9,0.96,0.98,221063375.58070254,228913978.0644245,19
2020-12-29,0.6,0.26,0.13999999999999999,0.6,0.0,0.0,0.001665061612489067,0.001665061612489067,hold,False,False,False,False,0.6293336686404144,0.07375539726894943,0.5690792273060954,0.0024603615680154345,0.0006672993849772269,0.00010962022561233908,0.76,0.78,0.9,0.96,0.98,221431459.72130927,229295133.94186175,19
2020-12-30,0.6,0.26,0.13999999999999999,0.6,0.0,0.0,-0.008406991514491157,-0.008406991514491157,hold,False,False,False,False,0.6192304579102692,0.07135325691939623,0.5614614936054663,-0.014120060204428908,0.00025017156986995026,0.0,0.76,0.78,0.9,0.96,0.98,219569887.3183908,227367451.6964984,19
2020-12-31,0.6,0.26,0.13999999999999999,0.6,0.0,0.0,0.0043244159721710865,0.0043244159721710865,hold,False,False,False,False,0.6095917975666894,0.06800279423872549,0.5488686319573315,0.00824412588851997,-0.0023335169672842326,-0.00010960821033567658,0.76,0.78,0.9,0.96,0.98,220519398.84611827,228350683.13616657,19
2021-01-04,0.6,0.26,0.13999999999999999,0.6,0.0,0.0,-0.009816483086648578,-0.009816483086648578,hold,False,False,False,False,0.6132104706587473,0.07014698596286337,0.5598406001042865,-0.01385220604738746,-0.005848101114622417,0.00010962022561233908,0.76,0.78,0.9,0.96,0.98,218354673.89706743,226109082.51733574,19
2021-01-05,0.6,0.26,0.13999999999999999,0.6,0.0,0.0,0.013597504113142256,0.013597504113142256,hold,False,False,False,False,0.6093481072650909,0.07223314466190037,0.5680238014554277,0.02419181611496346,-0.003529175214753155,0.0,0.76,0.78,0.9,0.96,0.98,221323752.4735066,229183601.696884,20
2021-01-06,0.6,0.26,0.13999999999999999,0.6,0.0,0.0,0.006953922305784634,0.006953922305784634,hold,False,False,False,False,0.6205546579410554,0.07712484127291785,0.5657816167211569,0.012858088389873457,-0.0028676368411247877,-0.00010960821033567658,0.76,0.78,0.9,0.96,0.98,222862820.65263206,230777326.65684402,20
2021-01-07,0.6,0.26,0.13999999999999999,0.6,0.0,0.0,-0.009160280195177466,-0.009160280195177466,hold,False,False,False,False,0.6320305266715527,0.0809624302786972,0.5724803879841632,-0.014449781959357533,-0.001945222504417976,0.00010962022561233908,0.76,0.78,0.9,0.96,0.98,220821334.77036637,228663341.68197337,20
2021-01-08,0.6,0.26,0.13999999999999999,0.52,0.0,0.0,-0.0010135402104520241,-0.0010135402104520241,hold,False,False,False,False,0.6559801622284531,0.08157174259563178,0.5880553881860999,-0.001590382198454754,-0.00016909900743145023,-0.00010960821033567658,0.76,0.78,0.9,0.96,0.98,220597523.4682509,228431582.19052234,20
2021-01-11,0.52,0.312,0.16799999999999998,0.52,0.15999999999999995,0.00015999999999999996,0.004595728984801822,0.0044357289848018224,scheduled,False,False,False,False,0.6521419043878525,0.08230918975404386,0.5984611074650272,0.006753115342993388,0.0034747083539912182,0.0,0.76,0.78,0.9,0.96,0.98,221576034.2970745,229481391.83383942,20
2021-01-12,0.52,0.312,0.16799999999999998,0.52,0.0,0.0,-0.0034736063818242456,-0.0034736063818242456,hold,False,False,False,False,0.6574755017116524,0.08316215178020747,0.60729802490155,-0.00534726379024375,-0.002280273746155026,0.00010962022561233908,0.76,0.78,0.9,0.96,0.98,220806366.3702809,228684263.80665547,20
2021-01-13,0.52,0.312,0.16799999999999998,0.52,0.0,0.0,-0.0032739654098782934,-0.0032739654098782934,hold,False,False,False,False,0.6512987624224169,0.08259590116746646,0.6149804742122477,-0.007921329603818306,0.0027087371285487993,0.0,0.76,0.78,0.9,0.96,0.98,220083453.96450368,227935559.437169,20
2021-01-14,0.52,0.312,0.16799999999999998,0.52,0.0,0.0,0.00777113460158113,0.00777113460158113,hold,False,False,False,False,0.6540979087811816,0.08193508843410671,0.620808044256817,0.014589963211088408,0.0005908773455614025,0.0,0.76,0.78,0.9,0.96,0.98,221793752.1088427,229706877.35004193,20
2021-01-15,0.52,0.312,0.16799999999999998,0.52,0.0,0.0,0.01222740314695009,0.01222740314695009,hold,False,False,False,False,0.6816822730349085,0.08302479947095402,0.6288651095489285,0.02326107661903909,0.00042193367003129367,0.0,0.76,0.78,0.9,0.96,0.98,224505713.73135224,232515595.9450279,20
2021-01-19,0.52,0.312,0.16799999999999998,0.52,0.0,0.0,0.003712339042571637,0.003712339042571637,hold,False,False,False,False,0.6646002719437019,0.08182231073526594,0.6353669623738276,0.007999343356355437,-0.001433716354914072,0.0,0.76,0.78,0.9,0.96,0.98,225339155.05771756,233378772.66986147,20
2021-01-20,0.52,0.312,0.16799999999999998,0.52,0.0,0.0,-0.0010416940607087684,-0.0010416940607087684,hold,False,False,False,False,0.6543496589835684,0.08118408222747339,0.6368732932179315,-0.002880119419020888,0.0015204558221746378,-0.00010960821033567658,0.76,0.78,0.9,0.96,0.98,225104420.5982488,233135663.38847575,20
2021-01-21,0.52,0.312,0.16799999999999998,0.6,0.0,0.0,0.005579606604075203,0.005579606604075203,hold,False,False,False,False,0.6472138681245,0.08104403389006633,0.6381116390431338,0.008266186073027981,0.0040473514365313434,0.00010962022561233908,0.76,0.78,0.9,0.96,0.98,226360414.71002534,234436468.67556354,20
2021-01-22,0.52,0.312,0.16799999999999998,0.6,0.0,0.0,0.0006374695359402108,0.0006374695359402108,hold,False,False,False,False,0.6112134947055691,0.08100572997379579,0.6382708108624068,0.001462799940923798,-0.0003358085064223415,-0.00010960821033567658,0.76,0.78,0.9,0.96,0.98,226504712.57854572,234585914.78245762,20
2021-01-25,0.52,0.312,0.16799999999999998,0.6,0.0,0.0,-0.014128632273957125,-0.014128632273957125,hold,False,False,False,False,0.6112073066587831,0.08155687289931365,0.6383341495878175,-0.027876504335610508,0.001176762758206218,0.0,0.76,0.78,0.9,0.96,0.98,223304510.7862051,231271536.65584645,20
2021-01-26,0.6,0.26,0.13999999999999999,0.6,0.15999999999999995,0.00015999999999999996,0.0028888180253077555,0.0027288180253077555,scheduled,False,False,False,False,0.5840242618885327,0.08113065994254455,0.6287243259475881,0.005916650566400783,-0.0026019967158401602,0.00010962022561233908,0.76,0.78,0.9,0.96,0.98,223913868.16037104,231939638.03967845,20
2021-01-27,0.6,0.26,0.13999999999999999,0.6,0.0,0.0,-0.01308225694122175,-0.01308225694122175,hold,False,False,False,False,0.6396868381326414,0.08701686815295018,0.6134263154169437,-0.021038173962150908,-0.0017667406305046374,0.0,0.76,0.78,0.9,0.96,0.98,220984569.40439418,228905344.09998938,20
2021-01-28,0.6,0.26,0.13999999999999999,0.52,0.0,0.0,0.01531689236680923,0.01531689236680923,hold,False,False,False,False,0.6826379137802882,0.08952620679994688,0.5999232600300056,0.024987254873403142,0.0012482286260282471,0.0,0.76,0.78,0.9,0.96,0.98,224369366.26868698,232411462.61775637,20
2021-01-29,0.6,0.26,0.13999999999999999,0.52,0.0,0.0,0.00911604888709161,0.00911604888709161,hold,False,False,False,False,0.7290230600214573,0.1089696989678244,0.5661202553304274,0.016314121150601935,-0.002527225591625215,-0.00010960821033567658,0.76,0.78,0.9,0.96,0.98,226414728.3803581,234530136.8729003,20
2021-02-01,0.6,0.26,0.13999999999999999,0.52,0.0,0.0,-0.003016943157578633,-0.003016943157578633,hold,False,False,False,False,0.7421460910273026,0.10675910768187172,0.5509884801004558,-0.003967032998711373,-0.0024489359936608057,0.0,0.76,0.78,0.9,0.96,0.98,225731648.01479596,233822572.78121564,20
2021-02-02,0.52,0.312,0.16799999999999998,0.52,0.15999999999999995,0.00015999999999999996,0.0060624754834594395,0.00590247548345944,scheduled,False,False,False,False,0.7217277365649067,0.10144305282797152,0.5509293760085683,0.011826459463647021,-0.0003387808831406547,0.00010962022561233908,0.76,0.78,0.9,0.96,0.98,227064023.53304416,235240116.39618117,20
2021-02-03,0.52,0.312,0.16799999999999998,0.52,0.0,0.0,0.0011031235261252847,0.0011031235261252847,hold,False,False,False,False,0.7055165959689261,0.09777390894937094,0.5490988097183198,0.003391566782573019,-0.0021169589769637343,0.0,0.76,0.78,0.9,0.96,0.98,227314503.19934008,235499615.3028662,20
2021-02-04,0.52,0.312,0.16799999999999998,0.52,0.0,0.0,0.003616111656753269,0.003616111656753269,hold,False,False,False,False,0.6844604092309805,0.094950795695072,0.5479448552389095,0.006699675511638414,0.0004239756112220938,0.0,0.76,0.78,0.9,0.96,0.98,228136497.82410827,236351208.2069238,20
2021-02-05,0.52,0.312,0.16799999999999998,0.52,0.0,0.0,0.00012914046526941103,0.00012914046526941103,hold,False,False,False,False,0.6509275400988708,0.09291084580776231,0.5467707802118326,-0.00020992719660639647,0.0007637904086690295,0.0,0.76,0.78,0.9,0.96,0.98,228165959.47758222,236381730.71191865,20
2021-02-08,0.52,0.312,0.16799999999999998,0.6,0.0,0.0,-0.00041009823292984313,-0.00041009823292984313,hold,False,False,False,False,0.6198540828639604,0.09164526377752201,0.5475929970358636,-0.0022789058646091043,0.0025427788333438617,-0.00010960821033567658,0.76,0.78,0.9,0.96,0.98,228072389.02078572,236284790.9818568,20
2021-02-09,0.6,0.26,0.13999999999999999,0.6,0.15999999999999995,0.00015999999999999996,0.003117430097160228,0.002957430097160228,scheduled,False,False,False,False,0.601362833530779,0.08997664720684236,0.5421512124295063,0.005499732346989861,-0.0007606005485362166,0.00010962022561233908,0.76,0.78,0.9,0.96,0.98,228746897.16840702,237021392.30076483,20
2021-02-10,0.6,0.26,0.13999999999999999,0.6,0.0,0.0,0.0024799761346708713,0.0024799761346708713,hold,False,False,False,False,0.608115168773439,0.08889385480529269,0.5391158120728152,0.005588981721748487,-0.003300260572812408,-0.00010960821033567658,0.76,0.78,0.9,0.96,0.98,229314184.01426464,237609199.69707716,20
2021-02-11,0.6,0.26,0.13999999999999999,0.6,0.0,0.0,-0.003483632187054715,-0.003483632187054715,hold,False,False,False,False,0.6100726692850191,0.08789218175535406,0.5359499269715027,-0.002704557993017498,-0.007216323933961322,0.00010962022561233908,0.76,0.78,0.9,0.96,0.98,228515337.74188435,236781456.6410721,20
2021-02-12,0.6,0.26,0.13999999999999999,0.6,0.0,0.0,-0.0027011014066285455,-0.0027011014066285455,hold,False,False,False,False,0.5968699052166044,0.08688896807577894,0.5350789025237539,-0.004798245110260502,0.0006840217674144444,0.0,0.76,0.78,0.9,0.96,0.98,227898094.64167354,236141885.91547537,20
2021-02-16,0.6,0.26,0.13999999999999999,0.6,0.0,0.0,-0.002660773272781782,-0.002660773272781782,hold,False,False,False,False,0.6004719662838504,0.08619343364350217,0.5335936568944786,-0.0043720740945251135,-8.53217946912288e-05,-0.00010960821033567658,0.76,0.78,0.9,0.96,0.98,227291709.48253307,235513565.89684716,20
2021-02-17,0.6,0.26,0.13999999999999999,0.6,0.0,0.0,-0.0036458281630886557,-0.0036458281630886557,hold,False,False,False,False,0.6178123264143858,0.08530870316985659,0.5372986080969271,-0.004361345697377339,-0.004016798370184538,0.00010962022561233908,0.76,0.78,0.9,0.96,0.98,226463042.9668651,234654923.905511,20
2021-02-18,0.6,0.26,0.13999999999999999,0.6,0.0,0.0,-0.015991107815154924,-0.015991107815154924,hold,False,False,False,False,0.6289206995539363,0.0841726820618889,0.5380624225247203,-0.02591981277001487,-0.0016302884757654068,-0.00010960821033567658,0.76,0.78,0.9,0.96,0.98,222841648.0306339,230902531.717981,20
2021-02-19,0.6,0.26,0.13999999999999999,0.6,0.0,0.0,-0.0015852454668120952,-0.0015852454668120952,hold,False,False,False,False,0.6281638468781483,0.08388887825219375,0.5416935587222849,-0.0029773381879827365,0.0007736824845290258,0.0,0.76,0.78,0.9,0.96,0.98,222488389.3182764,230536494.5262997,20
2021-02-22,0.6,0.26,0.13999999999999999,0.6,0.0,0.0,0.004573399653811016,0.004573399653811016,hold,False,False,False,False,0.6456731643884907,0.1055977688157946,0.523010746175164,0.008243301136371395,-0.001374296452326007,-0.00010902821719327438,0.76,0.78,0.9,0.96,0.98,223505917.6409616,231590830.0505571,20
2021-02-23,0.6,0.26,0.13999999999999999,0.52,0.0,0.0,-0.024368169360609968,-0.024368169360609968,hold,False,False,False,False,0.6901256730116553,0.13068243098212196,0.5000925584805438,-0.03486263735996853,-0.013330202151610293,0.00010904010564161126,0.76,0.78,0.9,0.96,0.98,218059487.58678812,225947385.48152086,20
2021-02-24,0.52,0.312,0.16799999999999998,0.52,0.15999999999999995,0.00015999999999999996,0.004978563355177464,0.004818563355177464,scheduled,False,False,False,False,0.7322858221797008,0.140153194740967,0.48919284931710605,0.004187354154219225,0.008978010240331624,0.0,0.76,0.78,0.9,0.96,0.98,219110221.04292256,227072278.85507733,20
2021-02-25,0.52,0.312,0.16799999999999998,0.42,0.0,0.0,0.0152738214470031,0.0152738214470031,hold,False,False,False,False,0.7740746548375382,0.1652760339451689,0.45789315068347375,0.030082128916880224,-0.0011236181066863749,-0.00010902821719327438,0.76,0.78,0.9,0.96,0.98,222456871.43634555,230540540.29787388,20
2021-02-26,0.42,0.37700000000000006,0.203,0.42,0.20000000000000012,0.00020000000000000012,-0.0060513411761120356,-0.006251341176112036,scheduled,False,False,False,False,0.8022070639283132,0.1756410616442033,0.4431891855303759,-0.01603882347125718,0.0018168824451352261,0.0,0.76,0.78,0.9,0.96,0.98,221066217.63602647,229145460.83360624,20
2021-03-01,0.42,0.37700000000000006,0.203,0.42,0.0,0.0,-0.014185155591722351,-0.014185155591722351,hold,False,False,False,False,0.825532977502843,0.17646085431182404,0.43754227205118323,-0.029020039167143907,-0.005355104198851879,0.00010904010564161126,0.76,0.78,0.9,0.96,0.98,217930358.94278586,225894996.8185446,20
2021-03-02,0.42,0.37700000000000006,0.203,0.42,0.0,0.0,-0.008740081891421485,-0.008740081891421485,hold,False,False,False,False,0.8418081609318409,0.17830950365618306,0.42914201316509476,-0.016366598276026267,-0.004949895531804915,0.0,0.76,0.78,0.9,0.96,0.98,216025629.75899905,223920656.0474881,20
2021-03-03,0.42,0.37700000000000006,0.203,0.42,0.0,0.0,0.005798840952917051,0.005798840952917051,hold,False,False,False,False,0.8593792533807274,0.20968215538581747,0.4057537123073781,0.015060523521784885,-0.001396761077540054,0.0,0.76,0.78,0.9,0.96,0.98,217278328.0277252,225219136.31798035,20
2021-03-04,0.42,0.37700000000000006,0.203,0.30000000000000004,0.0,0.0,-0.013396898885685184,-0.013396898885685184,hold,False,False,False,False,0.8764333967814084,0.23097588970503855,0.3887690489292905,-0.028314501847378493,-0.0039328259461431925,-0.00010902821719327438,0.76,0.78,0.9,0.96,0.98,214367472.237087,222201898.32160702,20
2021-03-05,0.30000000000000004,0.455,0.245,0.30000000000000004,0.23999999999999988,0.0002399999999999999,0.013988351657959716,0.013748351657959715,scheduled,False,False,False,False,0.8883602719343631,0.2425579741053009,0.383784031667262,0.039441834332832215,0.004738024962879228,0.0,0.76,0.78,0.9,0.96,0.98,217314671.62943038,225310136.6143959,20
2021-03-08,0.30000000000000004,0.455,0.245,0.30000000000000004,0.0,0.0,9.708943063120861e-05,9.708943063120861e-05,hold,False,False,False,False,0.8982031264034606,0.254389007264477,0.3731181966146318,-0.0028551264214025096,0.0020958843012131023,0.0,0.76,0.78,0.9,0.96,0.98,217335770.58716667,225332011.8472752,20
2021-03-09,0.30000000000000004,0.455,0.245,0.30000000000000004,0.0,0.0,0.006777653196450111,0.006777653196450111,hold,False,False,False,False,0.9009638844525587,0.2545700349382689,0.3738116211030419,0.023031599221246868,-0.0003484426281453734,0.00010904010564161126,0.76,0.78,0.9,0.96,0.98,218808797.06738973,226859234.0776344,20
2021-03-10,0.30000000000000004,0.455,0.245,0.30000000000000004,0.0,0.0,-0.005752599662552077,-0.005752599662552077,hold,False,False,False,False,0.9066778293695876,0.2635463188234645,0.3621663911041534,-0.008112378118795505,-0.00723554794220016,-0.00010902821719327438,0.76,0.78,0.9,0.96,0.98,217550077.65521643,225554203.72423258,20
2021-03-11,0.30000000000000004,0.455,0.245,0.30000000000000004,0.0,0.0,0.0037641952336616097,0.0037641952336616097,hold,False,False,False,False,0.8768165559654556,0.2500495182083862,0.36941447617685513,0.010682950657941337,0.0012292528269872705,0.0,0.76,0.78,0.9,0.96,0.98,218368978.6206089,226403233.78282368,20
2021-03-12,0.30000000000000004,0.455,0.245,0.30000000000000004,0.0,0.0,0.001566827840355631,0.001566827840355631,hold,False,False,False,False,0.8734885365579368,0.25748563944471237,0.3603810696874015,0.005488804085997723,-0.00017541403394216726,0.0,0.76,0.78,0.9,0.96,0.98,218711125.21578166,226757968.67266113,20
2021-03-15,0.30000000000000004,0.455,0.245,0.42,0.0,0.0,0.0005035393557589325,0.0005035393557589325,hold,False,False,False,False,0.8398674063990892,0.2628848696519498,0.3532183038509645,0.004117458304117028,-0.0016668416733151004,0.00010904010564161126,0.76,0.78,0.9,0.96,0.98,218821254.87487012,226872150.23411974,20
2021-03-16,0.30000000000000004,0.455,0.245,0.42,0.0,0.0,-0.012054242833216145,-0.012054242833216145,hold,False,False,False,False,0.8051933961443887,0.24855615768663486,0.3639814829337442,-0.0306305206529226,-0.0062381862068725535,-0.00010902821719327438,0.76,0.78,0.9,0.96,0.98,216183530.33153936,224137378.24310377,20
2021-03-17,0.42,0.37700000000000006,0.203,0.42,0.23999999999999988,0.0002399999999999999,0.0012470538360510812,0.0010070538360510812,scheduled,False,False,False,False,0.7654363294938793,0.23913934136802256,0.3739700790873054,0.003525205700066314,-0.0006194497559065537,0.0,0.76,0.78,0.9,0.96,0.98,216401238.7850508,224416889.62044427,20
2021-03-18,0.42,0.37700000000000006,0.203,0.42,0.0,0.0,0.009110555155532964,0.009110555155532964,hold,False,False,False,False,0.797109413929253,0.266593489469533,0.35910567917755143,0.01875305115789394,0.003273935462115407,0.0,0.76,0.78,0.9,0.96,0.98,218372774.2067277,226461452.07116452,20
2021-03-19,0.42,0.37700000000000006,0.203,0.42,0.0,0.0,5.163025538443811e-05,5.163025538443811e-05,hold,False,False,False,False,0.8127356222178558,0.30050282063926126,0.3414366040674743,-0.004362337874354916,0.004938135334663807,0.00010904010564161126,0.76,0.78,0.9,0.96,0.98,218384048.84882897,226473144.33376965,20
2021-03-22,0.42,0.37700000000000006,0.203,0.78,0.0,0.0,-0.006609387663332286,-0.006609387663332286,hold,True,False,False,False,0.7696298473258331,0.3256556692565129,0.324498614414758,-0.016865370376226707,0.0013161820232709953,-0.00010902821719327438,0.76,0.78,0.9,0.96,0.98,216940664.01049897,224976295.52753398,20
2021-03-23,0.42,0.37700000000000006,0.203,0.78,0.0,0.0,-0.0012227537602432035,-0.0012227537602432035,hold,True,False,False,False,0.7468928890809055,0.3363214484481635,0.3193310864029106,-0.001731441355604324,-0.0013144519652238396,0.0,0.76,0.78,0.9,0.96,0.98,216675398.9978305,224701204.91621214,20
2021-03-24,0.78,0.143,0.07699999999999999,0.78,0.7200000000000002,0.0007200000000000003,0.01122330666964871,0.01050330666964871,scheduled,True,False,False,False,0.7753067521292444,0.41459256452296117,0.2817324750771091,0.015000202020202025,-0.0033346217210410423,0.0,0.76,0.78,0.9,0.96,0.98,218951207.16127324,227223095.44802636,20
2021-03-25,0.78,0.143,0.07699999999999999,0.78,0.0,0.0,-0.0007130790572920762,-0.0007130790572920762,hold,True,False,False,False,0.7969447052507457,0.47285316219598117,0.25305236062839265,-0.0002847190556363177,-0.003433553803466771,0.0,0.76,0.78,0.9,0.96,0.98,218795077.64087772,227061067.41732928,20
2021-03-26,0.78,0.143,0.07699999999999999,0.78,0.0,0.0,-0.004044051061024901,-0.004044051061024901,hold,True,False,False,False,0.7666684475562615,0.5156402094157055,0.23360213083304693,-0.005033426936120855,-0.0008837352376576124,0.00010904010564161126,0.76,0.78,0.9,0.96,0.98,217910259.17499712,226142820.8667228,20
2021-03-29,0.78,0.143,0.07699999999999999,0.78,0.0,0.0,0.011725546784837183,0.011725546784837183,hold,True,False,False,False,0.7425788340733679,0.5341793893291107,0.2203111383557988,0.015302833584973863,-0.0014144632078220143,-0.00010902821719327438,0.76,0.78,0.9,0.96,0.98,220465376.11384952,228794469.0928506,20
2021-03-30,0.78,0.143,0.07699999999999999,0.78,0.0,0.0,0.01393823903781827,0.01393823903781827,hold,True,False,False,False,0.7400389006559724,0.5616885862660702,0.1957084513705157,0.01704655977564129,0.004430254018766844,0.00010904010564161126,0.76,0.78,0.9,0.96,0.98,223538275.22568688,231983461.09359744,20
2021-03-31,0.9,0.06499999999999999,0.03499999999999999,0.9,0.24,0.00024,0.017781001849620247,0.017541001849620246,scheduled,True,True,False,False,0.6800632503498104,0.5742079814723221,0.18179305207380533,0.01996479223611547,-0.0028230026966448163,-0.00010902821719327438,0.76,0.78,0.9,0.96,0.98,227459360.52488157,236108359.444384,20
2021-04-01,0.96,0.026000000000000023,0.01400000000000001,0.96,0.11999999999999988,0.00011999999999999988,-0.0005418323751917177,-0.0006618323751917175,tier_force,True,True,True,False,0.6355991323939344,0.5627389469786106,0.17923256482294647,-0.0006945898367219927,0.0048656136751839,-0.00010943482095615575,0.76,0.78,0.9,0.96,0.98,227308820.5560458,235980428.29118365,20
2021-04-05,0.96,0.026000000000000023,0.01400000000000001,0.96,0.0,0.0,0.0023052729429659394,0.0023052729429659394,tier_force,True,True,True,False,0.6128787048273817,0.5412110011252973,0.18107602846380205,0.0024180200240233596,-0.0006163953883263629,0.0,0.76,0.78,0.9,0.96,0.98,227832829.42977116,236524427.58759284,20
2021-04-06,0.96,0.026000000000000023,0.01400000000000001,0.96,0.0,0.0,0.01010744393553162,0.01010744393553162,tier_force,True,True,True,False,0.581170546830709,0.521828246506129,0.1851051056308424,0.010433940519483764,0.0034357223712211393,0.00010944679824698156,0.76,0.78,0.9,0.96,0.98,230135636.97990608,238915084.97881815,20
2021-04-07,0.96,0.026000000000000023,0.01400000000000001,0.96,0.0,0.0,0.005745636604732259,0.005745636604732259,tier_force,True,True,True,False,0.5492565924830849,0.5022790675931378,0.18847314721910038,0.006057964591845044,-0.0026337429209845054,-0.00010943482095615575,0.76,0.78,0.9,0.96,0.98,231457912.7197912,240287804.23649514,21
2021-04-08,0.96,0.026000000000000023,0.01400000000000001,0.96,0.0,0.0,-0.0012687956714829906,-0.0012687956714829906,tier_force,True,False,True,False,0.5409138359060597,0.46761030183090313,0.22849035061434525,-0.0013049710544378312,-0.0006162868931797183,0.0,0.76,0.78,0.9,0.96,0.98,231164239.92200184,239982928.11056975,21
2021-04-09,0.96,0.026000000000000023,0.01400000000000001,0.78,0.0,0.0,0.011313918435474808,0.011313918435474808,hold,True,False,False,False,0.504078882741236,0.43379484956872433,0.25307509089711544,0.01167321717250358,0.004139613456591196,0.0,0.76,0.78,0.9,0.96,0.98,233779613.27767792,242698075.38511917,21
2021-04-12,0.96,0.026000000000000023,0.01400000000000001,0.78,0.0,0.0,-0.011559812491013637,-0.011559812491013637,hold,True,False,False,False,0.4639334382916267,0.4006134732392761,0.2796837229826047,-0.012008206256993947,-0.0012282493961326413,0.0,0.76,0.78,0.9,0.96,0.98,231077164.78396627,239892531.1417373,21
2021-04-13,0.96,0.026000000000000023,0.01400000000000001,0.78,0.0,0.0,0.014717097057493543,0.014717097057493543,hold,True,False,False,False,0.4317468466091734,0.37274472386410745,0.29919685740539753,0.015155080479766658,0.006411059297772859,0.00010944679824698156,0.76,0.78,0.9,0.96,0.98,234477949.84586233,243423052.80591804,21
2021-04-14,0.96,0.026000000000000023,0.01400000000000001,0.78,0.0,0.0,0.0010539698893030354,0.0010539698893030354,hold,True,False,False,False,0.40862463725571196,0.3519082154785859,0.31700612589914534,0.0011711451630840308,-0.002704979509909,0.0,0.76,0.78,0.9,0.96,0.98,234725082.54470536,243679613.3739377,21
2021-04-15,0.78,0.143,0.07699999999999999,0.78,0.3599999999999999,0.00035999999999999986,-0.007297006233290748,-0.007657006233290748,scheduled,True,False,False,False,0.36492276629779014,0.32985230969071033,0.3314644807614713,-0.009151867934753755,-0.0010498095312531097,-0.00010943482095615575,0.76,0.78,0.9,0.96,0.98,232927791.12455088,241901481.7162222,21
2021-04-16,0.78,0.143,0.07699999999999999,0.74,0.0,0.0,-0.005259228648375741,-0.005259228648375741,hold,False,False,False,False,0.3311721350325143,0.2667688035368254,0.36185312741949366,-0.00728856237092923,0.002977972034608811,0.0,0.76,0.78,0.9,0.96,0.98,231702770.61246574,240629266.51349574,21
2021-04-19,0.78,0.143,0.07699999999999999,0.74,0.0,0.0,0.0067525469020861305,0.0067525469020861305,hold,False,False,False,False,0.31933645684815914,0.22063151054839142,0.3863063042119196,0.008561049663847298,0.0005239731768198475,0.0,0.76,0.78,0.9,0.96,0.98,233267354.4383697,242254126.92164272,21
2021-04-20,0.78,0.143,0.07699999999999999,0.74,0.0,0.0,-0.009281771061150497,-0.009281771061150497,hold,False,False,False,False,0.3159901159204354,0.19015736445633083,0.4079485225533719,-0.012054478676723934,0.0007852790435605161,0.00010944679824698156,0.76,0.78,0.9,0.96,0.98,231102220.25843254,240005579.57693714,21
2021-04-21,0.78,0.143,0.07699999999999999,0.74,0.0,0.0,0.009632769607126886,0.009632769607126886,hold,False,False,False,False,0.30851405763606055,0.16749412484201986,0.41771835737770746,0.012589495588019473,-0.001307950709988126,0.0,0.76,0.78,0.9,0.96,0.98,233328374.70187747,242317498.0294267,21
2021-04-22,0.78,0.143,0.07699999999999999,0.74,0.0,0.0,0.004920119292747297,0.004920119292747297,hold,False,False,False,False,0.3324966702906774,0.17504018997540086,0.39739978591674874,0.006510743718497025,-0.0010477924927745352,-0.00010943482095615575,0.76,0.78,0.9,0.96,0.98,234476378.13979352,243509729.02645153,21
2021-04-23,0.78,0.143,0.07699999999999999,0.74,0.0,0.0,-0.003933152854763081,-0.003933152854763081,hold,False,False,False,False,0.34459705457452583,0.15141861654208721,0.3987689912841762,-0.004332025683414065,-0.00393426730884705,0.00010944679824698156,0.76,0.78,0.9,0.96,0.98,233554146.70373848,242551968.04056856,21
2021-04-26,0.78,0.143,0.07699999999999999,0.74,0.0,0.0,-0.0024571806237587927,-0.0024571806237587927,hold,False,False,False,False,0.33860848643156627,0.1319454888924963,0.38766670309118073,-0.0033807771275745635,0.0013164476710698647,-0.00010943482095615575,0.76,0.78,0.9,0.96,0.98,232980261.97985956,241955974.0444447,21
2021-04-27,0.78,0.143,0.07699999999999999,0.74,0.0,0.0,0.0025562192566875195,0.0025562192566875195,hold,False,False,False,False,0.3350787415934558,0.11740935370832203,0.38228156275612224,0.0035985558280797747,-0.0017528271973056286,0.0,0.76,0.78,0.9,0.96,0.98,233575810.6119606,242574466.56456771,21
2021-04-28,0.78,0.143,0.07699999999999999,0.74,0.0,0.0,-0.004978508773491394,-0.004978508773491394,hold,False,False,False,False,0.33640724642820324,0.10622075689448787,0.38200564491583444,-0.006554501328813744,0.0008781458707574075,0.00010944679824698156,0.76,0.78,0.9,0.96,0.98,232412951.38955355,241366807.454551,21
2021-04-29,0.78,0.143,0.07699999999999999,0.74,0.0,0.0,-0.003910238366784612,-0.003910238366784612,hold,False,False,False,False,0.3439982840698001,0.0979590616915427,0.38294034616143674,-0.005325295194040902,0.0017027404515195244,0.0,0.76,0.78,0.9,0.96,0.98,231504161.35009247,240423005.70357394,21
2021-04-30,0.78,0.143,0.07699999999999999,0.68,0.0,0.0,-0.0138570321003279,-0.0138570321003279,hold,False,False,False,False,0.3571572102070627,0.09214141990531641,0.38574702802490624,-0.0179956533476463,0.001314713231117759,-0.00010943482095615575,0.76,0.78,0.9,0.96,0.98,228296200.75490475,237091456.3958822,21
2021-05-03,0.78,0.143,0.07699999999999999,0.68,0.0,0.0,-0.0024389107924145084,-0.0024389107924145084,hold,False,False,False,False,0.3698067845374925,0.10920172974180051,0.3741491806632107,-0.0033623089340657497,0.0012256137950472645,0.00010944679824698156,0.76,0.78,0.9,0.96,0.98,227739406.68701637,236513211.48408896,21
2021-05-04,0.78,0.143,0.07699999999999999,0.68,0.0,0.0,0.005941380994722831,0.005941380994722831,hold,False,False,False,False,0.42264500494827206,0.1321767223180568,0.36639468376653633,0.007537146923231708,0.00043640835386082877,0.0,0.76,0.78,0.9,0.96,0.98,229092493.2696561,237918426.58380142,21
2021-05-05,0.78,0.143,0.07699999999999999,0.68,0.0,0.0,0.006370934823422501,0.006370934823422501,hold,False,False,False,False,0.4647544796469016,0.16032865143197172,0.3588515753023268,0.008114531757433818,0.000349835900963269,-0.00010943482095615575,0.76,0.78,0.9,0.96,0.98,230552026.6128124,239434189.37285802,21
2021-05-06,0.68,0.20799999999999996,0.11199999999999997,0.68,0.19999999999999996,0.00019999999999999996,-0.01759099536840193,-0.017790995368401927,scheduled,False,False,False,False,0.4736380338819476,0.16880090539120665,0.35456050813651396,-0.025254614412802745,-0.0020089306139233765,0.0,0.76,0.78,0.9,0.96,0.98,226450276.5751682,235222303.656563,21
2021-05-07,0.68,0.20799999999999996,0.11199999999999997,0.68,0.0,0.0,-0.0012851801866605888,-0.0012851801866605888,hold,False,False,False,False,0.4473944835477808,0.17369680996406178,0.3519878652357815,-0.0013813297391150892,-0.001662865211838116,0.0,0.76,0.78,0.9,0.96,0.98,226159247.16644996,234920000.6124429,21
2021-05-10,0.68,0.20799999999999996,0.11199999999999997,0.68,0.0,0.0,-0.018615593035672454,-0.018615593035672454,hold,False,False,False,False,0.4850324461321338,0.20010605659337263,0.3408323941678075,-0.02588300119386533,-0.0048217129274865655,-0.0001092494189894877,0.76,0.78,0.9,0.96,0.98,221949158.65994528,230546825.48510176,21
2021-05-11,0.68,0.20799999999999996,0.11199999999999997,0.6,0.0,0.0,0.005953544068886498,0.005953544068886498,hold,False,False,False,False,0.532936584909283,0.22063570127611626,0.3317627600641798,0.007731321901531807,0.003347332576177253,0.0,0.76,0.78,0.9,0.96,0.98,223270542.75707954,231919396.17056918,21
2021-05-12,0.68,0.20799999999999996,0.11199999999999997,0.6,0.0,0.0,0.015468839614885557,0.015468839614885557,hold,False,False,False,False,0.5933442942496558,0.23871371419053186,0.3198860584751381,0.022076851242118334,0.0021950998569475466,0.0,0.76,0.78,0.9,0.96,0.98,226724278.97371724,235506920.11351284,21
2021-05-13,0.6,0.26,0.13999999999999999,0.6,0.16000000000000014,0.00016000000000000015,-0.003875045192918198,-0.004035045192918198,scheduled,False,False,False,False,0.6273175844696477,0.2496731616982661,0.3145827903837723,-0.00606625388661397,-0.0009638055798150136,0.00010926135572919549,0.76,0.78,0.9,0.96,0.98,225809436.2617265,234594320.15482798,21
2021-05-14,0.6,0.26,0.13999999999999999,0.6,0.0,0.0,-0.0040504338338019025,-0.0040504338338019025,hold,False,False,False,False,0.6257706298788872,0.26439806573626135,0.3178233937722625,-0.006750723056336505,0.0,0.0,0.76,0.78,0.9,0.96,0.98,224894810.08110026,233644111.38325512,21
2021-05-17,0.6,0.26,0.13999999999999999,0.6,0.0,0.0,-0.00010151688901995255,-0.00010151688901995255,hold,False,False,False,False,0.6238831940561895,0.2823300693795377,0.31568001081912306,0.0011482202537269615,-0.0029813620099907734,-0.0001092494189894877,0.76,0.78,0.9,0.96,0.98,224871979.4596241,233620392.55992967,21
2021-05-18,0.6,0.26,0.13999999999999999,0.6,0.0,0.0,0.01268079076278044,0.01268079076278044,hold,False,False,False,False,0.6419732886009191,0.2981188817335089,0.31365483815202955,0.019343331783007178,0.00413381420375436,0.0,0.76,0.78,0.9,0.96,0.98,227723533.97956383,236582883.87590078,21
2021-05-19,0.6,0.26,0.13999999999999999,0.78,0.0,0.0,-0.003214415106889947,-0.003214415106889947,hold,True,False,False,False,0.6484753703663331,0.30298563629228703,0.3178773962041979,-0.005534653050614957,0.00035030820644976757,0.00010926135572919549,0.76,0.78,0.9,0.96,0.98,226991536.01174554,235822408.2799385,21
2021-05-20,0.78,0.143,0.07699999999999999,0.78,0.3600000000000001,0.00036000000000000013,0.013248036152999472,0.012888036152999471,scheduled,True,False,False,False,0.588749457194625,0.3168847631030564,0.3170641637336744,0.016818884141138524,0.0009630680291861093,-0.0001092494189894877,0.76,0.78,0.9,0.96,0.98,229917011.13428983,238946592.0705185,21
2021-05-21,0.78,0.143,0.07699999999999999,0.6,0.0,0.0,0.001604562594396947,0.001604562594396947,hold,False,False,False,False,0.5191286342547973,0.29112579244636766,0.34298278850336,0.0013835529609773634,0.003674064928913312,0.0,0.76,0.78,0.9,0.96,0.98,230285927.37017143,239329996.83421347,21
2021-05-24,0.78,0.143,0.07699999999999999,0.68,0.0,0.0,0.002555399184232545,0.002555399184232545,hold,False,False,False,False,0.4664018751834809,0.25199779935459354,0.37513333391226966,0.0034839009830913703,-0.0011331719061449252,0.0,0.76,0.78,0.9,0.96,0.98,230874399.84111345,239941580.51288602,21
2021-05-25,0.78,0.143,0.07699999999999999,0.68,0.0,0.0,-0.0031590503133776004,-0.0031590503133776004,hold,False,False,False,False,0.4176108816009,0.24691389973818692,0.37666316543567535,-0.003740981545538924,-0.0017447400856530626,0.00010926135572919549,0.76,0.78,0.9,0.96,0.98,230145055.9959445,239183592.9877745,21
2021-05-26,0.78,0.143,0.07699999999999999,0.68,0.0,0.0,0.0024477197705812764,0.0024477197705812764,hold,False,False,False,False,0.3753468672738399,0.21843934153851785,0.40165369504475223,0.0031540996919210418,-8.725866515479908e-05,0.0,0.76,0.78,0.9,0.96,0.98,230708386.59960732,239769047.39712933,21
2021-05-27,0.78,0.143,0.07699999999999999,0.74,0.0,0.0,-0.0026274975801867805,-0.0026274975801867805,hold,False,False,False,False,0.3342951502878909,0.19817992426559525,0.41852502921269596,-0.003324054696930645,-0.0001840749043264811,-0.0001092494189894877,0.76,0.78,0.9,0.96,0.98,230102200.87208804,239139054.8052897,21
2021-05-28,0.78,0.143,0.07699999999999999,0.74,0.0,0.0,0.0016861301163513252,0.0016861301163513252,hold,False,False,False,False,0.28591443041186365,0.18387088017213313,0.43167814342123284,0.001953160248431507,0.001137518339683563,0.0,0.76,0.78,0.9,0.96,0.98,230490183.12281722,239542274.36759266,21
2021-06-01,0.78,0.143,0.07699999999999999,0.74,0.0,0.0,-0.008478993614567734,-0.008478993614567734,hold,False,False,False,False,0.2527011861221554,0.18344451014981983,0.43619364143288064,-0.010405853169813128,-0.002534462532262194,0.0,0.76,0.78,0.9,0.96,0.98,228535858.3318983,237511196.9528108,21
2021-06-02,0.78,0.143,0.07699999999999999,0.76,0.0,0.0,0.014033919579403153,0.014033919579403153,hold,False,False,False,False,0.21572117906559723,0.18428647698577566,0.43564243295102245,0.01696953444775562,0.005519367732605751,0.00010926135572919549,0.76,0.78,0.9,0.96,0.98,231743112.18873808,240844409.99005437,21
2021-06-03,0.78,0.143,0.07699999999999999,0.76,0.0,0.0,0.0021953672080122296,0.0021953672080122296,hold,False,False,False,False,0.20763090105167936,0.18734373471396762,0.4348176927933454,0.002979920558565663,-0.0007842406793329149,-0.0002184988379789754,0.76,0.78,0.9,0.96,0.98,232251873.41791987,241373151.90997958,21
2021-06-04,0.78,0.143,0.07699999999999999,0.76,0.0,0.0,0.0007823693285358363,0.0007823693285358363,hold,False,False,False,False,0.18647716670343215,0.18178960203421313,0.4463681170039751,0.00047544920092956744,0.002877754907767649,0.0,0.76,0.78,0.9,0.96,0.98,232433580.16017702,241561994.860766,21
2021-06-07,0.78,0.143,0.07699999999999999,0.76,0.0,0.0,0.0006325641004238847,0.0006325641004238847,hold,False,False,False,False,0.16152154135785202,0.1760117876541381,0.4554747754415992,0.00023709802476523656,0.0031302632245244766,0.0,0.76,0.78,0.9,0.96,0.98,232580609.29871935,241714798.30674168,21
2021-06-08,0.78,0.143,0.07699999999999999,0.76,0.0,0.0,0.008636150290793062,0.008636150290793062,hold,False,False,False,False,0.14154390080334023,0.16665416022555313,0.44047908679276276,0.010420504164336597,0.0035535457525210923,0.0,0.76,0.78,0.9,0.96,0.98,234589210.3953473,243802283.6324274,21
2021-06-09,0.78,0.143,0.07699999999999999,0.76,0.0,0.0,0.001838324221641769,0.001838324221641769,hold,False,False,False,False,0.12954860559524056,0.15657003125726804,0.4276640286774042,0.0026152182714906935,-0.0014682522646288776,0.00010927329507737227,0.76,0.78,0.9,0.96,0.98,235020461.42295286,244250471.27572048,21
2021-06-10,0.78,0.143,0.07699999999999999,0.76,0.0,0.0,0.007020692987371757,0.007020692987371757,hold,False,False,False,False,0.12577999397308348,0.14525256671210995,0.41253897695222586,0.00958252197240661,-0.0031137134735262917,-0.00010926135572908446,0.76,0.78,0.9,0.96,0.98,236670467.92835388,245965278.84656817,21
2021-06-11,0.78,0.143,0.07699999999999999,0.76,0.0,0.0,-0.005069329562655478,-0.005069329562655478,hold,False,False,False,False,0.1231478758282268,0.1302735154126384,0.3951852177791987,-0.006530936164747536,0.00017343108984335665,0.0,0.76,0.78,0.9,0.96,0.98,235470707.32867718,244718399.78712445,21
2021-06-14,0.78,0.143,0.07699999999999999,0.76,0.0,0.0,-0.0038203665062125857,-0.0038203665062125857,hold,False,False,False,False,0.12608189928358823,0.11369783795005432,0.36276385810582595,-0.0036522110812433617,-0.006853537808137911,0.00010927329507737227,0.76,0.78,0.9,0.96,0.98,234571122.9252045,243783485.8091238,21
2021-06-15,0.78,0.143,0.07699999999999999,0.76,0.0,0.0,0.010407915122364778,0.010407915122364778,hold,False,False,False,False,0.12804600464423022,0.10069112880708497,0.3438794214292984,0.012697676413100822,0.0035814031086522924,-0.00010926135572908446,0.76,0.78,0.9,0.96,0.98,237012519.26276785,246320763.63765943,21
2021-06-16,0.78,0.143,0.07699999999999999,0.76,0.0,0.0,-0.005303488518994167,-0.005303488518994167,hold,False,False,False,False,0.13777249915241838,0.09733832599805012,0.3491725105342338,-0.007847389688426465,0.005657771987814808,0.00010927329507737227,0.76,0.78,0.9,0.96,0.98,235755526.08799985,245014404.29571718,21
2021-06-17,0.78,0.143,0.07699999999999999,0.76,0.0,0.0,0.004381257553167223,0.004381257553167223,hold,False,False,False,False,0.155629503822622,0.09372897874902392,0.3486148861316572,0.006214875942033737,-0.003202325575020648,-0.00010926135572908446,0.76,0.78,0.9,0.96,0.98,236788431.7673738,246087875.50517258,21
2021-06-18,0.78,0.143,0.07699999999999999,0.76,0.0,0.0,0.007531786215551155,0.007531786215551155,hold,False,False,False,False,0.16926476943962077,0.0930864360247809,0.37374626602949124,0.009321881382534647,0.0018232079522666478,0.0,0.76,0.78,0.9,0.96,0.98,238571871.61376125,247941356.77371666,21
2021-06-21,0.78,0.143,0.07699999999999999,0.76,0.0,0.0,9.638883560858161e-05,9.638883560858161e-05,hold,False,False,False,False,0.16936054034883008,0.09187452681611609,0.3878007749254105,0.0004890097520888759,-0.001993278119026165,0.0,0.76,0.78,0.9,0.96,0.98,238594867.27867502,247965255.55239528,21
2021-06-22,0.78,0.143,0.07699999999999999,0.76,0.0,0.0,0.004806189860306773,0.004806189860306773,hold,False,False,False,False,0.166198287653582,0.091278922893212,0.39427573301648916,0.006182845962695804,-0.0001737345057126749,0.00010927329507737227,0.76,0.78,0.9,0.96,0.98,239741599.51051098,249157023.64933953,21
2021-06-23,0.78,0.143,0.07699999999999999,0.76,0.0,0.0,-0.0012567397744601483,-0.0012567397744601483,hold,False,False,False,False,0.1556690010224705,0.09091871717414234,0.3949957457216416,-0.0012290065658935312,-0.002084717853588769,0.0,0.76,0.78,0.9,0.96,0.98,239440306.70681342,248843898.1076333,21
2021-06-24,0.78,0.143,0.07699999999999999,0.76,0.0,0.0,0.009925774773949996,0.009925774773949996,hold,False,False,False,False,0.14114915358237365,0.08777389714522676,0.37946221144280934,0.012161643261340727,0.003133609471995591,-0.00010926135572908446,0.76,0.78,0.9,0.96,0.98,241816937.26299077,251313866.59412143,21
2021-06-25,0.78,0.143,0.07699999999999999,0.76,0.0,0.0,0.0028971658049446254,0.0028971658049446254,hold,False,False,False,False,0.13956063549750997,0.08568269619890304,0.36424526543633196,0.0036188720567857935,0.0005205986059559908,0.0,0.76,0.78,0.9,0.96,0.98,242517521.02468553,252041964.53472632,21
2021-06-28,0.78,0.143,0.07699999999999999,0.76,0.0,0.0,-0.0010072858054844065,-0.0010072858054844065,hold,False,False,False,False,0.14084652745003964,0.08249661631545613,0.34503878631603757,-0.0015775862938552931,0.0015610594665924626,0.0,0.76,0.78,0.9,0.96,0.98,242273236.56817612,251788086.24146408,21
2021-06-29,0.78,0.143,0.07699999999999999,0.76,0.0,0.0,0.00021365958693083924,0.00021365958693083924,hold,False,False,False,False,0.13903583275732,0.07978988491235749,0.3316665316079287,0.00039499759518513144,-0.0007192488184232237,0.00010927329507737227,0.76,0.78,0.9,0.96,0.98,242325000.56782568,251841883.17996457,21
2021-06-30,0.78,0.143,0.07699999999999999,0.76,0.0,0.0,0.009465775848685532,0.009465775848685532,hold,False,False,False,False,0.1297639974389717,0.07138627034369041,0.29573004109337486,0.011478755890067971,0.003641673977787807,-0.00010926135572908446,0.76,0.78,0.9,0.96,0.98,244618794.7057333,254225761.99545696,21
2021-07-01,0.78,0.143,0.07699999999999999,0.76,0.0,0.0,0.004116226862321048,0.004116226862321048,hold,False,False,False,False,0.11579878737660089,0.06164829036438861,0.25326359491690276,0.0043218201865307115,0.005269971741424628,-0.00010907587268349506,0.76,0.78,0.9,0.96,0.98,245625701.15952963,255272212.90607667,21
2021-07-02,0.78,0.143,0.07699999999999999,0.76,0.0,0.0,0.0020638423531944465,0.0020638423531944465,hold,False,False,False,False,0.12583738340163111,0.05367493222539669,0.21874159996605752,0.0021102315621155388,0.0029221100331771055,0.0,0.76,0.78,0.9,0.96,0.98,246132633.88461575,255799054.51066592,21
2021-07-06,0.78,0.143,0.07699999999999999,0.76,0.0,0.0,-0.004335232107397278,-0.004335232107397278,hold,False,False,False,False,0.1370996570082298,0.04736018869875995,0.19011197066511157,-0.00604002058621278,0.0025705188212663543,0.00010908777152729421,0.76,0.78,0.9,0.96,0.98,245065591.7875209,254690106.2365094,21
2021-07-07,0.78,0.143,0.07699999999999999,0.76,0.0,0.0,0.004149030446031522,0.004149030446031522,hold,False,False,False,False,0.14468586429892413,0.042687172699744244,0.16895713249041416,0.006243685856642811,-0.005042269385663434,0.0,0.76,0.78,0.9,0.96,0.98,246082376.38912204,255746823.2415877,22
2021-07-08,0.78,0.143,0.07699999999999999,0.76,0.0,0.0,0.002972780223325369,0.002972780223325369,hold,False,False,False,False,0.16780302308453943,0.04377438905705043,0.1756159186927476,0.0039058241328073784,-0.0005158223794712313,0.0,0.76,0.78,0.9,0.96,0.98,246813925.21096054,256507102.3398986,22
2021-07-09,0.78,0.143,0.07699999999999999,0.76,0.0,0.0,-0.0004424690433742606,-0.0004424690433742606,hold,False,False,False,False,0.17759763156960776,0.044040871508729415,0.1769575331151452,0.0,-0.003094189114505319,0.0,0.76,0.78,0.9,0.96,0.98,246704717.689581,256393605.88770756,22
2021-07-12,0.78,0.143,0.07699999999999999,0.76,0.0,0.0,0.002006868653481781,0.002006868653481781,hold,False,False,False,False,0.18414545109935382,0.0445281289818321,0.17733663032271282,0.0017933810441566056,0.004310701267386419,-0.00010907587268349506,0.76,0.78,0.9,0.96,0.98,247199821.6541783,256908154.17831677,22
2021-07-13,0.78,0.143,0.07699999999999999,0.76,0.0,0.0,-0.004868438759611194,-0.004868438759611194,hold,False,False,False,False,0.16972989757409526,0.04404730058893987,0.17027717475547605,-0.007023555900654732,0.0042065390523908786,0.00010908777152729421,0.76,0.78,0.9,0.96,0.98,245996344.46106812,255657412.5628549,22
2021-07-14,0.78,0.143,0.07699999999999999,0.76,0.0,0.0,-0.006341791626090493,-0.006341791626090493,hold,False,False,False,False,0.15484533594586575,0.044157947369776664,0.16688799314491407,-0.008099156157111653,-0.00017097778701680166,0.0,0.76,0.78,0.9,0.96,0.98,244436286.90371603,254036086.5247158,22
2021-07-15,0.78,0.143,0.07699999999999999,0.76,0.0,0.0,-0.0051767385829671305,-0.0051767385829671305,hold,False,False,False,False,0.15264650861947332,0.04753614485403579,0.1770142679516109,-0.008193572086481526,0.008549975431364265,-0.00010907587268349506,0.76,0.78,0.9,0.96,0.98,243170904.14622435,252721008.11413732,22
2021-07-16,0.78,0.143,0.07699999999999999,0.76,0.0,0.0,0.008878982037207848,0.008878982037207848,hold,False,False,False,False,0.17677259076780524,0.047897103531957835,0.1759286972796114,0.011616513099430792,-0.001272015247190006,0.0,0.76,0.78,0.9,0.96,0.98,245330014.2361103,254964913.40560782,22
2021-07-19,0.78,0.143,0.07699999999999999,0.76,0.0,0.0,0.005196562730349794,0.005196562730349794,hold,False,False,False,False,0.22461413166781102,0.062392606664396284,0.22097404915370633,0.0077204311976297735,-0.005771843383226782,0.0,0.76,0.78,0.9,0.96,0.98,246604887.04472587,256289854.57215828,22
2021-07-20,0.78,0.143,0.07699999999999999,0.74,0.0,0.0,0.00549378063289645,0.00549378063289645,hold,False,False,False,False,0.2931726773966837,0.06856572865953425,0.26267768638157424,0.00660990451848531,0.002305282168323819,0.00010908777152729421,0.76,0.78,0.9,0.96,0.98,247959680.1971498,257697854.81161466,22
2021-07-21,0.78,0.143,0.07699999999999999,0.74,0.0,0.0,0.008880865428836576,0.008880865428836576,hold,False,False,False,False,0.33065250481586816,0.07269470214557236,0.2844948079903033,0.011677624211714033,-0.0015334448538723011,-0.00010907587268349506,0.76,0.78,0.9,0.96,0.98,250161776.74875805,259986434.7814965,22
2021-07-22,0.78,0.143,0.07699999999999999,0.68,0.0,0.0,0.0005251898069867811,0.0005251898069867811,hold,False,False,False,False,0.3720265266703156,0.07476803531837613,0.3029764630740871,0.0007876646242952479,-0.000682436072525272,0.00010908777152729421,0.76,0.78,0.9,0.96,0.98,250293159.16400418,260122977.00699857,22
2021-07-23,0.78,0.143,0.07699999999999999,0.68,0.0,0.0,-0.007992138624971584,-0.007992138624971584,hold,False,False,False,False,0.38300369474340884,0.07647888464726331,0.3152773457842929,-0.011018114302962512,0.004268457157593053,-0.00010907587268349506,0.76,0.78,0.9,0.96,0.98,248292781.53908336,258044038.1152183,22
2021-07-26,0.68,0.20799999999999996,0.11199999999999997,0.68,0.19999999999999996,0.00019999999999999996,0.002789185724273576,0.002589185724273576,scheduled,False,False,False,False,0.3721450074989305,0.07817974230689557,0.3221817501067582,0.003841761024915513,0.0008499434006299378,0.0,0.76,0.78,0.9,0.96,0.98,248935657.6644845,258763770.8625632,22
2021-07-27,0.68,0.20799999999999996,0.11199999999999997,0.68,0.0,0.0,0.0005845003802010091,0.0005845003802010091,hold,False,False,False,False,0.3673413529603709,0.08065053354529689,0.3419586198352776,0.0017769221304553273,-0.003057810090959956,0.00010908777152729421,0.76,0.78,0.9,0.96,0.98,249081160.65103498,258915018.3850146,22
2021-07-28,0.68,0.20799999999999996,0.11199999999999997,0.68,0.0,0.0,-0.0029714608690013774,-0.0029714608690013774,hold,False,False,False,False,0.35243990306623496,0.08255354683844544,0.35539932106382854,-0.005211859053530943,0.002811633582404882,-0.00010907587268349506,0.76,0.78,0.9,0.96,0.98,248341025.72895497,258145662.53948677,22
2021-07-29,0.68,0.20799999999999996,0.11199999999999997,0.74,0.0,0.0,0.0009682390067188125,0.0009682390067188125,hold,False,False,False,False,0.3358667778564074,0.08440026102462357,0.3650946000802678,8.210965818089555e-05,0.004386559803633672,0.0,0.76,0.78,0.9,0.96,0.98,248581479.1970343,258395609.23937276,22
2021-07-30,0.68,0.20799999999999996,0.11199999999999997,0.74,0.0,0.0,0.004174839165318723,0.004174839165318723,hold,False,False,False,False,0.33530546259824767,0.0858384687075854,0.375928395313838,0.006061745356382264,0.0002540977066287642,0.0,0.76,0.78,0.9,0.96,0.98,249619266.89215896,259474369.34897166,22
2021-08-02,0.68,0.20799999999999996,0.11199999999999997,0.74,0.0,0.0,0.000929391917708749,0.000929391917708749,hold,False,False,False,False,0.32497252193796883,0.08736957418582256,0.36783680166605087,0.0014444570800662415,-0.0002540331573860355,0.0,0.76,0.78,0.9,0.96,0.98,249851261.02131286,259715522.73069713,22
2021-08-03,0.68,0.20799999999999996,0.11199999999999997,0.74,0.0,0.0,0.0035563985178033615,0.0035563985178033615,hold,False,False,False,False,0.3062291455843169,0.08480913695746507,0.35422184708012905,0.006343177524829491,-0.0036392413417341007,0.0,0.76,0.78,0.9,0.96,0.98,250739831.67568037,260639174.6307871,22
2021-08-04,0.68,0.20799999999999996,0.11199999999999997,0.74,0.0,0.0,-0.004186975862060513,-0.004186975862060513,hold,False,False,False,False,0.29325649086968,0.08226916110807313,0.34197004263095643,-0.004382267578331933,-0.005861787207720459,0.00010908777152729421,0.76,0.78,0.9,0.96,0.98,249689990.05279717,259547884.6979006,22
2021-08-05,0.68,0.20799999999999996,0.11199999999999997,0.74,0.0,0.0,0.0008119909677487024,0.0008119909677487024,hold,False,False,False,False,0.2819535985167019,0.08111183870071986,0.3283636595170479,0.001847452027652574,-0.0021359442839185006,0.0,0.76,0.78,0.9,0.96,0.98,249892736.0694573,259758635.23597357,22
2021-08-06,0.68,0.20799999999999996,0.11199999999999997,0.74,0.0,0.0,-0.0038894154005706004,-0.0038894154005706004,hold,False,False,False,False,0.2765484133418793,0.07734433036456939,0.33691404515747136,-0.005125537679704362,-0.0018838138491878986,-0.00010907587268349506,0.76,0.78,0.9,0.96,0.98,248920799.41329804,258748325.99965554,22
2021-08-09,0.68,0.20799999999999996,0.11199999999999997,0.74,0.0,0.0,-0.0009357642451598995,-0.0009357642451598995,hold,False,False,False,False,0.27405658301386193,0.07110105305119588,0.3561072495126602,-0.001717314721212948,0.0011154315637735834,0.0,0.76,0.78,0.9,0.96,0.98,248687868.22933045,258506198.5676901,22
2021-08-10,0.68,0.20799999999999996,0.11199999999999997,0.74,0.0,0.0,0.0022369807446333445,0.0022369807446333445,hold,False,False,False,False,0.2900964367141795,0.0662546989765671,0.3713755056334758,0.0036042791261623464,-0.0010285051017165925,0.0,0.76,0.78,0.9,0.96,0.98,249244178.20198336,259084471.9562544,22
2021-08-11,0.68,0.20799999999999996,0.11199999999999997,0.74,0.0,0.0,0.0035945776232258063,0.0035945776232258063,hold,False,False,False,False,0.31969408450651704,0.06225779560255422,0.3884485377829061,0.0035100575069977324,0.005747695615655246,0.00010908777152729421,0.76,0.78,0.9,0.96,0.98,250140105.74766755,260015771.2016736,22
2021-08-12,0.68,0.20799999999999996,0.11199999999999997,0.68,0.0,0.0,0.0007318089074799747,0.0007318089074799747,hold,False,False,False,False,0.38311286909974024,0.05898369388254765,0.4064934534836807,0.0004338371516368067,0.0022176240712030726,-0.00021844787895797246,0.76,0.78,0.9,0.96,0.98,250323160.50517166,260206053.05912423,22
2021-08-13,0.68,0.20799999999999996,0.11199999999999997,0.68,0.0,0.0,-0.006095795476338587,-0.006095795476338587,hold,False,False,False,False,0.41891572880444233,0.05304163034008889,0.3773780433075846,-0.008808165813627755,-0.0005107823224601571,0.0,0.76,0.78,0.9,0.96,0.98,248797241.7157415,258619890.1779705,22
2021-08-16,0.68,0.20799999999999996,0.11199999999999997,0.68,0.0,0.0,-0.006650970150091924,-0.006650970150091924,hold,False,False,False,False,0.462383903620372,0.04923510437144324,0.36385476717144905,-0.009624542196113639,-0.0005109685419935062,0.0,0.76,0.78,0.9,0.96,0.98,247142498.68766487,256899817.00817674,22
2021-08-17,0.68,0.20799999999999996,0.11199999999999997,0.6,0.0,0.0,0.003770685745492287,0.003770685745492287,hold,False,False,False,False,0.5088446569127811,0.04608352031175689,0.35357404287050453,0.0048315467028556824,0.0022152042276830652,0.00021849560886022523,0.76,0.78,0.9,0.96,0.98,248074395.3845718,257868505.48618904,22
2021-08-18,0.68,0.20799999999999996,0.11199999999999997,0.6,0.0,0.0,0.006848991269525321,0.006848991269525321,hold,False,False,False,False,0.5548176729442904,0.048108148980936655,0.36425022952763086,0.010358063869966072,-0.0009350584714019616,0.0,0.76,0.78,0.9,0.96,0.98,249773454.75275347,259634644.62894946,22
2021-08-19,0.68,0.20799999999999996,0.11199999999999997,0.6,0.0,0.0,0.010199185743646162,0.010199185743646162,hold,False,False,False,False,0.5689883644701712,0.05213415499764789,0.3830252208440658,0.014956739668387176,0.0002551390941643028,-0.00021844787895797246,0.76,0.78,0.9,0.96,0.98,252320940.611609,262282706.59500566,22
2021-08-20,0.68,0.20799999999999996,0.11199999999999997,0.6,0.0,0.0,0.001510753765546788,0.001510753765546788,hold,False,False,False,False,0.5756289970369393,0.05237871341341949,0.40501784549480035,0.003054250631347344,-0.002721810883506759,0.0,0.76,0.78,0.9,0.96,0.98,252702135.42276433,262678951.18163186,22
2021-08-23,0.6,0.26,0.13999999999999999,0.6,0.16000000000000014,0.00016000000000000015,-0.00033092837342377343,-0.0004909283734237735,scheduled,False,False,False,False,0.5706051648774187,0.05347222417910192,0.43859822131137766,0.0011487260895319817,-0.0039237077967037015,0.0,0.76,0.78,0.9,0.96,0.98,252578076.7744605,262592023.26358467,22
2021-08-24,0.6,0.26,0.13999999999999999,0.6,0.0,0.0,-0.0037946893580674554,-0.0037946893580674554,hold,False,False,False,False,0.5456327096461088,0.05094354108452623,0.41409920168178505,-0.006350007974280536,0.0,0.00010939590357761375,0.76,0.78,0.9,0.96,0.98,251619621.43444327,261595568.10739294,22
2021-08-25,0.6,0.26,0.13999999999999999,0.6,0.0,0.0,0.006678169938529663,0.006678169938529663,hold,False,False,False,False,0.526282041209849,0.04897066523964843,0.39428518651614614,0.009720283035020483,0.0032538466058360527,0.0,0.76,0.78,0.9,0.96,0.98,253299980.026251,263342547.7663803,22
2021-08-26,0.6,0.26,0.13999999999999999,0.6,0.0,0.0,0.007243671958237097,0.007243671958237097,hold,False,False,False,False,0.5270542427434863,0.04714084408307133,0.38620133786073835,0.01122206918396551,0.0019631940302222706,0.0,0.76,0.78,0.9,0.96,0.98,255134801.98858917,265250114.7950464,22
2021-08-27,0.6,0.26,0.13999999999999999,0.6,0.0,0.0,-0.0009915240914283017,-0.0009915240914283017,hold,False,False,False,False,0.5221970129411178,0.047322406044923666,0.39985068431754683,-0.0008149721603494253,-0.0018739501691517058,-0.00010938393742288,0.76,0.78,0.9,0.96,0.98,254881829.68585566,264987112.91597298,22
2021-08-30,0.6,0.26,0.13999999999999999,0.6,0.0,0.0,0.001105686615348409,0.001105686615348409,hold,False,False,False,False,0.511138265460786,0.0470563521011881,0.41426627234275354,0.0016577286389487522,0.00042711319991983743,0.0,0.76,0.78,0.9,0.96,0.98,255163649.11343485,265280105.61996397,22
2021-08-31,0.6,0.26,0.13999999999999999,0.68,0.0,0.0,5.7616331344667644e-05,5.7616331344667644e-05,hold,False,False,False,False,0.49362105140839274,0.04450940123901964,0.4108894062591533,-0.0004728411015373357,0.0011951215654870673,0.00021849560886022523,0.76,0.78,0.9,0.96,0.98,255178350.70678928,265295390.0864285,22
2021-09-01,0.6,0.26,0.13999999999999999,0.68,0.0,0.0,0.0011940307828603668,0.0011940307828603668,hold,False,False,False,False,0.4803512790035773,0.04250694192801592,0.4065916832240173,0.003075622985614368,-0.0023875396363620682,-0.00021844787895797246,0.76,0.78,0.9,0.96,0.98,255483041.51265272,265612160.94874266,22
2021-09-02,0.6,0.26,0.13999999999999999,0.68,0.0,0.0,-0.00017298109196870685,-0.00017298109196870685,hold,False,False,False,False,0.479070900248853,0.040992120538118924,0.4045454088585533,0.0014153367580318488,-0.003931473641491601,0.0,0.76,0.78,0.9,0.96,0.98,255438847.7771524,265566215.06710157,22
2021-09-03,0.6,0.26,0.13999999999999999,0.68,0.0,0.0,-0.0013745860037041391,-0.0013745860037041391,hold,False,False,False,False,0.48233250518692117,0.03976064497239211,0.3985124690687439,-0.003480689252428615,0.002745490568280884,0.0,0.76,0.78,0.9,0.96,0.98,255087725.11219564,265201171.46481365,22
2021-09-07,0.68,0.20799999999999996,0.11199999999999997,0.68,0.16000000000000014,0.00016000000000000015,-0.0017520679539321108,-0.001912067953932111,scheduled,False,False,False,False,0.48944292098322945,0.03881879848296749,0.3944409224159348,-0.003440382297696276,0.00282400004087191,0.0,0.76,0.78,0.9,0.96,0.98,254599980.04756716,264736520.99094492,22
2021-09-08,0.68,0.20799999999999996,0.11199999999999997,0.6,0.0,0.0,-0.005805203668507253,-0.005805203668507253,hold,False,False,False,False,0.5172798687967617,0.037865330786592336,0.39098348815637496,-0.0075894081046395945,-0.0031570120122741407,0.00010939590357761375,0.76,0.78,0.9,0.96,0.98,253121975.30939317,263199671.56810042,22
2021-09-09,0.68,0.20799999999999996,0.11199999999999997,0.6,0.0,0.0,-0.0002202782721013766,-0.0002202782721013766,hold,False,False,False,False,0.5543526228333233,0.037108336089685515,0.3886914349708817,-0.0006904606168036675,0.0011982449390630645,0.0,0.76,0.78,0.9,0.96,0.98,253066218.03804114,263141694.39922974,22
2021-09-10,0.68,0.20799999999999996,0.11199999999999997,0.6,0.0,0.0,-0.0011630014308755582,-0.0011630014308755582,hold,False,False,False,False,0.5938376148093282,0.038303966723217356,0.39699276315926246,-0.0028430441322045974,0.0037621133654563987,-0.00010938393742288,0.76,0.78,0.9,0.96,0.98,252771901.66435665,262835660.23212042,22
2021-09-13,0.68,0.20799999999999996,0.11199999999999997,0.6,0.0,0.0,0.004701087301764039,0.004701087301764039,hold,False,False,False,False,0.6274453758857056,0.041757827471959705,0.4163645513771391,0.007434569278125469,-0.0017039413815446158,0.0,0.76,0.78,0.9,0.96,0.98,253960204.44151372,264071273.61688843,22
2021-09-14,0.6,0.26,0.13999999999999999,0.6,0.16000000000000014,0.00016000000000000015,-0.0003928305935344567,-0.0005528305935344569,scheduled,False,False,False,False,0.6424312755213235,0.042127328784796025,0.42375697470203594,0.0006877111084910847,-0.0031568180197306672,0.00010939590357761375,0.76,0.78,0.9,0.96,0.98,253819807.47095817,263967538.3417381,22
2021-09-15,0.6,0.26,0.13999999999999999,0.6,0.0,0.0,-0.007877203189701644,-0.007877203189701644,hold,False,False,False,False,0.6476048748751025,0.04188927691442258,0.42069998874275333,-0.011842139567616816,-0.002910021914970584,-0.00010938393742288,0.76,0.78,0.9,0.96,0.98,251820417.27393848,261888212.40673485,22
2021-09-16,0.6,0.26,0.13999999999999999,0.52,0.0,0.0,-0.01106571571291755,-0.01106571571291755,hold,False,False,False,False,0.6506404057934538,0.04205525691657572,0.41125684751497993,-0.020662992032167482,0.005064477230315667,0.00010939590357761375,0.76,0.78,0.9,0.96,0.98,249033844.12567678,258990231.89967772,22
2021-09-17,0.6,0.26,0.13999999999999999,0.52,0.0,0.0,0.0005674740719247961,0.0005674740719247961,hold,False,False,False,False,0.659351179435451,0.0444376977695198,0.4255093524896979,0.0012303400835018685,-0.0005977547189889298,-0.00010938393742288,0.76,0.78,0.9,0.96,0.98,249175164.37524986,259137202.1411626,22
2021-09-20,0.6,0.26,0.13999999999999999,0.52,0.0,0.0,0.005848660743465382,0.005848660743465382,hold,False,False,False,False,0.6828693750758463,0.07964206986007438,0.4490321688488991,0.009340379757617479,0.0009401264957495936,0.0,0.76,0.78,0.9,0.96,0.98,250632505.3773779,260652807.72249708,22
2021-09-21,0.52,0.312,0.16799999999999998,0.52,0.15999999999999995,0.00015999999999999996,0.001992741035539842,0.001832741035539842,scheduled,False,False,False,False,0.6978667939647656,0.10647733355390245,0.46670172395686477,0.009227116207600305,-0.009050442000683834,0.00010939590357761375,0.76,0.78,0.9,0.96,0.98,251091849.85482317,261172221.2684744,22
2021-09-22,0.52,0.312,0.16799999999999998,0.52,0.0,0.0,-0.0004713368134469266,-0.0004713368134469266,hold,False,False,False,False,0.6908415917265879,0.10237363543137894,0.5013316290487403,0.0009383094748898202,-0.003015644996482658,-0.00010938393742288,0.76,0.78,0.9,0.96,0.98,250973501.0224301,261049121.18594083,22
2021-09-23,0.52,0.312,0.16799999999999998,0.52,0.0,0.0,-0.00498665304194538,-0.00498665304194538,hold,False,False,False,False,0.6632588337144603,0.09657503765139425,0.5308193018213085,-0.007982189336630086,-0.0026792134195440243,0.0,0.76,0.78,0.9,0.96,0.98,249721983.25010893,259747359.79168183,22
2021-09-24,0.52,0.312,0.16799999999999998,0.6,0.0,0.0,-0.015904386700890647,-0.015904386700890647,hold,False,False,False,False,0.6304529689461998,0.09271084331208837,0.5506805012768781,-0.028297759463834282,-0.00381266596056673,0.0,0.76,0.78,0.9,0.96,0.98,245750308.26078582,255616237.33701953,22
2021-09-27,0.52,0.312,0.16799999999999998,0.6,0.0,0.0,-0.0005086000883530453,-0.0005086000883530453,hold,False,False,False,False,0.5866701988660554,0.09570853416412138,0.5547793355597027,-0.0016395656620109555,0.0010435754618320914,0.00010939590357761375,0.76,0.78,0.9,0.96,0.98,245625319.6322916,255486230.89612544,22
2021-09-28,0.6,0.26,0.13999999999999999,0.6,0.15999999999999995,0.00015999999999999996,-0.0018880087336526994,-0.0020480087336526994,scheduled,False,False,False,False,0.5970512366505907,0.16157674720731888,0.5059893866245674,-0.0036738378173694075,0.0012165152183420957,0.0,0.76,0.78,0.9,0.96,0.98,245122276.83247843,255003870.66086555,22
2021-09-29,0.6,0.26,0.13999999999999999,0.6,0.0,0.0,0.004782412047597968,0.004782412047597968,hold,False,False,False,False,0.6043320340076421,0.20658175476093604,0.47259698632255986,0.006201797446634183,0.004082052229297917,0.0,0.76,0.78,0.9,0.96,0.98,246294552.5623367,256223404.24409816,22
2021-09-30,0.6,0.26,0.13999999999999999,0.6,0.0,0.0,-0.012939157155988217,-0.012939157155988217,hold,False,False,False,False,0.6099203930913906,0.2418735621865878,0.44625428285948654,-0.020989544559106066,-0.0012107804540236744,-0.000218767874845871,0.76,0.78,0.9,0.96,0.98,243107708.6400688,252908089.34954146,22
2021-10-01,0.6,0.26,0.13999999999999999,0.6,0.0,0.0,0.0073043011563533695,0.0073043011563533695,hold,False,False,False,False,0.614575231568478,0.26994424890668867,0.4258790783527746,0.013499210521749738,-0.0031174702262521947,0.00010940787235069749,0.76,0.78,0.9,0.96,0.98,244883440.55740687,254755406.19902843,22
2021-10-04,0.6,0.26,0.13999999999999999,0.52,0.0,0.0,0.003912296707827663,0.003912296707827663,hold,False,False,False,False,0.6610692542019951,0.2914593862830973,0.40813596937382624,0.006407732298403523,0.00026022049532903324,0.0,0.76,0.78,0.9,0.96,0.98,245841497.2357011,255752084.93600217,22
2021-10-05,0.78,0.143,0.07699999999999999,0.78,0.3600000000000001,0.00036000000000000013,0.0065851632726253734,0.006225163272625373,scheduled,True,False,False,False,0.6811324835735163,0.32670047039831995,0.37926421085986795,0.009174981004315574,-0.0039952581170683565,0.0,0.76,0.78,0.9,0.96,0.98,247371900.69518006,257436254.17262012,23
2021-10-06,0.78,0.143,0.07699999999999999,0.9,0.0,0.0,-0.00420131081613517,-0.00420131081613517,hold,True,True,False,False,0.7044756964532735,0.3845148347604948,0.3321989417961431,-0.004986642812982778,-0.0021799260280321864,0.0,0.76,0.78,0.9,0.96,0.98,246332614.45318148,256354684.45349935,23
2021-10-07,0.78,0.143,0.07699999999999999,0.9,0.0,0.0,-0.0063322653629657435,-0.0063322653629657435,hold,True,True,False,False,0.6764973369008453,0.439564890459339,0.29204949313532863,-0.007669701806601648,-0.00244683883787733,0.0,0.76,0.78,0.9,0.96,0.98,244772770.97091085,254731378.56450045,23
2021-10-08,0.96,0.026000000000000023,0.01400000000000001,0.96,0.3599999999999999,0.00035999999999999986,-0.003229864549694235,-0.0035898645496942345,tier_force,True,True,True,False,0.6361772080336624,0.47794869303342713,0.2629709480265644,-0.0034878160628116772,0.004555341177114425,0.0,0.76,0.78,0.9,0.96,0.98,243894069.87767193,253908630.71518025,23
2021-10-11,0.96,0.026000000000000023,0.01400000000000001,0.96,0.0,0.0,0.0077375656572246125,0.0077375656572246125,tier_force,True,True,True,False,0.594047810142831,0.5187303464259514,0.24029115997278255,0.00800799824643006,0.0019187438712213734,0.0,0.76,0.78,0.9,0.96,0.98,245781216.25675818,255873265.41627496,23
2021-10-12,0.98,0.013000000000000012,0.007000000000000005,0.98,0.040000000000000036,4.000000000000004e-05,0.018078090530416296,0.018038090530416297,tier_force,True,True,True,True,0.5638575330418318,0.5484562625436546,0.2205737696466388,0.01841663931412918,0.002349982607287915,-0.00010939590357761375,0.76,0.78,0.9,0.96,0.98,250214640.0862734,260498965.47278363,23
2021-10-13,0.98,0.013000000000000012,0.007000000000000005,0.98,0.0,0.0,0.00611090885085195,0.00611090885085195,tier_force,True,True,True,True,0.5259389370711125,0.5748318658200524,0.2053813580333112,0.006300496570289749,-0.004949511010650665,0.00010940787235069749,0.76,0.78,0.9,0.96,0.98,251743678.94498935,262090850.90652904,23
2021-10-14,0.98,0.013000000000000012,0.007000000000000005,0.98,0.0,0.0,0.00983577534409258,0.00983577534409258,tier_force,True,True,True,True,0.4696714293235151,0.6113259945509845,0.18591739877268348,0.010055812044539758,-0.0013965144793337547,-0.00010939590357761375,0.76,0.78,0.9,0.96,0.98,254219773.2153876,264668717.63578773,23
2021-10-15,0.98,0.013000000000000012,0.007000000000000005,0.98,0.0,0.0,0.007369754695172351,0.007369754695172351,tier_force,True,True,True,True,0.4124387222359782,0.6549846654984195,0.16450298670262664,0.007567685444287875,-0.0035828492484435426,0.0,0.76,0.78,0.9,0.96,0.98,256093310.58264732,266619261.16024932,23
2021-10-18,0.98,0.013000000000000012,0.007000000000000005,0.98,0.0,0.0,-0.0012847168261426048,-0.0012847168261426048,tier_force,True,True,True,True,0.3377142255440508,0.6819639413833047,0.1529143644481273,-0.0013051222580671151,-0.00043823178744861746,0.0,0.76,0.78,0.9,0.96,0.98,255764303.19747922,266276730.909263,23
2021-10-19,0.98,0.013000000000000012,0.007000000000000005,0.98,0.0,0.0,0.005950537279737634,0.005950537279737634,tier_force,True,True,True,True,0.27962217162811415,0.6777071850643069,0.15872635510299565,0.006106897311430659,-0.0026324681126470573,0.0,0.76,0.78,0.9,0.96,0.98,257286238.21848196,267861220.52326527,23
2021-10-20,0.98,0.013000000000000012,0.007000000000000005,0.98,0.0,0.0,-0.00820118794253693,-0.00820118794253693,tier_force,True,True,True,True,0.23987568621161323,0.6698016481423845,0.1671119041376726,-0.008402402482821758,0.0025512685098763033,0.0,0.76,0.78,0.9,0.96,0.98,255176185.42382386,265664440.31123665,23
2021-10-21,0.98,0.013000000000000012,0.007000000000000005,0.98,0.0,0.0,0.010049974445223896,0.010049974445223896,tier_force,True,True,True,True,0.22354236844422476,0.6434139548191727,0.18267125114812272,0.01023800158181265,0.0012282338416187422,0.00010940787235069749,0.76,0.78,0.9,0.96,0.98,257740699.566363,268334361.1473693,23
2021-10-22,0.98,0.013000000000000012,0.007000000000000005,0.98,0.0,0.0,0.0031001150492142595,0.0031001150492142595,tier_force,True,True,True,True,0.24034906516404492,0.6356002490869648,0.19419686621178528,0.0031486667854425665,0.0012271116154827233,-0.00021869307439015273,0.76,0.78,0.9,0.96,0.98,258539725.3878837,269166228.5385835,23
2021-10-25,0.98,0.013000000000000012,0.007000000000000005,0.98,0.0,0.0,0.0023477581247634055,0.0023477581247634055,tier_force,True,True,True,True,0.24520286388644233,0.5832146963607097,0.22655412540775788,0.0023213559784371895,0.005602251222689203,0.0,0.76,0.78,0.9,0.96,0.98,259146714.1287372,269798165.73854697,23
2021-10-26,0.98,0.013000000000000012,0.007000000000000005,0.98,0.0,0.0,0.010850526389771274,0.010850526389771274,tier_force,True,True,True,True,0.25403625903612864,0.5314384729512651,0.2516580491210688,0.011105044119542606,-0.0026113872123899595,0.0002187409115126382,0.76,0.78,0.9,0.96,0.98,261958592.3892136,272725617.855805,23
2021-10-27,0.96,0.026000000000000023,0.01400000000000001,0.96,0.040000000000000036,4.000000000000004e-05,0.004733351518183545,0.004693351518183545,tier_force,True,True,True,False,0.2447922567880637,0.4901335342931392,0.2713886198509664,0.004918759580507803,0.0004362431113866805,0.0,0.76,0.78,0.9,0.96,0.98,263188056.1465047,274016524.0731303,23
2021-10-28,0.96,0.026000000000000023,0.01400000000000001,0.96,0.0,0.0,0.0032802388280154127,0.0032802388280154127,tier_force,True,True,True,False,0.23361412494305422,0.45344680089848505,0.27873304539811333,0.0034190381771197487,-7.837776998254053e-05,0.0,0.76,0.78,0.9,0.96,0.98,264051375.82734635,274915363.7149128,23
2021-10-29,0.96,0.026000000000000023,0.01400000000000001,0.9,0.0,0.0,0.004074680512975872,0.004074680512975872,hold,True,True,False,False,0.22331918000372986,0.3987630652000262,0.3030039274519223,0.004181448563534085,0.002444292116331237,-0.00021869307439015273,0.76,0.78,0.9,0.96,0.98,265127300.82285452,276035555.99015963,23
2021-11-01,0.96,0.026000000000000023,0.01400000000000001,0.78,0.0,0.0,0.010109282982433385,0.010109282982433385,hold,True,False,False,False,0.21762626939783053,0.32962320209173673,0.3051567972329897,0.01061542290475126,-0.00313550023568554,0.0,0.76,0.78,0.9,0.96,0.98,267807547.7332415,278826077.5388775,23
2021-11-02,0.76,0.156,0.08399999999999999,0.76,0.3999999999999999,0.0003999999999999999,0.010596339873869052,0.010196339873869052,scheduled,False,False,False,False,0.213356586443406,0.27190782542329794,0.29305049527298954,0.012818554620604106,0.005417021741087158,0.0001093210785754195,0.76,0.78,0.9,0.96,0.98,270538204.51071703,281780613.42217726,23
2021-11-03,0.76,0.156,0.08399999999999999,0.76,0.0,0.0,0.001579191048505576,0.001579191048505576,hold,False,False,False,False,0.21052614750118678,0.22666071082723713,0.29406041531784727,0.000954162160134775,0.005474537223097098,0.0,0.76,0.78,0.9,0.96,0.98,270965436.0215592,282225598.844536,23
2021-11-04,0.76,0.156,0.08399999999999999,0.76,0.0,0.0,-0.0016945480017086442,-0.0016945480017086442,hold,False,False,False,False,0.21552358159163315,0.1920154123554958,0.2965538921813351,-0.0013547836947047642,-0.004321170865451807,0.00010940787235069749,0.76,0.78,0.9,0.96,0.98,270506272.08341676,281747354.01998293,23
2021-11-05,0.76,0.156,0.08399999999999999,0.76,0.0,0.0,-0.004531851195633473,-0.004531851195633473,hold,False,False,False,False,0.22112072194918034,0.16532568453571814,0.296772890316002,-0.006883134428898652,0.00460064864473253,-0.00021869307439015273,0.76,0.78,0.9,0.96,0.98,269280377.9108492,280470516.9368009,23
2021-11-08,0.76,0.156,0.08399999999999999,0.76,0.0,0.0,-0.012504001716346639,-0.012504001716346639,hold,False,False,False,False,0.22587017424631148,0.14145434210158722,0.285741592218364,-0.014696803911443568,-0.008554043228522601,0.0,0.76,0.78,0.9,0.96,0.98,265913295.60327342,276963513.11163855,23
2021-11-09,0.76,0.156,0.08399999999999999,0.76,0.0,0.0,0.001613191958629068,0.001613191958629068,hold,False,False,False,False,0.2481694084236624,0.12569876679635997,0.29330138864381095,0.0027723968291712975,-0.0032244397573170103,0.0001093210785754195,0.76,0.78,0.9,0.96,0.98,266342264.79343322,277410308.4238239,23
2021-11-10,0.76,0.156,0.08399999999999999,0.74,0.0,0.0,0.008324668254769546,0.008324668254769546,hold,False,False,False,False,0.2792663337163331,0.12089344777917563,0.29875976204567223,0.010522802390793728,0.0020983233190148276,0.0,0.76,0.78,0.9,0.96,0.98,268559475.79006255,279719657.21190554,23
2021-11-11,0.76,0.156,0.08399999999999999,0.74,0.0,0.0,-0.0007859605132855356,-0.0007859605132855356,hold,False,False,False,False,0.29975288390161114,0.11710985112137563,0.3030101841244147,-0.00022830652758731862,-0.00392594584819983,0.0,0.76,0.78,0.9,0.96,0.98,268348398.6466229,279499808.60654724,23
2021-11-12,0.76,0.156,0.08399999999999999,0.74,0.0,0.0,0.005266162428195871,0.005266162428195871,hold,False,False,False,False,0.3081194747540468,0.10653088011439137,0.30453924888513284,0.007121021424765672,-0.000875845434668121,-0.00010930912878348575,0.76,0.78,0.9,0.96,0.98,269761564.90124226,280971699.9973189,23
2021-11-15,0.76,0.156,0.08399999999999999,0.74,0.0,0.0,0.0009624844955750005,0.0009624844955750005,hold,False,False,False,False,0.33393784679868177,0.0987925642367304,0.3062483113453893,0.0005286483009279141,0.00359430632608837,0.0,0.76,0.78,0.9,0.96,0.98,270021206.2249617,281242130.9022617,23
2021-11-16,0.76,0.156,0.08399999999999999,0.74,0.0,0.0,0.007979270498751774,0.007979270498751774,hold,False,False,False,False,0.3345492904476699,0.09270820180041663,0.307728727976312,0.010361429316997794,0.0006115464566225359,0.0001093210785754195,0.76,0.78,0.9,0.96,0.98,272175778.4698299,283486237.9403762,23
2021-11-17,0.76,0.156,0.08399999999999999,0.74,0.0,0.0,0.004659514763852152,0.004659514763852152,hold,False,False,False,False,0.32645173110756104,0.08805560187651183,0.3088049728077324,0.005575482932571152,0.0027060752249876696,0.0,0.76,0.78,0.9,0.96,0.98,273443985.527973,284807146.2514083,23
2021-11-18,0.76,0.156,0.08399999999999999,0.74,0.0,0.0,-0.009963927724729798,-0.009963927724729798,hold,False,False,False,False,0.3195096517964663,0.08418952097684458,0.3064606517249394,-0.011609267158457559,-0.007313363360910596,0.0,0.76,0.78,0.9,0.96,0.98,270719409.4194103,281969348.4306727,23
2021-11-19,0.76,0.156,0.08399999999999999,0.74,0.0,0.0,-0.004116214189950595,-0.004116214189950595,hold,False,False,False,False,0.30894472173336607,0.0810500416834143,0.30373211128782407,-0.004557846675967703,-0.004122235573059796,-0.00010930912878348575,0.76,0.78,0.9,0.96,0.98,269605070.34486306,280808702.1975313,23
2021-11-22,0.76,0.156,0.08399999999999999,0.74,0.0,0.0,0.00293739539281933,0.00293739539281933,hold,False,False,False,False,0.33640170821162657,0.07958294186078121,0.30838062987056614,0.003220193964705853,0.0030824680066829924,0.0001093210785754195,0.76,0.78,0.9,0.96,0.98,270397007.03637475,281633548.38562983,23
2021-11-23,0.68,0.20799999999999996,0.11199999999999997,0.68,0.15999999999999992,0.00015999999999999993,-0.010219761474789937,-0.010379761474789938,scheduled,False,False,False,False,0.3585186077550992,0.08410445438263645,0.3146508991126574,-0.018958806670089423,0.012906104246608763,-0.00010930912878348575,0.76,0.78,0.9,0.96,0.98,267590350.59984007,278755320.69783,23
2021-11-24,0.68,0.20799999999999996,0.11199999999999997,0.68,0.0,0.0,0.014301224372878956,0.014301224372878956,hold,False,False,False,False,0.35877784515887085,0.08381034876934809,0.31725542263455175,0.021702469708922756,-0.0022533605287931024,0.0001093210785754195,0.76,0.78,0.9,0.96,0.98,271417220.24378574,282741863.08426356,23
2021-11-26,0.68,0.20799999999999996,0.11199999999999997,0.68,0.0,0.0,-0.008752148088689852,-0.008752148088689852,hold,False,False,False,False,0.4145764419843971,0.12998925557177315,0.30786469637768205,-0.014686290464073215,0.005994096390883108,-0.00010930912878348575,0.76,0.78,0.9,0.96,0.98,269041736.5383916,280267264.42767805,23
2021-11-29,0.68,0.20799999999999996,0.11199999999999997,0.68,0.0,0.0,-0.011164893008402451,-0.011164893008402451,hold,False,False,False,False,0.4180243964798912,0.12472108868638895,0.3229896919367912,-0.01701322197162869,0.0018839133245414086,0.0001093210785754195,0.76,0.78,0.9,0.96,0.98,266037914.33514568,277138110.40658534,23
2021-11-30,0.68,0.20799999999999996,0.11199999999999997,0.68,0.0,0.0,0.0044525424118172525,0.0044525424118172525,hold,False,False,False,False,0.437913794503187,0.14291280911556065,0.3274026817690399,0.007207332798940591,-0.0021559802474151457,0.0,0.76,0.78,0.9,0.96,0.98,267222459.43187433,278372079.59710157,23
2021-12-01,0.6,0.26,0.13999999999999999,0.6,0.16000000000000014,0.00016000000000000015,-0.00892011342720673,-0.00908011342720673,scheduled,False,False,False,False,0.5030728542697243,0.19790089362677893,0.31835625519563665,-0.017388387816959172,0.005877779003840233,-0.00010930912878348575,0.76,0.78,0.9,0.96,0.98,264796049.1899358,275888969.072128,23
2021-12-02,0.6,0.26,0.13999999999999999,0.6,0.0,0.0,0.003511683857508072,0.003511683857508072,hold,False,False,False,False,0.5491450759687879,0.230234164725497,0.3086352563645396,0.008012723131842758,-0.004984423159990703,0.0,0.76,0.78,0.9,0.96,0.98,265725929.201408,276857803.91128314,23
2021-12-03,0.6,0.26,0.13999999999999999,0.6,0.0,0.0,0.017080303348721723,0.017080303348721723,hold,False,False,False,False,0.5992708476572378,0.2742490647125065,0.3013401078511052,0.030113890434321444,-0.0038001188918120876,0.0,0.76,0.78,0.9,0.96,0.98,270264608.679789,281586619.18654877,23
2021-12-06,0.6,0.26,0.13999999999999999,0.6,0.0,0.0,0.001865802408167929,0.001865802408167929,hold,False,False,False,False,0.6400996977231759,0.2979813872194156,0.29959709400898016,0.0044743675022678175,-0.0032081655545896925,0.0001093210785754195,0.76,0.78,0.9,0.96,0.98,270768869.0375063,282112004.1787349,23
2021-12-07,0.6,0.26,0.13999999999999999,0.6,0.0,0.0,-0.008188117279685707,-0.008188117279685707,hold,False,False,False,False,0.598566842015226,0.25897413370998146,0.31521726736655314,-0.014714355280508129,0.0025223044871109934,-0.00010930912878348575,0.76,0.78,0.9,0.96,0.98,268551781.7821393,279802038.0025122,23
2021-12-08,0.6,0.26,0.13999999999999999,0.6,0.0,0.0,0.006718098692439822,0.006718098692439822,hold,False,False,False,False,0.5449828311321433,0.22389673265433205,0.322248993184915,0.010870401093726167,0.0006944349430906271,0.0001093210785754195,0.76,0.78,0.9,0.96,0.98,270355939.1561823,281681775.7081589,23
2021-12-09,0.6,0.26,0.13999999999999999,0.6,0.0,0.0,-0.00742832469076947,-0.00742832469076947,hold,False,False,False,False,0.5414767723170888,0.21588667414939594,0.3301038794417921,-0.014446823794141639,0.004768344560444282,0.0,0.76,0.78,0.9,0.96,0.98,268347647.45805222,279589352.01872617,23
2021-12-10,0.6,0.26,0.13999999999999999,0.6,0.0,0.0,-0.006658828586440353,-0.006658828586440353,hold,False,False,False,False,0.5029754758542755,0.19753774835298474,0.33860017927348224,-0.010350258798463852,-0.0017256665667770843,0.0,0.76,0.78,0.9,0.96,0.98,266560766.47205448,277727614.4490395,23
2021-12-13,0.6,0.26,0.13999999999999999,0.6,0.0,0.0,0.013296216056879973,0.013296216056879973,hold,False,False,False,False,0.5164860390622898,0.19985969181473504,0.33228709307376364,0.022797245097481378,-0.001469734621572516,0.0,0.76,0.78,0.9,0.96,0.98,270105016.0153544,281420340.8157158,23
2021-12-14,0.6,0.26,0.13999999999999999,0.6,0.0,0.0,-0.014686955788793822,-0.014686955788793822,hold,False,False,False,False,0.5286626154929015,0.2092191698578248,0.3235411095504884,-0.025714464758824773,0.00291163978665665,-0.00010930912878348575,0.76,0.78,0.9,0.96,0.98,266137995.58680546,277287132.71208805,23
2021-12-15,0.6,0.26,0.13999999999999999,0.6,0.0,0.0,-0.0023942711444026933,-0.0023942711444026933,hold,False,False,False,False,0.5233433645032057,0.19394834785417045,0.3276591274802076,-0.00498918409904392,0.0022459014000888455,0.0001093210785754195,0.76,0.78,0.9,0.96,0.98,265500789.06354278,276623232.1315213,23
2021-12-16,0.6,0.26,0.13999999999999999,0.6,0.0,0.0,-0.00605950045436726,-0.00605950045436726,hold,False,False,False,False,0.5716508977906563,0.2067975761049139,0.32288471071542424,-0.00970021906560381,-0.0008617912960587892,-0.00010930912878348575,0.76,0.78,0.9,0.96,0.98,263891986.9115774,274947033.53073186,23
2021-12-17,0.6,0.26,0.13999999999999999,0.6,0.0,0.0,0.012380859843967917,0.012380859843967917,hold,False,False,False,False,0.6002040530217184,0.23843455309430833,0.32090744093577767,0.02238010101608756,-0.003968776881051572,-0.00010941983293721869,0.76,0.78,0.9,0.96,0.98,267159196.61547583,278351114.2173906,23
2021-12-20,0.6,0.26,0.13999999999999999,0.6,0.0,0.0,0.0075549002481776605,0.0075549002481776605,hold,False,False,False,False,0.6241439234444868,0.282279374451542,0.3113548659080608,0.012178628690145299,0.0009527809003480048,0.0,0.76,0.78,0.9,0.96,0.98,269177557.696289,280454029.1192721,23
2021-12-21,0.6,0.26,0.13999999999999999,0.6,0.0,0.0,0.003983448289981885,0.003983448289981885,hold,False,False,False,False,0.5970928491077849,0.26577953954022804,0.3245722584194908,0.0075390698640041,-0.0020768985708483623,0.0,0.76,0.78,0.9,0.96,0.98,270249812.5781958,281571203.2419858,23
2021-12-22,0.6,0.26,0.13999999999999999,0.6,0.0,0.0,0.010022027364504105,0.010022027364504105,hold,False,False,False,False,0.5611498740257345,0.2428106806097744,0.3252168193125665,0.01652746866159993,0.00034702197912128696,0.00010943180694722443,0.76,0.78,0.9,0.96,0.98,272958263.5951066,284393117.5459333,23
2021-12-23,0.6,0.26,0.13999999999999999,0.6,0.0,0.0,-0.0028413142129595356,-0.0028413142129595356,hold,False,False,False,False,0.5072582991377653,0.21746078995438708,0.3262650372065139,-0.004634961898390411,-0.00017314729736184198,-0.00010941983293721869,0.76,0.78,0.9,0.96,0.98,272182703.4012091,283585067.33898216,23
2021-12-27,0.6,0.26,0.13999999999999999,0.68,0.0,0.0,-0.001419604387115938,-0.001419604387115938,hold,False,False,False,False,0.4772246369314299,0.1936026212332587,0.309089690337937,-0.00014926473657661532,-0.005115559789115265,0.0,0.76,0.78,0.9,0.96,0.98,271796311.6413637,283182488.7332672,23
2021-12-28,0.6,0.26,0.13999999999999999,0.68,0.0,0.0,-0.0009166708648956322,-0.0009166708648956322,hold,False,False,False,False,0.45885135632694557,0.17442973663514239,0.30842544634375174,-0.002988393695077751,0.0033117111506861807,0.00010943180694722443,0.76,0.78,0.9,0.96,0.98,271547163.8812959,282922903.59639674,23
2021-12-29,0.6,0.26,0.13999999999999999,0.68,0.0,0.0,-0.0040404131417732005,-0.0040404131417732005,hold,False,False,False,False,0.43508553804413075,0.16199290726699594,0.2992670075360855,-0.006244624665034615,-0.0011293782413555054,0.0,0.76,0.78,0.9,0.96,0.98,270450001.15173876,281779778.1785973,23
2021-12-30,0.68,0.20799999999999996,0.11199999999999997,0.68,0.16000000000000014,0.00016000000000000015,0.0045985902631984,0.0044385902631984,scheduled,False,False,False,False,0.4402723785598248,0.15302876987345504,0.29185213616367756,0.009626684967203092,-0.009304329294282376,-0.00010941983293721869,0.76,0.78,0.9,0.96,0.98,271650417.8935329,283075567.92289555,23
2021-12-31,0.68,0.20799999999999996,0.11199999999999997,0.68,0.0,0.0,-0.008917152133550297,-0.008917152133550297,hold,False,False,False,False,0.44475220340186133,0.14822384549655257,0.2990394145336472,-0.01297050666819366,-0.0005262690459456598,0.00010943180694722443,0.76,0.78,0.9,0.96,0.98,269228069.79003376,280551340.01843596,23
2022-01-03,0.68,0.20799999999999996,0.11199999999999997,0.68,0.0,0.0,-0.021767224720553105,-0.021767224720553105,hold,False,False,False,False,0.4302422214127613,0.14139492547868193,0.293179405597525,-0.030721077118410434,-0.004215828269394262,0.0,0.76,0.78,0.9,0.96,0.98,263367721.89383328,274444515.95460236,23
2022-01-04,0.68,0.20799999999999996,0.11199999999999997,0.68,0.0,0.0,-0.000991430388993768,-0.000991430388993768,hold,False,False,False,False,0.4515193744433696,0.1395814359443559,0.3016842771348891,-0.0007026575983037908,-0.0024693424141691844,0.0,0.76,0.78,0.9,0.96,0.98,263106611.13086772,274172423.3213923,24
2022-01-05,0.68,0.20799999999999996,0.11199999999999997,0.6,0.0,0.0,-0.008046678375894688,-0.008046678375894688,hold,False,False,False,False,0.5151110055992585,0.16468075962790651,0.3007729149444056,-0.010832795313910681,-0.003271045973247233,0.0,0.76,0.78,0.9,0.96,0.98,260989476.852526,271966246.01138544,24
2022-01-06,0.6,0.26,0.13999999999999999,0.6,0.16000000000000014,0.00016000000000000015,0.0003103666030198026,0.00015036660301980247,scheduled,False,False,False,False,0.5627773570231782,0.17981838824474466,0.3051601183541426,0.0006581384202533069,-0.0002661448943114264,-0.00010941983293721869,0.76,0.78,0.9,0.96,0.98,261028720.95358425,272050655.25129604,24
2022-01-07,0.6,0.26,0.13999999999999999,0.6,0.0,0.0,0.009620757986088826,0.009620757986088826,hold,False,False,False,False,0.6155122784683248,0.19398481770617354,0.3098559656756256,0.015022034537703455,0.0023955534204451734,-0.00010933304177851433,0.76,0.78,0.9,0.96,0.98,263540015.105297,274667988.76542556,24
2022-01-10,0.6,0.26,0.13999999999999999,0.52,0.0,0.0,0.0024406783766147467,0.0024406783766147467,hold,False,False,False,False,0.6616094066134945,0.21354710790844242,0.3167446474272478,0.003965638819044326,0.0001768722524468913,0.00010934499679970955,0.76,0.78,0.9,0.96,0.98,264183231.52153718,275338364.9863536,24
2022-01-11,0.6,0.26,0.13999999999999999,0.52,0.0,0.0,-0.014165923123310267,-0.014165923123310267,hold,False,False,False,False,0.6842745030993116,0.22129416944538732,0.32111871743092635,-0.025016074631594054,0.0031861584718213543,0.00010943180694722443,0.76,0.78,0.9,0.96,0.98,260440832.17333543,271437942.875059,24
2022-01-12,0.6,0.26,0.13999999999999999,0.52,0.0,0.0,0.0019444652944106218,0.0019444652944106218,hold,False,False,False,False,0.6884744476582029,0.23706204527423239,0.31001315395519186,0.006222438915268302,-0.006880761749039843,0.0,0.76,0.78,0.9,0.96,0.98,260947250.33274394,271965744.5345658,24
2022-01-13,0.78,0.143,0.07699999999999999,0.78,0.3600000000000001,0.00036000000000000013,-0.020513991234064208,-0.020873991234064207,scheduled,True,False,False,False,0.7211313189048632,0.3017329635148549,0.29913941610076783,-0.024894164671508512,-0.007550347832874782,-0.0002187409115126382,0.76,0.78,0.9,0.96,0.98,255500239.71674508,266386641.635218,24
2022-01-14,0.78,0.143,0.07699999999999999,0.78,0.0,0.0,-0.008204732399250115,-0.008204732399250115,hold,True,False,False,False,0.7457562410070795,0.3597159137755369,0.2802262126445922,-0.01098353737895319,0.0024166435040327006,0.0002187887695674906,0.76,0.78,0.9,0.96,0.98,253403928.62192497,264201010.5258661,24
2022-01-18,0.78,0.143,0.07699999999999999,0.78,0.0,0.0,-0.009824492650710136,-0.009824492650710136,hold,True,False,False,False,0.7817740703548715,0.43671296461848025,0.25937469061743906,-0.012988356652236077,0.0021428359303077293,0.0,0.76,0.78,0.9,0.96,0.98,250914363.58751777,261605369.63964453,24
2022-01-19,0.78,0.143,0.07699999999999999,0.78,0.0,0.0,-0.020808682221609517,-0.020808682221609517,hold,True,False,False,False,0.8074184212778304,0.47754326182922424,0.2531191479901351,-0.02772873009973842,0.005791276806451862,-0.00010941983293721869,0.76,0.78,0.9,0.96,0.98,245693166.33078775,256161706.6353465,24
2022-01-20,0.78,0.143,0.07699999999999999,0.42,0.0,0.0,0.0034524125591368256,0.0034524125591368256,hold,False,False,False,False,0.827622098750941,0.4971109172957594,0.25458617805563355,0.004577785555379021,-0.0008859190433129216,0.00010943180694722443,0.76,0.78,0.9,0.96,0.98,246541400.50392228,257046082.5285043,24
2022-01-21,0.42,0.37700000000000006,0.203,0.42,0.7200000000000002,0.0007200000000000003,-0.010281882464122302,-0.011001882464122302,scheduled,False,False,False,False,0.8378754891656875,0.5082768292588402,0.25518141327574956,-0.02318127233970424,-0.0013298240753566448,-0.0002187409115126382,0.76,0.78,0.9,0.96,0.98,243828980.99303803,254403164.92008317,24
2022-01-24,0.42,0.37700000000000006,0.203,0.42,0.0,0.0,-0.0033126041308713314,-0.0033126041308713314,hold,False,False,False,False,0.846431487627554,0.5179299235969129,0.25403296268551195,-0.0015647683147718139,-0.0071023832175530766,0.00010934499679970955,0.76,0.78,0.9,0.96,0.98,243021272.10337433,253560427.94506216,24
2022-01-25,0.42,0.37700000000000006,0.203,0.42,0.0,0.0,-0.0026231110851654463,-0.0026231110851654463,hold,False,False,False,False,0.8536561055688023,0.5139358413061703,0.2546167130764011,-0.01007057267441247,0.0042024264755371465,0.00010943180694722443,0.76,0.78,0.9,0.96,0.98,242383800.31058896,252895310.77576014,24
2022-01-26,0.42,0.37700000000000006,0.203,0.30000000000000004,0.0,0.0,0.014003440886679274,0.014003440886679274,hold,False,False,False,False,0.862517057635483,0.5114161669082885,0.255343001485446,0.03136911855439206,0.0023151604744606757,-0.0002187409115126382,0.76,0.78,0.9,0.96,0.98,245778007.53012702,256436715.31072694,24
2022-01-27,0.42,0.37700000000000006,0.203,0.30000000000000004,0.0,0.0,0.013475364231484505,0.013475364231484505,hold,False,False,False,False,0.8696021845773585,0.5205159805952739,0.24929345307968387,0.03197845264586263,0.0,0.0002187887695674906,0.76,0.78,0.9,0.96,0.98,249089955.701684,259892293.45186445,24
2022-01-28,0.30000000000000004,0.455,0.245,0.30000000000000004,0.23999999999999988,0.0002399999999999999,0.0013992033205975215,0.0011592033205975215,scheduled,False,False,False,False,0.8731672771897709,0.5218719686829405,0.2529475420338594,0.006803340551469361,-0.0013516285401619088,-0.00010941983293721869,0.76,0.78,0.9,0.96,0.98,249378701.60546088,260255935.61186004,24
2022-01-31,0.30000000000000004,0.455,0.245,0.42,0.0,0.0,0.0033963387882098442,0.0033963387882098442,hold,False,False,False,False,0.8533065578435954,0.5309939630384761,0.2528063467999443,0.008125541763509991,0.002048055970230278,0.00010943180694722443,0.76,0.78,0.9,0.96,0.98,250225676.16267693,261139852.94084045,24
2022-02-01,0.42,0.37700000000000006,0.203,0.42,0.23999999999999988,0.0002399999999999999,-0.018636416623527514,-0.018876416623527514,scheduled,False,False,False,False,0.829964353970818,0.5402961766830514,0.2563808275764807,-0.040543885812960756,-0.004265211093060994,0.0,0.76,0.78,0.9,0.96,0.98,245502312.04952633,256273141.8444282,24
2022-02-02,0.42,0.37700000000000006,0.203,0.78,0.0,0.0,0.0023604496214494433,0.0023604496214494433,hold,True,False,False,False,0.8108707758278642,0.5681705082421054,0.2440548432594124,0.012614881779412057,-0.007674791302033301,-0.0002187409115126382,0.76,0.78,0.9,0.96,0.98,246081807.8890686,256878061.68508258,24
2022-02-03,0.42,0.37700000000000006,0.203,0.42,0.0,0.0,-0.0032768554590147676,-0.0032768554590147676,hold,False,False,False,False,0.8310154693194474,0.5985067263469284,0.22134436748010722,-0.008044433182389676,0.00027004370713235026,0.0,0.76,0.78,0.9,0.96,0.98,245275433.37352312,256036309.4063487,24
2022-02-04,0.42,0.37700000000000006,0.203,0.42,0.0,0.0,0.003520726998123106,0.003520726998123106,hold,False,False,False,False,0.8339095485857312,0.6443635684347511,0.19077244871895357,0.011235264017851021,-0.003236819426325366,0.00010934499679970955,0.76,0.78,0.9,0.96,0.98,246138981.21377757,256937743.3533754,24
2022-02-07,0.42,0.37700000000000006,0.203,0.42,0.0,0.0,0.009387993223191624,0.009387993223191624,hold,False,False,False,False,0.8478161024042357,0.6719416360789029,0.17242369137608107,0.02119061096312569,0.001353133225888259,-0.00010933304177851433,0.76,0.78,0.9,0.96,0.98,248449732.3013758,259349873.1467591,24
2022-02-08,0.42,0.37700000000000006,0.203,0.42,0.0,0.0,-0.012969398506370737,-0.012969398506370737,hold,False,False,False,False,0.8440742155155829,0.6986567465502622,0.15515071747253026,-0.02263253065478743,-0.009187627669389964,0.0,0.76,0.78,0.9,0.96,0.98,245227488.71435812,255986261.28934208,24
2022-02-09,0.42,0.37700000000000006,0.203,0.78,0.0,0.0,-0.009415840092298206,-0.009415840092298206,hold,True,False,False,False,0.8169514477432736,0.7127399616470835,0.14585912914468507,-0.03172143579284703,0.010363827428905958,0.0,0.76,0.78,0.9,0.96,0.98,242918465.89438787,253575935.58721635,24
2022-02-10,0.42,0.37700000000000006,0.203,0.42,0.0,0.0,-0.0021138526605623395,-0.0021138526605623395,hold,False,False,False,False,0.8224888488785154,0.6922371996451001,0.15298819969502023,0.0012389664986058868,-0.006928226391353598,-0.00010974010067243967,0.76,0.78,0.9,0.96,0.98,242404972.0489573,253039913.4211207,24
2022-02-11,0.42,0.37700000000000006,0.203,0.42,0.0,0.0,0.009359957111093867,0.009359957111093867,hold,False,False,False,False,0.8440418738972937,0.6770334441522423,0.15718786996005912,0.02486391569653823,-0.0029903624333847967,0.00021910914253142622,0.76,0.78,0.9,0.96,0.98,244673872.19085145,255408356.1581373,24
2022-02-14,0.42,0.37700000000000006,0.203,0.30000000000000004,0.0,0.0,0.0006820109520529194,0.0006820109520529194,hold,False,False,False,False,0.8609753280022587,0.6697992958767497,0.15554166460379495,-0.0002525341405039683,0.0020903853874392198,0.0,0.76,0.78,0.9,0.96,0.98,244840742.4513668,255582547.45428294,24
2022-02-15,0.30000000000000004,0.455,0.245,0.30000000000000004,0.23999999999999988,0.0002399999999999999,-0.006515408362743454,-0.006755408362743453,scheduled,False,False,False,False,0.8736804253711437,0.6912538626244896,0.1438051045774913,-0.029743978355789902,0.005350707119185172,-0.00010933304177851433,0.76,0.78,0.9,0.96,0.98,243186743.25227052,253917322.78722805,24
2022-02-16,0.30000000000000004,0.455,0.245,0.30000000000000004,0.0,0.0,-0.0019172005184630151,-0.0019172005184630151,hold,False,False,False,False,0.8747121614854138,0.7020243099359416,0.138478675479972,-0.011405407901192821,0.0032475435773162697,0.00010934499679970955,0.76,0.78,0.9,0.96,0.98,242720505.50202394,253430512.36433363,24
2022-02-17,0.30000000000000004,0.455,0.245,0.30000000000000004,0.0,0.0,-0.003054177582713843,-0.003054177582713843,hold,False,False,False,False,0.88506463413243,0.7095347080489568,0.13313053244543466,-0.010043816217065293,-9.018179691044903e-05,0.0,0.76,0.78,0.9,0.96,0.98,241979193.97525468,252656490.57469478,24
2022-02-18,0.30000000000000004,0.455,0.245,0.30000000000000004,0.0,0.0,-0.010084376024246049,-0.010084376024246049,hold,False,False,False,False,0.8946953784287311,0.7195986598344382,0.12892808291958757,-0.02561520348717572,-0.005215446995291417,-0.00010933304177851433,0.76,0.78,0.9,0.96,0.98,239538984.79316425,250108607.51877314,24
2022-02-22,0.30000000000000004,0.455,0.245,0.30000000000000004,0.0,0.0,0.011150783188806133,0.011150783188806133,hold,False,False,False,False,0.9026505783841265,0.688032208075994,0.14353385856234288,0.033604691436262435,0.002350276391049233,0.0,0.76,0.78,0.9,0.96,0.98,242210032.07785952,252897514.37486917,24
2022-02-23,0.30000000000000004,0.455,0.245,0.30000000000000004,0.0,0.0,0.004529019708320223,0.004529019708320223,hold,False,False,False,False,0.9087121952805857,0.6654705411020122,0.15860429525855635,0.015506965130081873,-0.00027048314440514254,0.0,0.76,0.78,0.9,0.96,0.98,243307006.08669305,254042892.20165816,24
2022-02-24,0.30000000000000004,0.455,0.245,0.30000000000000004,0.0,0.0,0.006065103240503789,0.006065103240503789,hold,False,False,False,False,0.9135700709547057,0.679832704326164,0.15218133037447343,0.0029791034993771337,0.011365653166353074,0.0,0.76,0.78,0.9,0.96,0.98,244782688.19774672,255583688.57037738,24
2022-02-25,0.30000000000000004,0.455,0.245,0.30000000000000004,0.0,0.0,-0.00010312528307808655,-0.00010312528307808655,hold,False,False,False,False,0.9070055780504237,0.7026043370178772,0.13798080929222162,-0.015311558693434812,0.00973921417886947,0.00024081581047652456,0.76,0.78,0.9,0.96,0.98,244757444.9137337,255557331.43014342,24
2022-02-28,0.30000000000000004,0.455,0.245,0.30000000000000004,0.0,0.0,-0.0018045115976027051,-0.0018045115976027051,hold,False,False,False,False,0.9010511433850297,0.7225920227584187,0.1236694944453754,0.016779458982290718,-0.015029339103933892,0.0,0.76,0.78,0.9,0.96,0.98,244315777.26578727,255096175.2617253,24
2022-03-01,0.30000000000000004,0.455,0.245,0.30000000000000004,0.0,0.0,-0.0022982802763438955,-0.0022982802763438955,hold,False,False,False,False,0.9081156042047268,0.7349357347063039,0.11351096095575613,-0.01428486852448263,0.00430851211491623,0.00010941742332248872,0.76,0.78,0.9,0.96,0.98,243754271.13369766,254509892.75355053,24
2022-03-02,0.30000000000000004,0.455,0.245,0.30000000000000004,0.0,0.0,0.00016595331830126722,0.00016595331830126722,hold,False,False,False,False,0.8990090740343873,0.7501549438928459,0.10168447957925832,-0.014491974727030343,0.009919880739363451,0.0,0.76,0.78,0.9,0.96,0.98,243794722.96384236,254552129.51479346,24
2022-03-03,0.30000000000000004,0.455,0.245,0.30000000000000004,0.0,0.0,-0.012997128338727163,-0.012997128338727163,hold,False,False,False,False,0.8960311682984936,0.7408169638954432,0.10406773945176781,-0.0368812453554237,-0.004247812598022094,0.0,0.76,0.78,0.9,0.96,0.98,240626091.6611769,251243682.81859338,24
2022-03-04,0.30000000000000004,0.455,0.245,0.30000000000000004,0.0,0.0,-0.0043461320803980874,-0.0043461320803980874,hold,False,False,False,False,0.8978276805554113,0.7386830855045857,0.10051086011776911,-0.004648153215909168,-0.006487222232143597,0.0,0.76,0.78,0.9,0.96,0.98,239580298.8848274,250151744.5886981,24
2022-03-07,0.30000000000000004,0.455,0.245,0.30000000000000004,0.0,0.0,0.00799102018137943,0.00799102018137943,hold,False,False,False,False,0.9072027710433513,0.6893104499094708,0.12960770891605014,0.03599824241868621,-0.006172423174124031,0.0,0.76,0.78,0.9,0.96,0.98,241494789.88827702,252150712.22811368,24
2022-03-08,0.30000000000000004,0.455,0.245,0.30000000000000004,0.0,0.0,-0.005420207396693557,-0.005420207396693557,hold,False,False,False,False,0.9136797336753988,0.6502100957843895,0.15366223532845236,-0.011104862386814407,-0.0045906564409873285,0.0,0.76,0.78,0.9,0.96,0.98,240185838.0418616,250784003.0726133,24
2022-03-09,0.30000000000000004,0.455,0.245,0.30000000000000004,0.0,0.0,-0.006371542549499869,-0.006371542549499869,hold,False,False,False,False,0.9171119137120831,0.625329656461329,0.1746319552842797,-0.02073827204147316,-0.00027089362902266156,-0.00010940545245963218,0.76,0.78,0.9,0.96,0.98,238655483.75499058,249186122.1263022,24
2022-03-10,0.30000000000000004,0.455,0.245,0.30000000000000004,0.0,0.0,-0.01149624545394758,-0.01149624545394758,hold,False,False,False,False,0.9208851362401685,0.6136452125287342,0.17973965224181537,-0.019204645180485147,-0.012662987183551744,0.00010941742332248872,0.76,0.78,0.9,0.96,0.98,235911841.7348126,246321417.30262092,24
2022-03-11,0.30000000000000004,0.455,0.245,0.30000000000000004,0.0,0.0,0.009147901376787348,0.009147901376787348,hold,False,False,False,False,0.9237529505144388,0.604166490513713,0.18408313607083565,0.03136656166432128,-0.0004580441044529371,-0.00021900838768551534,0.76,0.78,0.9,0.96,0.98,238069939.99661893,248574741.3350958,24
2022-03-14,0.30000000000000004,0.455,0.245,0.30000000000000004,0.0,0.0,0.010554094056809647,0.010554094056809647,hold,False,False,False,False,0.9259417078532897,0.5989625758372639,0.186222168700892,0.0370869589879661,-0.0013750823043570115,0.00021905636286634333,0.76,0.78,0.9,0.96,0.98,240582552.53544226,251198222.53529352,24
2022-03-15,0.30000000000000004,0.455,0.245,0.30000000000000004,0.0,0.0,0.002754990287590676,0.002754990287590676,hold,False,False,False,False,0.9263910890846045,0.5850156647901812,0.19963620571976282,0.01210632550397217,-0.001927268930991155,0.0,0.76,0.78,0.9,0.96,0.98,241245355.13104123,251890271.1986383,24
2022-03-16,0.30000000000000004,0.455,0.245,0.30000000000000004,0.0,0.0,0.007452519847275089,0.007452519847275089,hold,False,False,False,False,0.9108508759162272,0.5640003668472975,0.21864720932159853,0.02046789451471387,0.0029427600631066753,-0.00010940545245963218,0.76,0.78,0.9,0.96,0.98,243043240.92821822,253767488.4440816,24
2022-03-17,0.30000000000000004,0.455,0.245,0.30000000000000004,0.0,0.0,-0.006757707000684733,-0.006757707000684733,hold,False,False,False,False,0.8950658808217529,0.5707188893442435,0.2141972134687833,-0.002780311443737249,-0.013018930917722105,0.0,0.76,0.78,0.9,0.96,0.98,241400825.91752848,252052602.11087683,24
2022-03-18,0.30000000000000004,0.455,0.245,0.30000000000000004,0.0,0.0,0.003402131132133662,0.003402131132133662,hold,False,False,False,False,0.8729539483834865,0.6218814037982547,0.1845704299287031,0.019652957393306636,-0.005480782606282042,0.0,0.76,0.78,0.9,0.96,0.98,242222103.18270528,252910118.11545357,24
2022-03-21,0.42,0.37700000000000006,0.203,0.42,0.23999999999999988,0.0002399999999999999,-0.003456334765341802,-0.0036963347653418016,scheduled,False,False,False,False,0.8586624957658024,0.6609007659100894,0.16079696584290204,-0.014371561050354198,0.006725033144100889,0.00021863734227056675,0.76,0.78,0.9,0.96,0.98,241326769.20177686,252035976.0817044,24
2022-03-22,0.42,0.37700000000000006,0.203,0.42,0.0,0.0,0.007236575566131309,0.007236575566131309,hold,False,False,False,False,0.8310902064693848,0.7050170149953301,0.13432011817783535,0.02222683016501681,-0.0055668252073627356,0.0,0.76,0.78,0.9,0.96,0.98,243073148.60323587,253859853.4680033,24
2022-03-23,0.42,0.37700000000000006,0.203,0.42,0.0,0.0,-0.004264001971175581,-0.004264001971175581,hold,False,False,False,False,0.8299295824507534,0.7336698280070745,0.11747275877567234,-0.0008342818027622378,-0.010263209377394444,-0.00021858955043219108,0.76,0.78,0.9,0.96,0.98,242036684.21845183,252777394.5524134,24
2022-03-24,0.42,0.37700000000000006,0.203,0.78,0.0,0.0,0.0073514433276011,0.0073514433276011,hold,True,False,False,False,0.8124838219389067,0.7585894784827358,0.10377667157728147,0.015472575832186974,0.00226249728934369,0.0,0.76,0.78,0.9,0.96,0.98,243816003.1856843,254635673.24296412,24
2022-03-25,0.42,0.37700000000000006,0.203,0.78,0.0,0.0,0.00910719509649247,0.00910719509649247,hold,True,False,False,False,0.7867191431153376,0.7612075213689669,0.10288772133558535,0.017209482557657863,0.004984648334950048,0.0,0.76,0.78,0.9,0.96,0.98,246036483.09434333,256954689.99771452,24
2022-03-28,0.78,0.143,0.07699999999999999,0.78,0.7200000000000002,0.0007200000000000003,-0.008036408740045067,-0.008756408740045067,scheduled,True,False,False,False,0.762532231750232,0.7480343504464124,0.10857932703306372,-0.011045411490249846,0.003931308720244608,0.00021863734227056675,0.76,0.78,0.9,0.96,0.98,243882087.08340612,254889697.08122128,24
2022-03-29,0.78,0.143,0.07699999999999999,0.9,0.0,0.0,-0.009401187452384949,-0.009401187452384949,hold,True,True,False,False,0.7035695698426232,0.7713697605827093,0.09703968000603569,-0.01239462158835003,0.0018644572484480815,0.0,0.76,0.78,0.9,0.96,0.98,241589305.86645612,252493431.25927913,24
2022-03-30,0.78,0.143,0.07699999999999999,0.9,0.0,0.0,-0.0024159088769150575,-0.0024159088769150575,hold,True,True,False,False,0.6846908544425715,0.7564524087644796,0.10384172720595608,-0.0019035431109781786,-0.006511505247217331,0.0,0.76,0.78,0.9,0.96,0.98,241005648.11784562,251883430.13733712,24
2022-03-31,0.96,0.026000000000000023,0.01400000000000001,0.96,0.3599999999999999,0.00035999999999999986,0.01974650346148972,0.01938650346148972,tier_force,True,True,True,False,0.6687508564386181,0.7389975661720164,0.11393001747086512,0.020588651478703923,-0.0006566620554397939,-0.000109196044615123,0.76,0.78,0.9,0.96,0.98,245677904.94932082,256857247.16243592,24
2022-04-01,0.96,0.026000000000000023,0.01400000000000001,0.96,0.0,0.0,-0.02162714941125697,-0.02162714941125697,tier_force,True,True,True,False,0.6582656362051824,0.7396824413688278,0.11425954961353284,-0.022203963676888705,-0.011915869427283843,-0.00010940545245963218,0.76,0.78,0.9,0.96,0.98,240364592.1919373,251302157.10068974,24
2022-04-04,0.96,0.026000000000000023,0.01400000000000001,0.96,0.0,0.0,-0.02093287766649908,-0.02093287766649908,tier_force,True,True,True,False,0.6142134288992778,0.7559324885426313,0.10731987382880204,-0.021711525162270928,-0.0035132828709809605,0.00010941742332248872,0.76,0.78,0.9,0.96,0.98,235333069.5882255,246041679.78877366,24
2022-04-05,0.96,0.026000000000000023,0.01400000000000001,0.96,0.0,0.0,0.0022182161296187505,0.0022182161296187505,tier_force,True,True,True,False,0.6304771199856919,0.7723760776068461,0.09884776039432454,0.002377747936569641,-0.002477764980311714,0.0,0.78,0.78,0.9,0.96,0.98,235855089.1990188,246587453.41143963,25
2022-04-06,0.96,0.026000000000000023,0.01400000000000001,0.9,0.0,0.0,-0.013553241808249827,-0.013553241808249827,hold,True,True,False,False,0.6899906795497777,0.7447864312960862,0.10895399941215589,-0.013979242864740282,-0.005062960837104669,-0.00010940545245963218,0.78,0.78,0.9,0.96,0.98,232658488.14339817,243245394.02847382,25
2022-04-07,0.96,0.026000000000000023,0.01400000000000001,0.78,0.0,0.0,-0.022834229011485244,-0.022834229011485244,hold,True,False,False,False,0.7279501722213657,0.7608348805877481,0.09801965196844396,-0.023657231000693058,-0.004800734413323959,0.00010941742332248872,0.78,0.78,0.9,0.96,0.98,227345910.94366592,237691072.9952387,25
2022-04-08,0.96,0.026000000000000023,0.01400000000000001,0.78,0.0,0.0,-0.003929932892622744,-0.003929932892622744,hold,True,False,False,False,0.7498484846917562,0.7705030741345613,0.09017285079007646,-0.004224327188835142,0.004823892640730465,0.0,0.78,0.78,0.9,0.96,0.98,226452456.7702451,236756963.0291919,25
2022-04-11,0.78,0.143,0.07699999999999999,0.78,0.3599999999999999,0.00035999999999999986,0.016170936004374515,0.015810936004374516,scheduled,True,False,False,False,0.7816493725007604,0.772937063233007,0.08522650264706841,0.020327126349392266,0.0022082339290108166,0.0,0.78,0.78,0.9,0.96,0.98,230032882.07227284,240585544.72692704,25
2022-04-12,0.78,0.143,0.07699999999999999,0.78,0.0,0.0,-0.019132558996564623,-0.019132558996564623,hold,True,False,False,False,0.8067216146905594,0.7616198186898406,0.08905595421798972,-0.02286712522727652,-0.009005434261884937,-0.00010940545245963218,0.78,0.78,0.9,0.96,0.98,225631764.38487527,235982527.59871846,25
2022-04-13,0.78,0.143,0.07699999999999999,0.78,0.0,0.0,0.0001929232388749682,0.0001929232388749682,hold,True,False,False,False,0.8010718613057861,0.7488242037574879,0.094254065032003,0.0007682198357190639,-0.0029000935285435903,0.00010941742332248872,0.78,0.78,0.9,0.96,0.98,225675293.99565345,236028054.11226067,25
2022-04-14,0.78,0.143,0.07699999999999999,0.42,0.0,0.0,0.01648240930375111,0.01648240930375111,hold,False,False,False,False,0.8232221565536804,0.733202263423359,0.10058125530989911,0.022350816670852813,-0.006593031326396437,-0.00010940545245963218,0.78,0.78,0.9,0.96,0.98,229394966.5610342,239918365.1073069,25
2022-04-18,0.78,0.143,0.07699999999999999,0.42,0.0,0.0,-0.010242392504059563,-0.010242392504059563,hold,False,False,False,False,0.8433995792189349,0.7230230157513767,0.10262779153145535,-0.01458427675173024,0.00780775025828806,0.00021863734227056675,0.78,0.78,0.9,0.96,0.98,227045413.27506047,237461027.0429456,25
2022-04-19,0.78,0.143,0.07699999999999999,0.78,0.0,0.0,-0.016928521354200986,-0.016928521354200986,hold,True,False,False,False,0.814577886381679,0.7176482078816392,0.10174539956592975,-0.020691264474111848,-0.005519825625131092,0.0,0.78,0.78,0.9,0.96,0.98,223201870.1480602,233441162.9758586,25
2022-04-20,0.78,0.143,0.07699999999999999,0.78,0.0,0.0,-0.02036362184211448,-0.02036362184211448,hold,True,False,False,False,0.8177819974116485,0.7134903408605319,0.1011135815344271,-0.026185686435647115,0.00048686484703241995,-0.000109196044615123,0.78,0.78,0.9,0.96,0.98,218656671.66991237,228687455.4106348,25
2022-04-21,0.78,0.143,0.07699999999999999,0.42,0.0,0.0,0.010946585040518833,0.010946585040518833,hold,False,False,False,False,0.843823092944324,0.6935744409756923,0.10497436842016124,0.01284555089768813,0.006424100186403381,0.00010920796969360325,0.78,0.78,0.9,0.96,0.98,221050215.52102384,231190802.08898714,25
2022-04-22,0.78,0.143,0.07699999999999999,0.30000000000000004,0.0,0.0,-0.028495213306540187,-0.028495213306540187,hold,False,False,False,False,0.8648760384074599,0.6814923064006736,0.10609252147487942,-0.03774488297846079,0.006672751832829338,-0.000109196044615123,0.78,0.78,0.9,0.96,0.98,214751342.4782956,224602970.86895132,25
2022-04-25,0.78,0.143,0.07699999999999999,0.30000000000000004,0.0,0.0,-0.00173131868865161,-0.00173131868865161,hold,False,False,False,False,0.8804011252337507,0.6725257620529052,0.10727916656760238,-0.0011981566092631457,-0.005571724009974521,0.0,0.78,0.78,0.9,0.96,0.98,214379539.4656499,224214111.54795924,25
2022-04-26,0.30000000000000004,0.455,0.245,0.30000000000000004,0.9600000000000001,0.0009600000000000001,0.010048656744540042,0.009088656744540041,scheduled,False,False,False,False,0.8928491701792041,0.6558092572540609,0.11201770223936676,0.03551582488754734,-0.0014497824398937986,0.0002186134221531244,0.78,0.78,0.9,0.96,0.98,216327961.51290578,226467162.1921867,25
2022-04-27,0.30000000000000004,0.455,0.245,0.30000000000000004,0.0,0.0,-0.015974227134342576,-0.015974227134342576,hold,False,False,False,False,0.9008974552236765,0.6165235612279447,0.12485242906628995,-0.04499866321615498,-0.005321054038477602,-0.00021856564077049612,0.78,0.78,0.9,0.96,0.98,212872289.5201893,222849524.3048587,25
2022-04-28,0.30000000000000004,0.455,0.245,0.30000000000000004,0.0,0.0,0.0016458012676152409,0.0016458012676152409,hold,False,False,False,False,0.9084289282622016,0.5853156826571874,0.13762548741285963,0.016696049216812225,-0.007450042747260133,0.00010920796969360325,0.78,0.78,0.9,0.96,0.98,213222635.0041218,223216290.3344471,25
2022-04-29,0.30000000000000004,0.455,0.245,0.30000000000000004,0.0,0.0,0.0008293978548819891,0.0008293978548819891,hold,False,False,False,False,0.9136617951141355,0.5629010634337326,0.14556632682402865,0.0010675241713691275,0.0011777882074768264,-0.000109196044615123,0.78,0.78,0.9,0.96,0.98,213399481.40020648,223401425.4468252,25
2022-05-02,0.30000000000000004,0.455,0.245,0.30000000000000004,0.0,0.0,0.013140149777513536,0.013140149777513536,hold,False,False,False,False,0.9169587248970983,0.5455902100650476,0.1520637708194404,0.033812174546432594,0.006467993681662065,0.0002186134221531244,0.78,0.78,0.9,0.96,0.98,216203582.5482489,226336953.6377065,25
2022-05-03,0.30000000000000004,0.455,0.245,0.30000000000000004,0.0,0.0,-0.019672569742720213,-0.019672569742720213,hold,False,False,False,False,0.9182568121261834,0.5516164330293307,0.14551644567216124,-0.05036415194079369,-0.010029283869191441,0.0,0.78,0.78,0.9,0.96,0.98,211950302.49194252,221884324.13191387,25
2022-05-04,0.30000000000000004,0.455,0.245,0.30000000000000004,0.0,0.0,-0.006189863867382496,-0.006189863867382496,hold,False,False,False,False,0.9127685396602332,0.5667203686426338,0.14144307354309588,-0.011980757114415042,-0.005704696116610952,0.0,0.78,0.78,0.9,0.96,0.98,210638358.97286683,220510890.37123114,25
2022-05-05,0.30000000000000004,0.455,0.245,0.30000000000000004,0.0,0.0,-0.008389219818225513,-0.008389219818225513,hold,False,False,False,False,0.9160811974652543,0.5662785650301643,0.15589929775855044,-0.039126927821863666,0.007419026386108474,-0.00010938154018680368,0.78,0.78,0.9,0.96,0.98,208871267.47729313,218660976.03959423,25
2022-05-06,0.30000000000000004,0.455,0.245,0.30000000000000004,0.0,0.0,0.00516374898171811,0.00516374898171811,hold,False,False,False,False,0.9190138566529702,0.5590282696988795,0.17000534726019495,0.012148688726504764,0.0033387744258608354,0.0,0.78,0.78,0.9,0.96,0.98,209949826.27203918,219790086.4319602,25
2022-05-09,0.30000000000000004,0.455,0.245,0.30000000000000004,0.0,0.0,-0.00609225069509429,-0.00609225069509429,hold,False,False,False,False,0.9214903204169833,0.5534039494371757,0.18147754895756046,-0.029658151730407423,0.006165263349511951,0.0,0.78,0.78,0.9,0.96,0.98,208670759.29699838,218451070.12512025,25
2022-05-10,0.30000000000000004,0.455,0.245,0.30000000000000004,0.0,0.0,0.000822448939960847,0.000822448939960847,hold,False,False,False,False,0.9240517838691893,0.5487062097751354,0.18996924254402303,-0.002364259381753553,0.0033075282320038646,0.00010939350581695706,0.78,0.78,0.9,0.96,0.98,208842380.34178302,218630734.976178,25
2022-05-11,0.30000000000000004,0.455,0.245,0.30000000000000004,0.0,0.0,0.008762778509999555,0.008762778509999555,hold,False,False,False,False,0.925808788381161,0.5452903879809288,0.19612937084594528,0.03705987003703237,-0.0052350698727572365,0.00010928282038524806,0.78,0.78,0.9,0.96,0.98,210672419.86421913,220546547.68225262,25
2022-05-12,0.30000000000000004,0.455,0.245,0.30000000000000004,0.0,0.0,-0.0015976754135636376,-0.0015976754135636376,hold,False,False,False,False,0.9278480612055522,0.5453847490352893,0.1976280171048435,-0.011591718187429656,0.0041903547428776555,-0.0001092708789554031,0.78,0.78,0.9,0.96,0.98,210335833.7186861,220194185.88547435,25
2022-05-13,0.30000000000000004,0.455,0.245,0.30000000000000004,0.0,0.0,0.004326060198896081,0.004326060198896081,hold,False,False,False,False,0.9291225986790703,0.5513456585136103,0.19689662709821995,0.02590142702458942,-0.007570039359298342,0.0,0.78,0.78,0.9,0.96,0.98,211245759.19733813,221146759.18906182,25
2022-05-16,0.30000000000000004,0.455,0.245,0.30000000000000004,0.0,0.0,-0.011478980719474846,-0.011478980719474846,hold,False,False,False,False,0.9292407368952071,0.5520468892470194,0.201264087060661,-0.049090422138990175,0.007138782246642217,0.0,0.78,0.78,0.9,0.96,0.98,208820873.20044106,218608219.8041562,25
2022-05-17,0.30000000000000004,0.455,0.245,0.30000000000000004,0.0,0.0,8.057163038993043e-05,8.057163038993043e-05,hold,False,False,False,False,0.9273086551825729,0.5622528521066499,0.19750089074394706,-0.005358227454841935,0.003592288538140087,0.00021856564077049612,0.78,0.78,0.9,0.96,0.98,208837698.23865432,218625833.4248425,25
2022-05-18,0.30000000000000004,0.455,0.245,0.30000000000000004,0.0,0.0,0.0011807262052487629,0.0011807262052487629,hold,False,False,False,False,0.9290371167660152,0.5746055066676536,0.1884843916101725,-0.003108029560920156,0.004644252908845736,0.0,0.78,0.78,0.9,0.96,0.98,209084278.38160852,218883970.67551154,25
2022-05-19,0.30000000000000004,0.455,0.245,0.30000000000000004,0.0,0.0,0.002227695621507474,0.002227695621507474,hold,False,False,False,False,0.9303848659992513,0.5837332809207227,0.18221906774495233,0.016627331527194755,-0.006067041399232864,0.0,0.78,0.78,0.9,0.96,0.98,209550054.51308528,219371577.53860354,25
2022-05-20,0.30000000000000004,0.455,0.245,0.30000000000000004,0.0,0.0,-0.0024817956972183006,-0.0024817956972183006,hold,False,False,False,False,0.9321184505522473,0.59089865148988,0.17743613766648553,-0.021261915337319248,0.008623180976506717,-0.00010925894013502635,0.78,0.78,0.9,0.96,0.98,209029994.08944285,218827142.10137624,25
2022-05-23,0.30000000000000004,0.455,0.245,0.30000000000000004,0.0,0.0,0.005143232935154896,0.005143232935154896,hold,False,False,False,False,0.9325001291558314,0.594910811590306,0.17644868192093133,0.013995306023718346,0.0020172961817479518,0.0001092708789554031,0.78,0.78,0.9,0.96,0.98,210105084.03947887,219952621.06573784,25
2022-05-24,0.30000000000000004,0.455,0.245,0.30000000000000004,0.0,0.0,0.008147569351228312,0.008147569351228312,hold,False,False,False,False,0.9330800132546699,0.6063837582466141,0.17030974414643735,0.027707009278258088,-0.0004792222678000613,0.0002184191820404635,0.78,0.78,0.9,0.96,0.98,211816929.78273618,221744700.29985538,25
2022-05-25,0.30000000000000004,0.455,0.245,0.30000000000000004,0.0,0.0,0.010393005724083741,0.010393005724083741,hold,False,False,False,False,0.9336427164520231,0.6155203804526496,0.16589302788384744,0.03263954840704386,0.0014387741009291855,-0.0002183714855191754,0.78,0.78,0.9,0.96,0.98,214018344.34642598,224049294.239357,25
2022-05-26,0.30000000000000004,0.455,0.245,0.30000000000000004,0.0,0.0,-0.0055726982992088895,-0.0055726982992088895,hold,False,False,False,False,0.9299829954240775,0.6278612105000126,0.15593284955560965,-0.0026527473791475575,-0.010439792626662725,-0.00010925894013502635,0.78,0.78,0.9,0.96,0.98,212825684.68288714,222800735.11841038,25
2022-05-27,0.30000000000000004,0.455,0.245,0.30000000000000004,0.0,0.0,-0.004777926113922138,-0.004777926113922138,hold,False,False,False,False,0.9206347975383741,0.6341977605101756,0.14778251391058742,-0.007395956356040179,-0.0056303815357298115,1.0956700599917824e-05,0.78,0.78,0.9,0.96,0.98,211808819.2863274,221736209.66788706,25
2022-05-31,0.30000000000000004,0.455,0.245,0.30000000000000004,0.0,0.0,0.008934667540963465,0.008934667540963465,hold,False,False,False,False,0.9139435383119092,0.6379707324795476,0.14303735016682714,0.027385959085935996,0.0014621211446352866,0.00021883548723922175,0.78,0.78,0.9,0.96,0.98,213701260.66889474,223717348.983063,25
2022-06-01,0.30000000000000004,0.455,0.245,0.30000000000000004,0.0,0.0,-0.008745217103756715,-0.008745217103756715,hold,False,False,False,False,0.9143368551461328,0.6215076780537181,0.16001566886081525,-0.026019715709978852,-0.0019465921464181246,-0.00021878760874616265,0.78,0.78,0.9,0.96,0.98,211832396.74899873,221760892.1963292,25
2022-06-02,0.30000000000000004,0.455,0.245,0.30000000000000004,0.0,0.0,-0.002390012145696758,-0.002390012145696758,hold,False,False,False,False,0.8970744534826598,0.608781713271742,0.17954399085194006,0.0033309081661627715,-0.007507867804418922,0.00010936838965314166,0.78,0.78,0.9,0.96,0.98,211326114.74791658,221230880.97053945,25
2022-06-03,0.30000000000000004,0.455,0.245,0.30000000000000004,0.0,0.0,0.004393820530920461,0.004393820530920461,hold,False,False,False,False,0.9020725916695834,0.6024187015254153,0.1902200473721788,0.008625925596158046,0.004028209180889197,-0.00010935642951648283,0.78,0.78,0.9,0.96,0.98,212254643.7696156,222202929.75742143,25
2022-06-06,0.30000000000000004,0.455,0.245,0.30000000000000004,0.0,0.0,-0.0038239742504722453,-0.0038239742504722453,hold,False,False,False,False,0.9069957517737329,0.5956282027782176,0.20138747857733696,-0.007196403434517662,-0.0037183482979823435,0.00010936838965314166,0.78,0.78,0.9,0.96,0.98,211442987.47729743,221353231.47564954,25
2022-06-07,0.30000000000000004,0.455,0.245,0.30000000000000004,0.0,0.0,-0.00841060101224642,-0.00841060101224642,hold,False,False,False,False,0.9090514095987514,0.5901394779954304,0.20811824261459505,-0.026784701484679485,-0.0008835320282924997,0.00010945512665516688,0.78,0.78,0.9,0.96,0.98,209664624.8727885,219491517.7629364,25
2022-06-08,0.30000000000000004,0.455,0.245,0.30000000000000004,0.0,0.0,-0.015107523547350517,-0.015107523547350517,hold,False,False,False,False,0.9088200064275888,0.5779377248491311,0.21896865114057656,-0.03527056793844363,-0.009830220223460695,-0.00021878760874616265,0.78,0.78,0.9,0.96,0.98,206497111.6154764,216175544.48988914,25
2022-06-09,0.30000000000000004,0.455,0.245,0.30000000000000004,0.0,0.0,-0.022007571060999147,-0.022007571060999147,hold,False,False,False,False,0.9175344177912346,0.5704278377792301,0.2199236831979411,-0.04649608764524171,-0.017770417632728908,0.00010936838965314166,0.78,0.78,0.9,0.96,0.98,201952611.75770774,211418045.83287773,25
2022-06-10,0.30000000000000004,0.455,0.245,0.30000000000000004,0.0,0.0,-0.0031150778090570097,-0.0031150778090570097,hold,False,False,False,False,0.9242965138577426,0.5617342097149711,0.2212707450566405,0.0018153953709520998,-0.007984404604639783,-0.00010935642951648283,0.78,0.78,0.9,0.96,0.98,201323513.65834022,210759462.16986954,25
2022-06-13,0.30000000000000004,0.455,0.245,0.30000000000000004,0.0,0.0,0.013869231338058525,0.013869231338058525,hold,False,False,False,False,0.9292760459052775,0.5737301682068549,0.2067045343263956,0.02497178049507287,0.013958026228728881,0.00010936838965314166,0.78,0.78,0.9,0.96,0.98,204115716.04305854,213682533.90738827,25
2022-06-14,0.30000000000000004,0.455,0.245,0.30000000000000004,0.0,0.0,-0.009078596777814646,-0.009078596777814646,hold,False,False,False,False,0.9332944510480206,0.5906970916667158,0.19318113447679636,-0.040346486303731055,0.006531297323170593,0.0002188115561716497,0.78,0.78,0.9,0.96,0.98,202262631.76108873,211742596.34358138,25
2022-06-15,0.30000000000000004,0.455,0.245,0.30000000000000004,0.0,0.0,0.0037574205380102874,0.0037574205380102874,hold,False,False,False,False,0.9371991379633875,0.562713409846915,0.22038262129912942,0.012159551808323732,0.00029965155946554134,-0.00010933250630063007,0.78,0.78,0.9,0.96,0.98,203022617.52773982,212538202.32385436,25
2022-06-16,0.30000000000000004,0.455,0.245,0.30000000000000004,0.0,0.0,0.005261067293168445,0.005261067293168445,hold,False,False,False,False,0.9403357813935973,0.5493576199617314,0.23608739167290388,0.025229444819362623,-0.005189769095891528,0.00021868892240939353,0.78,0.78,0.9,0.96,0.98,204090733.18058848,213656380.10864925,25
2022-06-17,0.30000000000000004,0.455,0.245,0.30000000000000004,0.0,0.0,0.005340618394379782,0.005340618394379782,hold,False,False,False,False,0.9423544965819641,0.5600633725833416,0.2329990461595689,-0.0014585202465259295,0.012640419632098832,0.00010932055401058349,0.78,0.78,0.9,0.96,0.98,205180703.90433517,214797437.30233413,25
2022-06-21,0.30000000000000004,0.455,0.245,0.30000000000000004,0.0,0.0,0.00703721475743169,0.00703721475743169,hold,False,False,False,False,0.940917323726127,0.5998473992113854,0.20707943787639876,0.01489287133709083,0.0056469304534163545,0.0,0.78,0.78,0.9,0.96,0.98,206624604.58179098,216309012.99797666,25
2022-06-22,0.30000000000000004,0.455,0.245,0.30000000000000004,0.0,0.0,0.008611883375187335,0.008611883375187335,hold,False,False,False,False,0.9405526583624702,0.5995471992074562,0.2102426326681562,0.03426375036325857,-0.0035465505882789072,-0.00021861720866667156,0.78,0.78,0.9,0.96,0.98,208404031.57889357,218171840.99091712,25
2022-06-23,0.30000000000000004,0.455,0.245,0.30000000000000004,0.0,0.0,-0.004763366235926854,-0.004763366235926854,hold,False,False,False,False,0.9357152756477014,0.6146038240004063,0.19782397672457244,-0.0073315480714420955,-0.00563494904284445,0.0,0.78,0.78,0.9,0.96,0.98,207411326.85143965,217132608.60991096,25
2022-06-24,0.30000000000000004,0.455,0.245,0.30000000000000004,0.0,0.0,-0.00849850212977283,-0.00849850212977283,hold,False,False,False,False,0.9168850314933521,0.6241856997815927,0.18920799257455395,-0.03046704015637436,0.0012923889869278504,0.00021866501260126014,0.78,0.78,0.9,0.96,0.98,205648641.24845368,215287306.6731965,25
2022-06-27,0.30000000000000004,0.455,0.245,0.30000000000000004,0.0,0.0,0.003961347035769076,0.003961347035769076,hold,False,False,False,False,0.9082074412940787,0.6037503633083036,0.20265931410773255,0.0009170518655405857,0.008042802281910122,0.00010920995035834657,0.78,0.78,0.9,0.96,0.98,206463286.88387316,216140134.4073251,25
2022-06-28,0.30000000000000004,0.455,0.245,0.30000000000000004,0.0,0.0,-0.00019817465164458716,-0.00019817465164458716,hold,False,False,False,False,0.9147288731663561,0.5751685217203064,0.2214454644978749,-0.012403198727782172,0.0076834793745788055,0.00010939531125186974,0.78,0.78,0.9,0.96,0.98,206422371.09391758,216097300.9114825,25
2022-06-29,0.30000000000000004,0.455,0.245,0.30000000000000004,0.0,0.0,0.006838894844432691,0.006838894844432691,hold,False,False,False,False,0.922172852004255,0.5739203281248668,0.22224914873804877,0.0066004640151948735,0.010719850107778761,-7.663738434737777e-05,0.78,0.78,0.9,0.96,0.98,207834071.98336735,217575167.62858188,25
2022-06-30,0.30000000000000004,0.455,0.245,0.30000000000000004,0.0,0.0,0.0068108358420345076,0.0068108358420345076,hold,False,False,False,False,0.9286333923374752,0.5678395831265386,0.22400746915334024,0.01712000322417273,0.003680955768753158,0.0,0.78,0.78,0.9,0.96,0.98,209249595.73002765,219057036.3786033,25
2022-07-01,0.30000000000000004,0.455,0.245,0.30000000000000004,0.0,0.0,-0.001940543623263996,-0.001940543623263996,hold,False,False,False,False,0.9331734742846445,0.5583568891636561,0.2302917464433461,0.006411979972999138,-0.008492610143217005,0.0,0.78,0.78,0.9,0.96,0.98,208843537.76136315,218631946.6435277,25
2022-07-05,0.30000000000000004,0.455,0.245,0.30000000000000004,0.0,0.0,0.0036296085568344096,0.0036296085568344096,hold,False,False,False,False,0.9360272888933387,0.575273235479679,0.21628253304518066,0.02139887062627821,-0.006131983804503416,0.0,0.78,0.78,0.9,0.96,0.98,209601558.05306137,219425495.02786237,25
2022-07-06,0.30000000000000004,0.455,0.245,0.30000000000000004,0.0,0.0,-0.002413288705582363,-0.002413288705582363,hold,False,False,False,False,0.9309822257306253,0.5946386026770447,0.2035145107748662,0.001254349718419867,-0.006072177980565807,-0.00010919444877910411,0.78,0.78,0.9,0.96,0.98,209095728.98033947,218895957.9589948,25
2022-07-07,0.30000000000000004,0.455,0.245,0.30000000000000004,0.0,0.0,-0.0027958767333113262,-0.0027958767333113262,hold,False,False,False,False,0.8914834079106208,0.6009658737289846,0.20177905760055154,-0.02136439137661239,0.007882824435522462,0.00010920637350886331,0.78,0.78,0.9,0.96,0.98,208511123.09664857,218283951.84312138,26
2022-07-08,0.42,0.37700000000000006,0.203,0.42,0.23999999999999988,0.0002399999999999999,-0.0032062966764299164,-0.003446296676429916,scheduled,False,False,False,False,0.8512620744824079,0.612119890487965,0.19815343858810502,-0.009687468422352352,0.002346436429867982,-0.00010919444877910411,0.78,0.78,0.9,0.96,0.98,207792531.9061219,217584068.73380882,26
2022-07-11,0.42,0.37700000000000006,0.203,0.30000000000000004,0.0,0.0,0.0007519447472139953,0.0007519447472139953,hold,False,False,False,False,0.8674284605473032,0.6357449058300423,0.1837473725258499,-0.0020614738261031107,0.004291150541584354,0.0,0.78,0.78,0.9,0.96,0.98,207948780.408999,217747679.93137062,26
2022-07-12,0.42,0.37700000000000006,0.203,0.30000000000000004,0.0,0.0,-0.0005647602578430829,-0.0005647602578430829,hold,False,False,False,False,0.8841983160592429,0.6487423403480169,0.17637931072348362,0.0035712344647691463,-0.005535404845804837,0.00010920637350886331,0.78,0.78,0.9,0.96,0.98,207831339.20215705,217624704.69550785,26
2022-07-13,0.42,0.37700000000000006,0.203,0.30000000000000004,0.0,0.0,0.008884826744935277,0.008884826744935277,hold,False,False,False,False,0.895771625728705,0.647709924177132,0.1814672058119331,0.018139253800268706,0.003417789448075803,-0.00010919444877910411,0.78,0.78,0.9,0.96,0.98,209677884.6431361,219558262.49214515,26
2022-07-14,0.42,0.37700000000000006,0.203,0.30000000000000004,0.0,0.0,-0.004654920324422424,-0.004654920324422424,hold,False,False,False,False,0.8990744084800022,0.646966891136618,0.18393749038085,-0.008462495103589873,-0.0029195553870415836,0.0,0.78,0.78,0.9,0.96,0.98,208701850.79632887,218536236.2736756,26
2022-07-15,0.30000000000000004,0.455,0.245,0.30000000000000004,0.23999999999999988,0.0002399999999999999,0.007138536972448538,0.006898536972448539,scheduled,False,False,False,False,0.8727297261867476,0.6456331116975331,0.18438780309690905,0.030753164495477936,-0.004587719508120536,0.0,0.78,0.78,0.9,0.96,0.98,210141588.2302658,220096265.27613494,26
2022-07-18,0.30000000000000004,0.455,0.245,0.30000000000000004,0.0,0.0,0.004310755268813952,0.004310755268813952,hold,False,False,False,False,0.871469039880749,0.6445547770773599,0.18526054766679753,0.015856455410970804,-0.00098061836148855,0.0,0.78,0.78,0.9,0.96,0.98,211047457.18892634,221045046.41132033,26
2022-07-19,0.30000000000000004,0.455,0.245,0.42,0.0,0.0,0.009567569112655593,0.009567569112655593,hold,False,False,False,False,0.8235217363860581,0.6332335365624391,0.20050137405046298,0.014355144186953606,0.011385912057175096,0.0003283096757340509,0.78,0.78,0.9,0.96,0.98,213066668.3216316,223159910.16987076,26
2022-07-20,0.30000000000000004,0.455,0.245,0.78,0.0,0.0,-2.329386121365157e-05,-2.329386121365157e-05,hold,True,False,False,False,0.7551942498405555,0.6465031091802858,0.2002981318610114,-0.017535390900498937,0.01145192297066533,0.00010897329503389841,0.78,0.78,0.9,0.96,0.98,213061705.17623046,223154711.91389483,26
2022-07-21,0.30000000000000004,0.455,0.245,0.9,0.0,0.0,-0.003350616142567614,-0.003350616142567614,hold,True,True,False,False,0.6964066081434324,0.6690466245955038,0.18918042485602568,-0.005695548510222359,-0.0035500132776251636,-0.00010896142114880103,0.78,0.78,0.9,0.96,0.98,212347817.187504,222407006.13386616,26
2022-07-22,0.9,0.06499999999999999,0.03499999999999999,0.9,1.2,0.0012,-0.017659012067593856,-0.018859012067593856,scheduled,True,True,False,False,0.6882757360629614,0.6858608855045698,0.18146646463959112,-0.01964891919761047,0.00038484938854721484,0.0,0.78,0.78,0.9,0.96,0.98,208343147.1406376,218479518.12863076,26
2022-07-25,0.9,0.06499999999999999,0.03499999999999999,0.9,0.0,0.0,0.038165221631423704,0.038165221631423704,hold,True,True,False,False,0.7082373168239278,0.6987853272892596,0.1752074923718879,0.042259799930238984,0.0020215645262864346,0.0,0.78,0.78,0.9,0.96,0.98,216294609.52664837,226817837.3599366,26
2022-07-26,0.9,0.06499999999999999,0.03499999999999999,0.78,0.0,0.0,0.009446953008033864,0.009446953008033864,hold,True,False,False,False,0.7463176694638493,0.6873281700843585,0.18060113379649173,0.009777788366411189,0.00989429866057856,0.00010897329503389841,0.78,0.78,0.9,0.96,0.98,218337934.53873768,228960574.8108598,26
2022-07-27,0.9,0.06499999999999999,0.03499999999999999,0.9,0.0,0.0,0.016442175343049866,0.016442175343049866,hold,True,True,False,False,0.6817355887686434,0.6835046270202233,0.19091147866191133,0.018237348693860067,0.000380577154390771,0.00010925724401156245,0.78,0.78,0.9,0.96,0.98,221927885.14246297,232725184.72854546,26
2022-07-28,0.96,0.026000000000000023,0.01400000000000001,0.96,0.11999999999999988,0.00011999999999999988,-0.0004254163276843189,-0.0005454163276843188,tier_force,True,True,True,False,0.6063565855171698,0.6795344148847826,0.19975699346997666,-0.0006026479475460533,0.005848145580219732,7.670834815565186e-05,0.78,0.78,0.9,0.96,0.98,221806842.0503378,232626179.63509858,26
2022-07-29,0.98,0.013000000000000012,0.007000000000000005,0.98,0.040000000000000036,4.000000000000004e-05,-0.00310080157936603,-0.00314080157936603,tier_force,True,True,True,True,0.5281646102626932,0.6480431810048222,0.2258020381507591,-0.002981468052238645,-0.013825302071050927,0.00010943410735775316,0.78,0.78,0.9,0.96,0.98,221110190.77051193,231904852.00988418,26
2022-08-01,0.98,0.013000000000000012,0.007000000000000005,0.98,0.0,0.0,0.02674081805843066,0.02674081805843066,tier_force,True,True,True,True,0.46899978983847895,0.6048877386727,0.2540151687196843,0.027232556873042935,0.004129098290653221,-0.0001094221328443723,0.78,0.78,0.9,0.96,0.98,227022858.15277112,238106177.4643478,26
2022-08-02,0.98,0.013000000000000012,0.007000000000000005,0.98,0.0,0.0,0.0046504623630494665,0.0046504623630494665,tier_force,True,True,True,True,0.4402950936440274,0.5905057157378261,0.25908012565208527,0.004676577967764661,0.005067937462468253,0.00021896680400157464,0.78,0.78,0.9,0.96,0.98,228078619.4101625,239213481.28105536,26
2022-08-03,0.98,0.013000000000000012,0.007000000000000005,0.98,0.0,0.0,-0.008191934977579418,-0.008191934977579418,tier_force,True,True,True,True,0.4238638381573293,0.571986712168384,0.26883276664554734,-0.008168834192685215,-0.014462300063397215,0.00021891886803659943,0.78,0.78,0.9,0.96,0.98,226210214.19017836,237253859.99664056,26
2022-08-04,0.98,0.013000000000000012,0.007000000000000005,0.98,0.0,0.0,-0.0030905109313350727,-0.0030905109313350727,tier_force,True,True,True,True,0.4133158807018946,0.5606412105633312,0.27011618371523405,-0.0032324850426572738,0.00588907824783913,0.00010948474959238119,0.78,0.78,0.9,0.96,0.98,225511109.05044398,236520624.3488195,26
2022-08-05,0.98,0.013000000000000012,0.007000000000000005,0.98,0.0,0.0,-0.011131663584637602,-0.011131663584637602,tier_force,True,True,True,True,0.42205950983312357,0.5418453237578295,0.28683243859002694,-0.011318586165349975,-0.002975602557435897,-0.00010947276399420058,0.78,0.78,0.9,0.96,0.98,223000795.24989593,233887756.32773998,26
2022-08-08,0.98,0.013000000000000012,0.007000000000000005,0.98,0.0,0.0,0.02736096202289184,0.02736096202289184,tier_force,True,True,True,True,0.43809687285085486,0.5287444759507837,0.29838218840385905,0.027910894936114206,0.0005783532502132704,0.00010948474959238119,0.78,0.78,0.9,0.96,0.98,229102311.53980303,240287150.34624267,26
2022-08-09,0.98,0.013000000000000012,0.007000000000000005,0.98,0.0,0.0,-0.0056488789225843375,-0.0056488789225843375,tier_force,True,True,True,True,0.4763199507330355,0.5155858345334933,0.31565587114007776,-0.005676093309744945,-0.006639036848791635,0.0,0.78,0.78,0.9,0.96,0.98,227808140.3210305,238929797.32728392,26
2022-08-10,0.98,0.013000000000000012,0.007000000000000005,0.98,0.0,0.0,0.019134069157018093,0.019134069157018093,tier_force,True,True,True,True,0.4860167096655441,0.5159365727928122,0.3097604911107572,0.01947032173323726,0.003971235998567302,0.0002182557806005292,0.78,0.78,0.9,0.96,0.98,232167037.0324648,243501496.5930165,26
2022-08-11,0.98,0.013000000000000012,0.007000000000000005,0.98,0.0,0.0,0.007960423976283453,0.007960423976283453,tier_force,True,True,True,True,0.5082513615936691,0.5098588301517846,0.31479181292182923,0.008081434003308408,0.003183339690804976,-0.00010925184846444225,0.78,0.78,0.9,0.96,0.98,234015185.08056068,245439871.74475643,26
2022-08-12,0.96,0.026000000000000023,0.01400000000000001,0.96,0.040000000000000036,4.000000000000004e-05,-0.002276533581763131,-0.002316533581763131,tier_force,True,True,True,False,0.4732033968307565,0.49658295460970436,0.32143972893289774,-0.002341733454871875,-0.001153813772554635,0.00010926378573494766,0.78,0.78,0.9,0.96,0.98,233473081.04567906,244881119.63442588,26
2022-08-15,0.96,0.026000000000000023,0.01400000000000001,0.96,0.0,0.0,-0.01112514573360807,-0.01112514573360807,tier_force,True,True,True,False,0.45305317717328597,0.49438529100150386,0.31367276144379097,-0.011406176746008523,-0.006739079132303427,0.0,0.78,0.78,0.9,0.96,0.98,230875658.99417138,242156781.49108374,26
2022-08-16,0.96,0.026000000000000023,0.01400000000000001,0.96,0.0,0.0,0.0023653594047656906,0.0023653594047656906,tier_force,True,True,True,False,0.4404756682182471,0.4864495899819119,0.3139378078085339,0.002405027287754713,0.0019386711788786926,0.0004376969907371464,0.78,0.78,0.9,0.96,0.98,231421762.90550473,242729569.31161147,26
2022-08-17,0.96,0.026000000000000023,0.01400000000000001,0.96,0.0,0.0,-0.018941044047212387,-0.018941044047212387,tier_force,True,True,True,False,0.4768331905502915,0.48427295843195484,0.30947574029564984,-0.019497058204109963,-0.008610314279493103,0.0,0.78,0.78,0.9,0.96,0.98,227038393.100828,238132017.84771937,26
2022-08-18,0.96,0.026000000000000023,0.01400000000000001,0.96,0.0,0.0,-0.02538684831221659,-0.02538684831221659,tier_force,True,True,True,False,0.5123656198605031,0.48288842108621033,0.30577484175712694,-0.026327303012541603,-0.0043910636719050045,0.0001093025209197851,0.78,0.78,0.9,0.96,0.98,221274603.85412788,232086596.43233725,26
2022-08-19,0.96,0.026000000000000023,0.01400000000000001,0.96,0.0,0.0,-0.000860645534038733,-0.000860645534038733,tier_force,True,True,True,False,0.5467748154121734,0.4810707294725851,0.3052313755173225,-0.0008269449303566212,-0.002450437407414463,-0.00021907345025717895,0.78,0.78,0.9,0.96,0.98,221084164.8545246,231886852.13960755,26
2022-08-22,0.96,0.026000000000000023,0.01400000000000001,0.96,0.0,0.0,0.0026990567531694435,0.0026990567531694435,tier_force,True,True,True,False,0.5867371722249759,0.4697629098744972,0.3173977482974448,0.002897199923701299,-0.003340351578354883,0.0003281405323873887,0.78,0.78,0.9,0.96,0.98,221680883.56269407,232512727.91384614,26
2022-08-23,0.96,0.026000000000000023,0.01400000000000001,0.96,0.0,0.0,0.017142606344638718,0.017142606344638718,tier_force,True,True,True,False,0.6023657883844207,0.45552602305667944,0.32496430388613706,0.017681740374548394,0.006407645858625743,0.00010977091057084998,0.78,0.78,0.9,0.96,0.98,225481071.68374103,236498602.07859132,26
2022-08-24,0.96,0.026000000000000023,0.01400000000000001,0.9,0.0,0.0,-0.039379112779550265,-0.039379112779550265,hold,True,True,False,False,0.5954904091091029,0.4364840372369846,0.3361239747712709,-0.040988078440039044,-0.0011752875812610641,0.0,0.78,0.78,0.9,0.96,0.98,216601827.13225314,227185496.95513248,26
2022-08-25,0.96,0.026000000000000023,0.01400000000000001,0.9,0.0,0.0,-0.00960935756240598,-0.00960935756240598,hold,True,True,False,False,0.5705661286958361,0.4350239545469854,0.3279460101686102,-0.009855700354195585,-0.005687893168393021,0.0,0.78,0.78,0.9,0.96,0.98,214520422.72666886,225002390.2818977,26
2022-08-26,0.96,0.026000000000000023,0.01400000000000001,0.9,0.0,0.0,-0.010696870601784153,-0.010696870601784153,hold,True,True,False,False,0.6296922266519297,0.4315297153510721,0.3341685434005904,-0.011136149540996287,-0.0002957648122030587,0.00010877447782586813,0.78,0.78,0.9,0.96,0.98,212225725.52332166,222595568.82796013,26
2022-08-29,0.96,0.026000000000000023,0.01400000000000001,0.9,0.0,0.0,-0.005685551764796416,-0.005685551764796416,hold,True,True,False,False,0.6799810864058308,0.4234428667429905,0.3455181930161946,-0.005813418941196247,-0.00414373012242264,0.00021910013821213603,0.78,0.78,0.9,0.96,0.98,211019105.17503732,221329990.19877446,26
2022-08-30,0.96,0.026000000000000023,0.01400000000000001,0.78,0.0,0.0,0.0002130652630189525,0.0002130652630189525,hold,True,False,False,False,0.7258888823931793,0.42202773351709494,0.35550435081280213,0.0004342163756565487,-0.007949644372492681,0.00020773543381968906,0.78,0.78,0.9,0.96,0.98,211064066.01618347,221377147.93135017,26
2022-08-31,0.96,0.026000000000000023,0.01400000000000001,0.78,0.0,0.0,-0.013416020317816647,-0.013416020317816647,hold,True,False,False,False,0.7559800999719932,0.4203769835673858,0.36059023306631,-0.014128338924051076,0.005602212012872698,0.00010910978126399407,0.78,0.78,0.9,0.96,0.98,208232426.21814936,218407147.6168029,26
2022-09-01,0.78,0.143,0.07699999999999999,0.78,0.3599999999999999,0.00035999999999999986,-0.00719547612393883,-0.00755547612393883,scheduled,True,False,False,False,0.7853647364198442,0.41653494278278935,0.3671849451978818,-0.007182284425109264,-0.011141917988486738,0.0,0.78,0.78,0.9,0.96,0.98,206659131.0936283,216835604.20082858,26
2022-09-02,0.78,0.143,0.07699999999999999,0.78,0.0,0.0,0.016700656124030277,0.016700656124030277,hold,True,False,False,False,0.8115884917243775,0.4138056800400918,0.37202733306346153,0.020201452775212125,0.006539317641875542,0.00010909787761836931,0.78,0.78,0.9,0.96,0.98,210110474.1769139,220456901.06203297,26
2022-09-06,0.78,0.143,0.07699999999999999,0.42,0.0,0.0,0.003531738936265061,0.003531738936265061,hold,False,False,False,False,0.8341304106462342,0.4131597461544327,0.37363392942813956,0.0051842716107790565,-0.0036983769302311176,0.00021915559584995137,0.78,0.78,0.9,0.96,0.98,210852529.5194816,221235497.2832821,26
2022-09-07,0.78,0.143,0.07699999999999999,0.42,0.0,0.0,0.017067004829833823,0.017067004829833823,hold,False,False,False,False,0.8389169680288688,0.41305473976755047,0.3771400444503209,0.021862295995318304,0.00010079687752129196,0.0,0.78,0.78,0.9,0.96,0.98,214451150.65917325,225011324.58394656,26
2022-09-08,0.78,0.143,0.07699999999999999,0.42,0.0,0.0,0.00891814973738593,0.00891814973738593,hold,False,False,False,False,0.8354541731783194,0.4252332537238714,0.36647440338404136,0.011885788524574226,-0.0024078468368565753,-0.00010965213131786111,0.78,0.78,0.9,0.96,0.98,216363658.13210648,227018009.26919377,26
2022-09-09,0.78,0.143,0.07699999999999999,0.78,0.0,0.0,-0.043561171197711614,-0.043561171197711614,hold,True,False,False,False,0.7774712840399476,0.4165301877272154,0.38089707374062143,-0.05483689988291718,-0.005630940954942321,0.00021863983792913544,0.78,0.78,0.9,0.96,0.98,206938603.77925065,217128838.90245473,26
2022-09-12,0.78,0.143,0.07699999999999999,0.78,0.0,0.0,0.006260170270211102,0.006260170270211102,hold,True,False,False,False,0.7440016925097506,0.41643829163816837,0.38684569055176293,0.007933173682143746,0.0005055580289439199,0.0,0.78,0.78,0.9,0.96,0.98,208234074.67438853,218488102.40455735,26
2022-09-13,0.78,0.143,0.07699999999999999,0.78,0.0,0.0,-0.013455856364757289,-0.013455856364757289,hold,True,False,False,False,0.7750696927130967,0.42269835795189703,0.38041248558260127,-0.01665348880571227,-0.0034362675753941696,0.00032793723350188486,0.78,0.78,0.9,0.96,0.98,205432106.8753218,215548157.88119322,26
2022-09-14,0.78,0.143,0.07699999999999999,0.78,0.0,0.0,-0.004653571843687426,-0.004653571843687426,hold,True,False,False,False,0.7908785648510418,0.432079771276451,0.37091746506497114,-0.0061148638062816785,0.0008113421343516336,0.0,0.78,0.78,0.9,0.96,0.98,204476113.80697742,214545089.04271862,26
2022-09-15,0.78,0.143,0.07699999999999999,0.78,0.0,0.0,0.005668105121430905,0.005668105121430905,hold,True,False,False,False,0.8062169810656877,0.43199914864900874,0.367001035071328,0.007787022773179109,-0.00283757092062098,0.0,0.78,0.78,0.9,0.96,0.98,205635105.91485703,215761153.16069952,26
2022-09-16,0.78,0.143,0.07699999999999999,0.42,0.0,0.0,-0.007112096280268722,-0.007112096280268722,hold,False,False,False,False,0.8208693735692033,0.4156003182883291,0.37599201285504313,-0.007970798593668338,-0.006199102769548714,-0.0001091127423630267,0.78,0.78,0.9,0.96,0.98,204172609.24298733,214226639.06587878,26
2022-09-19,0.42,0.37700000000000006,0.203,0.42,0.7200000000000002,0.0007200000000000003,-0.005972644059038136,-0.0066926440590381366,scheduled,False,False,False,False,0.8333825642535932,0.41633777408654093,0.36742382838046755,-0.017906035754402083,0.003987922151196255,0.0002189374719692161,0.78,0.78,0.9,0.96,0.98,202806154.64271894,212947139.60277423,26
2022-09-20,0.42,0.37700000000000006,0.203,0.42,0.0,0.0,-0.010763789710774728,-0.010763789710774728,hold,False,False,False,False,0.8455520260833089,0.4080160120162212,0.37029357590482065,-0.012307965357311712,-0.01507430803077936,0.0004363047630542294,0.78,0.78,0.9,0.96,0.98,200623191.84209386,210655021.37257898,26
2022-09-21,0.30000000000000004,0.455,0.245,0.30000000000000004,0.23999999999999988,0.0002399999999999999,-0.004319657847148137,-0.004559657847148137,scheduled,False,False,False,False,0.8603078610079278,0.4169077291533928,0.3412479303980039,-0.016281337884688662,0.0012411945456229923,0.0,0.78,0.78,0.9,0.96,0.98,199708418.73109114,209745063.75646576,26
2022-09-22,0.30000000000000004,0.455,0.245,0.30000000000000004,0.0,0.0,-0.008860952233942128,-0.008860952233942128,hold,False,False,False,False,0.8701686111373297,0.4259287762430814,0.31814009296852497,-0.00413809791231079,-0.016628762199521918,-0.00021810636516905735,0.78,0.78,0.9,0.96,0.98,197938811.97199884,207886522.7652146,26
2022-09-23,0.30000000000000004,0.455,0.245,0.30000000000000004,0.0,0.0,-0.0029057340379860194,-0.0029057340379860194,hold,False,False,False,False,0.8800264051022076,0.418655428310452,0.3152544468551792,0.00040128926250626584,-0.006827280812326975,0.00032772225661581444,0.78,0.78,0.9,0.96,0.98,197363654.42861328,207282459.81997716,26
2022-09-26,0.30000000000000004,0.455,0.245,0.30000000000000004,0.0,0.0,0.01624354556881229,0.01624354556881229,hold,False,False,False,False,0.890433201228227,0.40708319678395327,0.3144737631092733,0.019892146360138474,0.022525420262032858,0.00010953241447264617,0.78,0.78,0.9,0.96,0.98,200569539.9429518,210649461.9016785,26
2022-09-27,0.30000000000000004,0.455,0.245,0.30000000000000004,0.0,0.0,-0.010712485483275754,-0.010712485483275754,hold,False,False,False,False,0.8972185142596407,0.4016695593563764,0.31181036375840643,-0.028827747279002613,-0.004654087295355769,0.00021815681555881206,0.78,0.78,0.9,0.96,0.98,198420941.65792567,208392882.5989969,26
2022-09-28,0.30000000000000004,0.455,0.245,0.30000000000000004,0.0,0.0,-0.006268951437811752,-0.006268951437811752,hold,False,False,False,False,0.9026224492311361,0.3955711028296124,0.31159409801927435,-0.01695671447241731,-0.0025976639474429852,0.0,0.78,0.78,0.9,0.96,0.98,197177050.41042724,207086477.7379982,26
2022-09-29,0.30000000000000004,0.455,0.245,0.30000000000000004,0.0,0.0,0.012371257732392013,0.012371257732392013,hold,False,False,False,False,0.9092303937911901,0.39028002480554363,0.3107418561038914,0.023460294570604612,0.011868412565868791,-0.0002732994133047839,0.78,0.78,0.9,0.96,0.98,199616378.5199675,209648397.9269882,26
2022-09-30,0.30000000000000004,0.455,0.245,0.30000000000000004,0.0,0.0,0.010451340048035688,0.010451340048035688,hold,False,False,False,False,0.9133710307061608,0.38937383712233065,0.30414378992969704,0.031440798039169326,0.002063171610915626,0.0003279900135439995,0.78,0.78,0.9,0.96,0.98,201702637.17103708,211839504.62424907,26
2022-10-03,0.30000000000000004,0.455,0.245,0.30000000000000004,0.0,0.0,-0.0044687856578894975,-0.0044687856578894975,hold,False,False,False,False,0.9163953663542819,0.3889759968729623,0.3043937102477003,-0.0005316088428765076,-0.009470995615442956,0.0,0.78,0.78,0.9,0.96,0.98,200801271.31888866,210892839.28420982,26
2022-10-04,0.30000000000000004,0.455,0.245,0.30000000000000004,0.0,0.0,-0.004814464815644377,-0.004814464815644377,hold,False,False,False,False,0.9030759745564276,0.38452236755905,0.31620060059116195,-0.007872880340092148,-0.005508191265919948,0.00021888290766058915,0.78,0.78,0.9,0.96,0.98,199834520.66318718,209877503.12960464,26
2022-10-05,0.30000000000000004,0.455,0.245,0.30000000000000004,0.0,0.0,-0.013666036415894383,-0.013666036415894383,hold,False,False,False,False,0.8787809113954167,0.3822370541049023,0.32014034736596025,-0.038103990191707515,-0.004911734853587091,0.0,0.78,0.78,0.9,0.92,0.98,197103574.82665128,207009309.5289585,27
2022-10-06,0.30000000000000004,0.455,0.245,0.30000000000000004,0.0,0.0,-0.005648002554179288,-0.005648002554179288,hold,False,False,False,False,0.8666159577887251,0.3784176962522374,0.32668258275957585,-0.009996487886452687,-0.005880886469848523,0.00010917206341876096,0.78,0.78,0.9,0.92,0.98,195990333.3325925,205840120.42000005,27
2022-10-07,0.30000000000000004,0.455,0.245,0.30000000000000004,0.0,0.0,-0.00296802968423923,-0.00296802968423923,hold,False,False,False,False,0.8787358587772395,0.3884920123201894,0.3007987721486429,-0.013738403953248324,0.002535146157659929,0.0,0.78,0.78,0.9,0.92,0.98,195408628.2054374,205229180.8323861,27
2022-10-10,0.30000000000000004,0.455,0.245,0.30000000000000004,0.0,0.0,0.0013835792903069922,0.0013835792903069922,hold,False,False,False,False,0.8910506185733338,0.39836719190256453,0.27054875785557,-0.0003422543764116659,0.0032664958312758063,0.0,0.78,0.78,0.9,0.92,0.98,195678991.53656974,205513131.67675245,27
2022-10-11,0.30000000000000004,0.455,0.245,0.30000000000000004,0.0,0.0,0.0052045044758781325,0.0052045044758781325,hold,False,False,False,False,0.8975946714612142,0.3996326729339928,0.2620671618358384,0.023452451488360504,-0.004201230506284959,0.0003278731009372926,0.78,0.78,0.9,0.92,0.98,196697403.72385713,206582725.69041586,27
2022-10-12,0.30000000000000004,0.455,0.245,0.30000000000000004,0.0,0.0,-0.011560741004354653,-0.011560741004354653,hold,False,False,False,False,0.9038971774378639,0.39328677435042786,0.26909167879741724,-0.03005747144435822,-0.005590108947356454,0.0,0.78,0.78,0.9,0.92,0.98,194423435.98317665,204194476.30273527,27
2022-10-13,0.30000000000000004,0.455,0.245,0.30000000000000004,0.0,0.0,0.01038904731185244,0.01038904731185244,hold,False,False,False,False,0.9102070132344381,0.4015387939626698,0.2495734056299011,0.03302144302196797,0.0010606910005759307,0.0,0.78,0.78,0.9,0.92,0.98,196443310.25813878,206315862.37786332,27
2022-10-14,0.30000000000000004,0.455,0.245,0.30000000000000004,0.0,0.0,0.0035294158213911714,0.0035294158213911714,hold,False,False,False,False,0.9155864692814213,0.4116661083259301,0.2261368391175865,0.007908061763709284,0.0025428511918206276,0.0,0.78,0.78,0.9,0.92,0.98,197136640.3853703,207044036.8467437,27
2022-10-17,0.30000000000000004,0.455,0.245,0.30000000000000004,0.0,0.0,-0.005854804662137967,-0.005854804662137967,hold,False,False,False,False,0.9129677539383667,0.42171470199831157,0.20836698977025933,-0.0036467183325297192,-0.010463272884349561,0.0,0.78,0.78,0.9,0.92,0.98,195982443.86416385,205831834.45454553,27
2022-10-18,0.30000000000000004,0.455,0.245,0.30000000000000004,0.0,0.0,-0.004824915749861364,-0.004824915749861364,hold,False,False,False,False,0.9090653073277546,0.42771968931363885,0.198043493441832,-0.005101843197488631,-0.0074759232909757944,0.00043747880318045773,0.78,0.78,0.9,0.92,0.98,195036845.0840673,204838713.1946629,27
2022-10-19,0.30000000000000004,0.455,0.245,0.30000000000000004,0.0,0.0,0.008089019682742374,0.008089019682742374,hold,False,False,False,False,0.9054238022481258,0.4334389930569646,0.19353426652050995,0.02344755795496667,0.0022594561528388457,0.00010897855800284795,0.78,0.78,0.9,0.92,0.98,196614501.9628123,206495657.57748216,27
2022-10-20,0.30000000000000004,0.455,0.245,0.30000000000000004,0.0,0.0,0.002687680600689937,0.002687680600689937,hold,False,False,False,False,0.8970167972978097,0.43725003932840983,0.18682770300902668,0.011001363778293083,-0.0012879817482860378,-0.00010896668297077916,0.78,0.78,0.9,0.92,0.98,197142938.94555205,207050651.95047987,27
2022-10-21,0.30000000000000004,0.455,0.245,0.30000000000000004,0.0,0.0,0.01187985042450682,0.01187985042450682,hold,False,False,False,False,0.8712269096326933,0.4457291067858065,0.1833576246785381,0.0206860323536866,0.012470419161320523,0.0,0.78,0.78,0.9,0.92,0.98,199484967.5724729,209510382.72594818,27
2022-10-24,0.42,0.37700000000000006,0.203,0.42,0.23999999999999988,0.0002399999999999999,-0.007314526711071811,-0.007554526711071811,scheduled,False,False,False,False,0.8502466804349502,0.4939512558762368,0.16765395962220872,-0.022096252509541392,0.0050969615026990045,0.00021844756856181924,0.78,0.78,0.9,0.92,0.98,197977953.05648935,207977913.43525237,27
2022-10-25,0.42,0.37700000000000006,0.203,0.78,0.0,0.0,-0.004911807943869555,-0.004911807943869555,hold,True,False,False,False,0.8030044560554683,0.5285325685994932,0.1630554149733701,-0.01820580273640149,0.007077496112121384,0.0003271584785680126,0.78,0.78,0.9,0.92,0.98,197005523.37395546,206956365.86789167,27
2022-10-26,0.78,0.143,0.07699999999999999,0.78,0.7200000000000002,0.0007200000000000003,0.023124988982360574,0.022404988982360572,scheduled,True,False,False,False,0.7992567729147568,0.5202220719655826,0.16148025729725005,0.030600484193989308,-0.0051400319091498,-0.00010862501224240262,0.78,0.78,0.9,0.92,0.98,201419429.9546131,211742229.54841605,27
2022-10-27,0.78,0.143,0.07699999999999999,0.42,0.0,0.0,-0.009718333367026136,-0.009718333367026136,hold,False,False,False,False,0.8233302243942242,0.5091139902306484,0.1687627441440531,-0.011628234457175313,-0.004533639793212529,0.0,0.78,0.78,0.9,0.92,0.98,199461968.7877178,209684447.9737872,27
2022-10-28,0.78,0.143,0.07699999999999999,0.78,0.0,0.0,-0.007988828758843377,-0.007988828758843377,hold,True,False,False,False,0.8091147168274389,0.5425913787513666,0.16089686846123002,-0.01021757916326893,-0.0001805672632284594,8.706632659816194e-05,0.78,0.78,0.9,0.92,0.98,197868501.27517095,208009314.82553202,27
2022-10-31,0.42,0.37700000000000006,0.203,0.42,0.7200000000000002,0.0007200000000000003,-0.01497014707148587,-0.01569014707148587,scheduled,False,False,False,False,0.8279800283756603,0.5313116980068158,0.16964934539337356,-0.034277160543641605,-0.0016987561137911111,0.0003285291218859676,0.78,0.78,0.9,0.92,0.98,194763915.38934904,204895384.7903548,27
2022-11-01,0.42,0.37700000000000006,0.203,0.42,0.0,0.0,-0.009781728914593186,-0.009781728914593186,hold,False,False,False,False,0.8504570765679144,0.5154773209399045,0.17473948669587752,-0.01953465128422227,-0.004360120165674997,0.0003280291982248329,0.78,0.78,0.9,0.92,0.98,192858787.56666565,202891153.68048427,27
2022-11-02,0.30000000000000004,0.455,0.245,0.30000000000000004,0.23999999999999988,0.0002399999999999999,0.003906917352503062,0.003666917352503062,scheduled,False,False,False,False,0.8706809396583635,0.5017846052169388,0.17114462588443508,0.016084859896540626,-0.002136626724428381,0.00021887568635015064,0.78,0.78,0.9,0.92,0.98,193565984.80137658,203683832.64946792,27
2022-11-03,0.30000000000000004,0.455,0.245,0.30000000000000004,0.0,0.0,0.0016644282318487985,0.0016644282318487985,hold,False,False,False,False,0.88575754352203,0.488777680951662,0.16897945476965315,0.010994326595728854,-0.0035321655786295647,-0.00010912003507512757,0.78,0.78,0.9,0.92,0.98,193888161.49120557,204022849.77090085,27
2022-11-04,0.30000000000000004,0.455,0.245,0.30000000000000004,0.0,0.0,0.005243231449410786,0.005243231449410786,hold,False,False,False,False,0.8980550727828666,0.4863343689881664,0.1693465203144591,0.007287365606496232,0.00665996580503414,0.00010913194355666178,0.78,0.78,0.9,0.92,0.98,194904761.99720472,205092588.79321805,27
2022-11-07,0.30000000000000004,0.455,0.245,0.30000000000000004,0.0,0.0,-0.00523510607143525,-0.00523510607143525,hold,False,False,False,False,0.9047845141279939,0.519362304625805,0.15731635738931954,-0.023076175580502123,0.0034149155536065123,0.0005467756156098957,0.78,0.78,0.9,0.92,0.98,193884414.8943215,204018907.3364203,27
2022-11-08,0.30000000000000004,0.455,0.245,0.30000000000000004,0.0,0.0,0.03237326865976383,0.03237326865976383,hold,False,False,False,False,0.9041536365589681,0.5634757999133575,0.14051676265273125,0.07378844453202005,0.02243964722363878,0.00010896250368230831,0.78,0.78,0.9,0.92,0.98,200161087.1466365,210623666.2352937,27
2022-11-09,0.30000000000000004,0.455,0.245,0.30000000000000004,0.0,0.0,0.004554515266247885,0.004554515266247885,hold,False,False,False,False,0.9045439798117565,0.5914229394475353,0.12838314762912018,0.0184258962117978,-0.00208035317014299,-0.00010895063214855227,0.78,0.78,0.9,0.92,0.98,201072723.8737546,211582954.9385954,27
2022-11-10,0.30000000000000004,0.455,0.245,0.30000000000000004,0.0,0.0,-0.0037162156818551237,-0.0037162156818551237,hold,False,False,False,False,0.8613338499129479,0.6138903371816011,0.1242461574391217,-0.00875118868769964,-0.002397492473725782,0.0,0.78,0.78,0.9,0.92,0.98,200325494.26410165,210796667.04343936,27
2022-11-11,0.30000000000000004,0.455,0.245,0.78,0.0,0.0,0.0075803883577186745,0.0075803883577186745,hold,True,False,False,False,0.8188987887546915,0.6548657679706622,0.11291336226145493,0.013838303188376644,0.007418588579094054,0.00021812080701177905,0.78,0.78,0.9,0.92,0.98,201844039.30857545,212394587.64414132,27
2022-11-14,0.78,0.143,0.07699999999999999,0.78,0.9600000000000001,0.0009600000000000001,-0.009585105176288496,-0.010545105176288497,scheduled,True,False,False,False,0.8052718644325061,0.6604253859961667,0.11725724183574658,-0.013649418398236746,0.0073636900094866675,0.00010952601272173901,0.78,0.78,0.9,0.92,0.98,199715572.68485963,210358763.1826978,27
2022-11-15,0.78,0.143,0.07699999999999999,0.78,0.0,0.0,-0.002667925768924085,-0.002667925768924085,hold,True,False,False,False,0.7445958111423345,0.662350757568314,0.12945385548664926,-0.0022069754757320093,-0.0067952084872521246,0.00032766124446670375,0.78,0.78,0.9,0.92,0.98,199182746.36203825,209797541.61768368,27
2022-11-16,0.78,0.143,0.07699999999999999,0.78,0.0,0.0,-0.0004764911158938739,-0.0004764911158938739,hold,True,False,False,False,0.7302561040027509,0.6638576856016831,0.1396312250114044,3.525307878704531e-05,-0.003524395226208177,0.0,0.78,0.78,0.9,0.92,0.98,199087837.55295742,209697574.9529665,27
2022-11-17,0.78,0.143,0.07699999999999999,0.78,0.0,0.0,-0.00810496600936131,-0.00810496600936131,hold,True,False,False,False,0.7314640607911027,0.6669520865379406,0.14514665384227193,-0.010287295895153648,-0.000624458007419948,0.00010938031064400278,0.78,0.78,0.9,0.92,0.98,197474237.39671344,207997983.23572722,27
2022-11-18,0.78,0.143,0.07699999999999999,0.78,0.0,0.0,0.012069848826069311,0.012069848826069311,hold,True,False,False,False,0.728226830547875,0.666979440505461,0.14915226337744572,0.01440293689076344,0.005725545372877505,0.00021824757080968205,0.78,0.78,0.9,0.92,0.98,199857721.58913508,210508487.44950974,27
2022-11-21,0.78,0.143,0.07699999999999999,0.78,0.0,0.0,0.008614973209019787,0.008614973209019787,hold,True,False,False,False,0.7477883331372035,0.634076333078384,0.1838017597833384,0.010036621712453231,0.005381813610745079,0.0002182977528535357,0.78,0.78,0.9,0.92,0.98,201579490.50624123,212322012.42915854,27
2022-11-22,0.78,0.143,0.07699999999999999,0.78,0.0,0.0,-0.005175371982859588,-0.005175371982859588,hold,True,False,False,False,0.7497649403209755,0.5846696516585587,0.24209110129110026,-0.006578421055870476,-0.0003091157991651494,0.0,0.78,0.78,0.9,0.92,0.98,200536241.6587561,211223167.03468832,27
2022-11-23,0.78,0.143,0.07699999999999999,0.9,0.0,0.0,-0.011377896872458826,-0.011377896872458826,hold,True,True,False,False,0.6832582307454399,0.5546557008287544,0.28333113058152837,-0.014673279412416806,0.0004118080906787558,0.00010873392544441529,0.78,0.78,0.9,0.92,0.98,198254560.9819723,208819891.6230935,27
2022-11-25,0.78,0.143,0.07699999999999999,0.9,0.0,0.0,-0.006482529439244006,-0.006482529439244006,hold,True,True,False,False,0.6933729501512983,0.535088105075694,0.31431874855767994,-0.007569535943218408,-0.004220360890535124,0.00032753511445293704,0.78,0.78,0.9,0.92,0.98,196969369.9539423,207466210.52814707,27
2022-11-28,0.78,0.143,0.07699999999999999,0.78,0.0,0.0,0.0368429378861223,0.0368429378861223,hold,True,False,False,False,0.7478128054698809,0.5023887620806264,0.3527003891867308,0.045585696161003275,0.008993670493284922,0.0,0.78,0.78,0.9,0.92,0.98,204226300.21662408,215109875.2361048,27
2022-11-29,0.78,0.143,0.07699999999999999,0.78,0.0,0.0,0.0025362276190810727,0.0025362276190810727,hold,True,False,False,False,0.7902986160636325,0.47027189570615757,0.3913003258563188,0.0012275520545739216,0.010922229926408011,0.00021893684463725194,0.78,0.78,0.9,0.92,0.98,204744264.5997762,215655442.84281567,27
2022-11-30,0.78,0.143,0.07699999999999999,0.78,0.0,0.0,-0.0028084815241119507,-0.0028084815241119507,hold,True,False,False,False,0.7488742650836989,0.45800012351359015,0.40592842456828926,-0.003983670824476038,0.0020305562524749465,0.00010924902435638373,0.78,0.78,0.9,0.92,0.98,204169244.1154799,215049778.51601744,27
2022-12-01,0.78,0.143,0.07699999999999999,0.9,0.0,0.0,-0.014531606149908916,-0.014531606149908916,hold,True,True,False,False,0.6876150985278402,0.4713919295386407,0.3944645489519385,-0.016783201429007022,-0.010133603106768252,0.00010904167512237883,0.78,0.78,0.9,0.92,0.98,201202337.0720691,211924759.83199754,27
2022-12-02,0.92,0.05199999999999998,0.027999999999999983,0.92,0.28,0.00028000000000000003,-0.018734394998535388,-0.019014394998535387,tier_force,True,True,True,False,0.6461087222932066,0.46482868338996003,0.4045213243234124,-0.020720637903649308,0.006142265559298421,0.000328359419230706,0.78,0.78,0.9,0.92,0.98,197376596.3603523,207954477.67133516,27
2022-12-05,0.92,0.05199999999999998,0.027999999999999983,0.9,0.0,0.0,-0.0033009075350861694,-0.0033009075350861694,hold,True,True,False,False,0.6888946336536322,0.4347848692365031,0.43615243937226056,-0.004082548059051727,0.008750705370027312,0.0,0.78,0.78,0.9,0.92,0.98,196725074.46617678,207268039.16903496,27
2022-12-06,0.78,0.143,0.07699999999999999,0.78,0.28,0.00028000000000000003,0.008473795054843542,0.008193795054843541,scheduled,True,False,False,False,0.7209775181136068,0.39770709947900257,0.47078166846480957,0.011834680606009229,-0.005648628868697325,0.0006558196153254592,0.78,0.78,0.9,0.92,0.98,198336999.40850148,209024386.0543726,27
2022-12-07,0.78,0.143,0.07699999999999999,0.78,0.0,0.0,-0.00604107710226399,-0.00604107710226399,hold,True,False,False,False,0.74695828493845,0.3569015905865427,0.5119999925147407,-0.00637657202158326,-0.007405131657119091,-0.0001093129670262094,0.78,0.78,0.9,0.92,0.98,197138830.30284303,207761653.62196478,27
2022-12-08,0.78,0.143,0.07699999999999999,0.78,0.0,0.0,0.009594005636017774,0.009594005636017774,hold,True,False,False,False,0.765164990249362,0.3373578281456283,0.5314429082246371,0.012551519493384289,-0.0014307523600111116,0.00010932491765736074,0.78,0.78,0.9,0.92,0.98,199030181.35184646,209754920.0977623,27
2022-12-09,0.78,0.143,0.07699999999999999,0.78,0.0,0.0,0.00967266917369464,0.00967266917369464,hold,True,False,False,False,0.7735977932982792,0.3100686805902899,0.5598307493552732,0.010749728398836034,0.009006160997220514,0.0,0.78,0.78,0.9,0.92,0.98,200955334.45164332,211783810.0474227,27
2022-12-12,0.78,0.143,0.07699999999999999,0.42,0.0,0.0,-0.005365559816687922,-0.005365559816687922,hold,False,False,False,False,0.7590667244175933,0.2905538296673823,0.5795464588437531,-0.007413442412815274,0.0027390839192860117,0.00032774369935184566,0.78,0.78,0.9,0.92,0.98,199877096.58416048,210647471.34640718,27
2022-12-13,0.52,0.312,0.16799999999999998,0.52,0.52,0.0005200000000000001,-0.01681608195902292,-0.01733608195902292,scheduled,False,False,False,False,0.7191040006562964,0.2821648517783716,0.5888790687452928,-0.03357673242004444,0.0019459441007396716,0.00021835916648460518,0.78,0.78,0.9,0.92,0.98,196412010.85604593,207105206.20378506,27
2022-12-14,0.52,0.312,0.16799999999999998,0.52,0.0,0.0,-0.005746929105583118,-0.005746929105583118,hold,False,False,False,False,0.7314037447635007,0.2691236728236831,0.6011810971503493,-0.009534280402483941,-0.002529177231703428,0.0,0.78,0.78,0.9,0.92,0.98,195283244.9541712,205914987.26633474,27
2022-12-15,0.52,0.312,0.16799999999999998,0.42,0.0,0.0,-0.009818921180138912,-0.009818921180138912,hold,False,False,False,False,0.7565722447234147,0.25943618425175663,0.6098668296857864,-0.01405376716841611,-0.008112930133250096,0.00012066636316365731,0.78,0.78,0.9,0.92,0.98,193365774.16416445,203893124.23655728,27
2022-12-16,0.42,0.37700000000000006,0.203,0.42,0.20000000000000012,0.00020000000000000012,-0.0030414562826468878,-0.003241456282646888,scheduled,False,False,False,False,0.7921167210934872,0.2514602786395052,0.6170578444601835,-0.0007783953431893531,-0.007259009502254554,0.00010894750661383235,0.78,0.78,0.9,0.92,0.98,192738987.46065113,203272992.2128595,27
2022-12-19,0.42,0.37700000000000006,0.203,0.42,0.0,0.0,0.006580824385042828,0.006580824385042828,hold,False,False,False,False,0.8256366719453272,0.24542506229396083,0.6220591058677079,0.014506166000533671,0.0012359218878252864,0.00010981336506676875,0.78,0.78,0.9,0.92,0.98,194007368.88928065,204610696.07683453,27
2022-12-20,0.42,0.37700000000000006,0.203,0.42,0.0,0.0,-0.010258347169688516,-0.010258347169688516,hold,False,False,False,False,0.8503448091185641,0.2439561086370226,0.6241514496599404,-0.024465251698086332,-0.0003084444035149625,0.0006568575548417943,0.78,0.78,0.9,0.92,0.98,192017173.9457366,202511728.52184674,27
2022-12-21,0.42,0.37700000000000006,0.203,0.42,0.0,0.0,-0.0007619908393857012,-0.0007619908393857012,hold,False,False,False,False,0.8576153503534609,0.24300784232821976,0.6252986679322738,0.0022492975973831264,-0.004527044642670064,0.0,0.78,0.78,0.9,0.92,0.98,191870858.6181852,202357416.43984494,27
2022-12-22,0.42,0.37700000000000006,0.203,0.30000000000000004,0.0,0.0,-0.009094498908472238,-0.009094498908472238,hold,False,False,False,False,0.875357236465619,0.23916768627260054,0.6304938889252256,-0.014138458414947097,-0.008372271549587418,0.0,0.78,0.78,0.9,0.92,0.98,190125889.3039145,200517077.13691154,27
2022-12-23,0.30000000000000004,0.455,0.245,0.30000000000000004,0.23999999999999988,0.0002399999999999999,-0.004971131600325476,-0.005211131600325476,scheduled,False,False,False,False,0.8875312678521917,0.23523963859620287,0.6358475921055514,-0.013202295624498372,-0.0023974838331046744,0.00032821318810882794,0.78,0.78,0.9,0.92,0.98,189135118.27412286,199520280.35835135,27
2022-12-27,0.30000000000000004,0.455,0.245,0.30000000000000004,0.0,0.0,0.009654131315234274,0.009654131315234274,hold,False,False,False,False,0.8980123976250027,0.23002314944552069,0.6424167467653585,0.024375081437539192,0.0049108083478535125,0.0004375064722415001,0.78,0.78,0.9,0.92,0.98,190961053.5422636,201446475.34498322,27
2022-12-28,0.30000000000000004,0.455,0.245,0.30000000000000004,0.0,0.0,-0.002099304314754748,-0.002099304314754748,hold,False,False,False,False,0.9068675964608441,0.22173376736307374,0.6480332657685961,-0.0006005640678922175,-0.004158996873717236,-0.00010935312998261448,0.78,0.78,0.9,0.92,0.98,190560168.1786122,201023577.89009932,27
2022-12-29,0.30000000000000004,0.455,0.245,0.30000000000000004,0.0,0.0,0.0015617849788142231,0.0015617849788142231,hold,False,False,False,False,0.9114745273839422,0.21847992100944258,0.6556217251158921,-0.006759821717806647,0.007830630873085331,0.00010936508939751732,0.78,0.78,0.9,0.92,0.98,190857782.1868339,201337533.49443558,27
2022-12-30,0.30000000000000004,0.455,0.245,0.30000000000000004,0.0,0.0,0.004890329077727874,0.004890329077727874,hold,False,False,False,False,0.9158554564901433,0.21165932676202492,0.6633802161716414,0.004763903107310563,0.007665823433803176,-0.00010935312998261448,0.78,0.78,0.9,0.92,0.98,191791139.5487728,202322140.2889214,27
2023-01-03,0.30000000000000004,0.455,0.245,0.30000000000000004,0.0,0.0,-0.0052705878167931385,-0.0052705878167931385,hold,False,False,False,False,0.9182274379572453,0.20957259236669157,0.6615437339230306,-0.015654279124256543,-0.0014388734510402124,0.0003280952681923299,0.78,0.78,0.9,0.92,0.98,190780287.50529817,201255783.68124712,27
2023-01-04,0.30000000000000004,0.455,0.245,0.30000000000000004,0.0,0.0,0.014109148082089453,0.014109148082089453,hold,False,False,False,False,0.9203777982474253,0.21711290999546173,0.643869531120133,0.027601469608023343,0.012869267494977299,-0.00010942657360091257,0.78,0.78,0.9,0.92,0.98,193472034.832854,204095331.33558276,27
2023-01-05,0.30000000000000004,0.455,0.245,0.30000000000000004,0.0,0.0,0.0031515397264562763,0.0031515397264562763,hold,False,False,False,False,0.9212147812307541,0.22641061649263045,0.6270117051054713,0.006473098999473015,0.002540731530852991,0.00021868236765820726,0.78,0.78,0.9,0.92,0.98,194081769.63658807,204738545.8802711,28
2023-01-06,0.30000000000000004,0.455,0.245,0.30000000000000004,0.0,0.0,-0.0003473016891113641,-0.0003473016891113641,hold,False,False,False,False,0.9081956021681923,0.24691318143896673,0.5911218510329537,0.008464678152971361,-0.00628559615637081,-0.00010921993409818143,0.78,0.78,0.9,0.92,0.98,194014364.7101676,204667439.8374607,28
2023-01-09,0.30000000000000004,0.455,0.245,0.30000000000000004,0.0,0.0,0.008114656658352768,0.008114656658352768,hold,False,False,False,False,0.8872506523650511,0.2639422914882536,0.5622427289299813,0.01730010147422667,0.006427749925461024,0.0,0.78,0.78,0.9,0.92,0.98,195588724.666579,206328245.84088576,28
2023-01-10,0.42,0.37700000000000006,0.203,0.42,0.23999999999999988,0.0002399999999999999,0.005788439805448853,0.005548439805448853,scheduled,False,False,False,False,0.8448213521034735,0.2791213488339426,0.5378206315586712,0.005404354910330422,0.00892125520389131,0.000765012469177595,0.78,0.78,0.9,0.92,0.98,196673936.93201604,207522564.47209957,28
2023-01-11,0.42,0.37700000000000006,0.203,0.78,0.0,0.0,0.0009042650111495187,0.0009042650111495187,hold,True,False,False,False,0.7357683363103285,0.3091220504441704,0.4945194197283619,0.006880546279011579,-0.005325521336965511,0.00010914836453523868,0.78,0.78,0.9,0.92,0.98,196851782.29178867,207710219.86617574,28
2023-01-12,0.78,0.143,0.07699999999999999,0.78,0.7200000000000002,0.0007200000000000003,0.0011347249545417331,0.00041472495454173287,scheduled,True,False,False,False,0.6564910942720931,0.3331561602147856,0.4597730623502444,0.0020289232834280746,-0.0031317147309941618,0.0,0.78,0.78,0.9,0.92,0.98,196933421.6382511,207945913.8359712,28
2023-01-13,0.78,0.143,0.07699999999999999,0.9,0.0,0.0,-0.008189925329714597,-0.008189925329714597,hold,True,True,False,False,0.5761516347086102,0.394121940740103,0.4048369647325971,-0.01300020561938664,0.013579293960302996,0.00010903918290461334,0.78,0.78,0.9,0.92,0.98,195320551.6201086,206242852.32903534,28
2023-01-17,0.92,0.05199999999999998,0.027999999999999983,0.92,0.28,0.00028000000000000003,-0.009125017546847723,-0.009405017546847723,tier_force,True,True,True,False,0.5093116299849503,0.48688586521404537,0.33319379325798626,-0.009824424871169302,-0.0018997106708176226,0.00043708176823398226,0.78,0.78,0.9,0.92,0.98,193483558.4048615,204360882.68262097,28
2023-01-18,0.98,0.013000000000000012,0.007000000000000005,0.98,0.11999999999999988,0.00011999999999999988,0.026734388768472703,0.026614388768472705,tier_force,True,True,True,True,0.5001634580300565,0.5576688045394251,0.27859442320782973,0.027366912070618366,-0.006611378335748763,0.00010897966163425643,0.78,0.78,0.9,0.92,0.98,198633005.048556,209824345.9693264,28
2023-01-19,0.98,0.013000000000000012,0.007000000000000005,0.98,0.0,0.0,0.021729892048885827,0.021729892048885827,tier_force,True,True,True,True,0.518654335469478,0.6078597631314209,0.23870286359628903,0.022216162515180438,-0.0032267089223847467,0.0,0.78,0.78,0.9,0.92,0.98,202949278.80560687,214383806.3564679,28
2023-01-20,0.98,0.013000000000000012,0.007000000000000005,0.98,0.0,0.0,-0.0019252601962296844,-0.0019252601962296844,tier_force,True,True,True,True,0.484991643898542,0.6364045480837338,0.21338582877177636,-0.0020418260536875232,0.005766501581244032,0.0001092594039879824,0.78,0.78,0.9,0.92,0.98,202558548.63726893,213971061.74737358,28
2023-01-23,0.98,0.013000000000000012,0.007000000000000005,0.98,0.0,0.0,-0.002159816338990312,-0.002159816338990312,tier_force,True,True,True,True,0.45578962420884916,0.655883089634655,0.19913570368398412,-0.0022193535525999453,0.001106570021839337,0.00010924746767471127,0.78,0.78,0.9,0.92,0.98,202121059.37432,213508923.55214047,28
2023-01-24,0.98,0.013000000000000012,0.007000000000000005,0.98,0.0,0.0,0.01906424654055039,0.01906424654055039,tier_force,True,True,True,True,0.42417584922510493,0.669007306888842,0.1905465452834748,0.01949740385978216,-0.0036174125456007733,0.0005453030080977417,0.78,0.78,0.9,0.92,0.98,205974345.08126926,217579310.30934602,28
2023-01-25,0.98,0.013000000000000012,0.007000000000000005,0.98,0.0,0.0,0.00973626495088719,0.00973626495088719,tier_force,True,True,True,True,0.4152146795138576,0.6681922621129501,0.1969008570674874,0.009954254691232345,-0.0015126768453873618,0.00010859320993272803,0.78,0.78,0.9,0.92,0.98,207979765.87806594,219697720.1223491,28
2023-01-26,0.98,0.013000000000000012,0.007000000000000005,0.98,0.0,0.0,-0.019855020689140895,-0.019855020689140895,tier_force,True,True,True,True,0.4044988102275773,0.6611671242136394,0.20673365277766728,-0.02021869806162535,-0.003130506826773072,0.0,0.78,0.78,0.9,0.92,0.98,203850323.32363427,215335617.34396282,28
2023-01-27,0.98,0.013000000000000012,0.007000000000000005,0.98,0.0,0.0,0.014752943520330762,0.014752943520330762,tier_force,True,True,True,True,0.3968604312508288,0.6512707211118562,0.21797562865362038,0.014986048100670502,0.005065347174135759,0.00010955262998657567,0.78,0.78,0.9,0.92,0.98,206857715.630229,218512451.54455388,28
2023-01-30,0.98,0.013000000000000012,0.007000000000000005,0.98,0.0,0.0,0.021049881819096564,0.021049881819096564,tier_force,True,True,True,True,0.4472009968883532,0.5841747216504969,0.27516782255842853,0.021383594409401407,0.007192342371640459,6.554957883664336e-05,0.78,0.78,0.9,0.92,0.98,211212046.0976136,223112112.8255678,28
2023-01-31,0.98,0.013000000000000012,0.007000000000000005,0.98,0.0,0.0,0.035169983304763223,0.035169983304763223,tier_force,True,True,True,True,0.45652064883163107,0.5337360997391769,0.31677326255953553,0.03588993844556487,-0.00040147923903477434,0.00043755117387234144,0.78,0.78,0.9,0.92,0.98,218640370.23263153,230958962.10873345,28
2023-02-01,0.98,0.013000000000000012,0.007000000000000005,0.98,0.0,0.0,-0.01755522320650442,-0.01755522320650442,tier_force,True,True,True,True,0.44399053866751886,0.5083235377800359,0.33436476528374626,-0.017772649830060216,-0.010735216292306893,0.00021877696494043697,0.78,0.78,0.9,0.92,0.98,214802089.7312449,226904425.97737205,28
2023-02-02,0.92,0.05199999999999998,0.027999999999999983,0.92,0.11999999999999988,0.00011999999999999988,-0.008227377928931136,-0.008347377928931136,tier_force,True,True,True,False,0.4197633356980077,0.47085856753799304,0.3482041740816829,-0.008458869194299834,-0.008620673913083188,0.0001091704751798872,0.78,0.78,0.9,0.92,0.98,213009055.508334,225037597.51110902,28
2023-02-03,0.92,0.05199999999999998,0.027999999999999983,0.92,0.0,0.0,0.018936661819302043,0.018936661819302043,tier_force,True,True,True,False,0.42764287115123806,0.4573926382762461,0.3547614174172234,0.020718791632315714,-0.002455597549349431,0.0001094496477769269,0.78,0.78,0.9,0.92,0.98,217042735.9569443,229299058.39180508,28
2023-02-06,0.92,0.05199999999999998,0.027999999999999983,0.9,0.0,0.0,-0.016166713845807364,-0.016166713845807364,hold,True,True,False,False,0.4409440966024022,0.4406718206814368,0.37281590682398424,-0.017781209570364775,0.0036922876716967146,0.0,0.78,0.78,0.9,0.92,0.98,213533868.1524172,225592046.1296717,28
2023-02-07,0.92,0.05199999999999998,0.027999999999999983,0.9,0.0,0.0,-0.008355516979216096,-0.008355516979216096,hold,True,True,False,False,0.4199340877364591,0.42208934991790964,0.3698344038510888,-0.008837951805997557,-0.004495883314482252,0.00032802195195480444,0.78,0.78,0.9,0.92,0.98,211749682.291432,223707107.9578591,28
2023-02-08,0.92,0.05199999999999998,0.027999999999999983,0.9,0.0,0.0,-0.0062858515607773,-0.0062858515607773,hold,True,True,False,False,0.42949683609832195,0.4218128789488842,0.3739136260921513,-0.006563111457202564,-0.004823925445240906,0.00010911082148523654,0.78,0.78,0.9,0.92,0.98,210418655.22050628,222300918.2841452,28
2023-02-09,0.92,0.05199999999999998,0.027999999999999983,0.9,0.0,0.0,0.014864104930961481,0.014864104930961481,hold,True,True,False,False,0.44495074147901587,0.40892559942137885,0.39484731443652316,0.01601589040379281,0.0023724107438929387,0.00021858574248789786,0.78,0.78,0.9,0.92,0.98,213546340.19113573,225605222.45976982,28
2023-02-10,0.78,0.143,0.07699999999999999,0.78,0.28,0.00028000000000000003,0.005116005130834951,0.004836005130834951,scheduled,True,False,False,False,0.4738615616777662,0.3725832922837442,0.44009443475975035,0.007389057636181917,-0.004527691086621988,0.0,0.78,0.78,0.9,0.92,0.98,214579051.38797107,226759419.93541718,28
2023-02-13,0.78,0.143,0.07699999999999999,0.78,0.0,0.0,0.0055638983015892166,0.0055638983015892166,hold,True,False,False,False,0.47818675895177754,0.3418849609371839,0.4750305878714477,0.0076610903274867415,-0.002997007777651217,0.00021844101758028422,0.78,0.78,0.9,0.92,0.98,215772947.40754524,228021086.28686523,28
2023-02-14,0.78,0.143,0.07699999999999999,0.78,0.0,0.0,-0.01506836988410659,-0.01506836988410659,hold,True,False,False,False,0.4653710235628742,0.323326469738448,0.4866216017894796,-0.01876412192568222,-0.003317738085883981,0.0005465164182720805,0.78,0.78,0.9,0.92,0.98,212521600.8250245,224585180.21731898,28
2023-02-15,0.78,0.143,0.07699999999999999,0.78,0.0,0.0,-0.005093414188029751,-0.005093414188029751,hold,True,False,False,False,0.4667585413510545,0.3279804857327757,0.47253448031029216,-0.007055633496792835,0.0028084090854365584,0.00010879792534068677,0.78,0.78,0.9,0.92,0.98,211439140.2881195,223441274.87397885,28
2023-02-16,0.78,0.143,0.07699999999999999,0.78,0.0,0.0,-0.020024075627790003,-0.020024075627790003,hold,True,False,False,False,0.5010131471496033,0.340554213387987,0.46087255537793553,-0.023675223977782656,-0.010890915560276437,0.0,0.78,0.78,0.9,0.92,0.98,207205266.9523153,218967069.8875325,28
2023-02-17,0.78,0.143,0.07699999999999999,0.78,0.0,0.0,0.0008635304050558006,0.0008635304050558006,hold,True,False,False,False,0.5237939546362466,0.33056944868760474,0.4731689704088996,0.0007479725131209758,0.0017825711012191547,0.0003273269785337707,0.78,0.78,0.9,0.92,0.98,207384195.0004163,219156154.61008638,28
2023-02-21,0.78,0.143,0.07699999999999999,0.78,0.0,0.0,0.007391767819188095,0.007391767819188095,hold,True,False,False,False,0.5502495441478421,0.31788373055743957,0.48725826849131787,0.008734165961099105,0.003873374916071759,0.00032760722769520356,0.78,0.78,0.9,0.92,0.98,208917130.81922862,220776106.02111024,28
2023-02-22,0.78,0.143,0.07699999999999999,0.78,0.0,0.0,-0.01391694709166043,-0.01391694709166043,hold,True,False,False,False,0.5642487677665002,0.3097411841903668,0.49418729189456145,-0.016744135449639597,-0.006048303460311599,0.00010890849198719188,0.78,0.78,0.9,0.92,0.98,206009642.1630759,217703576.63451162,28
2023-02-23,0.78,0.143,0.07699999999999999,0.78,0.0,0.0,0.0060293585814220115,0.0060293585814220115,hold,True,False,False,False,0.5692088714041894,0.33493133684251974,0.4655110405433446,0.00716137485521684,0.003042509045898756,0.00010918702323836627,0.78,0.78,0.9,0.92,0.98,207251748.1669075,219016189.56249917,28
2023-02-24,0.78,0.143,0.07699999999999999,0.78,0.0,0.0,-0.0007758888123515286,-0.0007758888123515286,hold,True,False,False,False,0.5821942221968313,0.3225598470279873,0.47733828196248046,-0.0012931081010434387,0.0015687865462070683,0.00010907831629536346,0.78,0.78,0.9,0.92,0.98,207090943.85416448,218846257.35129374,28
2023-02-27,0.78,0.143,0.07699999999999999,0.78,0.0,0.0,-0.007409370462970329,-0.007409370462970329,hold,True,False,False,False,0.5784413931406245,0.32454628046296635,0.469865802911713,-0.008038904295564309,-0.007994600667503016,5.458159769822224e-05,0.78,0.78,0.9,0.92,0.98,205556530.33162278,217224744.35614347,28
2023-02-28,0.78,0.143,0.07699999999999999,0.78,0.0,0.0,0.005892279054654591,0.005892279054654591,hold,True,False,False,False,0.5866488223997284,0.31848404155197113,0.47766333647277603,0.008276037701403505,-0.004113814542861083,0.0003278587946622391,0.78,0.78,0.9,0.92,0.98,206767726.76984325,218504693.16746587,28
2023-03-01,0.78,0.143,0.07699999999999999,0.78,0.0,0.0,0.017293466010458666,0.017293466010458666,hold,True,False,False,False,0.5941014454310781,0.3079975237121475,0.4873393766208784,0.02067367842472656,0.008050086283939661,0.0002186298775139761,0.78,0.78,0.9,0.92,0.98,210343457.42479733,222283396.65188313,28
2023-03-02,0.78,0.143,0.07699999999999999,0.78,0.0,0.0,0.000638028907032734,0.000638028907032734,hold,True,False,False,False,0.5913211595673596,0.30409095776749706,0.49154542993241046,0.001134748828349963,-0.0017866995578338374,0.00010938776220781321,0.78,0.78,0.9,0.92,0.98,210477662.63103953,222425219.88450044,28
2023-03-03,0.78,0.143,0.07699999999999999,0.78,0.0,0.0,-0.00955228694210431,-0.00955228694210431,hold,True,False,False,False,0.551991358895543,0.3086652074832773,0.4880676576054377,-0.012265907098781503,0.0001057384261906602,0.0,0.78,0.78,0.9,0.92,0.98,208467119.60268444,220300550.361003,28
2023-03-06,0.78,0.143,0.07699999999999999,0.78,0.0,0.0,0.0038672442557364612,0.0038672442557364612,hold,True,False,False,False,0.4854477519165298,0.31306123899453836,0.4824807363642752,0.004994289601195856,-0.00031565076651352,0.00021865488850814074,0.78,0.78,0.9,0.92,0.98,209273312.87347785,221152506.39892218,28
2023-03-07,0.78,0.143,0.07699999999999999,0.68,0.0,0.0,-0.01260937206355708,-0.01260937206355708,hold,False,False,False,False,0.438238918734403,0.29662893869757073,0.4938134229619215,-0.017326195433535085,0.006211590266022249,0.00021822034492346987,0.78,0.78,0.9,0.92,0.98,206634507.80848297,218363912.16295,28
2023-03-08,0.78,0.143,0.07699999999999999,0.68,0.0,0.0,-0.008303717418379361,-0.008303717418379361,hold,False,False,False,False,0.4013102803027716,0.2945576158906204,0.48330292934639496,-0.014043529797911902,0.018415431822273787,0.00021855939489312526,0.78,0.78,0.9,0.92,0.98,204918673.24675542,216550679.94197705,28
2023-03-09,0.78,0.143,0.07699999999999999,0.68,0.0,0.0,0.0075352889638486175,0.0075352889638486175,hold,False,False,False,False,0.4041090427634184,0.27904666684511736,0.4970267187418627,0.007416301676618442,0.01212411370648847,0.00021851163712183208,0.78,0.78,0.9,0.92,0.98,206462794.66375822,218182451.89065775,28
2023-03-10,0.78,0.143,0.07699999999999999,0.68,0.0,0.0,0.016582743740199236,0.016582743740199236,hold,False,False,False,False,0.4459485757199723,0.2622777853471165,0.5027032415730349,0.022979939958347018,-0.00944072732477863,0.00010928026145329284,0.78,0.78,0.9,0.92,0.98,209886514.27955273,221800515.57896888,28
2023-03-13,0.68,0.20799999999999996,0.11199999999999997,0.68,0.19999999999999996,0.00019999999999999996,0.006633952567752422,0.006433952567752422,scheduled,False,False,False,False,0.4672264313584416,0.2600134855985273,0.494661079327115,0.005246040886690784,0.014449768703388655,0.0005454720937307922,0.78,0.78,0.9,0.92,0.98,211236914.15703827,223271929.67882276,28
2023-03-14,0.68,0.20799999999999996,0.11199999999999997,0.68,0.0,0.0,0.016104034576271013,0.016104034576271013,hold,False,False,False,False,0.4235959143106527,0.24780605444682066,0.5046739943245846,0.026360546695332054,-0.008990686041682294,0.0004368350010279798,0.78,0.78,0.9,0.92,0.98,214638680.726408,226867508.5542813,28
2023-03-15,0.68,0.20799999999999996,0.11199999999999997,0.68,0.0,0.0,-0.0007297993045517159,-0.0007297993045517159,hold,False,False,False,False,0.37113254987928174,0.24037637698539505,0.5072350629342086,-0.004726019050075525,0.011824498176217002,0.00021783954327236899,0.78,0.78,0.9,0.92,0.98,214482037.56648397,226701940.80431297,28
2023-03-16,0.68,0.20799999999999996,0.11199999999999997,0.74,0.0,0.0,0.0015874246688672485,0.0015874246688672485,hold,False,False,False,False,0.3356645479703911,0.21287220574947222,0.5158963016428207,0.0035491463559362835,-0.004029739456500647,0.00010884780163133989,0.78,0.78,0.9,0.92,0.98,214822511.6439459,227061813.0576258,28
2023-03-17,0.68,0.20799999999999996,0.11199999999999997,0.74,0.0,0.0,0.007902435170257061,0.007902435170257061,hold,False,False,False,False,0.31732722575999556,0.19697635583202805,0.5268258290117871,0.014282197703142208,-0.008699323403267512,0.0,0.78,0.78,0.9,0.92,0.98,216520132.61532396,228856154.31495473,28
2023-03-20,0.68,0.20799999999999996,0.11199999999999997,0.74,0.0,0.0,-0.0064842981857326345,-0.0064842981857326345,hold,False,False,False,False,0.2999800406808947,0.1836968532862257,0.5201074045828686,-0.013598001517816871,0.013162974778866632,0.00021825082480875224,0.78,0.78,0.9,0.92,0.98,215116151.51223183,227372182.7687365,28
2023-03-21,0.68,0.20799999999999996,0.11199999999999997,0.74,0.0,0.0,0.009306424676799568,0.009306424676799568,hold,False,False,False,False,0.2734014820616911,0.16340920557895178,0.5144525231071926,0.011858022717274208,0.005741085250475342,0.0004359240799485242,0.78,0.78,0.9,0.92,0.98,217118113.7730434,229488204.86127323,28
2023-03-22,0.68,0.20799999999999996,0.11199999999999997,0.74,0.0,0.0,0.0025896491350063597,0.0025896491350063597,hold,False,False,False,False,0.27056455754201636,0.16080485261500996,0.5172589377838069,0.003680542617827909,0.0003004059764852851,0.00021781885512894839,0.78,0.78,0.9,0.92,0.98,217680373.50857,230082498.7924864,28
2023-03-23,0.68,0.20799999999999996,0.11199999999999997,0.74,0.0,0.0,-0.007232364279759946,-0.007232364279759946,hold,False,False,False,False,0.2597524349984603,0.14652613719128074,0.5214301758502368,-0.006851359662215395,-0.012313545756909239,-0.00010912671443175093,0.78,0.78,0.9,0.92,0.98,216106029.75080183,228418458.3468217,28
2023-03-24,0.68,0.20799999999999996,0.11199999999999997,0.78,0.0,0.0,-0.003713850586749658,-0.003713850586749658,hold,False,False,False,False,0.24399909862109098,0.13407236693884944,0.5217797138744071,-0.005311478233018585,-0.0006080329029837239,0.0002180844243178104,0.78,0.78,0.9,0.92,0.98,215303444.2454117,227570146.3212659,28
2023-03-27,0.78,0.143,0.07699999999999999,0.78,0.19999999999999996,0.00019999999999999996,0.013975874907776126,0.013775874907776126,scheduled,False,False,False,False,0.23793678870967086,0.12774080804935817,0.515663245130706,0.018233955043885253,-0.001724545639541053,0.0,0.78,0.78,0.9,0.92,0.98,218269437.5605498,230750638.21899623,28
2023-03-28,0.78,0.143,0.07699999999999999,0.78,0.0,0.0,0.007617719151641587,0.007617719151641587,hold,False,False,False,False,0.238699893215083,0.12645695321952866,0.5122369510588398,0.009465355357286986,0.0015241996908483824,0.00021794048268075628,0.78,0.78,0.9,0.92,0.98,219932152.83527282,232508431.77501062,28
2023-03-29,0.78,0.143,0.07699999999999999,0.78,0.0,0.0,0.013738435769227775,0.013738435769227775,hold,False,False,False,False,0.23661047839282673,0.12033683105168044,0.5037974254640567,0.016630597891600152,0.005477952268481356,-0.00021789299497632086,0.78,0.78,0.9,0.92,0.98,222953676.5905882,235702733.9307555,28
2023-03-30,0.78,0.143,0.07699999999999999,0.78,0.0,0.0,-0.0012034223172476526,-0.0012034223172476526,hold,False,False,False,False,0.23755381720631363,0.1131372369249402,0.5029773843328915,-0.002430187396665451,0.004710477177518824,0.00024059241254814623,0.78,0.78,0.9,0.92,0.98,222685369.1604667,235419084.00050694,28
2023-03-31,0.78,0.143,0.07699999999999999,0.78,0.0,0.0,-0.0017021580538630055,-0.0017021580538630055,hold,False,False,False,False,0.23025749208308044,0.10618190946822625,0.5123126922359967,-0.003373549659351438,0.006439236780409141,0.00010908858224167872,0.78,0.78,0.9,0.92,0.98,222306323.46587276,235018363.51064244,28
2023-04-03,0.78,0.143,0.07699999999999999,0.78,0.0,0.0,-0.007057997299464621,-0.007057997299464621,hold,False,False,False,False,0.2221245153380691,0.1013720675721482,0.5190686889173637,-0.009872420718144093,0.004198600585987533,0.0005466360635266732,0.78,0.78,0.9,0.92,0.98,220737286.03519672,233359604.5356597,28
2023-04-04,0.78,0.143,0.07699999999999999,0.78,0.0,0.0,0.005309910198256842,0.005309910198256842,hold,False,False,False,False,0.23212132127085766,0.09619893345629302,0.5404844424832255,0.0067419786557589845,0.0002989011811103115,0.00010940230994882505,0.78,0.78,0.9,0.92,0.98,221909381.20145053,234598723.07964477,28
2023-04-05,0.78,0.143,0.07699999999999999,0.78,0.0,0.0,-0.001841885711389034,-0.001841885711389034,hold,False,False,False,False,0.24099314396082938,0.10096228978321246,0.5650958219008385,-0.0005658081564653417,-0.009852632888631141,0.00010871628218422913,0.78,0.78,0.9,0.92,0.98,221500649.48299238,234166619.04369426,28
2023-04-06,0.78,0.143,0.07699999999999999,0.74,0.0,0.0,-0.005054919965821273,-0.005054919965821273,hold,False,False,False,False,0.2574269572980671,0.09651328796205569,0.5781823645735376,-0.006417751225129775,-0.00040212283088636447,0.00010947473502209704,0.76,0.78,0.9,0.92,0.98,220380981.4274784,232982925.52576143,29
2023-04-10,0.78,0.143,0.07699999999999999,0.74,0.0,0.0,-0.006456561631839344,-0.006456561631839344,hold,False,False,False,False,0.2688847433840833,0.09297533888905507,0.5878669418990284,-0.008833834345716607,0.0029161984079661973,0.00021834786338237322,0.76,0.78,0.9,0.92,0.98,218958078.03840667,231478656.90793812,29
2023-04-11,0.78,0.143,0.07699999999999999,0.74,0.0,0.0,0.014842847172148444,0.014842847172148444,hold,False,False,False,False,0.26946050832536833,0.10108924231982823,0.5930947420691217,0.01958196889248498,-0.003308833790841126,0.0005464242610446757,0.76,0.78,0.9,0.92,0.98,222208039.3278381,234914459.2360368,29
2023-04-12,0.78,0.143,0.07699999999999999,0.74,0.0,0.0,-0.002170912998542511,-0.002170912998542511,hold,False,False,False,False,0.27739353559812174,0.1030603489774426,0.6091026533939853,-0.001879571206701236,-0.004929003198010817,0.0,0.76,0.78,0.9,0.92,0.98,221725645.00688067,234404480.3829357,29
2023-04-13,0.78,0.143,0.07699999999999999,0.74,0.0,0.0,-0.00023301053597994036,-0.00023301053597994036,hold,False,False,False,False,0.2818206934809705,0.09580833256631208,0.6247995823390925,0.0008473266702186955,-0.006368656410667195,0.00021808477889462274,0.76,0.78,0.9,0.92,0.98,221673980.59549713,234349861.6693256,29
2023-04-14,0.78,0.143,0.07699999999999999,0.74,0.0,0.0,0.00029024489366032054,0.00029024489366032054,hold,False,False,False,False,0.29280881983637963,0.0899736519849251,0.6334399808714839,6.292827267939671e-05,0.001627607645255491,0.00010925906102410288,0.76,0.78,0.9,0.92,0.98,221738320.33642232,234417880.52000514,29
2023-04-17,0.78,0.143,0.07699999999999999,0.74,0.0,0.0,-0.0006637326829415594,-0.0006637326829415594,hold,False,False,False,False,0.321591309849919,0.08564756424332058,0.6406407612876076,-0.0004706660684635766,-0.0021329914209351486,0.00010915095654229212,0.76,0.78,0.9,0.92,0.98,221591145.3661545,234262289.71123812,29
2023-04-18,0.78,0.143,0.07699999999999999,0.74,0.0,0.0,-0.005058572179203789,-0.005058572179203789,hold,False,False,False,False,0.33586710031665945,0.08266579060248097,0.6390257199701188,-0.0076244436713258645,0.005802184368124408,0.0007633963608908445,0.76,0.78,0.9,0.92,0.98,220470210.56304735,233077257.00986826,29
2023-04-19,0.78,0.143,0.07699999999999999,0.74,0.0,0.0,0.00045811894063393926,0.00045811894063393926,hold,False,False,False,False,0.3431213962721645,0.08265895592233613,0.6336882187853634,0.0010433819046840043,-0.002428822721003976,-0.0001090557911170853,0.76,0.78,0.9,0.92,0.98,220571212.1423518,233184034.11593547,29
2023-04-20,0.78,0.143,0.07699999999999999,0.74,0.0,0.0,-0.0009211947311428331,-0.0009211947311428331,hold,False,False,False,False,0.31004313436804853,0.08132673205468083,0.6388868541787067,-0.00208449068885308,0.004869299261349047,0.0001090676855799444,0.76,0.78,0.9,0.92,0.98,220368023.1038845,232969226.21232125,29
2023-04-21,0.78,0.143,0.07699999999999999,0.74,0.0,0.0,-0.01330714899155915,-0.01330714899155915,hold,False,False,False,False,0.2862484768603641,0.08014996890198428,0.6431415668133118,-0.018863599187150415,0.009894095596742591,-0.0001090557911170853,0.76,0.78,0.9,0.92,0.98,217435552.98746574,229869070.00866562,29
2023-04-24,0.78,0.143,0.07699999999999999,0.74,0.0,0.0,0.004189595567014025,0.004189595567014025,hold,False,False,False,False,0.2741513232197164,0.08678281896095238,0.6350527928954739,0.006064494771717888,-0.0038987005441312172,0.0002182314660368334,0.76,0.78,0.9,0.92,0.98,218346520.01637322,230832128.44536754,29
2023-04-25,0.78,0.143,0.07699999999999999,0.74,0.0,0.0,0.020301271411883388,0.020301271411883388,hold,False,False,False,False,0.2738564118598252,0.09863820294127436,0.6254535083984121,0.027190953630845005,-0.006523352205655142,0.00032684344458400183,0.76,0.78,0.9,0.92,0.98,222779231.98106584,235518314.13551968,29
2023-04-26,0.78,0.143,0.07699999999999999,0.74,0.0,0.0,0.00644991399013494,0.00644991399013494,hold,False,False,False,False,0.2638683013509474,0.10216102499220855,0.6293335950986381,0.006898594423747628,0.007475596780502025,0.0,0.76,0.78,0.9,0.92,0.98,224216138.86613202,237037387.0047953,29
2023-04-27,0.78,0.143,0.07699999999999999,0.74,0.0,0.0,-0.002575276036426101,-0.002575276036426101,hold,False,False,False,False,0.2540021557279499,0.09584178883253923,0.6385815948178273,-0.0011469916168123095,-0.011770240306004709,3.2750499300959746e-05,0.76,0.78,0.9,0.92,0.98,223638720.4167301,236426950.30230477,29
2023-04-28,0.78,0.143,0.07699999999999999,0.76,0.0,0.0,-0.004957928962022778,-0.004957928962022778,hold,False,False,False,False,0.2326532210162335,0.0931911907333427,0.6343546803289802,-0.008721535810853775,0.013018881558893636,-0.00021858561660548226,0.76,0.78,0.9,0.92,0.98,222529935.52774626,235254762.27799827,29
2023-05-01,0.78,0.143,0.07699999999999999,0.76,0.0,0.0,-0.004162604984931235,-0.004162604984931235,hold,False,False,False,False,0.20760858321570258,0.09033560459340972,0.6337741932281379,-0.00654387941936263,0.006525899132956425,0.00010931670336167265,0.76,0.78,0.9,0.92,0.98,221603631.30882207,234275489.63181105,29
2023-05-02,0.78,0.143,0.07699999999999999,0.76,0.0,0.0,-0.0027565487438414747,-0.0027565487438414747,hold,False,False,False,False,0.18866919178055896,0.08700392606737767,0.636990545868677,-0.003529940475264004,-0.00019901652525478042,0.000328106363323144,0.76,0.78,0.9,0.92,0.98,220992770.09730703,233629697.82515365,29
2023-05-03,0.78,0.143,0.07699999999999999,0.76,0.0,0.0,0.015824855883311242,0.015824855883311242,hold,False,False,False,False,0.17988118043755869,0.08828455113360055,0.6439231393447924,0.021254474103931553,-0.005387944864338801,0.00021872984214388325,0.76,0.78,0.9,0.92,0.98,224489948.83535063,237326854.12329823,29
2023-05-04,0.78,0.143,0.07699999999999999,0.76,0.0,0.0,0.001065861570087964,0.001065861570087964,hold,False,False,False,False,0.1739391467438294,0.10275127897685492,0.6394797656595008,0.002477477997425259,-0.006118969934797325,0.00010962899704258788,0.76,0.78,0.9,0.92,0.98,224729224.04468524,237579811.69665813,29
2023-05-05,0.78,0.143,0.07699999999999999,0.76,0.0,0.0,-0.005104728950730047,-0.005104728950730047,hold,False,False,False,False,0.16196984370918227,0.0922088237780365,0.6489207788693767,-0.0063332556756924285,-0.0012110370225668632,0.00010894507191050451,0.76,0.78,0.9,0.92,0.98,223582042.26862925,236367031.15378124,29
2023-05-08,0.78,0.143,0.07699999999999999,0.76,0.0,0.0,0.009565612214002966,0.009565612214002966,hold,False,False,False,False,0.1492657648054596,0.08522166180360363,0.6495278746100788,0.010881912835772889,0.007477590171104831,0.00010941308613143796,0.76,0.78,0.9,0.92,0.98,225720741.38298577,238628026.51397344,29
2023-05-09,0.78,0.143,0.07699999999999999,0.76,0.0,0.0,0.0031239762155260684,0.0031239762155260684,hold,False,False,False,False,0.13965857813342186,0.08027229636794476,0.6485841383975228,0.0032599706987601618,0.003711344469673694,0.0006555430042831656,0.76,0.78,0.9,0.92,0.98,226425887.6104171,239373494.793161,29
2023-05-10,0.78,0.143,0.07699999999999999,0.76,0.0,0.0,-0.003638384775909679,-0.003638384775909679,hold,False,False,False,False,0.13293811205464431,0.07587594971839076,0.6480873869054466,-0.003586912454085267,-0.005995960922267729,0.0002185629891053864,0.76,0.78,0.9,0.92,0.98,225602063.10806352,238502561.91394922,29
2023-05-11,0.78,0.143,0.07699999999999999,0.76,0.0,0.0,0.003915801244918581,0.003915801244918581,hold,False,False,False,False,0.12815473022638132,0.07285539004666362,0.64540906812763,0.005415026191228467,-0.002212086217664,0.00010920967384842051,0.76,0.78,0.9,0.92,0.98,226485475.94763827,239436490.54280815,29
2023-05-12,0.78,0.143,0.07699999999999999,0.76,0.0,0.0,0.00041372092278619697,0.00041372092278619697,hold,False,False,False,False,0.1270222350402055,0.07041588284370782,0.6425932457243468,0.0011322398770836628,-0.0032239017812056847,-0.00010919774839801555,0.76,0.78,0.9,0.92,0.98,226579177.727745,239535550.42862415,29
2023-05-15,0.78,0.143,0.07699999999999999,0.76,0.0,0.0,0.008995751984185013,0.008995751984185013,hold,False,False,False,False,0.12558922074313295,0.06912727260265378,0.641967255155049,0.01210438850775164,-0.0032342428290423886,0.00021851522976357174,0.76,0.78,0.9,0.92,0.98,228617427.81536436,241690352.8316753,29
2023-05-16,0.78,0.143,0.07699999999999999,0.76,0.0,0.0,0.01364441670933797,0.01364441670933797,hold,False,False,False,False,0.11491223686989643,0.06995142168457327,0.6265625424592064,0.018573052508869425,-0.006186071102756152,0.0005460249365447645,0.76,0.78,0.9,0.92,0.98,231736779.26749417,244988076.72033757,29
2023-05-17,0.78,0.143,0.07699999999999999,0.76,0.0,0.0,-0.0022975250785503935,-0.0022975250785503935,hold,False,False,False,False,0.10835405226093903,0.0718651319100711,0.6068098411647297,-0.0022533289069158746,-0.003775723994097979,0.0,0.76,0.78,0.9,0.92,0.98,231204358.2055046,244425210.47012678,29
2023-05-18,0.78,0.143,0.07699999999999999,0.76,0.0,0.0,0.002363945013704312,0.002363945013704312,hold,False,False,False,False,0.11403609112309199,0.07448730531351269,0.5884178793758774,0.0033579532784671073,-0.001843578699685433,0.00010874299422058975,0.76,0.78,0.9,0.92,0.98,231750912.5952312,245003018.22764125,29
2023-05-19,0.78,0.143,0.07699999999999999,0.76,0.0,0.0,-0.009652625484702883,-0.009652625484702883,hold,False,False,False,False,0.11496224204381392,0.07521173764175199,0.5816231189179448,-0.01267615972759717,0.0016418119078525084,0.0,0.76,0.78,0.9,0.92,0.98,229513907.8302113,242638095.850068,29
2023-05-22,0.78,0.143,0.07699999999999999,0.76,0.0,0.0,-0.004367279708646123,-0.004367279708646123,hold,False,False,False,False,0.11832239553093975,0.07830745386724475,0.5789935293150645,-0.0051295257424750496,-0.0025611862203887004,0.0,0.76,0.78,0.9,0.92,0.98,228511556.39769235,241578427.41751748,29
2023-05-23,0.78,0.143,0.07699999999999999,0.76,0.0,0.0,0.0181341270109742,0.0181341270109742,hold,False,False,False,False,0.12088094744652558,0.0801716012277089,0.5787566530510394,0.02433288693681468,-0.006265232583514413,0.0006545903857313462,0.76,0.78,0.9,0.92,0.98,232655413.98488355,245959241.3034182,29
2023-05-24,0.78,0.143,0.07699999999999999,0.76,0.0,0.0,0.02021195346867702,0.02021195346867702,hold,False,False,False,False,0.1476382834357772,0.08743590154314959,0.5758459507632759,0.025550174991993524,0.0018602586258740228,0.00021818170678034043,0.76,0.78,0.9,0.92,0.98,237357834.3865818,250930558.043834,29
2023-05-25,0.78,0.143,0.07699999999999999,0.76,0.0,0.0,0.004667033310764164,0.004667033310764164,hold,False,False,False,False,0.16979166139980806,0.08577367419310933,0.5811863974132707,0.00453518842832934,0.007840554044374448,0.00010892348469782043,0.76,0.78,0.9,0.92,0.98,238465591.30623484,252101659.3169132,29
2023-05-26,0.78,0.143,0.07699999999999999,0.76,0.0,0.0,-0.0038766029674351227,-0.0038766029674351227,hold,False,False,False,False,0.20867166757449995,0.08430575198376755,0.588467898249887,-0.005685967000429892,0.0037877066920628533,0.0002183017653922814,0.76,0.78,0.9,0.92,0.98,237541154.88734594,251124361.27630994,29
2023-05-30,0.78,0.143,0.07699999999999999,0.74,0.0,0.0,0.009451103549336494,0.009451103549336494,hold,False,False,False,False,0.25385219894249356,0.0834996581149425,0.5908310411054011,0.011552010376111754,0.0027803463809106255,0.000557739266222157,0.76,0.78,0.9,0.92,0.98,239786180.93941525,253497763.61849332,29
2023-05-31,0.78,0.143,0.07699999999999999,0.74,0.0,0.0,0.004721320377308217,0.004721320377308217,hold,False,False,False,False,0.27008087014704285,0.08275543888608454,0.5853510872731127,0.007499893238069877,-0.007951190352427528,0.00010940093520583893,0.76,0.78,0.9,0.92,0.98,240918288.32168144,254694607.7754674,29
2023-06-01,0.78,0.143,0.07699999999999999,0.74,0.0,0.0,0.0005057091974743379,0.0005057091974743379,hold,False,False,False,False,0.28991065416894357,0.08159444739652762,0.574142418822921,0.0007048131610196684,-0.0003080074693776469,0.0,0.76,0.78,0.9,0.92,0.98,241040122.91592544,254823409.18116656,29
2023-06-02,0.78,0.143,0.07699999999999999,0.74,0.0,0.0,-2.679209151323494e-05,-2.679209151323494e-05,hold,False,False,False,False,0.3307732604009062,0.08126437531502843,0.5654024857253711,-0.00016899051228980166,0.0006165541558702525,0.0002188735556281074,0.76,0.78,0.9,0.92,0.98,241033664.9468939,254816581.92906806,29
2023-06-05,0.78,0.143,0.07699999999999999,0.68,0.0,0.0,-0.01426752025539628,-0.01426752025539628,hold,False,False,False,False,0.3808224709378295,0.08073366402832144,0.561957909964055,-0.01696536623221212,-0.0072933450387234755,0.00010926943203415362,0.76,0.78,0.9,0.92,0.98,237594712.2500317,251180981.18498424,29
2023-06-06,0.78,0.143,0.07699999999999999,0.68,0.0,0.0,0.01068608742197319,0.01068608742197319,hold,False,False,False,False,0.430995952453212,0.08079122792369436,0.5617746004823996,0.012413051431846123,0.006726227485509106,0.0005461918792910581,0.76,0.78,0.9,0.92,0.98,240133670.1161341,253865123.10866398,29
2023-06-07,0.68,0.20799999999999996,0.11199999999999997,0.68,0.19999999999999996,0.00019999999999999996,0.0018634541763516898,0.00166345417635169,scheduled,False,False,False,False,0.48087651309817736,0.08377572756749123,0.5459530968269302,0.0038228438556449085,-0.0035976432920602486,0.00010919785055074627,0.76,0.78,0.9,0.92,0.98,240533121.47257143,254338189.1325508,29
2023-06-08,0.68,0.20799999999999996,0.11199999999999997,0.6,0.0,0.0,0.01184544685147588,0.01184544685147588,hold,False,False,False,False,0.5210283158529527,0.0822360452441751,0.5358658628819396,0.01689700483572598,0.0016503146065642849,0.00010909040193607389,0.76,0.78,0.9,0.92,0.98,243382343.77899438,257350938.63422108,29
2023-06-09,0.68,0.20799999999999996,0.11199999999999997,0.6,0.0,0.0,0.0037715481459115407,0.0037715481459115407,hold,False,False,False,False,0.5536402157179063,0.08204610575006853,0.5243586273230505,0.007683952407657069,-0.007105999807091923,0.0002188256123201171,0.76,0.78,0.9,0.92,0.98,244300272.00642163,258321550.08967558,29
2023-06-12,0.68,0.20799999999999996,0.11199999999999997,0.6,0.0,0.0,0.00524685912440009,0.00524685912440009,hold,False,False,False,False,0.5760244810008665,0.08166063010674143,0.5141887977021039,0.007267540036878017,0.0013484724496686251,0.00021830026599967134,0.76,0.78,0.9,0.92,0.98,245582081.11769196,259676926.87179276,29
2023-06-13,0.68,0.20799999999999996,0.11199999999999997,0.6,0.0,0.0,0.009767618902139917,0.009767618902139917,hold,False,False,False,False,0.5938945757913335,0.08138941004429515,0.5068539355555299,0.011915786664484562,0.007769002937167313,0.00043688713713940786,0.76,0.78,0.9,0.92,0.98,247980833.29524395,262213352.13115528,29
2023-06-14,0.6,0.26,0.13999999999999999,0.6,0.16000000000000014,0.00016000000000000015,-0.004882831286557804,-0.005042831286557805,scheduled,False,False,False,False,0.619907434848528,0.0830754009788911,0.4927270162142556,-0.006292728428801797,-0.0043172767769085185,0.00010926951942491492,0.76,0.78,0.9,0.92,0.98,246730307.79063603,260933008.57161608,29
2023-06-15,0.6,0.26,0.13999999999999999,0.6,0.0,0.0,-5.0112501493799664e-05,-5.0112501493799664e-05,hold,False,False,False,False,0.6428437918928123,0.08390074860490371,0.48206878385472196,-0.0014316823711361115,0.002993839659900299,0.00021784721152706688,0.76,0.78,0.9,0.92,0.98,246717943.5177183,260919932.56583422,29
2023-06-16,0.6,0.26,0.13999999999999999,0.52,0.0,0.0,-0.007935851079585481,-0.007935851079585481,hold,False,False,False,False,0.6671044528861982,0.08438396768806312,0.4764778831887868,-0.013627752849442731,0.000926156269539069,0.0,0.76,0.78,0.9,0.92,0.98,244760026.6593001,258849310.83729628,29
2023-06-20,0.6,0.26,0.13999999999999999,0.52,0.0,0.0,0.005670053866742702,0.005670053866742702,hold,False,False,False,False,0.6864730440363396,0.08465392800310992,0.4717368510367663,0.011798985553439723,-0.005655441892462587,0.0004362673337081624,0.76,0.78,0.9,0.92,0.98,246147829.1948837,260317000.37311295,29
2023-06-21,0.6,0.26,0.13999999999999999,0.52,0.0,0.0,-0.004857334703247873,-0.004857334703247873,hold,False,False,False,False,0.7032206783283583,0.09220102952989831,0.46313756429120156,-0.009913509634492113,0.004136378137944208,0.00010937686844214589,0.76,0.78,0.9,0.92,0.98,244952206.80200627,259052553.57335526,29
2023-06-22,0.52,0.312,0.16799999999999998,0.52,0.15999999999999995,0.00015999999999999996,-0.006181371544406315,-0.0063413715444063145,scheduled,False,False,False,False,0.7144224583796287,0.09030838881508996,0.4534847733545249,-0.01340554341844824,0.0024720060176099956,0.00010860211721697155,0.76,0.78,0.9,0.92,0.98,243398873.84805253,257451253.4901911,29
2023-06-23,0.52,0.312,0.16799999999999998,0.52,0.0,0.0,0.0078877386820492,0.0078877386820492,hold,False,False,False,False,0.7244860961803514,0.0976789786554409,0.4521227645379001,0.017194186704641012,-0.003493118230544545,0.00021794335455815883,0.76,0.78,0.9,0.92,0.98,245318740.56047106,259481961.70108777,29
2023-06-26,0.52,0.312,0.16799999999999998,0.52,0.0,0.0,0.002287653128824415,0.002287653128824415,hold,False,False,False,False,0.7399346988475858,0.11061596641629834,0.4589650979918818,0.0019517040625349757,0.004020460566901862,0.00010942452043360973,0.76,0.78,0.9,0.92,0.98,245879944.7448735,260075566.4226468,29
2023-06-27,0.52,0.312,0.16799999999999998,0.42,0.0,0.0,-0.004190102595132424,-0.004190102595132424,hold,False,False,False,False,0.7512171850410505,0.10948476707916026,0.46748818363348427,-0.0020027812104255194,-0.010267769565493579,0.0003267127304931172,0.76,0.78,0.9,0.92,0.98,244849682.55030698,258985823.11684874,29
2023-06-28,0.52,0.312,0.16799999999999998,0.42,0.0,0.0,0.008753189433443383,0.008753189433443383,hold,False,False,False,False,0.757533044800714,0.10110357340784965,0.45991316327658893,0.015420367092974896,0.002178617734101662,0.0003266060241471358,0.76,0.78,0.9,0.92,0.98,246992898.2043883,261252775.0871668,29
2023-06-29,0.42,0.37700000000000006,0.203,0.42,0.20000000000000012,0.00020000000000000012,-0.0005951817434843922,-0.0007951817434843923,scheduled,False,False,False,False,0.7588382297646667,0.0964411155465308,0.43746009190970603,0.0023550664405802557,-0.004337909667029849,0.00025163692582341746,0.76,0.78,0.9,0.92,0.98,246796493.96096587,261097282.2050003,29
2023-06-30,0.42,0.37700000000000006,0.203,0.42,0.0,0.0,-0.0017963946897602261,-0.0017963946897602261,hold,False,False,False,False,0.7514282914915432,0.0877709942601339,0.4147857690014796,-2.722275467137436e-05,-0.0047937624447755844,0.0001097896989268321,0.76,0.78,0.9,0.92,0.98,246353150.04976296,260628248.4337364,29
2023-07-03,0.42,0.37700000000000006,0.203,0.52,0.0,0.0,-0.006211675502595845,-0.006211675502595845,hold,False,False,False,False,0.7436545702009463,0.08152149082687263,0.39711789458830504,-0.00761587764739069,-0.008168522297446579,0.00032771436180101254,0.76,0.78,0.9,0.92,0.98,244822884.22261155,259009310.32765612,29
2023-07-05,0.42,0.37700000000000006,0.203,0.52,0.0,0.0,-0.001849849637734627,-0.001849849637734627,hold,False,False,False,False,0.7413847850403983,0.07624432598728603,0.3906121971805947,-0.003319913394591145,-0.0012669698812443064,0.00010917060700865733,0.76,0.78,0.9,0.92,0.98,244369998.69892323,258530182.0487766,29
2023-07-06,0.42,0.37700000000000006,0.203,0.42,0.0,0.0,0.0021349593617907506,0.0021349593617907506,hold,False,False,False,False,0.7500026484311968,0.07188609315202245,0.38752475782091267,0.0003276601853070549,0.005180434100228171,0.00021831738017619173,0.76,0.78,0.9,0.92,0.98,244891718.71538627,259082133.48124713,29
2023-07-07,0.52,0.312,0.16799999999999998,0.52,0.20000000000000012,0.00020000000000000012,0.003243693609652743,0.003043693609652743,scheduled,False,False,False,False,0.7445970401153974,0.06866090230114902,0.3771385189132782,0.004940469024539373,0.002103368975040043,0.00010951545642723381,0.76,0.78,0.9,0.92,0.98,245637094.07469717,259922516.54199544,29
2023-07-10,0.52,0.312,0.16799999999999998,0.52,0.0,0.0,0.009649674782015134,0.009649674782015134,hold,False,False,False,False,0.7366333786387751,0.0663424665594614,0.36975064031698646,0.01263004214759822,0.009760652672571535,0.00021862637751035585,0.78,0.78,0.9,0.92,1.0,248007412.14691725,262430684.29514867,30
2023-07-11,0.52,0.312,0.16799999999999998,0.52,0.0,0.0,0.011496522139998144,0.011496522139998144,hold,False,False,False,False,0.7211671258315079,0.0655003833962235,0.3538625289443124,0.016978462178926623,0.00831510051228146,0.0004369669471695481,0.78,0.78,0.9,0.92,1.0,250858634.85154793,265447724.46736267,30
2023-07-12,0.52,0.312,0.16799999999999998,0.52,0.0,0.0,-0.0016350715647928701,-0.0016350715647928701,hold,False,False,False,False,0.7072967332083459,0.06495099579522969,0.3422471615175031,-0.00021081144490997517,-0.004947725599271147,0.00010857603293401574,0.78,0.78,0.9,0.92,1.0,250448463.0309194,265013698.4411471,30
2023-07-13,0.52,0.312,0.16799999999999998,0.52,0.0,0.0,0.0053914689493790744,0.0053914689493790744,hold,False,False,False,False,0.6947012298910673,0.06451971631711308,0.3327850768451324,0.00933861697678795,0.001657120387288602,0.00010932476556724247,0.78,0.78,0.9,0.92,1.0,251798748.1427703,266442511.56745264,30
2023-07-14,0.52,0.312,0.16799999999999998,0.52,0.0,0.0,0.004609042473743005,0.004609042473743005,hold,False,False,False,False,0.6632372396892947,0.06219530831168995,0.3284967224078512,0.00818069432340951,0.0011380814922117288,0.0,0.78,0.78,0.9,0.92,1.0,252959299.26779562,267670556.42007783,30
2023-07-17,0.52,0.312,0.16799999999999998,0.6,0.0,0.0,0.0009789598707175785,0.0009789598707175785,hold,False,False,False,False,0.6361910035987677,0.060645442592196716,0.3261748026176281,-0.00023334229875937584,0.003408874231547232,0.00021862562993879564,0.78,0.78,0.9,0.92,1.0,253206936.27070364,267932595.1533857,30
2023-07-18,0.52,0.312,0.16799999999999998,0.6,0.0,0.0,-0.014368733224501697,-0.014368733224501697,hold,False,False,False,False,0.6285804354235516,0.06034445242280291,0.31750913094539873,-0.02305199158130966,-0.007927425016665657,0.0005455893034465031,0.78,0.78,0.9,0.92,1.0,249568673.3528365,264082743.17147827,30
2023-07-19,0.52,0.312,0.16799999999999998,0.6,0.0,0.0,-0.0013006589539816267,-0.0013006589539816267,hold,False,False,False,False,0.6279131802234788,0.06003316237508783,0.3116453600712353,-0.0029993068327194283,0.0008300660225399881,0.0,0.78,0.78,0.9,0.92,1.0,249244069.62320676,263739261.58698025,30
2023-07-20,0.52,0.312,0.16799999999999998,0.6,0.0,0.0,0.00010484983142469866,0.00010484983142469866,hold,False,False,False,False,0.6339372867579564,0.0661631247800403,0.3087907529525336,0.0015974294481733153,-0.0023848341882205526,0.0001086594351153991,0.78,0.78,0.9,0.92,1.0,249270202.82189035,263766914.6040977,30
2023-07-21,0.6,0.26,0.13999999999999999,0.6,0.15999999999999995,0.00015999999999999996,0.0035954818088635237,0.0034354818088635237,scheduled,False,False,False,False,0.6385730932828265,0.06835761141596136,0.31130668588296606,0.006777711523601848,-0.0018709570988506563,0.00010931243145417824,0.78,0.78,0.9,0.92,1.0,250126566.0691767,264715283.74733678,30
2023-07-24,0.6,0.26,0.13999999999999999,0.6,0.0,0.0,-0.0010872022682821526,-0.0010872022682821526,hold,False,False,False,False,0.6212369807568549,0.07312633395424785,0.3091956242374616,-0.0033265731907106133,0.0034365617360516687,0.00010882567693415446,0.78,0.78,0.9,0.92,1.0,249854627.89918867,264427484.6903977,30
2023-07-25,0.6,0.26,0.13999999999999999,0.6,0.0,0.0,-0.004187100196562496,-0.004187100196562496,hold,False,False,False,False,0.6016381470864534,0.07459409934688441,0.29694734240760373,-0.002383901859749127,-0.01089644226874975,0.0005451136368708198,0.78,0.78,0.9,0.92,1.0,248808461.53759992,263320300.31727397,30
2023-07-26,0.6,0.26,0.13999999999999999,0.6,0.0,0.0,0.011789686978366513,0.011789686978366513,hold,False,False,False,False,0.6030597074706494,0.07401484236459038,0.30262866005250966,0.018214758487991034,0.003252229525209094,0.00010894435012520631,0.78,0.78,0.9,0.92,1.0,251741835.41669714,266424764.2330641,30
2023-07-27,0.6,0.26,0.13999999999999999,0.6,0.0,0.0,0.0006544412244793474,0.0006544412244793474,hold,False,False,False,False,0.6212916488855436,0.07230179199396655,0.3163692877155063,0.0005215224670795937,0.0012549122949041536,0.00010893248254650878,0.78,0.78,0.9,0.92,1.0,251906585.65171993,266599123.58200034,30
2023-07-28,0.6,0.26,0.13999999999999999,0.6,0.0,0.0,-0.0028741824611276854,-0.0028741824611276854,hold,False,False,False,False,0.5783395342833813,0.0672554403265826,0.3226503564570632,-0.0023195976087465597,-0.00584304325309648,0.0002626239280381082,0.78,0.78,0.9,0.92,1.0,251182560.1613972,265832869.05684894,30
2023-07-31,0.6,0.26,0.13999999999999999,0.6,0.0,0.0,-0.013671517694576456,-0.013671517694576456,hold,False,False,False,False,0.5447395248567325,0.06338549517276776,0.32848641004771106,-0.021944155335368976,-0.00200129143736405,0.00010936628828273065,0.78,0.78,0.9,0.92,1.0,247748513.34558162,262198530.28373823,30
2023-08-01,0.6,0.26,0.13999999999999999,0.6,0.0,0.0,-0.0028210749884596486,-0.0028210749884596486,hold,False,False,False,False,0.5142140536274956,0.06081825804950731,0.33758229560202596,-0.0016025542779931623,-0.007387771845654978,0.00043770184433244985,0.78,0.78,0.9,0.92,1.0,247049596.21115434,261458848.56794387,30
2023-08-02,0.6,0.26,0.13999999999999999,0.6,0.0,0.0,-1.3962399736104832e-05,-1.3962399736104832e-05,hold,False,False,False,False,0.5117204437975917,0.06678814931777535,0.36425184258335025,-0.0046817851490276174,0.010632754408254064,0.00021851816810292135,0.78,0.78,0.9,0.92,1.0,247046146.8059374,261455197.97498563,30
2023-08-03,0.6,0.26,0.13999999999999999,0.6,0.0,0.0,0.004450828378286898,0.004450828378286898,hold,False,False,False,False,0.5034058440718676,0.0768613155995493,0.38667180920677546,0.008466636498450475,-0.00241982123378226,0.0,0.78,0.78,0.9,0.92,1.0,248145706.8068877,262618890.18978333,30
2023-08-04,0.6,0.26,0.13999999999999999,0.6,0.0,0.0,-0.0037546359908633507,-0.0037546359908633507,hold,False,False,False,False,0.5042662623519917,0.08352333099918276,0.4055168298582638,-0.008502279291707104,0.005062047903227063,0.00021856520944196767,0.78,0.78,0.9,0.92,1.0,247214010.00513232,261632851.85279617,30
2023-08-07,0.6,0.26,0.13999999999999999,0.6,0.0,0.0,-0.006417905558294321,-0.006417905558294321,hold,False,False,False,False,0.5062702136483207,0.08431931962301711,0.4159507528874534,-0.01099479700672179,0.0006295247088448086,0.00010925872456502006,0.78,0.78,0.9,0.92,1.0,245627413.83623216,259953716.9186577,30
2023-08-08,0.6,0.26,0.13999999999999999,0.6,0.0,0.0,-0.0008047292066595471,-0.0008047292066595471,hold,False,False,False,False,0.508968997914077,0.08756558390743582,0.41917488052001145,0.0018484539241709896,-0.007654901204008913,0.0005462339420012619,0.78,0.78,0.9,0.92,1.0,245429750.28236192,259744524.57027355,30
2023-08-09,0.6,0.26,0.13999999999999999,0.6,0.0,0.0,-0.005183948525579092,-0.005183948525579092,hold,False,False,False,False,0.5108907091755279,0.09021432706276804,0.42100488526100693,-0.0063756071220393284,-0.005284015143708909,0.00010899775006301127,0.78,0.78,0.9,0.92,1.0,244157455.09025243,258398022.3251002,30
2023-08-10,0.6,0.26,0.13999999999999999,0.6,0.0,0.0,0.006334346461019709,0.006334346461019709,hold,False,False,False,False,0.5149431488021171,0.09114636651268068,0.4229190787253846,0.011222170797423603,-0.0015932838781036462,0.00010926993480353531,0.78,0.78,0.9,0.92,1.0,245704033.00183493,260034804.9233497,30
2023-08-11,0.6,0.26,0.13999999999999999,0.6,0.0,0.0,-0.006849548669715614,-0.006849548669715614,hold,False,False,False,False,0.501891887642738,0.09043458135784946,0.4229013902199966,-0.010611553509257132,-0.001915099763451611,0.00010935267382916614,0.78,0.78,0.9,0.92,1.0,244021071.26944342,258253683.8712072,30
2023-08-14,0.6,0.26,0.13999999999999999,0.68,0.0,0.0,-0.007320854946711116,-0.007320854946711116,hold,False,False,False,False,0.4849541291280066,0.08990587528194799,0.42139356140343937,-0.01058908465198527,-0.0038381799322090293,0.00021801876324567537,0.78,0.78,0.9,0.92,1.0,242234628.40273875,256363046.1121323,30
2023-08-15,0.6,0.26,0.13999999999999999,0.68,0.0,0.0,-0.006826622710588078,-0.006826622710588078,hold,False,False,False,False,0.46685252150025036,0.09009654134415454,0.42107878685117084,-0.010922968836836189,-0.0012843831105476822,0.00043641571611452434,0.78,0.78,0.9,0.92,1.0,240580983.98719373,254612952.31938767,30
2023-08-16,0.6,0.26,0.13999999999999999,0.68,0.0,0.0,4.26927291094526e-05,4.26927291094526e-05,hold,False,False,False,False,0.46724035412167064,0.09442201842462818,0.4256338807144439,-0.001254736075098073,0.003000808450221548,0.00010945840793352701,0.78,0.78,0.9,0.92,1.0,240591255.045972,254623822.44118884,30
2023-08-17,0.6,0.26,0.13999999999999999,0.68,0.0,0.0,0.008070835094950263,0.008070835094950263,hold,False,False,False,False,0.47621517345379705,0.09644678503845765,0.4274944932273272,0.016111301693302327,-0.006196982491380898,0.00010906804805643766,0.78,0.78,0.9,0.92,1.0,242533027.39073518,256678849.3233576,30
2023-08-18,0.68,0.20799999999999996,0.11199999999999997,0.68,0.16000000000000014,0.00016000000000000015,-0.0008701578139340393,-0.0010301578139340394,scheduled,False,False,False,False,0.49786580886744647,0.10196564947792666,0.43925286875140523,-0.0014291047447607674,0.0004298487010758745,0.0001091507382098289,0.78,0.78,0.9,0.92,1.0,242283180.09743154,256455498.21694726,30
2023-08-21,0.68,0.20799999999999996,0.11199999999999997,0.68,0.0,0.0,0.013004747127940766,0.013004747127940766,hold,False,False,False,False,0.4870560738168895,0.10623488281249917,0.4471180842486553,0.0157688541231622,0.010853469214273659,0.00021789935376381742,0.78,0.78,0.9,0.92,1.0,245434011.587952,259790637.12082878,30
2023-08-22,0.68,0.20799999999999996,0.11199999999999997,0.68,0.0,0.0,-0.015272904755500994,-0.015272904755500994,hold,False,False,False,False,0.46787852814217956,0.11322739207126692,0.4495567039205099,-0.021375829933825474,-0.003720812148971242,0.00032668327219953497,0.78,0.78,0.9,0.92,1.0,241685521.30520865,255822879.4637114,30
2023-08-23,0.68,0.20799999999999996,0.11199999999999997,0.68,0.0,0.0,0.005228836889897556,0.005228836889897556,hold,False,False,False,False,0.44316149927989057,0.11415104745776505,0.4454070039990444,0.0077514267849343454,-0.0003203395779999285,0.00021872596755523332,0.78,0.78,0.9,0.92,1.0,242949255.47476348,257160535.57313108,30
2023-08-24,0.68,0.20799999999999996,0.11199999999999997,0.68,0.0,0.0,0.005720192839888384,0.005720192839888384,hold,False,False,False,False,0.46218407323818955,0.12584582486311952,0.4438857899064727,0.007527188092281811,0.002775571289820533,0.00021773311476858126,0.78,0.78,0.9,0.92,1.0,244338972.06638643,258631543.4274184,30
2023-08-25,0.68,0.20799999999999996,0.11199999999999997,0.68,0.0,0.0,0.016322157482167664,0.016322157482167664,hold,False,False,False,False,0.4388501265709218,0.13474889237433674,0.44376103354028784,0.02183982213547364,0.007131303644217324,-0.00010922078528230461,0.78,0.78,0.9,0.92,1.0,248327111.24748495,262852968.20909682,30
2023-08-28,0.68,0.20799999999999996,0.11199999999999997,0.68,0.0,0.0,0.0037946366202013934,0.0037946366202013934,hold,False,False,False,False,0.41990434296910595,0.2054853952763435,0.4097201388051779,0.005576769968997697,-0.0001057343973389635,0.0002180874636559249,0.78,0.78,0.9,0.92,1.0,249269422.39761347,263850399.70799166,30
2023-08-29,0.68,0.20799999999999996,0.11199999999999997,0.68,0.0,0.0,0.0025298288716902634,0.0025298288716902634,hold,False,False,False,False,0.4062642679958391,0.24677582277284493,0.3793686240322085,0.00299842868904987,0.0020082721109937474,0.0006533639647290368,0.78,0.78,0.9,0.92,1.0,249900031.37922448,264517896.06697991,30
2023-08-30,0.68,0.20799999999999996,0.11199999999999997,0.68,0.0,0.0,-0.001972499890377018,-0.001972499890377018,hold,False,False,False,False,0.38038743614024284,0.284237892725598,0.3471214571915167,-0.0010581944589865833,-0.006112297782205678,0.00016455607529142213,0.78,0.78,0.9,0.92,1.0,249407103.5947237,263996134.54598504,30
2023-08-31,0.68,0.20799999999999996,0.11199999999999997,0.78,0.0,0.0,-0.0003727488910880364,-0.0003727488910880364,hold,True,False,False,False,0.3533846097355065,0.3341430696012133,0.3127123883914846,0.0012711620762451137,-0.006065246775049604,0.0002181448774607464,0.78,0.78,0.9,0.92,1.0,249314137.3734293,263897730.2795815,30
2023-09-01,0.78,0.143,0.07699999999999999,0.78,0.19999999999999996,0.00019999999999999996,-0.007237541449488748,-0.007437541449488748,scheduled,True,False,False,False,0.3347600634891523,0.3719642129291471,0.2870318712769354,-0.00880783469209867,-0.0025694432842782167,0.0,0.78,0.78,0.9,0.92,1.0,247459853.1427709,261987759.51825702,30
2023-09-05,0.78,0.143,0.07699999999999999,0.9,0.0,0.0,-0.005044945661257875,-0.005044945661257875,hold,True,True,False,False,0.3294275105743657,0.40087397976608385,0.26827050410272285,-0.00715154006207408,0.0034346290571645177,0.000546800415394566,0.78,0.78,0.9,0.92,1.0,246211431.63032272,260666045.5075727,30
2023-09-06,0.78,0.143,0.07699999999999999,0.9,0.0,0.0,0.001129068463878213,0.001129068463878213,hold,True,True,False,False,0.32659414788701013,0.42103708659773365,0.25713475475763814,0.0013975114892050833,0.00021392954743304493,0.00010931918201717572,0.78,0.78,0.9,0.92,1.0,246489421.19322282,260960355.31915915,30
2023-09-07,0.92,0.05199999999999998,0.027999999999999983,0.92,0.28,0.00028000000000000003,0.010751166793590682,0.010471166793590682,tier_force,True,True,True,False,0.3311348604456922,0.45274256878080055,0.24683782006768296,0.011782768632206952,-0.001711160539225265,0.0,0.78,0.78,0.9,0.92,1.0,249070453.0353927,263765983.6257101,30
2023-09-08,0.92,0.05199999999999998,0.027999999999999983,0.92,0.0,0.0,-0.010119783802630209,-0.010119783802630209,tier_force,True,True,True,False,0.3359419835579649,0.46999585824240403,0.24131060375537525,-0.011088447167335702,0.0013926728348374606,0.00032745013953894286,0.78,0.78,0.9,0.92,1.0,246549913.89905137,261096728.89692983,30
2023-09-11,0.92,0.05199999999999998,0.027999999999999983,0.92,0.0,0.0,0.003568694528040151,0.003568694528040151,tier_force,True,True,True,False,0.32092649027498477,0.4969290356644642,0.2204234950976559,0.0038091734161078694,0.0011767835521374614,0.0001093657324915398,0.78,0.78,0.9,0.92,1.0,247429775.22767168,262028503.3646335,30
2023-09-12,0.92,0.05199999999999998,0.027999999999999983,0.92,0.0,0.0,0.007415410105097814,0.007415410105097814,tier_force,True,True,True,False,0.3203316925823086,0.48854634515215045,0.232306407687831,0.008177091181495788,-0.002243815042582864,0.0003273071548570705,0.78,0.78,0.9,0.92,1.0,249264568.48319706,263971552.17630726,30
2023-09-13,1.0,0.0,0.0,1.0,0.15999999999999992,0.00015999999999999993,-0.01712291658822207,-0.01728291658822207,tier_force,True,True,True,True,0.31568043670500767,0.5211289529592356,0.21561512844672392,-0.01712291658822207,-0.0031054065890229188,0.00021844750545296776,0.78,0.78,0.9,0.92,1.0,244956549.7377028,259451589.30672884,30
2023-09-14,1.0,0.0,0.0,1.0,0.0,0.0,0.0010424659979426654,0.0010424659979426654,tier_force,True,True,True,True,0.30352063768688925,0.5369578995472053,0.19658585649548085,0.0010424659979426654,0.0009665021728175738,0.00010901146014763441,0.78,0.78,0.9,0.92,1.0,245211908.61177766,259722058.7666933,30
2023-09-15,1.0,0.0,0.0,1.0,0.0,0.0,-0.0021312242908432255,-0.0021312242908432255,tier_force,True,True,True,True,0.31412181961226526,0.5623963187295039,0.19704449783162353,-0.0021312242908432255,-0.003648811366156912,0.0001089995779446351,0.78,0.78,0.9,0.92,1.0,244689307.03574023,259168532.8061819,30
2023-09-18,1.0,0.0,0.0,1.0,0.0,0.0,-0.014410501594212088,-0.014410501594212088,tier_force,True,True,True,True,0.2952224011174445,0.5843975491496352,0.1851100820845505,-0.014410501594212088,-0.000753950265995118,0.00010927029391916143,0.78,0.78,0.9,0.92,1.0,241163211.38661504,255433784.2510088,30
2023-09-19,0.92,0.05199999999999998,0.027999999999999983,0.92,0.15999999999999992,0.00015999999999999993,-0.017230146319181558,-0.01739014631918156,tier_force,True,True,True,False,0.29398761577543653,0.4996599293215837,0.23135851905682794,-0.018324630682872933,-0.007437714663558359,0.0005455382702348466,0.78,0.78,0.9,0.92,1.0,236969347.85379806,251032622.77350172,30
2023-09-20,0.92,0.05199999999999998,0.027999999999999983,0.9,0.0,0.0,0.00033494304991167737,0.00033494304991167737,hold,True,True,False,False,0.28637347398055374,0.441451815491226,0.2755018721195321,0.00013977256450625752,0.003909513935361542,0.0001091987831114416,0.78,0.78,0.9,0.92,1.0,237048719.0899038,251116704.40580082,30
2023-09-21,0.92,0.05199999999999998,0.027999999999999983,0.92,0.0,0.0,0.003990337589870594,0.003990337589870594,tier_force,True,True,True,False,0.33053771725187286,0.49454094483971783,0.26090274665093904,0.0047497858273986004,-0.007355950494090879,0.00010871622702168793,0.78,0.78,0.9,0.92,1.0,237994623.50431898,252118744.83083573,30
2023-09-22,1.0,0.0,0.0,1.0,0.15999999999999992,0.00015999999999999993,-0.015016205768518032,-0.015176205768518032,tier_force,True,True,True,True,0.35377567724056236,0.5400233389779396,0.23686665657749886,-0.015016205768518032,-0.0003269902555617099,0.00010908087457450755,0.78,0.78,0.9,0.92,1.0,234382768.12621647,248332877.88035542,30
2023-09-25,1.0,0.0,0.0,1.0,0.0,0.0,0.0023431715410020537,0.0023431715410020537,tier_force,True,True,True,True,0.3694863011365174,0.5763376847384807,0.21836962283245567,0.0023431715410020537,-0.004469378339653773,0.000326736401173644,0.78,0.78,0.9,0.92,1.0,234931967.15819108,248914764.41249982,30
2023-09-26,1.0,0.0,0.0,1.0,0.0,0.0,0.008365294378630317,0.008365294378630317,tier_force,True,True,True,True,0.39823539740778796,0.590215902004009,0.21786972980147995,0.008365294378630317,0.0027375240408573642,0.00032681783010457544,0.78,0.78,0.9,0.92,1.0,236897242.22242007,250997009.6919978,30
2023-09-27,1.0,0.0,0.0,1.0,0.0,0.0,0.0007263397382322179,0.0007263397382322179,tier_force,True,True,True,True,0.4165919530163541,0.6005944933641315,0.2118572924297041,0.0007263397382322179,0.00021804661370472544,0.00010927986356756847,0.78,0.78,0.9,0.92,1.0,237069310.10332385,251179318.79431453,30
2023-09-28,1.0,0.0,0.0,1.0,0.0,0.0,0.008345720528453171,0.008345720528453171,tier_force,True,True,True,True,0.4197976978697132,0.6159558375715131,0.20155776565996913,0.008345720528453171,-0.008111463012362319,0.0001531819674827073,0.78,0.78,0.9,0.92,1.0,239047824.31131938,253275591.19149914,30
2023-09-29,1.0,0.0,0.0,1.0,0.0,0.0,-0.017549754095114056,-0.017549754095114056,tier_force,True,True,True,True,0.4135623056126946,0.6430432600386187,0.18448764877906174,-0.017549754095114056,-0.008277241920928491,0.00021869041485356178,0.78,0.78,0.9,0.92,1.0,234852593.7776837,248830666.84779373,30
2023-10-02,1.0,0.0,0.0,1.0,0.0,0.0,0.013608636491397874,0.013608636491397874,tier_force,True,True,True,True,0.34606805143381014,0.6721879230960679,0.16281490459815764,0.013608636491397874,0.00634297967712949,0.00010969729749854551,0.78,0.78,0.9,0.92,1.0,238048617.35546613,252216912.94083744,30
2023-10-03,1.0,0.0,0.0,1.0,0.0,0.0,-0.00294640528052581,-0.00294640528052581,tier_force,True,True,True,True,0.35186174249369545,0.6922321962478739,0.1498717029642271,-0.00294640528052581,0.0018800983292914797,0.0006551039411222259,0.78,0.78,0.9,0.92,1.0,237347229.6522681,251473779.69671068,30
2023-10-04,1.0,0.0,0.0,1.0,0.0,0.0,0.016755393140278185,0.016755393140278185,tier_force,True,True,True,True,0.3250718551555175,0.7169579109807875,0.1325981185307088,0.016755393140278185,-0.005849888128260483,0.0,0.78,0.78,0.9,0.92,1.0,241324075.79584774,255687321.74000078,30
2023-10-05,1.0,0.0,0.0,1.0,0.0,0.0,0.005099812446949459,0.005099812446949459,tier_force,True,True,True,True,0.3046847964770271,0.7266101015989884,0.12135390430102248,0.005099812446949459,0.012768006088783368,0.0001096134571134666,0.78,0.78,0.9,0.92,1.0,242554783.32134,256991279.12593758,30
2023-10-06,0.98,0.013000000000000012,0.007000000000000005,0.98,0.040000000000000036,4.000000000000004e-05,0.005401640274954387,0.0053616402749543865,tier_force,True,True,True,True,0.2690575698723401,0.7341160009343106,0.11302975892580672,0.0055380529593160865,-0.0019732019365675812,0.0,0.78,0.78,0.9,0.92,0.98,243855274.81647852,258379453.5695763,31
2023-10-09,0.98,0.013000000000000012,0.007000000000000005,0.98,0.0,0.0,0.007065705473594832,0.007065705473594832,tier_force,True,True,True,True,0.23619933163449208,0.7528928269053027,0.10280943282093793,0.007135491573265096,0.005491788931808017,0.00021863938307631336,0.78,0.78,0.9,0.92,0.98,245578284.36651427,260205086.68892726,31
2023-10-10,0.98,0.013000000000000012,0.007000000000000005,0.98,0.0,0.0,-0.00352742828994725,-0.00352742828994725,tier_force,True,True,True,True,0.20781710211429774,0.7638952509048051,0.09482211527376613,-0.003475013997754517,-0.009613146980765652,0.00043661980030429426,0.78,0.78,0.9,0.92,0.98,244712024.57884315,259287231.9049526,31
2023-10-11,0.98,0.013000000000000012,0.007000000000000005,0.98,0.0,0.0,-0.012233937755644119,-0.012233937755644119,tier_force,True,True,True,True,0.18386663236836925,0.7728582122755931,0.08840742869848435,-0.012570033991393337,0.006397441505964219,0.00021840233483083615,0.78,0.78,0.9,0.92,0.98,241718232.90208793,256115128.04899412,31
2023-10-12,0.98,0.013000000000000012,0.007000000000000005,0.98,0.0,0.0,0.011004066497169153,0.011004066497169153,tier_force,True,True,True,True,0.17128354023114095,0.7773861118314774,0.08566492167158266,0.011306368518867238,-0.005918401615690572,0.00010922424046233559,0.78,0.78,0.9,0.92,0.98,244378116.41052073,258933435.94897625,31
2023-10-13,0.98,0.013000000000000012,0.007000000000000005,0.98,0.0,0.0,-0.0033368498108431385,-0.0033368498108431385,tier_force,True,True,True,True,0.16466351103197968,0.7791563954564233,0.08441746143003204,-0.003275564709820933,-0.009812375492418313,0.00010921231183047553,0.78,0.78,0.9,0.92,0.98,243562663.33900204,258069413.96220893,31
2023-10-16,0.98,0.013000000000000012,0.007000000000000005,0.98,0.0,0.0,-0.012915569865200028,-0.012915569865200028,tier_force,True,True,True,True,0.15970089604267057,0.7807659750679556,0.08332177674384814,-0.013117895349560982,-0.004676577840322382,0.00010901275627506202,0.78,0.78,0.9,0.92,0.98,240416912.74409297,254736300.4161088,31
2023-10-17,0.98,0.013000000000000012,0.007000000000000005,0.98,0.0,0.0,-0.009230549000349326,-0.009230549000349326,tier_force,True,True,True,True,0.16129120118773413,0.7818725634166523,0.08262075593226412,-0.00935674657934149,-0.0049224618144495524,0.00043637871331125844,0.78,0.78,0.9,0.92,0.98,238197732.65049592,252384944.51295015,31
2023-10-18,0.98,0.013000000000000012,0.007000000000000005,0.98,0.0,0.0,-0.014542016898503462,-0.014542016898503462,tier_force,True,True,True,True,0.19419213516530717,0.7649247407230453,0.08956090135510524,-0.014917901852191107,0.00584622413032343,0.00021800042137365416,0.78,0.78,0.9,0.92,0.98,234733857.1971072,248714758.38491496,31
2023-10-19,0.98,0.013000000000000012,0.007000000000000005,0.98,0.0,0.0,0.0030190208435030112,0.0030190208435030112,tier_force,True,True,True,True,0.26060495997233185,0.7502480948183793,0.09601864927141546,0.003017583368939869,0.004694255574005268,0.00010911706855298853,0.78,0.78,0.9,0.92,0.98,235442523.6046611,249465633.42456588,31
2023-10-20,0.98,0.013000000000000012,0.007000000000000005,0.98,0.0,0.0,0.009557415523216565,0.009557415523216565,tier_force,True,True,True,True,0.3218562008795365,0.7349635396954965,0.106166461194903,0.009728071173795927,0.0017801062017406277,0.00010919889627558632,0.78,0.78,0.9,0.92,0.98,237692745.63458556,251849880.14196685,31
2023-10-23,0.98,0.013000000000000012,0.007000000000000005,0.98,0.0,0.0,-0.02409974602132239,-0.02409974602132239,tier_force,True,True,True,True,0.3887597685200888,0.713296058621311,0.12049774206484566,-0.024475977388454084,-0.008773066554874642,0.00010881208228363803,0.78,0.78,0.9,0.92,0.98,231964410.83368126,245780361.99504498,31
2023-10-24,0.98,0.013000000000000012,0.007000000000000005,0.98,0.0,0.0,-0.018583674242898775,-0.018583674242898775,tier_force,True,True,True,True,0.4134039852874665,0.7117136992538287,0.11877715893724139,-0.01906710417311097,0.007618118157132425,0.00043604438675082235,0.78,0.78,0.9,0.92,0.98,227653659.78680217,241212859.81242734,31
2023-10-25,0.98,0.013000000000000012,0.007000000000000005,0.98,0.0,0.0,0.0047277736224598755,0.0047277736224598755,tier_force,True,True,True,True,0.4793706956399373,0.7038734857427869,0.12686099672001375,0.004801279740447084,0.0015563880571771715,0.0003266331540614509,0.78,0.78,0.9,0.92,0.98,228729954.75459868,242353259.6084466,31
2023-10-26,0.98,0.013000000000000012,0.007000000000000005,0.98,0.0,0.0,0.010997471788436092,0.010997471788436092,tier_force,True,True,True,True,0.5308414886066982,0.6437905658000849,0.14592631404537398,0.011265306488538407,-0.003330321532891256,0.00010937279943434852,0.78,0.78,0.9,0.92,0.98,231245405.97918263,245018532.743826,31
2023-10-27,0.98,0.013000000000000012,0.007000000000000005,0.98,0.0,0.0,0.004659154377213937,0.004659154377213937,tier_force,True,True,True,True,0.5640521898619584,0.6118187488357671,0.1584760465443823,0.004782314659807829,-0.0021164607229027244,0.0,0.78,0.78,0.9,0.92,0.98,232322814.02466115,246160111.9131579,31
2023-10-30,0.92,0.05199999999999998,0.027999999999999983,0.92,0.11999999999999988,0.00011999999999999988,0.01657579145956815,0.016455791459568152,tier_force,True,True,True,False,0.5896847534740158,0.59242675216346,0.16333838882775484,0.01735683274346478,0.01151783175371035,0.00030636015670060246,0.78,0.78,0.9,0.92,0.98,236145869.80355102,250240410.59389436,31
2023-10-31,0.92,0.05199999999999998,0.027999999999999983,0.92,0.0,0.0,0.017032428725181386,0.017032428725181386,tier_force,True,True,True,False,0.6026528126421712,0.6236182960503188,0.1487454190809409,0.01815325367120879,0.006196999771612699,0.00032826284090847757,0.78,0.78,0.9,0.92,0.98,240168007.49972594,254502612.55149496,31
2023-11-01,0.98,0.013000000000000012,0.007000000000000005,0.98,0.11999999999999988,0.00011999999999999988,0.011614823197480405,0.011494823197480405,tier_force,True,True,True,True,0.5311191282364087,0.6463673140769635,0.138164310038875,0.011748964668825579,0.007698057442524275,0.00010901075407465655,0.78,0.78,0.9,0.92,0.98,242928696.28362638,257458615.39957744,31
2023-11-02,0.98,0.013000000000000012,0.007000000000000005,0.98,0.0,0.0,0.003923240746214158,0.003923240746214158,tier_force,True,True,True,True,0.43399874189439097,0.6726204000448308,0.12393102144309914,0.00407925157597111,-0.005783803482350192,0.00010909243328893758,0.78,0.78,0.9,0.92,0.98,243881764.043311,258468687.52997696,31
2023-11-03,0.98,0.013000000000000012,0.007000000000000005,0.98,0.0,0.0,0.009339203428294912,0.009339203428294912,tier_force,True,True,True,True,0.35715188258471103,0.6927897238955387,0.11313813213703122,0.009452516879524309,0.0057080400026043865,0.00021890947531888472,0.78,0.78,0.9,0.92,0.98,246159425.4501629,260882579.1826638,31
2023-11-06,0.98,0.013000000000000012,0.007000000000000005,0.98,0.0,0.0,0.0006844067298120331,0.0006844067298120331,tier_force,True,True,True,True,0.29248043018268055,0.708764686623623,0.10524016413219704,0.0006440281760249356,0.004038031635399175,0.00010924372105813873,0.78,0.78,0.9,0.92,0.98,246327898.61754763,261061128.9755471,31
2023-11-07,0.98,0.013000000000000012,0.007000000000000005,0.98,0.0,0.0,-0.007666569853298771,-0.007666569853298771,tier_force,True,True,True,True,0.24474793192138156,0.7207391446464877,0.09910492823346903,-0.007695709422130381,-0.009892133245922086,0.0005461589408557455,0.78,0.78,0.9,0.92,0.98,244439408.57597992,259059685.59427506,31
2023-11-08,0.98,0.013000000000000012,0.007000000000000005,0.98,0.0,0.0,0.02204788080965467,0.02204788080965467,tier_force,True,True,True,True,0.21228507974289268,0.7302329905993781,0.09422533594099111,0.022482495611663156,0.0010976612703541555,0.0001093591014533768,0.78,0.78,0.9,0.92,0.98,249828779.5214456,264771402.66484427,31
2023-11-09,0.98,0.013000000000000012,0.007000000000000005,0.98,0.0,0.0,-0.003062744761084015,-0.003062744761084015,tier_force,True,True,True,True,0.19841961650954493,0.7365404196289157,0.09148673258629746,-0.003118760157169831,-0.0005480448344106215,0.00010925368425107607,0.78,0.78,0.9,0.92,0.98,249063617.73579827,263960475.43844765,31
2023-11-10,0.98,0.013000000000000012,0.007000000000000005,0.98,0.0,0.0,0.021292113456500433,0.021292113456500433,tier_force,True,True,True,True,0.1939610375196249,0.7309788575792817,0.09272826269939027,0.021526445138010164,0.015033372099275244,0.000109054851413104,0.78,0.78,0.9,0.92,0.98,254366708.54251537,269580751.82951486,31
2023-11-13,0.98,0.013000000000000012,0.007000000000000005,0.98,0.0,0.0,0.0006380908241405873,0.0006380908241405873,tier_force,True,True,True,True,0.1831174951590978,0.726746806018489,0.09588615997691133,0.0007528074751548264,-0.007783723929953412,0.0002182727968931264,0.78,0.78,0.9,0.92,0.98,254529017.6052032,269752768.8336222,31
2023-11-14,0.98,0.013000000000000012,0.007000000000000005,0.98,0.0,0.0,0.0009395984715839413,0.0009395984715839413,tier_force,True,True,True,True,0.1932253933919879,0.7176953918065229,0.09846743463896385,0.000855929348762885,0.007517889038188397,0.0004364503285521071,0.78,0.78,0.9,0.92,0.98,254768172.6811188,270006228.1229238,31
2023-11-15,0.98,0.013000000000000012,0.007000000000000005,0.98,0.0,0.0,0.00023826388940802003,0.00023826388940802003,tier_force,True,True,True,True,0.178967426491783,0.7025287038929997,0.10762228486858134,0.0002329584251463679,0.0006490053378489513,0.000218223338934731,0.78,0.78,0.9,0.92,0.98,254828874.7368392,270070560.85700077,31
2023-11-16,0.98,0.013000000000000012,0.007000000000000005,0.98,0.0,0.0,0.011949725812313225,0.011949725812313225,tier_force,True,True,True,True,0.15752235336080636,0.6996603744745138,0.11604213063935923,0.012174959087330128,0.0014050697484384589,0.0,0.78,0.78,0.9,0.92,0.98,257874009.9190047,273297830.0092196,31
2023-11-17,0.98,0.013000000000000012,0.007000000000000005,0.98,0.0,0.0,-0.0056742434347864515,-0.0056742434347864515,tier_force,True,True,True,True,0.14276927426811642,0.6853221557443406,0.13237329937045808,-0.005809557575882973,0.001294805475850147,0.00032721691325865443,0.78,0.78,0.9,0.92,0.98,256410770.01121974,271747071.5915484,31
2023-11-20,0.98,0.013000000000000012,0.007000000000000005,0.98,0.0,0.0,0.004009931768410064,0.004009931768410064,tier_force,True,True,True,True,0.13073477793750604,0.5858117485909798,0.1828795447401081,0.004092941511605108,-0.0003234636381475031,0.0004363020475679491,0.78,0.78,0.9,0.92,0.98,257438959.70365024,272836758.80689573,31
2023-11-21,0.98,0.013000000000000012,0.007000000000000005,0.98,0.0,0.0,-0.0014481756397497617,-0.0014481756397497617,tier_force,True,True,True,True,0.1228930049502659,0.5030638439602236,0.21184244851158082,-0.0014098609274940666,-0.0051749218194037105,0.00010886469238169383,0.78,0.78,0.9,0.92,0.98,257066142.87348494,272441643.2591633,31
2023-11-22,0.98,0.013000000000000012,0.007000000000000005,0.9,0.0,0.0,-0.0007562206670819848,-0.0007562206670819848,hold,True,True,False,False,0.11466187599031688,0.43508080264711396,0.23692152722764548,-0.0008730642503725905,0.007586078655930528,0.000109039393722421,0.78,0.78,0.9,0.92,0.98,256871744.14343694,272235617.257957,31
2023-11-24,0.98,0.013000000000000012,0.007000000000000005,0.9,0.0,0.0,0.0026275228529761916,0.0026275228529761916,hold,True,True,False,False,0.11173290107569517,0.3843514138182612,0.2483310388128499,0.0026210835552253897,0.004410402818354919,0.00021796174524224554,0.78,0.78,0.9,0.92,0.98,257546680.52145767,272950922.5636963,31
2023-11-27,0.98,0.013000000000000012,0.007000000000000005,0.78,0.0,0.0,-0.0008855619569644121,-0.0008855619569644121,hold,True,False,False,False,0.11078700046182738,0.3482781958320735,0.2540590961446362,-0.0009740165159736192,0.005247015574019853,0.00010900374678235458,0.78,0.78,0.9,0.92,0.98,257318606.9790454,272709207.6105556,31
2023-11-28,0.78,0.143,0.07699999999999999,0.78,0.3999999999999999,0.0003999999999999999,-0.002628048647046865,-0.0030280486470468646,scheduled,True,False,False,False,0.10958909957066973,0.3222916463414113,0.2514793947655653,-0.0025139682115429274,-0.00490000978697025,0.0004356877596540798,0.78,0.78,0.9,0.92,0.98,256539433.71932253,271992514.54645747,31
2023-11-29,0.78,0.143,0.07699999999999999,0.78,0.0,0.0,0.003591921809831349,0.003591921809831349,hold,False,False,False,False,0.10732655185055584,0.30300958320529525,0.24708994980287488,0.0028547676012871115,0.009435019753856855,0.00020773059773859792,0.78,0.78,0.9,0.92,0.98,257460903.30638075,272969490.3915677,31
2023-11-30,0.78,0.143,0.07699999999999999,0.78,0.0,0.0,-0.007834169559016611,-0.007834169559016611,hold,False,False,False,False,0.11145541310378798,0.28113896970571306,0.24839892529673954,-0.009283512983868425,-0.004147058962232442,0.0,0.78,0.78,0.9,0.92,0.98,255443910.93506098,270831001.1194018,31
2023-12-01,0.78,0.143,0.07699999999999999,0.78,0.0,0.0,0.0029831776018634814,0.0029831776018634814,hold,False,False,False,False,0.11060684483549661,0.2593873200418976,0.24512993722705456,0.002510944293834916,0.007047469790814054,0.00021886847514074326,0.78,0.78,0.9,0.92,0.98,256205945.48869488,271638938.09583145,31
2023-12-04,0.78,0.143,0.07699999999999999,0.78,0.0,0.0,-0.0039116797596312125,-0.0039116797596312125,hold,False,False,False,False,0.11845066788644841,0.24884098928573378,0.2504189553800462,-0.00578381834372077,0.004135008630682613,0.00010899109458928358,0.78,0.78,0.9,0.92,0.98,255203749.87742954,270576373.55975425,31
2023-12-05,0.78,0.143,0.07699999999999999,0.78,0.0,0.0,0.010720706459744697,0.010720706459744697,hold,False,False,False,False,0.12512540420779028,0.2360443308804491,0.2565679398730787,0.013972293340218656,-0.0014781611389148575,0.0004375934706359885,0.78,0.78,0.9,0.92,0.98,257939714.3672916,273477143.4356306,31
2023-12-06,0.78,0.143,0.07699999999999999,0.78,0.0,0.0,0.002570361362656347,0.002570361362656347,hold,False,False,False,False,0.13230727175912588,0.2273167103417889,0.27850664424061516,0.004456414311834189,-0.006450921539361554,0.00021870103317378486,0.78,0.78,0.9,0.92,0.98,258602712.6429959,274180078.51868725,31
2023-12-07,0.78,0.143,0.07699999999999999,0.78,0.0,0.0,0.006694963343552482,0.006694963343552482,hold,False,False,False,False,0.13279271366105475,0.2143328474925766,0.28388428213764616,0.008542223487923994,0.00010634307969747958,0.00021846704642891623,0.78,0.78,0.9,0.92,0.98,260334048.324684,276015704.0939022,31
2023-12-08,0.78,0.143,0.07699999999999999,0.78,0.0,0.0,0.006516553311440853,0.006516553311440853,hold,False,False,False,False,0.12922094104368984,0.2096509078869107,0.2768754397360748,0.007964329501228606,0.002128505597779995,0.0,0.78,0.78,0.9,0.92,0.98,262030529.02937505,277814375.144425,31
2023-12-11,0.78,0.143,0.07699999999999999,0.78,0.0,0.0,0.012053999648751276,0.012053999648751276,hold,False,False,False,False,0.12171664964541419,0.20104057884154325,0.26535197917738707,0.012717223829525226,0.014868248255161864,0.00010916313290199042,0.78,0.78,0.9,0.92,0.98,265189044.93425724,281163149.5248339,31
2023-12-12,0.78,0.143,0.07699999999999999,0.78,0.0,0.0,0.0005462021569202617,0.0005462021569202617,hold,False,False,False,False,0.11430256576377619,0.18555305372004124,0.2478428572590248,-0.0008669172014675874,0.008312889326008488,0.000437070135659301,0.78,0.78,0.9,0.92,0.98,265333891.76259196,281316721.4435509,31
2023-12-13,0.78,0.143,0.07699999999999999,0.78,0.0,0.0,0.0036766155523621754,0.0036766155523621754,hold,False,False,False,False,0.10669556100695185,0.16746702933449525,0.23564319054273727,0.004834026460500018,-0.0008331631228142289,0.0003274966199298124,0.78,0.78,0.9,0.92,0.98,266309422.47561505,282351014.8767498,31
2023-12-14,0.78,0.143,0.07699999999999999,0.78,0.0,0.0,0.004609547486855592,0.004609547486855592,hold,False,False,False,False,0.10012834734863676,0.15545689464101625,0.22964248699856127,0.006298831396995608,-0.002187551442528912,0.00012050459065782171,0.78,0.78,0.9,0.92,0.98,267536988.40471348,283652525.28778607,31
2023-12-15,0.78,0.143,0.07699999999999999,0.78,0.0,0.0,0.004254028246560248,0.004254028246560248,hold,False,False,False,False,0.09597947768603741,0.1434816586044608,0.23809478050031138,0.005109361521154598,0.0018792046158018216,0.0,0.78,0.78,0.9,0.92,0.98,268675098.3103868,284859191.1425684,31
2023-12-18,0.78,0.143,0.07699999999999999,0.78,0.0,0.0,-0.010873266254968523,-0.010873266254968523,hold,False,False,False,False,0.09281985543470814,0.13345934667787046,0.24517402051749837,-0.01485967648979214,0.004897859608833821,0.00021931796111829271,0.78,0.78,0.9,0.92,0.98,265753722.43037814,281761841.3121003,31
2023-12-19,0.78,0.143,0.07699999999999999,0.78,0.0,0.0,0.008903779124293638,0.008903779124293638,hold,False,False,False,False,0.09434002000690425,0.12678757782195016,0.24987123387792864,0.011635338190190359,-0.0015552462828004598,0.0006573448621509659,0.78,0.78,0.9,0.92,0.98,268119934.87635708,284270586.5127975,31
2023-12-20,0.78,0.143,0.07699999999999999,0.78,0.0,0.0,0.001041750162340312,0.001041750162340312,hold,False,False,False,False,0.09589312185422276,0.12745862834321173,0.2525917861979236,0.001496104193799086,-0.0009347226186583457,0.00010979513824893594,0.78,0.78,0.9,0.92,0.98,268399248.8620412,284566725.44244576,31
2023-12-21,0.78,0.143,0.07699999999999999,0.78,0.0,0.0,0.004881012104628521,0.004881012104628521,hold,False,False,False,False,0.0959254873698629,0.12159728533170111,0.25446365852944525,0.006121783227369004,0.0006235290495237855,0.00021891601556878193,0.78,0.78,0.9,0.92,0.98,269709308.84461004,285955699.0739049,31
2023-12-22,0.78,0.143,0.07699999999999999,0.78,0.0,0.0,0.002702118633167009,0.002702118633167009,hold,False,False,False,False,0.09209977205139971,0.11626060872493736,0.2532762070575523,0.002035676088577132,0.007792246741796127,0.0,0.78,0.78,0.9,0.92,0.98,270438095.39357764,286728385.29663277,31
2023-12-26,0.78,0.143,0.07699999999999999,0.78,0.0,0.0,-0.0008740649907099787,-0.0008740649907099787,hold,False,False,False,False,0.08904452344806921,0.11237986062573717,0.25079365332439696,-0.00048611326431546864,-0.0038145218632309463,0.0006568828817936634,0.78,0.78,0.9,0.92,0.98,270201714.92223984,286477766.0532022,31
2023-12-27,0.78,0.143,0.07699999999999999,0.78,0.0,0.0,-0.0037307701576855187,-0.0037307701576855187,hold,False,False,False,False,0.08715027632960626,0.10941875028028622,0.249180083588543,-0.0043277235244375545,-0.0024835371232463377,0.0,0.78,0.78,0.9,0.92,0.98,269193654.42765254,285408983.3527705,31
2023-12-28,0.78,0.143,0.07699999999999999,0.78,0.0,0.0,-0.01372499930411905,-0.01372499930411905,hold,False,False,False,False,0.0887583139363598,0.10790300881351156,0.24884704817488187,-0.016922265786220136,-0.0037347104852847313,0.00010950140945942266,0.78,0.78,0.9,0.92,0.98,265498971.7079597,281491745.2548644,31
2023-12-29,0.78,0.143,0.07699999999999999,0.78,0.0,0.0,-0.007885757394932287,-0.007885757394932287,hold,False,False,False,False,0.0930196085254603,0.10775894014306303,0.2366178519396394,-0.010581412926954803,0.002394973500821962,0.0003280971100638741,0.78,0.78,0.9,0.92,0.98,263405311.22846675,279271969.6431085,31
2024-01-02,0.78,0.143,0.07699999999999999,0.78,0.0,0.0,-0.004850575816731477,-0.004850575816731477,hold,False,False,False,False,0.09878481765689354,0.11462895531341681,0.2457643924128138,-0.005146414068705862,-0.006025520708924814,0.0003282677692901803,0.78,0.78,0.9,0.92,0.98,262127643.7958233,277917339.7808667,31
2024-01-03,0.78,0.143,0.07699999999999999,0.78,0.0,0.0,0.00041032639267658653,0.00041032639267658653,hold,False,False,False,False,0.10539337715209947,0.12733883941744503,0.2579157936135099,0.001185909844345856,-0.003658051051925071,0.00010932486379355844,0.78,0.78,0.9,0.92,0.98,262235201.6863229,278031376.6003612,31
2024-01-04,0.78,0.143,0.07699999999999999,0.78,0.0,0.0,0.01660944594944156,0.01660944594944156,hold,False,False,False,False,0.11668385301307907,0.13436144204839082,0.2773387701694405,0.02066794814153705,0.003356948133497184,0.00010912747990343696,0.78,0.78,0.9,0.92,0.98,266590783.09477273,282649323.7222538,31
2024-01-05,0.78,0.143,0.07699999999999999,0.78,0.0,0.0,0.001489635240080194,0.001489635240080194,hold,False,False,False,False,0.12504793198239855,0.1331329091831207,0.2825966494613821,0.001975675473198546,-0.0004182363978533221,0.00010930098543315836,0.78,0.78,0.9,0.92,0.98,266987906.11995128,283070368.11545527,31
2024-01-08,0.78,0.143,0.07699999999999999,0.78,0.0,0.0,0.005078924334823083,0.005078924334823083,hold,False,False,False,False,0.12499379155287185,0.11840337687305995,0.27927949975356625,0.006777465107445035,-0.0015689336478065252,0.00021894886561413252,0.78,0.78,0.9,0.92,0.98,268343917.49344733,284508061.09654415,32
2024-01-09,0.78,0.143,0.07699999999999999,0.78,0.0,0.0,0.0024289438689587836,0.0024289438689587836,hold,False,False,False,False,0.12347857169619977,0.10591572521460424,0.2745316836497935,0.0020806433840614424,0.0053425820393979695,0.0005461402306097263,0.78,0.78,0.9,0.92,0.98,268995709.8066155,285199115.207214,32
2024-01-10,0.78,0.143,0.07699999999999999,0.78,0.0,0.0,0.0008045468133051734,0.0008045468133051734,hold,False,False,False,False,0.1222756622345133,0.0952041399024154,0.26969908518147195,0.0005131941847551502,0.0027092548371261405,0.00021859620113140465,0.78,0.78,0.9,0.92,0.98,269212129.4477331,285428571.24651134,32
2024-01-11,0.78,0.143,0.07699999999999999,0.78,0.0,0.0,-0.001226974674680216,-0.001226974674680216,hold,False,False,False,False,0.12320487988076236,0.08785447589404272,0.2723623229685539,-9.775860488814292e-05,-0.008105803823161617,0.00010918160837203317,0.78,0.78,0.9,0.92,0.98,268881812.982784,285078357.61816174,32
2024-01-12,0.78,0.143,0.07699999999999999,0.78,0.0,0.0,-0.004847359312215373,-0.004847359312215373,hold,False,False,False,False,0.11728493425683398,0.08024469081078611,0.280837780079976,-0.005640679823676331,-0.0032478404325978483,0.00021833937809945247,0.78,0.78,0.9,0.92,0.98,267578446.22273654,283696480.38665026,32
2024-01-16,0.78,0.143,0.07699999999999999,0.78,0.0,0.0,0.010789381734868415,0.010789381734868415,hold,False,False,False,False,0.11738805391591951,0.07423792000945267,0.28849946872411525,0.014194060166707212,-0.002207007828616603,0.0004365834328436957,0.78,0.78,0.9,0.92,0.98,270465452.2230566,286757390.0103804,32
2024-01-17,0.78,0.143,0.07699999999999999,0.78,0.0,0.0,0.015491677255531877,0.015491677255531877,hold,False,False,False,False,0.11612699129210535,0.07221868746422805,0.31406843975546916,0.019831061394341987,0.00010528622076688698,0.00010900569318783582,0.78,0.78,0.9,0.92,0.98,274655415.71766764,291199742.94705987,32
2024-01-18,0.78,0.143,0.07699999999999999,0.78,0.0,0.0,0.0014637282967185643,0.0014637282967185643,hold,False,False,False,False,0.11357263902594614,0.0697481268881286,0.33051932592242067,0.0013057757582093377,0.0030545607289469423,0.00010936391007621005,0.78,0.78,0.9,0.92,0.98,275057436.62150055,291625980.25080866,32
2024-01-19,0.78,0.143,0.07699999999999999,0.78,0.0,0.0,0.0028847782728738027,0.0028847782728738027,hold,False,False,False,False,0.11477083185516274,0.06856462304700345,0.32987500017066834,0.004149709213419506,-0.002520135634915821,0.00010888937921493813,0.78,0.78,0.9,0.92,0.98,275850916.33845866,292467256.54244167,32
2024-01-22,0.78,0.143,0.07699999999999999,0.78,0.0,0.0,0.003930324802294358,0.003930324802294358,hold,False,False,False,False,0.11181051950307545,0.06683233589615604,0.32659602704905094,0.00554920674291326,-0.002842337567504627,0.00010906253214515438,0.78,0.78,0.9,0.92,0.98,276935100.0366793,293616747.8546894,32
2024-01-23,0.78,0.143,0.07699999999999999,0.78,0.0,0.0,0.0016134058048419436,0.0016134058048419436,hold,False,False,False,False,0.1073895299483229,0.06458694908981273,0.32255460457952834,0.0012210718211649318,0.004328419036623288,0.0005455306765735912,0.78,0.78,0.9,0.92,0.98,277381908.73464304,294090470.820077,32
2024-01-24,0.78,0.143,0.07699999999999999,0.78,0.0,0.0,-0.004893998076216114,-0.004893998076216114,hold,False,False,False,False,0.10685135575375626,0.0632402430178045,0.320402801543284,-0.005957484672974522,-0.0017869798313155938,0.00010880629327458813,0.78,0.78,0.9,0.92,0.98,276024402.2069185,292651192.62165004,32
2024-01-25,0.78,0.143,0.07699999999999999,0.78,0.0,0.0,0.008854254871372803,0.008854254871372803,hold,False,False,False,False,0.1056752816009646,0.06231403712247738,0.32069173055174927,0.010240402565720785,0.006002493563799227,0.00010888688944543645,0.78,0.78,0.9,0.92,0.98,278468392.61477685,295242400.86953336,32
2024-01-26,0.78,0.143,0.07699999999999999,0.78,0.0,0.0,-0.004989123570103934,-0.004989123570103934,hold,False,False,False,False,0.1143725110343192,0.06079707822583538,0.3457734440532935,-0.006656594670510385,0.0013609976364195031,0.00010905988163867342,0.78,0.78,0.9,0.92,0.98,277079079.3936535,293769400.0484611,32
2024-01-29,0.78,0.143,0.07699999999999999,0.78,0.0,0.0,-0.014072791428502502,-0.014072791428502502,hold,False,False,False,False,0.14226148059599802,0.059111617392273844,0.3615108572496923,-0.01958597725587985,0.008362805956528163,0.00010895557532797362,0.78,0.78,0.9,0.92,0.98,273179803.30014515,289635244.5535028,32
2024-01-30,0.78,0.143,0.07699999999999999,0.78,0.0,0.0,0.010109272369463402,0.010109272369463402,hold,False,False,False,False,0.16519477110827868,0.05843636154880371,0.3814675669193257,0.011775355741963978,0.0061938803116721175,0.0005035065735374822,0.78,0.78,0.9,0.92,0.98,275941452.3375427,292563246.12849027,32
2024-01-31,0.78,0.143,0.07699999999999999,0.78,0.0,0.0,0.011338195852496572,0.011338195852496572,hold,False,False,False,False,0.18311864839289266,0.05945667324921803,0.40589236975543747,0.01690049175691688,-0.01301413013047048,0.00021860897089198694,0.78,0.78,0.9,0.92,0.98,279070130.5679681,295880385.51233727,32
2024-02-01,0.78,0.143,0.07699999999999999,0.78,0.0,0.0,-0.0024097921438358434,-0.0024097921438358434,hold,False,False,False,False,0.1988740388772911,0.059120206419967236,0.4202211339795078,-0.0013052752679069135,-0.009732010034045113,0.0,0.78,0.78,0.9,0.92,0.98,278397629.55974615,295167375.2838145,32
2024-02-02,0.78,0.143,0.07699999999999999,0.78,0.0,0.0,-0.0007780935833478827,-0.0007780935833478827,hold,False,False,False,False,0.20956354638353186,0.05915692052643347,0.4351324102422325,-0.0020072682174120393,0.005389536747500978,0.0002191152122190676,0.78,0.78,0.9,0.92,0.98,278181010.15056646,294937707.4430926,32
2024-02-05,0.78,0.143,0.07699999999999999,0.78,0.0,0.0,0.007779266065242318,0.007779266065242318,hold,False,False,False,False,0.21594151538174744,0.06406744640406399,0.41133780695644695,0.010290257140466608,-0.0017869692605946286,0.0001091181810830566,0.78,0.78,0.9,0.92,0.98,280345054.24282557,297232106.34196496,32
2024-02-06,0.78,0.143,0.07699999999999999,0.78,0.0,0.0,0.0010113661242565103,0.0010113661242565103,hold,False,False,False,False,0.21542740171075908,0.06527730603407507,0.38659171593411856,0.0018517953024586031,-0.0032638058443892337,0.0004375327803436413,0.78,0.78,0.9,0.92,0.98,280628585.7337896,297532716.8253606,32
2024-02-07,0.78,0.143,0.07699999999999999,0.78,0.0,0.0,0.00742925083880614,0.00742925083880614,hold,False,False,False,False,0.2197447888919789,0.06720402600602218,0.3720462354163672,0.009843186715816632,-0.0017960301298385328,0.0001090585589100801,0.78,0.78,0.9,0.92,0.98,282713445.88974535,299743162.0114077,32
2024-02-08,0.78,0.143,0.07699999999999999,0.78,0.0,0.0,-0.0028988250586219153,-0.0028988250586219153,hold,False,False,False,False,0.22334753855087447,0.06869760622451114,0.3617841697579667,-0.003912638567608928,0.0009524777545271146,0.00021855461319053582,0.78,0.78,0.9,0.92,0.98,281893909.0683908,298874259.0222184,32
2024-02-09,0.78,0.143,0.07699999999999999,0.78,0.0,0.0,-0.013738091827716141,-0.013738091827716141,hold,False,False,False,False,0.21609010162963038,0.06601190829713703,0.38699246665798187,-0.015596996882474068,-0.01099604377193264,0.0,0.78,0.78,0.9,0.92,0.98,278021224.65993536,294768297.0068306,32
2024-02-12,0.78,0.143,0.07699999999999999,0.78,0.0,0.0,0.009051694371501951,0.009051694371501951,hold,False,False,False,False,0.22467169119427777,0.0697698054410169,0.3823504997853847,0.010897187654179241,0.0037417487788713455,0.0002184146216044347,0.78,0.78,0.9,0.92,0.98,280537787.8143478,297436449.54174453,32
2024-02-13,0.78,0.143,0.07699999999999999,0.78,0.0,0.0,0.002760647675804788,0.002760647675804788,hold,False,False,False,False,0.2335675867535932,0.07449398986007703,0.38498528499834694,0.002977679526492194,0.002769235733130815,0.0005461939649762382,0.78,0.78,0.9,0.92,0.98,281312253.8062529,298257566.78487164,32
2024-02-14,0.78,0.143,0.07699999999999999,0.78,0.0,0.0,-0.007678611910931335,-0.007678611910931335,hold,False,False,False,False,0.24299491175549204,0.07532292797722231,0.37572307903656826,-0.009067558655123542,-0.004354842830084804,0.000218524217755256,0.78,0.78,0.9,0.92,0.98,279152166.18348527,295967362.6800319,32
2024-02-15,0.78,0.143,0.07699999999999999,0.78,0.0,0.0,-0.0056351483819799715,-0.0056351483819799715,hold,False,False,False,False,0.23081854789359102,0.0747429475373966,0.3640036616114647,-0.007548203827979272,0.001706940373747745,0.00010854714802510657,0.78,0.78,0.9,0.92,0.98,277579102.3058902,294299542.67510664,32
2024-02-16,0.78,0.143,0.07699999999999999,0.78,0.0,0.0,-0.003569764706023906,-0.003569764706023906,hold,False,False,False,False,0.2319295211427117,0.07501846237320955,0.3690005966862352,-0.004001728742189736,-0.003194815687869168,0.00010964099025168039,0.78,0.78,0.9,0.92,0.98,276588210.22334886,293248962.55466604,32
2024-02-20,0.78,0.143,0.07699999999999999,0.74,0.0,0.0,0.022892297837376438,0.022892297837376438,hold,False,False,False,False,0.2554839673483897,0.07166538702557594,0.41732146952732,0.02927572483045604,0.00010660992185385076,0.0005452889713717379,0.78,0.78,0.9,0.92,0.98,282919949.91008866,299962105.14596915,32
2024-02-21,0.78,0.143,0.07699999999999999,0.74,0.0,0.0,-0.0016316549024801201,-0.0016316549024801201,hold,False,False,False,False,0.27588870323036074,0.06868829393773719,0.4542307003609821,-0.002944783043601129,0.004593428745710115,0.0001092929986001856,0.78,0.78,0.9,0.92,0.98,282458322.18680847,299472670.5065495,32
2024-02-22,0.78,0.143,0.07699999999999999,0.74,0.0,0.0,-0.0006236445754657084,-0.0006236445754657084,hold,False,False,False,False,0.28580497239778907,0.06555120968901867,0.4798810748561962,-0.0005266569695581147,-0.0014884764979746778,0.0,0.78,0.78,0.9,0.92,0.98,282282168.5863815,299285906.00008786,32
2024-02-23,0.78,0.143,0.07699999999999999,0.74,0.0,0.0,0.0015731638523052152,0.0015731638523052152,hold,False,False,False,False,0.29569130901061347,0.06334787403347507,0.4953994942495373,0.002405385856373732,-0.002236530518440083,0.00021800972039787148,0.78,0.78,0.9,0.92,0.98,282726244.69015193,299756731.76891166,32
2024-02-26,0.78,0.143,0.07699999999999999,0.74,0.0,0.0,-0.0036259385521391274,-0.0036259385521391274,hold,False,False,False,False,0.3017026444044922,0.06180770889700586,0.5058052101692305,-0.005324685969332776,0.00362889543074707,0.0001088890564104883,0.78,0.78,0.9,0.92,0.98,281701096.69982845,298669832.27892756,32
2024-02-27,0.78,0.143,0.07699999999999999,0.74,0.0,0.0,0.007006835264376407,0.007006835264376407,hold,False,False,False,False,0.3025691687887322,0.060659560382468176,0.5128822748241032,0.008569589695937907,0.0020209285101295826,0.0004358769428092213,0.78,0.78,0.9,0.92,0.98,283674929.87819827,300762562.5921449,32
2024-02-28,0.78,0.143,0.07699999999999999,0.74,0.0,0.0,0.012418190988752275,0.012418190988752275,hold,False,False,False,False,0.31361625901053924,0.05938411106063028,0.522438544614752,0.015056830017193379,0.004565013750866154,0.00027359232425427926,0.78,0.78,0.9,0.92,0.98,287197659.33614665,304497489.5366807,32
2024-02-29,0.78,0.143,0.07699999999999999,0.74,0.0,0.0,-0.0030928259409710632,-0.0030928259409710632,hold,False,False,False,False,0.30354477622501985,0.0583976355139627,0.5300107387445082,-0.003568136699423241,-0.0022245208869664523,0.00010944378461386073,0.78,0.78,0.9,0.92,0.98,286309406.9651656,303555731.8020811,32
2024-03-01,0.78,0.143,0.07699999999999999,0.74,0.0,0.0,-0.01312025218748552,-0.01312025218748552,hold,False,False,False,False,0.29975397108787993,0.05777316963009852,0.5344304727333931,-0.017949724851223703,0.0061575748004822906,0.0,0.78,0.78,0.9,0.92,0.98,282552955.3421332,299573004.0478811,32
2024-03-04,0.78,0.143,0.07699999999999999,0.74,0.0,0.0,0.005265305620008102,0.005265305620008102,hold,False,False,False,False,0.2759917513936363,0.05619018383201195,0.5224745557215719,0.006283846149704342,0.0024270934787025134,0.00021858773745786486,0.78,0.78,0.9,0.92,0.98,284040683.005846,301150347.4696971,32
2024-03-05,0.78,0.143,0.07699999999999999,0.74,0.0,0.0,0.01211338929887718,0.01211338929887718,hold,False,False,False,False,0.26448213114660996,0.05691749314257256,0.5305565300506893,0.015178024146222935,0.0016843932204526624,0.0004371718740072694,0.78,0.78,0.9,0.92,0.98,287481378.3758148,304798298.8660897,32
2024-03-06,0.78,0.143,0.07699999999999999,0.74,0.0,0.0,-0.011145563843966496,-0.011145563843966496,hold,False,False,False,False,0.2541074242764862,0.057419592523546364,0.5396103938213183,-0.014434828345843309,0.0007355847244356895,0.00010926818437639874,0.78,0.78,0.9,0.92,0.98,284277236.31917566,301401149.9665453,32
2024-03-07,0.78,0.143,0.07699999999999999,0.78,0.0,0.0,-0.0030677146236980334,-0.0030677146236980334,hold,False,False,False,False,0.2475260143409782,0.05741148257425763,0.542743752668976,-0.0037126843904421447,-0.001260374336407688,0.00010925624614466223,0.78,0.78,0.9,0.92,0.98,283405154.8841349,300476537.2511935,32
2024-03-08,0.78,0.143,0.07699999999999999,0.74,0.0,0.0,0.01062004521532931,0.01062004521532931,hold,False,False,False,False,0.3272214677133123,0.05827801569213701,0.5497449469045579,0.014334811274657744,-0.004100251328248539,0.00032764105241311903,0.78,0.78,0.9,0.92,0.98,286414930.4432618,303667611.6629468,32
2024-03-11,0.68,0.20799999999999996,0.11199999999999997,0.68,0.19999999999999996,0.00019999999999999996,-0.005687628738238151,-0.005887628738238151,scheduled,False,False,False,False,0.3866184447853237,0.05896418485926393,0.5560098231459203,-0.00768599034018258,-0.002217092821701905,0.0,0.78,0.78,0.9,0.92,0.98,284728625.6677236,301940463.0279805,32
2024-03-12,0.68,0.20799999999999996,0.11199999999999997,0.68,0.0,0.0,-0.003206061449511785,-0.003206061449511785,hold,False,False,False,False,0.428402990821635,0.05898825124705706,0.5565647561552873,-0.0025212349609377016,-0.007406525886085036,0.00043692596635303005,0.78,0.78,0.9,0.92,0.98,283815768.1973978,300972423.34941876,32
2024-03-13,0.68,0.20799999999999996,0.11199999999999997,0.68,0.0,0.0,-0.008413461429399624,-0.008413461429399624,hold,False,False,False,False,0.4180864775356913,0.05847509189558273,0.5587971870342283,-0.011886910574579246,-0.0017059366862126613,0.00021850528612943343,0.78,0.78,0.9,0.92,0.98,281427895.17861366,298440203.4742555,32
2024-03-14,0.68,0.20799999999999996,0.11199999999999997,0.68,0.0,0.0,0.006253298285448685,0.006253298285448685,hold,False,False,False,False,0.42303986543247585,0.05819563861675483,0.5612554576589293,0.009537395148209171,-0.0011744811334509775,0.00010858625378795672,0.78,0.78,0.9,0.92,0.98,283187747.7530115,300306439.08695006,32
2024-03-15,0.68,0.20799999999999996,0.11199999999999997,0.68,0.0,0.0,0.0023191187649618285,0.0023191187649618285,hold,False,False,False,False,0.46182775902621065,0.06024058895862477,0.5658750081830871,0.002491463451272047,0.0028867234149643206,0.0002186173909308753,0.78,0.78,0.9,0.92,0.98,283844493.7728328,301002885.38507545,32
2024-03-18,0.68,0.20799999999999996,0.11199999999999997,0.68,0.0,0.0,0.008562624077237155,0.008562624077237155,hold,False,False,False,False,0.44976932710313877,0.06166074928528842,0.5722372934486734,0.011856886406744094,0.002344866603803064,0.00010900952732262326,0.78,0.78,0.9,0.92,0.98,286274947.46940327,303580259.9387916,32
2024-03-19,0.68,0.20799999999999996,0.11199999999999997,0.68,0.0,0.0,0.0032765650427649703,0.0032765650427649703,hold,False,False,False,False,0.4367585570060021,0.061508101552462474,0.5757192517380116,0.004732091812759576,0.00010619506523967814,0.00032726818320183426,0.78,0.78,0.9,0.92,0.98,287212945.9549009,304574960.4061805,32
2024-03-20,0.68,0.20799999999999996,0.11199999999999997,0.68,0.0,0.0,0.001807625658499692,0.001807625658499692,hold,False,False,False,False,0.42533911358138965,0.06137457943834399,0.5764670987725625,0.0011438907439371704,0.004892045157149694,0.00010923714227928372,0.78,0.78,0.9,0.92,0.98,287732119.44546235,305125517.9195473,32
2024-03-21,0.68,0.20799999999999996,0.11199999999999997,0.68,0.0,0.0,-0.0029937690444625585,-0.0029937690444625585,hold,False,False,False,False,0.360127393274166,0.06031696444733667,0.570798440515822,-0.0036292983052492733,-0.002645536339255461,0.00021808358635788672,0.78,0.78,0.9,0.92,0.98,286870715.9331689,304212042.5893241,32
2024-03-22,0.68,0.20799999999999996,0.11199999999999997,0.74,0.0,0.0,-0.0018804795499201437,-0.0018804795499201437,hold,False,False,False,False,0.3110360539471044,0.06018058885811834,0.5613170986303255,-0.0032376088726798757,0.0014850214686088492,0.00010901801813867351,0.78,0.78,0.9,0.92,0.98,286331261.4183856,303639978.0643955,32
2024-03-25,0.68,0.20799999999999996,0.11199999999999997,0.74,0.0,0.0,0.0031827090729158805,0.0031827090729158805,hold,False,False,False,False,0.273554180861632,0.06018730291791014,0.5548448625750015,0.0034060354633842493,0.003814245689693019,0.0006539451282003839,0.78,0.78,0.9,0.92,0.98,287242570.5219614,304606375.777481,32
2024-03-26,0.68,0.20799999999999996,0.11199999999999997,0.74,0.0,0.0,-0.0014510024211022135,-0.0014510024211022135,hold,False,False,False,False,0.2521208899476528,0.059590528484437896,0.5561559174718439,-0.001843271179342576,-0.0009498943228329892,0.0,0.78,0.78,0.9,0.92,0.98,286825780.85669047,304164391.1887447,32
2024-03-27,0.68,0.20799999999999996,0.11199999999999997,0.74,0.0,0.0,-0.0004118462431379437,-0.0004118462431379437,hold,False,False,False,False,0.25489763429450984,0.05971967321296401,0.5520581504176616,0.0021169778622733837,-0.009048228309948891,0.00027357409808503874,0.78,0.78,0.9,0.92,0.98,286707652.7364095,304039122.2269373,32
2024-03-28,0.68,0.20799999999999996,0.11199999999999997,0.78,0.0,0.0,-0.006288852965438749,-0.006288852965438749,hold,False,False,False,False,0.2318869215301275,0.0590951921206709,0.550024148077239,-0.008630237025556431,-0.0021384092132643584,0.00021872614552331804,0.78,0.78,0.9,0.92,0.98,284904590.4642841,302127064.891511,32
2024-04-01,0.68,0.20799999999999996,0.11199999999999997,0.78,0.0,0.0,0.0017713620377911425,0.0017713620377911425,hold,False,False,False,False,0.2139922985472977,0.058765574341694944,0.54835085671119,0.0022443440787625057,0.001178884924195378,0.0,0.78,0.78,0.9,0.92,0.98,285409259.640225,302662241.3048491,32
2024-04-02,0.78,0.143,0.07699999999999999,0.78,0.19999999999999996,0.00019999999999999996,-0.011403281920714714,-0.011603281920714715,scheduled,False,False,False,False,0.2111347315116748,0.05875551569802262,0.5502738785500711,-0.015290563200968998,0.003424342066803643,0.00043735662971666756,0.78,0.78,0.9,0.92,0.98,282097575.53783697,299210898.44049454,32
2024-04-03,0.78,0.143,0.07699999999999999,0.78,0.0,0.0,0.008262598234808837,0.008262598234808837,hold,False,False,False,False,0.20667153521657175,0.059095022004519555,0.5475087415052069,0.011783768360845492,-0.006612489874180727,0.00021876578385970902,0.78,0.78,0.9,0.92,0.98,284428434.46751976,301683157.8817845,32
2024-04-04,0.78,0.143,0.07699999999999999,0.78,0.0,0.0,-8.366747199326446e-05,-8.366747199326446e-05,hold,False,False,False,False,0.24309095274120707,0.06728035095794141,0.5648297826684479,0.0002953098753906147,-0.002254704676695085,0.00010926745414874262,0.78,0.78,0.9,0.92,0.98,284404637.05944484,301657916.81462157,32
2024-04-05,0.78,0.143,0.07699999999999999,0.74,0.0,0.0,0.0034634167439948848,0.0034634167439948848,hold,False,False,False,False,0.25976806268625063,0.06724126127870488,0.5727203298603866,0.0036995268804254078,0.00398167935885585,0.0001091640122945492,0.78,0.78,0.9,0.92,0.98,285389648.8415063,302702683.8946759,32
2024-04-08,0.78,0.143,0.07699999999999999,0.78,0.0,0.0,-0.008692040292324035,-0.008692040292324035,hold,False,False,False,False,0.23918112170348022,0.06779414962430128,0.5695940649633933,-0.008728595799917915,-0.013290622946445452,0.00021848718121608712,0.78,0.78,0.9,0.92,0.98,282909030.5147637,300071579.9696688,32
2024-04-09,0.78,0.143,0.07699999999999999,0.82,0.0,0.0,0.012278485943723187,0.012278485943723187,hold,False,False,False,False,0.22008812466002592,0.0722409381279323,0.5319301671893165,0.01596815701062715,-0.0014120798046696192,0.00032793360391902837,0.82,0.78,0.86,0.92,0.98,286382725.06929165,303756004.64643717,33
2024-04-10,0.78,0.143,0.07699999999999999,0.82,0.0,0.0,-0.01183510065826672,-0.01183510065826672,hold,False,False,False,False,0.21146208542389489,0.0818314757259437,0.5385340343236603,-0.015941770160303737,0.00413347543421172,0.0001090010347781778,0.82,0.78,0.86,0.92,0.98,282993356.69130784,300161021.75589365,33
2024-04-11,0.78,0.143,0.07699999999999999,0.82,0.0,0.0,-0.013728984231253162,-0.013728984231253162,hold,False,False,False,False,0.19759348461630058,0.08231464019936494,0.5101764470633424,-0.016451061697517866,-0.0063914380354533895,0.0002184354789689369,0.82,0.78,0.86,0.92,0.98,279108145.3597435,296040115.8213702,33
2024-04-12,0.78,0.143,0.07699999999999999,0.82,0.0,0.0,-0.0004805339467055838,-0.0004805339467055838,hold,False,False,False,False,0.22210648826958324,0.09924885272083228,0.5044504394646638,9.276004950642402e-05,-0.003925113253399948,0.00010914818072205179,0.82,0.78,0.86,0.92,0.98,278974024.4210961,295897858.49613136,33
2024-04-15,0.78,0.143,0.07699999999999999,0.82,0.0,0.0,-0.008600730788242649,-0.008600730788242649,hold,False,False,False,False,0.24086855442972172,0.12001544653280409,0.4995552740768988,-0.01220125231628133,0.00634864756621889,0.00010895346087647084,0.82,0.78,0.86,0.92,0.98,276574643.9401376,293352920.67438865,33
2024-04-16,0.78,0.143,0.07699999999999999,0.82,0.0,0.0,-0.004906663481345293,-0.004906663481345293,hold,False,False,False,False,0.24291074996181716,0.13763413328569923,0.49208962317644855,-0.005706422866496141,-0.003480480807575237,0.0005461702598046347,0.82,0.78,0.86,0.92,0.98,275217585.23485047,291913536.61136967,33
2024-04-17,0.78,0.143,0.07699999999999999,0.74,0.0,0.0,-0.015941753893125552,-0.015941753893125552,hold,False,False,False,False,0.2541147334500282,0.14227856690757013,0.5033858515920281,-0.02068898931619878,0.0013095581575888193,0.00010897346719862533,0.82,0.78,0.86,0.92,0.98,270830134.2239762,287259922.8526393,33
2024-04-18,0.78,0.143,0.07699999999999999,0.74,0.0,0.0,0.007876518496567501,0.007876518496567501,hold,False,False,False,False,0.2631208133417464,0.13765685638067715,0.5169763584381929,0.01005658405019827,0.00010916003339023206,0.00021783185244217407,0.82,0.78,0.86,0.92,0.98,272963332.7856192,289522530.9483107,33
2024-04-19,0.78,0.143,0.07699999999999999,0.74,0.0,0.0,0.01183530904224122,0.01183530904224122,hold,False,False,False,False,0.313746000954367,0.12797776267758498,0.546218616767565,0.014922860798788351,0.0013079733241998515,0.00010957706267178402,0.82,0.78,0.86,0.92,0.98,276193938.1863371,292949119.5767758,33
2024-04-22,0.78,0.143,0.07699999999999999,0.74,0.0,0.0,0.0022065912270341353,0.0022065912270341353,hold,False,False,False,False,0.3376730022049377,0.12107260258005391,0.5713423799797265,0.003387798192472591,-0.0030481913503110913,0.0,0.82,0.78,0.86,0.92,0.98,276803385.3072991,293595538.5340013,33
2024-04-23,0.78,0.143,0.07699999999999999,0.74,0.0,0.0,-0.004271919661273358,-0.004271919661273358,hold,False,False,False,False,0.34143872128549435,0.11946251628258135,0.5872360528876158,-0.0048300571612102106,-0.003821256498318326,0.0005449948536380145,0.82,0.78,0.86,0.92,0.98,275620903.4832978,292341321.9804757,33
2024-04-24,0.78,0.143,0.07699999999999999,0.74,0.0,0.0,0.012428546695244423,0.012428546695244423,hold,False,False,False,False,0.3325817427905144,0.16846269790172608,0.5642850553156475,0.015431674074739554,0.002740146272360633,0.0,0.82,0.78,0.86,0.92,0.98,279046470.75242543,295974699.7516596,33
2024-04-25,0.78,0.143,0.07699999999999999,0.74,0.0,0.0,0.0037622342258355314,0.0037622342258355314,hold,False,False,False,False,0.3296000552826927,0.17859876846826722,0.5674483396532032,0.0040603920502446655,0.004044348889047811,0.00021800695468643383,0.82,0.78,0.86,0.92,0.98,280096308.9352888,297088225.8970466,33
2024-04-26,0.78,0.143,0.07699999999999999,0.74,0.0,0.0,-0.015368813239184435,-0.015368813239184435,hold,False,False,False,False,0.33471880388660774,0.23201897321332107,0.5341865224967192,-0.01885613670709807,-0.004681171387525773,0.00010884286712009583,0.82,0.78,0.86,0.92,0.98,275791561.0742774,292522332.4376742,33
2024-04-29,0.78,0.143,0.07699999999999999,0.74,0.0,0.0,-0.005058363060533564,-0.005058363060533564,hold,False,False,False,False,0.3253271135121848,0.27469780450570336,0.5070581685771494,-0.0072305079841507025,0.003960012267375301,0.00019677159570541392,0.82,0.78,0.86,0.92,0.98,274396507.22933245,291042648.2768904,33
2024-04-30,0.78,0.143,0.07699999999999999,0.78,0.0,0.0,0.010669348210598896,0.010669348210598896,hold,True,False,False,False,0.34649382661508515,0.33949162134171074,0.45829538772802547,0.012763276989079975,0.004698431647106371,0.0005469666698740827,0.82,0.78,0.86,0.92,0.98,277324139.1127343,294147883.6354913,33
2024-05-01,0.78,0.143,0.07699999999999999,0.78,0.0,0.0,0.01647831204327863,0.01647831204327863,hold,True,False,False,False,0.40591749497299634,0.34121978298885625,0.45178127216079467,0.020098364508642108,0.005546509055648574,0.00010957054000049204,0.82,0.78,0.86,0.92,0.98,281893972.8141675,298994944.24890697,33
2024-05-02,0.78,0.143,0.07699999999999999,0.86,0.0,0.0,0.008667494773832073,0.008667494773832073,hold,True,True,False,False,0.4229724280390534,0.4197821098352215,0.3965925381318864,0.010953543562417067,0.0008652503157116076,0.0,0.82,0.78,0.86,0.92,0.98,284337287.3503091,301586481.3655866,33
2024-05-03,0.92,0.05199999999999998,0.027999999999999983,0.92,0.28,0.00028000000000000003,0.000284091715229449,4.091715229448975e-06,tier_force,True,True,True,False,0.42099990452478775,0.48527297147896664,0.3480255990194788,0.00015887143117443436,0.0025935069144580325,0.0001095585356125639,0.82,0.78,0.86,0.92,0.98,284338450.77751803,301672159.5863677,33
2024-05-06,0.98,0.013000000000000012,0.007000000000000005,0.98,0.11999999999999988,0.00011999999999999988,-0.0006135667536818144,-0.0007335667536818143,tier_force,True,True,True,True,0.4132003467913751,0.5346548026442615,0.31108536778662993,-0.0005904706156610873,-0.0028024757129148092,0.0002180905619919571,0.82,0.78,0.86,0.92,0.98,284129869.5432342,301487063.5787341,33
2024-05-07,0.98,0.013000000000000012,0.007000000000000005,0.98,0.0,0.0,0.0021811627446939453,0.0021811627446939453,tier_force,True,True,True,True,0.40415448297830553,0.5709078272207365,0.284174802919842,0.002181622127931604,0.00302672465153786,0.0005465198358545198,0.82,0.78,0.86,0.92,0.98,284749603.0293367,302144655.9298192,33
2024-05-08,0.98,0.013000000000000012,0.007000000000000005,0.98,0.0,0.0,0.0022689434186854863,0.0022689434186854863,tier_force,True,True,True,True,0.403592620415778,0.6023003075420781,0.2645909041102388,0.0023581333529028026,-0.003232866704558468,0.0,0.82,0.78,0.86,0.92,0.98,285395683.76710343,302830205.0583822,33
2024-05-09,0.98,0.013000000000000012,0.007000000000000005,0.98,0.0,0.0,0.002278199589162352,0.002278199589162352,tier_force,True,True,True,True,0.36232996778435334,0.6294867265919875,0.24750593516168307,0.002307359716751778,0.0011890595813499605,0.00021847031258004357,0.82,0.78,0.86,0.92,0.98,286045872.09661037,303520112.70713216,33
2024-05-10,0.98,0.013000000000000012,0.007000000000000005,0.98,0.0,0.0,0.006342316731696239,0.006342316731696239,tier_force,True,True,True,True,0.33104541280677036,0.6654932413399894,0.2170067340209391,0.006432295520023779,0.0029156124354319246,0.0001091657731886464,0.82,0.78,0.86,0.92,0.98,287860065.6172413,305445133.39636093,33
2024-05-13,0.98,0.013000000000000012,0.007000000000000005,0.98,0.0,0.0,0.015416394663657669,0.015416394663657669,tier_force,True,True,True,True,0.3043608375177541,0.6926088971175424,0.19252118257094203,0.015630262566160402,0.007536503564844699,0.00010897178249891226,0.82,0.78,0.86,0.92,0.98,292297829.99670315,310153996.12089276,33
2024-05-14,0.98,0.013000000000000012,0.007000000000000005,0.98,0.0,0.0,-0.0020127349802130713,-0.0020127349802130713,tier_force,True,True,True,True,0.2830666315023421,0.7137740120770095,0.17420972355409012,-0.0020314165172283793,-0.001923534944732519,0.0004370229931804914,0.82,0.78,0.86,0.92,0.98,291709511.92962843,309529738.3236474,33
2024-05-15,0.98,0.013000000000000012,0.007000000000000005,0.98,0.0,0.0,-0.0005165042652773005,-0.0005165042652773005,tier_force,True,True,True,True,0.26631309736254205,0.735841839429616,0.15374356273895268,-0.00048663471310328443,-0.003105020733269015,0.00010900329948793086,0.82,0.78,0.86,0.92,0.98,291558842.7224948,309369864.8935731,33
2024-05-16,0.98,0.013000000000000012,0.007000000000000005,0.98,0.0,0.0,0.006815192708657536,0.006815192708657536,tier_force,True,True,True,True,0.25098094864549036,0.7432082132800563,0.14441911543447805,0.006972665732534189,-0.001503506853297032,0.00021798283812746178,0.82,0.78,0.86,0.92,0.98,293545872.4215617,311478280.1410741,33
2024-05-17,0.98,0.013000000000000012,0.007000000000000005,0.98,0.0,0.0,0.00195164658115761,0.00195164658115761,tier_force,True,True,True,True,0.21563618145035054,0.6814456370038053,0.15317197574546218,0.0019564503789872845,0.0025813340339257973,0.00010969532986226938,0.82,0.78,0.86,0.92,0.98,294118770.2198862,312086175.66161627,33
2024-05-20,0.98,0.013000000000000012,0.007000000000000005,0.98,0.0,0.0,-0.00020877469753982246,-0.00020877469753982246,tier_force,True,True,True,True,0.18538734753911454,0.641064831964429,0.1510111115820003,-0.00019751706563020388,-0.001287034100826312,0.0002176385840741979,0.82,0.78,0.86,0.92,0.98,294057365.66259277,312021019.9646862,33
2024-05-21,0.98,0.013000000000000012,0.007000000000000005,0.98,0.0,0.0,-0.0044499666450214075,-0.0044499666450214075,tier_force,True,True,True,True,0.16444718299422234,0.5285281890385638,0.17484600885055174,-0.004498429266627579,-0.003545190227989936,0.0006545013196412874,0.82,0.78,0.86,0.92,0.98,292748820.19367135,310632536.8332978,33
2024-05-22,0.98,0.013000000000000012,0.007000000000000005,0.86,0.0,0.0,0.009284898151483931,0.009284898151483931,hold,True,True,False,False,0.14914691910604813,0.44784879626108054,0.1990723549897481,0.00945644548829927,0.0012938113579628041,0.000108860756732998,0.82,0.78,0.86,0.92,0.98,295466963.17313665,313516728.300332,33
2024-05-23,0.98,0.013000000000000012,0.007000000000000005,0.82,0.0,0.0,0.0036285496250276533,0.0036285496250276533,hold,True,False,False,False,0.1514543340761973,0.37888294032450825,0.22248462448923156,0.0037776493079979545,-0.005598827266063977,-0.0001088489073586274,0.82,0.78,0.86,0.92,0.98,296539079.7115666,314654339.3072461,33
2024-05-24,0.98,0.013000000000000012,0.007000000000000005,0.82,0.0,0.0,-0.006969159604409993,-0.006969159604409993,hold,False,False,False,False,0.15058831534605574,0.3114332000411051,0.22738109212933819,-0.007048314452521298,-0.004871911957859076,0.000217630644721023,0.82,0.78,0.86,0.92,0.98,294472451.53611183,312461462.99639374,33
2024-05-28,0.98,0.013000000000000012,0.007000000000000005,0.82,0.0,0.0,-0.010432434098824512,-0.010432434098824512,hold,False,False,False,False,0.14963822829962783,0.25755111190728913,0.23265042447030243,-0.010713287974416397,0.005004757949690353,0.00021803753679727755,0.82,0.78,0.86,0.92,0.98,291400387.09154207,309201729.37526155,33
2024-05-29,0.82,0.11700000000000003,0.06300000000000001,0.82,0.32000000000000006,0.0003200000000000001,-0.000967122174530651,-0.0012871221745306511,scheduled,False,False,False,False,0.14986751223535102,0.22116798107517885,0.242615168144303,-0.0018603879552520075,0.004655284620390665,0.0002178991776236039,0.82,0.78,0.86,0.92,0.98,291025319.19164973,308902693.52637947,33
2024-05-30,0.82,0.11700000000000003,0.06300000000000001,0.82,0.0,0.0,0.005179388293081079,0.005179388293081079,hold,False,False,False,False,0.1634279973427263,0.1910495169437085,0.2447746549855569,0.005369228956789263,0.006549229347604157,0.00016445579117774223,0.82,0.78,0.86,0.92,0.98,292532652.32286114,310502620.52093124,33
2024-05-31,0.82,0.11700000000000003,0.06300000000000001,0.82,0.0,0.0,0.002898516774086327,0.002898516774086327,hold,False,False,False,False,0.18352841052188035,0.16977802592347768,0.2668261086882498,0.00273659490980549,0.005476465870279945,0.0002184514479852684,0.82,0.78,0.86,0.92,0.98,293380563.1225869,311402617.5749089,33
2024-06-03,0.82,0.11700000000000003,0.06300000000000001,0.82,0.0,0.0,0.016962674325256617,0.016962674325256617,hold,False,False,False,False,0.18846988287026847,0.1583159473372288,0.2800635290542596,0.020159696536789395,0.0036310916971022955,0.00010929264330705735,0.82,0.78,0.86,0.92,0.98,298357082.06819576,316684838.76086456,33
2024-06-04,0.82,0.11700000000000003,0.06300000000000001,0.82,0.0,0.0,-0.0003258487120801155,-0.0003258487120801155,hold,False,False,False,False,0.19305208851736164,0.1449996355226698,0.2912963543111861,-0.0003450490716488952,-0.000425631415275185,0.00010937146443135148,0.82,0.78,0.86,0.92,0.98,298259862.79726386,316581647.41401905,33
2024-06-05,0.82,0.11700000000000003,0.06300000000000001,0.82,0.0,0.0,-0.0019310909574659192,-0.0019310909574659192,hold,False,False,False,False,0.18327155433476996,0.1270518090398306,0.2936336056288923,-0.0008848929399393191,-0.010538731829723647,0.0004373472597141159,0.82,0.78,0.86,0.92,0.98,297683895.87324107,315970299.4573982,33
2024-06-06,0.82,0.11700000000000003,0.06300000000000001,0.82,0.0,0.0,0.0030742372227701965,0.0030742372227701965,hold,False,False,False,False,0.17275430167005235,0.1191169747377401,0.29463965206070086,0.004039258734611195,-0.0021514743445513185,0.0002185326778019192,0.82,0.78,0.86,0.92,0.98,298599046.7865538,316941667.11327994,33
2024-06-07,0.82,0.11700000000000003,0.06300000000000001,0.82,0.0,0.0,0.006252392722916802,0.006252392722916802,hold,False,False,False,False,0.16478082075182926,0.11111656025707936,0.3090490267669979,0.006862697659983041,0.005282818766478403,0.00010937850877357214,0.82,0.78,0.86,0.92,0.98,300466005.2937519,318923310.8863281,33
2024-06-10,0.82,0.11700000000000003,0.06300000000000001,0.82,0.0,0.0,0.011406410223757003,0.011406410223757003,hold,False,False,False,False,0.15864444531101235,0.1033020566940013,0.3182294299060089,0.013097745400781902,0.005577034951566029,0.0002181889806764925,0.82,0.78,0.86,0.92,0.98,303893243.808426,322561081.0002163,33
2024-06-11,0.82,0.11700000000000003,0.06300000000000001,0.82,0.0,0.0,0.005225258305207747,0.005225258305207747,hold,False,False,False,False,0.15449198331384545,0.09051446798722064,0.33405711307149777,0.005420360150953485,0.006612504001302977,0.0001095240202133585,0.82,0.78,0.86,0.92,0.98,305481164.50453246,324246545.96764946,33
2024-06-12,0.82,0.11700000000000003,0.06300000000000001,0.82,0.0,0.0,0.004555629318777883,0.004555629318777883,hold,False,False,False,False,0.1552550919983438,0.07768576980666318,0.33486077315652973,0.0051811258321863285,0.002330877364939532,0.0005459283283677507,0.82,0.78,0.86,0.92,0.98,306872823.4538837,325723693.03897214,33
2024-06-13,0.82,0.11700000000000003,0.06300000000000001,0.82,0.0,0.0,0.009507522351214125,0.009507522351214125,hold,False,False,False,False,0.14882942284521844,0.0685602243376951,0.3413125787113763,0.012249795963358068,-0.0046510879571348696,0.00010899924198870536,0.82,0.78,0.86,0.92,0.98,309790423.6818517,328820518.3308602,33
2024-06-14,0.82,0.11700000000000003,0.06300000000000001,0.82,0.0,0.0,0.0007768363458613435,0.0007768363458613435,hold,False,False,False,False,0.14401835497749885,0.06260650753493388,0.32922681260387854,0.0003092524753236514,0.004354601458028684,0.0002184277064538609,0.82,0.78,0.86,0.92,0.98,310031080.1425676,329075958.0607646,33
2024-06-17,0.82,0.11700000000000003,0.06300000000000001,0.82,0.0,0.0,-0.006603764418473696,-0.006603764418473696,hold,False,False,False,False,0.13292742266530574,0.058857330925700065,0.3057581955556971,-0.0077080017834700865,-0.0025380297758723636,0.00021819885315621512,0.82,0.78,0.86,0.92,0.98,307983707.9269011,326902817.9579478,33
2024-06-18,0.82,0.11700000000000003,0.06300000000000001,0.82,0.0,0.0,-0.002151573253771943,-0.002151573253771943,hold,False,False,False,False,0.12287404383923695,0.055845931690842926,0.2870064888884449,-0.0026792609210272156,0.00021193889287141054,0.00032736271435584996,0.82,0.78,0.86,0.92,0.98,307321058.4183281,326199462.5982468,33
2024-06-20,0.82,0.11700000000000003,0.06300000000000001,0.82,0.0,0.0,-0.009222430658465982,-0.009222430658465982,hold,False,False,False,False,0.13167262651552325,0.05590291776131055,0.3111142201312316,-0.0113846323077188,0.0008480119330320779,0.0002182609158520865,0.82,0.78,0.86,0.92,0.98,304486811.2671787,323191110.6736056,33
2024-06-21,0.82,0.11700000000000003,0.06300000000000001,0.82,0.0,0.0,0.009476271334546225,0.009476271334546225,hold,False,False,False,False,0.13855685575328444,0.05581695315266415,0.3302428282127291,0.011435534151985616,0.0008472934181027458,0.0,0.82,0.78,0.86,0.92,0.98,307372210.90853727,326253757.33126205,33
2024-06-24,0.82,0.11700000000000003,0.06300000000000001,0.82,0.0,0.0,0.0009946791068628608,0.0009946791068628608,hold,False,False,False,False,0.1422167538368864,0.05909644755267743,0.34384204759597503,0.002065172816133831,-0.006031104033628387,0.00010915189789906243,0.82,0.78,0.86,0.92,0.98,307677947.62475824,326578275.12721497,33
2024-06-25,0.82,0.11700000000000003,0.06300000000000001,0.82,0.0,0.0,0.0023919489078832526,0.0023919489078832526,hold,False,False,False,False,0.14411581447453523,0.05505364343015241,0.33256516705009104,0.0025813559983935974,0.002235209907159419,0.00021773698512461692,0.82,0.78,0.86,0.92,0.98,308413897.55555904,327359433.6757439,33
2024-06-26,0.82,0.11700000000000003,0.06300000000000001,0.82,0.0,0.0,-0.0048572365549760695,-0.0048572365549760695,hold,False,False,False,False,0.14364366906308548,0.05232262238479332,0.3246235794411038,-0.005190865591132354,-0.00531043791910113,0.0003268962902744921,0.82,0.78,0.86,0.92,0.98,306915858.29828954,325769371.4678778,33
2024-06-27,0.82,0.11700000000000003,0.06300000000000001,0.82,0.0,0.0,0.003960381845861425,0.003960381845861425,hold,False,False,False,False,0.13487924572023316,0.05226345129393777,0.30570937945592935,0.0058650034647895755,-0.007444312609473203,0.0003502155562276066,0.82,0.78,0.86,0.92,0.98,308131362.2917011,327059542.5725769,33
2024-06-28,0.82,0.11700000000000003,0.06300000000000001,0.82,0.0,0.0,0.009058547647637617,0.009058547647637617,hold,False,False,False,False,0.13906539295757236,0.05637415815251305,0.31341506338562686,0.010499694595711873,0.0037770685190003928,0.00010922321318784789,0.82,0.78,0.86,0.92,0.98,310922584.91875196,330022227.02258515,33
2024-07-01,0.82,0.11700000000000003,0.06300000000000001,0.82,0.0,0.0,0.007636926173432787,0.007636926173432787,hold,False,False,False,False,0.13838812766331748,0.05309934804064655,0.2870701116037799,0.008337095933722338,0.006665282879049439,0.0003280858878045301,0.82,0.78,0.86,0.92,0.98,313297077.74542934,332542582.40594846,33
2024-07-02,0.82,0.11700000000000003,0.06300000000000001,0.82,0.0,0.0,0.00922032877842166,0.00922032877842166,hold,False,False,False,False,0.1352296000000709,0.05055161896065204,0.26724367228121176,0.01042676124264963,0.005553130204116075,0.00032806865979972955,0.82,0.78,0.86,0.92,0.98,316185779.8075609,335608734.3485567,33
2024-07-03,0.82,0.11700000000000003,0.06300000000000001,0.82,0.0,0.0,0.0020011974215524302,0.0020011974215524302,hold,False,False,False,False,0.1283963960801716,0.048733273733493176,0.2527692374517712,0.0023782656063320307,0.00031838420061736095,0.00021855036330054034,0.82,0.78,0.86,0.92,0.98,316818529.9748433,336280353.68238544,33
2024-07-05,0.82,0.11700000000000003,0.06300000000000001,0.82,0.0,0.0,0.0005475989652904516,0.0005475989652904516,hold,False,False,False,False,0.11891472571679615,0.046792898699690416,0.23888311041047205,0.0008647032660586973,-0.0013799804519459835,0.0,0.82,0.78,0.86,0.92,0.98,316992019.4740424,336464500.4561095,33
2024-07-08,0.82,0.11700000000000003,0.06300000000000001,0.82,0.0,0.0,0.008675480986231924,0.008675480986231924,hold,False,False,False,False,0.11038329086146252,0.0456954381494531,0.23010631149341446,0.010426511307609188,0.0009568657010692316,0.00021886392011571942,0.82,0.78,0.86,0.92,0.98,319742077.71177673,339383491.83235854,33
2024-07-09,0.82,0.11700000000000003,0.06300000000000001,0.82,0.0,0.0,-0.01723030061026477,-0.01723030061026477,hold,False,False,False,False,0.10602933704064411,0.04471726496792862,0.22125970682884238,-0.02193023339847755,0.006372803285969342,0.00010909193695884944,0.82,0.78,0.86,0.92,0.98,314232825.5950522,333535812.2459256,33
2024-07-10,0.82,0.11700000000000003,0.06300000000000001,0.78,0.0,0.0,0.005091846108301117,0.005091846108301117,hold,False,False,False,False,0.1048800103493491,0.044451662066344454,0.22087072681804976,0.005874777611436066,0.002111017936380799,0.0004371328312220424,0.78,0.78,0.86,0.92,0.98,315832850.7851588,335234125.2734891,34
2024-07-11,0.82,0.11700000000000003,0.06300000000000001,0.78,0.0,0.0,0.0018481144140659773,0.0018481144140659773,hold,False,False,False,False,0.1025360494947403,0.04854020914762476,0.2388516004608258,0.0026878756743111687,-0.003159770006614493,0.00021824526832880942,0.78,0.78,0.86,0.92,0.98,316416546.02913046,335853676.2924939,34
2024-07-12,0.82,0.11700000000000003,0.06300000000000001,0.78,0.0,0.0,0.0008332333532924744,0.0008332333532924744,hold,False,False,False,False,0.10520262709602485,0.04915158768715631,0.23904212056441346,0.00038300612561448233,0.00443733615631281,0.0,0.78,0.78,0.86,0.92,0.98,316680194.8488155,336133520.7774067,34
2024-07-15,0.82,0.11700000000000003,0.06300000000000001,0.78,0.0,0.0,-0.02395202022024527,-0.02395202022024527,hold,False,False,False,False,0.1071866573121009,0.051624535942671676,0.24773746888050013,-0.029355001852235607,0.0008413579544994665,0.0003276574271664501,0.78,0.78,0.86,0.92,0.98,309095064.41844547,328082443.891044,34
2024-07-16,0.82,0.11700000000000003,0.06300000000000001,0.78,0.0,0.0,-0.0042057655363039485,-0.0042057655363039485,hold,False,False,False,False,0.10805940124957694,0.05332128661705165,0.2532837845615424,-0.0047324914090280945,-0.002837454607708678,0.00010888266985720207,0.78,0.78,0.86,0.92,0.98,307795083.04907274,326702606.0554607,34
2024-07-17,0.82,0.11700000000000003,0.06300000000000001,0.78,0.0,0.0,-0.0076174530182425496,-0.0076174530182425496,hold,False,False,False,False,0.13820129907555084,0.069076860054053,0.28946529481912725,-0.008863577800492628,-0.003161842598245368,0.00032724384374782645,0.78,0.78,0.86,0.92,0.98,305450468.4647004,324213964.3028958,34
2024-07-18,0.82,0.11700000000000003,0.06300000000000001,0.78,0.0,0.0,0.012118493216798204,0.012118493216798204,hold,False,False,False,False,0.179633208002349,0.08826822463662584,0.33219243203220994,0.014897673894941121,-0.0009517782730397162,0.00021839176019256001,0.78,0.78,0.86,0.92,0.98,309152067.8948577,328142949.0300917,34
2024-07-19,0.82,0.11700000000000003,0.06300000000000001,0.78,0.0,0.0,-0.002803397494114238,-0.002803397494114238,hold,False,False,False,False,0.21022742382116633,0.10733548703897504,0.3843395211220504,-0.0035245008564410707,0.0007409675911747016,0.0,0.78,0.78,0.86,0.92,0.98,308285391.762421,327223033.9090695,34
2024-07-22,0.82,0.11700000000000003,0.06300000000000001,0.78,0.0,0.0,-0.029652899709703754,-0.029652899709703754,hold,False,False,False,False,0.2373299249740505,0.12645455196084124,0.4002886542538657,-0.035870353685153455,-0.002220736449708438,0.0003272456625074138,0.78,0.78,0.86,0.92,0.98,299143835.9585232,317519922.10185885,34
2024-07-23,0.82,0.11700000000000003,0.06300000000000001,0.74,0.0,0.0,-0.008782294716269835,-0.008782294716269835,hold,False,False,False,False,0.2526440164992261,0.1419217939617375,0.4166055067896377,-0.011027681915303678,0.0022256790964032547,0.0,0.78,0.78,0.86,0.92,0.98,296516666.62858,314731368.56767327,34
2024-07-24,0.82,0.11700000000000003,0.06300000000000001,0.74,0.0,0.0,0.00900104027921888,0.00900104027921888,hold,False,False,False,False,0.31194607962288323,0.14796864667674706,0.4522574268618721,0.010255982477198389,0.004758944011280519,0.000545050771371125,0.78,0.78,0.86,0.92,0.98,299185625.0883635,317564278.2932846,34
2024-07-25,0.82,0.11700000000000003,0.06300000000000001,0.68,0.0,0.0,0.0018441629939537217,0.0018441629939537217,hold,False,False,False,False,0.40566781050799683,0.15241133882934138,0.4802943598913384,0.00200869587665764,0.0016840373939697173,0.0,0.78,0.78,0.86,0.92,0.98,299737372.1464744,318149918.58351463,34
2024-07-26,0.68,0.20799999999999996,0.11199999999999997,0.68,0.2799999999999998,0.0002799999999999998,-0.008887961527682517,-0.009167961527682516,scheduled,False,False,False,False,0.46261141886441703,0.15840348825123202,0.4967810065309535,-0.013731352560006904,0.002101787825350643,0.00010880665579682258,0.78,0.78,0.86,0.92,0.98,296989391.45022684,315322214.347109,34
2024-07-29,0.68,0.20799999999999996,0.11199999999999997,0.68,0.0,0.0,0.021674757198008213,0.021674757198008213,hold,False,False,False,False,0.47597347304320925,0.16232384294695806,0.5091871482219374,0.02959371980838954,0.0073394094586856085,0.0002181300080064119,0.78,0.78,0.86,0.92,0.98,303426564.4002947,322156746.7822209,34
2024-07-30,0.68,0.20799999999999996,0.11199999999999997,0.6,0.0,0.0,-0.015555416717646818,-0.015555416717646818,hold,False,False,False,False,0.5547955766699955,0.16369651185733414,0.5211075609953906,-0.024221507817470234,0.004270491254624087,0.00024059301134937705,0.78,0.78,0.86,0.92,0.98,298706637.7478443,317145464.33762205,34
2024-07-31,0.68,0.20799999999999996,0.11199999999999997,0.6,0.0,0.0,-0.012856621962844993,-0.012856621962844993,hold,False,False,False,False,0.5574578900174979,0.16919108851975048,0.5255470479874821,-0.0237349768268037,0.015489865739421127,0.0005470554069815226,0.78,0.78,0.86,0.92,0.98,294866279.4285278,313068044.99540234,34
2024-08-01,0.68,0.20799999999999996,0.11199999999999997,0.6,0.0,0.0,-0.020062024159069606,-0.020062024159069606,hold,False,False,False,False,0.6329894065139208,0.16600206810404244,0.5412460748366275,-0.0298161335456798,0.0010237819807339399,0.0,0.78,0.78,0.86,0.92,0.98,288950665.0069376,306787266.3132718,34
2024-08-02,0.52,0.312,0.16799999999999998,0.52,0.32000000000000006,0.0003200000000000001,0.002229426724669868,0.001909426724669868,scheduled,False,False,False,False,0.702539741939121,0.15427905212054516,0.5606495717791529,0.009555134951980238,-0.008897350582141028,0.00021863054326276554,0.78,0.78,0.86,0.92,0.98,289502395.12881297,307471226.04357904,34
2024-08-05,0.52,0.312,0.16799999999999998,0.42,0.0,0.0,-0.006721568564764556,-0.006721568564764556,hold,False,False,False,False,0.7616608865155381,0.14843676259998773,0.5706241140314221,-0.010829713640466032,-0.003611664661733349,0.0002185827543963459,0.78,0.78,0.86,0.92,0.98,287556484.9302911,305404537.1160349,34
2024-08-06,0.42,0.37700000000000006,0.203,0.42,0.20000000000000012,0.00020000000000000012,0.011738083337617472,0.011538083337617471,scheduled,False,False,False,False,0.8057239440898301,0.14889229085858804,0.5753021225393915,0.03059086677369849,-0.003003395927512309,0.00010935742530171488,0.78,0.78,0.86,0.92,0.98,290874335.61768913,308989401.02438945,34
2024-08-07,0.42,0.37700000000000006,0.203,0.42,0.0,0.0,0.0037650968894169115,0.0037650968894169115,hold,False,False,False,False,0.8398765979573282,0.2006009047149649,0.5296639794093265,0.005222417656604694,0.0040513049773698295,0.00021842116834736025,0.78,0.78,0.86,0.92,0.98,291969505.6739345,310152776.05704916,34
2024-08-08,0.42,0.37700000000000006,0.203,0.30000000000000004,0.0,0.0,0.0020241041476822597,0.0020241041476822597,hold,False,False,False,False,0.8610557398472094,0.24235830756805976,0.5059081505922545,0.002153617413867215,0.002793269858361924,0.000327695060372335,0.78,0.78,0.86,0.92,0.98,292560482.3613659,310780557.57748145,34
2024-08-09,0.30000000000000004,0.455,0.245,0.30000000000000004,0.23999999999999988,0.0002399999999999999,0.009489004423490516,0.009249004423490515,scheduled,False,False,False,False,0.874080662524243,0.29934860208012665,0.45376209468165996,0.02481273970546094,0.0044360120385913415,0.00010937565017621331,0.78,0.78,0.86,0.92,0.98,295266375.5568647,313729555.663069,34
2024-08-12,0.30000000000000004,0.455,0.245,0.30000000000000004,0.0,0.0,0.0007315064753208322,0.0007315064753208322,hold,False,False,False,False,0.8808679734137206,0.3544194761089325,0.39831142948734743,0.0003242327307781956,0.0013352321285557966,0.00010900423507953505,0.78,0.78,0.86,0.92,0.98,295482364.8225291,313959050.8645361,34
2024-08-13,0.42,0.37700000000000006,0.203,0.42,0.23999999999999988,0.0002399999999999999,0.00827387512805289,0.008033875128052889,scheduled,False,False,False,False,0.8387105945100299,0.41360550609781455,0.348304365789203,0.025263249690783862,-0.006256997748306237,0.00010935176864590446,0.78,0.78,0.86,0.92,0.98,297856233.24405503,316556708.8467113,34
2024-08-14,0.42,0.37700000000000006,0.203,0.78,0.0,0.0,0.0013901645813479534,0.0013901645813479534,hold,True,False,False,False,0.8024640376381511,0.4645295256550513,0.3088220265279422,0.0012857305273215047,0.0019610709728239417,0.0005459803109275629,0.78,0.78,0.86,0.92,0.98,298270302.4298446,316996774.77133805,34
2024-08-15,0.42,0.37700000000000006,0.203,0.86,0.0,0.0,0.0060220318939250865,0.0060220318939250865,hold,True,True,False,False,0.7161315307030406,0.5514342037858051,0.25292740298398286,0.013135909399310641,0.0013393897777576047,0.0,0.78,0.78,0.86,0.92,0.98,300066495.7040878,318905739.4592824,34
2024-08-16,0.92,0.05199999999999998,0.027999999999999983,0.92,1.0,0.001,-0.001715968992282619,-0.002715968992282619,tier_force,True,True,True,False,0.6520222198225056,0.6201819332389025,0.2094632598286492,-0.002098602037131414,0.004012458113295869,0.0002177521423891715,0.78,0.78,0.86,0.92,0.98,299251524.4061326,318358507.09890926,34
2024-08-19,0.92,0.05199999999999998,0.027999999999999983,0.92,0.0,0.0,0.004403721131840047,0.004403721131840047,tier_force,True,True,True,False,0.605091200862601,0.6668989665588714,0.1800922422674498,0.00466418137808966,0.0020492004180017176,0.00021842293790963474,0.78,0.78,0.86,0.92,0.98,300569344.6678952,319760469.1841218,34
2024-08-20,0.98,0.013000000000000012,0.007000000000000005,0.98,0.11999999999999988,0.00011999999999999988,-0.015597759246062177,-0.015717759246062175,tier_force,True,True,True,True,0.5741136328088303,0.7031760120909957,0.15765625361138513,-0.01585503775776609,-0.004601711034723954,0.0,0.78,0.78,0.86,0.92,0.98,295845068.07165855,314772922.36937994,34
2024-08-21,0.98,0.013000000000000012,0.007000000000000005,0.98,0.0,0.0,0.010691880840539417,0.010691880840539417,tier_force,True,True,True,True,0.5417937350054876,0.7330166879975661,0.14415054175121922,0.010845641383826266,0.004622984674313102,0.00043621194622955883,0.78,0.78,0.86,0.92,0.98,299008208.286742,318138436.9471817,34
2024-08-22,0.98,0.013000000000000012,0.007000000000000005,0.98,0.0,0.0,-0.00952934603655532,-0.00952934603655532,tier_force,True,True,True,True,0.5570835010543687,0.7649855921284656,0.12629232558562156,-0.009708322910320089,-0.0012271731166216826,0.0001090951534925555,0.78,0.78,0.86,0.92,0.98,296158855.6022072,315106785.6939832,34
2024-08-23,0.98,0.013000000000000012,0.007000000000000005,0.98,0.0,0.0,0.0029237742243208497,0.0029237742243208497,tier_force,True,True,True,True,0.5690822859358209,0.7818033622223326,0.11771292994146429,0.002987319348443318,-0.00040958821564807124,0.00021798709283182838,0.78,0.78,0.86,0.92,0.98,297024757.2305213,316028086.79190385,34
2024-08-26,0.92,0.05199999999999998,0.027999999999999983,0.92,0.11999999999999988,0.00011999999999999988,-0.010463201331614123,-0.010583201331614124,tier_force,True,True,True,False,0.5928417444043917,0.794296784769031,0.11193868681195937,-0.0113474396478358,-0.0005116924960115732,0.00010896979240770932,0.78,0.78,0.86,0.92,0.98,293881284.4242769,312721421.29335535,34
2024-08-27,0.92,0.05199999999999998,0.027999999999999983,0.92,0.0,0.0,-0.001437334210803037,-0.001437334210803037,tier_force,True,True,True,False,0.6107073850790831,0.8014604382802802,0.10959214065106425,-0.00146382466361894,-0.001742606159107929,0.0,0.78,0.78,0.86,0.92,0.98,293458878.8002591,312271936.09607947,34
2024-08-28,0.92,0.05199999999999998,0.027999999999999983,0.92,0.0,0.0,0.010799654741082984,0.010799654741082984,tier_force,True,True,True,False,0.6515368221223483,0.8092913043622553,0.10650456467258915,0.011919462001425796,-0.0034903728269224388,0.0005446102418291687,0.78,0.78,0.86,0.92,0.98,296628133.37200725,315644365.1912466,34
2024-08-29,0.92,0.05199999999999998,0.027999999999999983,0.86,0.0,0.0,-0.027578284980791526,-0.027578284980791526,hold,True,True,False,False,0.6881258486226298,0.8161275263033506,0.10330905709199761,-0.030360992762759498,0.00659223403290099,0.00039400682987000835,0.78,0.78,0.86,0.92,0.98,288447638.1765538,306939434.9354214,34
2024-08-30,0.86,0.09100000000000001,0.049,0.86,0.1200000000000001,0.00012000000000000011,-0.0016968896143987118,-0.001816889614398712,scheduled,True,True,False,False,0.6864394432690067,0.8247297521202822,0.09708213225335403,-0.002598453547940305,0.005850819297987142,0.00010930368802286594,0.78,0.78,0.86,0.92,0.98,287923560.658453,306418592.59603006,34
2024-09-03,0.86,0.09100000000000001,0.049,0.78,0.0,0.0,0.0010218692748597369,0.0010218692748597369,hold,True,False,False,False,0.7305082959224525,0.8327652183639854,0.08982513556512157,0.0009335895488260526,0.0023475490935136456,0.00010929174203244685,0.78,0.78,0.86,0.92,0.98,288217780.8985981,306731712.34104973,34
2024-09-04,0.86,0.09100000000000001,0.049,0.78,0.0,0.0,-0.022880693545040385,-0.022880693545040385,hold,True,False,False,False,0.7508487203933107,0.8399969602092054,0.08502393947881667,-0.026787402523872905,0.0014251198626413775,0.0005466677140806286,0.78,0.78,0.86,0.92,0.98,281623158.1796257,299713478.0304287,34
2024-09-05,0.86,0.09100000000000001,0.049,0.78,0.0,0.0,0.011188907119801333,0.011188907119801333,hold,True,False,False,False,0.7560417174709817,0.8434681656109273,0.08241150582692039,0.012859747834539581,0.001423340462607614,0.0,0.78,0.78,0.86,0.92,0.98,284774213.5392826,303066944.29866374,34
2024-09-06,0.86,0.09100000000000001,0.049,0.78,0.0,0.0,0.008351976498253581,0.008351976498253581,hold,True,False,False,False,0.7735656499425306,0.8405751237527668,0.08561904278604662,0.009241742252135143,0.0042640351062346316,0.0003275707500001168,0.78,0.78,0.86,0.92,0.98,287152641.0780713,305598152.29484373,34
2024-09-09,0.78,0.143,0.07699999999999999,0.78,0.15999999999999992,0.00015999999999999993,0.01683682624883254,0.01667682624883254,scheduled,True,False,False,False,0.7998183950453799,0.8408730401303504,0.08697728609346211,0.021715431585278777,-0.0007077649488455018,0.0,0.78,0.78,0.86,0.92,0.98,291941435.78022367,310743455.2869963,34
2024-09-10,0.78,0.143,0.07699999999999999,0.78,0.0,0.0,0.007433500304053708,0.007433500304053708,hold,True,False,False,False,0.8087338004015239,0.8217913568138154,0.10253865239259698,0.009816032542016018,-0.0016183640146975042,0.00010936331666178134,0.78,0.78,0.86,0.92,0.98,294111582.53186184,313053366.8563549,34
2024-09-11,0.78,0.143,0.07699999999999999,0.78,0.0,0.0,0.003811697832636737,0.003811697832636737,hold,True,False,False,False,0.7635771403835976,0.8034124494651094,0.1178084040159932,0.004479963193258163,0.0019250928860208294,0.0005459514181089808,0.78,0.78,0.86,0.92,0.98,295232647.01355195,314246631.6963009,34
2024-09-12,0.78,0.143,0.07699999999999999,0.86,0.0,0.0,-0.0030532347374105577,-0.0030532347374105577,hold,True,True,False,False,0.706049350658563,0.7907018979430024,0.12710594089380792,-0.0044179898603001755,0.002629280372715259,0.00021831506915970245,0.78,0.78,0.86,0.92,0.98,294331232.44007254,313287162.9642915,34
2024-09-13,0.92,0.05199999999999998,0.027999999999999983,0.92,0.28,0.00028000000000000003,0.00039473919265293095,0.00011473919265293092,tier_force,True,True,True,False,0.6168467076566124,0.780668924699605,0.1346969592337271,0.0005283455740658916,-0.0018154469659213968,0.00010944666929368907,0.78,0.78,0.86,0.92,0.98,294365003.76805526,313410829.6860686,34
2024-09-16,0.92,0.05199999999999998,0.027999999999999983,0.92,0.0,0.0,-0.004203020654460755,-0.004203020654460755,tier_force,True,True,True,False,0.5887649485428859,0.7667304633955805,0.14737850259398053,-0.004329534359392873,-0.004345141263023211,0.00021779649492481568,0.78,0.78,0.86,0.92,0.98,293127781.5772677,312093557.4955663,34
2024-09-17,0.98,0.013000000000000012,0.007000000000000005,0.98,0.11999999999999988,0.00011999999999999988,0.02476955145204065,0.02464955145204065,tier_force,True,True,True,True,0.5662792730301417,0.7585172399863185,0.15445734778531167,0.0252842638738191,-0.0008119340066129466,0.00021828539769908062,0.78,0.78,0.86,0.92,0.98,300353249.9112791,319823974.9258032,34
2024-09-18,0.98,0.013000000000000012,0.007000000000000005,0.98,0.0,0.0,-0.001866220540395934,-0.001866220540395934,tier_force,True,True,True,True,0.5635875938810256,0.7506962594849086,0.16268885836714286,-0.0019033769949547974,-0.0003050125243128088,0.0004362967822619801,0.78,0.78,0.86,0.92,0.98,299792724.50692,319227112.8544856,34
2024-09-19,0.98,0.013000000000000012,0.007000000000000005,0.98,0.0,0.0,0.0025904937052966823,0.0025904937052966823,tier_force,True,True,True,True,0.5083029570786168,0.747881766136953,0.1645817298818608,0.0026506672288868494,-0.0006094655963422291,0.00010898196285991091,0.78,0.78,0.86,0.92,0.98,300569335.6726489,320054068.6808952,34
2024-09-20,0.98,0.013000000000000012,0.007000000000000005,0.98,0.0,0.0,0.004742487289924924,0.004742487289924924,tier_force,True,True,True,True,0.47492031288206654,0.7446680192028929,0.1660235817139492,0.00482365699135423,0.0011184632730747435,0.00010905940682937043,0.78,0.78,0.86,0.92,0.98,301994781.9268176,321571921.0337031,34
2024-09-23,0.98,0.013000000000000012,0.007000000000000005,0.98,0.0,0.0,0.000857291540045036,0.000857291540045036,tier_force,True,True,True,True,0.4596062424187368,0.7424772690971657,0.16678644956017982,0.0009271196144642335,-0.004062392076021215,0.00021791640833757064,0.78,0.78,0.86,0.92,0.98,302253679.49850124,321847601.92112136,34
2024-09-24,0.98,0.013000000000000012,0.007000000000000005,0.98,0.0,0.0,0.007353440708997141,0.007353440708997141,tier_force,True,True,True,True,0.4510930096659441,0.747707075908769,0.15973457119838524,0.007512976611359301,-0.0007135669334595862,0.0,0.78,0.78,0.86,0.92,0.98,304476284.00976974,324214289.1791813,34
2024-09-25,0.98,0.013000000000000012,0.007000000000000005,0.98,0.0,0.0,-0.005391746615154814,-0.005391746615154814,tier_force,True,True,True,True,0.4411934730077818,0.7492935784897586,0.15657663633851035,-0.005556908809456695,0.003979626482178755,0.00032698197777492055,0.78,0.78,0.86,0.92,0.98,302834625.03606516,322466207.8829146,34
2024-09-26,0.98,0.013000000000000012,0.007000000000000005,0.98,0.0,0.0,0.0026227072399984544,0.0026227072399984544,tier_force,True,True,True,True,0.43008669738956057,0.7493606736770813,0.14674667248132894,0.002711857380265581,-0.002744300730346816,0.0001089881189562103,0.78,0.78,0.86,0.92,0.98,303628871.59966946,323311942.3409839,34
2024-09-27,0.98,0.013000000000000012,0.007000000000000005,0.98,0.0,0.0,-0.01360490226258709,-0.01360490226258709,tier_force,True,True,True,True,0.44870200324794474,0.6632003556393031,0.17707273588769024,-0.013932466207799421,0.003639056514313399,0.0002295551957525177,0.78,0.78,0.86,0.92,0.98,299498030.4774564,318913314.9651077,34
2024-09-30,0.98,0.013000000000000012,0.007000000000000005,0.98,0.0,0.0,0.0013483479527834736,0.0013483479527834736,tier_force,True,True,True,True,0.45234581134275215,0.5929487907286489,0.20422387774440315,0.0014129130770199616,-0.0028517418774536285,0.00010939738725834758,0.78,0.78,0.86,0.92,0.98,299901858.0337133,319343321.08045626,34
2024-10-01,0.98,0.013000000000000012,0.007000000000000005,0.98,0.0,0.0,-0.0007968669565816175,-0.0007968669565816175,tier_force,True,True,True,True,0.46141950377490837,0.5372340065428001,0.22511864077430982,-0.0007469461563068824,-0.0051068650494345835,0.00021850317739668945,0.78,0.78,0.86,0.92,0.98,299662876.1528288,319088846.9400822,34
2024-10-02,0.92,0.05199999999999998,0.027999999999999983,0.92,0.11999999999999988,0.00011999999999999988,0.01045059477346399,0.01033059477346399,tier_force,True,True,True,False,0.4693821291526163,0.47327234626258374,0.2485902313377401,0.011898115321619551,-0.009649914765818446,0.0002187230498771342,0.78,0.78,0.86,0.92,0.98,302758571.89501435,322423515.17618483,34
2024-10-03,0.92,0.05199999999999998,0.027999999999999983,0.86,0.0,0.0,-0.010037265872129926,-0.010037265872129926,hold,True,True,False,False,0.4780818768143657,0.4268196384576063,0.26580142396680695,-0.010711654208830246,-0.003628065670407188,0.00021840767339553757,0.78,0.78,0.86,0.92,0.98,299719703.6138378,319187264.6309347,34
2024-10-04,0.92,0.05199999999999998,0.027999999999999983,0.86,0.0,0.0,0.013783110953453479,0.013783110953453479,hold,True,True,False,False,0.46125467552244687,0.3827388562993487,0.26789994523990224,0.014934593480001812,0.0008324029202271266,0.0,0.78,0.78,0.86,0.92,0.98,303850773.54368347,323586658.11427224,34
2024-10-07,0.78,0.143,0.07699999999999999,0.78,0.28,0.00028000000000000003,0.005610576549976274,0.005330576549976274,scheduled,True,False,False,False,0.4669774829111995,0.35945137836447927,0.2712773013865499,0.007868363708511517,-0.003742359683483465,0.00010922457240813976,0.78,0.78,0.86,0.92,0.98,305470473.35182756,325402165.8301733,34
2024-10-08,0.78,0.143,0.07699999999999999,0.8,0.0,0.0,-0.0008922420066823716,-0.0008922420066823716,hold,True,False,False,False,0.4261358450176196,0.34623822476471633,0.26875705622229823,-0.0011356110174852718,-0.00010416350344955028,0.00010948010323930113,0.78,0.8,0.86,0.92,0.98,305197919.7637019,325111828.3487542,35
2024-10-09,0.78,0.143,0.07699999999999999,0.8,0.0,0.0,0.0013061090393419955,0.0013061090393419955,hold,True,False,False,False,0.3632937258349267,0.3372753839318732,0.26798473953281254,0.0015632247704027158,0.0003129472265275268,0.0005460034420057269,0.78,0.8,0.86,0.92,0.98,305596541.5254937,325536459.84655756,35
2024-10-10,0.78,0.143,0.07699999999999999,0.74,0.0,0.0,0.006283383412066856,0.006283383412066856,hold,False,False,False,False,0.33018495987105423,0.32089164555790983,0.27976849008494686,0.008391502441746468,-0.0017734629994405893,-0.00010887381266733165,0.78,0.8,0.86,0.92,0.98,307516721.7653,327581930.2383804,35
2024-10-11,0.78,0.143,0.07699999999999999,0.74,0.0,0.0,-0.009668646915973246,-0.009668646915973246,hold,False,False,False,False,0.30168636646306557,0.3097704156672098,0.2841582589252667,-0.013366833785580345,0.005120762924436084,0.00032745894266317244,0.78,0.8,0.86,0.92,0.98,304543451.1617937,324414656.21885246,35
2024-10-14,0.78,0.143,0.07699999999999999,0.74,0.0,0.0,0.00031836971862030984,0.00031836971862030984,hold,False,False,False,False,0.26797393844601547,0.2921251651390568,0.27970708358186536,0.0001222024414417877,0.001559802897172835,0.0,0.78,0.8,0.86,0.92,0.98,304640408.5746477,324517940.02166915,35
2024-10-15,0.78,0.143,0.07699999999999999,0.74,0.0,0.0,-0.00018524701551846556,-0.00018524701551846556,hold,False,False,False,False,0.30030323554632843,0.29304512863935345,0.284031115084127,0.0006925838698199627,-0.005190626794389197,0.00021814542363141065,0.78,0.8,0.86,0.92,0.98,304583974.84815294,324457824.04179794,35
2024-10-16,0.78,0.143,0.07699999999999999,0.74,0.0,0.0,0.0053020035930245,0.0053020035930245,hold,False,False,False,False,0.3082108094510271,0.286266032574924,0.2829929872869408,0.006554673847071202,0.001147953881639907,0.0003272803536942259,0.78,0.8,0.86,0.92,0.98,306198880.1771756,326178100.59065247,35
2024-10-17,0.78,0.143,0.07699999999999999,0.74,0.0,0.0,0.00041240275830638283,0.00041240275830638283,hold,False,False,False,False,0.2908532918778683,0.274550636012313,0.2851418606930205,0.0019212668765602459,-0.007713196890351437,0.0002182045442811198,0.78,0.8,0.86,0.92,0.98,306325157.43995094,326312617.33903515,35
2024-10-18,0.78,0.143,0.07699999999999999,0.74,0.0,0.0,0.0007233954649367095,0.0007233954649367095,hold,False,False,False,False,0.2587868806002755,0.26335138809274655,0.2846685892999118,0.001089987180931118,-0.0009454815299346775,0.00010921198170255053,0.78,0.8,0.86,0.92,0.98,306546751.669639,326548670.40656984,35
2024-10-21,0.78,0.143,0.07699999999999999,0.78,0.0,0.0,-0.012283366731596121,-0.012283366731596121,hold,False,False,False,False,0.2279028922340437,0.2451595379897486,0.29173089220425114,-0.01532383454476205,-0.0023131173893826684,0.0,0.78,0.8,0.86,0.92,0.98,302781325.4985013,322537553.3322508,35
2024-10-22,0.78,0.143,0.07699999999999999,0.78,0.0,0.0,0.0066497673253292176,0.0066497673253292176,hold,False,False,False,False,0.20230100592756006,0.23110097061488044,0.29784611970342084,0.008108878087101479,0.002213016953555247,0.00010884406534628077,0.78,0.8,0.86,0.92,0.98,304794750.8635211,324682353.0155912,35
2024-10-23,0.78,0.143,0.07699999999999999,0.78,0.0,0.0,0.004470813659760472,0.004470813659760472,hold,False,False,False,False,0.23143735930907527,0.2202825517727387,0.30698444651780404,0.0060935648713453805,-0.0022081303237132532,0.0004363077454814235,0.78,0.8,0.86,0.92,0.98,306157431.399105,326133947.31453645,35
2024-10-24,0.78,0.143,0.07699999999999999,0.78,0.0,0.0,-0.00020558681808066664,-0.00020558681808066664,hold,False,False,False,False,0.24680602666428536,0.2151248146337106,0.31527574689163745,0.0001614661724642641,-0.002318394633585963,0.0,0.78,0.8,0.86,0.92,0.98,306094489.46695197,326066898.47404,35
2024-10-25,0.78,0.143,0.07699999999999999,0.78,0.0,0.0,0.007571768079309412,0.007571768079309412,hold,False,False,False,False,0.23036020522334316,0.20671701835656991,0.32521381682312556,0.009608418331548796,0.0004225760911753529,0.00021783635926331257,0.78,0.8,0.86,0.92,0.98,308412165.95155036,328535801.4076252,35
2024-10-28,0.78,0.143,0.07699999999999999,0.78,0.0,0.0,-0.00609789000115847,-0.00609789000115847,hold,False,False,False,False,0.22237177714718984,0.20207409365691867,0.3304055812543383,-0.007557540110609051,-0.001478348668314533,0.00010902785305932916,0.78,0.8,0.86,0.92,0.98,306531502.48855877,326532426.22919905,35
2024-10-29,0.78,0.143,0.07699999999999999,0.78,0.0,0.0,-0.01974817687464558,-0.01974817687464558,hold,False,False,False,False,0.194478916190666,0.19695929941464,0.32885078596186773,-0.025242760321310675,-0.0005287572236695182,0.00021803193456482184,0.78,0.8,0.86,0.92,0.98,300478064.1597639,320084006.12071764,35
2024-10-30,0.78,0.143,0.07699999999999999,0.78,0.0,0.0,0.004957231110760007,0.004957231110760007,hold,False,False,False,False,0.18621683460667882,0.19310967545912783,0.33122814893397423,0.007398933625877957,-0.005921498346877829,0.00042645644387961923,0.78,0.8,0.86,0.92,0.98,301967603.3675176,321670736.51391596,35
2024-10-31,0.78,0.143,0.07699999999999999,0.78,0.0,0.0,-0.0014921418466316537,-0.0014921418466316537,hold,False,False,False,False,0.21759740220155682,0.19564672977173686,0.35650328336772064,-0.0029131741329927463,0.0053376298317546755,0.00021886897612688472,0.78,0.8,0.86,0.92,0.98,301517024.8702059,321190758.1471268,35
2024-11-01,0.78,0.143,0.07699999999999999,0.78,0.0,0.0,0.01002625227787625,0.01002625227787625,hold,False,False,False,False,0.2388114508736608,0.19732404869072206,0.3742761748117954,0.012756819966652788,0.0005309979292802414,0.0,0.78,0.8,0.86,0.92,0.98,304540110.6276293,324411097.7176322,35
2024-11-04,0.78,0.143,0.07699999999999999,0.78,0.0,0.0,0.01973201013405742,0.01973201013405742,hold,False,False,False,False,0.24219990925852042,0.17297699943007872,0.40794834138864666,0.027163289272229107,-0.010294946558951024,0.0002184657097235032,0.78,0.8,0.86,0.92,0.98,310549299.1767606,330812380.7853972,35
2024-11-05,0.78,0.143,0.07699999999999999,0.78,0.0,0.0,0.013439057027363657,0.013439057027363657,hold,False,False,False,False,0.24050524891811298,0.15455655804310353,0.43309421762027045,0.015744292341902444,0.00804268061310709,0.00010916458448617661,0.78,0.8,0.86,0.92,0.98,314722788.9182049,335258187.23613006,35
2024-11-06,0.78,0.143,0.07699999999999999,0.78,0.0,0.0,0.0012576963658449914,0.0012576963658449914,hold,False,False,False,False,0.22344281439779465,0.14202347329133885,0.44427096086743134,0.0011683904908852405,0.002127833108910737,0.0005463850438995888,0.78,0.8,0.86,0.92,0.98,315118614.626076,335679840.23983675,35
2024-11-07,0.78,0.143,0.07699999999999999,0.78,0.0,0.0,-0.0008581895697689281,-0.0008581895697689281,hold,False,False,False,False,0.2100161918610205,0.12938844065033417,0.4523379980310536,-0.0005834536447215655,-0.002759965428163702,-0.00010935935920386441,0.78,0.8,0.86,0.92,0.98,314848183.1177639,335391763.3021612,35
2024-11-08,0.78,0.143,0.07699999999999999,0.78,0.0,0.0,-0.0023015204752388618,-0.0023015204752388618,hold,False,False,False,False,0.1923905080079935,0.11925425072369626,0.4595866811035676,-0.0018099896944029359,-0.006280769966735211,0.00010937131998134397,0.78,0.8,0.86,0.92,0.98,314123553.57772654,334619852.2916948,35
2024-11-11,0.78,0.143,0.07699999999999999,0.78,0.0,0.0,-0.0010787672659594155,-0.0010787672659594155,hold,False,False,False,False,0.18054107235892877,0.11296377217496917,0.45143894191631795,-0.0012867122298534373,-0.0006428815260939302,0.00021818612412594085,0.78,0.8,0.86,0.92,0.98,313784687.37066007,334258875.34850234,35
2024-11-12,0.78,0.143,0.07699999999999999,0.78,0.0,0.0,-0.0054361361755023326,-0.0054361361755023326,hold,False,False,False,False,0.17461685413140254,0.11161820206231408,0.4422745027304994,-0.006949751768844048,-0.00010720136925856938,0.0,0.78,0.8,0.86,0.92,0.98,312078911.0803257,332441798.58423764,35
2024-11-13,0.78,0.143,0.07699999999999999,0.78,0.0,0.0,-0.018497631163664433,-0.018497631163664433,hold,False,False,False,False,0.17123631480349746,0.1147482676487988,0.4313966103816994,-0.023825893935886633,0.0004290252152663321,0.00032747403303967637,0.78,0.8,0.86,0.92,0.98,306306190.4892038,326292412.81064117,35
2024-11-14,0.78,0.143,0.07699999999999999,0.78,0.0,0.0,0.005749344944204809,0.005749344944204809,hold,False,False,False,False,0.20246941162655985,0.11908166441930029,0.4334597064810736,0.0069476204697231925,0.0022502440565150827,0.00010929971089690405,0.78,0.8,0.86,0.92,0.98,308067250.4368715,328168380.44456637,35
2024-11-15,0.78,0.143,0.07699999999999999,0.78,0.0,0.0,0.005697126975323073,0.005697126975323073,hold,False,False,False,False,0.2399857309722173,0.12071677162809666,0.45568849682772244,0.0068796905268129205,0.002138352201979332,0.0003270649289084382,0.78,0.8,0.86,0.92,0.98,309822348.67954904,330037997.3772452,35
2024-11-18,0.78,0.143,0.07699999999999999,0.74,0.0,0.0,-0.0006544690400903328,-0.0006544690400903328,hold,False,False,False,False,0.2562684951173714,0.1511682793187314,0.4508683815255476,-0.0005759736563689666,-0.0014938601026861509,0.00010925203326728194,0.78,0.8,0.86,0.92,0.98,309619579.54441017,329821997.72590834,35
2024-11-19,0.78,0.143,0.07699999999999999,0.74,0.0,0.0,0.0027378809120990866,0.0027378809120990866,hold,False,False,False,False,0.26865275263394794,0.15213692573053295,0.459980729449984,0.003597217960707111,-0.0005339423589912906,0.00010915142965317592,0.78,0.8,0.86,0.92,0.98,310467281.0812569,330725011.07787246,35
2024-11-20,0.78,0.143,0.07699999999999999,0.74,0.0,0.0,0.00136800466634793,0.00136800466634793,hold,False,False,False,False,0.2786479905963382,0.1529410571404651,0.4649643267480154,0.001603997640663879,0.0006412290804536092,0.0003271525730550451,0.78,0.8,0.86,0.92,0.98,310892001.7705245,331177444.436305,35
2024-11-21,0.78,0.143,0.07699999999999999,0.74,0.0,0.0,0.0027851684861522974,0.0027851684861522974,hold,False,False,False,False,0.27623661352101275,0.15414065835953272,0.46627451635086203,0.0015816634803711427,0.010790699140328597,0.00010910382332229851,0.78,0.8,0.86,0.92,0.98,311757888.37645257,332099829.4178735,35
2024-11-22,0.78,0.143,0.07699999999999999,0.74,0.0,0.0,0.0038856633452199565,0.0038856633452199565,hold,False,False,False,False,0.2747416963272043,0.15327208855083108,0.4719844580633594,0.005369175767398593,-0.0021139423311254957,0.0,0.78,0.8,0.86,0.92,0.98,312969274.57590014,333390257.55199635,35
2024-11-25,0.78,0.143,0.07699999999999999,0.74,0.0,0.0,-0.005540502826324013,-0.005540502826324013,hold,False,False,False,False,0.2745551390642485,0.153812785915242,0.47388660971853125,-0.007873410831728878,0.004025067718981035,0.00032692128065225923,0.78,0.8,0.86,0.92,0.98,311235267.42555976,331543107.8877606,35
2024-11-26,0.78,0.143,0.07699999999999999,0.74,0.0,0.0,0.007473992276563224,0.007473992276563224,hold,False,False,False,False,0.2734814825053931,0.15194620353177538,0.48101295480905387,0.00878687643986531,0.004219770395927469,0.000218201127930584,0.78,0.8,0.86,0.92,0.98,313561437.4104925,334021058.5154615,35
2024-11-27,0.78,0.143,0.07699999999999999,0.74,0.0,0.0,0.008501662577538031,0.008501662577538031,hold,False,False,False,False,0.28464321139424453,0.14936477899743797,0.48621076392501633,0.01088803030554475,-8.420253937491129e-05,0.0002732454849836419,0.78,0.8,0.86,0.92,0.98,316227230.9486843,336860792.848752,35
2024-11-29,0.78,0.143,0.07699999999999999,0.74,0.0,0.0,0.0020015191097573046,0.0020015191097573046,hold,False,False,False,False,0.26749762105173924,0.14205335781460252,0.4793604089104674,0.003066145173852286,-0.0028454170037038873,0.00021844812574256522,0.78,0.8,0.86,0.92,0.98,316860165.79445374,337535026.1629668,35
2024-12-02,0.78,0.143,0.07699999999999999,0.74,0.0,0.0,0.010195577829334076,0.010195577829334076,hold,False,False,False,False,0.2590218639539708,0.13314737691834944,0.4749351388980688,0.012362899612783806,0.0038046868769257003,0.00010968711639391948,0.78,0.8,0.86,0.92,0.98,320090738.2758268,340976390.79233766,35
2024-12-03,0.78,0.143,0.07699999999999999,0.78,0.0,0.0,-0.0021681046050035873,-0.0021681046050035873,hold,False,False,False,False,0.2423056038966052,0.12291779065900955,0.46398041795655554,-0.0027710712343664845,-0.00010531116173273514,0.00010896693415651804,0.78,0.8,0.86,0.92,0.98,319396748.07215196,340237118.3092633,35
2024-12-04,0.78,0.143,0.07699999999999999,0.78,0.0,0.0,0.007466093889313209,0.007466093889313209,hold,False,False,False,False,0.23068122716622594,0.1091875434540043,0.4513544215219642,0.00894962700160784,0.0031588168550655826,0.0004373249062950002,0.78,0.8,0.86,0.92,0.98,321781394.18119997,342777360.5791896,35
2024-12-05,0.78,0.143,0.07699999999999999,0.78,0.0,0.0,-0.006561271254462879,-0.006561271254462879,hold,False,False,False,False,0.21569189281670037,0.0997381293186751,0.4543803319384604,-0.00778759283289987,-0.0034639267793130646,0.00010899590442581264,0.78,0.8,0.86,0.92,0.98,319670099.16933787,340528305.3365407,35
2024-12-06,0.78,0.143,0.07699999999999999,0.78,0.0,0.0,-0.0028970353046329374,-0.0028970353046329374,hold,False,False,False,False,0.20525308941608505,0.08756577247518191,0.4229213860827554,-0.0034074617913335548,-0.0017905337611778815,0.0002185872786450993,0.78,0.8,0.86,0.92,0.98,318744003.60620874,339541782.8137539,35
2024-12-09,0.78,0.143,0.07699999999999999,0.78,0.0,0.0,0.013549713998428465,0.013549713998428465,hold,False,False,False,False,0.21844772320096073,0.08303828175319487,0.4408921046823747,0.017902331538436345,-0.0029546501232858846,0.00010922553348047259,0.78,0.8,0.86,0.92,0.98,323062893.6937869,344142476.8613968,35
2024-12-10,0.78,0.143,0.07699999999999999,0.78,0.0,0.0,-0.005561964857178549,-0.005561964857178549,hold,False,False,False,False,0.2346378424845962,0.08132417645748448,0.463847006207071,-0.00645384117961878,-0.003809751338799905,0.00021851564120112243,0.78,0.8,0.86,0.92,0.98,321266029.2324037,342228368.4992313,35
2024-12-11,0.78,0.143,0.07699999999999999,0.78,0.0,0.0,0.005327133032316915,0.005327133032316915,hold,False,False,False,False,0.2233493509950361,0.07998078804618496,0.4456162749005196,0.007654323613154768,-0.004674418137556091,0.0003273039964508673,0.78,0.8,0.86,0.92,0.98,322977456.1088889,344051464.54565954,35
2024-12-12,0.78,0.143,0.07699999999999999,0.78,0.0,0.0,0.011286839741582753,0.011286839741582753,hold,False,False,False,False,0.22003415640906404,0.08481846728762357,0.44268123028868217,0.014400806164982072,0.0003203697834808228,0.00010906563453216833,0.78,0.8,0.86,0.92,0.98,326622850.8961341,347934718.2888433,35
2024-12-13,0.78,0.143,0.07699999999999999,0.78,0.0,0.0,-0.003426729013740614,-0.003426729013740614,hold,False,False,False,False,0.20446752173241908,0.08513583730324575,0.4160802531706413,-0.004403999162754357,0.0,0.00010896536633486775,0.78,0.8,0.86,0.92,0.98,325503602.8964176,346742440.2947952,35
2024-12-16,0.78,0.143,0.07699999999999999,0.78,0.0,0.0,-0.029245110010198968,-0.029245110010198968,hold,False,False,False,False,0.18934402363402347,0.07536254869216882,0.36420961589967893,-0.0360766526822307,-0.007729516909503631,0.0,0.78,0.8,0.86,0.92,0.98,315984214.2209958,336601919.4831691,35
2024-12-17,0.78,0.143,0.07699999999999999,0.78,0.0,0.0,-0.004110655454673872,-0.004110655454673872,hold,False,False,False,False,0.18369725437389836,0.06562925437186991,0.30612119408025745,-0.004453480503351592,-0.0045308309361487,0.00014244365986537666,0.78,0.8,0.86,0.92,0.98,314685311.9872174,335218264.9667919,35
2024-12-18,0.78,0.143,0.07699999999999999,0.78,0.0,0.0,0.007372122063382152,0.007372122063382152,hold,False,False,False,False,0.24487392076423037,0.08424455031276229,0.3419362682630945,0.008732629624223165,0.0036847130533745887,0.00043840246565607366,0.78,0.8,0.86,0.92,0.98,317005210.5187407,337689534.9340023,35
2024-12-19,0.78,0.143,0.07699999999999999,0.74,0.0,0.0,0.006966221214366685,0.006966221214366685,hold,False,False,False,False,0.2905354136122038,0.10084999006750721,0.3744537174661064,0.0097427183153187,-0.004427266234838467,0.0,0.78,0.8,0.86,0.92,0.98,319213538.9413211,340041954.93612915,35
2024-12-20,0.78,0.143,0.07699999999999999,0.74,0.0,0.0,0.010670928023379146,0.010670928023379146,hold,False,False,False,False,0.32088801107501763,0.11258095807770502,0.39640911939355283,0.013559674845035286,0.0005422220009545509,0.00021875192357301287,0.78,0.8,0.86,0.92,0.98,322619843.6394521,343670518.16218174,35
2024-12-23,0.78,0.143,0.07699999999999999,0.74,0.0,0.0,-0.0004045556535524185,-0.0004045556535524185,hold,False,False,False,False,0.340204272729872,0.11270276384383868,0.41741538884347845,-0.000679402390147299,0.0007587692539225976,0.00021914555131874458,0.78,0.8,0.86,0.92,0.98,322489325.95775956,343531484.31109995,35
2024-12-24,0.78,0.143,0.07699999999999999,0.74,0.0,0.0,-0.010706536544699451,-0.010706536544699451,hold,False,False,False,False,0.33220993322336556,0.10745085067863917,0.4243067484598709,-0.01329295899741012,-0.0025995969150612863,0.0004378419757689045,0.78,0.8,0.86,0.92,0.98,319036582.2041173,339853451.9200683,35
2024-12-26,0.78,0.143,0.07699999999999999,0.74,0.0,0.0,-0.00953533935018314,-0.00953533935018314,hold,False,False,False,False,0.3482428825810841,0.1035774897135243,0.4408975072628014,-0.013299962751359251,0.005864556614525007,0.0,0.78,0.8,0.86,0.92,0.98,315994460.12767845,336612833.9266793,35
2024-12-27,0.78,0.143,0.07699999999999999,0.68,0.0,0.0,-0.0068714525645701685,-0.0068714525645701685,hold,False,False,False,False,0.3955023379560777,0.10731474838765964,0.45954925819170334,-0.008494627639557661,-0.0018356121982308071,0.00021882517703653015,0.78,0.8,0.86,0.92,0.98,313823119.18424416,334299814.8057266,35
2024-12-30,0.78,0.143,0.07699999999999999,0.68,0.0,0.0,-0.001431566831599961,-0.001431566831599961,hold,False,False,False,False,0.44398082691702756,0.10698152136840795,0.4860905593214989,-0.001956090977874303,0.0005410171296249544,0.00021842443643671494,0.78,0.8,0.86,0.92,0.98,313373860.41583073,333821242.2790407,35
2024-12-31,0.78,0.143,0.07699999999999999,0.68,0.0,0.0,0.012541341245942321,0.012541341245942321,hold,False,False,False,False,0.4783608969172352,0.10698677432006404,0.5056642123661139,0.016365149116375655,-0.0016216514099800516,0.0001093647635903583,0.78,0.8,0.86,0.92,0.98,317303988.93686396,338007808.39360654,35
2025-01-02,0.6,0.26,0.13999999999999999,0.6,0.3600000000000001,0.00036000000000000013,0.006657745939578132,0.006297745939578132,scheduled,False,False,False,False,0.5174973253995563,0.10898228482706024,0.5193306966680399,0.011492975869891175,-0.0009744666201364494,0.00010944099199217128,0.78,0.8,0.86,0.92,0.98,319302288.84480304,340258178.5074848,35
2025-01-03,0.6,0.26,0.13999999999999999,0.6,0.0,0.0,-0.011859659462367302,-0.011859659462367302,hold,False,False,False,False,0.5443383339487303,0.11384637418743977,0.5232486545125369,-0.01784429146374733,-0.004552644899196823,0.00021859349765906977,0.78,0.8,0.86,0.92,0.98,315515472.4335492,336222832.3811006,35
2025-01-06,0.6,0.26,0.13999999999999999,0.6,0.0,0.0,0.0005884044974844427,0.0005884044974844427,hold,False,False,False,False,0.5516580323459797,0.11807177606532739,0.5242897171052342,0.00017466382578645856,0.001742297916458968,0.00021863388380882753,0.78,0.8,0.86,0.92,0.98,315701123.156555,336420667.4078306,35
2025-01-07,0.6,0.26,0.13999999999999999,0.6,0.0,0.0,-0.011256163099459513,-0.011256163099459513,hold,False,False,False,False,0.5668862178982863,0.1250949740380837,0.5278791755208844,-0.015680999632137538,-0.0072825156164259,0.0003277910006695972,0.78,0.8,0.86,0.92,0.98,312147539.8236222,332633861.505459,35
2025-01-08,0.6,0.26,0.13999999999999999,0.6,0.0,0.0,-0.002368475464315254,-0.002368475464315254,hold,False,False,False,False,0.5887372735933638,0.13844343130104028,0.5268965935882963,-0.003213761426337225,-0.0017520267563670977,0.00010934534387518902,0.78,0.8,0.86,0.92,0.98,311408226.0343036,331846026.3658829,36
2025-01-10,0.6,0.26,0.13999999999999999,0.6,0.0,0.0,-0.00045356076694923696,-0.00045356076694923696,hold,False,False,False,False,0.6200221593526137,0.15491709900386233,0.5251021547558861,-0.0009495292780437037,0.0003292030292332271,0.00021831437340247284,0.78,0.8,0.86,0.92,0.98,311266983.48046917,331695514.0276553,36
2025-01-13,0.6,0.26,0.13999999999999999,0.6,0.0,0.0,0.016555980625558013,0.016555980625558013,hold,False,False,False,False,0.6441162955274531,0.16061193746695723,0.5268446866513719,0.023006394786397655,0.010526261879903354,0.00010939760674677501,0.78,0.8,0.86,0.92,0.98,316420313.6283477,337187058.5314817,36
2025-01-14,0.6,0.26,0.13999999999999999,0.52,0.0,0.0,-0.0035829329339642953,-0.0035829329339642953,hold,False,False,False,False,0.6698046670489273,0.16723789588880647,0.5244468708525163,-0.007006059825096389,0.0023873190811289913,0.0,0.78,0.8,0.86,0.92,0.98,315286600.8656734,335978939.91456264,36
2025-01-15,0.6,0.26,0.13999999999999999,0.52,0.0,0.0,0.0104003807870046,0.0104003807870046,hold,False,False,False,False,0.6716199998656482,0.16520474297282509,0.525613238309316,0.016878374094615012,0.0007574397820553358,0.0005458713350086075,0.78,0.8,0.86,0.92,0.98,318565701.5717167,339473248.82608825,36
2025-01-16,0.6,0.26,0.13999999999999999,0.52,0.0,0.0,0.0043907726012062335,0.0043907726012062335,hold,False,False,False,False,0.6602611284404674,0.17911313804383938,0.5184260915530564,0.005864844402916125,0.0033533306132944585,0.0,0.78,0.8,0.86,0.92,0.98,319964451.1258618,340963798.66587627,36
2025-01-17,0.6,0.26,0.13999999999999999,0.6,0.0,0.0,0.007029533371053247,0.007029533371053247,hold,False,False,False,False,0.6433520511500298,0.17767489434227696,0.5096209888501024,0.012786158875049303,-0.002587352332832027,0.00021821180399994589,0.78,0.8,0.86,0.92,0.98,322213651.9126018,343360615.06691915,36
2025-01-21,0.6,0.26,0.13999999999999999,0.6,0.0,0.0,0.0006010865479617888,0.0006010865479617888,hold,False,False,False,False,0.5820589811140492,0.1651699873245387,0.5107847442481791,0.0021258676350404127,-0.002593977050240226,0.0,0.78,0.8,0.86,0.92,0.98,322407330.2043361,343567004.5137357,36
2025-01-22,0.6,0.26,0.13999999999999999,0.6,0.0,0.0,-0.0027942008038375835,-0.0027942008038375835,hold,False,False,False,False,0.5228665803025808,0.14923216520935256,0.5164689733889694,-0.005651073294553277,0.00205897136952915,0.0004365044058343148,0.78,0.8,0.86,0.92,0.98,321506459.383116,342607009.31355137,36
2025-01-23,0.6,0.26,0.13999999999999999,0.68,0.0,0.0,-0.01576655868367308,-0.01576655868367308,hold,False,False,False,False,0.4559546082579081,0.1403793048925105,0.4954414983148076,-0.029114676104592063,0.006488274461943444,0.00010925442126330509,0.78,0.8,0.86,0.92,0.98,316437408.9240722,337205275.79577154,36
2025-01-24,0.6,0.26,0.13999999999999999,0.68,0.0,0.0,0.00889597620588149,0.00889597620588149,hold,False,False,False,False,0.4193378263609845,0.13477107666914115,0.48371905615376287,0.014779946221512352,0.00010772489605415103,0.0,0.78,0.8,0.86,0.92,0.98,319252428.5845116,340205045.9057484,36
2025-01-27,0.68,0.20799999999999996,0.11199999999999997,0.68,0.16000000000000014,0.00016000000000000015,-0.0015106847842856208,-0.001670684784285621,scheduled,False,False,False,False,0.47819023757407353,0.14904560461455807,0.48770747106963064,-0.001878056845031617,-0.0011816451012254259,0.00010871474456042307,0.78,0.8,0.86,0.92,0.98,318719058.4097292,339691103.31936145,36
2025-01-28,0.68,0.20799999999999996,0.11199999999999997,0.6,0.0,0.0,0.0033579568104351106,0.0033579568104351106,hold,False,False,False,False,0.5009469108971155,0.15781626081249212,0.4940909153762495,0.004262265541195243,0.0021509243465718253,0.00010914266370898318,0.78,0.8,0.86,0.92,0.98,319789303.2425316,340831771.37319696,36
2025-01-29,0.68,0.20799999999999996,0.11199999999999997,0.6,0.0,0.0,-0.0012862581240591444,-0.0012862581240591444,hold,False,False,False,False,0.5046208088988212,0.15458426924513682,0.5021186509001033,-0.0014529684687171196,-0.0016099901500790104,0.00032712844540117025,0.78,0.8,0.86,0.92,0.98,319377971.65324867,340393373.73833066,36
2025-01-30,0.68,0.20799999999999996,0.11199999999999997,0.68,0.0,0.0,-0.005262149941411159,-0.005262149941411159,hold,False,False,False,False,0.4974945180411746,0.14659876467819738,0.5160284840626541,-0.008003131020826393,0.0007120590071394428,0.0002845614220159387,0.78,0.8,0.86,0.92,0.98,317697356.8784255,338602172.76665676,36
2025-01-31,0.68,0.20799999999999996,0.11199999999999997,0.68,0.0,0.0,0.008862709750382563,0.008862709750382563,hold,False,False,False,False,0.4777141848799296,0.14036144122067537,0.5200204819133555,0.012275282137659493,0.002478451426798589,0.0,0.78,0.8,0.86,0.92,0.98,320513016.34090275,341603105.54473656,36
2025-02-03,0.6,0.26,0.13999999999999999,0.6,0.16000000000000014,0.00016000000000000015,0.004247351631365097,0.004087351631365097,scheduled,False,False,False,False,0.5046986624298028,0.13651144370676283,0.5169923257072884,0.004537880020222929,0.005805115567701247,0.00010923979735011358,0.78,0.8,0.86,0.92,0.98,321823065.7411175,343054014.05235136,36
2025-02-04,0.6,0.26,0.13999999999999999,0.68,0.0,0.0,0.002856758285803411,0.002856758285803411,hold,False,False,False,False,0.4591949600501009,0.13378726563964824,0.5139062152254784,0.005219680194909149,-0.0011757032426518155,0.0002188072281956721,0.78,0.8,0.86,0.92,0.98,322742436.4507361,344034036.4494735,36
2025-02-05,0.6,0.26,0.13999999999999999,0.68,0.0,0.0,-0.008399659783705885,-0.008399659783705885,hold,False,False,False,False,0.4351976002397499,0.14569312724956826,0.5013888913608608,-0.012613094705838046,-0.003316941044022914,0.00021858365173499372,0.78,0.8,0.86,0.92,0.98,320031509.7867856,341144267.5892829,36
2025-02-06,0.6,0.26,0.13999999999999999,0.68,0.0,0.0,0.007222485355945153,0.007222485355945153,hold,False,False,False,False,0.3799975689606638,0.17197850712999452,0.47897512583957996,0.012105048948412245,-0.00021477509591405486,0.0001092679416818676,0.78,0.8,0.86,0.92,0.98,322342932.67966163,343608177.06621104,36
2025-02-07,0.6,0.26,0.13999999999999999,0.68,0.0,0.0,-0.0020832518821940838,-0.0020832518821940838,hold,False,False,False,False,0.36549637495404264,0.18200249884789282,0.47461224060521257,-0.002380750113849861,-0.002577251379549672,0.00010916817713391147,0.78,0.8,0.86,0.92,0.98,321671411.1584448,342892354.6846006,36
2025-02-10,0.74,0.169,0.091,0.74,0.28,0.00028000000000000003,-0.0007201355294258195,-0.0010001355294258195,scheduled,False,False,False,False,0.3412754049817158,0.19553298011061407,0.4590866241505682,0.0005871268568600208,-0.006890832038799588,0.00010924407752632703,0.78,0.8,0.86,0.92,0.98,321349696.1513447,342645425.71722376,36
2025-02-11,0.74,0.169,0.091,0.74,0.0,0.0,0.011929579466234725,0.011929579466234725,hold,False,False,False,False,0.3209935267209585,0.1980903392051117,0.45435630357296714,0.014385759105328466,0.007480647855190314,0.00021855209631316264,0.78,0.8,0.86,0.92,0.98,325183262.88803256,346733041.5520592,36
2025-02-12,0.74,0.169,0.091,0.74,0.0,0.0,0.0038461065845866635,0.0038461065845866635,hold,False,False,False,False,0.3047208707362097,0.20430927720843206,0.43935489349945245,0.004198682869986037,0.0041968012574251645,0.00032771261859498857,0.78,0.8,0.86,0.92,0.98,326433952.3766236,348066613.7862663,36
2025-02-13,0.74,0.169,0.091,0.74,0.0,0.0,0.0007918829691461153,0.0007918829691461153,hold,False,False,False,False,0.2850204304478825,0.1861021651057608,0.42735269839843004,0.0022669603146123762,-0.005358160192387995,0.00021825724007173974,0.78,0.8,0.86,0.92,0.98,326692449.86406165,348342241.809852,36
2025-02-14,0.74,0.169,0.091,0.78,0.0,0.0,0.0004889777010484388,0.0004889777010484388,hold,False,False,False,False,0.24691663426326668,0.16719571563259156,0.4077925804982034,0.00027820247719767544,0.001616280386118829,0.00010941189745139468,0.78,0.8,0.86,0.92,0.98,326852195.187146,348512573.3984302,36
2025-02-18,0.74,0.169,0.091,0.78,0.0,0.0,-0.0027758933055874757,-0.0027758933055874757,hold,False,False,False,False,0.22073740850885926,0.15158759137907754,0.4058639335424936,-0.004244737794514619,0.002043489800855891,0.00021827347262304286,0.78,0.8,0.86,0.92,0.98,325944888.36660945,347545139.67902046,36
2025-02-19,0.74,0.169,0.091,0.78,0.0,0.0,-0.014330809528105696,-0.014330809528105696,hold,False,False,False,False,0.20157241488620803,0.14006021793021556,0.40433460881104555,-0.020754511616718485,0.005903841555492839,0.0003272510482164037,0.78,0.8,0.86,0.92,0.98,321273834.2547679,342564536.4798615,36
2025-02-20,0.74,0.169,0.091,0.78,0.0,0.0,-0.008364593372715242,-0.008364593372715242,hold,False,False,False,False,0.20431475818250452,0.12982911259657634,0.4209919475302485,-0.011804317150188592,0.002134173319646937,0.00010907722421960031,0.78,0.8,0.86,0.92,0.98,318586509.26993364,339699123.4282948,36
2025-02-21,0.74,0.169,0.091,0.78,0.0,0.0,-0.007991719226131705,-0.007991719226131705,hold,False,False,False,False,0.22595436148415413,0.1377061515778853,0.42944473588840054,-0.012599277543278498,0.007880154768605818,0.0,0.78,0.8,0.86,0.92,0.98,316040455.33861494,336984343.4124928,36
2025-02-24,0.74,0.169,0.091,0.74,0.0,0.0,0.002271719292261053,0.002271719292261053,hold,False,False,False,False,0.26762703115172987,0.1526715709202992,0.4433773043742396,0.0024156843768992076,0.0027470237113349505,0.00021830600153882607,0.78,0.8,0.86,0.92,0.98,316758410.5381426,337749877.24661285,36
2025-02-25,0.74,0.169,0.091,0.74,0.0,0.0,-0.02073674011165268,-0.02073674011165268,hold,False,False,False,False,0.307215619492738,0.15868618347380883,0.46010098610894595,-0.027771287137281386,-0.0011592331874608064,0.00010904152325741379,0.78,0.8,0.86,0.92,0.98,310189873.7006329,330746045.8194072,36
2025-02-26,0.74,0.169,0.091,0.74,0.0,0.0,0.01263249366654191,0.01263249366654191,hold,False,False,False,False,0.3288439057083492,0.1699991684622045,0.4663021316264897,0.015791434897993062,0.005485185941943804,0.0002179716245993557,0.78,0.8,0.86,0.92,0.98,314108345.3155816,334924193.14845467,36
2025-02-27,0.74,0.169,0.091,0.68,0.0,0.0,-0.015560624329697128,-0.015560624329697128,hold,False,False,False,False,0.3990281680085931,0.2148649157186207,0.4475483186643444,-0.021882444403536927,0.003629908193294673,0.00020802246432305438,0.78,0.8,0.86,0.92,0.98,309220623.35530305,329712563.59994465,36
2025-02-28,0.74,0.169,0.091,0.68,0.0,0.0,-0.002764714686528215,-0.002764714686528215,hold,False,False,False,False,0.4260579931630696,0.27177878902110236,0.41769503543821423,-0.00301784254687798,-0.003145036697269288,0.0,0.78,0.8,0.86,0.92,0.98,308365716.55653524,328801002.433027,36
2025-03-03,0.74,0.169,0.091,0.8,0.0,0.0,0.008714665463975726,0.008714665463975726,hold,True,False,False,False,0.4726715272586051,0.32033479320410774,0.3901389703502144,0.013036088849842864,-0.0055738088810740605,0.00010915841751124589,0.78,0.8,0.86,0.92,0.98,311053020.61688465,331666393.17345077,36
2025-03-04,0.8,0.12999999999999998,0.06999999999999998,0.8,0.1200000000000001,0.00012000000000000011,-0.022068603951780612,-0.02218860395178061,scheduled,True,False,False,False,0.5299062181949992,0.3693969178177533,0.3596490382254288,-0.02750943381682658,-0.0005285339784539822,0.00010932169828103966,0.78,0.8,0.86,0.92,0.98,304151188.33441156,324346978.89839035,36
2025-03-05,0.8,0.12999999999999998,0.06999999999999998,0.86,0.0,0.0,0.005748476652133763,0.005748476652133763,hold,True,True,False,False,0.5687460273087307,0.4261051203846906,0.3220026039604511,0.007353598458434751,-0.001269440289387358,0.00043750175723311635,0.78,0.8,0.86,0.92,0.98,305899594.3392707,326211479.93377787,36
2025-03-06,0.8,0.12999999999999998,0.06999999999999998,0.86,0.0,0.0,-0.03008850205159463,-0.03008850205159463,hold,True,True,False,False,0.6456492133125874,0.4202404473298739,0.3227498080501757,-0.03875637681981192,0.00699202557676748,0.000109086846787676,0.78,0.8,0.86,0.92,0.98,296695533.7674116,316396265.15053666,36
2025-03-07,0.8,0.12999999999999998,0.06999999999999998,0.86,0.0,0.0,-0.0023697017252312983,-0.0023697017252312983,hold,True,True,False,False,0.7063512323189686,0.4189469226147015,0.3237029787880772,-0.0023903964725426885,-0.003577169609073061,0.00010925002831929653,0.78,0.8,0.86,0.92,0.98,295992453.8491745,315646500.3751527,36
2025-03-10,0.8,0.12999999999999998,0.06999999999999998,0.8,0.0,0.0,0.008647883920657405,0.008647883920657405,hold,True,False,False,False,0.7651023311830245,0.4132362773973703,0.31664484865833775,0.011280701175152563,-0.0029563360465265642,0.00010923809405438689,0.78,0.8,0.86,0.92,0.98,298552162.2314527,318376174.6703587,36
2025-03-11,0.8,0.12999999999999998,0.06999999999999998,0.8,0.0,0.0,-0.013853884560637875,-0.013853884560637875,hold,True,False,False,False,0.8106418507856639,0.41161163786234994,0.3044781541366023,-0.017990407279772747,0.004024133442384059,0.00021862736671995897,0.78,0.8,0.86,0.92,0.98,294416055.0405693,313965427.89961815,36
2025-03-12,0.8,0.12999999999999998,0.06999999999999998,0.42,0.0,0.0,0.018899180384246893,0.018899180384246893,hold,False,False,False,False,0.8446434689732278,0.4267903294536567,0.2826602396892459,0.024170456746661628,-0.003480611219238816,0.0002184920774090937,0.78,0.8,0.86,0.92,0.98,299980277.1727994,319899117.1559103,36
2025-03-13,0.8,0.12999999999999998,0.06999999999999998,0.30000000000000004,0.0,0.0,0.00531225202808113,0.00531225202808113,hold,False,False,False,False,0.870412591336063,0.43284191546193934,0.2662210374261955,0.006483659277030318,0.0008465057661850572,0.00021826938361169113,0.78,0.8,0.86,0.92,0.98,301573848.00859493,321598501.8898031,36
2025-03-14,0.8,0.12999999999999998,0.06999999999999998,0.30000000000000004,0.0,0.0,-0.013486656180866863,-0.013486656180866863,hold,False,False,False,False,0.8886005097909954,0.4431924110490358,0.25412251316791146,-0.017047397670193476,0.0011635535022147536,0.0,0.78,0.8,0.86,0.92,0.98,297506625.207362,317261213.4665334,36
2025-03-17,0.8,0.12999999999999998,0.06999999999999998,0.30000000000000004,0.0,0.0,0.011111033543613815,0.011111033543613815,hold,False,False,False,False,0.9016396294745941,0.4505955198181205,0.24702812259355855,0.013381436532324154,0.0030632702140662715,0.00010941699894106982,0.78,0.8,0.86,0.92,0.98,300812231.2994883,320786313.4514477,36
2025-03-18,0.30000000000000004,0.455,0.245,0.30000000000000004,1.0,0.001,-0.00029266019675737627,-0.0012926601967573762,scheduled,False,False,False,False,0.9133477978939666,0.44397309925536654,0.24006023151101777,-0.003389522884180929,0.0014741498646257956,0.00021819787792720646,0.78,0.8,0.86,0.92,0.98,300423383.3013897,320692432.06583595,36
2025-03-19,0.30000000000000004,0.455,0.245,0.30000000000000004,0.0,0.0,0.0006863757285855216,0.0006863757285855216,hold,False,False,False,False,0.9215053582962494,0.44569323231687513,0.23191614973018318,0.0032967284358158544,-0.000841323777008518,0.00032718169950873843,0.78,0.8,0.86,0.92,0.98,300629586.6199873,320912547.56754696,36
2025-03-20,0.30000000000000004,0.455,0.245,0.30000000000000004,0.0,0.0,0.0039497467733621144,0.0039497467733621144,hold,False,False,False,False,0.9282582025808201,0.4488881720636651,0.22390850295357745,0.021944293251072722,-0.005788002641669676,0.0,0.78,0.8,0.86,0.92,0.98,301816997.3597168,322180070.86683327,36
2025-03-21,0.30000000000000004,0.455,0.245,0.30000000000000004,0.0,0.0,0.002509216122425691,0.002509216122425691,hold,False,False,False,False,0.9326218769760509,0.4563777436526512,0.21882341079102244,0.005706634880989325,0.0016933601489641514,0.00010917057285797505,0.78,0.8,0.86,0.92,0.98,302574321.43551385,322988490.2949766,36
2025-03-24,0.30000000000000004,0.455,0.245,0.30000000000000004,0.0,0.0,-0.006551177746541738,-0.006551177746541738,hold,False,False,False,False,0.927646785662441,0.4643237547531194,0.21713892036176632,-0.018400668116389962,-0.0023247089990277026,0.00010924605278717081,0.78,0.8,0.86,0.92,0.98,300592103.2742505,320872535.284967,36
2025-03-25,0.30000000000000004,0.455,0.245,0.30000000000000004,0.0,0.0,-0.0020415229762541834,-0.0020415229762541834,hold,False,False,False,False,0.9009817754371975,0.5176050268138027,0.1957943819420947,-0.00569813051103063,-0.0008473030810920434,0.0002181186895995335,0.78,0.8,0.86,0.92,0.98,299978437.58893555,320217466.63173383,36
2025-03-26,0.30000000000000004,0.455,0.245,0.30000000000000004,0.0,0.0,-0.004152282676167531,-0.004152282676167531,hold,False,False,False,False,0.91099058651507,0.5173490660865759,0.1962360715218626,-0.026327701004877135,0.008056799289474226,0.00032728142279525585,0.78,0.8,0.86,0.92,0.98,298732842.31931126,318887833.19243264,36
2025-03-27,0.30000000000000004,0.455,0.245,0.30000000000000004,0.0,0.0,0.0013269657113604827,0.0013269657113604827,hold,False,False,False,False,0.9210706916718192,0.535948916050118,0.1900076923487762,-4.2766883993072824e-05,0.002944606102326164,0.0,0.78,0.8,0.86,0.92,0.98,299129250.5579262,319310986.412849,36
2025-03-28,0.30000000000000004,0.455,0.245,0.30000000000000004,0.0,0.0,0.00407318085278638,0.00407318085278638,hold,False,False,False,False,0.9295658146790048,0.5429753424329227,0.18394858593186503,0.008061117668108464,0.0035133838337848555,0.00022961595094583842,0.78,0.8,0.86,0.92,0.98,300347658.09380704,320611597.80879015,36
2025-03-31,0.30000000000000004,0.455,0.245,0.30000000000000004,0.0,0.0,0.0017871100440051437,0.0017871100440051437,hold,False,False,False,False,0.9361034218558207,0.5610065443639036,0.1757078170053673,0.007298561209184484,-0.0009433906245204238,0.00010932414451669814,0.78,0.8,0.86,0.92,0.98,300884412.4102799,321184566.01545876,36
2025-04-01,0.30000000000000004,0.455,0.245,0.30000000000000004,0.0,0.0,-0.01135494153724783,-0.01135494153724783,hold,False,False,False,False,0.9389650638467473,0.5904118406269011,0.16706193084064963,-0.053533625399094786,0.010282119988872962,0.0001093121940547448,0.78,0.8,0.86,0.92,0.98,297467887.49789196,317537534.0456869,36
2025-04-02,0.30000000000000004,0.455,0.245,0.30000000000000004,0.0,0.0,-0.017276427885288086,-0.017276427885288086,hold,False,False,False,False,0.9406169686888458,0.6005165125087731,0.1702588467721398,-0.06210882880352331,0.0028040960135864434,0.000327988039130922,0.78,0.8,0.86,0.92,0.98,292328704.99134564,312051619.73787445,36
2025-04-03,0.30000000000000004,0.455,0.245,0.30000000000000004,0.0,0.0,-0.0046680546390465896,-0.0046680546390465896,hold,False,False,False,False,0.9427774842213692,0.6097537466816998,0.163119704803166,0.0024132042363624873,-0.011909513084252588,0.00010943895256976255,0.78,0.8,0.86,0.92,0.98,290964098.6238843,310594945.72673506,36
2025-04-04,0.30000000000000004,0.455,0.245,0.30000000000000004,0.0,0.0,-0.007638164427310623,-0.007638164427310623,hold,False,False,False,False,0.9439106274866389,0.6090659508145768,0.14690610596975873,-0.018008487763556236,-0.005031055869456513,0.00021841764228147653,0.78,0.8,0.86,0.92,0.98,288741666.99615085,308222570.4609826,36
2025-04-07,0.30000000000000004,0.455,0.245,0.30000000000000004,0.0,0.0,0.034571336146591296,0.034571336146591296,hold,False,False,False,False,0.9451964184063172,0.6083318029895339,0.13568371550270975,0.12003076406014834,-0.00316020455264443,0.0,0.78,0.8,0.86,0.92,0.98,298723852.22540194,318878236.5523557,36
2025-04-08,0.30000000000000004,0.455,0.245,0.30000000000000004,0.0,0.0,-0.015569757748804716,-0.015569757748804716,hold,False,False,False,False,0.9440286252213639,0.6014771690067513,0.1251535343043947,-0.04253224018350221,-0.006234968842440236,0.0001094903247194079,0.78,0.8,0.86,0.92,0.98,294072794.21246266,313913379.65786946,36
2025-04-09,0.30000000000000004,0.455,0.245,0.30000000000000004,0.0,0.0,0.003069730918776075,0.003069730918776075,hold,False,False,False,False,0.9378495047474744,0.6043681384947616,0.12128007285116432,0.018423165310618383,-0.0056358103800010495,0.0004370410142491288,0.78,0.8,0.86,0.92,0.98,294975518.56122756,314877009.2652227,36
2025-04-10,0.30000000000000004,0.455,0.245,0.30000000000000004,0.0,0.0,0.005682843623783622,0.005682843623783622,hold,False,False,False,False,0.9349179454136523,0.6068505592114064,0.11391938587887301,0.006778150491285828,0.008020655992083237,0.0,0.78,0.78,0.84,0.92,0.98,296651818.3060555,316666406.0696017,37
2025-04-11,0.30000000000000004,0.455,0.245,0.30000000000000004,0.0,0.0,0.0017394684492197455,0.0017394684492197455,hold,False,False,False,False,0.9240358067667955,0.6126776732617596,0.10890435910256212,0.0011147908840389853,0.002970461040642469,0.00021825065516623,0.78,0.78,0.84,0.92,0.98,297167834.78440255,317217237.2918876,37
2025-04-14,0.30000000000000004,0.455,0.245,0.30000000000000004,0.0,0.0,-0.007046063052247303,-0.007046063052247303,hold,False,False,False,False,0.9138319077429529,0.6169249002966362,0.10551919453417934,-0.030153549444919214,0.004336790928311407,0.00010923228100723215,0.78,0.78,0.84,0.92,0.98,295073971.4834118,314982104.6366692,37
2025-04-15,0.30000000000000004,0.455,0.245,0.30000000000000004,0.0,0.0,-0.0012408105290502953,-0.0012408105290502953,hold,False,False,False,False,0.9060326861096439,0.6468533356814693,0.09487890735787481,-0.0001800510977835179,-0.0028435849303779515,0.00043688140247644114,0.78,0.78,0.84,0.92,0.98,294707840.5927465,314591271.5247736,37
2025-04-16,0.30000000000000004,0.455,0.245,0.30000000000000004,0.0,0.0,-0.009848200888447997,-0.009848200888447997,hold,False,False,False,False,0.9074340750838085,0.6492589217992052,0.09142802225672099,-0.024746776536028525,-0.005386533043793107,0.0001089983970874453,0.78,0.78,0.84,0.92,0.98,291805498.5751884,311493113.4850454,37
2025-04-17,0.30000000000000004,0.455,0.245,0.30000000000000004,0.0,0.0,0.00821383456021984,0.00821383456021984,hold,False,False,False,False,0.9077859222937199,0.6467796286790498,0.08982732086793246,0.026252104429252743,0.0007433038053714647,0.0,0.78,0.78,0.84,0.92,0.98,294202340.6642475,314051666.3858593,37
2025-04-21,0.30000000000000004,0.455,0.245,0.30000000000000004,0.0,0.0,0.007339675738165786,0.007339675738165786,hold,False,False,False,False,0.9094747506118247,0.639290118040841,0.09003618447945433,0.022678161829116528,0.0010609166468835696,0.00021840863305633285,0.78,0.78,0.84,0.92,0.98,296361690.4461325,316356703.7821622,37
2025-04-22,0.30000000000000004,0.455,0.245,0.30000000000000004,0.0,0.0,0.010900897530031603,0.010900897530031603,hold,False,False,False,False,0.9106850395006261,0.6395660649198901,0.08877500022859267,0.028137177010391312,0.005406031707503756,0.0,0.78,0.78,0.84,0.92,0.98,299592298.8655127,319805275.7930301,37
2025-04-23,0.30000000000000004,0.455,0.245,0.30000000000000004,0.0,0.0,0.005178226330405948,0.005178226330405948,hold,False,False,False,False,0.9093315183671059,0.6430170420376755,0.08685128724867834,0.011147902319342151,0.0037955285089017465,0.00043628637980819285,0.78,0.78,0.84,0.92,0.98,301143655.5958849,321461299.8927443,37
2025-04-24,0.30000000000000004,0.455,0.245,0.30000000000000004,0.0,0.0,0.001747381728575076,0.001747381728575076,hold,False,False,False,False,0.8970355689191626,0.6463815871048422,0.09219419276891261,-0.0003174509647926316,0.003991014205328991,0.00010900226362520193,0.78,0.78,0.84,0.92,0.98,301669868.51734954,322023015.49462086,37
2025-04-25,0.30000000000000004,0.455,0.245,0.30000000000000004,0.0,0.0,0.0035521740627833935,0.0035521740627833935,hold,False,False,False,False,0.883431493465886,0.6731031461464089,0.09115925721220239,0.006604453696057222,0.00345239110761808,0.0,0.78,0.78,0.84,0.92,0.98,302741452.3998201,323166897.2978801,37
2025-04-28,0.30000000000000004,0.455,0.245,0.30000000000000004,0.0,0.0,0.0007004251894992498,0.0007004251894992498,hold,False,False,False,False,0.8644328342562806,0.6941650517454377,0.0890596882714613,-0.00012626469439236399,0.0015639603381920608,0.00010899038342682132,0.78,0.78,0.84,0.92,0.98,302953500.1389866,323393251.5331599,37
2025-04-29,0.30000000000000004,0.455,0.245,0.42,0.0,0.0,0.001995763558632584,0.001995763558632584,hold,False,False,False,False,0.8513560165975906,0.7059220811989597,0.09324617452886028,0.013060823411682465,-0.004354926555825034,0.00024084946133973162,0.78,0.78,0.84,0.92,0.98,303558123.6945241,324038667.9996774,37
2025-04-30,0.42,0.37700000000000006,0.203,0.42,0.23999999999999988,0.0002399999999999999,0.0037703123640725478,0.003530312364072548,scheduled,False,False,False,False,0.8506803929816498,0.7120476438002287,0.10065788758511915,0.014843842411134789,-0.0067127339415931075,0.0003280751102292534,0.78,0.78,0.84,0.92,0.98,304629778.6918176,325260394.99607426,37
2025-05-01,0.42,0.37700000000000006,0.203,0.42,0.0,0.0,-0.003168343772238497,-0.003168343772238497,hold,False,False,False,False,0.8570375867196034,0.7124349424649202,0.1123866799807459,-0.005932505354178774,-0.0017949377280727097,0.0,0.78,0.78,0.84,0.92,0.98,303664606.829661,324229858.24923265,37
2025-05-02,0.42,0.37700000000000006,0.203,0.42,0.0,0.0,-0.002905157364176438,-0.002905157364176438,hold,False,False,False,False,0.8594127861788952,0.7148421479958498,0.12219953753608451,-0.009301695397857856,0.0025388337752889623,0.00021878999822622092,0.78,0.78,0.84,0.92,0.98,302782413.3608901,323287919.488854,37
2025-05-05,0.42,0.37700000000000006,0.203,0.30000000000000004,0.0,0.0,0.00264332111657915,0.00264332111657915,hold,False,False,False,False,0.8606745517351541,0.7252922070833152,0.12516569313466264,0.003925955359544098,0.0026377184763146655,0.0,0.78,0.78,0.84,0.92,0.98,303582764.50785565,324142473.2731738,37
2025-05-06,0.42,0.37700000000000006,0.203,0.30000000000000004,0.0,0.0,0.0014448136219401217,0.0014448136219401217,hold,False,False,False,False,0.8662526112868125,0.7351790291464181,0.12536123475863764,0.010324871306324424,-0.007787802836099367,0.0002185681896222924,0.78,0.78,0.84,0.92,0.98,304021385.02140284,324610798.7340082,37
2025-05-07,0.30000000000000004,0.455,0.245,0.30000000000000004,0.23999999999999988,0.0002399999999999999,0.0002214785422214682,-1.852145777853171e-05,scheduled,False,False,False,False,0.8750910797770124,0.7441899352528053,0.12325646864860755,-0.0006553326050046104,0.0007423796011867267,0.00032773716401179875,0.78,0.78,0.84,0.92,0.98,304015754.10215634,324682693.0605011,37
2025-05-08,0.30000000000000004,0.455,0.245,0.30000000000000004,0.0,0.0,0.009328574145187455,0.009328574145187455,hold,False,False,False,False,0.8828039414476828,0.7419162726971228,0.13442214066928856,0.04074015490822247,-0.006359279840174259,0.0,0.78,0.78,0.84,0.92,0.98,306851787.60560334,327711519.6363751,37
2025-05-09,0.30000000000000004,0.455,0.245,0.30000000000000004,0.0,0.0,0.0042860522320064326,0.0042860522320064326,hold,False,False,False,False,0.8855880734914151,0.7507100659251706,0.13177226976461304,0.015240806358721048,-0.0007466614005067207,0.00021853576171704248,0.78,0.78,0.84,0.92,0.98,308166970.39476556,329116108.3265668,37
2025-05-12,0.30000000000000004,0.455,0.245,0.42,0.0,0.0,9.799458624411587e-05,9.799458624411587e-05,hold,False,False,False,False,0.8354733092780119,0.7533470574029527,0.1339515434150634,0.005992933047134219,-0.0037360117096618684,0.0,0.78,0.78,0.84,0.92,0.98,308197169.08952343,329148359.9234286,37
2025-05-13,0.30000000000000004,0.455,0.245,0.78,0.0,0.0,0.003330369412227435,0.003330369412227435,hold,True,False,False,False,0.7721443018462661,0.7473419676907734,0.14129245184009132,0.001099192679868688,0.0065359738881436424,0.00010915709861825107,0.78,0.78,0.84,0.92,0.98,309223579.51439434,330244545.55340236,37
2025-05-14,0.84,0.10400000000000002,0.05600000000000001,0.84,1.0799999999999998,0.0010799999999999998,0.00371365925759569,0.00263365925759569,scheduled,True,True,False,False,0.7078784764667156,0.755228293137418,0.13753368804843874,0.004352375008445097,0.0003192416356110339,0.00043684143568323286,0.78,0.78,0.84,0.92,0.98,310037969.05724925,331470961.2672673,37
2025-05-15,0.92,0.05199999999999998,0.027999999999999983,0.92,0.16000000000000014,0.00016000000000000015,0.0008543281624680642,0.0006943281624680641,tier_force,True,True,True,False,0.6483489223465176,0.6798058497305672,0.15999309775757792,0.0009586910245376057,-0.0005320688482025604,0.0,0.78,0.78,0.84,0.92,0.98,310253237.15060014,331754146.2445182,37
2025-05-16,0.92,0.05199999999999998,0.027999999999999983,0.92,0.0,0.0,-0.003126839526962144,-0.003126839526962144,tier_force,True,True,True,False,0.5906648392338195,0.6163859300226511,0.17923551900789386,-0.0033331715897231273,-0.0012776619658179111,0.00021845563591660344,0.78,0.78,0.84,0.92,0.98,309283125.0653097,330716804.2668073,37
2025-05-19,0.98,0.013000000000000012,0.007000000000000005,0.98,0.11999999999999988,0.00011999999999999988,-0.013708109970157601,-0.013828109970157602,tier_force,True,True,True,True,0.5349691297753632,0.552562436413103,0.18677493447725724,-0.013896723145220391,-0.006929600287042592,0.00010907369856227866,0.78,0.78,0.84,0.92,0.98,305006323.9999926,326183301.9449388,37
2025-05-20,0.92,0.05199999999999998,0.027999999999999983,0.92,0.11999999999999988,0.00011999999999999988,0.001923009811083367,0.001803009811083367,tier_force,True,True,True,False,0.4894863557922825,0.46987517271889695,0.196850890995413,0.0018712142444674562,0.0037572682937490054,0.00021838410351282533,0.78,0.78,0.84,0.92,0.98,305556253.394607,326810555.6347905,37
2025-05-21,0.84,0.10400000000000002,0.05600000000000001,0.84,0.16000000000000014,0.00016000000000000015,-0.007454241629951147,-0.0076142416299511476,scheduled,True,True,False,False,0.48371308349877484,0.4014124272445166,0.20664455463105869,-0.00926074026619983,0.0028878016915823146,0.0004365860309312186,0.78,0.78,0.84,0.92,0.98,303229674.2497179,324374430.78587013,37
2025-05-22,0.84,0.10400000000000002,0.05600000000000001,0.78,0.0,0.0,0.02019368653366138,0.02019368653366138,hold,True,False,False,False,0.47796114462099887,0.3513264039620407,0.2121296302323517,0.023525155431094902,0.00415919203405446,0.0,0.78,0.78,0.84,0.92,0.98,309352999.239221,330924746.3606948,37
2025-05-23,0.84,0.10400000000000002,0.05600000000000001,0.78,0.0,0.0,-0.004003801627101604,-0.004003801627101604,hold,True,False,False,False,0.48373600041480674,0.3105029985801406,0.2278536072628515,-0.004431824747123891,-0.00276122541212509,0.00010890363113347235,0.78,0.78,0.84,0.92,0.98,308114411.1975182,329599789.3227677,37
2025-05-27,0.84,0.10400000000000002,0.05600000000000001,0.68,0.0,0.0,0.0020892909527836,0.0020892909527836,hold,False,False,False,False,0.4412443104804442,0.2837364196308615,0.22929739980773584,0.001965755991673257,0.004153348679719615,0.00010906530512899693,0.78,0.78,0.84,0.92,0.98,308758151.84925544,330288419.18063915,37
2025-05-28,0.84,0.10400000000000002,0.05600000000000001,0.68,0.0,0.0,-0.0009978351847749751,-0.0009978351847749751,hold,False,False,False,False,0.4233391302392547,0.2538748982974024,0.23961115468835747,-0.0015773519996876706,0.0029693717644003748,0.00032724699044694994,0.78,0.78,0.84,0.92,0.98,308450062.1017542,329958845.774857,37
2025-05-29,0.68,0.20799999999999996,0.11199999999999997,0.68,0.31999999999999984,0.00031999999999999986,0.00468435385003314,0.00436435385003314,scheduled,False,False,False,False,0.4119380893234659,0.210072060284469,0.242903982861117,0.007898392828935563,-0.0033948373244746533,0.00017475794506860431,0.78,0.78,0.84,0.92,0.98,309796247.31783086,331504489.76441497,37
2025-05-30,0.68,0.20799999999999996,0.11199999999999997,0.68,0.0,0.0,0.005140771365870384,0.005140771365870384,hold,False,False,False,False,0.4169767168852872,0.20328982304096654,0.24623750126683297,0.007816921385350728,-0.0009578763900682796,0.00021877779434009703,0.78,0.78,0.84,0.92,0.98,311388838.99529654,333208678.5530533,37
2025-06-02,0.68,0.20799999999999996,0.11199999999999997,0.68,0.0,0.0,0.0034249769374288803,0.0034249769374288803,hold,False,False,False,False,0.40782268253663084,0.17129036651925933,0.2516263084067203,0.0027878496326794178,0.007352111476956136,0.0,0.78,0.78,0.84,0.92,0.98,312455338.58742815,334349910.5924487,37
2025-06-03,0.68,0.20799999999999996,0.11199999999999997,0.68,0.0,0.0,-0.005722085596286834,-0.005722085596286834,hold,False,False,False,False,0.3910764469407417,0.14587566610110145,0.2457795778896237,-0.0075268786024924594,-0.0029617892711877314,0.0001093216233489791,0.78,0.78,0.84,0.92,0.98,310667442.3950141,332436731.78492785,37
2025-06-04,0.68,0.20799999999999996,0.11199999999999997,0.68,0.0,0.0,0.005028915243838907,0.005028915243838907,hold,False,False,False,False,0.37338359923678766,0.12283323391627025,0.22693103096351377,0.009775216989739377,-0.007956633542688607,0.0003281023901371416,0.78,0.78,0.84,0.92,0.98,312229762.63183886,334108527.9330131,37
2025-06-05,0.68,0.20799999999999996,0.11199999999999997,0.68,0.0,0.0,0.0014036527102215394,0.0014036527102215394,hold,False,False,False,False,0.37183915206430945,0.10603623241991253,0.21463322109561925,0.0014721566226505445,0.0018179244331384403,0.00021837432791405043,0.78,0.78,0.84,0.92,0.98,312668024.7843689,334577500.2737543,37
2025-06-06,0.68,0.20799999999999996,0.11199999999999997,0.68,0.0,0.0,0.004864982242842799,0.004864982242842799,hold,False,False,False,False,0.35294858331709056,0.09207074596116291,0.20175604476843315,0.006613926446056073,0.0017080123089252552,0.0001093366006090779,0.78,0.78,0.84,0.92,0.98,314189149.17284954,336205213.8714409,37
2025-06-09,0.68,0.20799999999999996,0.11199999999999997,0.74,0.0,0.0,-0.0014268568572585727,-0.0014268568572585727,hold,False,False,False,False,0.3335002566891085,0.08104939174373207,0.1908900782010487,-0.0033695600261574032,0.004155980579463758,0.0,0.78,0.78,0.84,0.92,0.98,313740846.230876,335725497.15658236,37
2025-06-10,0.68,0.20799999999999996,0.11199999999999997,0.74,0.0,0.0,0.0025137421707510836,0.0025137421707510836,hold,False,False,False,False,0.30790924284735105,0.07223357783474883,0.1804056017172864,0.0023477747804223625,0.004351014228617389,0.00010932464742374748,0.78,0.78,0.84,0.92,0.98,314529509.8267337,336569424.4965812,37
2025-06-11,0.68,0.20799999999999996,0.11199999999999997,0.74,0.0,0.0,-0.009257478733276196,-0.009257478733276196,hold,False,False,False,False,0.30077706429271983,0.06586264191599124,0.17700683634324713,-0.012554693992334776,-0.003698220205875846,0.0004369909315502518,0.78,0.78,0.84,0.92,0.98,311617759.57852495,333453640.2070331,37
2025-06-12,0.68,0.20799999999999996,0.11199999999999997,0.74,0.0,0.0,0.008863067120808065,0.008863067120808065,hold,False,False,False,False,0.29051870109818195,0.06099101548521863,0.1775272674056954,0.013909831841346865,-0.0028635506312875147,0.0,0.78,0.78,0.84,0.92,0.98,314379648.69770527,336409062.2018658,37
2025-06-13,0.68,0.20799999999999996,0.11199999999999997,0.74,0.0,0.0,-0.005588699932687346,-0.005588699932687346,hold,False,False,False,False,0.29956355953352015,0.05748773195956814,0.18745693633128935,-0.009751207551185304,0.004892714623655703,0.0002181835749845984,0.78,0.78,0.84,0.92,0.98,312622675.17619014,334528972.8985828,37
2025-06-16,0.68,0.20799999999999996,0.11199999999999997,0.74,0.0,0.0,4.083850229967285e-05,4.083850229967285e-05,hold,False,False,False,False,0.2870308387215164,0.05122984680568559,0.17839305361339153,-0.00017016955518278643,0.0006350182220613565,0.00021848222888576352,0.78,0.78,0.84,0.92,0.98,312635442.2180292,334542634.5608118,37
2025-06-17,0.68,0.20799999999999996,0.11199999999999997,0.74,0.0,0.0,-0.002620125702996417,-0.002620125702996417,hold,False,False,False,False,0.2926714865815063,0.046387203887268164,0.17967003135865303,-0.004083141280305624,0.0006344475418280648,0.00021826141884973005,0.78,0.78,0.84,0.92,0.98,311816298.0602061,333666090.80525094,37
2025-06-18,0.68,0.20799999999999996,0.11199999999999997,0.74,0.0,0.0,0.0077420914981794434,0.0077420914981794434,hold,False,False,False,False,0.30086476157988756,0.0429624882829855,0.18083713673178764,0.010282416632169111,0.0034885477614901017,0.00021812726709380392,0.78,0.78,0.84,0.92,0.98,314230408.3704118,336249364.210105,37
2025-06-20,0.68,0.20799999999999996,0.11199999999999997,0.74,0.0,0.0,0.011121618893761637,0.011121618893761637,hold,False,False,False,False,0.3137823198056642,0.039924363296820226,0.17974853575898547,0.015291997423467318,0.0034762531048262435,0.0,0.78,0.78,0.84,0.92,0.98,317725159.21713865,339989001.4921195,37
2025-06-23,0.68,0.20799999999999996,0.11199999999999997,0.74,0.0,0.0,0.0018379666505247416,0.0018379666505247416,hold,False,False,False,False,0.31145627042773544,0.03705343206661737,0.17690609444093452,0.0025564521959329234,0.000419962314061495,0.0001091696068353798,0.78,0.78,0.84,0.92,0.98,318309127.4638124,340613889.93840724,37
2025-06-24,0.68,0.20799999999999996,0.11199999999999997,0.74,0.0,0.0,0.007112531810071137,0.007112531810071137,hold,False,False,False,False,0.29544820145609363,0.03459421176065766,0.16810763170844722,0.00935035960570385,0.0035675573527347293,0.00010924418592583862,0.78,0.78,0.84,0.92,0.98,320573111.25833476,343036517.0655462,37
2025-06-25,0.68,0.20799999999999996,0.11199999999999997,0.74,0.0,0.0,0.001833141851153691,0.001833141851153691,hold,False,False,False,False,0.2837164016875802,0.03160337490955673,0.15389759503026057,0.0034235586369515403,-0.0026140250316517566,0.00043606414830543727,0.78,0.78,0.84,0.92,0.98,321160767.244937,343665351.66145307,37
2025-06-26,0.68,0.20799999999999996,0.11199999999999997,0.74,0.0,0.0,0.005245214954905951,0.005245214954905951,hold,False,False,False,False,0.272045183354108,0.029159010412184713,0.1378753713992904,0.006477035183753976,0.003983665144774662,0.00010918464142961604,0.78,0.78,0.84,0.92,0.98,322845324.50421923,345467950.3034708,37
2025-06-27,0.68,0.20799999999999996,0.11199999999999997,0.74,0.0,0.0,-0.006098051642132113,-0.006098051642132113,hold,False,False,False,False,0.2606236723612908,0.027724272447446158,0.1284582644750358,-0.008429437554041574,-0.0018539847926897224,0.00017495295978231518,0.78,0.78,0.84,0.92,0.98,320876597.0429716,343361268.9018187,37
2025-06-30,0.68,0.20799999999999996,0.11199999999999997,0.78,0.0,0.0,0.004312125617628101,0.004312125617628101,hold,False,False,False,False,0.2443413239941868,0.026233208071050704,0.11850182019187849,0.0069653802948459465,-0.00209897705445683,0.00010941289696320133,0.78,0.78,0.84,0.92,0.98,322260257.23717797,344841885.82555157,37
2025-07-01,0.68,0.20799999999999996,0.11199999999999997,0.78,0.0,0.0,0.006030796682784218,0.006030796682784218,hold,False,False,False,False,0.24308548735274918,0.02551982567393588,0.11438034310602364,0.00984025887445128,-0.003470310164112478,0.0005468318061851996,0.78,0.78,0.84,0.92,0.98,324203743.32751715,346921557.12667334,37
2025-07-02,0.68,0.20799999999999996,0.11199999999999997,0.78,0.0,0.0,-0.005768649709645689,-0.005768649709645689,hold,False,False,False,False,0.23905523804347253,0.024921364607647406,0.11113598862044455,-0.007532880770139472,-0.0031659502253388316,0.00010916840106811598,0.78,0.78,0.84,0.92,0.98,322333525.49770486,344920288.18688476,37
2025-07-03,0.68,0.20799999999999996,0.11199999999999997,0.78,0.0,0.0,7.36251460725389e-05,7.36251460725389e-05,hold,False,False,False,False,0.23651366522550982,0.024677163502859232,0.10892147229647789,0.0005616468137112918,-0.0014821859963997097,0.0,0.78,0.78,0.84,0.92,0.98,322357257.3506037,344945682.9934859,37
2025-07-07,0.78,0.143,0.07699999999999999,0.78,0.19999999999999996,0.00019999999999999996,0.006272789687646603,0.006072789687646603,scheduled,False,False,False,False,0.24294730548292698,0.02502475374719753,0.11027324327492041,0.007078811126187912,0.005195142030344435,0.00010924284260749317,0.78,0.78,0.84,0.92,0.98,324314865.1787805,347109454.71656567,37
2025-07-08,0.78,0.143,0.07699999999999999,0.74,0.0,0.0,-0.0011803052582306866,-0.0011803052582306866,hold,False,False,False,False,0.25026825200192854,0.026293910679691057,0.11552472383553135,-0.0014381239409970714,-0.0005272967975907816,0.00021863451691572777,0.78,0.78,0.84,0.92,0.98,323932074.6380876,346699759.6019821,37
2025-07-09,0.78,0.143,0.07699999999999999,0.74,0.0,0.0,-0.002402679697959323,-0.002402679697959323,hold,False,False,False,False,0.25311527777964415,0.027674217188613123,0.12107217807829196,-0.0022506219651041715,-0.004643443694649196,0.00021841406697098442,0.78,0.78,0.84,0.92,0.98,323153769.6188368,345866751.12829906,37
2025-07-10,0.78,0.143,0.07699999999999999,0.74,0.0,0.0,0.0027768129870955156,0.0027768129870955156,hold,False,False,False,False,0.25835467859547245,0.028367101167914025,0.13211301849499713,0.0036269592140361073,-0.00042397867925902943,0.00010926949716094647,0.78,0.78,0.84,0.92,0.98,324051107.2031433,346827158.4146367,37
2025-07-11,0.78,0.143,0.07699999999999999,0.74,0.0,0.0,0.0001623634013292277,0.0001623634013292277,hold,False,False,False,False,0.2653495347830721,0.028871003930843395,0.140423377704574,0.0009168176339144907,-0.003924199579948162,0.00010917125725340426,0.78,0.78,0.84,0.92,0.98,324103721.2431133,346883470.45175016,37
2025-07-14,0.78,0.143,0.07699999999999999,0.74,0.0,0.0,0.0012113488631631014,0.0012113488631631014,hold,False,False,False,False,0.2559447725365362,0.029030738502616334,0.14672006332072496,0.0010239276654802065,0.0027683548650290213,0.00021831868038169056,0.76,0.78,0.84,0.92,0.98,324496323.9173881,347303667.349332,38
2025-07-15,0.78,0.143,0.07699999999999999,0.76,0.0,0.0,0.006266732543828385,0.006266732543828385,hold,False,False,False,False,0.2324552403576524,0.028903158149186942,0.13934798742970156,0.008092681640403221,-0.00031859535444844767,0.0,0.76,0.78,0.84,0.92,0.98,326529855.59083384,349480126.544101,38
2025-07-16,0.78,0.143,0.07699999999999999,0.76,0.0,0.0,-0.0003211021476561578,-0.0003211021476561578,hold,False,False,False,False,0.2198079425236099,0.02884715454310208,0.1339778619790764,-0.0009611275485174042,0.002761843865886515,0.00043680087487851793,0.76,0.78,0.84,0.92,0.98,326425006.1529298,349367907.72490454,38
2025-07-17,0.78,0.143,0.07699999999999999,0.76,0.0,0.0,0.0045608202880915655,0.0045608202880915655,hold,False,False,False,False,0.20401098257977612,0.028469974994244147,0.12978427508695523,0.00518475626428172,0.0034959266503262754,0.00021808949292423385,0.76,0.78,0.84,0.92,0.98,327913771.94353247,350961311.9664644,38
2025-07-18,0.78,0.143,0.07699999999999999,0.76,0.0,0.0,-0.003621097658619706,-0.003621097658619706,hold,False,False,False,False,0.1961038228249464,0.028018954931376613,0.12679755670458215,-0.005175712979872404,0.002850073647824747,0.00010906407846533739,0.76,0.78,0.84,0.92,0.98,326726364.15171856,349690446.78143656,38
2025-07-21,0.78,0.143,0.07699999999999999,0.76,0.0,0.0,0.003054339758171233,0.003054339758171233,hold,False,False,False,False,0.1984600775968964,0.027779633369185888,0.12435727989674047,0.0045611516539536545,-0.00357889581802584,0.00010939701383216871,0.76,0.78,0.84,0.92,0.98,327724297.4757899,350758520.2160938,38
2025-07-22,0.78,0.143,0.07699999999999999,0.76,0.0,0.0,0.00144872017921898,0.00144872017921898,hold,False,False,False,False,0.20285337072103732,0.027178589219959817,0.12134499384877698,0.0021284781994783675,-0.001478970743875152,0.0,0.76,0.78,0.84,0.92,0.98,328199078.2787635,351266671.1623638,38
2025-07-23,0.78,0.143,0.07699999999999999,0.76,0.0,0.0,0.002235524628046258,0.002235524628046258,hold,False,False,False,False,0.1987456560245865,0.026756431850159978,0.11883833757712604,0.0024070577535559856,0.002327491476300292,0.0003271207683330779,0.76,0.78,0.84,0.92,0.98,328932775.40115774,352051936.4567592,38
2025-07-24,0.78,0.143,0.07699999999999999,0.76,0.0,0.0,0.002128926433577901,0.002128926433577901,hold,False,False,False,False,0.19653461390075933,0.02656107744821447,0.11712251555405528,0.003125014196743381,-0.002216582929367328,0.00010891842879989788,0.76,0.78,0.84,0.92,0.98,329633049.08157945,352801429.1302743,38
2025-07-25,0.78,0.143,0.07699999999999999,0.76,0.0,0.0,-0.0002618043833820472,-0.0002618043833820472,hold,False,False,False,False,0.1915196002523441,0.026420257483874075,0.1161589007571469,-0.001548851414103325,0.006558699377272603,0.00010916504764368895,0.76,0.78,0.84,0.92,0.98,329546749.7044223,352709064.16966456,38
2025-07-28,0.78,0.143,0.07699999999999999,0.76,0.0,0.0,0.0005575834109238572,0.0005575834109238572,hold,False,False,False,False,0.17986412130298757,0.02706974374782709,0.11854879198497809,0.0013399059679111147,-0.003468121689441883,0.0001090669810828171,0.76,0.78,0.84,0.92,0.98,329730499.5051814,352905728.8927281,38
2025-07-29,0.78,0.143,0.07699999999999999,0.76,0.0,0.0,-0.0040043409443180356,-0.0040043409443180356,hold,False,False,False,False,0.17824563706295599,0.027838557573930268,0.12445245781818355,-0.00529917346957709,0.0008435691332528972,0.00010888280385623617,0.76,0.78,0.84,0.92,0.98,328410146.1654223,351492574.03303856,38
2025-07-30,0.78,0.143,0.07699999999999999,0.76,0.0,0.0,-0.01368589760409551,-0.01368589760409551,hold,False,False,False,False,0.1750926295248934,0.028193724519563763,0.12577628164356147,-0.019698840210181645,0.011512927418700247,0.00042661219444206644,0.76,0.78,0.84,0.92,0.98,323915558.53285635,346682082.6562224,38
2025-07-31,0.78,0.143,0.07699999999999999,0.76,0.0,0.0,0.0145949898560271,0.0145949898560271,hold,False,False,False,False,0.19623678694130992,0.02782245398977084,0.12628072552146768,0.018451647668815463,0.0013585928714907602,0.0001094271912709388,0.76,0.78,0.84,0.92,0.98,328643102.8238527,351741904.13585633,38
2025-08-01,0.78,0.143,0.07699999999999999,0.76,0.0,0.0,-0.005400383395349568,-0.005400383395349568,hold,False,False,False,False,0.2213811847937257,0.028213605678021097,0.14055248460616906,-0.0067896224846527575,-0.0007306143868560655,0.0,0.76,0.78,0.84,0.92,0.98,326868304.06836665,349842362.9973124,38
2025-08-04,0.78,0.143,0.07699999999999999,0.76,0.0,0.0,0.009735687265719993,0.009735687265719993,hold,False,False,False,False,0.22273633989484243,0.028064781748070467,0.1390435757954108,0.012583341497636402,-0.0007311485745234991,0.0003277291392267401,0.76,0.78,0.84,0.92,0.98,330050591.6538525,353248318.83575475,38
2025-08-05,0.78,0.143,0.07699999999999999,0.76,0.0,0.0,0.002535072900453578,0.002535072900453578,hold,False,False,False,False,0.23135933717929671,0.027884554398725843,0.1461268873168441,0.0033842354451689705,-0.0007316835439036273,0.0,0.76,0.78,0.84,0.92,0.98,330887293.9645329,354143829.07596606,38
2025-08-06,0.78,0.143,0.07699999999999999,0.76,0.0,0.0,0.0069721947794037994,0.0069721947794037994,hold,False,False,False,False,0.21121198751660697,0.027439473016254486,0.1496588742449635,0.009328207018459489,-0.0023011194189698214,0.00032796599893614165,0.76,0.78,0.84,0.92,0.98,333194304.62808347,356612988.83220756,38
2025-08-07,0.78,0.143,0.07699999999999999,0.76,0.0,0.0,-0.002254547663062713,-0.002254547663062713,hold,False,False,False,False,0.18981160171801234,0.027217355549712278,0.14319187923295257,-0.0029588631653203468,0.0003143551038486958,0.0001092574809973268,0.76,0.78,0.84,0.92,0.98,332443102.1872384,355808987.85161805,38
2025-08-08,0.78,0.143,0.07699999999999999,0.76,0.0,0.0,0.00978212293499864,0.00978212293499864,hold,False,False,False,False,0.17101184985022533,0.0263885327123412,0.1333581015796544,0.012568801217258008,-0.00020942166354431802,0.00010915952499002124,0.76,0.78,0.84,0.92,0.98,335695101.4817262,359289555.11215997,38
2025-08-11,0.78,0.143,0.07699999999999999,0.76,0.0,0.0,0.0009080782669504469,0.0009080782669504469,hold,False,False,False,False,0.159145097888863,0.026957657762571176,0.13026643411272992,0.0004999798804039557,0.0035642165832299177,0.00010923362121406655,0.76,0.78,0.84,0.92,0.98,335999938.9077035,359615818.1486996,38
2025-08-12,0.78,0.143,0.07699999999999999,0.76,0.0,0.0,-0.0010594489721894513,-0.0010594489721894513,hold,False,False,False,False,0.14916891703930193,0.027181185584278386,0.12698194158553142,-0.000775352141296759,-0.003238352252790566,0.00010922169053340092,0.76,0.78,0.84,0.92,0.98,335643964.11777204,359234823.5397789,38
2025-08-13,0.78,0.143,0.07699999999999999,0.76,0.0,0.0,-0.003681090283490192,-0.003681090283490192,hold,False,False,False,False,0.14123448403497557,0.027363155937268027,0.12456063071893399,-0.0043974235587807,-0.001991071830208746,0.0004366670659559091,0.76,0.78,0.84,0.92,0.98,334408428.382746,357912447.7213553,38
2025-08-14,0.78,0.143,0.07699999999999999,0.76,0.0,0.0,-0.0004459403629252808,-0.0004459403629252808,hold,False,False,False,False,0.13760097499430196,0.02743653854741218,0.13048586890509006,-0.0003984446334388547,-0.0009451297121886304,0.0,0.76,0.78,0.84,0.92,0.98,334259302.1668277,357752840.114523,38
2025-08-15,0.78,0.143,0.07699999999999999,0.76,0.0,0.0,-0.010205084808078132,-0.010205084808078132,hold,False,False,False,False,0.14179496653929366,0.02773222647720136,0.1365186434817114,-0.013567484997967227,0.0025226750189610847,0.0002183241899333943,0.76,0.78,0.84,0.92,0.98,330848157.6403262,354101942.04082346,38
2025-08-18,0.78,0.143,0.07699999999999999,0.76,0.0,0.0,-0.004404428358738548,-0.004404428358738548,hold,False,False,False,False,0.14485250888805845,0.027606898816246388,0.15928889370255458,-0.005937318369851896,0.0014677336409010255,0.00021810466359850622,0.76,0.78,0.84,0.92,0.98,329390960.63237876,352542325.40541446,38
2025-08-19,0.78,0.143,0.07699999999999999,0.76,0.0,0.0,-0.004030479728104837,-0.004030479728104837,hold,False,False,False,False,0.17477200294689282,0.027537672887794518,0.18270267580411637,-0.004629871199771873,-0.0029313300159634625,0.0,0.76,0.78,0.84,0.92,0.98,328063357.04292893,351121410.709569,38
2025-08-20,0.78,0.143,0.07699999999999999,0.76,0.0,0.0,0.012854422509119178,0.012854422509119178,hold,False,False,False,False,0.20280001156148272,0.027541799107056696,0.20813393941534183,0.015427469792720583,0.005564830640820473,0.00032760115791941047,0.76,0.78,0.84,0.92,0.98,332280422.04411876,355634873.67482775,38
2025-08-21,0.78,0.143,0.07699999999999999,0.76,0.0,0.0,-0.002525454339059034,-0.002525454339059034,hold,False,False,False,False,0.22299145752651212,0.027606317768161047,0.22702950584389386,-0.0028848106482866065,-0.0019838775002518627,0.00010899284598098191,0.76,0.78,0.84,0.92,0.98,331441263.0104831,354736734.03998494,38
2025-08-22,0.78,0.143,0.07699999999999999,0.76,0.0,0.0,0.0035143894519072513,0.0035143894519072513,hold,False,False,False,False,0.22869143146621224,0.03054928231777347,0.2758252642672993,0.0040153373620261945,0.002615627797227349,0.00010898096783518163,0.76,0.78,0.84,0.92,0.98,332606076.68913394,355983417.076299,38
2025-08-25,0.78,0.143,0.07699999999999999,0.76,0.0,0.0,0.0014757567738547558,0.0014757567738547558,hold,False,False,False,False,0.2363768513005006,0.03277398516248842,0.3056649184025666,0.0015368674330140664,0.0018783422657664417,0.0001090549623270487,0.76,0.78,0.84,0.92,0.98,333096922.3598332,356508762.0154294,38
2025-08-26,0.78,0.143,0.07699999999999999,0.76,0.0,0.0,0.005218813125925453,0.005218813125925453,hold,False,False,False,False,0.23848116938032415,0.034492011318494664,0.3285775520866172,0.006259921164795568,0.0022914566499698807,0.00010904307063919205,0.76,0.78,0.84,0.92,0.98,334835292.95045006,358369314.622143,38
2025-08-27,0.78,0.143,0.07699999999999999,0.76,0.0,0.0,-0.009114213477020646,-0.009114213477020646,hold,False,False,False,False,0.24002838260499915,0.03610453539962627,0.3497916741280943,-0.01157549320316631,-0.000831448680857827,0.00043595302352916754,0.76,0.78,0.84,0.92,0.98,331783532.6108589,355103060.1850631,38
2025-08-28,0.78,0.143,0.07699999999999999,0.76,0.0,0.0,-0.00694467767509414,-0.00694467767509414,hold,False,False,False,False,0.22288918384587975,0.03510454264008371,0.3398175300891006,-0.008380105771098934,-0.002984123718062004,0.00024070802657005785,0.76,0.78,0.84,0.92,0.98,329479402.91897243,352636983.89063835,38
2025-08-29,0.78,0.143,0.07699999999999999,0.76,0.0,0.0,0.00663899800461548,0.00663899800461548,hold,False,False,False,False,0.23076562835779946,0.03412471102148931,0.3447511919659687,0.007867572636140574,0.003453626537903931,0.00010938640916324793,0.76,0.78,0.84,0.92,0.98,331666816.0175134,354978140.1230419,38
2025-09-02,0.78,0.143,0.07699999999999999,0.76,0.0,0.0,0.007718202773731455,0.007718202773731455,hold,False,False,False,False,0.2333279840946731,0.034133101146898055,0.35001311811433733,0.00905133805635927,0.004484815635981354,0.0002185773224141485,0.76,0.78,0.84,0.92,0.98,334226687.7568545,357717933.38875365,38
2025-09-03,0.78,0.143,0.07699999999999999,0.76,0.0,0.0,0.0018484966577922198,0.0018484966577922198,hold,False,False,False,False,0.24406576158855386,0.03405197151385621,0.35526583558735675,0.0014428572919567006,0.004879914729053025,0.0003277943352131274,0.76,0.78,0.84,0.92,0.98,334844504.67211795,358379173.7930551,38
2025-09-04,0.78,0.143,0.07699999999999999,0.76,0.0,0.0,0.004256547764367675,0.004256547764367675,hold,False,False,False,False,0.2320561180059167,0.03460708514341278,0.36562917281252155,0.004877994310477751,0.003099964821426049,0.00010931471079356214,0.76,0.78,0.84,0.92,0.98,336269786.2998909,359904631.86405987,38
2025-09-05,0.78,0.143,0.07699999999999999,0.76,0.0,0.0,0.0018795527744275725,0.0018795527744275725,hold,False,False,False,False,0.2174650406125227,0.03480913722432068,0.37092700818695823,0.0028332800126658064,-0.002369338091793738,0.00010921703473698585,0.76,0.78,0.84,0.92,0.98,336901823.109687,360581091.6134093,38
2025-09-08,0.78,0.143,0.07699999999999999,0.76,0.0,0.0,0.0006475732074551067,0.0006475732074551067,hold,False,False,False,False,0.19751737548284526,0.03552204447833967,0.3780358468485205,0.0003272515481658189,0.0026846727733880194,0.00010920510767897795,0.76,0.78,0.84,0.92,0.98,337119991.7038756,360814594.2674531,38
2025-09-09,0.78,0.143,0.07699999999999999,0.76,0.0,0.0,0.004769241657010496,0.004769241657010496,hold,False,False,False,False,0.18383041375035641,0.03900947330029084,0.4126334071449861,0.005820450106931219,0.001544634255215227,0.00010919318322555327,0.76,0.78,0.84,0.92,0.98,338727798.41172075,362535406.2608907,38
2025-09-10,0.78,0.143,0.07699999999999999,0.76,0.0,0.0,0.003058936173683902,0.003058936173683902,hold,False,False,False,False,0.17581666263308077,0.042166902360166014,0.43373315467664364,0.004417167567077662,-0.0028788489511507587,0.00032754378412835905,0.76,0.78,0.84,0.92,0.98,339763945.1273147,363644378.92934334,38
2025-09-11,0.78,0.143,0.07699999999999999,0.76,0.0,0.0,0.006918774226428438,0.006918774226428438,hold,False,False,False,False,0.1643867107284512,0.04472772724713101,0.4436767148240476,0.008556977982468794,0.0016497482678898834,0.00010931685447435058,0.76,0.78,0.84,0.92,0.98,342114695.1539312,366160352.2858653,38
2025-09-12,0.78,0.143,0.07699999999999999,0.76,0.0,0.0,-0.000562352310442072,-0.000562352310442072,hold,False,False,False,False,0.15538067832979902,0.04898983082563636,0.4422543067485057,-0.0008449795417831973,0.0006177275690504302,0.00010904791915078427,0.76,0.78,0.84,0.92,0.98,341922306.1646752,365954441.16576505,38
2025-09-15,0.78,0.143,0.07699999999999999,0.76,0.0,0.0,-0.0018574683747385847,-0.0018574683747385847,hold,False,False,False,False,0.14822407273868726,0.05142781159877921,0.42608952057350724,-0.0019960495586504035,-0.002160550236063874,0.00010920733462160825,0.76,0.78,0.84,0.92,0.98,341287196.29435664,365274692.3647045,38
2025-09-16,0.78,0.143,0.07699999999999999,0.76,0.0,0.0,0.006569784840953515,0.006569784840953515,hold,False,False,False,False,0.14080531677916652,0.05370495232322557,0.416963548094226,0.009016905035605038,-0.003299318453270028,0.00010910976622335866,0.76,0.78,0.84,0.92,0.98,343529379.74298286,367674468.50138617,38
2025-09-17,0.78,0.143,0.07699999999999999,0.76,0.0,0.0,0.00525461085190649,0.00525461085190649,hold,False,False,False,False,0.1408969941088185,0.056105815129471846,0.410613374506805,0.006769442659888991,-0.00041382060113615005,0.00043664835266943314,0.76,0.78,0.84,0.92,0.98,345334492.949729,369606454.7535425,38
2025-09-18,0.78,0.143,0.07699999999999999,0.76,0.0,0.0,0.004389228027271697,0.004389228027271697,hold,False,False,False,False,0.1398606029226352,0.05745246959017407,0.40123333860956856,0.005920014489817493,-0.0016558052008790458,0.00010905024597085422,0.76,0.78,0.84,0.92,0.98,346850244.78496766,371228741.76380724,38
2025-09-19,0.78,0.143,0.07699999999999999,0.76,0.0,0.0,-0.00478076156258052,-0.00478076156258052,hold,False,False,False,False,0.13955655020281443,0.05841415642909045,0.3935157948527898,-0.0066422865178928925,0.0027987546949366227,0.0,0.76,0.78,0.84,0.92,0.98,345192036.46672803,369453985.6642577,38
2025-09-22,0.78,0.143,0.07699999999999999,0.76,0.0,0.0,-0.0031057624330482047,-0.0031057624330482047,hold,False,False,False,False,0.14103521162126043,0.059088990678023534,0.38770439452580585,-0.0035105464204016057,-0.002687563228130241,0.00021799112321652103,0.76,0.78,0.84,0.92,0.98,344119952.00768226,368306549.3548417,38
2025-09-23,0.78,0.143,0.07699999999999999,0.76,0.0,0.0,-0.0036740519880585523,-0.0036740519880585523,hold,False,False,False,False,0.14958412277589425,0.059451639060827684,0.3795241884290066,-0.0043112810845634675,-0.002176592602091243,0.0,0.76,0.78,0.84,0.92,0.98,342855637.4138778,366953371.9449696,38
2025-09-24,0.78,0.143,0.07699999999999999,0.76,0.0,0.0,0.0031574136109902384,0.0031574136109902384,hold,False,False,False,False,0.15951619951345164,0.059819658836311566,0.3753451661452375,0.004110868708396165,-0.0005193434859045443,0.00032730047955298325,0.76,0.78,0.84,0.92,0.98,343938174.4700531,368111995.5161474,38
2025-09-25,0.78,0.143,0.07699999999999999,0.76,0.0,0.0,0.004036795047204196,0.004036795047204196,hold,False,False,False,False,0.173276227589083,0.059212928997346446,0.36903754930341875,0.004631128390526484,0.0029100468451539463,0.000108807840734082,0.76,0.78,0.84,0.92,0.98,345326582.38929826,369597988.1964634,38
2025-09-26,0.78,0.143,0.07699999999999999,0.76,0.0,0.0,0.0020772903096409226,0.0020772903096409226,hold,False,False,False,False,0.1830618136567118,0.05846931225447687,0.36242388270769244,0.0027391934617468916,-0.00041454958406750286,0.0,0.76,0.78,0.84,0.92,0.98,346043925.95255697,370365750.5158067,38
2025-09-29,0.78,0.143,0.07699999999999999,0.76,0.0,0.0,0.004241092237435544,0.004241092237435544,hold,False,False,False,False,0.18095878891216532,0.058955977712373354,0.3606505413018781,0.004796954247462626,0.003369123951273867,0.00022965194003288225,0.76,0.78,0.84,0.92,0.98,347511530.16072613,371936505.8253313,38
2025-09-30,0.78,0.143,0.07699999999999999,0.76,0.0,0.0,0.0033632635262226753,0.0033632635262226753,hold,False,False,False,False,0.17870964487691832,0.059015328789265804,0.36103739161755866,0.004111072081054212,0.0010364044988293575,0.00010936960607521584,0.76,0.78,0.84,0.92,0.98,348680303.0150575,373187426.3094443,38
2025-10-01,0.78,0.143,0.07699999999999999,0.76,0.0,0.0,-0.003548010449944755,-0.003548010449944755,hold,False,False,False,False,0.16855357442274774,0.056622783315026105,0.34640732847962674,-0.0042097062459061085,-0.0019669515516238523,0.00021862978888598228,0.76,0.78,0.84,0.92,0.98,347443181.65627015,371863353.4211104,38
2025-10-02,0.78,0.143,0.07699999999999999,0.76,0.0,0.0,0.005459359545351806,0.005459359545351806,hold,False,False,False,False,0.1606055130546919,0.054612248949464016,0.33409738160043867,0.00751012746217139,-0.002904690134047372,0.00021858200034929887,0.76,0.78,0.84,0.92,0.98,349339998.90651274,373893489.16917646,38
2025-10-03,0.78,0.143,0.07699999999999999,0.76,0.0,0.0,-0.003750141845935892,-0.003750141845935892,hold,False,False,False,False,0.16034665573281284,0.053098622088060494,0.3250867782321237,-0.005265629590874843,0.002496847796828572,0.0,0.76,0.78,0.84,0.92,0.98,348029924.35815424,372491335.54952013,38
2025-10-06,0.78,0.143,0.07699999999999999,0.76,0.0,0.0,0.008988356908225439,0.008988356908225439,hold,False,False,False,False,0.15484869158746478,0.05198670241381492,0.3182010568019094,0.011463908977050519,0.0002075118139601706,0.00021861969778869117,0.76,0.78,0.84,0.92,0.98,351158141.533028,375839420.6186608,38
2025-10-07,0.78,0.143,0.07699999999999999,0.76,0.0,0.0,-0.0010478986894593737,-0.0010478986894593737,hold,False,False,False,False,0.16482736562551317,0.05062115377024666,0.3145203162362571,-0.001210326626064906,-0.0007261812666345957,0.0,0.76,0.78,0.84,0.92,0.98,350790163.3767225,375445578.9823473,38
2025-10-08,0.78,0.143,0.07699999999999999,0.76,0.0,0.0,-0.026152607731673307,-0.026152607731673307,hold,False,False,False,False,0.1624867068220769,0.04946591937599701,0.310887075871917,-0.03471426066481298,0.006229804836015429,0.0004370583809170103,0.76,0.78,0.84,0.92,0.98,341616085.8378015,365626698.030631,38
2025-10-09,0.78,0.143,0.07699999999999999,0.76,0.0,0.0,0.01663482541983441,0.01663482541983441,hold,False,False,False,False,0.16350429553461032,0.04875684728039216,0.3401842404059913,0.021221340338120287,0.000515956410283902,0.00010906739519467301,0.76,0.78,0.84,0.92,0.98,347298809.78632057,371708834.3212011,38
2025-10-10,0.78,0.143,0.07699999999999999,0.76,0.0,0.0,-0.004826925456455788,-0.004826925456455788,hold,False,False,False,False,0.20876249111199346,0.05637237551973115,0.39124763194301065,-0.006661052516025445,0.002578290252056359,0.0,0.76,0.78,0.84,0.98,0.98,345622424.3203662,369914623.4864266,39
2025-10-13,0.78,0.143,0.07699999999999999,0.76,0.0,0.0,0.005350933995354797,0.005350933995354797,hold,False,False,False,False,0.22723687728124833,0.05512368997852216,0.43394225120441127,0.007056799644560963,-0.0011313757224465926,0.00010931170009231828,0.76,0.78,0.84,0.98,0.98,347471827.10021895,371894012.22061896,39
2025-10-14,0.78,0.143,0.07699999999999999,0.76,0.0,0.0,-0.00221715092416439,-0.00221715092416439,hold,False,False,False,False,0.24878312081007642,0.05489621609034888,0.4665730491300808,-0.003702929971409308,0.0046344401934761414,0.00010921436191924094,0.76,0.78,0.84,0.98,0.98,346701429.61764264,371069467.0677328,39
2025-10-15,0.78,0.143,0.07699999999999999,0.74,0.0,0.0,0.0049043760643395756,0.0049043760643395756,hold,False,False,False,False,0.25871737137368683,0.05581621994479055,0.47963527162465613,0.006566806282733095,-0.0016401638944442132,0.00021831948978290328,0.76,0.78,0.84,0.98,0.98,348401783.8105317,372889331.280227,39
2025-10-16,0.78,0.143,0.07699999999999999,0.74,0.0,0.0,0.010036215781414481,0.010036215781414481,hold,False,False,False,False,0.27157192368009214,0.05569876086664501,0.5037282311992723,0.01260069798083241,0.0013347622226771438,0.00021818647431648408,0.76,0.78,0.84,0.98,0.98,351898419.2914839,376631729.07154274,39
2025-10-17,0.78,0.143,0.07699999999999999,0.74,0.0,0.0,5.999996328051122e-05,5.999996328051122e-05,hold,False,False,False,False,0.27571350011004897,0.055119555102006,0.5226344841063166,-0.00026145750199924045,0.0018457119918875442,0.0,0.76,0.78,0.84,0.98,0.98,351919533.1837198,376654326.96145725,39
2025-10-20,0.78,0.143,0.07699999999999999,0.74,0.0,0.0,-0.007468441248496271,-0.007468441248496271,hold,False,False,False,False,0.2729168042374692,0.05439398787409519,0.5311834242426903,-0.009634020903854679,0.00020474579279827765,0.00021839491091202312,0.76,0.78,0.84,0.98,0.98,349291242.825939,373841306.24955374,39
2025-10-21,0.78,0.143,0.07699999999999999,0.74,0.0,0.0,0.006097156307163511,0.006097156307163511,hold,False,False,False,False,0.27398233803607835,0.05473254421457984,0.5459040453868337,0.008406478919983362,-0.0032747815630999044,0.0001090456246723992,0.76,0.78,0.84,0.98,0.98,351420926.13017213,376120675.1278314,39
2025-10-22,0.78,0.143,0.07699999999999999,0.74,0.0,0.0,0.008486384778720829,0.008486384778720829,hold,False,False,False,False,0.2917965787835256,0.05569938029989475,0.5606991230119063,0.010678283621570861,0.0009240332944462359,0.00032710120506163065,0.76,0.78,0.84,0.98,0.98,354403219.3286072,379312579.90019846,39
2025-10-23,0.78,0.143,0.07699999999999999,0.74,0.0,0.0,0.013891181218541862,0.013891181218541862,hold,False,False,False,False,0.2908115355810028,0.057509843971095084,0.5579267018287412,0.017809206690438284,0.0,0.0,0.76,0.78,0.84,0.98,0.98,359326298.6727355,384581679.6860648,39
2025-10-24,0.78,0.143,0.07699999999999999,0.74,0.0,0.0,0.006138594092083169,0.006138594092083169,hold,False,False,False,False,0.2948819081217424,0.05760171605611717,0.5498551699146923,0.007689944792912851,0.0009233407982489616,0.00010908336963044718,0.76,0.78,0.84,0.98,0.98,361532056.966898,386942470.512909,39
2025-10-27,0.78,0.143,0.07699999999999999,0.74,0.0,0.0,0.0026142612425723304,0.0026142612425723304,hold,False,False,False,False,0.3002835370771867,0.05783483635426733,0.544090572336583,0.004502978524613344,-0.006456300350621169,0.00032712913652921394,0.76,0.78,0.84,0.98,0.98,362477196.21137404,387954039.2166761,39
2025-10-28,0.78,0.143,0.07699999999999999,0.74,0.0,0.0,-0.012131634432604253,-0.012131634432604253,hold,False,False,False,False,0.30135661048239337,0.05834903527858522,0.541947191500304,-0.015288617310262875,-0.0014441463678266375,0.0,0.76,0.78,0.84,0.98,0.98,358079755.3767823,383247522.6362472,39
2025-10-29,0.78,0.143,0.07699999999999999,0.74,0.0,0.0,0.0038385361085581755,0.0038385361085581755,hold,False,False,False,False,0.30337780514766177,0.05847405176065157,0.5428898542476573,0.004823917340689654,0.0004132561781677868,0.00021798635509417963,0.76,0.78,0.84,0.98,0.98,359454257.4475398,384718632.0904019,39
2025-10-30,0.78,0.143,0.07699999999999999,0.74,0.0,0.0,0.0036749832470177523,0.0036749832470177523,hold,False,False,False,False,0.31066144071079344,0.058325882112239075,0.5568626312207302,0.004784806280031528,-0.00047635736191919964,0.00014225261490397045,0.76,0.78,0.84,0.98,0.98,360775245.8217287,386132466.61814976,39
2025-10-31,0.78,0.143,0.07699999999999999,0.74,0.0,0.0,-0.01564616979967615,-0.01564616979967615,hold,False,False,False,False,0.32015254618269984,0.06004254158791727,0.5528561003804732,-0.020297981112231467,0.001243565908669808,0.00010942263538460395,0.76,0.78,0.84,0.98,0.98,355130495.06608206,380090972.4802744,39
2025-11-03,0.78,0.143,0.07699999999999999,0.74,0.0,0.0,0.004403740068264004,0.004403740068264004,hold,False,False,False,False,0.32784958423333455,0.0612812336474399,0.5504670140272119,0.006507919929066963,-0.004761135760800617,0.00010915503099040436,0.76,0.78,0.84,0.98,0.98,356694397.456667,381764794.3253712,39
2025-11-04,0.78,0.143,0.07699999999999999,0.74,0.0,0.0,-0.01379218936323868,-0.01379218936323868,hold,False,False,False,False,0.3433267607626102,0.06590509432764041,0.5482947767389434,-0.018627335191010785,0.005095862826285158,0.00010939872196047418,0.76,0.78,0.84,0.98,0.98,351774800.78213835,376499421.9898178,39
2025-11-05,0.78,0.143,0.07699999999999999,0.68,0.0,0.0,-0.0023767460044722757,-0.0023767460044722757,hold,False,False,False,False,0.35339779290085893,0.06936897324253516,0.5456093025525055,-0.003155329947613583,0.00041377100285378,0.0003278194968601156,0.76,0.78,0.84,0.98,0.98,350938721.42990535,375604578.4929174,39
2025-11-06,0.78,0.143,0.07699999999999999,0.68,0.0,0.0,0.01708144168136337,0.01708144168136337,hold,False,False,False,False,0.369518049676164,0.08947611650864,0.5344608480114332,0.022124205973549582,-0.0013445626584837056,0.0002186166514008825,0.76,0.78,0.84,0.98,0.98,356933260.7337425,382020446.19569725,39
2025-11-07,0.78,0.143,0.07699999999999999,0.68,0.0,0.0,-0.0016416650142965406,-0.0016416650142965406,hold,False,False,False,False,0.3508231387428522,0.0938181676471247,0.5324503786720872,-0.0026635198225943846,0.003106983404725483,-0.0001093270071255148,0.76,0.78,0.84,0.98,0.98,356347295.88715714,381393296.5944318,39
2025-11-10,0.78,0.143,0.07699999999999999,0.74,0.0,0.0,-0.00057697545856974,-0.00057697545856974,hold,False,False,False,False,0.31438752810598014,0.08437728673393932,0.539515236056465,-0.0007883526216219128,0.00020643696721456273,0.00010933896082687689,0.76,0.78,0.84,0.98,0.98,356141692.2427026,381173242.02223384,39
2025-11-11,0.78,0.143,0.07699999999999999,0.74,0.0,0.0,-0.016329367695162914,-0.016329367695162914,hold,False,False,False,False,0.2946274258229181,0.07736086230322448,0.5470074706744869,-0.020415998883927977,-0.002890165264465394,0.00010915671583711095,0.76,0.78,0.84,0.98,0.98,350326123.59849393,374948923.99769545,39
2025-11-12,0.78,0.143,0.07699999999999999,0.74,0.0,0.0,0.000386509285467499,0.000386509285467499,hold,False,False,False,False,0.28289088551201264,0.07040338522609209,0.5666488905334287,0.0007560348771753489,-0.0016561831064800803,0.0004368346168490689,0.76,0.78,0.84,0.98,0.98,350461527.8982066,375093845.23839664,39
2025-11-13,0.78,0.143,0.07699999999999999,0.74,0.0,0.0,-0.006498541124363713,-0.006498541124363713,hold,False,False,False,False,0.3179501082300979,0.07640051699665908,0.5779652574602872,-0.008540549015193744,0.00114046928312872,0.0,0.76,0.78,0.84,0.98,0.98,348184039.2466528,372656282.45961916,39
2025-11-14,0.78,0.143,0.07699999999999999,0.74,0.0,0.0,-0.00924327947634803,-0.00924327947634803,hold,False,False,False,False,0.3494986869990705,0.08244898903896818,0.5797207800388788,-0.012175728824554977,0.0016571215988525623,0.00021844958660954816,0.76,0.78,0.84,0.98,0.98,344965676.86269224,369211716.29222804,39
2025-11-17,0.78,0.143,0.07699999999999999,0.68,0.0,0.0,0.004553168645422828,0.004553168645422828,hold,False,False,False,False,0.37867482327668955,0.0866482558055383,0.5830021174003243,0.005970087071594188,-0.0007237711218226472,0.0,0.76,0.78,0.84,0.98,0.98,346536363.7663305,370892799.5023725,39
2025-11-18,0.68,0.20799999999999996,0.11199999999999997,0.68,0.19999999999999996,0.00019999999999999996,-0.015577369305300457,-0.015777369305300458,scheduled,False,False,False,False,0.421367370137938,0.09964496800776013,0.583828072584375,-0.023671812130308,0.002379954423965547,0.00021814663503705312,0.76,0.78,0.84,0.98,0.98,341068931.5774731,365115265.3918473,39
2025-11-19,0.68,0.20799999999999996,0.11199999999999997,0.68,0.0,0.0,0.005820267420939647,0.005820267420939647,hold,False,False,False,False,0.44619838971597564,0.11178007307189877,0.585384439717802,0.007512745003187771,0.003303536618002978,0.00021843930560128122,0.76,0.78,0.84,0.98,0.98,343054043.96822816,367240333.8758952,39
2025-11-20,0.68,0.20799999999999996,0.11199999999999997,0.6,0.0,0.0,0.01771077348592423,0.01771077348592423,hold,False,False,False,False,0.5400554647945063,0.15990747003020978,0.5651339956945662,0.02557318657013896,0.0015433010491814336,0.0,0.76,0.78,0.84,0.98,0.98,349129796.43437976,373744444.2440664,39
2025-11-21,0.68,0.20799999999999996,0.11199999999999997,0.6,0.0,0.0,0.0047499105652394034,0.0047499105652394034,hold,False,False,False,False,0.6036384702401383,0.20203873440166795,0.5432533107780999,0.0061636773483719764,0.0025682583338957343,0.00021796638300131121,0.76,0.78,0.84,0.98,0.98,350788131.74310327,375519696.9284808,39
2025-11-24,0.68,0.20799999999999996,0.11199999999999997,0.6,0.0,0.0,0.0061910996803351504,0.0061910996803351504,hold,False,False,False,False,0.609548991223948,0.195713546794377,0.5558923818542814,0.008835786936959966,0.0008198908592242926,0.00010917200431892482,0.76,0.78,0.84,0.98,0.98,352959896.03340334,377844576.8040943,39
2025-11-25,0.6,0.26,0.13999999999999999,0.6,0.16000000000000014,0.00016000000000000015,0.004457562051192412,0.004297562051192412,scheduled,False,False,False,False,0.6019264178728885,0.18984922725652106,0.567062418550129,0.008107212644960615,-0.0017406810222794222,0.00032722521434780383,0.76,0.78,0.84,0.98,0.98,354476763.08818936,379528842.4509051,39
2025-11-26,0.6,0.26,0.13999999999999999,0.6,0.0,0.0,-0.003394695405077701,-0.003394695405077701,hold,False,False,False,False,0.5791316607785095,0.18510608613758173,0.575723113453525,-0.003358999728951928,-0.005369737144693354,0.00012025778509805463,0.76,0.78,0.84,0.98,0.98,353273422.44932705,378240457.6333425,39
2025-11-28,0.6,0.26,0.13999999999999999,0.6,0.0,0.0,0.004956683656146778,0.004956683656146778,hold,False,False,False,False,0.5463338367038868,0.1858960383168708,0.5773800847654307,0.007826107993032627,0.0008272502324555564,0.0003280985706339834,0.76,0.78,0.84,0.98,0.98,355024487.04853266,380115275.9277872,39
2025-12-01,0.6,0.26,0.13999999999999999,0.6,0.0,0.0,0.002018944030029224,0.002018944030029224,hold,False,False,False,False,0.5448407152216064,0.18125731296785316,0.5868871178432121,0.0024437973823301373,0.0020668582380252154,0.00010916041960418177,0.76,0.78,0.84,0.98,0.98,355741261.6171735,380882707.39484453,39
2025-12-02,0.6,0.26,0.13999999999999999,0.6,0.0,0.0,-0.0013471593805488968,-0.0013471593805488968,hold,False,False,False,False,0.5301714203447422,0.17337996527717503,0.5979318561609008,-0.0009302477124336628,-0.0030936119632283265,0.00010948826679046952,0.76,0.78,0.84,0.98,0.98,355262021.43953764,380369597.6826888,39
2025-12-03,0.6,0.26,0.13999999999999999,0.6,0.0,0.0,0.0019391115732679618,0.0019391115732679618,hold,False,False,False,False,0.5164245711036265,0.17213675662299652,0.6017426840317064,0.0040773927632637985,-0.002068915351493561,0.0002185279049857769,0.76,0.78,0.84,0.98,0.98,355950914.13685364,381107176.7716745,39
2025-12-04,0.6,0.26,0.13999999999999999,0.6,0.0,0.0,-0.0016748370243425748,-0.0016748370243425748,hold,False,False,False,False,0.5069376950165436,0.16364262940422375,0.6138708782849729,-0.0019184508699994218,-0.0020732852681845104,0.00010919762417893608,0.76,0.78,0.84,0.98,0.98,355354754.3670086,380468884.3617746,39
2025-12-05,0.6,0.26,0.13999999999999999,0.6,0.0,0.0,0.0003925482812383718,0.0003925482812383718,hold,False,False,False,False,0.5014941055104737,0.1625748158671638,0.6177711550030692,0.001233363970579271,-0.0014541452188259196,0.00021862611275391686,0.76,0.78,0.84,0.98,0.98,355494248.26506525,380618236.76839554,39
2025-12-08,0.6,0.26,0.13999999999999999,0.6,0.0,0.0,0.003295849667554691,0.003295849667554691,hold,False,False,False,False,0.5009720391426685,0.1672029567362079,0.613290609361283,0.004095641190661192,0.003224865204453753,0.0,0.76,0.78,0.84,0.98,0.98,356665903.86502725,381872697.2575139,39
2025-12-09,0.6,0.26,0.13999999999999999,0.68,0.0,0.0,-0.0018984343301896222,-0.0018984343301896222,hold,False,False,False,False,0.49622277888612465,0.16960742259646933,0.6135701931641817,-0.0032344057942019777,0.00010356342049644418,0.0001091618357320634,0.76,0.78,0.84,0.98,0.98,355988797.0687218,381147737.0192781,39
2025-12-10,0.68,0.20799999999999996,0.11199999999999997,0.68,0.16000000000000014,0.00016000000000000015,-0.013512167897972344,-0.013672167897972345,scheduled,False,False,False,False,0.4847199974429348,0.1712412922313095,0.612040212380495,-0.019118252358505283,-0.00269559604254499,0.00043685430946971415,0.76,0.78,0.84,0.98,0.98,351121658.465401,375997604.80274135,39
2025-12-11,0.68,0.20799999999999996,0.11199999999999997,0.68,0.0,0.0,-0.0032402707395622087,-0.0032402707395622087,hold,False,False,False,False,0.48817723117558204,0.17953468104677506,0.5984910775926756,-0.0050194605687891025,0.000831550226992217,0.0,0.76,0.78,0.84,0.98,0.98,349983929.22944903,374779270.76575357,39
2025-12-12,0.68,0.20799999999999996,0.11199999999999997,0.68,0.0,0.0,0.0019432632567971807,0.0019432632567971807,hold,False,False,False,False,0.4984978733382228,0.23055182966112597,0.5580862144705996,0.00198183236809113,0.002804705719613665,0.00010927193585330564,0.76,0.78,0.84,0.98,0.98,350664040.13959014,375507565.55204195,39
2025-12-15,0.68,0.20799999999999996,0.11199999999999997,0.6,0.0,0.0,-0.012636055934443035,-0.012636055934443035,hold,False,False,False,False,0.5183720914961102,0.266119495160146,0.536300139955339,-0.018537002937461078,-0.00020731517183669723,0.00010917516761188573,0.76,0.78,0.84,0.98,0.98,346233029.7141885,370762630.9499198,39
2025-12-16,0.68,0.20799999999999996,0.11199999999999997,0.6,0.0,0.0,0.01041045782637069,0.01041045782637069,hold,False,False,False,False,0.5329635872275533,0.29943046127760853,0.5080420923286707,0.014490189497912143,0.0025900831382921208,0.00016421138415778636,0.76,0.78,0.84,0.98,0.98,349837474.0681246,374622439.6830182,39
2025-12-17,0.78,0.143,0.07699999999999999,0.78,0.19999999999999996,0.00019999999999999996,0.009871168816716623,0.009671168816716622,scheduled,True,False,False,False,0.5820263679199593,0.32224059324764504,0.48880518556218,0.013035315712881301,-0.002249566159116978,0.0003287080704277301,0.76,0.78,0.84,0.98,0.98,353220811.3382511,378320401.0276595,39
2025-12-18,0.78,0.143,0.07699999999999999,0.78,0.0,0.0,0.003590356578435342,0.003590356578435342,hold,True,False,False,False,0.6009408522675318,0.3326664784535507,0.4789659462302285,0.004793523378516795,-0.0010391024951591499,0.0,0.76,0.78,0.84,0.98,0.98,354489000.0018797,379678706.16824543,39
2025-12-19,0.78,0.143,0.07699999999999999,0.78,0.0,0.0,0.003593498106210218,0.003593498106210218,hold,True,False,False,False,0.5376152108631941,0.3070817828221107,0.46414187751130453,0.004683311224304099,-0.00041597656466418886,0.0,0.76,0.78,0.84,0.98,0.98,355762855.5520588,381043080.8798294,39
2025-12-22,0.78,0.143,0.07699999999999999,0.68,0.0,0.0,0.002679280603723576,0.002679280603723576,hold,False,False,False,False,0.48717510778623907,0.2777507455715133,0.44122263682623486,0.0029255937289227596,0.002601459880162027,0.00032868483507342283,0.76,0.78,0.84,0.98,0.98,356716044.07046473,382064002.2156137,39
2025-12-23,0.78,0.143,0.07699999999999999,0.68,0.0,0.0,0.00010883023738894182,0.00010883023738894182,hold,False,False,False,False,0.44317546992687945,0.25567785351660843,0.4170979627940498,-6.415532994641371e-05,0.0009341084201488492,0.0003284920865695984,0.76,0.78,0.84,0.98,0.98,356754865.56222135,382105582.33167255,39
2025-12-24,0.68,0.20799999999999996,0.11199999999999997,0.68,0.19999999999999996,0.00019999999999999996,-0.002989642322889416,-0.003189642322889416,scheduled,False,False,False,False,0.421005316147123,0.2429620725781373,0.40675855215271556,-0.004840560837798935,0.0014516300327589438,0.0,0.76,0.78,0.84,0.98,0.98,355616945.1441273,380963223.3109215,39
2025-12-26,0.68,0.20799999999999996,0.11199999999999997,0.68,0.0,0.0,-0.001780297555810573,-0.001780297555810573,hold,False,False,False,False,0.4112531144685404,0.2384113588342725,0.4198114698788995,-0.0023194000033860407,-0.0010353641439998507,0.00010937668253485633,0.76,0.78,0.84,0.98,0.98,354983841.1658824,380284995.41560733,39
2025-12-29,0.68,0.20799999999999996,0.11199999999999997,0.68,0.0,0.0,-0.0062982692573137,-0.0062982692573137,hold,False,False,False,False,0.42680636340877837,0.2361985564918913,0.43060854194738357,-0.008265620622022962,-0.0033168080915555453,0.00010936472058453717,0.76,0.78,0.84,0.98,0.98,352748057.35222423,377889858.1199635,39
2025-12-30,0.68,0.20799999999999996,0.11199999999999997,0.68,0.0,0.0,-0.001441238542350913,-0.001441238542350913,hold,False,False,False,False,0.4407618533410238,0.23422325552506576,0.43884484084463843,-0.0019370922526258383,-0.0008319413219319838,0.00043774986068312316,0.76,0.78,0.84,0.98,0.98,352239663.2562288,377345228.6916776,39
2025-12-31,0.68,0.20799999999999996,0.11199999999999997,0.68,0.0,0.0,0.006029012837296121,0.006029012837296121,hold,False,False,False,False,0.46704806095641904,0.22515509762400118,0.457207798931634,0.007942920296294842,0.0030183992106520563,0.0,0.76,0.78,0.84,0.98,0.98,354363320.7078055,379620247.9195521,39
2026-01-02,0.6,0.26,0.13999999999999999,0.6,0.16000000000000014,0.00016000000000000015,0.0050983816456959905,0.00493838164569599,scheduled,False,False,False,False,0.5076921187809262,0.2165728429539924,0.4761980956871863,0.008786541904950873,-0.0007264226608469926,0.00010947424675489259,0.76,0.78,0.84,0.98,0.98,356113302.02669686,381555696.8238797,39
2026-01-05,0.6,0.26,0.13999999999999999,0.6,0.0,0.0,0.0010941317769110669,0.0010941317769110669,hold,False,False,False,False,0.5192483665772643,0.21067770314401132,0.49047673983594176,0.0009625291018258153,0.0018691868698961223,0.00021875521173275736,0.76,0.78,0.84,0.98,0.98,356502936.906625,381973169.03643614,39
2026-01-06,0.6,0.26,0.13999999999999999,0.6,0.0,0.0,-0.004194943513182375,-0.004194943513182375,hold,False,False,False,False,0.5043438521942769,0.20733627945425046,0.499654041313626,-0.005689022373661312,-0.003005884957636873,0.0,0.76,0.78,0.84,0.98,0.98,355007427.2240181,380370813.16877705,39
2026-01-07,0.6,0.26,0.13999999999999999,0.68,0.0,0.0,0.0063040992514117496,0.0063040992514117496,hold,False,False,False,False,0.4790956160367485,0.1871982575101322,0.5088654352810712,0.009960230387576985,0.0011436230280603699,0.00021870736835616356,0.76,0.78,0.84,0.98,0.98,357245429.2802267,382768708.52733326,39
2026-01-08,0.6,0.26,0.13999999999999999,0.68,0.0,0.0,0.0001891882770644048,0.0001891882770644048,hold,False,False,False,False,0.4957772814438459,0.18896254132417512,0.5154299907933388,0.0008298140919966723,-0.0012461782551798084,0.00010932977295108337,0.76,0.78,0.84,0.98,0.98,357313015.92748135,382841123.8798137,39
2026-01-09,0.68,0.20799999999999996,0.11199999999999997,0.68,0.16000000000000014,0.00016000000000000015,-0.0007365904476785304,-0.0008965904476785306,scheduled,False,False,False,False,0.47355405116123833,0.16901242000757438,0.5334889771803631,-0.0014828582155441694,0.0012477331531033364,0.00010914859862509729,0.76,0.78,0.84,0.98,0.98,356992652.49056953,382559126.7649853,39
2026-01-12,0.68,0.20799999999999996,0.11199999999999997,0.68,0.0,0.0,-0.006820070778630552,-0.006820070778630552,hold,False,False,False,False,0.45460545662077423,0.17988120872720414,0.5211857496014717,-0.010682812558703958,0.0020768295705104745,0.00010947509483894002,0.76,0.78,0.84,0.98,0.98,354557937.3331328,379950046.44343704,40
2026-01-13,0.68,0.20799999999999996,0.11199999999999997,0.68,0.0,0.0,0.002016544057352025,0.002016544057352025,hold,False,False,False,False,0.4285860351699006,0.1840987336435913,0.5017285794376832,0.0035994548785334146,-0.0020725252887052736,0.0,0.76,0.78,0.84,0.98,0.98,355272919.03464895,380716232.45168316,40
2026-01-14,0.68,0.20799999999999996,0.11199999999999997,0.68,0.0,0.0,-0.0013188976653060723,-0.0013188976653060723,hold,False,False,False,False,0.4617661820335248,0.19777462517576017,0.48248711252538734,-0.0008363134391510263,-0.003842154833662792,0.0004371757028436285,0.76,0.78,0.84,0.98,0.98,354804350.4111877,380214106.70155853,40
2026-01-15,0.68,0.20799999999999996,0.11199999999999997,0.68,0.0,0.0,-0.015272030574200134,-0.015272030574200134,hold,False,False,False,False,0.4659129099162712,0.20861766976065937,0.46740456696902843,-0.021247196265635315,-0.00396123612292365,0.0,0.76,0.78,0.84,0.98,0.98,349385767.52384883,374407465.23927015,40
2026-01-16,0.68,0.20799999999999996,0.11199999999999997,0.68,0.0,0.0,0.009748976174504006,0.009748976174504006,hold,False,False,False,False,0.46688084089102555,0.21835363693836513,0.4549837574808882,0.013518415093042524,0.0026164343300463244,0.00010924616594154557,0.76,0.78,0.84,0.98,0.98,352791921.04714966,378057554.69744426,40
2026-01-20,0.68,0.20799999999999996,0.11199999999999997,0.6,0.0,0.0,0.004933724152117029,0.004933724152117029,hold,False,False,False,False,0.5034310436497793,0.21764128449527528,0.4677505212080342,0.007269434343049719,-0.0001044036825850192,0.00010914968590092222,0.76,0.78,0.84,0.98,0.98,354532499.06869173,379922786.3859453,40
2026-01-21,0.68,0.20799999999999996,0.11199999999999997,0.6,0.0,0.0,0.002531155238291291,0.002531155238291291,hold,False,False,False,False,0.5119214490987856,0.21761661737980373,0.4743899179951452,0.0031574002207581664,0.0016703095754810882,0.00032766693281849335,0.76,0.78,0.84,0.98,0.98,355429875.86085397,380884429.9368524,40
2026-01-22,0.68,0.20799999999999996,0.11199999999999997,0.68,0.0,0.0,0.0032955409174914704,0.0032955409174914704,hold,False,False,False,False,0.4863936231239139,0.21653603413191835,0.47797295761006514,0.0044000880881227555,0.0014590433536922909,0.0,0.76,0.78,0.84,0.98,0.98,356601209.56005234,382139650.1605447,40
2026-01-23,0.68,0.20799999999999996,0.11199999999999997,0.68,0.0,0.0,0.005938544678468595,0.005938544678468595,hold,False,False,False,False,0.4503496595251187,0.21497825159495623,0.4808817901603687,0.009065299074749289,-0.0011446518470320521,0.00010918653412272938,0.76,0.78,0.84,0.98,0.98,358718901.7754206,384409003.5464374,40
2026-01-26,0.68,0.20799999999999996,0.11199999999999997,0.68,0.0,0.0,0.0020906739059553437,0.0020906739059553437,hold,False,False,False,False,0.4253809085508901,0.21205260770630086,0.48229229000097285,0.0033114782290084577,-0.0008335014930808127,0.000109259114200011,0.76,0.78,0.84,0.98,0.98,359468866.02293545,385212677.41936624,40
2026-01-27,0.68,0.20799999999999996,0.11199999999999997,0.68,0.0,0.0,-0.003828655271857879,-0.003828655271857879,hold,False,False,False,False,0.40028576206570254,0.21490666108087486,0.47642228985639407,-0.005985266190749683,0.001042705572350533,0.0002182408821695958,0.76,0.78,0.84,0.98,0.98,358092583.653968,383737830.87117815,40
2026-01-28,0.68,0.20799999999999996,0.11199999999999997,0.68,0.0,0.0,-0.008272936997046947,-0.008272936997046947,hold,False,False,False,False,0.3632685255363985,0.22278306971420278,0.45814895529110233,-0.012010861787367544,-0.0006250362935371623,0.00021836220909565718,0.76,0.78,0.84,0.98,0.98,355130106.27028894,380563191.9729974,40
2026-01-29,0.68,0.20799999999999996,0.11199999999999997,0.68,0.0,0.0,0.004277411978460726,0.004277411978460726,hold,False,False,False,False,0.36422881270612806,0.22717232221073524,0.45600334902360135,0.006866428449922912,-0.0019659054487244365,0.00015311576649845726,0.76,0.78,0.84,0.98,0.98,356649144.04076153,382191017.528904,40
2026-01-30,0.68,0.20799999999999996,0.11199999999999997,0.68,0.0,0.0,-0.010251398120183447,-0.010251398120183447,hold,False,False,False,False,0.4057784787205274,0.2299843201504821,0.47065802823849495,-0.015364015491678096,0.0009429442988349024,0.0,0.76,0.78,0.84,0.98,0.98,352992991.675977,378273025.2502572,40
2026-02-02,0.68,0.20799999999999996,0.11199999999999997,0.68,0.0,0.0,-0.011897936187895444,-0.011897936187895444,hold,False,False,False,False,0.3972075727870625,0.2385677794168843,0.4685305195247693,-0.017468973844366742,-0.00020936375342284208,0.000218872205231202,0.76,0.78,0.84,0.98,0.98,348793103.5862419,373772356.9342274,40
2026-02-03,0.68,0.20799999999999996,0.11199999999999997,0.68,0.0,0.0,-0.008569244913149959,-0.008569244913149959,hold,False,False,False,False,0.41420709880371104,0.2399788777189401,0.47866425374083454,-0.014395320471625062,0.005863331767091751,0.0,0.76,0.78,0.84,0.98,0.98,345804210.0575937,370569410.0658927,40
2026-02-04,0.68,0.20799999999999996,0.11199999999999997,0.68,0.0,0.0,0.014410529939422103,0.014410529939422103,hold,False,False,False,False,0.49277466231718076,0.2339854687997589,0.4832543708356648,0.021137893316513612,0.0,0.00032823646600754763,0.76,0.78,0.84,0.98,0.98,350787431.9798069,375909511.64428127,40
2026-02-05,0.68,0.20799999999999996,0.11199999999999997,0.6,0.0,0.0,0.005252181522420273,0.005252181522420273,hold,False,False,False,False,0.5648434608737708,0.2223813964302746,0.4959323893697545,0.007660140255637327,0.00020810648359081974,0.0,0.76,0.78,0.84,0.98,0.98,352629831.2483485,377883856.63544136,40
2026-02-06,0.68,0.20799999999999996,0.11199999999999997,0.6,0.0,0.0,-0.0022333396047269746,-0.0022333396047269746,hold,False,False,False,False,0.6017925008803666,0.21111014524161661,0.5045738639116979,-0.004639315964515389,0.004370935398834375,0.00010929185880304004,0.76,0.78,0.84,0.98,0.98,351842289.0804134,377039913.6524305,40
2026-02-09,0.6,0.26,0.13999999999999999,0.6,0.16000000000000014,0.00016000000000000015,0.0009124678202263879,0.0007524678202263878,scheduled,False,False,False,False,0.6121798921130643,0.20360688834850435,0.5107316980619344,0.0026820690749720377,-0.002797630058127498,0.00021864421683082114,0.76,0.78,0.84,0.98,0.98,352107039.08074117,377383950.44057924,40
2026-02-10,0.6,0.26,0.13999999999999999,0.6,0.0,0.0,-0.01060941400990497,-0.01060941400990497,hold,False,False,False,False,0.6203366703169455,0.19452716203975318,0.522569958893756,-0.02033890905437341,0.00613050547199645,0.0,0.76,0.78,0.84,0.98,0.98,348371389.72733176,373380127.8696617,40
2026-02-11,0.6,0.26,0.13999999999999999,0.6,0.0,0.0,0.0023601780975276033,0.0023601780975276033,hold,False,False,False,False,0.6234154787940465,0.19246843599825703,0.5252247359960314,0.0021310489817716327,0.003924345764791282,0.00043727721156350263,0.76,0.78,0.84,0.98,0.98,349193608.2511714,374261371.4695117,40
2026-02-12,0.6,0.26,0.13999999999999999,0.52,0.0,0.0,-0.0006294998651343442,-0.0006294998651343442,hold,False,False,False,False,0.6650575166406245,0.20774390190149183,0.5174721743895074,-0.0010301095351836764,-0.00010287274935050217,0.00010937693433565876,0.76,0.78,0.84,0.98,0.98,348973790.92187154,374025773.9866466,40
2026-02-13,0.6,0.26,0.13999999999999999,0.52,0.0,0.0,0.003960648994993971,0.003960648994993971,hold,False,False,False,False,0.6991961125628658,0.22040087184599338,0.5107773572259358,0.007467203941096567,-0.0020575871568524473,0.000109280650840482,0.76,0.78,0.84,0.98,0.98,350355953.61616546,375507158.79248863,40
2026-02-17,0.52,0.312,0.16799999999999998,0.52,0.15999999999999995,0.00015999999999999996,-0.0017019565461384306,-0.0018619565461384306,scheduled,False,False,False,False,0.7121809999716661,0.266334259730968,0.4825428337340094,-0.003829708848107294,0.0009278591502479561,0.0,0.76,0.78,0.84,0.98,0.98,349703606.0548513,374868061.9254599,40
2026-02-18,0.52,0.312,0.16799999999999998,0.78,0.0,0.0,0.004656478600291268,0.004656478600291268,hold,True,False,False,False,0.7055108741352246,0.3479037477733974,0.42798127680318065,0.008848887182637988,0.0,0.00032772181737805717,0.76,0.78,0.84,0.98,0.98,351331993.4128904,376613627.03374845,40
2026-02-19,0.52,0.312,0.16799999999999998,0.84,0.0,0.0,-0.005195849198197617,-0.005195849198197617,hold,True,True,False,False,0.7052422035805349,0.4097184980186198,0.38806904703438044,-0.012154967656684001,0.003604916613070719,0.0,0.76,0.78,0.84,0.98,0.98,349506525.3566148,374656799.4216949,40
2026-02-20,0.52,0.312,0.16799999999999998,0.84,0.0,0.0,0.0055582470335559415,0.0055582470335559415,hold,True,True,False,False,0.682905026456115,0.46192381721620807,0.3526326500770417,0.010741490883328764,-0.0002051805267421214,0.00021838153909836677,0.76,0.78,0.84,0.98,0.98,351449168.9643867,376739234.46568215,40
2026-02-23,0.52,0.312,0.16799999999999998,0.84,0.0,0.0,0.007298585678256581,0.007298585678256581,hold,True,True,False,False,0.6936821544024329,0.4646590019902963,0.35126053343690683,0.014493203844452518,-0.00082128717984431,0.00010929332888509613,0.76,0.78,0.84,0.98,0.98,354014250.83562535,379488898.0467907,40
2026-02-24,0.84,0.10400000000000002,0.05600000000000001,0.84,0.6399999999999999,0.0006399999999999999,-0.009850326843579702,-0.010490326843579702,scheduled,True,True,False,False,0.6936392034480705,0.4866219154083524,0.3253163296703148,-0.012064559559788246,0.0026710398794995704,0.00010919712811552351,0.76,0.78,0.84,0.98,0.98,350300525.6370746,375750808.3675199,40
2026-02-25,0.98,0.013000000000000012,0.007000000000000005,0.98,0.28,0.00028000000000000003,-0.0030832624611579177,-0.0033632624611579175,tier_force,True,True,True,False,0.6581003725819092,0.5048341675641986,0.3047130849455497,-0.003200752556519526,0.003995926237727598,0.00021828616296559744,0.76,0.78,0.84,0.98,0.98,349122373.0290755,374592270.0053306,40
2026-02-26,0.98,0.013000000000000012,0.007000000000000005,0.98,0.0,0.0,0.0012139073220834276,0.0012139073220834276,tier_force,True,True,True,False,0.6675226316073761,0.4797267809975484,0.3151877173726325,0.0013173586531323167,-0.006007692527913222,0.00014226355380420053,0.76,0.78,0.84,0.98,0.98,349546175.23399866,375046990.30468595,40
2026-02-27,0.98,0.013000000000000012,0.007000000000000005,0.84,0.0,0.0,-0.010505446630886773,-0.010505446630886773,hold,True,True,False,False,0.6823666345491428,0.4960135913664203,0.29988298330580143,-0.01070559977488339,-0.0011327100413047742,0.00010948271941590981,0.76,0.78,0.84,0.98,0.98,345874036.5450473,371106954.16396534,40
2026-03-02,0.98,0.013000000000000012,0.007000000000000005,0.84,0.0,0.0,0.014912285168691709,0.014912285168691709,hold,True,True,False,False,0.6877742105286135,0.5116927301624256,0.286738146819188,0.015243184213533878,-0.002061620481040527,0.00010938652600511745,0.76,0.78,0.84,0.98,0.98,351031808.81045353,376641006.892543,40
2026-03-03,0.84,0.10400000000000002,0.05600000000000001,0.84,0.28,0.00028000000000000003,-0.0028469374518694346,-0.0031269374518694344,scheduled,True,True,False,False,0.6949755499929797,0.481887361033705,0.3024422935940781,-0.0030128296914716524,-0.0030988989086514485,0.0001093745619018538,0.76,0.78,0.84,0.98,0.98,349934154.30068666,375568733.5041108,40
2026-03-04,0.98,0.013000000000000012,0.007000000000000005,0.98,0.28,0.00028000000000000003,-0.014748916854757098,-0.015028916854757098,tier_force,True,True,True,False,0.6764048166700164,0.5033134010364894,0.28671787300957297,-0.015043230922446638,-0.0006217542940729626,0.00021889358050786178,0.76,0.78,0.84,0.98,0.98,344675022.9910619,370029501.48041224,40
2026-03-05,0.98,0.013000000000000012,0.007000000000000005,0.98,0.0,0.0,0.01312969884855419,0.01312969884855419,tier_force,True,True,True,False,0.6705338699838489,0.5176554858802916,0.2757117628347511,0.013355609155110137,0.0031105457752287347,0.00010925449546905774,0.76,0.78,0.84,0.98,0.98,349200502.243553,374887877.39993066,40
2026-03-06,0.98,0.013000000000000012,0.007000000000000005,0.98,0.0,0.0,-2.472742598227632e-05,-2.472742598227632e-05,tier_force,True,True,True,False,0.671869983764065,0.5289620003034042,0.266702562754258,1.6490698843574236e-05,-0.0032041229158545903,0.00010932672244723385,0.76,0.78,0.84,0.98,0.98,349191867.4139808,374878607.3876906,40
2026-03-09,0.98,0.013000000000000012,0.007000000000000005,0.98,0.0,0.0,-0.00018830140641099474,-0.00018830140641099474,tier_force,True,True,True,False,0.6687064643886482,0.5384542695638478,0.2598407778003675,-0.00013162176108916235,-0.004562467734124276,0.0,0.76,0.78,0.84,0.98,0.98,349126114.0942395,374808017.2186861,40
2026-03-10,0.98,0.013000000000000012,0.007000000000000005,0.98,0.0,0.0,-0.016860543864548383,-0.016860543864548383,tier_force,True,True,True,False,0.6599660125513968,0.545738163760993,0.25475360348218234,-0.017163363705524626,-0.003229155236647241,0.00021879784888056975,0.76,0.78,0.84,0.98,0.98,343239657.93329424,368488550.20358604,40
2026-03-11,0.98,0.013000000000000012,0.007000000000000005,0.98,0.0,0.0,-0.00581988494202461,-0.00581988494202461,tier_force,True,True,True,False,0.6500476075068189,0.5532096113404057,0.24897289773436612,-0.005927136342962935,-0.0010451103043140897,0.00032787257644995016,0.76,0.78,0.84,0.98,0.98,341242042.6165826,366343989.23894775,40
2026-03-12,0.98,0.013000000000000012,0.007000000000000005,0.98,0.0,0.0,0.011051536723573568,0.011051536723573568,tier_force,True,True,True,False,0.6606528925042654,0.5493246321319849,0.25227894201898593,0.011217406681325315,0.00449832122113536,0.0,0.76,0.78,0.84,0.98,0.98,345013291.582187,370392653.2894824,40
2026-03-13,0.98,0.013000000000000012,0.007000000000000005,0.98,0.0,0.0,0.004806453949302176,0.004806453949302176,tier_force,True,True,True,False,0.6693210808293004,0.5821549888808351,0.23414031619853012,0.004880276719680499,0.0017706137504371888,0.00010925503708625328,0.76,0.78,0.84,0.98,0.98,346671582.08007395,372172928.52067816,40
2026-03-16,0.98,0.013000000000000012,0.007000000000000005,0.98,0.0,0.0,-0.013718815503000688,-0.013718815503000688,tier_force,True,True,True,False,0.6647182738673671,0.611183150606685,0.21529914398366323,-0.01393967271473795,-0.0045743257435842954,0.00021857030129979194,0.76,0.78,0.84,0.98,0.98,341915658.60538405,367067156.77909154,40
2026-03-17,0.98,0.013000000000000012,0.007000000000000005,0.98,0.0,0.0,-0.0030984363719094867,-0.0030984363719094867,tier_force,True,True,True,False,0.6193106603541959,0.6146750578848142,0.21124371583301876,-0.0031602840516394837,-0.00010446163867638969,0.0,0.76,0.78,0.84,0.98,0.98,340856254.6926357,365929822.54959375,40
2026-03-18,0.98,0.013000000000000012,0.007000000000000005,0.98,0.0,0.0,-0.01822656777391601,-0.01822656777391601,tier_force,True,True,True,False,0.6172912915735684,0.6235958778468796,0.20962903948405837,-0.018481721188927547,-0.008982707780452515,0.00032774176840977276,0.76,0.78,0.84,0.98,0.98,334643615.0653172,359260177.83839655,40
2026-03-19,0.98,0.013000000000000012,0.007000000000000005,0.98,0.0,0.0,0.011291260885650242,0.011291260885650242,tier_force,True,True,True,False,0.6201799847326608,0.6065925752339301,0.22102698915670252,0.011478969781072212,0.0031620166215209355,0.00010918344567145688,0.76,0.78,0.84,0.98,0.98,338422163.42673683,363316678.23219496,40
2026-03-20,0.98,0.013000000000000012,0.007000000000000005,0.98,0.0,0.0,-0.006742975749603533,-0.006742975749603533,tier_force,True,True,True,False,0.6713210439415225,0.5734815066450935,0.24048050045501404,-0.006836767910289088,-0.0033620623002037497,0.00010908748320304085,0.76,0.78,0.84,0.98,0.98,336140190.9856219,360866842.68144876,40
2026-03-23,0.98,0.013000000000000012,0.007000000000000005,0.84,0.0,0.0,0.006511860389562583,0.006511860389562583,hold,True,True,False,False,0.6896664817431158,0.5519547731094089,0.25283345151077663,0.006575613863315066,0.005270948661905583,-0.0001090755844219693,0.76,0.78,0.84,0.98,0.98,338329088.98064125,363216757.1802126,40
2026-03-24,0.84,0.10400000000000002,0.05600000000000001,0.84,0.28,0.00028000000000000003,-0.020876577754496764,-0.021156577754496763,scheduled,True,True,False,False,0.7090201861633798,0.5345852694364945,0.26298002225490824,-0.023867900245077234,-0.008074744864728922,0.00021842709464148236,0.76,0.78,0.84,0.98,0.98,331171203.3030143,355634034.3072037,40
2026-03-25,0.84,0.10400000000000002,0.05600000000000001,0.84,0.0,0.0,-0.01638149612632042,-0.01638149612632042,hold,True,True,False,False,0.7170192753504173,0.5256251250687565,0.2676897771706269,-0.019536696991535485,0.00010574270031171729,0.0003273590310173269,0.76,0.78,0.84,0.98,0.98,325746123.5189571,349808216.7518125,40
2026-03-26,0.84,0.10400000000000002,0.05600000000000001,0.78,0.0,0.0,-0.005677719011258443,-0.005677719011258443,hold,True,False,False,False,0.7529124055229468,0.5541311178977993,0.2558495786393884,-0.00764333545868201,0.007082382693200051,0.00010919596324354686,0.76,0.78,0.84,0.98,0.98,323896628.56060976,347822103.98926634,40
2026-03-27,0.84,0.10400000000000002,0.05600000000000001,0.78,0.0,0.0,0.028622871732131048,0.028622871732131048,hold,True,False,False,False,0.7859946708323688,0.5744018863429936,0.2435530173232078,0.03385391270884219,0.0017844716990731424,0.0,0.76,0.78,0.84,0.98,0.98,333167480.2143698,357777771.4573511,40
2026-03-30,0.84,0.10400000000000002,0.05600000000000001,0.78,0.0,0.0,0.010300627112971533,0.010300627112971533,hold,True,False,False,False,0.8167100750239291,0.5896049626768892,0.2343305963360724,0.012353174006878076,-0.0008725606834184552,0.00026262961195477885,0.76,0.78,0.84,0.98,0.98,336599314.1942263,361463106.8704432,40
2026-03-31,0.42,0.37700000000000006,0.203,0.42,0.8400000000000001,0.0008400000000000001,0.0013987207675128454,0.0005587207675128452,scheduled,False,False,False,False,0.8384273374700247,0.6079404864136848,0.22879814484566777,0.0011466223630531847,0.0023149072235029156,0.00021881454073846562,0.76,0.78,0.84,0.98,0.98,336787379.2213972,361968692.8247126,40
2026-04-01,0.42,0.37700000000000006,0.203,0.42,0.0,0.0,0.0015822781172993717,0.0015822781172993717,hold,False,False,False,False,0.8407693478929772,0.6223018622987988,0.22429777871863274,0.006017333325542884,-0.0026244789258018653,0.00021885061871262934,0.76,0.78,0.84,0.98,0.98,337320270.52172184,362541427.9665166,40
2026-04-02,0.42,0.37700000000000006,0.203,0.42,0.0,0.0,0.0010387559835350966,0.0010387559835350966,hold,False,False,False,False,0.8406978691717814,0.6324926210195545,0.22192780184099437,0.00015297681473014357,0.0025260551730739156,0.00010927547339689703,0.76,0.78,0.84,0.98,0.98,337670663.97109395,362918020.04409623,40
2026-04-06,0.78,0.143,0.07699999999999999,0.78,0.7200000000000002,0.0007200000000000003,0.023506292448972427,0.022786292448972425,scheduled,True,False,False,False,0.8179987702593826,0.6410265743377379,0.22215838978180857,0.029732070204270045,0.0022047390884041285,0.0,0.76,0.78,0.84,0.98,0.98,345364926.47177804,371448877.1582548,40
2026-04-07,0.78,0.143,0.07699999999999999,0.78,0.0,0.0,0.005239881744001389,0.005239881744001389,hold,True,False,False,False,0.8001326392461079,0.6585660785836344,0.21347611945330847,0.006764631332426108,-0.0003143388055800722,0.00010934745333734952,0.76,0.78,0.84,0.98,0.98,347174597.8450158,373395225.34850615,40
2026-04-08,0.78,0.143,0.07699999999999999,0.78,0.0,0.0,0.0009103970216251699,0.0009103970216251699,hold,True,False,False,False,0.7268896822161389,0.6660949006701167,0.20927221656254685,0.001442181745508142,-0.0016766520269799745,0.0003280064933370852,0.76,0.78,0.84,0.98,0.98,347490664.5648778,373735163.2495524,40
2026-04-09,0.98,0.013000000000000012,0.007000000000000005,0.98,0.3999999999999999,0.0003999999999999999,0.010164331938330454,0.009764331938330454,tier_force,True,True,True,False,0.6665458361824537,0.6982392288593793,0.1882405779006086,0.010342525812865766,0.002204357055538786,0.0,0.76,0.78,0.84,0.98,0.98,350883678.75916034,377533931.505847,40
2026-04-10,0.98,0.013000000000000012,0.007000000000000005,0.98,0.0,0.0,0.0178368498337511,0.0178368498337511,tier_force,True,True,True,False,0.6066711288333076,0.7279885702277512,0.16702492358795207,0.018157016912369928,0.0032467365322732533,0.0001093835298602297,0.76,0.78,0.84,0.98,0.98,357142338.24630165,384267947.5492624,40
2026-04-13,0.98,0.013000000000000012,0.007000000000000005,0.98,0.0,0.0,0.013691719071623715,0.013691719071623715,tier_force,True,True,True,True,0.5631797948211534,0.7533874570315008,0.14739283112478346,0.013999441886586528,-0.0021922300829739783,0.00010928769251150605,0.76,0.78,0.84,0.98,0.98,362032230.8101528,389529236.3353364,40
2026-04-14,0.98,0.013000000000000012,0.007000000000000005,0.98,0.0,0.0,0.0046976721973090475,0.0046976721973090475,tier_force,True,True,True,True,0.5171647391267198,0.7706437841160269,0.13438353748343881,0.004816357344643363,-0.0017786418183400876,0.0001091918852818008,0.76,0.78,0.84,0.92,0.98,363732939.5553595,391359116.9989079,41
2026-04-15,0.98,0.013000000000000012,0.007000000000000005,0.98,0.0,0.0,0.012895613775284798,0.012895613775284798,tier_force,True,True,True,True,0.4610284396668954,0.7753542536501048,0.13037121122649825,0.013084149556009228,0.005450160246270652,0.0003278753134625667,0.76,0.78,0.84,0.92,0.98,368423499.0612143,396405933.0191623,41
2026-04-16,0.98,0.013000000000000012,0.007000000000000005,0.98,0.0,0.0,-0.00312278034071954,-0.00312278034071954,tier_force,True,True,True,True,0.3986068288729104,0.7688706363188307,0.12750376713655162,-0.0031748441644519065,-0.0009382360617623542,0.00010914417803409293,0.76,0.78,0.84,0.92,0.98,367272993.4012869,395168044.36458546,41
2026-04-17,0.98,0.013000000000000012,0.007000000000000005,0.98,0.0,0.0,-0.003783475484096691,-0.003783475484096691,tier_force,True,True,True,True,0.35051969533752747,0.763082710903538,0.123946567331325,-0.003803338055735961,-0.004382252985297153,0.00010929990477337448,0.76,0.78,0.84,0.92,0.98,365883425.0347823,393672935.75663364,41
2026-04-20,0.98,0.013000000000000012,0.007000000000000005,0.98,0.0,0.0,0.016409521039398366,0.016409521039398366,tier_force,True,True,True,True,0.2993882529109072,0.7695400619786756,0.11908778795329483,0.016730507621555812,0.0010479669441283423,0.0,0.76,0.78,0.84,0.92,0.98,371887396.79585767,400132920.0785738,41
2026-04-21,0.98,0.013000000000000012,0.007000000000000005,0.98,0.0,0.0,-0.005538878475909326,-0.005538878475909326,tier_force,True,True,True,True,0.2711176680154615,0.7711823606272818,0.11843099192305451,-0.005632645699066852,-0.001570304788681809,0.0002183244898645853,0.76,0.78,0.84,0.92,0.98,369827557.69828314,397916632.4600479,41
2026-04-22,0.98,0.013000000000000012,0.007000000000000005,0.98,0.0,0.0,0.018772355731578996,0.018772355731578996,tier_force,True,True,True,True,0.24521607545219462,0.7083241256439742,0.15052749282948008,0.019127478891562966,0.0019921005325851393,0.0002184444176684952,0.76,0.78,0.84,0.92,0.98,376770092.17073643,405386465.0361,41
2026-04-23,0.98,0.013000000000000012,0.007000000000000005,0.98,0.0,0.0,0.0004874597413366925,0.0004874597413366925,tier_force,True,True,True,True,0.23857010723801406,0.6404777453713953,0.18419013482481744,0.0005271669328243966,-0.002302149854652935,0.00010915646846743066,0.76,0.78,0.84,0.92,0.98,376953752.42240936,405584074.61748785,41
2026-04-24,0.98,0.013000000000000012,0.007000000000000005,0.98,0.0,0.0,-0.009867119860007597,-0.009867119860007597,tier_force,True,True,True,True,0.22550250829496943,0.5348832534959521,0.2002406038238373,-0.010056746717555742,-0.0009439617182358528,0.00010906079058514706,0.76,0.78,0.84,0.92,0.98,373234304.56557786,401582127.9399268,41
2026-04-27,0.98,0.013000000000000012,0.007000000000000005,0.84,0.0,0.0,0.005929944144135805,0.005929944144135805,hold,True,True,False,False,0.2034958862978143,0.4261537484371488,0.213356371630888,0.006113633344809299,-0.004724348752100593,0.0,0.76,0.78,0.84,0.92,0.98,375447563.1443271,403963487.5278938,41
2026-04-28,0.98,0.013000000000000012,0.007000000000000005,0.78,0.0,0.0,0.009165194885105428,0.009165194885105428,hold,True,False,False,False,0.19838374079897425,0.33747303005938667,0.21310308049457588,0.009326273624633119,0.0018986772613225344,0.00010913265253997828,0.76,0.78,0.84,0.92,0.98,378888613.22968286,407665891.61755383,41
2026-04-29,0.76,0.156,0.08399999999999999,0.76,0.43999999999999995,0.00043999999999999996,0.007441934437512156,0.007001934437512155,scheduled,False,False,False,False,0.18703335483844893,0.26822546122333024,0.2037279722317592,0.009599596060492877,0.0007605868826174866,0.0003284509267766911,0.76,0.78,0.84,0.92,0.98,381541566.45863694,410699714.4553816,41
2026-04-30,0.76,0.156,0.08399999999999999,0.76,0.0,0.0,-0.0019896950397805977,-0.0019896950397805977,hold,False,False,False,False,0.177009671628295,0.21569981784997505,0.19745093452501195,-0.0018838826451929025,-0.003694357188959607,0.00021875585766317762,0.76,0.78,0.84,0.92,0.98,380782415.09638405,409882547.2706904,41
2026-05-01,0.76,0.156,0.08399999999999999,0.76,0.0,0.0,0.010100854335153987,0.010100854335153987,hold,False,False,False,False,0.16659190464751322,0.17519856939820186,0.18868880062010102,0.012974052439365336,0.0014832386490355454,0.00010939585698555021,0.76,0.78,0.84,0.92,0.98,384628642.80466074,414022711.1751934,41
2026-05-04,0.76,0.156,0.08399999999999999,0.76,0.0,0.0,0.016554971206179644,0.016554971206179644,hold,False,False,False,False,0.15884470722627936,0.1450195828099042,0.18228715311151172,0.02077439369140688,0.004971924663724758,-0.0001093838908410305,0.76,0.78,0.84,0.92,0.98,390996158.9113639,420876845.23740315,41
2026-05-05,0.76,0.156,0.08399999999999999,0.76,0.0,0.0,-0.0013644649018939097,-0.0013644649018939097,hold,False,False,False,False,0.1551876895617865,0.12336910436392345,0.18028438393992977,-0.0011929474776779525,-0.0030525854027707577,0.00021879171397110042,0.76,0.78,0.84,0.92,0.98,390462658.375754,420302573.55405694,41
2026-05-06,0.76,0.156,0.08399999999999999,0.76,0.0,0.0,0.018245193696539944,0.018245193696539944,hold,False,False,False,False,0.15701995970617402,0.10632416481999944,0.1850012790747791,0.023440840892904546,0.002639616244511034,0.00021874385462816726,0.76,0.78,0.84,0.92,0.98,397586725.2090855,427971075.4197049,41
2026-05-07,0.76,0.156,0.08399999999999999,0.76,0.0,0.0,0.0016939369631688945,0.0016939369631688945,hold,False,False,False,False,0.15270698392250143,0.09331760803511074,0.18488314819065765,0.0028963874065546236,-0.003369794430608919,0.00021869601621871126,0.76,0.78,0.84,0.92,0.98,398260212.0589825,428696031.44352555,41
