asset,weight(%)
avg_stock_weight,80.62402600504063
avg_bond_weight,13.777297704102203
avg_cash_weight,5.598676290857159
