metric,value
Accuracy,0.68
Macro F1,0.4804765491307144
Down ROC-AUC,0.7161388964392499
Down PR-AUC,0.27836360722458353
Up ROC-AUC,0.7565728058953981
Up PR-AUC,0.34388333808296534
