metric,value
Accuracy,0.784179104477612
Macro F1,0.7445832897014248
High-vol Precision,0.707027027027027
High-vol Recall,0.5913200723327305
High-vol F1,0.6440177252584933
ROC-AUC,0.82266796246692
PR-AUC,0.731613976307466
Brier,0.1514320403548489
