selection_date,row_index,validation_start,validation_end,has_validation,changed_count,param_up_trigger,param_strong_up_trigger,param_max_up_bonus,param_full_stock_up_trigger,param_full_stock_high_vol_max,param_no_trade_band,metric_score,metric_kept_previous,metric_reason,metric_sharpe,metric_calmar,metric_mdd,metric_annual_turnover,metric_custom_up_ratio,metric_changed_params,metric_mdd_penalty,metric_turnover_penalty,metric_custom_up_penalty,metric_change_penalty,metric_kept_previous_by_margin,metric_effective_score
2013-01-02 00:00:00,0,,,False,0,0.35,0.55,0.18,0.7,0.35,0.12,-1000000000.0,True,insufficient_validation_history,,,,,,,,,,,,
2013-01-09 00:00:00,5,,,False,0,0.35,0.55,0.18,0.7,0.35,0.12,-1000000000.0,True,insufficient_validation_history,,,,,,,,,,,,
2013-01-16 00:00:00,10,,,False,0,0.35,0.55,0.18,0.7,0.35,0.12,-1000000000.0,True,insufficient_validation_history,,,,,,,,,,,,
2013-01-24 00:00:00,15,,,False,0,0.35,0.55,0.18,0.7,0.35,0.12,-1000000000.0,True,insufficient_validation_history,,,,,,,,,,,,
2013-01-31 00:00:00,20,,,False,0,0.35,0.55,0.18,0.7,0.35,0.12,-1000000000.0,True,insufficient_validation_history,,,,,,,,,,,,
2013-02-07 00:00:00,25,,,False,0,0.35,0.55,0.18,0.7,0.35,0.12,-1000000000.0,True,insufficient_validation_history,,,,,,,,,,,,
2013-02-14 00:00:00,30,,,False,0,0.35,0.55,0.18,0.7,0.35,0.12,-1000000000.0,True,insufficient_validation_history,,,,,,,,,,,,
2013-02-22 00:00:00,35,,,False,0,0.35,0.55,0.18,0.7,0.35,0.12,-1000000000.0,True,insufficient_validation_history,,,,,,,,,,,,
2013-03-01 00:00:00,40,,,False,0,0.35,0.55,0.18,0.7,0.35,0.12,-1000000000.0,True,insufficient_validation_history,,,,,,,,,,,,
2013-03-08 00:00:00,45,,,False,0,0.35,0.55,0.18,0.7,0.35,0.12,-1000000000.0,True,insufficient_validation_history,,,,,,,,,,,,
2013-03-15 00:00:00,50,,,False,0,0.35,0.55,0.18,0.7,0.35,0.12,-1000000000.0,True,insufficient_validation_history,,,,,,,,,,,,
2013-03-22 00:00:00,55,,,False,0,0.35,0.55,0.18,0.7,0.35,0.12,-1000000000.0,True,insufficient_validation_history,,,,,,,,,,,,
2013-04-01 00:00:00,60,,,False,0,0.35,0.55,0.18,0.7,0.35,0.12,-1000000000.0,True,insufficient_validation_history,,,,,,,,,,,,
2013-04-08 00:00:00,65,,,False,0,0.35,0.55,0.18,0.7,0.35,0.12,-1000000000.0,True,insufficient_validation_history,,,,,,,,,,,,
2013-04-15 00:00:00,70,,,False,0,0.35,0.55,0.18,0.7,0.35,0.12,-1000000000.0,True,insufficient_validation_history,,,,,,,,,,,,
2013-04-22 00:00:00,75,,,False,0,0.35,0.55,0.18,0.7,0.35,0.12,-1000000000.0,True,insufficient_validation_history,,,,,,,,,,,,
2013-04-29 00:00:00,80,,,False,0,0.35,0.55,0.18,0.7,0.35,0.12,-1000000000.0,True,insufficient_validation_history,,,,,,,,,,,,
2013-05-06 00:00:00,85,,,False,0,0.35,0.55,0.18,0.7,0.35,0.12,-1000000000.0,True,insufficient_validation_history,,,,,,,,,,,,
2013-05-13 00:00:00,90,,,False,0,0.35,0.55,0.18,0.7,0.35,0.12,-1000000000.0,True,insufficient_validation_history,,,,,,,,,,,,
2013-05-20 00:00:00,95,,,False,0,0.35,0.55,0.18,0.7,0.35,0.12,-1000000000.0,True,insufficient_validation_history,,,,,,,,,,,,
2013-05-28 00:00:00,100,,,False,0,0.35,0.55,0.18,0.7,0.35,0.12,-1000000000.0,True,insufficient_validation_history,,,,,,,,,,,,
2013-06-04 00:00:00,105,,,False,0,0.35,0.55,0.18,0.7,0.35,0.12,-1000000000.0,True,insufficient_validation_history,,,,,,,,,,,,
2013-06-11 00:00:00,110,,,False,0,0.35,0.55,0.18,0.7,0.35,0.12,-1000000000.0,True,insufficient_validation_history,,,,,,,,,,,,
2013-06-18 00:00:00,115,,,False,0,0.35,0.55,0.18,0.7,0.35,0.12,-1000000000.0,True,insufficient_validation_history,,,,,,,,,,,,
2013-06-25 00:00:00,120,,,False,0,0.35,0.55,0.18,0.7,0.35,0.12,-1000000000.0,True,insufficient_validation_history,,,,,,,,,,,,
2013-07-02 00:00:00,125,,,False,0,0.35,0.55,0.18,0.7,0.35,0.12,-1000000000.0,True,insufficient_validation_history,,,,,,,,,,,,
2013-07-10 00:00:00,130,,,False,0,0.35,0.55,0.18,0.7,0.35,0.12,-1000000000.0,True,insufficient_validation_history,,,,,,,,,,,,
2013-07-17 00:00:00,135,,,False,0,0.35,0.55,0.18,0.7,0.35,0.12,-1000000000.0,True,insufficient_validation_history,,,,,,,,,,,,
2013-07-24 00:00:00,140,,,False,0,0.35,0.55,0.18,0.7,0.35,0.12,-1000000000.0,True,insufficient_validation_history,,,,,,,,,,,,
2013-07-31 00:00:00,145,,,False,0,0.35,0.55,0.18,0.7,0.35,0.12,-1000000000.0,True,insufficient_validation_history,,,,,,,,,,,,
2013-08-07 00:00:00,150,,,False,0,0.35,0.55,0.18,0.7,0.35,0.12,-1000000000.0,True,insufficient_validation_history,,,,,,,,,,,,
2013-08-14 00:00:00,155,,,False,0,0.35,0.55,0.18,0.7,0.35,0.12,-1000000000.0,True,insufficient_validation_history,,,,,,,,,,,,
2013-08-21 00:00:00,160,,,False,0,0.35,0.55,0.18,0.7,0.35,0.12,-1000000000.0,True,insufficient_validation_history,,,,,,,,,,,,
2013-08-28 00:00:00,165,,,False,0,0.35,0.55,0.18,0.7,0.35,0.12,-1000000000.0,True,insufficient_validation_history,,,,,,,,,,,,
2013-09-05 00:00:00,170,,,False,0,0.35,0.55,0.18,0.7,0.35,0.12,-1000000000.0,True,insufficient_validation_history,,,,,,,,,,,,
2013-09-12 00:00:00,175,,,False,0,0.35,0.55,0.18,0.7,0.35,0.12,-1000000000.0,True,insufficient_validation_history,,,,,,,,,,,,
2013-09-19 00:00:00,180,,,False,0,0.35,0.55,0.18,0.7,0.35,0.12,-1000000000.0,True,insufficient_validation_history,,,,,,,,,,,,
2013-09-26 00:00:00,185,,,False,0,0.35,0.55,0.18,0.7,0.35,0.12,-1000000000.0,True,insufficient_validation_history,,,,,,,,,,,,
2013-10-03 00:00:00,190,,,False,0,0.35,0.55,0.18,0.7,0.35,0.12,-1000000000.0,True,insufficient_validation_history,,,,,,,,,,,,
2013-10-10 00:00:00,195,,,False,0,0.35,0.55,0.18,0.7,0.35,0.12,-1000000000.0,True,insufficient_validation_history,,,,,,,,,,,,
2013-10-17 00:00:00,200,,,False,0,0.35,0.55,0.18,0.7,0.35,0.12,-1000000000.0,True,insufficient_validation_history,,,,,,,,,,,,
2013-10-24 00:00:00,205,,,False,0,0.35,0.55,0.18,0.7,0.35,0.12,-1000000000.0,True,insufficient_validation_history,,,,,,,,,,,,
2013-10-31 00:00:00,210,,,False,0,0.35,0.55,0.18,0.7,0.35,0.12,-1000000000.0,True,insufficient_validation_history,,,,,,,,,,,,
2013-11-07 00:00:00,215,,,False,0,0.35,0.55,0.18,0.7,0.35,0.12,-1000000000.0,True,insufficient_validation_history,,,,,,,,,,,,
2013-11-14 00:00:00,220,,,False,0,0.35,0.55,0.18,0.7,0.35,0.12,-1000000000.0,True,insufficient_validation_history,,,,,,,,,,,,
2013-11-21 00:00:00,225,,,False,0,0.35,0.55,0.18,0.7,0.35,0.12,-1000000000.0,True,insufficient_validation_history,,,,,,,,,,,,
2013-11-29 00:00:00,230,,,False,0,0.35,0.55,0.18,0.7,0.35,0.12,-1000000000.0,True,insufficient_validation_history,,,,,,,,,,,,
2013-12-06 00:00:00,235,,,False,0,0.35,0.55,0.18,0.7,0.35,0.12,-1000000000.0,True,insufficient_validation_history,,,,,,,,,,,,
2013-12-13 00:00:00,240,,,False,0,0.35,0.55,0.18,0.7,0.35,0.12,-1000000000.0,True,insufficient_validation_history,,,,,,,,,,,,
2013-12-20 00:00:00,245,,,False,0,0.35,0.55,0.18,0.7,0.35,0.12,-1000000000.0,True,insufficient_validation_history,,,,,,,,,,,,
2013-12-30 00:00:00,250,,,False,0,0.35,0.55,0.18,0.7,0.35,0.12,-1000000000.0,True,insufficient_validation_history,,,,,,,,,,,,
2014-01-07 00:00:00,255,,,False,0,0.35,0.55,0.18,0.7,0.35,0.12,-1000000000.0,True,insufficient_validation_history,,,,,,,,,,,,
2014-01-14 00:00:00,260,,,False,0,0.35,0.55,0.18,0.7,0.35,0.12,-1000000000.0,True,insufficient_validation_history,,,,,,,,,,,,
2014-01-22 00:00:00,265,,,False,0,0.35,0.55,0.18,0.7,0.35,0.12,-1000000000.0,True,insufficient_validation_history,,,,,,,,,,,,
2014-01-29 00:00:00,270,,,False,0,0.35,0.55,0.18,0.7,0.35,0.12,-1000000000.0,True,insufficient_validation_history,,,,,,,,,,,,
2014-02-05 00:00:00,275,2013-01-07 00:00:00,2014-01-06 00:00:00,True,6,0.5,0.7,0.03,0.85,0.15,0.16,6.009337390872581,False,,2.3888740959244013,4.7694051047948856,-0.05325684058983693,0.18825986109662193,0.16666666666666666,6.0,0.0,0.015060788887729755,0.0,0.18,False,6.009337390872581
2014-02-12 00:00:00,280,2013-01-14 00:00:00,2014-01-13 00:00:00,True,0,0.5,0.7,0.03,0.85,0.15,0.16,6.078853640911908,False,,2.324359616153021,4.796997087467782,-0.054543201507391004,1.038795565191727,0.14682539682539683,0.0,0.0,0.08310364521533817,0.0,0.0,False,6.078853640911908
2014-02-20 00:00:00,285,2013-01-22 00:00:00,2014-01-21 00:00:00,True,0,0.5,0.7,0.03,0.85,0.15,0.16,5.766260950393045,True,,2.2087343944391993,4.554785027912652,-0.05454320150739089,1.078768329703435,0.12698412698412698,0.0,0.0,0.0863014663762748,0.0,0.0,True,6.078853640911908
2014-02-27 00:00:00,290,2013-01-29 00:00:00,2014-01-28 00:00:00,True,0,0.5,0.7,0.03,0.85,0.15,0.16,5.430408182051231,True,,2.061164236967728,4.319467629963332,-0.05454320150739089,1.0791269860895296,0.10714285714285714,0.0,0.0,0.08633015888716238,0.0,0.0,True,6.078853640911908
2014-03-06 00:00:00,295,2013-02-05 00:00:00,2014-02-04 00:00:00,True,0,0.5,0.7,0.03,0.85,0.15,0.16,5.141255220334588,True,,1.9573587076505836,4.088318207911973,-0.054543201507391226,1.0844756705696779,0.0873015873015873,0.0,0.0,0.08675805364557423,0.0,0.0,True,6.078853640911908
2014-03-13 00:00:00,300,2013-02-12 00:00:00,2014-02-11 00:00:00,True,0,0.5,0.7,0.03,0.85,0.15,0.16,5.925680598920754,True,,2.212500090503656,4.747091901891811,-0.05454320150739145,1.0561626637043928,0.06746031746031746,0.0,0.0,0.08449301309635143,0.0,0.0,True,6.078853640911908
2014-03-20 00:00:00,305,2013-02-20 00:00:00,2014-02-19 00:00:00,True,0,0.5,0.7,0.03,0.85,0.15,0.16,6.551139414606479,False,,2.438975186181584,5.247281960326328,-0.05454320150739145,1.0707667479520886,0.06746031746031746,0.0,0.0,0.08566133983616708,0.0,0.0,False,6.551139414606479
2014-03-27 00:00:00,310,2013-02-27 00:00:00,2014-02-26 00:00:00,True,0,0.5,0.7,0.03,0.85,0.15,0.16,6.5514201178278855,True,,2.4551070986895684,5.22528981352434,-0.05454320150739134,1.0489853960144475,0.06746031746031746,0.0,0.0,0.0839188316811558,0.0,0.0,True,6.551139414606479
2014-04-03 00:00:00,315,2013-03-06 00:00:00,2014-03-05 00:00:00,True,0,0.5,0.7,0.03,0.85,0.15,0.16,6.0157589613669,True,,2.2713418426507266,4.788443262259237,-0.05454320150739089,1.0792186386402105,0.06746031746031746,0.0,0.0,0.08633749109121684,0.0,0.0,True,6.551139414606479
2014-04-10 00:00:00,320,2013-03-13 00:00:00,2014-03-12 00:00:00,True,0,0.5,0.7,0.03,0.85,0.15,0.16,5.473799030630815,True,,2.072648800727125,4.361504351073395,-0.05454320150739078,1.1006656369378205,0.06746031746031746,0.0,0.0,0.08805325095502564,0.0,0.0,True,6.551139414606479
2014-04-17 00:00:00,325,2013-03-20 00:00:00,2014-03-19 00:00:00,True,0,0.5,0.7,0.03,0.85,0.15,0.16,5.825467066710771,True,,2.1835812065734865,4.664867327291349,-0.054543201507391004,1.1251000211974298,0.06349206349206349,0.0,0.0,0.09000800169579438,0.0,0.0,True,6.551139414606479
2014-04-25 00:00:00,330,2013-03-27 00:00:00,2014-03-26 00:00:00,True,0,0.5,0.7,0.03,0.85,0.15,0.16,4.911542870345053,True,,1.8628205928944634,3.926065227746697,-0.05454320150739056,1.1516238093346156,0.04365079365079365,0.0,0.0,0.09212990474676926,0.0,0.0,True,6.551139414606479
2014-05-02 00:00:00,335,2013-04-04 00:00:00,2014-04-02 00:00:00,True,0,0.5,0.7,0.03,0.85,0.15,0.16,5.149360770866295,True,,1.922295191865038,4.169802905373622,-0.054543201507391115,1.3597093162205192,0.023809523809523808,0.0,0.0,0.10877674529764153,0.0,0.0,True,6.551139414606479
2014-05-09 00:00:00,340,2013-04-11 00:00:00,2014-04-09 00:00:00,True,0,0.5,0.7,0.03,0.85,0.15,0.16,4.147952648525104,True,,1.580659984264816,3.38067367598109,-0.054543201507391115,1.7155784565573038,0.003968253968253968,0.0,0.0,0.1372462765245843,0.0,0.0,True,6.551139414606479
2014-05-16 00:00:00,345,2013-04-18 00:00:00,2014-04-16 00:00:00,True,0,0.5,0.7,0.03,0.85,0.15,0.16,5.187387312184495,True,,1.9858220803603164,4.185081280689672,-0.054482863633602774,1.456247409094476,0.0,1.0,0.0,0.11649979272755807,0.0,0.03,True,6.551139414606479
2014-05-23 00:00:00,350,2013-04-25 00:00:00,2014-04-24 00:00:00,True,0,0.5,0.7,0.03,0.85,0.15,0.16,4.616272553893401,True,,1.798245435801746,3.7366054607264907,-0.054482863633602885,1.7657156311192133,0.0,1.0,0.0,0.14125725048953705,0.0,0.03,True,6.551139414606479
2014-06-02 00:00:00,355,2013-05-02 00:00:00,2014-05-01 00:00:00,True,0,0.5,0.7,0.03,0.85,0.15,0.16,4.277566214137324,True,,1.6866425678719073,3.4527261209436926,-0.054482863633602885,1.7657156311192133,0.0,1.0,0.0,0.14125725048953705,0.0,0.03,True,6.551139414606479
2014-06-09 00:00:00,360,2013-05-09 00:00:00,2014-05-08 00:00:00,True,0,0.5,0.7,0.03,0.85,0.15,0.16,3.9764467394412537,True,,1.5860561662641155,3.2344992171016256,-0.054482863633602885,2.0901100063020355,0.0,1.0,0.0,0.16720880050416284,0.0,0.03,True,6.551139414606479
2014-06-16 00:00:00,365,2013-05-16 00:00:00,2014-05-15 00:00:00,True,0,0.5,0.7,0.03,0.85,0.15,0.16,3.7999463381559435,True,,1.5150965445443034,3.0856799379148394,-0.05419287691091834,2.296176959002891,0.0,0.0,0.0,0.18369415672023126,0.0,0.0,True,6.551139414606479
2014-06-23 00:00:00,370,2013-05-23 00:00:00,2014-05-22 00:00:00,True,0,0.5,0.7,0.03,0.85,0.15,0.16,4.809461442783397,True,,1.7733959747134915,4.029098042517366,-0.04954953128061168,2.3401620742998492,0.0,0.0,0.0,0.18721296594398795,0.0,0.0,True,6.551139414606479
2014-06-30 00:00:00,375,2013-05-31 00:00:00,2014-05-30 00:00:00,True,0,0.5,0.7,0.03,0.85,0.15,0.16,4.930435978773193,True,,1.7897918382714504,4.2072569826770945,-0.0477175221879661,2.814518070499158,0.0,0.0,0.0,0.22516144563993265,0.0,0.0,True,6.551139414606479
2014-07-08 00:00:00,380,2013-06-07 00:00:00,2014-06-06 00:00:00,True,0,0.5,0.7,0.03,0.85,0.15,0.16,5.397657588715901,True,,1.952438224352547,4.580842108947334,-0.04771752218796599,2.7431790349314342,0.0,0.0,0.0,0.21945432279451474,0.0,0.0,True,6.551139414606479
2014-07-15 00:00:00,385,2013-06-14 00:00:00,2014-06-13 00:00:00,True,0,0.5,0.7,0.03,0.85,0.15,0.16,5.44646529008111,True,,1.9989548510073916,4.612636752994963,-0.047717522187966654,2.657487041528148,0.0,1.0,0.0,0.21259896332225187,0.0,0.03,True,6.551139414606479
2014-07-22 00:00:00,390,2013-06-21 00:00:00,2014-06-20 00:00:00,True,1,0.5,0.7,0.03,0.85,0.15,0.12,6.912795604158519,False,,2.5010401436140706,5.797543394158167,-0.04790345030742649,2.453490684776056,0.0,1.0,0.0,0.19627925478208447,0.0,0.03,False,6.912795604158519
2014-07-29 00:00:00,395,2013-06-28 00:00:00,2014-06-27 00:00:00,True,0,0.5,0.7,0.03,0.85,0.15,0.12,6.849893255567202,True,,2.471824228411731,5.717935352421944,-0.047903450307426154,2.453490684776056,0.0,0.0,0.0,0.19627925478208447,0.0,0.0,True,6.912795604158519
2014-08-05 00:00:00,400,2013-07-08 00:00:00,2014-07-07 00:00:00,True,0,0.5,0.7,0.03,0.85,0.15,0.12,6.375531068324557,True,,2.3283529104416574,5.314303372974701,-0.047717522187966765,2.553306756210768,0.0,0.0,0.0,0.20426454049686144,0.0,0.0,True,6.912795604158519
2014-08-12 00:00:00,405,2013-07-15 00:00:00,2014-07-14 00:00:00,True,0,0.5,0.7,0.03,0.85,0.15,0.12,5.86254173427462,True,,2.1623116065291077,4.887407261236402,-0.0479034503074266,2.6211960155451184,0.0,0.0,0.0,0.2096956812436095,0.0,0.0,True,6.912795604158519
2014-08-19 00:00:00,410,2013-07-22 00:00:00,2014-07-21 00:00:00,True,0,0.5,0.7,0.03,0.85,0.15,0.12,6.61690269058758,True,,2.3928351445236307,5.542560701630282,-0.04791322998843217,2.6247626905034718,0.0,0.0,0.0,0.20998101524027774,0.0,0.0,True,6.912795604158519
2014-08-26 00:00:00,415,2013-07-29 00:00:00,2014-07-28 00:00:00,True,0,0.5,0.7,0.03,0.85,0.15,0.12,6.061444230656696,True,,2.2136706165631037,5.073200421977184,-0.04794085150952876,2.634834043601929,0.007936507936507936,0.0,0.0,0.2107867234881543,0.0,0.0,True,6.912795604158519
2014-09-03 00:00:00,420,2013-08-05 00:00:00,2014-08-04 00:00:00,True,0,0.5,0.7,0.03,0.85,0.15,0.12,5.073878302571165,True,,1.8710191074555484,4.267688480117931,-0.04795816417296195,2.6411448622341034,0.027777777777777776,0.0,0.0,0.21129158897872827,0.0,0.0,True,6.912795604158519
2014-09-10 00:00:00,425,2013-08-12 00:00:00,2014-08-11 00:00:00,True,0,0.5,0.7,0.03,0.85,0.15,0.12,5.421159345022913,True,,1.979930272519851,4.565264467861506,-0.04794756463593086,2.6372812723267884,0.047619047619047616,0.0,0.0,0.21098250178614308,0.0,0.0,True,6.912795604158519
2014-09-17 00:00:00,430,2013-08-19 00:00:00,2014-08-18 00:00:00,True,0,0.5,0.7,0.03,0.85,0.15,0.12,6.547853988691416,True,,2.3656504072300866,5.487801594533182,-0.04784664661124238,2.600471177065207,0.06746031746031746,0.0,0.0,0.20803769416521659,0.0,0.0,True,6.912795604158519
2014-09-24 00:00:00,435,2013-08-26 00:00:00,2014-08-25 00:00:00,True,0,0.5,0.7,0.03,0.85,0.15,0.12,6.989731557415151,False,,2.554220900642944,5.799649399008511,-0.04771561830133586,2.552610780432529,0.07936507936507936,0.0,0.0,0.20420886243460232,0.0,0.0,False,6.989731557415151
2014-10-01 00:00:00,440,2013-09-03 00:00:00,2014-09-02 00:00:00,True,0,0.5,0.7,0.03,0.85,0.15,0.12,6.421279871048461,True,,2.383744718040085,5.299033502933115,-0.047629589549586404,2.521145616726457,0.0873015873015873,0.0,0.0,0.2016916493381166,0.0,0.0,True,6.989731557415151
2014-10-08 00:00:00,445,2013-09-10 00:00:00,2014-09-09 00:00:00,True,0,0.5,0.7,0.03,0.85,0.15,0.12,6.093551182001994,True,,2.2742635427949396,5.025767427070769,-0.04761711090367926,2.516578780619529,0.10714285714285714,0.0,0.0,0.20132630244956232,0.0,0.0,True,6.989731557415151
2014-10-15 00:00:00,450,2013-09-17 00:00:00,2014-09-16 00:00:00,True,0,0.5,0.7,0.03,0.85,0.15,0.12,5.685341305300963,True,,2.12755693749749,4.703154338099331,-0.04773375142719971,2.5592387834498935,0.12698412698412698,0.0,0.0,0.2047391026759915,0.0,0.0,True,6.989731557415151
2014-10-22 00:00:00,455,2013-09-24 00:00:00,2014-09-23 00:00:00,True,0,0.5,0.7,0.03,0.85,0.15,0.12,5.221025112615742,True,,1.9392191603714006,4.360847432567456,-0.047806732458693824,2.585899922620303,0.14682539682539683,0.0,0.0,0.20687199380962426,0.0,0.0,True,6.989731557415151
2014-10-29 00:00:00,460,2013-10-01 00:00:00,2014-09-30 00:00:00,True,0,0.5,0.7,0.03,0.85,0.15,0.12,4.739003367201953,True,,1.7652247669963694,3.9799028362290265,-0.04791880537746496,2.626795859720474,0.16666666666666666,0.0,0.0,0.2101436687776379,0.0,0.0,True,6.989731557415151
2014-11-05 00:00:00,465,2013-10-08 00:00:00,2014-10-07 00:00:00,True,0,0.5,0.7,0.03,0.85,0.15,0.12,5.534715835699643,True,,2.02401883705491,4.646122067702382,-0.047783754306611304,2.57750819396465,0.16666666666666666,0.0,0.0,0.206200655517172,0.0,0.0,True,6.989731557415151
2014-11-12 00:00:00,470,2013-10-15 00:00:00,2014-10-14 00:00:00,True,0,0.5,0.7,0.03,0.85,0.15,0.12,2.5819395806509333,True,,1.2321306898213318,1.992337066276043,-0.06357884034717076,3.0507595273904125,0.16666666666666666,0.0,0.0,0.244060762191233,0.0,0.0,True,6.989731557415151
2014-11-19 00:00:00,475,2013-10-22 00:00:00,2014-10-21 00:00:00,True,0,0.5,0.7,0.03,0.85,0.15,0.12,2.8700690929017534,True,,1.3589383720424772,2.21938182295899,-0.06357884034717043,3.3046842188489443,0.16666666666666666,0.0,0.0,0.26437473750791557,0.0,0.0,True,6.989731557415151
2014-11-26 00:00:00,480,2013-10-29 00:00:00,2014-10-28 00:00:00,True,0,0.5,0.7,0.03,0.85,0.15,0.12,2.7973881422357425,True,,1.3382257138116547,2.2190280959382958,-0.0635788403471702,3.950750604081858,0.16666666666666666,0.0,0.0,0.31606004832654866,0.0,0.0,True,6.989731557415151
2014-12-04 00:00:00,485,2013-11-05 00:00:00,2014-11-04 00:00:00,True,0,0.5,0.7,0.03,0.85,0.15,0.12,3.055283767975113,True,,1.4409595459207365,2.436994204361337,-0.06357884034717054,4.190889267933664,0.16666666666666666,0.0,0.0,0.3352711414346931,0.0,0.0,True,6.989731557415151
2014-12-11 00:00:00,490,2013-11-12 00:00:00,2014-11-11 00:00:00,True,0,0.5,0.7,0.03,0.85,0.15,0.12,3.2013309009593653,True,,1.5176550297058058,2.5247245644694027,-0.06357884034717076,4.201297254024535,0.16666666666666666,0.0,0.0,0.3361037803219628,0.0,0.0,True,6.989731557415151
2014-12-18 00:00:00,495,2013-11-19 00:00:00,2014-11-18 00:00:00,True,0,0.5,0.7,0.03,0.85,0.15,0.12,3.556714747297427,True,,1.6660570743800516,2.797307609854971,-0.06357884034717098,4.33985518708252,0.1746031746031746,0.0,0.0,0.34718841496660163,0.0,0.0,True,6.989731557415151
2014-12-26 00:00:00,500,2013-11-26 00:00:00,2014-11-25 00:00:00,True,0,0.5,0.7,0.03,0.85,0.15,0.12,3.4054893390737475,True,,1.6063180480878256,2.6846489964628883,-0.06357884034717087,4.3568488273048604,0.19444444444444445,0.0,0.0,0.34854790618438886,0.0,0.0,True,6.989731557415151
2015-01-05 00:00:00,505,2013-12-04 00:00:00,2014-12-03 00:00:00,True,0,0.5,0.7,0.03,0.85,0.15,0.12,3.2359644900604274,True,,1.5354134776382407,2.560587727993469,-0.06357884034717076,4.3489896246573565,0.21428571428571427,0.0,0.0,0.34791916997258854,0.0,0.0,True,6.989731557415151
2015-01-12 00:00:00,510,2013-12-11 00:00:00,2014-12-10 00:00:00,True,0,0.5,0.7,0.03,0.85,0.15,0.12,2.8375743773506454,True,,1.371172709644358,2.265594072162194,-0.0635788403471712,4.3259198752933505,0.23412698412698413,0.0,0.0,0.34607359002346805,0.0,0.0,True,6.989731557415151
2015-01-20 00:00:00,515,2013-12-18 00:00:00,2014-12-17 00:00:00,True,0,0.5,0.7,0.03,0.85,0.15,0.12,2.959049259554307,True,,1.3931477734600621,2.3898251707760045,-0.0635788403471711,4.324483131581979,0.25396825396825395,0.0,0.0,0.34595865052655833,0.0,0.0,True,6.989731557415151
2015-01-27 00:00:00,520,2013-12-26 00:00:00,2014-12-24 00:00:00,True,0,0.5,0.7,0.03,0.85,0.15,0.12,2.658800537403719,True,,1.2747434788464655,2.1629687293631155,-0.06357884034717098,4.328974061665486,0.27380952380952384,0.0,0.0,0.3463179249332389,0.0,0.0,True,6.989731557415151
2015-02-03 00:00:00,525,2014-01-03 00:00:00,2015-01-02 00:00:00,True,0,0.5,0.7,0.03,0.85,0.15,0.12,1.9949042772191188,True,,1.0032890190588668,1.6707369655456892,-0.06357884034717065,4.312178928453747,0.29365079365079366,0.0,0.0,0.34497431427629976,0.0,0.0,True,6.989731557415151
2015-02-10 00:00:00,530,2014-01-10 00:00:00,2015-01-09 00:00:00,True,0,0.5,0.7,0.03,0.85,0.15,0.12,2.3348522099475555,True,,1.1334655648533574,1.9357385523406299,-0.06357884034717054,4.340052459728823,0.3134920634920635,0.0,0.0,0.34720419677830583,0.0,0.0,True,6.989731557415151
2015-02-18 00:00:00,535,2014-01-17 00:00:00,2015-01-16 00:00:00,True,0,0.5,0.7,0.03,0.85,0.15,0.12,1.8131197255565212,True,,0.9319990733904555,1.5504038989961504,-0.06357884034717087,4.490030837885681,0.3333333333333333,0.0,0.0,0.35920246703085446,0.0,0.0,True,6.989731557415151
2015-02-25 00:00:00,540,2014-01-27 00:00:00,2015-01-26 00:00:00,True,0,0.5,0.7,0.03,0.85,0.15,0.12,2.2326023073327548,True,,1.0946462944043558,1.8673350962005393,-0.06357884034717043,4.448900800400409,0.3531746031746032,0.0,0.0,0.35591206403203274,0.0,0.0,True,6.989731557415151
2015-03-04 00:00:00,545,2014-02-03 00:00:00,2015-02-02 00:00:00,True,0,0.5,0.7,0.03,0.85,0.15,0.12,2.6812561075496055,True,,1.2935709540134455,2.180896363774356,-0.06357884034717087,4.462899218541561,0.36904761904761907,0.0,0.0,0.3570319374833249,0.0,0.0,True,6.989731557415151
2015-03-11 00:00:00,550,2014-02-10 00:00:00,2015-02-09 00:00:00,True,0,0.5,0.7,0.03,0.85,0.15,0.12,2.1252668269055954,True,,1.090856185349931,1.789892179356507,-0.06357884034717043,4.968788774119265,0.3888888888888889,0.0,0.0,0.3975031019295412,0.0,0.0,True,6.989731557415151
2015-03-18 00:00:00,555,2014-02-18 00:00:00,2015-02-17 00:00:00,True,0,0.5,0.7,0.03,0.85,0.15,0.12,2.4134390387407767,True,,1.2112429430181755,2.0131085138994314,-0.06357884034717076,5.1036339424618005,0.40476190476190477,0.0,0.0,0.40829071539694406,0.0,0.0,True,6.989731557415151
2015-03-25 00:00:00,560,2014-02-25 00:00:00,2015-02-24 00:00:00,True,0,0.5,0.7,0.03,0.85,0.15,0.12,2.489145193946711,True,,1.2418453614648937,2.0716301085004485,-0.06357884034717087,5.1250531789817675,0.40476190476190477,0.0,0.0,0.41000425431854143,0.0,0.0,True,6.989731557415151
2015-04-01 00:00:00,565,2014-03-04 00:00:00,2015-03-03 00:00:00,True,0,0.5,0.7,0.03,0.85,0.15,0.12,2.1651426732825234,True,,1.1133392490573442,1.8292101757555441,-0.06357884034717043,5.144558954740701,0.40476190476190477,0.0,0.0,0.41156471637925607,0.0,0.0,True,6.989731557415151
2015-04-09 00:00:00,570,2014-03-11 00:00:00,2015-03-10 00:00:00,True,0,0.5,0.7,0.03,0.85,0.15,0.12,1.7749469670984022,True,,0.9458878817408689,1.5509500052283973,-0.06357884034717098,5.146261485314807,0.40476190476190477,0.0,0.0,0.41170091882518456,0.0,0.0,True,6.989731557415151
2015-04-16 00:00:00,575,2014-03-18 00:00:00,2015-03-17 00:00:00,True,0,0.5,0.7,0.03,0.85,0.15,0.12,2.342787307266746,True,,1.1809017329939338,1.9680130916549137,-0.06357884034717032,5.156561238138986,0.4246031746031746,0.0,0.0,0.4125248990511189,0.0,0.0,True,6.989731557415151
2015-04-23 00:00:00,580,2014-03-25 00:00:00,2015-03-24 00:00:00,True,0,0.5,0.7,0.03,0.85,0.15,0.12,2.3998880778525895,True,,1.1988908776082219,2.011373858654956,-0.06357884034717076,5.1012735834949625,0.4444444444444444,0.0,0.0,0.408101886679597,0.0,0.0,True,6.989731557415151
2015-04-30 00:00:00,585,2014-04-01 00:00:00,2015-03-31 00:00:00,True,0,0.5,0.7,0.03,0.85,0.15,0.12,2.0537411409472637,True,,1.050430761358478,1.7236783402284421,-0.06357884034717054,4.588260800281744,0.4642857142857143,0.0,0.0,0.3670608640225395,0.008571428571428574,0.0,True,6.989731557415151
2015-05-07 00:00:00,590,2014-04-08 00:00:00,2015-04-08 00:00:00,True,0,0.5,0.7,0.03,0.85,0.15,0.12,2.7938933823929473,True,,1.3746265554684296,2.258504851779059,-0.06357884034717098,4.588260800281744,0.48412698412698413,0.0,0.0,0.3670608640225395,0.02047619047619047,0.0,True,6.989731557415151
2015-05-14 00:00:00,595,2014-04-15 00:00:00,2015-04-15 00:00:00,True,0,0.5,0.7,0.03,0.85,0.15,0.12,2.7240988183185504,True,,1.3576906005199074,2.2073125427526685,-0.06357884034717098,4.588260800281744,0.503968253968254,0.0,0.0,0.3670608640225395,0.032380952380952364,0.0,True,6.989731557415151
2015-05-21 00:00:00,600,2014-04-23 00:00:00,2015-04-22 00:00:00,True,0,0.5,0.7,0.03,0.85,0.15,0.12,3.48466041614394,True,,1.641117626824089,2.7689334103372176,-0.06357884034717098,4.091477808302606,0.5238095238095238,0.0,0.0,0.3273182246642085,0.044285714285714296,0.0,True,6.989731557415151
2015-05-29 00:00:00,605,2014-04-30 00:00:00,2015-04-29 00:00:00,True,0,0.5,0.7,0.03,0.85,0.15,0.12,3.0997623589068595,True,,1.4827672365220297,2.5006297790493934,-0.06357884034717076,4.091477808302606,0.5436507936507936,0.0,0.0,0.3273182246642085,0.05619047619047616,0.0,True,6.989731557415151
2015-06-05 00:00:00,610,2014-05-07 00:00:00,2015-05-06 00:00:00,True,0,0.5,0.7,0.03,0.85,0.15,0.12,3.0933222011062567,True,,1.482036428607803,2.535855710519906,-0.06357884034717054,4.366294472777915,0.5634920634920635,0.0,0.0,0.3493035578222332,0.06809523809523808,0.0,True,6.989731557415151
2015-06-12 00:00:00,615,2014-05-14 00:00:00,2015-05-13 00:00:00,True,0,0.5,0.7,0.03,0.85,0.15,0.12,3.11263555201367,True,,1.4723916094826983,2.5308400325203824,-0.06357884034717054,3.954160567376204,0.5634920634920635,0.0,0.0,0.3163328453900963,0.06809523809523808,0.0,True,6.989731557415151
2015-06-19 00:00:00,620,2014-05-21 00:00:00,2015-05-20 00:00:00,True,0,0.5,0.7,0.03,0.85,0.15,0.12,2.953614905455682,True,,1.4118587049978937,2.4151895179145537,-0.06357884034717132,3.9989902924708063,0.5674603174603174,0.0,0.0,0.3199192233976645,0.07047619047619046,0.0,True,6.989731557415151
2015-06-26 00:00:00,625,2014-05-29 00:00:00,2015-05-28 00:00:00,True,0,0.5,0.7,0.03,0.85,0.15,0.12,2.7955012268564334,True,,1.2681773267236784,2.2495848114548087,-0.060574176030560034,3.0292993628886515,0.1984126984126984,1.0,0.0,0.24234394903109213,0.0,0.03,True,6.989731557415151
2015-07-06 00:00:00,630,2014-06-05 00:00:00,2015-06-04 00:00:00,True,0,0.5,0.7,0.03,0.85,0.15,0.12,2.0878881128028373,True,,0.9889524027000572,1.71409957391734,-0.06057417603055948,3.0292993628886515,0.1984126984126984,1.0,0.0,0.24234394903109213,0.0,0.03,True,6.989731557415151
2015-07-13 00:00:00,635,2014-06-12 00:00:00,2015-06-11 00:00:00,True,0,0.5,0.7,0.03,0.85,0.15,0.12,2.2029376950841706,True,,1.030276888669643,1.805966310579496,-0.06050642389099958,3.0264030256133645,0.1984126984126984,1.0,0.0,0.24211224204906917,0.0,0.03,True,6.989731557415151
2015-07-20 00:00:00,640,2014-06-19 00:00:00,2015-06-18 00:00:00,True,0,0.5,0.7,0.03,0.85,0.15,0.12,2.545187058670444,True,,1.160898267854178,2.0715792521760914,-0.060758568736433705,3.0371826365575973,0.1984126984126984,1.0,0.0,0.2429746109246078,0.0,0.03,True,6.989731557415151
2015-07-27 00:00:00,645,2014-06-26 00:00:00,2015-06-25 00:00:00,True,0,0.5,0.7,0.03,0.85,0.15,0.12,1.5751269194832151,True,,0.7752817017965743,1.341660983737085,-0.060907361170855934,3.0435446162878375,0.1984126984126984,1.0,0.0,0.243483569303027,0.0,0.03,True,6.989731557415151
2015-08-03 00:00:00,650,2014-07-03 00:00:00,2015-07-02 00:00:00,True,0,0.5,0.7,0.03,0.85,0.15,0.12,1.4059603272403558,True,,0.7256126991224084,1.2037223842581137,-0.06357884034717132,3.157878491106796,0.20634920634920634,1.0,0.0,0.25263027928854365,0.0,0.03,True,6.989731557415151
2015-08-10 00:00:00,655,2014-07-11 00:00:00,2015-07-10 00:00:00,True,0,0.5,0.7,0.03,0.85,0.15,0.12,1.5858679892894434,True,,0.8113655398597018,1.3495204797635036,-0.06489836860872678,3.0639241797632684,0.21825396825396826,2.0,0.0,0.24511393438106147,0.0,0.06,True,6.989731557415151
2015-08-17 00:00:00,660,2014-07-18 00:00:00,2015-07-17 00:00:00,True,0,0.5,0.7,0.03,0.85,0.15,0.12,2.1538214263885522,True,,1.0430475376651902,1.7719556049977376,-0.06538711508371442,3.084882440935356,0.2222222222222222,2.0,0.0,0.2467905952748285,0.0,0.06,True,6.989731557415151
2015-08-24 00:00:00,665,2014-07-25 00:00:00,2015-07-24 00:00:00,True,0,0.5,0.7,0.03,0.85,0.15,0.12,1.5419135816341514,True,,0.7942333486803839,1.3180114203628017,-0.06536913474826567,3.0841112917059226,0.2222222222222222,2.0,0.0,0.24672890333647382,0.0,0.06,True,6.989731557415151
2015-08-31 00:00:00,670,2014-08-01 00:00:00,2015-07-31 00:00:00,True,0,0.5,0.7,0.03,0.85,0.15,0.12,1.9435042522628891,True,,0.9524972807640429,1.6169820625003868,-0.06415903545361235,3.0322334812682903,0.2222222222222222,2.0,0.0,0.24257867850146322,0.0,0.06,True,6.989731557415151
2015-09-08 00:00:00,675,2014-08-08 00:00:00,2015-08-07 00:00:00,True,0,0.5,0.7,0.03,0.85,0.15,0.12,1.701854327101309,True,,0.8496349229891789,1.4428336178217414,-0.06400408319270812,3.025593626815783,0.2222222222222222,2.0,0.0,0.24204749014526264,0.0,0.06,True,6.989731557415151
2015-09-15 00:00:00,680,2014-08-15 00:00:00,2015-08-14 00:00:00,True,0,0.5,0.7,0.03,0.85,0.15,0.12,1.2468832818052555,True,,0.6727341446053449,1.0979975191437559,-0.06464614172221672,3.0531109764386755,0.2222222222222222,2.0,0.0,0.24424887811509405,0.0,0.06,True,6.989731557415151
2015-09-22 00:00:00,685,2014-08-22 00:00:00,2015-08-21 00:00:00,True,0,0.5,0.7,0.03,0.85,0.15,0.12,-0.8808058992044843,True,,-0.24430866191202646,-0.3321692904272807,-0.11056082581557924,3.021427323787677,0.6150793650793651,1.0,0.0,0.2417141859030142,0.09904761904761906,0.03,True,6.989731557415151
2015-09-29 00:00:00,690,2014-08-29 00:00:00,2015-08-28 00:00:00,True,0,0.5,0.7,0.03,0.85,0.15,0.12,-0.531050929649902,True,,-0.07191526992387884,-0.15958676472619265,-0.11543318020930027,3.3933280993133628,0.2222222222222222,2.0,0.0,0.271466247945069,0.0,0.06,True,6.989731557415151
2015-10-06 00:00:00,695,2014-09-08 00:00:00,2015-09-04 00:00:00,True,0,0.5,0.7,0.03,0.85,0.15,0.12,-0.1454798022640746,True,,0.15213149423322578,0.10536949212238703,-0.11056082581557924,3.309550413154411,0.5952380952380952,1.0,0.0,0.26476403305235285,0.08714285714285713,0.03,True,6.989731557415151
2015-10-13 00:00:00,700,2014-09-15 00:00:00,2015-09-14 00:00:00,True,0,0.5,0.7,0.03,0.85,0.15,0.12,0.1589480920572169,True,,0.29782202683606784,0.2859437493795895,-0.11056082581557891,3.2798854880553416,0.5753968253968254,1.0,0.0,0.26239083904442734,0.0752380952380952,0.03,True,6.989731557415151
2015-10-20 00:00:00,705,2014-09-22 00:00:00,2015-09-21 00:00:00,True,0,0.5,0.7,0.03,0.85,0.15,0.12,-0.007523990144417583,True,,0.20848952520936478,0.17434478945473825,-0.11056082581557958,3.2769501698029955,0.5555555555555556,1.0,0.0,0.2621560135842396,0.06333333333333334,0.03,True,6.989731557415151
2015-10-27 00:00:00,710,2014-09-29 00:00:00,2015-09-28 00:00:00,True,0,0.5,0.7,0.03,0.85,0.15,0.12,-0.18361238382145628,True,,0.11114333512265925,0.05389204731238899,-0.11056082581557947,3.2055098170681915,0.5357142857142857,1.0,0.0,0.25644078536545534,0.051428571428571414,0.03,True,6.989731557415151
2015-11-03 00:00:00,715,2014-10-06 00:00:00,2015-10-05 00:00:00,True,0,0.5,0.7,0.03,0.85,0.15,0.12,0.4857933274055688,True,,0.4412712541622209,0.4680119544470601,-0.11056082581557891,3.1652602955954197,0.5277777777777778,1.0,0.0,0.2532208236476336,0.04666666666666667,0.03,True,6.989731557415151
2015-11-10 00:00:00,720,2014-10-13 00:00:00,2015-10-12 00:00:00,True,0,0.5,0.7,0.03,0.85,0.15,0.12,1.0740616233551517,True,,0.7180178476414463,0.8065117329467045,-0.11056082581557924,2.656236799712395,0.5277777777777778,1.0,0.0,0.2124989439769916,0.04666666666666667,0.03,True,6.989731557415151
2015-11-17 00:00:00,725,2014-10-20 00:00:00,2015-10-19 00:00:00,True,0,0.5,0.7,0.03,0.85,0.15,0.12,0.8146659753557866,True,,0.6022197810256866,0.6559216986302503,-0.11056082581557924,2.9453062238429193,0.5277777777777778,1.0,0.0,0.23562449790743356,0.04666666666666667,0.03,True,6.989731557415151
2015-11-24 00:00:00,730,2014-10-27 00:00:00,2015-10-26 00:00:00,True,0,0.5,0.7,0.03,0.85,0.15,0.12,1.496597043727781,True,,0.8774848991140828,1.0335922098213515,-0.11056082581557924,1.5494012429232424,0.5396825396825397,1.0,0.0,0.1239520994338594,0.053809523809523786,0.03,True,6.989731557415151
2015-12-02 00:00:00,735,2014-11-03 00:00:00,2015-11-02 00:00:00,True,0,0.5,0.7,0.03,0.85,0.15,0.12,1.4715919621640876,True,,0.8655388900404253,1.0172683692088067,-0.11056082581557913,1.5494012429232424,0.5396825396825397,1.0,0.0,0.1239520994338594,0.053809523809523786,0.03,True,6.989731557415151
2015-12-09 00:00:00,740,2014-11-10 00:00:00,2015-11-09 00:00:00,True,0,0.5,0.7,0.03,0.85,0.15,0.12,1.1447414290332167,True,,0.7062139651263063,0.807861358937867,-0.11056082581557936,1.5494012429232424,0.5396825396825397,1.0,0.0,0.1239520994338594,0.053809523809523786,0.03,True,6.989731557415151
2015-12-16 00:00:00,745,2014-11-17 00:00:00,2015-11-16 00:00:00,True,0,0.5,0.7,0.03,0.85,0.15,0.12,0.9079460204526024,True,,0.6064515035943525,0.6659407611203887,-0.1154331802093006,2.1407261504757615,0.21825396825396826,2.0,0.0,0.17125809203806092,0.0,0.06,True,6.989731557415151
2015-12-23 00:00:00,750,2014-11-24 00:00:00,2015-11-23 00:00:00,True,0,0.5,0.7,0.03,0.85,0.15,0.12,0.9024295712490421,True,,0.5973027023951837,0.6750264025052902,-0.11056082581557958,1.7397495929511,0.5595238095238095,1.0,0.0,0.13917996743608801,0.06571428571428571,0.03,True,6.989731557415151
2015-12-31 00:00:00,755,2014-12-02 00:00:00,2015-12-01 00:00:00,True,0,0.5,0.7,0.03,0.85,0.15,0.12,0.6252545408962308,True,,0.460939948822895,0.49955620859623767,-0.11056082581557924,1.7749630183790117,0.5555555555555556,1.0,0.0,0.14199704147032094,0.06333333333333334,0.03,True,6.989731557415151
2016-01-08 00:00:00,760,2014-12-09 00:00:00,2015-12-08 00:00:00,True,0,0.5,0.7,0.03,0.85,0.15,0.12,0.9871688539743548,True,,0.632503172148283,0.7322913574075118,-0.11056082581557902,1.7824496941063628,0.5476190476190477,1.0,0.0,0.14259597552850903,0.058571428571428594,0.03,True,6.989731557415151
2016-01-15 00:00:00,765,2014-12-16 00:00:00,2015-12-15 00:00:00,True,0,0.5,0.7,0.03,0.85,0.15,0.12,0.9907140739556566,True,,0.6389331981605897,0.7436954900076667,-0.11056082581557891,1.9325510954954752,0.5476190476190477,1.0,0.0,0.154604087639638,0.058571428571428594,0.03,True,6.989731557415151
2016-01-25 00:00:00,770,2014-12-23 00:00:00,2015-12-22 00:00:00,True,0,0.5,0.7,0.03,0.85,0.15,0.12,0.7826926332018932,True,,0.5330281240225087,0.5986943767803564,-0.11056082581557902,1.7589945459183998,0.5476190476190477,1.0,0.0,0.140719563673472,0.058571428571428594,0.03,True,6.989731557415151
2016-02-01 00:00:00,775,2014-12-31 00:00:00,2015-12-30 00:00:00,True,0,0.5,0.7,0.03,0.85,0.15,0.12,0.5925701373909038,True,,0.4384407968316038,0.4784848891673446,-0.11056082581557913,1.7510892775393376,0.5476190476190477,1.0,0.0,0.14008714220314702,0.058571428571428594,0.03,True,6.989731557415151
2016-02-08 00:00:00,780,2015-01-08 00:00:00,2016-01-07 00:00:00,True,0,0.5,0.7,0.03,0.85,0.15,0.12,0.03300292834858379,True,,0.1717080241051013,0.13025102641126854,-0.11056082581557936,1.988704913450107,0.5396825396825397,1.0,0.0,0.15909639307600856,0.053809523809523786,0.03,True,6.989731557415151
2016-02-16 00:00:00,785,2015-01-15 00:00:00,2016-01-14 00:00:00,True,0,0.5,0.7,0.03,0.85,0.15,0.12,-0.0354246517592644,True,,0.14548691514290737,0.09269166903969288,-0.11543318020930016,2.4383112766740758,0.16666666666666666,2.0,0.0,0.19506490213392608,0.0,0.06,True,6.989731557415151
2016-02-23 00:00:00,790,2015-01-23 00:00:00,2016-01-22 00:00:00,True,0,0.5,0.7,0.03,0.85,0.15,0.12,-0.2044692616556578,True,,0.05626368208010603,-0.019489271355910148,-0.11056082581557947,2.314269083137946,0.5,1.0,0.0,0.1851415266510357,0.029999999999999992,0.03,True,6.989731557415151
2016-03-01 00:00:00,795,2015-01-30 00:00:00,2016-01-29 00:00:00,True,0,0.5,0.7,0.03,0.85,0.15,0.12,0.14278980393490406,True,,0.19915656770493426,0.16662558127750485,-0.11056082581557924,1.76964988370995,0.4801587301587302,1.0,0.0,0.141571990696796,0.018095238095238098,0.03,True,6.989731557415151
2016-03-08 00:00:00,800,2015-02-06 00:00:00,2016-02-05 00:00:00,True,0,0.5,0.7,0.03,0.85,0.15,0.12,-0.25146989735567243,True,,0.01768212690127595,-0.06811687002120426,-0.11105346362524704,1.8260887458569552,0.4642857142857143,2.0,0.0,0.14608709966855643,0.008571428571428574,0.06,True,6.989731557415151
2016-03-15 00:00:00,805,2015-02-13 00:00:00,2016-02-12 00:00:00,True,0,0.5,0.7,0.03,0.85,0.15,0.12,-0.4631706889249968,True,,-0.09029936127731784,-0.20391269306691126,-0.11056082581557924,2.246764664926874,0.4444444444444444,1.0,0.0,0.17974117319414995,0.0,0.03,True,6.989731557415151
2016-03-22 00:00:00,810,2015-02-23 00:00:00,2016-02-22 00:00:00,True,0,0.5,0.7,0.03,0.85,0.15,0.12,-0.6270629330623708,True,,-0.16519622252572674,-0.2991828871033098,-0.11056082581558002,2.4065050106749526,0.44047619047619047,1.0,0.0,0.19252040085399622,0.0,0.03,True,6.989731557415151
2016-03-30 00:00:00,815,2015-03-02 00:00:00,2016-02-29 00:00:00,True,0,0.5,0.7,0.03,0.85,0.15,0.12,-0.5815208653582961,True,,-0.13495696092479925,-0.2614722885570988,-0.11056082581557913,2.5923259198477213,0.44047619047619047,1.0,0.0,0.20738607358781772,0.0,0.03,True,6.989731557415151
2016-04-06 00:00:00,820,2015-03-09 00:00:00,2016-03-07 00:00:00,True,0,0.5,0.7,0.03,0.85,0.15,0.12,-0.3213938491834242,True,,0.005244581591102635,-0.0823675855149903,-0.11056082581557913,2.8843045295316823,0.44047619047619047,1.0,0.0,0.2307443623625346,0.0,0.03,True,6.989731557415151
2016-04-13 00:00:00,825,2015-03-16 00:00:00,2016-03-14 00:00:00,True,0,0.5,0.7,0.03,0.85,0.15,0.12,-0.28072437402504924,True,,0.022827762421353807,-0.059471748504103736,-0.11056082581557936,2.824684220539001,0.42857142857142855,1.0,0.0,0.22597473764312007,0.0,0.03,True,6.989731557415151
2016-04-20 00:00:00,830,2015-03-23 00:00:00,2016-03-21 00:00:00,True,0,0.5,0.7,0.03,0.85,0.15,0.12,-0.48484374161587696,True,,-0.06434478213854283,-0.16887794148619487,-0.11056082581557947,3.1924575786047282,0.4087301587301587,1.0,0.0,0.25539660628837824,0.0,0.03,True,6.989731557415151
2016-04-27 00:00:00,835,2015-03-30 00:00:00,2016-03-29 00:00:00,True,0,0.5,0.7,0.03,0.85,0.15,0.12,-0.015880194318680013,True,,0.16666900214287614,0.12310052662473833,-0.11056082581557969,3.137870222016835,0.3888888888888889,1.0,0.0,0.2510296177613468,0.0,0.03,True,6.989731557415151
2016-05-04 00:00:00,840,2015-04-07 00:00:00,2016-04-05 00:00:00,True,0,0.5,0.7,0.03,0.85,0.15,0.12,-0.15879303523082847,True,,0.10992062508133299,0.05139866876211118,-0.11056082581557947,3.4979074415231297,0.36904761904761907,1.0,0.0,0.2798325953218504,0.0,0.03,True,6.989731557415151
2016-05-11 00:00:00,845,2015-04-14 00:00:00,2016-04-12 00:00:00,True,0,0.5,0.7,0.03,0.85,0.15,0.12,-0.11194284260719614,True,,0.1374645610240685,0.08639073976371918,-0.11056082581557947,3.606499943028,0.3492063492063492,1.0,0.0,0.28851999544224,0.0,0.03,True,6.989731557415151
2016-05-18 00:00:00,850,2015-04-21 00:00:00,2016-04-19 00:00:00,True,0,0.5,0.7,0.03,0.85,0.15,0.12,-0.23882544698879127,True,,0.07571453608390605,0.008396037291747947,-0.11056082581557947,3.640710161326196,0.32936507936507936,1.0,0.0,0.2912568129060957,0.0,0.03,True,6.989731557415151
2016-05-25 00:00:00,855,2015-04-28 00:00:00,2016-04-26 00:00:00,True,0,0.5,0.7,0.03,0.85,0.15,0.12,-0.7846551818780478,True,,-0.1982174717062699,-0.3309626852176422,-0.11056082581557947,3.6458445249708014,0.30952380952380953,1.0,0.0,0.29166756199766414,0.0,0.03,True,6.989731557415151
2016-06-02 00:00:00,860,2015-05-05 00:00:00,2016-05-03 00:00:00,True,0,0.5,0.7,0.03,0.85,0.15,0.12,-0.5515599198276315,True,,-0.1046419665526405,-0.21342167869262277,-0.11056082581557958,3.07725762901116,0.2896825396825397,1.0,0.0,0.2461806103208928,0.0,0.03,True,6.989731557415151
2016-06-09 00:00:00,865,2015-05-12 00:00:00,2016-05-10 00:00:00,True,0,0.5,0.7,0.03,0.85,0.15,0.12,-0.5748223628454425,True,,-0.10956371358472361,-0.2198833615807138,-0.11056082581557902,3.2418994999518476,0.28174603174603174,1.0,0.0,0.2593519599961478,0.0,0.03,True,6.989731557415151
2016-06-16 00:00:00,870,2015-05-19 00:00:00,2016-05-17 00:00:00,True,0,0.5,0.7,0.03,0.85,0.15,0.12,-0.8452066080530812,True,,-0.24683372644313117,-0.38627615201725274,-0.11056082581557947,3.2418994999518476,0.28174603174603174,1.0,0.0,0.2593519599961478,0.0,0.03,True,6.989731557415151
2016-06-23 00:00:00,875,2015-05-27 00:00:00,2016-05-24 00:00:00,True,0,0.5,0.7,0.03,0.85,0.15,0.12,-0.533341954600792,True,,-0.08418102945962257,-0.186676123155458,-0.11543318020930005,3.3727503327100377,0.2698412698412698,1.0,0.0,0.26982002661680304,0.0,0.03,True,6.989731557415151
2016-06-30 00:00:00,880,2015-06-03 00:00:00,2016-06-01 00:00:00,True,0,0.5,0.7,0.03,0.85,0.15,0.12,-0.3784655449094102,True,,0.01711663073979807,-0.06421492750888534,-0.1122184141516398,3.9276279205262505,0.2698412698412698,1.0,0.0,0.31421023364210005,0.0,0.03,True,6.989731557415151
2016-07-08 00:00:00,885,2015-06-10 00:00:00,2016-06-08 00:00:00,True,0,0.5,0.7,0.03,0.85,0.15,0.12,-0.5396919938979747,True,,-0.06541857497993658,-0.16060610251743437,-0.11588508603946679,3.9473567113011323,0.2619047619047619,1.0,0.0,0.3157885369040906,0.0,0.03,True,6.989731557415151
2016-07-15 00:00:00,890,2015-06-17 00:00:00,2016-06-15 00:00:00,True,0,0.5,0.7,0.03,0.85,0.15,0.12,-0.8974011249149354,True,,-0.25058358461658936,-0.3753785374307231,-0.11588508603946668,3.9564338794220943,0.25,1.0,0.0,0.31651471035376755,0.0,0.03,True,6.989731557415151
2016-07-22 00:00:00,895,2015-06-24 00:00:00,2016-06-22 00:00:00,True,0,0.5,0.7,0.03,0.85,0.15,0.12,-1.0647281726776459,True,,-0.33101265349366615,-0.4843432296771462,-0.11588508603946668,3.953011693028282,0.24206349206349206,1.0,0.0,0.31624093544226256,0.0,0.03,True,6.989731557415151
2016-07-29 00:00:00,900,2015-07-01 00:00:00,2016-06-29 00:00:00,True,0,0.5,0.7,0.03,0.85,0.15,0.12,-0.36759837350666524,True,,0.020867040163657573,-0.06550159239274492,-0.11162911253411079,3.8258017469515853,0.14285714285714285,1.0,0.0,0.30606413975612684,0.0,0.03,True,6.989731557415151
2016-08-05 00:00:00,905,2015-07-09 00:00:00,2016-07-07 00:00:00,True,0,0.5,0.7,0.03,0.85,0.15,0.12,-0.07964444781560084,True,,0.17025403578596215,0.12739289808756402,-0.11221841415163958,4.022660025895178,0.23015873015873015,1.0,0.0,0.3218128020716142,0.0,0.03,True,6.989731557415151
2016-08-12 00:00:00,910,2015-07-16 00:00:00,2016-07-14 00:00:00,True,0,0.5,0.7,0.03,0.85,0.15,0.12,-0.6085893451567342,True,,-0.08950413287262855,-0.1963661977078669,-0.11585588503668531,4.149903176472652,0.21428571428571427,1.0,0.0,0.33199225411781214,0.0,0.03,True,6.989731557415151
2016-08-19 00:00:00,915,2015-07-23 00:00:00,2016-07-21 00:00:00,True,0,0.5,0.7,0.03,0.85,0.15,0.12,-0.24130601090773576,True,,0.09918107294294166,0.03839283356016506,-0.1047211929782822,4.265016883735118,0.21428571428571427,1.0,0.0,0.34120135069880947,0.0,0.03,True,6.989731557415151
2016-08-26 00:00:00,920,2015-07-30 00:00:00,2016-07-28 00:00:00,True,0,0.5,0.7,0.03,0.85,0.15,0.12,-0.10323280378219937,True,,0.16547775022239752,0.12925698481829728,-0.10499677601557988,4.276451773240434,0.21428571428571427,1.0,0.0,0.3421161418592347,0.0,0.03,True,6.989731557415151
2016-09-02 00:00:00,925,2015-08-06 00:00:00,2016-08-04 00:00:00,True,0,0.5,0.7,0.03,0.85,0.15,0.12,0.1767772227865154,True,,0.29523422607046435,0.31559099331193463,-0.10277391530780244,4.261622474168709,0.21428571428571427,1.0,0.0,0.3409297979334967,0.0,0.03,True,6.989731557415151
2016-09-12 00:00:00,930,2015-08-13 00:00:00,2016-08-11 00:00:00,True,0,0.5,0.7,0.03,0.85,0.15,0.12,0.2771115697316824,True,,0.3423392926074655,0.3817556625345627,-0.10277391530780156,4.2579031612929175,0.20238095238095238,1.0,0.0,0.3406322529034334,0.0,0.03,True,6.989731557415151
2016-09-19 00:00:00,935,2015-08-20 00:00:00,2016-08-18 00:00:00,True,0,0.5,0.7,0.03,0.85,0.15,0.12,1.2550205988060992,True,,0.7955687068644525,0.991690470660231,-0.10277391530780222,3.798756057331725,0.18253968253968253,1.0,0.0,0.303900484586538,0.0,0.03,True,6.989731557415151
2016-09-26 00:00:00,940,2015-08-27 00:00:00,2016-08-25 00:00:00,True,0,0.5,0.7,0.03,0.85,0.15,0.12,0.9030500606945289,True,,0.6486794785369845,0.7353388334301031,-0.10277391530780289,3.798756057331725,0.18253968253968253,1.0,0.0,0.303900484586538,0.0,0.03,True,6.989731557415151
2016-10-03 00:00:00,945,2015-09-03 00:00:00,2016-09-01 00:00:00,True,0,0.5,0.7,0.03,0.85,0.15,0.12,1.4215941753961208,True,,0.9144854525171243,1.0512615093319182,-0.10277391530780267,3.798756057331725,0.18253968253968253,1.0,0.0,0.303900484586538,0.0,0.03,True,6.989731557415151
2016-10-10 00:00:00,950,2015-09-11 00:00:00,2016-09-09 00:00:00,True,0,0.5,0.7,0.03,0.85,0.15,0.12,0.7785663065386281,True,,0.5830247127464968,0.6377476958306786,-0.10277391530780244,3.558207035905144,0.18253968253968253,1.0,0.0,0.28465656287241153,0.0,0.03,True,6.989731557415151
2016-10-17 00:00:00,955,2015-09-18 00:00:00,2016-09-16 00:00:00,True,0,0.5,0.7,0.03,0.85,0.15,0.12,0.9528464202581555,True,,0.6691258309913308,0.7479714401740452,-0.10277391530780156,3.558207035905144,0.18253968253968253,1.0,0.0,0.28465656287241153,0.0,0.03,True,6.989731557415151
2016-10-24 00:00:00,960,2015-09-25 00:00:00,2016-09-23 00:00:00,True,0,0.5,0.7,0.03,0.85,0.15,0.12,1.806621653492186,True,,1.091360566707509,1.2873970620713604,-0.102773915307802,3.558207035905144,0.20238095238095238,1.0,0.0,0.28465656287241153,0.0,0.03,True,6.989731557415151
2016-10-31 00:00:00,965,2015-10-02 00:00:00,2016-09-30 00:00:00,True,0,0.5,0.7,0.03,0.85,0.15,0.12,1.117469920095193,True,,0.7586523793593283,0.8418426295103453,-0.10277391530780267,3.558207035905144,0.2222222222222222,1.0,0.0,0.28465656287241153,0.0,0.03,True,6.989731557415151
2016-11-07 00:00:00,970,2015-10-09 00:00:00,2016-10-07 00:00:00,True,0,0.5,0.7,0.03,0.85,0.15,0.12,0.8508377080294955,True,,0.6236327733856183,0.677326871895361,-0.10277391530780167,3.558207035905144,0.24206349206349206,1.0,0.0,0.28465656287241153,0.0,0.03,True,6.989731557415151
2016-11-14 00:00:00,975,2015-10-16 00:00:00,2016-10-14 00:00:00,True,0,0.5,0.7,0.03,0.85,0.15,0.12,0.6748897073208779,True,,0.5357671928943297,0.5672238466236997,-0.10277391530780211,3.558207035905144,0.2619047619047619,1.0,0.0,0.28465656287241153,0.0,0.03,True,6.989731557415151
2016-11-21 00:00:00,980,2015-10-23 00:00:00,2016-10-21 00:00:00,True,0,0.5,0.7,0.03,0.85,0.15,0.12,0.3128871029471114,True,,0.34662034364581484,0.32915537141663165,-0.10453411939458457,3.7132192229001104,0.27380952380952384,0.0,0.0,0.29705753783200883,0.0,0.0,True,6.989731557415151
2016-11-29 00:00:00,985,2015-10-30 00:00:00,2016-10-28 00:00:00,True,0,0.5,0.7,0.03,0.85,0.15,0.12,-0.2674923701221139,True,,0.042941488089276225,-0.017316692792245417,-0.10446867367342061,3.707256299719922,0.2896825396825397,0.0,0.0,0.2965805039775938,0.0,0.0,True,6.989731557415151
2016-12-06 00:00:00,990,2015-11-06 00:00:00,2016-11-04 00:00:00,True,0,0.5,0.7,0.03,0.85,0.15,0.12,-0.05344852502360031,True,,0.16337487186638572,0.11917601710332314,-0.10453749875488605,3.902052632158057,0.3055555555555556,0.0,0.0,0.31216421057264454,0.0,0.0,True,6.989731557415151
2016-12-13 00:00:00,995,2015-11-13 00:00:00,2016-11-11 00:00:00,True,0,0.5,0.7,0.03,0.85,0.15,0.12,0.025037025426974113,True,,0.21468356014016318,0.17886832575662312,-0.10344043427677874,4.159264941481094,0.2976190476190476,0.0,0.0,0.33274119531848756,0.0,0.0,True,6.989731557415151
2016-12-20 00:00:00,1000,2015-11-20 00:00:00,2016-11-18 00:00:00,True,0,0.5,0.7,0.03,0.85,0.15,0.12,-0.0492480780234221,True,,0.17019477070563824,0.12460228585628833,-0.10603477237782777,3.614058467676137,0.2857142857142857,1.0,0.0,0.289124677414091,0.0,0.03,True,6.989731557415151
2016-12-28 00:00:00,1005,2015-11-30 00:00:00,2016-11-28 00:00:00,True,0,0.5,0.7,0.03,0.85,0.15,0.12,-0.3335809024984182,True,,0.0176743706545973,-0.04569091296181315,-0.1045451393072695,3.5587817847945615,0.2857142857142857,1.0,0.0,0.28470254278356494,0.0,0.03,True,6.989731557415151
2017-01-05 00:00:00,1010,2015-12-07 00:00:00,2016-12-05 00:00:00,True,0,0.5,0.7,0.03,0.85,0.15,0.12,-0.157644751296274,True,,0.10984804560003815,0.05975626407548322,-0.10135663212893342,3.566222601958734,0.2896825396825397,1.0,0.0,0.28529780815669875,0.0,0.03,True,6.989731557415151
2017-01-12 00:00:00,1015,2015-12-14 00:00:00,2016-12-12 00:00:00,True,0,0.5,0.7,0.03,0.85,0.15,0.12,0.32107179683128984,True,,0.3584436144231964,0.3455043666474201,-0.10114025414993177,3.5471913863730338,0.2896825396825397,1.0,0.0,0.2837753109098427,0.0,0.03,True,6.989731557415151
2017-01-20 00:00:00,1020,2015-12-21 00:00:00,2016-12-19 00:00:00,True,0,0.5,0.7,0.03,0.85,0.15,0.12,0.4218256141599743,True,,0.4143598141835976,0.40170358066035267,-0.10115755910034896,3.5487133068988177,0.2698412698412698,1.0,0.0,0.28389706455190544,0.0,0.03,True,6.989731557415151
2017-01-27 00:00:00,1025,2015-12-29 00:00:00,2016-12-27 00:00:00,True,0,0.5,0.7,0.03,0.85,0.15,0.12,0.19000347085475316,True,,0.28839029287671175,0.3139279097665831,-0.0830867360509785,4.369114372940313,0.25,0.0,0.0,0.34952914983522504,0.0,0.0,True,6.989731557415151
2017-02-03 00:00:00,1030,2016-01-06 00:00:00,2017-01-04 00:00:00,True,0,0.5,0.7,0.03,0.85,0.15,0.12,2.0359332492962214,True,,1.0247411244388303,1.6015060448386993,-0.06720941310292927,3.0001588876696044,0.23015873015873015,1.0,0.0,0.24001271101356836,0.0,0.03,True,6.989731557415151
2017-02-10 00:00:00,1035,2016-01-13 00:00:00,2017-01-11 00:00:00,True,0,0.5,0.7,0.03,0.85,0.15,0.12,2.372514400765833,True,,1.1922297863415792,1.8128716567972778,-0.06720941310292894,3.0001588876696044,0.23015873015873015,1.0,0.0,0.24001271101356836,0.0,0.03,True,6.989731557415151
2017-02-17 00:00:00,1040,2016-01-21 00:00:00,2017-01-19 00:00:00,True,0,0.5,0.7,0.03,0.85,0.15,0.12,2.496247302435529,True,,1.2601889446129402,1.8825888360451961,-0.06720941310292927,3.0001588876696044,0.23015873015873015,1.0,0.0,0.24001271101356836,0.0,0.03,True,6.989731557415151
2017-02-27 00:00:00,1045,2016-01-28 00:00:00,2017-01-26 00:00:00,True,0,0.5,0.7,0.03,0.85,0.15,0.12,2.550942241708006,True,,1.2897983408670628,1.9139457648181393,-0.06720941310292983,3.0001588876696044,0.23015873015873015,1.0,0.0,0.24001271101356836,0.0,0.03,True,6.989731557415151
2017-03-06 00:00:00,1050,2016-02-04 00:00:00,2017-02-02 00:00:00,True,0,0.5,0.7,0.03,0.85,0.15,0.12,3.3015988748042404,True,,1.6244519440762009,2.4339495521770096,-0.0672094131029296,3.0001588876696044,0.23015873015873015,1.0,0.0,0.24001271101356836,0.0,0.03,True,6.989731557415151
2017-03-13 00:00:00,1055,2016-02-11 00:00:00,2017-02-09 00:00:00,True,0,0.5,0.7,0.03,0.85,0.15,0.12,3.5796260843415504,True,,1.7437550556830712,2.6323546745900592,-0.06720941310292972,3.0001588876696044,0.23015873015873015,1.0,0.0,0.24001271101356836,0.0,0.03,True,6.989731557415151
2017-03-20 00:00:00,1060,2016-02-19 00:00:00,2017-02-16 00:00:00,True,0,0.5,0.7,0.03,0.85,0.15,0.12,3.6702584539487146,True,,1.7988841584950137,2.766592454309301,-0.0672094131029295,3.898745849921754,0.23015873015873015,1.0,0.0,0.31189966799374036,0.0,0.03,True,6.989731557415151
2017-03-27 00:00:00,1065,2016-02-26 00:00:00,2017-02-24 00:00:00,True,0,0.5,0.7,0.03,0.85,0.15,0.12,3.6622372245653487,True,,1.7889418404042234,2.7369374730340006,-0.06720941310293005,3.5781824283259427,0.23015873015873015,1.0,0.0,0.2862545942660754,0.0,0.03,True,6.989731557415151
2017-04-03 00:00:00,1070,2016-03-04 00:00:00,2017-03-03 00:00:00,True,0,0.5,0.7,0.03,0.85,0.15,0.12,3.7448478567605954,True,,1.7974098994817727,2.761138216176523,-0.0672094131029295,2.893407695779959,0.23015873015873015,1.0,0.0,0.2314726156623967,0.0,0.03,True,6.989731557415151
2017-04-10 00:00:00,1075,2016-03-11 00:00:00,2017-03-10 00:00:00,True,0,0.5,0.7,0.03,0.85,0.15,0.12,3.7163693919387106,True,,1.7862530228061684,2.73492275598042,-0.06720941310292972,2.8477729456474252,0.23015873015873015,1.0,0.0,0.22782183565179404,0.0,0.03,True,6.989731557415151
2017-04-18 00:00:00,1080,2016-03-18 00:00:00,2017-03-17 00:00:00,True,0,0.5,0.7,0.03,0.85,0.15,0.12,3.386065558686344,True,,1.6211778985992984,2.479613024399101,-0.06720941310292938,2.3600344929029387,0.23015873015873015,1.0,0.0,0.1888027594322351,0.0,0.03,True,6.989731557415151
2017-04-25 00:00:00,1085,2016-03-28 00:00:00,2017-03-24 00:00:00,True,0,0.5,0.7,0.03,0.85,0.15,0.12,3.5303911557294807,True,,1.6628217984758555,2.567277824630629,-0.06720941310293027,1.953161280635978,0.23015873015873015,1.0,0.0,0.15625290245087825,0.0,0.03,True,6.989731557415151
2017-05-02 00:00:00,1090,2016-04-04 00:00:00,2017-03-31 00:00:00,True,0,0.5,0.7,0.03,0.85,0.15,0.12,3.648636457558988,True,,1.7173958100856808,2.6468669374052314,-0.06720941310292972,1.953161280635978,0.23015873015873015,1.0,0.0,0.15625290245087825,0.0,0.03,True,6.989731557415151
2017-05-09 00:00:00,1095,2016-04-11 00:00:00,2017-04-07 00:00:00,True,0,0.5,0.7,0.03,0.85,0.15,0.12,3.4003012478760355,True,,1.62902871552346,2.447897454685663,-0.06730191202889813,1.963067892449441,0.23015873015873015,1.0,0.0,0.15704543139595528,0.0,0.03,True,6.989731557415151
2017-05-16 00:00:00,1100,2016-04-18 00:00:00,2017-04-17 00:00:00,True,0,0.5,0.7,0.03,0.85,0.15,0.12,3.338226951939921,True,,1.5583703507151065,2.4631125406457595,-0.06289285365824482,2.0079178911474207,0.23015873015873015,1.0,0.0,0.16063343129179367,0.0,0.03,True,6.989731557415151
2017-05-23 00:00:00,1105,2016-04-25 00:00:00,2017-04-24 00:00:00,True,0,0.5,0.7,0.03,0.85,0.15,0.12,4.488445499211568,True,,1.9782994777473453,3.37219428743172,-0.059720363959253286,1.9701176060144172,0.23015873015873015,1.0,0.0,0.15760940848115337,0.0,0.03,True,6.989731557415151
2017-05-31 00:00:00,1110,2016-05-02 00:00:00,2017-05-01 00:00:00,True,0,0.5,0.7,0.03,0.85,0.15,0.12,5.887865397401335,True,,2.438608284236575,4.491125558751892,-0.055116026516766836,1.4205416729594276,0.23015873015873015,1.0,0.0,0.1136433338367542,0.0,0.03,True,6.989731557415151
2017-06-07 00:00:00,1115,2016-05-09 00:00:00,2017-05-08 00:00:00,True,0,0.5,0.7,0.03,0.85,0.15,0.12,5.31407200551031,True,,2.3226411489026386,3.93917632463505,-0.05972036395925395,1.6238775387546027,0.23015873015873015,1.0,0.0,0.12991020310036822,0.0,0.03,True,6.989731557415151
2017-06-14 00:00:00,1120,2016-05-16 00:00:00,2017-05-15 00:00:00,True,0,0.5,0.7,0.03,0.85,0.15,0.12,5.270079708292821,True,,2.2847851519812545,3.9315059492649187,-0.05972036395925373,1.6238775387546027,0.23015873015873015,1.0,0.0,0.12991020310036822,0.0,0.03,True,6.989731557415151
2017-06-21 00:00:00,1125,2016-05-23 00:00:00,2017-05-22 00:00:00,True,0,0.5,0.7,0.03,0.85,0.15,0.12,5.40475647726408,True,,2.3488826221972117,4.019730072709046,-0.0597203639592534,1.6238775387546027,0.23015873015873015,1.0,0.0,0.12991020310036822,0.0,0.03,True,6.989731557415151
2017-06-28 00:00:00,1130,2016-05-31 00:00:00,2017-05-30 00:00:00,True,0,0.5,0.7,0.03,0.85,0.15,0.12,5.4075575733886865,True,,2.348266874779666,4.024001127136736,-0.05972036395925351,1.6238775387546027,0.23015873015873015,1.0,0.0,0.12991020310036822,0.0,0.03,True,6.989731557415151
2017-07-06 00:00:00,1135,2016-06-07 00:00:00,2017-06-06 00:00:00,True,0,0.5,0.7,0.03,0.85,0.15,0.12,5.724552413915719,True,,2.430230111303655,4.319698955884846,-0.05826116863264397,1.6429607761976615,0.23015873015873015,1.0,0.0,0.13143686209581293,0.0,0.03,True,6.989731557415151
2017-07-13 00:00:00,1140,2016-06-14 00:00:00,2017-06-13 00:00:00,True,0,0.5,0.7,0.03,0.85,0.15,0.12,6.299611723508995,True,,2.33287778707335,5.147757355432113,-0.04735915137249336,1.5183993488755625,0.23809523809523808,1.0,0.0,0.12147194791004501,0.0,0.03,True,6.989731557415151
2017-07-20 00:00:00,1145,2016-06-21 00:00:00,2017-06-20 00:00:00,True,0,0.5,0.7,0.03,0.85,0.15,0.12,6.665552042153624,True,,2.4282632922132756,5.444334528394045,-0.047371557535801245,1.477235909686098,0.25,0.0,0.0,0.11817887277488785,0.0,0.0,True,6.989731557415151
2017-07-27 00:00:00,1150,2016-06-28 00:00:00,2017-06-27 00:00:00,True,1,0.5,0.7,0.06,0.85,0.15,0.12,7.277793940339377,False,,2.495352380737406,6.1345392212738155,-0.03996884588637761,1.1898727177135282,0.2619047619047619,1.0,0.0,0.09518981741708225,0.0,0.03,False,7.277793940339377
2017-08-03 00:00:00,1155,2016-07-06 00:00:00,2017-07-05 00:00:00,True,0,0.5,0.7,0.06,0.85,0.15,0.12,6.295298915384391,True,,2.2262703141158964,5.260085716664633,-0.04182336101051831,1.7379996507901445,0.2698412698412698,0.0,0.0,0.13903997206321156,0.0,0.0,True,7.277793940339377
2017-08-10 00:00:00,1160,2016-07-13 00:00:00,2017-07-12 00:00:00,True,0,0.5,0.7,0.06,0.85,0.15,0.12,6.346082670991176,True,,2.2588485723635463,5.332619797735493,-0.04126893083070915,1.8607717445095457,0.17857142857142858,1.0,0.0,0.14886173956076365,0.0,0.03,True,7.277793940339377
2017-08-17 00:00:00,1165,2016-07-20 00:00:00,2017-07-19 00:00:00,True,0,0.5,0.7,0.06,0.85,0.15,0.12,6.473208675531079,True,,2.300030078335879,5.418938166619265,-0.04182336101051809,2.024649201252655,0.2777777777777778,0.0,0.0,0.1619719361002124,0.0,0.0,True,7.277793940339377
2017-08-24 00:00:00,1170,2016-07-27 00:00:00,2017-07-26 00:00:00,True,0,0.5,0.7,0.06,0.85,0.15,0.12,5.917471021144416,True,,2.119991325743035,4.951411702361726,-0.04189511148156455,2.0456208311000066,0.2777777777777778,0.0,0.0,0.16364966648800053,0.0,0.0,True,7.277793940339377
2017-08-31 00:00:00,1175,2016-08-03 00:00:00,2017-08-02 00:00:00,True,0,0.5,0.7,0.06,0.85,0.15,0.12,5.738180397888225,True,,2.0682651755408608,4.78578777835112,-0.0418233610105182,1.9839375041691434,0.2777777777777778,0.0,0.0,0.15871500033353148,0.0,0.0,True,7.277793940339377
2017-09-08 00:00:00,1180,2016-08-10 00:00:00,2017-08-09 00:00:00,True,0,0.5,0.7,0.06,0.85,0.15,0.12,5.092265062825132,True,,1.8345762487906832,4.270110726250101,-0.04182336101051798,1.9799970870703925,0.2777777777777778,0.0,0.0,0.1583997669656314,0.0,0.0,True,7.277793940339377
2017-09-15 00:00:00,1185,2016-08-17 00:00:00,2017-08-16 00:00:00,True,0,0.5,0.7,0.06,0.85,0.15,0.12,4.840900516579706,True,,1.7387752248217243,4.080927923515475,-0.04197206285032029,1.282713088179992,0.18253968253968253,2.0,0.0,0.10261704705439936,0.0,0.06,True,7.277793940339377
2017-09-22 00:00:00,1190,2016-08-24 00:00:00,2017-08-23 00:00:00,True,0,0.5,0.7,0.06,0.85,0.15,0.12,5.156963388631568,True,,1.8353467975367923,4.352876685791014,-0.04197206285032051,1.258559469225446,0.18253968253968253,2.0,0.0,0.10068475753803569,0.0,0.06,True,7.277793940339377
2017-09-29 00:00:00,1195,2016-08-31 00:00:00,2017-08-30 00:00:00,True,0,0.5,0.7,0.06,0.85,0.15,0.12,5.898848055305786,True,,2.0452270042715677,4.988963249896777,-0.0418233610105182,1.7193693610400496,0.2777777777777778,0.0,0.0,0.13754954888320398,0.0,0.0,True,7.277793940339377
2017-10-06 00:00:00,1200,2016-09-08 00:00:00,2017-09-07 00:00:00,True,0,0.5,0.7,0.06,0.85,0.15,0.12,6.566074520326121,True,,2.2883837154174893,5.538635300846934,-0.0418233610105182,1.9152179471114474,0.2777777777777778,0.0,0.0,0.1532174357689158,0.0,0.0,True,7.277793940339377
2017-10-13 00:00:00,1205,2016-09-15 00:00:00,2017-09-14 00:00:00,True,0,0.5,0.7,0.06,0.85,0.15,0.12,5.698032609690196,True,,2.0674108891258243,4.806548529547322,-0.041268930830708817,2.307713788418579,0.18253968253968253,1.0,0.0,0.18461710307348633,0.0,0.03,True,7.277793940339377
2017-10-20 00:00:00,1210,2016-09-22 00:00:00,2017-09-21 00:00:00,True,0,0.5,0.7,0.06,0.85,0.15,0.12,4.881956652317663,True,,1.791890161864772,4.092379436692417,-0.04182336101051798,2.2979632362630324,0.26587301587301587,0.0,0.0,0.1838370589010426,0.0,0.0,True,7.277793940339377
2017-10-27 00:00:00,1215,2016-09-29 00:00:00,2017-09-28 00:00:00,True,0,0.5,0.7,0.06,0.85,0.15,0.12,5.316605922904441,True,,1.9544550938666714,4.470897472659887,-0.04126893083070926,2.3070893636267495,0.18253968253968253,1.0,0.0,0.18456714909013996,0.0,0.03,True,7.277793940339377
2017-11-03 00:00:00,1220,2016-10-06 00:00:00,2017-10-05 00:00:00,True,0,0.5,0.7,0.06,0.85,0.15,0.12,5.776263176297494,True,,2.108435025666837,4.8312219867057005,-0.041972062850320846,1.7143679841738015,0.1746031746031746,2.0,0.0,0.13714943873390412,0.0,0.06,True,7.277793940339377
2017-11-10 00:00:00,1225,2016-10-13 00:00:00,2017-10-12 00:00:00,True,0,0.5,0.7,0.06,0.85,0.15,0.12,6.427683462940233,True,,2.330613706893231,5.392559216349246,-0.041268930830708705,2.3372202129049473,0.1626984126984127,1.0,0.0,0.1869776170323958,0.0,0.03,True,7.277793940339377
2017-11-17 00:00:00,1230,2016-10-20 00:00:00,2017-10-19 00:00:00,True,0,0.5,0.7,0.06,0.85,0.15,0.12,5.963128369293255,True,,2.1905731756740265,4.9507571158351915,-0.04150875643306162,1.2256312381115684,0.14285714285714285,3.0,0.0,0.09805049904892547,0.0,0.09,True,7.277793940339377
2017-11-27 00:00:00,1235,2016-10-27 00:00:00,2017-10-26 00:00:00,True,0,0.5,0.7,0.06,0.85,0.15,0.12,6.91721851119387,True,,2.448431510962527,5.85465680181012,-0.041268930830708817,2.3117305152094145,0.12301587301587301,1.0,0.0,0.18493844121675315,0.0,0.03,True,7.277793940339377
2017-12-04 00:00:00,1240,2016-11-03 00:00:00,2017-11-02 00:00:00,True,1,0.55,0.7,0.06,0.85,0.15,0.12,8.19362369770781,False,,2.865249629312247,6.904664141299923,-0.04126893083070904,2.0669655580546955,0.10317460317460317,1.0,0.0,0.16535724464437565,0.0,0.03,False,8.19362369770781
2017-12-11 00:00:00,1245,2016-11-10 00:00:00,2017-11-09 00:00:00,True,0,0.55,0.7,0.06,0.85,0.15,0.12,8.021873091942313,True,,2.842362103529089,6.636976943896547,-0.04126893083070937,1.625882083800182,0.09523809523809523,0.0,0.0,0.13007056670401457,0.0,0.0,True,8.19362369770781
2017-12-18 00:00:00,1250,2016-11-17 00:00:00,2017-11-16 00:00:00,True,0,0.55,0.7,0.06,0.85,0.15,0.12,7.781065371518156,True,,2.773757948229617,6.42172248749069,-0.041268930830708705,1.625882083800182,0.09523809523809523,0.0,0.0,0.13007056670401457,0.0,0.0,True,8.19362369770781
2017-12-26 00:00:00,1255,2016-11-25 00:00:00,2017-11-24 00:00:00,True,0,0.55,0.7,0.06,0.85,0.15,0.12,7.979692470218185,True,,2.855488695644568,6.534013611179702,-0.04140722635699079,1.2875889296268064,0.07936507936507936,0.0,0.0,0.10300711437014451,0.0,0.0,True,8.19362369770781
2018-01-03 00:00:00,1260,2016-12-02 00:00:00,2017-12-01 00:00:00,True,0,0.55,0.7,0.06,0.85,0.15,0.12,7.825582278666638,True,,2.786183472600224,6.435107629555458,-0.04126893083070937,1.358591219724418,0.0992063492063492,0.0,0.0,0.10868729757795345,0.0,0.0,True,8.19362369770781
2018-01-10 00:00:00,1265,2016-12-09 00:00:00,2017-12-08 00:00:00,True,0,0.55,0.7,0.06,0.85,0.15,0.12,7.839650697366187,True,,2.802557519256276,6.430339646522593,-0.04115767393295977,1.3397317388520482,0.10317460317460317,0.0,0.0,0.10717853910816386,0.0,0.0,True,8.19362369770781
2018-01-18 00:00:00,1270,2016-12-16 00:00:00,2017-12-15 00:00:00,True,0,0.55,0.7,0.06,0.85,0.15,0.12,7.907929843646022,True,,2.821413837146527,6.495264404844798,-0.04134329210350429,1.3711939672042905,0.12301587301587301,0.0,0.0,0.10969551737634324,0.0,0.0,True,8.19362369770781
2018-01-25 00:00:00,1275,2016-12-23 00:00:00,2017-12-22 00:00:00,True,0,0.55,0.7,0.06,0.85,0.15,0.12,7.510616300475633,True,,2.691118676471326,6.161555053253631,-0.04134704663103217,1.3718302324824794,0.14285714285714285,0.0,0.0,0.10974641859859835,0.0,0.0,True,8.19362369770781
2018-02-01 00:00:00,1280,2017-01-03 00:00:00,2018-01-02 00:00:00,True,0,0.55,0.7,0.06,0.85,0.15,0.12,8.227964978853262,False,,2.9399593186976416,6.752078237849328,-0.04148263269700825,1.4207116265480282,0.1626984126984127,0.0,0.0,0.11365693012384226,0.0,0.0,False,8.227964978853262
2018-02-08 00:00:00,1285,2017-01-10 00:00:00,2018-01-09 00:00:00,True,0,0.55,0.7,0.06,0.85,0.15,0.12,8.187809274945854,True,,2.89934635143237,6.758681265381845,-0.04125492870961145,1.481026109899889,0.17063492063492064,0.0,0.0,0.11848208879199111,0.0,0.0,True,8.227964978853262
2018-02-15 00:00:00,1290,2017-01-18 00:00:00,2018-01-17 00:00:00,True,0,0.55,0.7,0.06,0.85,0.15,0.12,8.763659317175682,False,,3.0690783600604874,7.269450352677744,-0.04143912818387929,1.5122415628375208,0.17063492063492064,0.0,0.0,0.12097932502700166,0.0,0.0,False,8.763659317175682
2018-02-23 00:00:00,1295,2017-01-25 00:00:00,2018-01-24 00:00:00,True,0,0.55,0.7,0.06,0.85,0.15,0.12,8.95373299150324,False,,3.094740506850077,7.476508229127929,-0.041530232948644,1.527676233114733,0.17063492063492064,0.0,0.0,0.12221409864917865,0.0,0.0,False,8.95373299150324
2018-03-02 00:00:00,1300,2017-02-01 00:00:00,2018-01-31 00:00:00,True,0,0.55,0.7,0.06,0.85,0.15,0.12,7.6764725613146405,True,,2.6423280960907607,6.468708590275469,-0.04175915218862902,1.385280087456197,0.21825396825396826,1.0,0.0,0.11082240699649576,0.0,0.03,True,8.95373299150324
2018-03-09 00:00:00,1305,2017-02-08 00:00:00,2018-02-07 00:00:00,True,0,0.55,0.7,0.06,0.85,0.15,0.12,3.3806075587818807,True,,1.7270639100860543,2.2449676669928382,-0.08693486511055126,1.4053810612305562,0.17063492063492064,1.0,0.0,0.1124304848984445,0.0,0.03,True,8.95373299150324
2018-03-16 00:00:00,1310,2017-02-15 00:00:00,2018-02-14 00:00:00,True,0,0.55,0.7,0.06,0.85,0.15,0.12,3.9201455438487955,True,,1.958600025830492,2.6543222470491212,-0.08693486511055082,1.6489034952624242,0.17063492063492064,1.0,0.0,0.13191227962099394,0.0,0.03,True,8.95373299150324
2018-03-23 00:00:00,1315,2017-02-23 00:00:00,2018-02-22 00:00:00,True,0,0.55,0.7,0.06,0.85,0.15,0.12,4.227944733811058,True,,2.083648543070734,2.88252160134186,-0.08693486511055115,1.646513629164546,0.17063492063492064,1.0,0.0,0.13172109033316368,0.0,0.03,True,8.95373299150324
2018-04-02 00:00:00,1320,2017-03-02 00:00:00,2018-03-01 00:00:00,True,0,0.55,0.7,0.06,0.85,0.15,0.12,3.90347428112665,True,,1.9301812768553723,2.6684940251478704,-0.08693486511055104,1.643777698087737,0.17063492063492064,1.0,0.0,0.13150221584701896,0.0,0.03,True,8.95373299150324
2018-04-09 00:00:00,1325,2017-03-09 00:00:00,2018-03-08 00:00:00,True,0,0.55,0.7,0.06,0.85,0.15,0.12,4.407086410791537,True,,2.1529584118865643,3.0587157254984154,-0.08693486511055115,1.66055726867199,0.17063492063492064,2.0,0.0,0.13284458149375922,0.0,0.06,True,8.95373299150324
2018-04-16 00:00:00,1330,2017-03-16 00:00:00,2018-03-15 00:00:00,True,0,0.55,0.7,0.06,0.85,0.15,0.12,3.675640837825047,True,,1.8199672363487336,2.544843586998307,-0.08916971557872666,1.877515851529153,0.2222222222222222,1.0,0.0,0.15020126812233225,0.0,0.03,True,8.95373299150324
2018-04-23 00:00:00,1335,2017-03-23 00:00:00,2018-03-22 00:00:00,True,0,0.55,0.7,0.06,0.85,0.15,0.12,3.4670147562989886,True,,1.681413316887791,2.466920902831429,-0.08693486511055093,1.5991910356743244,0.17063492063492064,2.0,0.0,0.12793528285394595,0.0,0.06,True,8.95373299150324
2018-04-30 00:00:00,1340,2017-03-30 00:00:00,2018-03-29 00:00:00,True,0,0.55,0.7,0.06,0.85,0.15,0.12,2.6041977258278783,True,,1.2989694040169115,1.8851627999682459,-0.0890177292338491,2.536273977045375,0.17063492063492064,0.0,0.0,0.20290191816362999,0.0,0.0,True,8.95373299150324
2018-05-07 00:00:00,1345,2017-04-06 00:00:00,2018-04-06 00:00:00,True,0,0.55,0.7,0.06,0.85,0.15,0.12,2.862430355455997,True,,1.4060747859444949,2.0727164824366864,-0.08901772923384887,2.5227202054730893,0.17063492063492064,0.0,0.0,0.20181761643784715,0.0,0.0,True,8.95373299150324
2018-05-14 00:00:00,1350,2017-04-13 00:00:00,2018-04-13 00:00:00,True,0,0.55,0.7,0.06,0.85,0.15,0.12,3.173383041877945,True,,1.5458497983716302,2.321232927065522,-0.08916971557872655,2.493163726826288,0.2222222222222222,1.0,0.0,0.19945309814610304,0.0,0.03,True,8.95373299150324
2018-05-21 00:00:00,1355,2017-04-21 00:00:00,2018-04-20 00:00:00,True,0,0.55,0.7,0.06,0.85,0.15,0.12,2.2054933174178393,True,,1.136116345440495,1.6571877436912008,-0.08916971557872666,2.82966528719521,0.2222222222222222,1.0,0.0,0.22637322297561682,0.0,0.03,True,8.95373299150324
2018-05-29 00:00:00,1360,2017-04-28 00:00:00,2018-04-27 00:00:00,True,0,0.55,0.7,0.06,0.85,0.15,0.12,2.207096533137801,True,,1.1333211738542313,1.6614796273869352,-0.08901772923384921,3.1926042828247327,0.17063492063492064,0.0,0.0,0.2554083426259786,0.0,0.0,True,8.95373299150324
2018-06-05 00:00:00,1365,2017-05-05 00:00:00,2018-05-04 00:00:00,True,0,0.55,0.7,0.06,0.85,0.15,0.12,2.3669891997559196,True,,1.2125456421998326,1.8371105816356492,-0.08693486511055093,3.190561346905402,0.17857142857142858,2.0,0.0,0.25524490775243214,0.0,0.06,True,8.95373299150324
2018-06-12 00:00:00,1370,2017-05-12 00:00:00,2018-05-11 00:00:00,True,0,0.55,0.7,0.06,0.85,0.15,0.12,2.3592527204678015,True,,1.205189683542644,1.8373433261424086,-0.08693486511055115,3.1976452998596203,0.19047619047619047,2.0,0.0,0.2558116239887696,0.0,0.06,True,8.95373299150324
2018-06-19 00:00:00,1375,2017-05-19 00:00:00,2018-05-18 00:00:00,True,0,0.55,0.7,0.06,0.85,0.15,0.12,2.4055370025925407,True,,1.2332611588497988,1.8528415279717323,-0.08693486511055104,3.124967232933053,0.19047619047619047,2.0,0.0,0.24999737863464425,0.0,0.06,True,8.95373299150324
2018-06-26 00:00:00,1380,2017-05-26 00:00:00,2018-05-25 00:00:00,True,0,0.55,0.7,0.06,0.85,0.15,0.12,2.3468847761220215,True,,1.2090089357110898,1.8153750973425378,-0.08693486511055082,3.180302968288726,0.19047619047619047,2.0,0.0,0.25442423746309806,0.0,0.06,True,8.95373299150324
2018-07-03 00:00:00,1385,2017-06-05 00:00:00,2018-06-04 00:00:00,True,0,0.55,0.7,0.06,0.85,0.15,0.12,2.634718424473594,True,,1.328975239733976,2.027411752319098,-0.08693486511055104,3.202327713945758,0.19047619047619047,2.0,0.0,0.25618621711566064,0.0,0.06,True,8.95373299150324
2018-07-11 00:00:00,1390,2017-06-12 00:00:00,2018-06-11 00:00:00,True,0,0.55,0.7,0.06,0.85,0.15,0.12,2.9427461911889146,True,,1.4670272757768892,2.2294216863568113,-0.08693486511055082,3.0977304209178,0.19047619047619047,2.0,0.0,0.24781843367342402,0.0,0.06,True,8.95373299150324
2018-07-18 00:00:00,1395,2017-06-19 00:00:00,2018-06-18 00:00:00,True,0,0.55,0.7,0.06,0.85,0.15,0.12,3.1882438384327436,True,,1.5731101497428537,2.3988712280532645,-0.08693486511055115,3.049541171909018,0.17063492063492064,2.0,0.0,0.24396329375272147,0.0,0.06,True,8.95373299150324
2018-07-25 00:00:00,1400,2017-06-26 00:00:00,2018-06-25 00:00:00,True,0,0.55,0.7,0.06,0.85,0.15,0.12,2.696785534370479,True,,1.3593027465297898,2.04486164209554,-0.08693486511055126,2.980081572946779,0.15476190476190477,2.0,0.0,0.23840652583574234,0.0,0.06,True,8.95373299150324
2018-08-01 00:00:00,1405,2017-07-03 00:00:00,2018-07-02 00:00:00,True,0,0.55,0.7,0.06,0.85,0.15,0.12,3.116451259918376,True,,1.546317539073111,2.3160062244899096,-0.08916971557872666,3.158390734333289,0.18253968253968253,1.0,0.0,0.25267125874666313,0.0,0.03,True,8.95373299150324
2018-08-08 00:00:00,1410,2017-07-11 00:00:00,2018-07-10 00:00:00,True,0,0.55,0.7,0.06,0.85,0.15,0.12,3.3710297810059715,True,,1.6214795668797768,2.51264357782827,-0.08693486511055071,2.8820581017052715,0.1388888888888889,1.0,0.0,0.23056464813642172,0.0,0.03,True,8.95373299150324
2018-08-15 00:00:00,1415,2017-07-18 00:00:00,2018-07-17 00:00:00,True,0,0.55,0.7,0.06,0.85,0.15,0.12,2.998470515154147,True,,1.4662358231462054,2.2353333231821626,-0.08693486511055115,2.825399581722362,0.13095238095238096,1.0,0.0,0.22603196653778895,0.0,0.03,True,8.95373299150324
2018-08-22 00:00:00,1420,2017-07-25 00:00:00,2018-07-24 00:00:00,True,0,0.55,0.7,0.06,0.85,0.15,0.12,2.9462479281013834,True,,1.438594385629639,2.210272738260207,-0.08693486511055104,2.8820581017052715,0.13095238095238096,1.0,0.0,0.23056464813642172,0.0,0.03,True,8.95373299150324
2018-08-29 00:00:00,1425,2017-08-01 00:00:00,2018-07-31 00:00:00,True,0,0.55,0.7,0.06,0.85,0.15,0.12,2.9892386534917303,True,,1.4473044450700785,2.2522628362968695,-0.08693486511055115,2.8734507576980555,0.13095238095238096,1.0,0.0,0.22987606061584445,0.0,0.03,True,8.95373299150324
2018-09-06 00:00:00,1430,2017-08-08 00:00:00,2018-08-07 00:00:00,True,0,0.55,0.7,0.06,0.85,0.15,0.12,3.192082775829705,True,,1.5302988113128397,2.3975828709775717,-0.08693486511055082,2.8285291533149053,0.13095238095238096,1.0,0.0,0.22628233226519243,0.0,0.03,True,8.95373299150324
2018-09-13 00:00:00,1435,2017-08-15 00:00:00,2018-08-14 00:00:00,True,0,0.55,0.7,0.06,0.85,0.15,0.12,3.037776717003,True,,1.4760378887324985,2.2752473581086443,-0.08693486511055082,2.8557382277051797,0.13095238095238096,1.0,0.0,0.22845905821641438,0.0,0.03,True,8.95373299150324
2018-09-20 00:00:00,1440,2017-08-22 00:00:00,2018-08-21 00:00:00,True,0,0.55,0.7,0.06,0.85,0.15,0.12,3.3271365079346613,True,,1.5933692410340508,2.448466140514101,-0.08693486511055093,2.4375705688833866,0.13095238095238096,1.0,0.0,0.19500564551067093,0.0,0.03,True,8.95373299150324
2018-09-27 00:00:00,1445,2017-08-29 00:00:00,2018-08-28 00:00:00,True,0,0.55,0.7,0.06,0.85,0.15,0.12,3.605868359907024,True,,1.70568170879146,2.6564903707827927,-0.08693486511055082,2.4375705688833866,0.13095238095238096,1.0,0.0,0.19500564551067093,0.0,0.03,True,8.95373299150324
2018-10-04 00:00:00,1450,2017-09-06 00:00:00,2018-09-05 00:00:00,True,0,0.55,0.7,0.06,0.85,0.15,0.12,3.0293422630027353,True,,1.4631438886098778,2.2390050248794098,-0.08693486511055104,2.4375705688833866,0.13095238095238096,1.0,0.0,0.19500564551067093,0.0,0.03,True,8.95373299150324
2018-10-11 00:00:00,1455,2017-09-13 00:00:00,2018-09-12 00:00:00,True,0,0.55,0.7,0.06,0.85,0.15,0.12,3.2759984699658196,True,,1.5753612057967206,2.4130904044588743,-0.08834177544927169,2.497938242475012,0.13095238095238096,1.0,0.0,0.19983505939800097,0.0,0.03,True,8.95373299150324
2018-10-18 00:00:00,1460,2017-09-20 00:00:00,2018-09-19 00:00:00,True,0,0.55,0.7,0.06,0.85,0.15,0.12,3.329612442240068,True,,1.5931314525634632,2.459082723626229,-0.08861844661878127,2.5098148653047314,0.13095238095238096,1.0,0.0,0.20078518922437852,0.0,0.03,True,8.95373299150324
2018-10-25 00:00:00,1465,2017-09-27 00:00:00,2018-09-26 00:00:00,True,0,0.55,0.7,0.06,0.85,0.15,0.12,3.5569347201548753,True,,1.6840710411208806,2.6257586407344133,-0.08773250929211629,2.471790419419201,0.13095238095238096,1.0,0.0,0.1977432335535361,0.0,0.03,True,8.95373299150324
2018-11-01 00:00:00,1470,2017-10-04 00:00:00,2018-10-03 00:00:00,True,0,0.55,0.7,0.06,0.85,0.15,0.12,2.707447262659681,True,,1.3259534016949401,2.0135218314609875,-0.08819282669364914,2.4915450525506175,0.13095238095238096,1.0,0.0,0.1993236042040494,0.0,0.03,True,8.95373299150324
2018-11-08 00:00:00,1475,2017-10-11 00:00:00,2018-10-10 00:00:00,True,0,0.55,0.7,0.06,0.85,0.15,0.12,2.1563113931365727,True,,1.0574175791336942,1.6656738743061241,-0.08707792535931802,2.5455660680252645,0.14285714285714285,1.0,0.0,0.20364528544202118,0.0,0.03,True,8.95373299150324
2018-11-15 00:00:00,1480,2017-10-18 00:00:00,2018-10-17 00:00:00,True,0,0.55,0.7,0.06,0.85,0.15,0.12,1.9848939468991313,True,,0.9803715310060616,1.562978846279845,-0.08742131100882666,2.6982582641350756,0.14285714285714285,1.0,0.0,0.21586066113080604,0.0,0.03,True,8.95373299150324
2018-11-23 00:00:00,1485,2017-10-25 00:00:00,2018-10-24 00:00:00,True,0,0.55,0.7,0.06,0.85,0.15,0.12,1.5727249358825295,True,,0.8129748394187147,1.2751451491074395,-0.09044528767514304,2.879575285276707,0.14285714285714285,1.0,0.0,0.23036602282213658,0.0,0.03,True,8.95373299150324
2018-11-30 00:00:00,1490,2017-11-01 00:00:00,2018-10-31 00:00:00,True,0,0.55,0.7,0.06,0.85,0.15,0.12,1.1303541262091918,True,,0.6728753068156018,0.9448145919241189,-0.09751641906599506,3.3546606768213127,0.14285714285714285,1.0,0.0,0.26837285414570505,0.0,0.03,True,8.95373299150324
2018-12-10 00:00:00,1495,2017-11-08 00:00:00,2018-11-07 00:00:00,True,0,0.55,0.7,0.06,0.85,0.15,0.12,1.0738070246953983,True,,0.6521997763763234,0.9134683620933894,-0.09751641906599529,3.4895930169454576,0.14285714285714285,1.0,0.0,0.2791674413556366,0.0,0.03,True,8.95373299150324
2018-12-17 00:00:00,1500,2017-11-15 00:00:00,2018-11-14 00:00:00,True,0,0.55,0.7,0.06,0.85,0.15,0.12,0.9068932316206342,True,,0.5864019335695051,0.8045927219886979,-0.09751641906599573,3.6647859942478656,0.14285714285714285,1.0,0.0,0.29318287953982924,0.0,0.03,True,8.95373299150324
2018-12-24 00:00:00,1505,2017-11-22 00:00:00,2018-11-21 00:00:00,True,0,0.55,0.7,0.06,0.85,0.15,0.12,0.6070347626861765,True,,0.4617609560544071,0.6043478345140217,-0.09751641906599429,3.8525557622430995,0.14285714285714285,1.0,0.0,0.308204460979448,0.0,0.03,True,8.95373299150324
2019-01-02 00:00:00,1510,2017-11-30 00:00:00,2018-11-29 00:00:00,True,0,0.55,0.7,0.06,0.85,0.15,0.12,1.0163749928501409,True,,0.6495753247329907,0.9067592645968681,-0.09751641906599562,4.107596794504305,0.12698412698412698,1.0,0.0,0.3286077435603444,0.0,0.03,True,8.95373299150324
2019-01-09 00:00:00,1515,2017-12-07 00:00:00,2018-12-07 00:00:00,True,0,0.55,0.7,0.06,0.85,0.15,0.12,0.8106205257265101,True,,0.5610048207417908,0.7613526657729941,-0.09751641906599551,4.118330345420949,0.10714285714285714,1.0,0.0,0.32946642763367595,0.0,0.03,True,8.95373299150324
2019-01-16 00:00:00,1520,2017-12-14 00:00:00,2018-12-14 00:00:00,True,0,0.55,0.7,0.06,0.85,0.15,0.12,0.4758128858944016,True,,0.4144819081803374,0.525395265853766,-0.09751641906599506,4.112315437111856,0.0873015873015873,1.0,0.0,0.3289852349689485,0.0,0.03,True,8.95373299150324
2019-01-24 00:00:00,1525,2017-12-21 00:00:00,2018-12-21 00:00:00,True,0,0.55,0.7,0.06,0.85,0.15,0.12,0.32174003534101625,True,,0.35564191337261286,0.4170566179209314,-0.10140523406491753,4.219339654604273,0.06746031746031746,1.0,0.0,0.3375471723683418,0.0,0.03,True,8.95373299150324
2019-01-31 00:00:00,1530,2017-12-29 00:00:00,2018-12-31 00:00:00,True,0,0.55,0.7,0.06,0.85,0.15,0.12,0.343658677907276,True,,0.3703128525859403,0.4354503271122284,-0.1014052340649173,4.312680454605588,0.047619047619047616,1.0,0.0,0.34501443636844703,0.0,0.03,True,8.95373299150324
2019-02-07 00:00:00,1535,2018-01-08 00:00:00,2019-01-08 00:00:00,True,0,0.55,0.7,0.06,0.85,0.15,0.12,0.14974841241646994,True,,0.2844095694223152,0.3082386470196647,-0.10140523406491775,4.390650932769712,0.031746031746031744,1.0,0.0,0.351252074621577,0.0,0.03,True,8.95373299150324
2019-02-14 00:00:00,1540,2018-01-16 00:00:00,2019-01-15 00:00:00,True,0,0.55,0.7,0.06,0.85,0.15,0.12,-0.0499002708402255,True,,0.19781362513912576,0.1813180904950541,-0.10140523406491797,4.534604604692431,0.031746031746031744,1.0,0.0,0.3627683683753945,0.0,0.03,True,8.95373299150324
2019-02-22 00:00:00,1545,2018-01-23 00:00:00,2019-01-23 00:00:00,True,0,0.55,0.7,0.06,0.85,0.15,0.12,-0.1859514921698186,True,,0.1415772236098091,0.0993192670222917,-0.1014052340649183,4.712301617468263,0.031746031746031744,1.0,0.0,0.37698412939746107,0.0,0.03,True,8.95373299150324
2019-03-01 00:00:00,1550,2018-01-30 00:00:00,2019-01-30 00:00:00,True,0,0.55,0.7,0.06,0.85,0.15,0.12,-0.11207400784936003,True,,0.17908461053657054,0.15371377904381295,-0.10140523406491875,4.8016205202622615,0.031746031746031744,1.0,0.0,0.38412964162098095,0.0,0.03,True,8.95373299150324
2019-03-08 00:00:00,1555,2018-02-06 00:00:00,2019-02-06 00:00:00,True,0,0.55,0.7,0.06,0.85,0.15,0.12,0.6179107551364867,True,,0.531336795215276,0.6475535622151358,-0.10140523406491952,5.0183611231362235,0.03571428571428571,1.0,0.0,0.4014688898508979,0.0,0.03,True,8.95373299150324
2019-03-15 00:00:00,1560,2018-02-13 00:00:00,2019-02-13 00:00:00,True,0,0.55,0.7,0.06,0.85,0.15,0.12,0.6401051660821382,True,,0.5450488450189384,0.6403524027802043,-0.10140523406491775,4.840320014512045,0.03571428571428571,1.0,0.0,0.3872256011609636,0.0,0.03,True,8.95373299150324
2019-03-22 00:00:00,1565,2018-02-21 00:00:00,2019-02-21 00:00:00,True,0,0.55,0.7,0.06,0.85,0.15,0.12,0.5974213487211182,True,,0.5255897141431023,0.6113215446737243,-0.10140523406491764,4.840320014512045,0.03571428571428571,1.0,0.0,0.3872256011609636,0.0,0.03,True,8.95373299150324
2019-03-29 00:00:00,1570,2018-02-28 00:00:00,2019-02-28 00:00:00,True,0,0.55,0.7,0.06,0.85,0.15,0.12,0.6502745329680779,True,,0.5543388571355847,0.6414515962418211,-0.10140523406491753,4.840320014512045,0.03571428571428571,1.0,0.0,0.3872256011609636,0.0,0.03,True,8.95373299150324
2019-04-05 00:00:00,1575,2018-03-07 00:00:00,2019-03-07 00:00:00,True,0,0.55,0.7,0.06,0.85,0.15,0.12,0.3281446881704033,True,,0.3979083158351024,0.4343274668703306,-0.10140523406491708,4.840320014512045,0.03571428571428571,1.0,0.0,0.3872256011609636,0.0,0.03,True,8.95373299150324
2019-04-12 00:00:00,1580,2018-03-14 00:00:00,2019-03-14 00:00:00,True,0,0.55,0.7,0.06,0.85,0.15,0.12,0.4632100183295622,True,,0.4651497002914198,0.5205239486320282,-0.1014052340649173,4.854485510843501,0.03571428571428571,1.0,0.0,0.3883588408674801,0.0,0.03,True,8.95373299150324
2019-04-22 00:00:00,1585,2018-03-21 00:00:00,2019-03-21 00:00:00,True,0,0.55,0.7,0.06,0.85,0.15,0.12,1.2315838699103856,True,,0.8239310375758595,0.9924264850617381,-0.10140523406491841,4.453604446435805,0.03571428571428571,1.0,0.0,0.3562883557148644,0.0,0.03,True,8.95373299150324
2019-04-29 00:00:00,1590,2018-03-28 00:00:00,2019-03-28 00:00:00,True,0,0.55,0.7,0.06,0.85,0.15,0.12,1.6941127676191374,True,,1.0707663238687157,1.2620434993316076,-0.10140523406491775,4.453604446435805,0.03571428571428571,1.0,0.0,0.3562883557148644,0.0,0.03,True,8.95373299150324
2019-05-06 00:00:00,1595,2018-04-05 00:00:00,2019-04-04 00:00:00,True,0,0.55,0.7,0.06,0.85,0.15,0.12,2.104966946265847,True,,1.2828831504142426,1.5293283240209523,-0.10140523406491797,4.64223579206447,0.03571428571428571,1.0,0.0,0.37137886336515763,0.0,0.03,True,8.95373299150324
2019-05-13 00:00:00,1600,2018-04-12 00:00:00,2019-04-11 00:00:00,True,0,0.55,0.7,0.06,0.85,0.15,0.12,1.9522628846438894,True,,1.199027112364091,1.412495197086385,-0.1014052340649173,4.334504817366366,0.03571428571428571,1.0,0.0,0.34676038538930926,0.0,0.03,True,8.95373299150324
2019-05-20 00:00:00,1605,2018-04-19 00:00:00,2019-04-18 00:00:00,True,0,0.55,0.7,0.06,0.85,0.15,0.12,2.3546095151470117,True,,1.3735249842261192,1.6329344902766787,-0.10140523406491764,3.690788266255633,0.03571428571428571,1.0,0.0,0.29526306130045066,0.0,0.03,True,8.95373299150324
2019-05-28 00:00:00,1610,2018-04-26 00:00:00,2019-04-26 00:00:00,True,0,0.55,0.7,0.06,0.85,0.15,0.12,2.3379925506953008,True,,1.3779451809256693,1.6066380388376027,-0.1014052340649172,3.6907882662556335,0.03571428571428571,1.0,0.0,0.2952630613004507,0.0,0.03,True,8.95373299150324
2019-06-04 00:00:00,1615,2018-05-03 00:00:00,2019-05-03 00:00:00,True,0,0.55,0.7,0.06,0.85,0.15,0.12,1.908111155981034,True,,1.1402892918552934,1.3101049453220894,-0.10140523406491753,3.1282761516491386,0.031746031746031744,1.0,0.0,0.25026209213193107,0.0,0.03,True,8.95373299150324
2019-06-11 00:00:00,1620,2018-05-10 00:00:00,2019-05-10 00:00:00,True,0,0.55,0.7,0.06,0.85,0.15,0.12,1.1178876432446687,True,,0.7233638036114769,0.8066525391352662,-0.1014692611923651,3.1349773959377645,0.015873015873015872,0.0,0.0,0.25079819167502115,0.0,0.0,True,8.95373299150324
2019-06-18 00:00:00,1625,2018-05-17 00:00:00,2019-05-17 00:00:00,True,0,0.55,0.7,0.06,0.85,0.15,0.12,1.3110001832431963,True,,0.827238026120853,0.9432662086993805,-0.10227103960524597,3.385635122964511,0.015873015873015872,0.0,0.0,0.2708508098371609,0.0,0.0,True,8.95373299150324
2019-06-25 00:00:00,1630,2018-05-24 00:00:00,2019-05-24 00:00:00,True,0,0.55,0.7,0.06,0.85,0.15,0.12,0.729721664818326,True,,0.551248207462474,0.5948455933075893,-0.10227103960524508,3.7175377161277448,0.015873015873015872,0.0,0.0,0.29740301729021956,0.0,0.0,True,8.95373299150324
2019-07-02 00:00:00,1635,2018-06-01 00:00:00,2019-06-03 00:00:00,True,0,0.55,0.7,0.06,0.85,0.15,0.12,0.40539116933746244,True,,0.3955005307068344,0.40227761818071617,-0.10227103960524608,3.899143198924311,0.015873015873015872,0.0,0.0,0.3119314559139449,0.0,0.0,True,8.95373299150324
2019-07-10 00:00:00,1640,2018-06-08 00:00:00,2019-06-10 00:00:00,True,0,0.55,0.7,0.06,0.85,0.15,0.12,0.6039124956983584,True,,0.4983847013734368,0.5224964462606899,-0.10210558470077946,3.9058670335453796,0.015873015873015872,0.0,0.0,0.31246936268363035,0.0,0.0,True,8.95373299150324
2019-07-17 00:00:00,1645,2018-06-15 00:00:00,2019-06-17 00:00:00,True,0,0.55,0.7,0.06,0.85,0.15,0.12,0.7073403839388743,True,,0.5653797393654921,0.6014833038128634,-0.10392899223230345,4.240324980961357,0.015873015873015872,0.0,0.0,0.33922599847690854,0.0,0.0,True,8.95373299150324
2019-07-24 00:00:00,1650,2018-06-22 00:00:00,2019-06-24 00:00:00,True,0,0.55,0.7,0.06,0.85,0.15,0.12,1.0179328706784865,True,,0.7298655513539313,0.8205409657835027,-0.10227103960524553,4.604568166278087,0.015873015873015872,0.0,0.0,0.36836545330224696,0.0,0.0,True,8.95373299150324
2019-07-31 00:00:00,1655,2018-06-29 00:00:00,2019-07-01 00:00:00,True,0,0.55,0.7,0.06,0.85,0.15,0.12,1.3083752065834733,True,,0.8763327306577038,0.9845208464367817,-0.10393310738274608,4.444677515295699,0.015873015873015872,0.0,0.0,0.3555742012236559,0.0,0.0,True,8.95373299150324
2019-08-07 00:00:00,1660,2018-07-09 00:00:00,2019-07-09 00:00:00,True,0,0.55,0.7,0.06,0.85,0.15,0.12,1.0739752235689948,True,,0.7566118564390893,0.8537165666197408,-0.10194140293232468,4.570123577073591,0.015873015873015872,0.0,0.0,0.3656098861658873,0.0,0.0,True,8.95373299150324
2019-08-14 00:00:00,1665,2018-07-16 00:00:00,2019-07-16 00:00:00,True,0,0.55,0.7,0.06,0.85,0.15,0.12,0.8488347987138032,True,,0.6478580367288691,0.7116777691089762,-0.10227103960524575,4.604568166278087,0.015873015873015872,0.0,0.0,0.36836545330224696,0.0,0.0,True,8.95373299150324
2019-08-21 00:00:00,1670,2018-07-23 00:00:00,2019-07-23 00:00:00,True,0,0.55,0.7,0.06,0.85,0.15,0.12,0.9077519187430688,True,,0.6759827168605801,0.7510660501893559,-0.10235699623514716,4.61354547836245,0.031746031746031744,0.0,0.0,0.36908363826899604,0.0,0.0,True,8.95373299150324
2019-08-28 00:00:00,1675,2018-07-30 00:00:00,2019-07-30 00:00:00,True,0,0.55,0.7,0.06,0.85,0.15,0.12,1.0373206719005421,True,,0.7420357413415951,0.8237465518290723,-0.10171455731060586,4.546403886303886,0.051587301587301584,0.0,0.0,0.3637123109043109,0.0,0.0,True,8.95373299150324
2019-09-05 00:00:00,1680,2018-08-06 00:00:00,2019-08-06 00:00:00,True,0,0.55,0.7,0.06,0.85,0.15,0.12,0.3983191894851249,True,,0.4375996128894913,0.46465900306184327,-0.10212277969027317,5.137595323173012,0.06746031746031746,0.0,0.0,0.411007625853841,0.0,0.0,True,8.95373299150324
2019-09-12 00:00:00,1685,2018-08-13 00:00:00,2019-08-13 00:00:00,True,0,0.55,0.7,0.06,0.85,0.15,0.12,0.01730665887558286,True,,0.27036296976655677,0.2607319303947102,-0.10214175762637834,5.770523190084276,0.0873015873015873,0.0,0.0,0.4616418552067421,0.0,0.0,True,8.95373299150324
2019-09-19 00:00:00,1690,2018-08-20 00:00:00,2019-08-20 00:00:00,True,0,0.55,0.7,0.06,0.85,0.15,0.12,0.465434575007365,True,,0.4952315864953062,0.5565738143533314,-0.10198475052975331,5.93820078713258,0.0992063492063492,0.0,0.0,0.4750560629706064,0.0,0.0,True,8.95373299150324
2019-09-26 00:00:00,1695,2018-08-27 00:00:00,2019-08-27 00:00:00,True,0,0.55,0.7,0.06,0.85,0.15,0.12,0.1591854999281211,True,,0.3454338011938555,0.3646576487883027,-0.10233390600995329,5.974680253704708,0.10714285714285714,0.0,0.0,0.47797442029637666,0.0,0.0,True,8.95373299150324
2019-10-03 00:00:00,1700,2018-09-04 00:00:00,2019-09-04 00:00:00,True,0,0.55,0.7,0.06,0.85,0.15,0.12,0.46155572955771124,True,,0.4920945546322755,0.5732163520419463,-0.10039082260067944,6.1138988338515174,0.1111111111111111,0.0,0.0,0.4891119067081214,0.0,0.0,True,8.95373299150324
2019-10-10 00:00:00,1705,2018-09-11 00:00:00,2019-09-11 00:00:00,True,0,0.55,0.7,0.06,0.85,0.15,0.12,0.5696080697068433,True,,0.540032555126682,0.6414568721555073,-0.09963712878108444,6.0448747893030585,0.1111111111111111,0.0,0.0,0.4835899831442447,0.0,0.0,True,8.95373299150324
2019-10-17 00:00:00,1710,2018-09-18 00:00:00,2019-09-18 00:00:00,True,0,0.55,0.7,0.06,0.85,0.15,0.12,0.4811514255313404,True,,0.49886209733943737,0.5818132859346008,-0.09957864311216424,6.039516256947221,0.1111111111111111,0.0,0.0,0.48316130055577766,0.0,0.0,True,8.95373299150324
2019-10-24 00:00:00,1715,2018-09-25 00:00:00,2019-09-25 00:00:00,True,0,0.55,0.7,0.06,0.85,0.15,0.12,0.09691611056969152,True,,0.3161796627957744,0.33349992112260585,-0.09997466452870607,6.075793614052095,0.11904761904761904,0.0,0.0,0.48606348912416764,0.0,0.0,True,8.95373299150324
2019-10-31 00:00:00,1720,2018-10-02 00:00:00,2019-10-02 00:00:00,True,0,0.55,0.7,0.06,0.85,0.15,0.12,0.17201793122240627,True,,0.33278008743677856,0.42860033517371604,-0.08394454236844584,6.295530304416815,0.1349206349206349,0.0,0.0,0.5036424243533452,0.0,0.0,True,8.95373299150324
2019-11-07 00:00:00,1725,2018-10-09 00:00:00,2019-10-09 00:00:00,True,0,0.55,0.7,0.06,0.85,0.15,0.12,1.5878683092710253,True,,0.882279317236657,1.5411339864466334,-0.07049755987637107,6.59147746403673,0.12698412698412698,0.0,0.0,0.5273181971229384,0.0,0.0,True,8.95373299150324
2019-11-14 00:00:00,1730,2018-10-16 00:00:00,2019-10-16 00:00:00,True,0,0.55,0.7,0.06,0.85,0.15,0.12,1.131249781590125,True,,0.722483704357167,1.1755522153439544,-0.07049755987637074,6.64594618802757,0.12301587301587301,0.0,0.0,0.5316756950422056,0.0,0.0,True,8.95373299150324
2019-11-21 00:00:00,1735,2018-10-23 00:00:00,2019-10-23 00:00:00,True,0,0.55,0.7,0.06,0.85,0.15,0.12,2.5342661051865534,True,,1.3084020396243954,2.1969247007554547,-0.07049755987637063,6.645946188027571,0.12301587301587301,0.0,0.0,0.5316756950422057,0.0,0.0,True,8.95373299150324
2019-11-29 00:00:00,1740,2018-10-30 00:00:00,2019-10-30 00:00:00,True,0,0.55,0.7,0.06,0.85,0.15,0.12,2.514967430190785,True,,1.3306357902538015,2.1450091687239863,-0.07049755987637096,6.64594618802757,0.12301587301587301,0.0,0.0,0.5316756950422056,0.0,0.0,True,8.95373299150324
2019-12-06 00:00:00,1745,2018-11-06 00:00:00,2019-11-06 00:00:00,True,0,0.55,0.7,0.06,0.85,0.15,0.12,2.410377654139219,True,,1.2951230443930521,2.058662880985465,-0.07049755987637096,6.645946188027571,0.12301587301587301,0.0,0.0,0.5316756950422057,0.0,0.0,True,8.95373299150324
2019-12-13 00:00:00,1750,2018-11-13 00:00:00,2019-11-13 00:00:00,True,0,0.55,0.7,0.06,0.85,0.15,0.12,3.008979412641631,True,,1.5461897182262687,2.4944592309241407,-0.07049755987637119,6.659721129049375,0.12698412698412698,0.0,0.0,0.5327776903239501,0.0,0.0,True,8.95373299150324
2019-12-20 00:00:00,1755,2018-11-20 00:00:00,2019-11-20 00:00:00,True,0,0.55,0.7,0.06,0.85,0.15,0.12,3.041110982688844,True,,1.5619653813935206,2.514904114524091,-0.07049755987637085,6.659721129049375,0.1388888888888889,0.0,0.0,0.5327776903239501,0.0,0.0,True,8.95373299150324
2019-12-30 00:00:00,1760,2018-11-28 00:00:00,2019-11-27 00:00:00,True,0,0.55,0.7,0.06,0.85,0.15,0.12,2.933244156669736,True,,1.4955841517275166,2.4196917122160837,-0.07049755987637119,6.2261670603830925,0.15873015873015872,0.0,0.0,0.4980933648306474,0.0,0.0,True,8.95373299150324
2020-01-07 00:00:00,1765,2018-12-06 00:00:00,2019-12-05 00:00:00,True,0,0.55,0.7,0.06,0.85,0.15,0.12,3.1492179935018974,True,,1.5912691743998726,2.5844082962930504,-0.07049755987637074,6.3697227241551975,0.1746031746031746,0.0,0.0,0.5095778179324159,0.0,0.0,True,8.95373299150324
2020-01-14 00:00:00,1770,2018-12-13 00:00:00,2019-12-12 00:00:00,True,0,0.55,0.7,0.06,0.85,0.15,0.12,3.639972982998447,True,,1.7845115383358914,2.9535614399304633,-0.07049755987637085,6.342346341022691,0.19444444444444445,0.0,0.0,0.5073877072818153,0.0,0.0,True,8.95373299150324
2020-01-22 00:00:00,1775,2018-12-20 00:00:00,2019-12-19 00:00:00,True,0,0.55,0.7,0.06,0.85,0.15,0.12,4.365428837679266,True,,2.077083433575044,3.4944083479775587,-0.07049755987637085,6.339765928472804,0.20238095238095238,0.0,0.0,0.5071812742778243,0.0,0.0,True,8.95373299150324
2020-01-29 00:00:00,1780,2018-12-28 00:00:00,2019-12-27 00:00:00,True,0,0.55,0.7,0.06,0.85,0.15,0.12,4.063593739017903,True,,1.9626245512261653,3.2601880775869527,-0.07049755987637107,6.339765928472804,0.20238095238095238,0.0,0.0,0.5071812742778243,0.0,0.0,True,8.95373299150324
2020-02-05 00:00:00,1785,2019-01-07 00:00:00,2020-01-06 00:00:00,True,0,0.55,0.7,0.06,0.85,0.15,0.12,4.383549477639306,True,,2.065492968370658,3.5031013503035364,-0.07049755987637096,6.055307137177267,0.20238095238095238,0.0,0.0,0.48442457097418135,0.0,0.0,True,8.95373299150324
2020-02-12 00:00:00,1790,2019-01-14 00:00:00,2020-01-13 00:00:00,True,0,0.55,0.7,0.06,0.85,0.15,0.12,4.557825172977848,True,,2.123212075503758,3.635491129318759,-0.07049755987637107,5.922247574761466,0.20238095238095238,0.0,0.0,0.47377980598091723,0.0,0.0,True,8.95373299150324
2020-02-20 00:00:00,1795,2019-01-22 00:00:00,2020-01-21 00:00:00,True,0,0.55,0.7,0.06,0.85,0.15,0.12,5.013862492257722,True,,2.288432329918027,3.9641963801925075,-0.07049755987637107,5.574086772678882,0.20238095238095238,0.0,0.0,0.4459269418143106,0.0,0.0,True,8.95373299150324
2020-02-27 00:00:00,1800,2019-01-29 00:00:00,2020-01-28 00:00:00,True,0,0.55,0.7,0.06,0.85,0.15,0.12,4.59629145747399,True,,2.110149077288194,3.652323233668817,-0.07049755987637096,5.446452584365714,0.20238095238095238,0.0,0.0,0.4357162067492571,0.0,0.0,True,8.95373299150324
2020-03-05 00:00:00,1805,2019-02-05 00:00:00,2020-02-04 00:00:00,True,0,0.55,0.7,0.06,0.85,0.15,0.12,4.899668374540889,True,,2.180986620347493,3.8544162099014496,-0.07049755987637063,4.560640171597056,0.1984126984126984,0.0,0.0,0.36485121372776447,0.0,0.0,True,8.95373299150324
2020-03-12 00:00:00,1810,2019-02-12 00:00:00,2020-02-11 00:00:00,True,0,0.55,0.7,0.06,0.85,0.15,0.12,5.153618903133842,True,,2.283426463189932,4.077952718116988,-0.07049755987637085,4.527121681871003,0.1984126984126984,1.0,0.0,0.36216973454968027,0.0,0.03,True,8.95373299150324
2020-03-19 00:00:00,1815,2019-02-20 00:00:00,2020-02-19 00:00:00,True,0,0.55,0.7,0.06,0.85,0.15,0.12,4.82961184735518,True,,2.1445605852277216,3.8123780948190276,-0.07049755987637063,4.560640171597056,0.1984126984126984,0.0,0.0,0.36485121372776447,0.0,0.0,True,8.95373299150324
2020-03-26 00:00:00,1820,2019-02-27 00:00:00,2020-02-26 00:00:00,True,0,0.55,0.7,0.06,0.85,0.15,0.12,2.9016451553015203,True,,1.4729030129615583,2.300060633854044,-0.08113698653356605,5.14132955929092,0.1984126984126984,0.0,0.0,0.4113063647432736,0.0,0.0,True,8.95373299150324
2020-04-02 00:00:00,1825,2019-03-06 00:00:00,2020-03-04 00:00:00,True,0,0.55,0.7,0.06,0.85,0.15,0.12,3.326256542012757,True,,1.6561137985325607,2.6403670630662464,-0.08113698653356616,5.526886337160014,0.1984126984126984,0.0,0.0,0.4421509069728011,0.0,0.0,True,8.95373299150324
2020-04-09 00:00:00,1830,2019-03-13 00:00:00,2020-03-11 00:00:00,True,0,0.55,0.7,0.06,0.85,0.15,0.12,2.0336886031270627,True,,1.217227741546094,1.6004214901987894,-0.09619626870066222,5.798454132225784,0.1984126984126984,0.0,0.0,0.4638763305780627,0.0,0.0,True,8.95373299150324
2020-04-17 00:00:00,1835,2019-03-20 00:00:00,2020-03-18 00:00:00,True,0,0.55,0.7,0.06,0.85,0.15,0.12,1.3718875524254426,True,,0.9446797101262951,1.1146683656852148,-0.10397821789032391,5.806585628112806,0.1984126984126984,0.0,0.0,0.4645268502490245,0.0,0.0,True,8.95373299150324
2020-04-24 00:00:00,1840,2019-03-27 00:00:00,2020-03-25 00:00:00,True,0,0.55,0.7,0.06,0.85,0.15,0.12,2.0144720265293476,True,,1.2545795391087284,1.5340994682823899,-0.1039782178903238,5.842338590066159,0.1984126984126984,0.0,0.0,0.46738708720529276,0.0,0.0,True,8.95373299150324
2020-05-01 00:00:00,1845,2019-04-03 00:00:00,2020-04-01 00:00:00,True,0,0.55,0.7,0.06,0.85,0.15,0.12,1.7337331952014823,True,,1.1209796895943025,1.3508252498308446,-0.10397821789032435,5.848833678218699,0.1984126984126984,0.0,0.0,0.4679066942574959,0.0,0.0,True,8.95373299150324
2020-05-08 00:00:00,1850,2019-04-10 00:00:00,2020-04-08 00:00:00,True,0,0.55,0.7,0.06,0.85,0.15,0.12,1.8506283158303958,True,,1.1780966300919855,1.4310685383616506,-0.10397821789032424,5.904039311886381,0.1984126984126984,0.0,0.0,0.4723231449509105,0.0,0.0,True,8.95373299150324
2020-05-15 00:00:00,1855,2019-04-17 00:00:00,2020-04-16 00:00:00,True,0,0.55,0.7,0.06,0.85,0.15,0.12,1.897548590175791,True,,1.2196233684398476,1.4845430989183142,-0.10397821789032369,6.371365717483853,0.1984126984126984,0.0,0.0,0.5097092573987082,0.0,0.0,True,8.95373299150324
2020-05-22 00:00:00,1860,2019-04-25 00:00:00,2020-04-23 00:00:00,True,0,0.55,0.7,0.06,0.85,0.15,0.12,1.7048123443681975,True,,1.1180363011189092,1.3684301137772206,-0.10397821789032369,6.349600597156101,0.1984126984126984,0.0,0.0,0.507968047772488,0.0,0.0,True,8.95373299150324
2020-06-01 00:00:00,1865,2019-05-02 00:00:00,2020-04-30 00:00:00,True,0,0.55,0.7,0.06,0.85,0.15,0.12,1.5832029431441643,True,,1.0678425984076523,1.322049419314492,-0.10397821789032391,6.778489883938524,0.1984126984126984,0.0,0.0,0.5422791907150819,0.0,0.0,True,8.95373299150324
2020-06-08 00:00:00,1870,2019-05-09 00:00:00,2020-05-07 00:00:00,True,0,0.55,0.7,0.06,0.85,0.15,0.12,2.5608155548651514,True,,1.5242048622933622,1.9728300630772448,-0.10397821789032358,6.770666973625085,0.1984126984126984,0.0,0.0,0.5416533578900068,0.0,0.0,True,8.95373299150324
2020-06-15 00:00:00,1875,2019-05-16 00:00:00,2020-05-14 00:00:00,True,0,0.55,0.7,0.06,0.85,0.15,0.12,2.8097824235673134,True,,1.6440475540321915,2.0939524126870346,-0.10397821789032402,6.36783825768132,0.1984126984126984,0.0,0.0,0.5094270606145056,0.0,0.0,True,8.95373299150324
2020-06-22 00:00:00,1880,2019-05-23 00:00:00,2020-05-21 00:00:00,True,0,0.55,0.7,0.06,0.85,0.15,0.12,3.2031578216604886,True,,1.8399263108440047,2.371045692053405,-0.10397821789032413,6.670063035328004,0.1984126984126984,0.0,0.0,0.5336050428262403,0.0,0.0,True,8.95373299150324
2020-06-29 00:00:00,1885,2019-05-31 00:00:00,2020-05-29 00:00:00,True,0,0.55,0.7,0.06,0.85,0.15,0.12,3.973977111183465,True,,2.192390541181253,2.8939895160355658,-0.10397821789032402,6.670063035328004,0.1984126984126984,0.0,0.0,0.5336050428262403,0.0,0.0,True,8.95373299150324
2020-07-07 00:00:00,1890,2019-06-07 00:00:00,2020-06-05 00:00:00,True,0,0.55,0.7,0.06,0.85,0.15,0.12,3.8254914195220615,True,,2.1066839857507382,2.7684839194459827,-0.1039782178903238,6.19974627231829,0.1984126984126984,0.0,0.0,0.4959797017854632,0.0,0.0,True,8.95373299150324
2020-07-14 00:00:00,1895,2019-06-14 00:00:00,2020-06-12 00:00:00,True,0,0.55,0.7,0.06,0.85,0.15,0.12,3.7015104983887177,True,,1.9747259624085343,2.7273715395838947,-0.10397821789032402,5.68890869608666,0.1984126984126984,0.0,0.0,0.4551126956869328,0.0,0.0,True,8.95373299150324
2020-07-21 00:00:00,1900,2019-06-21 00:00:00,2020-06-19 00:00:00,True,0,0.55,0.7,0.06,0.85,0.15,0.12,3.679319078135188,True,,1.9718026184006652,2.7169716941828463,-0.10397821789032402,5.825761195146932,0.1984126984126984,0.0,0.0,0.4660608956117546,0.0,0.0,True,8.95373299150324
2020-07-28 00:00:00,1905,2019-06-28 00:00:00,2020-06-26 00:00:00,True,0,0.55,0.7,0.06,0.85,0.15,0.12,3.521768098067693,True,,1.8909678290313723,2.622853475857651,-0.1039782178903238,5.843531395622504,0.1984126984126984,0.0,0.0,0.4674825116498003,0.0,0.0,True,8.95373299150324
2020-08-04 00:00:00,1910,2019-07-08 00:00:00,2020-07-06 00:00:00,True,0,0.55,0.7,0.06,0.85,0.15,0.12,3.9838185424727115,True,,2.0813579715703776,2.9673561277436837,-0.10397821789032391,5.892804141157672,0.1984126984126984,0.0,0.0,0.4714243312926138,0.0,0.0,True,8.95373299150324
2020-08-11 00:00:00,1915,2019-07-15 00:00:00,2020-07-13 00:00:00,True,0,0.55,0.7,0.06,0.85,0.15,0.12,3.822013708831444,True,,2.006517766068238,2.861867331696141,-0.10397821789032391,5.924974032421332,0.1984126984126984,0.0,0.0,0.47399792259370654,0.0,0.0,True,8.95373299150324
2020-08-18 00:00:00,1920,2019-07-22 00:00:00,2020-07-20 00:00:00,True,0,0.55,0.7,0.06,0.85,0.15,0.12,3.925288751637981,True,,2.0407889789479046,2.9525677347442634,-0.10397821789032424,5.969430188816677,0.19047619047619047,0.0,0.0,0.47755441510533414,0.0,0.0,True,8.95373299150324
2020-08-25 00:00:00,1925,2019-07-29 00:00:00,2020-07-27 00:00:00,True,0,0.55,0.7,0.06,0.85,0.15,0.12,3.6368552569338615,True,,1.9121891405798404,2.7766004618370297,-0.1039782178903238,6.207678163945028,0.17063492063492064,0.0,0.0,0.49661425311560226,0.0,0.0,True,8.95373299150324
2020-09-01 00:00:00,1930,2019-08-05 00:00:00,2020-08-03 00:00:00,True,0,0.55,0.7,0.06,0.85,0.15,0.12,5.086828121130722,True,,2.5432149394092485,3.736420145583609,-0.10397821789032369,5.5690366843176715,0.15079365079365079,0.0,0.0,0.4455229347454137,0.0,0.0,True,8.95373299150324
2020-09-09 00:00:00,1935,2019-08-12 00:00:00,2020-08-10 00:00:00,True,0,0.55,0.7,0.06,0.85,0.15,0.12,4.769367692186752,True,,2.4000453195831932,3.4665794513589128,-0.10397821789032402,5.0492648560446405,0.1349206349206349,0.0,0.0,0.40394118848357125,0.0,0.0,True,8.95373299150324
2020-09-16 00:00:00,1940,2019-08-19 00:00:00,2020-08-17 00:00:00,True,0,0.55,0.7,0.06,0.85,0.15,0.12,4.998013450055442,True,,2.5283493679163827,3.5888708753404117,-0.10397821789032402,4.642907726665879,0.12301587301587301,1.0,0.0,0.3714326181332703,0.0,0.03,True,8.95373299150324
2020-09-23 00:00:00,1945,2019-08-26 00:00:00,2020-08-24 00:00:00,True,0,0.55,0.7,0.06,0.85,0.15,0.12,5.964483925336746,True,,2.937134739328722,4.252295891698483,-0.10397821789032369,4.681094091884532,0.10714285714285714,0.0,0.0,0.3744875273507626,0.0,0.0,True,8.95373299150324
2020-09-30 00:00:00,1950,2019-09-03 00:00:00,2020-08-31 00:00:00,True,0,0.55,0.7,0.06,0.85,0.15,0.12,6.182779855985403,True,,3.02512763456426,4.415174685964881,-0.10397821789032369,4.681094091884532,0.10714285714285714,0.0,0.0,0.3744875273507626,0.0,0.0,True,8.95373299150324
2020-10-07 00:00:00,1955,2019-09-10 00:00:00,2020-09-08 00:00:00,True,0,0.55,0.7,0.06,0.85,0.15,0.12,4.368072532638763,True,,2.1563417336278317,3.233984521181844,-0.10397821789032402,4.693210224181799,0.10317460317460317,0.0,0.0,0.37545681793454394,0.0,0.0,True,8.95373299150324
2020-10-14 00:00:00,1960,2019-09-17 00:00:00,2020-09-15 00:00:00,True,0,0.55,0.7,0.06,0.85,0.15,0.12,4.329794012577303,True,,2.145901879701285,3.2474707370160973,-0.1039782178903238,5.176055709210749,0.10317460317460317,0.0,0.0,0.4140844567368599,0.0,0.0,True,8.95373299150324
2020-10-21 00:00:00,1965,2019-09-24 00:00:00,2020-09-22 00:00:00,True,0,0.55,0.7,0.06,0.85,0.15,0.12,4.350921981777587,True,,2.165550685189828,3.27085299270683,-0.10397821789032435,5.3913887197213075,0.10317460317460317,0.0,0.0,0.4313110975777046,0.0,0.0,True,8.95373299150324
2020-10-28 00:00:00,1970,2019-10-01 00:00:00,2020-09-29 00:00:00,True,0,0.55,0.7,0.06,0.85,0.15,0.12,5.146158289073152,True,,2.4986124669462484,3.8467232835789553,-0.10397821789032358,5.372910059203263,0.08333333333333333,0.0,0.0,0.429832804736261,0.0,0.0,True,8.95373299150324
2020-11-04 00:00:00,1975,2019-10-08 00:00:00,2020-10-06 00:00:00,True,0,0.55,0.7,0.06,0.85,0.15,0.12,4.869691827449893,True,,2.391678997539165,3.6507952863704087,-0.1039782178903238,5.532792489819996,0.07936507936507936,0.0,0.0,0.4426233991855997,0.0,0.0,True,8.95373299150324
2020-11-11 00:00:00,1980,2019-10-15 00:00:00,2020-10-13 00:00:00,True,0,0.55,0.7,0.06,0.85,0.15,0.12,4.910858096656456,True,,2.3849224237439093,3.6730703668970057,-0.10397821789032391,5.156507757563228,0.07936507936507936,0.0,0.0,0.41252062060505823,0.0,0.0,True,8.95373299150324
2020-11-18 00:00:00,1985,2019-10-22 00:00:00,2020-10-20 00:00:00,True,0,0.55,0.7,0.06,0.85,0.15,0.12,4.689938516875415,True,,2.2947528760982685,3.5096328267277546,-0.10397821789032402,5.156507757563228,0.07936507936507936,0.0,0.0,0.41252062060505823,0.0,0.0,True,8.95373299150324
2020-11-25 00:00:00,1990,2019-10-29 00:00:00,2020-10-27 00:00:00,True,0,0.55,0.7,0.06,0.85,0.15,0.12,3.95069937630764,True,,1.9989554105921523,2.980956645247175,-0.10592189428772991,5.41276688102816,0.07936507936507936,0.0,0.0,0.4330213504822528,0.0,0.0,True,8.95373299150324
2020-12-03 00:00:00,1995,2019-11-05 00:00:00,2020-11-03 00:00:00,True,0,0.55,0.7,0.06,0.85,0.15,0.12,4.060625131893223,True,,2.0368646082941972,3.1019183443208815,-0.10592189428772969,5.722176898220985,0.07936507936507936,0.0,0.0,0.4577741518576788,0.0,0.0,True,8.95373299150324
2020-12-10 00:00:00,2000,2019-11-12 00:00:00,2020-11-10 00:00:00,True,0,0.55,0.7,0.06,0.85,0.15,0.12,3.769281559986429,True,,1.9288882597888892,2.9361973300712156,-0.10592189428772958,6.357057048242909,0.07936507936507936,0.0,0.0,0.5085645638594327,0.0,0.0,True,8.95373299150324
2020-12-17 00:00:00,2005,2019-11-19 00:00:00,2020-11-17 00:00:00,True,0,0.55,0.7,0.06,0.85,0.15,0.12,3.859583835101919,True,,1.9716640989421013,3.0152563714216245,-0.10592189428772991,6.553567012218522,0.06746031746031746,0.0,0.0,0.5242853609774818,0.0,0.0,True,8.95373299150324
2020-12-24 00:00:00,2010,2019-11-26 00:00:00,2020-11-24 00:00:00,True,0,0.55,0.7,0.06,0.85,0.15,0.12,3.8465874130284767,True,,1.9593673866654944,2.9950959099561367,-0.10592189428772947,6.36070877002409,0.051587301587301584,0.0,0.0,0.5088567016019272,0.0,0.0,True,8.95373299150324
2021-01-04 00:00:00,2015,2019-12-04 00:00:00,2020-12-02 00:00:00,True,0,0.55,0.7,0.06,0.85,0.15,0.12,4.349397792941598,True,,2.1618302676411463,3.4129782174795147,-0.10397821789032391,6.785188108539492,0.03571428571428571,0.0,0.0,0.5428150486831593,0.0,0.0,True,8.95373299150324
2021-01-11 00:00:00,2020,2019-12-11 00:00:00,2020-12-09 00:00:00,True,0,0.55,0.7,0.06,0.85,0.15,0.12,3.8981729730706407,True,,1.986361117369423,3.1097858313629576,-0.10397821789032369,6.825210117364362,0.015873015873015872,1.0,0.0,0.546016809389149,0.0,0.03,True,8.95373299150324
2021-01-19 00:00:00,2025,2019-12-18 00:00:00,2020-12-16 00:00:00,True,0,0.55,0.7,0.06,0.85,0.15,0.12,3.915974879643874,True,,1.9931854105441378,3.0713935737841567,-0.10592189428773036,6.679067374094865,0.0,0.0,0.0,0.5343253899275893,0.0,0.0,True,8.95373299150324
2021-01-26 00:00:00,2030,2019-12-26 00:00:00,2020-12-23 00:00:00,True,0,0.55,0.7,0.06,0.85,0.15,0.12,3.839487653694733,True,,1.9567201079826577,3.016487171251929,-0.10592189428772947,6.630277391118353,0.0,0.0,0.0,0.5304221912894682,0.0,0.0,True,8.95373299150324
2021-02-02 00:00:00,2035,2020-01-03 00:00:00,2020-12-31 00:00:00,True,0,0.55,0.7,0.06,0.85,0.15,0.12,3.6670367439783673,True,,1.8888561122239345,2.8833319191714244,-0.10592189428772991,6.606061294783839,0.0,0.0,0.0,0.528484903582707,0.0,0.0,True,8.95373299150324
2021-02-09 00:00:00,2040,2020-01-10 00:00:00,2021-01-08 00:00:00,True,0,0.55,0.7,0.06,0.85,0.15,0.12,3.4123566523418085,True,,1.7551605901273872,2.720313955718375,-0.10397821789032402,6.488188779503483,0.0,0.0,0.0,0.5190551023602786,0.0,0.0,True,8.95373299150324
2021-02-17 00:00:00,2045,2020-01-17 00:00:00,2021-01-15 00:00:00,True,0,0.55,0.7,0.06,0.85,0.15,0.12,3.773310604279494,True,,1.870660522701196,2.9944851133638544,-0.10252389220128777,6.161725113909828,0.0,0.0,0.0,0.49293800911278624,0.0,0.0,True,8.95373299150324
2021-02-24 00:00:00,2050,2020-01-27 00:00:00,2021-01-25 00:00:00,True,0,0.55,0.7,0.06,0.85,0.15,0.12,3.6587202639030205,True,,1.8188436446474854,2.916018285460402,-0.10252389220128777,6.161725113909828,0.0,0.0,0.0,0.49293800911278624,0.0,0.0,True,8.95373299150324
2021-03-03 00:00:00,2055,2020-02-03 00:00:00,2021-02-01 00:00:00,True,0,0.55,0.7,0.06,0.85,0.15,0.12,3.5421020611236846,True,,1.769323368253096,2.849624793518022,-0.1025238922012881,6.336514274297855,0.0,0.0,0.0,0.5069211419438284,0.0,0.0,True,8.95373299150324
2021-03-10 00:00:00,2060,2020-02-10 00:00:00,2021-02-08 00:00:00,True,0,0.55,0.7,0.06,0.85,0.15,0.12,3.53912008084664,True,,1.768741414678617,2.846624760139815,-0.10252389220128777,6.336514274297854,0.0,0.0,0.0,0.5069211419438283,0.0,0.0,True,8.95373299150324
2021-03-17 00:00:00,2065,2020-02-18 00:00:00,2021-02-16 00:00:00,True,0,0.55,0.7,0.06,0.85,0.15,0.12,3.3552992380029254,True,,1.647660899060697,2.768199351107571,-0.09696054052628467,6.336514274297854,0.0,0.0,0.0,0.5069211419438283,0.0,0.0,True,8.95373299150324
2021-03-24 00:00:00,2070,2020-02-25 00:00:00,2021-02-23 00:00:00,True,0,0.55,0.7,0.06,0.85,0.15,0.12,3.8016367814999095,True,,1.748321448395064,3.2002955938108424,-0.08964148432491359,6.336514274297854,0.0,0.0,0.0,0.5069211419438283,0.0,0.0,True,8.95373299150324
2021-03-31 00:00:00,2075,2020-03-03 00:00:00,2021-03-02 00:00:00,True,0,0.55,0.7,0.06,0.85,0.15,0.12,3.295267835145972,True,,1.5439061401092429,2.8160477934933024,-0.0896414843249137,6.268456746973918,0.0,0.0,0.0,0.5014765397579134,0.0,0.0,True,8.95373299150324
2021-04-08 00:00:00,2080,2020-03-10 00:00:00,2021-03-09 00:00:00,True,0,0.55,0.7,0.06,0.85,0.15,0.12,4.24801684884146,True,,1.8917068873879963,3.642135292710703,-0.08964148432491414,6.967478408938727,0.0,0.0,0.0,0.5573982727150982,0.0,0.0,True,8.95373299150324
2021-04-15 00:00:00,2085,2020-03-17 00:00:00,2021-03-16 00:00:00,True,0,0.55,0.7,0.06,0.85,0.15,0.12,4.26864089108084,True,,1.9119404908426758,3.6916122173860715,-0.08964148432491348,7.4573671708836695,0.0,0.0,0.0,0.5965893736706935,0.0,0.0,True,8.95373299150324
2021-04-22 00:00:00,2090,2020-03-24 00:00:00,2021-03-23 00:00:00,True,0,0.55,0.7,0.06,0.85,0.15,0.12,3.835241757183822,True,,1.755818822475321,3.3450153854739932,-0.08964148432491359,7.4573671708836695,0.0,0.0,0.0,0.5965893736706935,0.0,0.0,True,8.95373299150324
2021-04-29 00:00:00,2095,2020-03-31 00:00:00,2021-03-30 00:00:00,True,0,0.55,0.7,0.06,0.85,0.15,0.12,4.148781836259094,True,,1.864198378433275,3.607112838149035,-0.08964148432491326,7.513835158667616,0.0,0.0,0.0,0.6011068126934093,0.0,0.0,True,8.95373299150324
2021-05-06 00:00:00,2100,2020-04-07 00:00:00,2021-04-07 00:00:00,True,0,0.55,0.7,0.06,0.85,0.15,0.12,4.433451907735741,True,,1.96354140980382,3.8356694458999514,-0.08964148432491392,7.482813234850521,0.0,0.0,0.0,0.5986250587880417,0.0,0.0,True,8.95373299150324
2021-05-13 00:00:00,2105,2020-04-15 00:00:00,2021-04-14 00:00:00,True,0,0.55,0.7,0.06,0.85,0.15,0.12,4.377132396677153,True,,1.9091695665465027,3.740048923564391,-0.08964148432491392,6.550953859010784,0.0,0.0,0.0,0.5240763087208627,0.0,0.0,True,8.95373299150324
2021-05-20 00:00:00,2110,2020-04-22 00:00:00,2021-04-21 00:00:00,True,0,0.55,0.7,0.06,0.85,0.15,0.12,4.405882777091287,True,,1.9184918698990852,3.753455969677159,-0.08964148432491292,6.442173356869077,0.0,0.0,0.0,0.5153738685495262,0.0,0.0,True,8.95373299150324
2021-05-27 00:00:00,2115,2020-04-29 00:00:00,2021-04-28 00:00:00,True,0,0.55,0.7,0.06,0.85,0.15,0.12,4.0466050328787215,True,,1.7865337810302757,3.4233637026264914,-0.08964148432491315,5.982746378159347,0.0,0.0,0.0,0.4786197102527478,0.0,0.0,True,8.95373299150324
2021-06-04 00:00:00,2120,2020-05-06 00:00:00,2021-05-05 00:00:00,True,0,0.55,0.7,0.06,0.85,0.15,0.12,3.7457045880395627,True,,1.6797999152072878,3.1744836402863124,-0.08964148432491403,5.92102799245969,0.007936507936507936,0.0,0.0,0.47368223939677523,0.0,0.0,True,8.95373299150324
2021-06-11 00:00:00,2125,2020-05-13 00:00:00,2021-05-12 00:00:00,True,0,0.55,0.7,0.06,0.85,0.15,0.12,3.3501247404280585,True,,1.5212226999855913,2.8829943291515763,-0.08964148432491414,5.968667785984927,0.023809523809523808,0.0,0.0,0.47749342287879415,0.0,0.0,True,8.95373299150324
2021-06-18 00:00:00,2130,2020-05-20 00:00:00,2021-05-19 00:00:00,True,0,0.55,0.7,0.06,0.85,0.15,0.12,3.015289985215114,True,,1.3982152230948068,2.613738938648621,-0.08964148432491414,5.9239548599823735,0.04365079365079365,0.0,0.0,0.4739163887985899,0.0,0.0,True,8.95373299150324
2021-06-25 00:00:00,2135,2020-05-28 00:00:00,2021-05-26 00:00:00,True,0,0.55,0.7,0.06,0.85,0.15,0.12,3.0613299835722034,True,,1.4150880105980799,2.6625218308391996,-0.08964148432491348,6.0471936462154465,0.06349206349206349,0.0,0.0,0.4837754916972357,0.0,0.0,True,8.95373299150324
2021-07-02 00:00:00,2140,2020-06-04 00:00:00,2021-06-03 00:00:00,True,0,0.55,0.7,0.06,0.85,0.15,0.12,2.8963209092934408,True,,1.3557976397126623,2.5303734515975176,-0.08964148432491403,6.0471936462154465,0.08333333333333333,0.0,0.0,0.4837754916972357,0.0,0.0,True,8.95373299150324
2021-07-12 00:00:00,2145,2020-06-11 00:00:00,2021-06-10 00:00:00,True,0,0.55,0.7,0.06,0.85,0.15,0.12,3.489161922971668,True,,1.5886902726334189,2.956243635130586,-0.08964148432491403,5.806540722077747,0.09523809523809523,0.0,0.0,0.4645232577662198,0.0,0.0,True,8.95373299150324
2021-07-19 00:00:00,2150,2020-06-18 00:00:00,2021-06-17 00:00:00,True,0,0.55,0.7,0.06,0.85,0.15,0.12,3.051121300892177,True,,1.4273532753415643,2.610364104146041,-0.08964148432491392,5.806540722077747,0.09523809523809523,0.0,0.0,0.4645232577662198,0.0,0.0,True,8.95373299150324
2021-07-26 00:00:00,2155,2020-06-25 00:00:00,2021-06-24 00:00:00,True,0,0.55,0.7,0.06,0.85,0.15,0.12,3.6619360913318824,True,,1.659562159392583,3.083621487131899,-0.08964148432491392,5.806540722077747,0.09523809523809523,0.0,0.0,0.4645232577662198,0.0,0.0,True,8.95373299150324
2021-08-02 00:00:00,2160,2020-07-02 00:00:00,2021-07-01 00:00:00,True,0,0.55,0.7,0.06,0.85,0.15,0.12,3.0474351457345934,True,,1.441808975106095,2.5876867854933976,-0.0896414843249137,5.806540722077747,0.09523809523809523,0.0,0.0,0.4645232577662198,0.0,0.0,True,8.95373299150324
2021-08-09 00:00:00,2165,2020-07-10 00:00:00,2021-07-09 00:00:00,True,0,0.55,0.7,0.06,0.85,0.15,0.12,3.127400174939715,True,,1.4774080834337167,2.6431441865902725,-0.08964148432491303,5.806540722077747,0.09523809523809523,0.0,0.0,0.4645232577662198,0.0,0.0,True,8.95373299150324
2021-08-16 00:00:00,2170,2020-07-17 00:00:00,2021-07-16 00:00:00,True,0,0.55,0.7,0.06,0.85,0.15,0.12,2.596903674209184,True,,1.2799753669363432,2.226814456298826,-0.08964148432491414,5.806540722077747,0.09523809523809523,0.0,0.0,0.4645232577662198,0.0,0.0,True,8.95373299150324
2021-08-23 00:00:00,2175,2020-07-24 00:00:00,2021-07-23 00:00:00,True,0,0.55,0.7,0.06,0.85,0.15,0.12,3.166198445675588,True,,1.5027604746805152,2.6599515359516155,-0.08964148432491426,5.806540722077747,0.09523809523809523,0.0,0.0,0.4645232577662198,0.0,0.0,True,8.95373299150324
2021-08-30 00:00:00,2180,2020-07-31 00:00:00,2021-07-30 00:00:00,True,0,0.55,0.7,0.06,0.85,0.15,0.12,2.8182675522514,True,,1.388939362734695,2.330938806942729,-0.09311357219724026,5.44278570046848,0.09523809523809523,0.0,0.0,0.43542285603747843,0.0,0.0,True,8.95373299150324
2021-09-07 00:00:00,2185,2020-08-07 00:00:00,2021-08-06 00:00:00,True,0,0.55,0.7,0.06,0.85,0.15,0.12,2.7677482705541614,True,,1.3711451577886833,2.2900324610036957,-0.09311357219724015,5.44278570046848,0.09523809523809523,0.0,0.0,0.43542285603747843,0.0,0.0,True,8.95373299150324
2021-09-14 00:00:00,2190,2020-08-14 00:00:00,2021-08-13 00:00:00,True,0,0.55,0.7,0.06,0.85,0.15,0.12,2.535335380228953,True,,1.2873203342302173,2.104297377545268,-0.09311357219723981,5.44278570046848,0.09523809523809523,0.0,0.0,0.43542285603747843,0.0,0.0,True,8.95373299150324
2021-09-21 00:00:00,2195,2020-08-21 00:00:00,2021-08-20 00:00:00,True,0,0.55,0.7,0.06,0.85,0.15,0.12,2.455847147799632,True,,1.2608577743676623,2.058450659707491,-0.09311357219724026,5.64713942917529,0.09523809523809523,0.0,0.0,0.4517711543340232,0.0,0.0,True,8.95373299150324
2021-09-28 00:00:00,2200,2020-08-28 00:00:00,2021-08-27 00:00:00,True,0,0.55,0.7,0.06,0.85,0.15,0.12,2.1886330932709073,True,,1.1557232911198803,1.855851195606313,-0.09311357219724004,5.64713942917529,0.09523809523809523,0.0,0.0,0.4517711543340232,0.0,0.0,True,8.95373299150324
2021-10-05 00:00:00,2205,2020-09-04 00:00:00,2021-09-03 00:00:00,True,0,0.55,0.7,0.06,0.85,0.15,0.12,3.6241720888202065,True,,1.7010650912168996,2.9685976899216624,-0.08441259845073279,5.64713942917529,0.09523809523809523,0.0,0.0,0.4517711543340232,0.0,0.0,True,8.95373299150324
2021-10-12 00:00:00,2210,2020-09-14 00:00:00,2021-09-13 00:00:00,True,0,0.55,0.7,0.06,0.85,0.15,0.12,3.1260927995784074,True,,1.5239869914359159,2.567346203095643,-0.08441259845073279,5.64713942917529,0.09523809523809523,0.0,0.0,0.4517711543340232,0.0,0.0,True,8.95373299150324
2021-10-19 00:00:00,2215,2020-09-21 00:00:00,2021-09-20 00:00:00,True,0,0.55,0.7,0.06,0.85,0.15,0.12,3.0734442225094463,True,,1.4988076317722951,2.5339943415644064,-0.08441259845073323,5.6569860314296765,0.09523809523809523,0.0,0.0,0.45255888251437415,0.0,0.0,True,8.95373299150324
2021-10-26 00:00:00,2220,2020-09-28 00:00:00,2021-09-27 00:00:00,True,0,0.55,0.7,0.06,0.85,0.15,0.12,2.569008708137125,True,,1.2723450701415864,2.12643488347223,-0.08441259845073257,5.056053359778065,0.09523809523809523,0.0,0.0,0.4044842687822452,0.0,0.0,True,8.95373299150324
2021-11-02 00:00:00,2225,2020-10-05 00:00:00,2021-10-04 00:00:00,True,0,0.55,0.7,0.06,0.85,0.15,0.12,2.6345789627076224,True,,1.2918415116966409,2.1688597894230752,-0.08441259845073246,4.904379756593485,0.09523809523809523,0.0,0.0,0.39235038052747884,0.0,0.0,True,8.95373299150324
2021-11-09 00:00:00,2230,2020-10-12 00:00:00,2021-10-11 00:00:00,True,0,0.55,0.7,0.06,0.85,0.15,0.12,2.007228580684471,True,,1.024959946885932,1.6577258644851398,-0.08441259845073257,4.298900722369666,0.09523809523809523,0.0,0.0,0.3439120577895733,0.0,0.0,True,8.95373299150324
2021-11-16 00:00:00,2235,2020-10-19 00:00:00,2021-10-18 00:00:00,True,0,0.55,0.7,0.06,0.85,0.15,0.12,2.9837896817962535,True,,1.41971958321565,2.405161301249602,-0.08441259845073257,4.500736780238474,0.09523809523809523,0.0,0.0,0.3600589424190779,0.0,0.0,True,8.95373299150324
2021-11-23 00:00:00,2240,2020-10-26 00:00:00,2021-10-25 00:00:00,True,0,0.55,0.7,0.06,0.85,0.15,0.12,3.283194560830113,True,,1.5376945695313777,2.6319486671472663,-0.0844125984507329,4.500736780238474,0.09523809523809523,0.0,0.0,0.3600589424190779,0.0,0.0,True,8.95373299150324
2021-12-01 00:00:00,2245,2020-11-02 00:00:00,2021-11-01 00:00:00,True,0,0.55,0.7,0.06,0.85,0.15,0.12,4.20491611947854,True,,1.9166554296345508,3.3103995403288327,-0.08441259845073246,4.500736780238474,0.09523809523809523,0.0,0.0,0.3600589424190779,0.0,0.0,True,8.95373299150324
2021-12-08 00:00:00,2250,2020-11-09 00:00:00,2021-11-08 00:00:00,True,0,0.55,0.7,0.06,0.85,0.15,0.12,4.038096498082596,True,,1.8334764552245386,3.1204976905829795,-0.0844125984507329,2.897226370104077,0.09523809523809523,2.0,0.0,0.23177810960832618,0.0,0.06,True,8.95373299150324
2021-12-15 00:00:00,2255,2020-11-16 00:00:00,2021-11-15 00:00:00,True,0,0.55,0.7,0.06,0.85,0.15,0.12,4.018950205589167,True,,1.805635789877689,3.0618053064704855,-0.08441259845073323,2.9516228683113765,0.09523809523809523,0.0,0.0,0.23612982946491012,0.0,0.0,True,8.95373299150324
2021-12-22 00:00:00,2260,2020-11-23 00:00:00,2021-11-22 00:00:00,True,0,0.55,0.7,0.06,0.85,0.15,0.12,3.9459378511855956,True,,1.7757930248824687,3.007843319710046,-0.08441259845073268,2.951622868311377,0.09523809523809523,0.0,0.0,0.23612982946491015,0.0,0.0,True,8.95373299150324
2021-12-30 00:00:00,2265,2020-12-01 00:00:00,2021-11-30 00:00:00,True,0,0.55,0.7,0.06,0.85,0.15,0.12,3.1953738674833536,True,,1.4639178937929955,2.4594822539440853,-0.08441259845073257,2.951622868311377,0.09523809523809523,0.0,0.0,0.23612982946491015,0.0,0.0,True,8.95373299150324
2022-01-06 00:00:00,2270,2020-12-08 00:00:00,2021-12-07 00:00:00,True,0,0.55,0.7,0.06,0.85,0.15,0.12,3.340040491032931,True,,1.534034094120535,2.629399696903397,-0.08441259845073246,2.968917007629024,0.11507936507936507,2.0,0.0,0.2375133606103219,0.0,0.06,True,8.95373299150324
2022-01-13 00:00:00,2275,2020-12-15 00:00:00,2021-12-14 00:00:00,True,0,0.55,0.7,0.06,0.85,0.15,0.12,2.670845480070621,True,,1.2557279425886936,2.142578511733687,-0.08441259845073246,2.9868158988127798,0.11507936507936507,2.0,0.0,0.23894527190502238,0.0,0.06,True,8.95373299150324
2022-01-21 00:00:00,2280,2020-12-22 00:00:00,2021-12-21 00:00:00,True,0,0.55,0.7,0.06,0.85,0.15,0.12,3.059190663176608,True,,1.3867823967381872,2.4289045405758114,-0.08441259845073279,3.3839420752778553,0.11507936507936507,0.0,0.0,0.27071536602222845,0.0,0.0,True,8.95373299150324
2022-01-28 00:00:00,2285,2020-12-30 00:00:00,2021-12-29 00:00:00,True,0,0.55,0.7,0.06,0.85,0.15,0.12,2.708331494589979,True,,1.2640940036023933,2.1807798374487635,-0.08441259845073257,3.754829737142816,0.11507936507936507,0.0,0.0,0.3003863789714253,0.0,0.0,True,8.95373299150324
2022-02-04 00:00:00,2290,2021-01-07 00:00:00,2022-01-05 00:00:00,True,0,0.55,0.7,0.06,0.85,0.15,0.12,1.780363314106524,True,,0.8950057901717681,1.4761549706519452,-0.0844125984507329,3.6945806573350026,0.11507936507936507,0.0,0.0,0.2955664525868002,0.0,0.0,True,8.95373299150324
2022-02-11 00:00:00,2295,2021-01-14 00:00:00,2022-01-12 00:00:00,True,0,0.55,0.7,0.06,0.85,0.15,0.12,2.088280552375217,True,,1.007090049711142,1.69648673977951,-0.08430347645347847,3.449986114494161,0.13095238095238096,0.0,0.0,0.27599888915953286,0.0,0.0,True,8.95373299150324
2022-02-18 00:00:00,2300,2021-01-22 00:00:00,2022-01-20 00:00:00,True,0,0.55,0.7,0.06,0.85,0.15,0.12,0.3976356174193694,True,,0.38577773144546984,0.4416666876143537,-0.1048711297923629,4.268443301469793,0.1388888888888889,0.0,0.0,0.3414754641175834,0.0,0.0,True,8.95373299150324
2022-02-28 00:00:00,2305,2021-01-29 00:00:00,2022-01-27 00:00:00,True,0,0.55,0.7,0.06,0.85,0.15,0.12,0.5219939592272369,True,,0.4894422507182796,0.5084290300640931,-0.12058463418888465,4.677393944278965,0.1388888888888889,0.0,0.0,0.37419151554231717,0.0,0.0,True,8.95373299150324
2022-03-07 00:00:00,2310,2021-02-05 00:00:00,2022-02-03 00:00:00,True,0,0.55,0.7,0.06,0.85,0.15,0.12,0.01781795332942193,True,,0.24655053525294332,0.21010440460816612,-0.1205846341888841,4.9602013201256785,0.1388888888888889,0.0,0.0,0.3968161056100543,0.0,0.0,True,8.95373299150324
2022-03-14 00:00:00,2315,2021-02-12 00:00:00,2022-02-10 00:00:00,True,0,0.55,0.7,0.06,0.85,0.15,0.12,-0.18491607063204493,True,,0.1609656271034735,0.10894781994944788,-0.11867870850526363,4.662999421188459,0.1388888888888889,2.0,0.0,0.37303995369507675,0.0,0.06,True,8.95373299150324
2022-03-21 00:00:00,2320,2021-02-22 00:00:00,2022-02-17 00:00:00,True,0,0.55,0.7,0.06,0.85,0.15,0.12,0.2508027310901714,True,,0.38333092740927627,0.38212615815777523,-0.11867870850526341,4.727864035566563,0.1388888888888889,2.0,0.0,0.37822912284532506,0.0,0.06,True,8.95373299150324
2022-03-28 00:00:00,2325,2021-03-01 00:00:00,2022-02-25 00:00:00,True,0,0.55,0.7,0.06,0.85,0.15,0.12,0.5231410382331803,True,,0.5345084315759014,0.533613215538088,-0.12322590982047954,4.728224572164896,0.1388888888888889,2.0,0.0,0.3782579657731917,0.0,0.06,True,8.95373299150324
2022-04-04 00:00:00,2330,2021-03-08 00:00:00,2022-03-04 00:00:00,True,0,0.55,0.7,0.06,0.85,0.15,0.12,0.5780821325752388,True,,0.5754496996264009,0.5531412767772904,-0.12322590982047987,4.748507355912432,0.1388888888888889,2.0,0.0,0.37988058847299455,0.0,0.06,True,8.95373299150324
2022-04-11 00:00:00,2335,2021-03-15 00:00:00,2022-03-11 00:00:00,True,0,0.55,0.7,0.06,0.85,0.15,0.12,0.43103074899327426,True,,0.4512485726666362,0.38735055765693865,-0.13332213073361854,3.3762283724864104,0.1388888888888889,2.0,0.0,0.2700982697989128,0.0,0.06,True,8.95373299150324
2022-04-19 00:00:00,2340,2021-03-22 00:00:00,2022-03-18 00:00:00,True,0,0.55,0.7,0.06,0.85,0.15,0.12,0.5825568214287355,True,,0.5453002877769549,0.47577226187666416,-0.13332213073361854,3.5420159481193845,0.1388888888888889,2.0,0.0,0.2833612758495508,0.0,0.06,True,8.95373299150324
2022-04-26 00:00:00,2345,2021-03-29 00:00:00,2022-03-25 00:00:00,True,0,0.55,0.7,0.06,0.85,0.15,0.12,0.8790699671772759,True,,0.733321759521456,0.6678746128972932,-0.13332213073361932,4.1068935332751835,0.1388888888888889,2.0,0.0,0.32855148266201467,0.0,0.06,True,8.95373299150324
2022-05-03 00:00:00,2350,2021-04-06 00:00:00,2022-04-01 00:00:00,True,0,0.55,0.7,0.06,0.85,0.15,0.12,0.029240650926970424,True,,0.2797067534144775,0.21113098569901456,-0.13332213073361898,4.492136138083984,0.1388888888888889,2.0,0.0,0.3593708910467187,0.0,0.06,True,8.95373299150324
2022-05-10 00:00:00,2355,2021-04-13 00:00:00,2022-04-08 00:00:00,True,0,0.55,0.7,0.06,0.85,0.15,0.12,-0.7462240143032675,True,,-0.1779453818759641,-0.18551605185634915,-0.16641357884768349,4.498322386777801,0.1388888888888889,2.0,0.0,0.3598657909422241,0.0,0.06,True,8.95373299150324
2022-05-17 00:00:00,2360,2021-04-20 00:00:00,2022-04-18 00:00:00,True,0,0.55,0.7,0.06,0.85,0.15,0.12,-0.8876327331007643,True,,-0.29059325074312486,-0.26385549630466987,-0.1694322972890564,4.449438566423793,0.1388888888888889,1.0,0.0,0.35595508531390346,0.0,0.03,True,8.95373299150324
2022-05-24 00:00:00,2365,2021-04-27 00:00:00,2022-04-25 00:00:00,True,0,0.55,0.7,0.06,0.85,0.15,0.12,-1.1764755230629145,True,,-0.45027703140371184,-0.3430205464925714,-0.18976383372005545,5.272275680814318,0.1388888888888889,1.0,0.0,0.4217820544651455,0.0,0.03,True,8.95373299150324
2022-06-01 00:00:00,2370,2021-05-04 00:00:00,2022-05-02 00:00:00,True,0,0.55,0.7,0.06,0.85,0.15,0.12,-0.8294525631970283,True,,-0.2459517435629352,-0.20493450779367836,-0.19489735581986112,4.86941516748938,0.1388888888888889,1.0,0.0,0.3895532133991504,0.0,0.03,True,8.95373299150324
2022-06-08 00:00:00,2375,2021-05-11 00:00:00,2022-05-09 00:00:00,True,0,0.55,0.7,0.06,0.85,0.15,0.12,-0.8087067527651739,True,,-0.23206074910079627,-0.18147084150441875,-0.2065987602834206,5.018366630760532,0.11904761904761904,1.0,0.0,0.4014693304608426,0.0,0.03,True,8.95373299150324
2022-06-15 00:00:00,2380,2021-05-18 00:00:00,2022-05-16 00:00:00,True,0,0.55,0.7,0.06,0.85,0.15,0.12,-0.9547182626880921,True,,-0.3322279229146721,-0.2377410028992972,-0.2065987602834214,5.0287192181747775,0.10317460317460317,1.0,0.0,0.4022975374539822,0.0,0.03,True,8.95373299150324
2022-06-23 00:00:00,2385,2021-05-25 00:00:00,2022-05-23 00:00:00,True,0,0.55,0.7,0.06,0.85,0.15,0.12,-1.1702495763049254,True,,-0.46433143469157334,-0.31165221358913686,-0.2065987602834214,5.332454634275533,0.08333333333333333,1.0,0.0,0.42659637074204265,0.0,0.03,True,8.95373299150324
2022-06-30 00:00:00,2390,2021-06-02 00:00:00,2022-05-31 00:00:00,True,0,0.55,0.7,0.06,0.85,0.15,0.12,-0.9628951475844648,True,,-0.306674322663194,-0.22129800366069785,-0.20530838409384722,4.864780274908907,0.06349206349206349,3.0,0.0,0.3891824219927126,0.0,0.09,True,8.95373299150324
2022-07-08 00:00:00,2395,2021-06-09 00:00:00,2022-06-07 00:00:00,True,0,0.55,0.7,0.06,0.85,0.15,0.12,-1.517290349245629,True,,-0.6788257269459451,-0.4278868072667439,-0.20711214511302667,5.0769397060786075,0.14285714285714285,3.0,0.0,0.4061551764862886,0.0,0.09,True,8.95373299150324
2022-07-15 00:00:00,2400,2021-06-16 00:00:00,2022-06-14 00:00:00,True,0,0.55,0.7,0.06,0.85,0.15,0.12,-2.0004774189254904,True,,-1.073579418629217,-0.568981555218082,-0.23956172446696045,5.5214094515225955,0.04365079365079365,1.0,0.0,0.44171275612180766,0.0,0.03,True,8.95373299150324
2022-07-22 00:00:00,2405,2021-06-23 00:00:00,2022-06-22 00:00:00,True,0,0.55,0.7,0.06,0.85,0.15,0.12,-1.9015364944439477,True,,-0.9917528432758133,-0.5293138053066926,-0.23956172446696034,5.704157586534756,0.04365079365079365,1.0,0.0,0.4563326069227805,0.0,0.03,True,8.95373299150324
2022-07-29 00:00:00,2410,2021-06-30 00:00:00,2022-06-29 00:00:00,True,0,0.55,0.7,0.06,0.85,0.15,0.12,-1.9744374612876945,True,,-1.0444137796521886,-0.5532841682690353,-0.23956172446695967,5.71745433775347,0.04365079365079365,1.0,0.0,0.4573963470202776,0.0,0.03,True,8.95373299150324
2022-08-05 00:00:00,2415,2021-07-08 00:00:00,2022-07-07 00:00:00,True,0,0.55,0.7,0.06,0.85,0.15,0.12,-2.164666139921493,True,,-1.1857851418514502,-0.6152878875294093,-0.2395617244669601,5.708133600581444,0.04365079365079365,1.0,0.0,0.45665068804651554,0.0,0.03,True,8.95373299150324
2022-08-12 00:00:00,2420,2021-07-15 00:00:00,2022-07-14 00:00:00,True,0,0.55,0.7,0.06,0.85,0.15,0.12,-2.073615272083222,True,,-1.1073028564202718,-0.5793592088388467,-0.23956172446695978,5.910313107398414,0.04365079365079365,1.0,0.0,0.47282504859187313,0.0,0.03,True,8.95373299150324
2022-08-19 00:00:00,2425,2021-07-22 00:00:00,2022-07-21 00:00:00,True,0,0.55,0.7,0.06,0.85,0.15,0.12,-2.280038422528357,True,,-1.2345417248734447,-0.63458698208938,-0.2395617244669599,6.347838899792608,0.04365079365079365,1.0,0.0,0.5078271119834087,0.0,0.03,True,8.95373299150324
2022-08-26 00:00:00,2430,2021-07-29 00:00:00,2022-07-28 00:00:00,True,0,0.55,0.7,0.06,0.85,0.15,0.12,-1.8553773427182094,True,,-0.9191321315934472,-0.4984496677340099,-0.23956172446696034,6.343568461719428,0.04365079365079365,1.0,0.0,0.5074854769375543,0.0,0.03,True,8.95373299150324
2022-09-02 00:00:00,2435,2021-08-05 00:00:00,2022-08-04 00:00:00,True,0,0.55,0.7,0.06,0.85,0.15,0.12,-1.9592835388375183,True,,-0.9581170627227383,-0.5208538052168716,-0.23956172446696,6.931042899266032,0.05555555555555555,1.0,0.0,0.5544834319412826,0.0,0.03,True,8.95373299150324
2022-09-12 00:00:00,2440,2021-08-12 00:00:00,2022-08-11 00:00:00,True,0,0.55,0.7,0.06,0.85,0.15,0.12,-1.6391967025669507,True,,-0.727827599287835,-0.41830745730188557,-0.23956172446696034,6.834039217970088,0.07539682539682539,1.0,0.0,0.546723137437607,0.0,0.03,True,8.95373299150324
2022-09-19 00:00:00,2445,2021-08-19 00:00:00,2022-08-18 00:00:00,True,0,0.55,0.7,0.06,0.85,0.15,0.12,-2.1352302508337844,True,,-1.0657586569297306,-0.5898870491091156,-0.23916805402102936,6.7195244327095125,0.09523809523809523,2.0,0.0,0.537561954616761,0.0,0.06,True,8.95373299150324
2022-09-26 00:00:00,2450,2021-08-26 00:00:00,2022-08-25 00:00:00,True,0,0.55,0.7,0.06,0.85,0.15,0.12,-2.512710461501114,True,,-1.3213901459556294,-0.7255774238102062,-0.23916805402103003,6.88572970621649,0.10317460317460317,2.0,0.0,0.5508583764973193,0.0,0.06,True,8.95373299150324
2022-10-03 00:00:00,2455,2021-09-02 00:00:00,2022-09-01 00:00:00,True,0,0.55,0.7,0.06,0.85,0.15,0.12,-2.9104277929718587,True,,-1.5807032053690253,-0.8467660325611696,-0.23916805402102892,7.403897019423724,0.10317460317460317,2.0,0.0,0.5923117615538979,0.0,0.06,True,8.95373299150324
2022-10-10 00:00:00,2460,2021-09-10 00:00:00,2022-09-09 00:00:00,True,0,0.55,0.7,0.06,0.85,0.15,0.12,-2.6903481490153434,True,,-1.431372166000075,-0.790340944900603,-0.2399111121315235,7.083790338684821,0.10317460317460317,2.0,0.0,0.5667032270947857,0.0,0.06,True,8.95373299150324
2022-10-17 00:00:00,2465,2021-09-17 00:00:00,2022-09-16 00:00:00,True,0,0.55,0.7,0.06,0.85,0.15,0.12,-2.6051281515261264,True,,-1.372967600183714,-0.7568216553095333,-0.2407310379194053,7.083790338684821,0.10317460317460317,2.0,0.0,0.5667032270947857,0.0,0.06,True,8.95373299150324
2022-10-24 00:00:00,2470,2021-09-24 00:00:00,2022-09-23 00:00:00,True,0,0.55,0.7,0.06,0.85,0.15,0.12,-2.9287542337968016,True,,-1.6566994238470119,-0.806689478568755,-0.26570859590081275,7.083790338684821,0.10317460317460317,2.0,0.0,0.5667032270947857,0.0,0.06,True,8.95373299150324
2022-10-31 00:00:00,2475,2021-10-01 00:00:00,2022-09-30 00:00:00,True,0,0.55,0.7,0.06,0.85,0.15,0.12,-2.355500805072454,True,,-1.2315079857126974,-0.6216119903312141,-0.26944078227330504,7.083790338684821,0.10317460317460317,2.0,0.0,0.5667032270947857,0.0,0.06,True,8.95373299150324
2022-11-07 00:00:00,2480,2021-10-08 00:00:00,2022-10-07 00:00:00,True,0,0.55,0.7,0.06,0.85,0.15,0.12,-2.7881325927315945,True,,-1.5649628425602644,-0.7455831538456809,-0.2768701109054603,7.083790338684821,0.10317460317460317,2.0,0.0,0.5667032270947857,0.0,0.06,True,8.95373299150324
2022-11-14 00:00:00,2485,2021-10-15 00:00:00,2022-10-14 00:00:00,True,0,0.55,0.7,0.06,0.85,0.15,0.12,-2.9194052474990935,True,,-1.6689689571076347,-0.7796663291208411,-0.2807894885513942,7.083790338684821,0.10317460317460317,2.0,0.0,0.5667032270947857,0.0,0.06,True,8.95373299150324
2022-11-21 00:00:00,2490,2021-10-22 00:00:00,2022-10-21 00:00:00,True,0,0.55,0.7,0.06,0.85,0.15,0.12,-2.8367155201345935,True,,-1.6036254967753443,-0.7579834953305794,-0.2807894885513941,7.083790338684821,0.10317460317460317,2.0,0.0,0.5667032270947857,0.0,0.06,True,8.95373299150324
2022-11-29 00:00:00,2495,2021-10-29 00:00:00,2022-10-28 00:00:00,True,0,0.55,0.7,0.06,0.85,0.15,0.12,-3.135724450344616,True,,-1.82504224695083,-0.8483515006536224,-0.28131975594855096,7.150012535886093,0.10317460317460317,2.0,0.0,0.5720010028708875,0.0,0.06,True,8.95373299150324
2022-12-06 00:00:00,2500,2021-11-05 00:00:00,2022-11-04 00:00:00,True,0,0.55,0.7,0.06,0.85,0.15,0.12,-3.433457058257175,True,,-2.0411376400090955,-0.9311968781961781,-0.28236117210435685,7.342023946139207,0.10317460317460317,2.0,0.0,0.5873619156911366,0.0,0.06,True,8.95373299150324
2022-12-13 00:00:00,2505,2021-11-12 00:00:00,2022-11-11 00:00:00,True,0,0.55,0.7,0.06,0.85,0.15,0.12,-2.8611147726763635,True,,-1.584090133088835,-0.786750140817233,-0.28238746558702,7.345306586671772,0.10317460317460317,2.0,0.0,0.5876245269337418,0.0,0.06,True,8.95373299150324
2022-12-20 00:00:00,2510,2021-11-19 00:00:00,2022-11-18 00:00:00,True,0,0.55,0.7,0.06,0.85,0.15,0.12,-3.026951432973278,True,,-1.7005722874465476,-0.8469250007794416,-0.27642279148536975,7.360489311289715,0.10317460317460317,2.0,0.0,0.5888391449031772,0.0,0.06,True,8.95373299150324
2022-12-28 00:00:00,2515,2021-11-29 00:00:00,2022-11-28 00:00:00,True,0,0.55,0.7,0.06,0.85,0.15,0.12,-2.7518369108114187,True,,-1.480246146071104,-0.7624291759859929,-0.2763106950355866,7.520592799393997,0.10317460317460317,2.0,0.0,0.6016474239515198,0.0,0.06,True,8.95373299150324
2023-01-05 00:00:00,2520,2021-12-06 00:00:00,2022-12-05 00:00:00,True,0,0.55,0.7,0.06,0.85,0.15,0.12,-3.1100606168081497,True,,-1.7484424933951164,-0.8605657857857065,-0.27631069503558614,7.664568684805847,0.09126984126984126,2.0,0.0,0.6131654947844678,0.0,0.06,True,8.95373299150324
2023-01-12 00:00:00,2525,2021-12-13 00:00:00,2022-12-12 00:00:00,True,0,0.55,0.7,0.06,0.85,0.15,0.12,-2.7965720998450094,True,,-1.5237700710585838,-0.7611316116701914,-0.2763106950355859,7.5487092431284015,0.08333333333333333,2.0,0.0,0.6038967394502721,0.0,0.06,True,8.95373299150324
2023-01-20 00:00:00,2530,2021-12-20 00:00:00,2022-12-19 00:00:00,True,0,0.55,0.7,0.06,0.85,0.15,0.12,-3.1465333397394852,True,,-1.777986846780505,-0.8607978733001808,-0.2763106950355858,7.748852428985448,0.08333333333333333,2.0,0.0,0.6199081943188359,0.0,0.06,True,8.95373299150324
2023-01-27 00:00:00,2535,2021-12-28 00:00:00,2022-12-27 00:00:00,True,0,0.55,0.7,0.06,0.85,0.15,0.12,-3.4263054326931788,True,,-1.9993164058262105,-0.9663438470221469,-0.2724930936647332,7.4239243656156315,0.08333333333333333,2.0,0.0,0.5939139492492506,0.0,0.06,True,8.95373299150324
2023-02-03 00:00:00,2540,2022-01-04 00:00:00,2023-01-04 00:00:00,True,0,0.55,0.7,0.06,0.85,0.15,0.12,-3.058116068097941,True,,-1.6787545298591793,-0.9010345919593343,-0.25007723751062494,7.481673308391177,0.08333333333333333,2.0,0.0,0.5985338646712942,0.0,0.06,True,8.95373299150324
2023-02-10 00:00:00,2545,2022-01-11 00:00:00,2023-01-11 00:00:00,True,0,0.55,0.7,0.06,0.85,0.15,0.12,-2.9214798907122685,True,,-1.5611400817217076,-0.8874376827781661,-0.23772949603850346,7.379870784600354,0.07539682539682539,2.0,0.0,0.5903896627680283,0.0,0.06,True,8.95373299150324
2023-02-17 00:00:00,2550,2022-01-19 00:00:00,2023-01-19 00:00:00,True,0,0.55,0.7,0.06,0.85,0.15,0.12,-2.2966192906517953,True,,-1.0538673027107193,-0.7287966051289256,-0.20557007239795833,7.496433797974197,0.05952380952380952,2.0,0.0,0.5997147038379358,0.0,0.06,True,8.95373299150324
2023-02-27 00:00:00,2555,2022-01-26 00:00:00,2023-01-26 00:00:00,True,0,0.55,0.7,0.06,0.85,0.15,0.12,-1.975158324221141,True,,-0.8245638920781058,-0.591459929739453,-0.20557007239795644,7.717831104393406,0.05952380952380952,2.0,0.0,0.6174264883514725,0.0,0.06,True,8.95373299150324
2023-03-06 00:00:00,2560,2022-02-02 00:00:00,2023-02-02 00:00:00,True,0,0.55,0.7,0.06,0.85,0.15,0.12,-1.7434293539890953,True,,-0.6512387843839625,-0.5184551015670749,-0.19666519302188146,7.717831104393406,0.05952380952380952,2.0,0.0,0.6174264883514725,0.0,0.06,True,8.95373299150324
2023-03-13 00:00:00,2565,2022-02-09 00:00:00,2023-02-09 00:00:00,True,0,0.55,0.7,0.06,0.85,0.15,0.12,-1.7013796225585749,True,,-0.6218979856566157,-0.5071003785285388,-0.19617591342245166,7.672516675989102,0.05952380952380952,2.0,0.0,0.6138013340791282,0.0,0.06,True,8.95373299150324
2023-03-20 00:00:00,2570,2022-02-16 00:00:00,2023-02-16 00:00:00,True,0,0.55,0.7,0.06,0.85,0.15,0.12,-1.9393985705850652,True,,-0.7714919056710718,-0.6176316635435811,-0.19617591342245255,7.672516675989103,0.05952380952380952,2.0,0.0,0.6138013340791283,0.0,0.06,True,8.95373299150324
2023-03-27 00:00:00,2575,2022-02-24 00:00:00,2023-02-24 00:00:00,True,0,0.55,0.7,0.06,0.85,0.15,0.12,-1.9443187499794137,True,,-0.7734927161561043,-0.6212808746802265,-0.19617591342245178,7.672516675989101,0.05952380952380952,2.0,0.0,0.6138013340791281,0.0,0.06,True,8.95373299150324
2023-04-03 00:00:00,2580,2022-03-03 00:00:00,2023-03-03 00:00:00,True,0,0.55,0.7,0.06,0.85,0.15,0.12,-1.9591312240422782,True,,-0.7715435370300752,-0.6422329411663436,-0.19106862822343884,7.672516675989102,0.05952380952380952,2.0,0.0,0.6138013340791282,0.0,0.06,True,8.95373299150324
2023-04-11 00:00:00,2585,2022-03-10 00:00:00,2023-03-10 00:00:00,True,0,0.55,0.7,0.06,0.85,0.15,0.12,-1.6999199039787627,True,,-0.6043367878697995,-0.5276948857448837,-0.19106862822343862,7.667840093913203,0.06746031746031746,2.0,0.0,0.6134272075130562,0.0,0.06,True,8.95373299150324
2023-04-18 00:00:00,2590,2022-03-17 00:00:00,2023-03-17 00:00:00,True,0,0.55,0.7,0.06,0.85,0.15,0.12,-1.3762988932556972,True,,-0.4058668575906959,-0.3829151402764288,-0.19106862822343862,7.551249043048229,0.07539682539682539,2.0,0.0,0.6040999234438583,0.0,0.06,True,8.95373299150324
2023-04-25 00:00:00,2595,2022-03-24 00:00:00,2023-03-24 00:00:00,True,0,0.55,0.7,0.06,0.85,0.15,0.12,-1.2203640107249096,True,,-0.37475723879747874,-0.36041494337720964,-0.1910686282234385,6.21593521532079,0.0873015873015873,2.0,0.0,0.4972748172256632,0.0,0.06,True,8.95373299150324
2023-05-02 00:00:00,2600,2022-03-31 00:00:00,2023-03-31 00:00:00,True,0,0.55,0.7,0.06,0.85,0.15,0.12,-0.8826900038017199,True,,-0.17318605099239595,-0.2081069127976621,-0.18855422335109917,5.662730282139929,0.14682539682539683,3.0,0.0,0.45301842257119435,0.0,0.09,True,8.95373299150324
2023-05-09 00:00:00,2605,2022-04-07 00:00:00,2023-04-10 00:00:00,True,0,0.55,0.7,0.06,0.85,0.15,0.12,-0.7781038076726036,True,,-0.09299588592886109,-0.17761187396568526,-0.14713608972262304,5.662730282139929,0.14682539682539683,3.0,0.0,0.45301842257119435,0.0,0.09,True,8.95373299150324
2023-05-16 00:00:00,2610,2022-04-14 00:00:00,2023-04-17 00:00:00,True,0,0.55,0.7,0.06,0.85,0.15,0.12,-0.3355464277648906,True,,0.14755812539560545,0.0748923367633729,-0.14580717740810212,5.662730282139929,0.14682539682539683,3.0,0.0,0.45301842257119435,0.0,0.09,True,8.95373299150324
2023-05-23 00:00:00,2615,2022-04-22 00:00:00,2023-04-24 00:00:00,True,0,0.55,0.7,0.06,0.85,0.15,0.12,-0.4080314908342263,True,,0.10824125223994893,0.03343209937127386,-0.14580717740810167,5.662730282139929,0.14682539682539683,3.0,0.0,0.45301842257119435,0.0,0.09,True,8.95373299150324
2023-05-31 00:00:00,2620,2022-04-29 00:00:00,2023-05-01 00:00:00,True,0,0.55,0.7,0.06,0.85,0.15,0.12,-0.017215571422004,True,,0.3183615073562031,0.259301679741234,-0.14580717740810134,5.662730282139929,0.14682539682539683,3.0,0.0,0.45301842257119435,0.0,0.09,True,8.95373299150324
2023-06-07 00:00:00,2625,2022-05-06 00:00:00,2023-05-08 00:00:00,True,0,0.55,0.7,0.06,0.85,0.15,0.12,0.44358860593581484,True,,0.5624048545427393,0.5302527174553373,-0.14580717740810178,5.662730282139929,0.14682539682539683,3.0,0.0,0.45301842257119435,0.0,0.09,True,8.95373299150324
2023-06-14 00:00:00,2630,2022-05-13 00:00:00,2023-05-15 00:00:00,True,0,0.55,0.7,0.06,0.85,0.15,0.12,0.5351469415954356,True,,0.6099080762122747,0.5853216099429442,-0.14580717740810123,5.662730282139929,0.14682539682539683,3.0,0.0,0.45301842257119435,0.0,0.09,True,8.95373299150324
2023-06-22 00:00:00,2635,2022-05-20 00:00:00,2023-05-22 00:00:00,True,0,0.55,0.7,0.06,0.85,0.15,0.12,0.5551725226525143,True,,0.6187002071929436,0.5993634225384563,-0.14580717740810178,5.662730282139929,0.14682539682539683,3.0,0.0,0.45301842257119435,0.0,0.09,True,8.95373299150324
2023-06-29 00:00:00,2640,2022-05-27 00:00:00,2023-05-30 00:00:00,True,0,0.55,0.7,0.06,0.85,0.15,0.12,1.0887127387348237,True,,0.8843029627094199,0.9259041090541998,-0.14580717740810134,5.578918890224452,0.14682539682539683,3.0,0.0,0.4463135112179562,0.0,0.09,True,8.95373299150324
2023-07-07 00:00:00,2645,2022-06-06 00:00:00,2023-06-06 00:00:00,True,0,0.55,0.7,0.06,0.85,0.15,0.12,1.1943435827258282,True,,0.9239960728685906,0.9872565595081271,-0.14580717740810112,5.368221721865803,0.14682539682539683,3.0,0.0,0.4294577377492642,0.0,0.09,True,8.95373299150324
2023-07-14 00:00:00,2650,2022-06-13 00:00:00,2023-06-13 00:00:00,True,0,0.55,0.7,0.06,0.85,0.15,0.12,2.3317686335764214,True,,1.4894384016784314,1.7019343115681869,-0.14580717740810156,5.365215216956997,0.14682539682539683,3.0,0.0,0.4292172173565598,0.0,0.09,True,8.95373299150324
2023-07-21 00:00:00,2655,2022-06-21 00:00:00,2023-06-21 00:00:00,True,0,0.55,0.7,0.06,0.85,0.15,0.12,1.8856829965576531,True,,1.271789333367064,1.4163886006839366,-0.14580717740810156,5.365215216956997,0.14682539682539683,3.0,0.0,0.4292172173565598,0.0,0.09,True,8.95373299150324
2023-07-28 00:00:00,2660,2022-06-28 00:00:00,2023-06-28 00:00:00,True,0,0.55,0.7,0.06,0.85,0.15,0.12,1.9874409880515607,True,,1.3179529192576642,1.4858816076880708,-0.14580717740810167,5.365215216956997,0.14682539682539683,3.0,0.0,0.4292172173565598,0.0,0.09,True,8.95373299150324
2023-08-04 00:00:00,2665,2022-07-06 00:00:00,2023-07-06 00:00:00,True,0,0.55,0.7,0.06,0.85,0.15,0.12,1.7465448311298715,True,,1.2000727856313058,1.3321115785689066,-0.14580717740810156,5.365215216956997,0.14682539682539683,3.0,0.0,0.4292172173565598,0.0,0.09,True,8.95373299150324
2023-08-11 00:00:00,2670,2022-07-13 00:00:00,2023-07-13 00:00:00,True,0,0.55,0.7,0.06,0.85,0.15,0.12,2.2766937277896435,True,,1.437925698352313,1.6562314164913865,-0.1458071774081019,4.952713796947238,0.14682539682539683,3.0,0.0,0.39621710375577907,0.0,0.09,True,8.95373299150324
2023-08-18 00:00:00,2675,2022-07-20 00:00:00,2023-07-20 00:00:00,True,0,0.55,0.7,0.06,0.85,0.15,0.12,1.8970395306176857,True,,1.2189632150042715,1.3721716226116392,-0.14580717740810145,4.120762280948711,0.14682539682539683,3.0,0.0,0.3296609824758969,0.0,0.09,True,8.95373299150324
2023-08-25 00:00:00,2680,2022-07-27 00:00:00,2023-07-27 00:00:00,True,0,0.55,0.7,0.06,0.85,0.15,0.12,1.979221902785876,True,,1.256930432973158,1.412570153835005,-0.14580717740810167,3.97205816569108,0.14682539682539683,3.0,0.0,0.3177646532552864,0.0,0.09,True,8.95373299150324
2023-09-01 00:00:00,2685,2022-08-03 00:00:00,2023-08-03 00:00:00,True,0,0.55,0.7,0.06,0.85,0.15,0.12,1.4017652692999198,True,,0.934734839786729,0.9562194811405127,-0.15255807752862138,3.3493144424902423,0.0992063492063492,1.0,0.0,0.26794515539921937,0.0,0.03,True,8.95373299150324
2023-09-11 00:00:00,2690,2022-08-10 00:00:00,2023-08-10 00:00:00,True,0,0.55,0.7,0.06,0.85,0.15,0.12,1.2902446957702711,True,,0.8880957929462162,0.8938400375422995,-0.1525580775286215,3.5365390901223064,0.07936507936507936,1.0,0.0,0.2829231272097845,0.0,0.03,True,8.95373299150324
2023-09-18 00:00:00,2695,2022-08-17 00:00:00,2023-08-17 00:00:00,True,0,0.55,0.7,0.06,0.85,0.15,0.12,1.080603358700831,True,,0.7290139024804227,0.8365555390551724,-0.12918006133186477,3.5956871877966217,0.05952380952380952,1.0,0.0,0.2876549750237297,0.0,0.03,True,8.95373299150324
2023-09-25 00:00:00,2700,2022-08-24 00:00:00,2023-08-24 00:00:00,True,0,0.55,0.7,0.06,0.85,0.15,0.12,1.9768809614960339,True,,0.9991220768865026,1.640828478523295,-0.09377749108731526,3.4362987276138077,0.04365079365079365,2.0,0.0,0.2749038982091046,0.0,0.06,True,8.95373299150324
2023-10-02 00:00:00,2705,2022-08-31 00:00:00,2023-08-31 00:00:00,True,0,0.55,0.7,0.06,0.85,0.15,0.12,3.3798524315345446,True,,1.4770870529887254,2.758782462897271,-0.08696558697535961,3.4282573971499675,0.04365079365079365,1.0,0.0,0.2742605917719974,0.0,0.03,True,8.95373299150324
2023-10-09 00:00:00,2710,2022-09-08 00:00:00,2023-09-08 00:00:00,True,0,0.55,0.7,0.06,0.85,0.15,0.12,2.5379122653823294,True,,1.2503294032909573,1.993841867897317,-0.09935807723720569,3.4686329028310285,0.04365079365079365,1.0,0.0,0.2774906322264823,0.0,0.03,True,8.95373299150324
2023-10-16 00:00:00,2715,2022-09-15 00:00:00,2023-09-15 00:00:00,True,0,0.55,0.7,0.06,0.85,0.15,0.12,3.633438242546286,True,,1.4340852908139485,3.096054479948524,-0.0739518430297309,3.4686329028310285,0.04365079365079365,0.0,0.0,0.2774906322264823,0.0,0.0,True,8.95373299150324
2023-10-23 00:00:00,2720,2022-09-22 00:00:00,2023-09-22 00:00:00,True,0,0.55,0.7,0.06,0.85,0.15,0.12,3.4482160456707236,True,,1.3735545642477234,2.9626566344475975,-0.07395184302973068,3.6932978266884673,0.04365079365079365,0.0,0.0,0.2954638261350774,0.0,0.0,True,8.95373299150324
2023-10-30 00:00:00,2725,2022-09-29 00:00:00,2023-09-29 00:00:00,True,0,0.55,0.7,0.06,0.85,0.15,0.12,3.687597890580984,True,,1.4840757831595395,3.189322253652802,-0.07437097759913758,3.5991961937599664,0.12301587301587301,2.0,0.0,0.28793569550079734,0.0,0.06,True,8.95373299150324
2023-11-06 00:00:00,2730,2022-10-06 00:00:00,2023-10-06 00:00:00,True,0,0.55,0.7,0.06,0.85,0.15,0.12,4.34073117757776,True,,1.702308802653372,3.7265839519198587,-0.07437097759913713,3.535559832643745,0.12301587301587301,2.0,0.0,0.28284478661149964,0.0,0.06,True,8.95373299150324
2023-11-13 00:00:00,2735,2022-10-13 00:00:00,2023-10-13 00:00:00,True,0,0.55,0.7,0.06,0.85,0.15,0.12,4.641381410798939,True,,1.8004606395862144,3.9844023456973234,-0.07437097759913713,3.582513816814193,0.13095238095238096,2.0,0.0,0.28660110534513544,0.0,0.06,True,8.95373299150324
2023-11-20 00:00:00,2740,2022-10-20 00:00:00,2023-10-20 00:00:00,True,0,0.55,0.7,0.06,0.85,0.15,0.12,3.9022297707060325,True,,1.5652495531890687,3.375289162606546,-0.07437097759913691,3.4156389071034114,0.1349206349206349,3.0,0.0,0.27325111256827295,0.0,0.09,True,8.95373299150324
2023-11-28 00:00:00,2745,2022-10-27 00:00:00,2023-10-27 00:00:00,True,0,0.55,0.7,0.06,0.85,0.15,0.12,2.7181716901885973,True,,1.2994259331512232,2.233684142417704,-0.09119426367238648,3.4775194612098694,0.1349206349206349,3.0,0.0,0.27820155689678955,0.0,0.09,True,8.95373299150324
2023-12-05 00:00:00,2750,2022-11-03 00:00:00,2023-11-03 00:00:00,True,0,0.55,0.7,0.06,0.85,0.15,0.12,4.028217138172169,True,,1.8079994213736552,3.2765762081956087,-0.09119426367238648,3.8880406219746595,0.1388888888888889,3.0,0.0,0.31104324975797276,0.0,0.09,True,8.95373299150324
2023-12-12 00:00:00,2755,2022-11-10 00:00:00,2023-11-10 00:00:00,True,0,0.55,0.7,0.06,0.85,0.15,0.12,3.644106413297208,True,,1.6981537661101762,2.9389653977941923,-0.09119426367238626,3.9402458881040303,0.15873015873015872,3.0,0.0,0.31521967104832244,0.0,0.09,True,8.95373299150324
2023-12-19 00:00:00,2760,2022-11-17 00:00:00,2023-11-17 00:00:00,True,0,0.55,0.7,0.06,0.85,0.15,0.12,3.8359062066759337,True,,1.7682067527695726,3.077128617099558,-0.09119426367238637,3.800042997166067,0.17857142857142858,3.0,0.0,0.30400343977328537,0.0,0.09,True,8.95373299150324
2023-12-27 00:00:00,2765,2022-11-25 00:00:00,2023-11-27 00:00:00,True,0,0.55,0.7,0.06,0.85,0.15,0.12,3.9404377458872126,True,,1.813810818260045,3.1375563206963553,-0.09119426367238748,3.6677266116239577,0.1984126984126984,3.0,0.0,0.29341812892991664,0.0,0.09,True,8.95373299150324
2024-01-04 00:00:00,2770,2022-12-02 00:00:00,2023-12-04 00:00:00,True,0,0.55,0.7,0.06,0.85,0.15,0.12,3.639320801394046,True,,1.703609742011859,2.8439385135329185,-0.09119426367238748,3.1179968930518536,0.21825396825396826,3.0,0.0,0.2494397514441483,0.0,0.09,True,8.95373299150324
2024-01-11 00:00:00,2775,2022-12-09 00:00:00,2023-12-11 00:00:00,True,0,0.55,0.7,0.06,0.85,0.15,0.12,4.485486575636726,True,,2.031344548072956,3.4919772237598976,-0.0911942636723867,3.1179968930518536,0.23809523809523808,3.0,0.0,0.2494397514441483,0.0,0.09,True,8.95373299150324
2024-01-19 00:00:00,2780,2022-12-16 00:00:00,2023-12-18 00:00:00,True,0,0.55,0.7,0.06,0.85,0.15,0.12,5.155353139731561,True,,2.301092127910147,3.9921259540819536,-0.09119426367238737,3.1179968930518536,0.25793650793650796,3.0,0.0,0.2494397514441483,0.0,0.09,True,8.95373299150324
2024-01-26 00:00:00,2785,2022-12-23 00:00:00,2023-12-26 00:00:00,True,0,0.55,0.7,0.06,0.85,0.15,0.12,5.8482573239454085,True,,2.5740105694187707,4.517108132463482,-0.09119426367238659,3.1179968930518536,0.2777777777777778,3.0,0.0,0.2494397514441483,0.0,0.09,True,8.95373299150324
2024-02-02 00:00:00,2790,2023-01-03 00:00:00,2024-01-03 00:00:00,True,0,0.55,0.7,0.06,0.85,0.15,0.12,5.008136459680282,True,,2.2495458006709157,3.8964426197738775,-0.0911942636723867,3.357042960121701,0.2976190476190476,3.0,0.0,0.2685634368097361,0.0,0.09,True,8.95373299150324
2024-02-09 00:00:00,2795,2023-01-10 00:00:00,2024-01-10 00:00:00,True,0,0.55,0.7,0.06,0.85,0.15,0.12,5.165406142338188,True,,2.297446581233706,3.9909797145035,-0.09119426367238626,2.9353026312289803,0.31746031746031744,3.0,0.0,0.23482421049831842,0.0,0.09,True,8.95373299150324
2024-02-16 00:00:00,2800,2023-01-18 00:00:00,2024-01-18 00:00:00,True,0,0.55,0.7,0.06,0.85,0.15,0.12,5.549261685389366,True,,2.4157808756896415,4.206289336358499,-0.09364065455851434,2.519383242338436,0.23412698412698413,1.0,0.0,0.20155065938707487,0.0,0.03,True,8.95373299150324
2024-02-26 00:00:00,2805,2023-01-25 00:00:00,2024-01-25 00:00:00,True,0,0.55,0.7,0.06,0.85,0.15,0.12,4.986332394271276,True,,2.2176570117923418,3.7227771037320423,-0.0942965601709147,2.6193287563337533,0.25396825396825395,0.0,0.0,0.20954630050670026,0.0,0.0,True,8.95373299150324
2024-03-04 00:00:00,2810,2023-02-01 00:00:00,2024-02-01 00:00:00,True,0,0.55,0.7,0.06,0.85,0.15,0.12,4.186426688205472,True,,1.9230623331052383,3.0911383195086666,-0.09429656017091503,2.6193287563337533,0.27380952380952384,0.0,0.0,0.20954630050670026,0.0,0.0,True,8.95373299150324
2024-03-11 00:00:00,2815,2023-02-08 00:00:00,2024-02-08 00:00:00,True,0,0.55,0.7,0.06,0.85,0.15,0.12,5.077870143025673,True,,2.2816525953442364,3.7957414965889438,-0.09119426367238637,1.8796956198714763,0.39285714285714285,3.0,0.0,0.1503756495897181,0.0,0.09,True,8.95373299150324
2024-03-18 00:00:00,2820,2023-02-15 00:00:00,2024-02-15 00:00:00,True,0,0.55,0.7,0.06,0.85,0.15,0.12,4.718062252726155,True,,2.1410060633951287,3.5251783541796136,-0.09119426367238725,1.9135811751583098,0.39285714285714285,3.0,0.0,0.1530864940126648,0.0,0.09,True,8.95373299150324
2024-03-25 00:00:00,2825,2023-02-23 00:00:00,2024-02-23 00:00:00,True,0,0.55,0.7,0.06,0.85,0.15,0.12,5.7113756618031,True,,2.552500855396613,4.212809510336905,-0.09429656017091426,2.642160023287969,0.2857142857142857,0.0,0.0,0.21137280186303753,0.0,0.0,True,8.95373299150324
2024-04-02 00:00:00,2830,2023-03-02 00:00:00,2024-03-01 00:00:00,True,0,0.55,0.7,0.06,0.85,0.15,0.12,5.231658045422662,True,,2.3742682832510402,3.8424416058779243,-0.09429656017091426,2.7070440316339672,0.2857142857142857,0.0,0.0,0.2165635225307174,0.0,0.0,True,8.95373299150324
2024-04-09 00:00:00,2835,2023-03-09 00:00:00,2024-03-08 00:00:00,True,0,0.55,0.7,0.06,0.85,0.15,0.12,6.077486657371259,True,,2.6983147023858423,4.498563319837897,-0.0942965601709137,2.7459837610612627,0.2857142857142857,0.0,0.0,0.21967870088490102,0.0,0.0,True,8.95373299150324
2024-04-16 00:00:00,2840,2023-03-16 00:00:00,2024-03-15 00:00:00,True,0,0.55,0.7,0.06,0.85,0.15,0.12,5.040473526378923,True,,2.2935243979199114,3.739048424793161,-0.09119426367238637,1.9286201421939762,0.3531746031746032,3.0,0.0,0.15428961137551808,0.0,0.09,True,8.95373299150324
2024-04-23 00:00:00,2845,2023-03-23 00:00:00,2024-03-22 00:00:00,True,0,0.55,0.7,0.06,0.85,0.15,0.12,4.92154123222412,True,,2.252080098682011,3.6455544467436165,-0.09119426367238637,1.9622802981597975,0.3333333333333333,3.0,0.0,0.1569824238527838,0.0,0.09,True,8.95373299150324
2024-04-30 00:00:00,2850,2023-03-30 00:00:00,2024-04-01 00:00:00,True,0,0.55,0.7,0.06,0.85,0.15,0.12,4.362623565586563,True,,2.0535702788442767,3.197325428503224,-0.09119426367238703,1.9850882007536674,0.3134920634920635,3.0,0.0,0.1588070560602934,0.0,0.09,True,8.95373299150324
2024-05-07 00:00:00,2855,2023-04-06 00:00:00,2024-04-08 00:00:00,True,0,0.55,0.7,0.06,0.85,0.15,0.12,4.313363944533567,True,,2.028297083881834,3.1612242162280806,-0.09119426367238714,1.923906404134152,0.3055555555555556,3.0,0.0,0.15391251233073217,0.0,0.09,True,8.95373299150324
2024-05-14 00:00:00,2860,2023-04-14 00:00:00,2024-04-15 00:00:00,True,0,0.55,0.7,0.06,0.85,0.15,0.12,3.833340107706846,True,,1.8286352768313385,2.790385499000134,-0.09429656017091403,2.845044604057499,0.24206349206349206,0.0,0.0,0.2276035683245999,0.0,0.0,True,8.95373299150324
2024-05-21 00:00:00,2865,2023-04-21 00:00:00,2024-04-22 00:00:00,True,0,0.55,0.7,0.06,0.85,0.15,0.12,3.911306801993688,True,,1.853103266065832,2.884850435736378,-0.093640654558514,2.7459601582655884,0.24206349206349206,1.0,0.0,0.21967681266124708,0.0,0.03,True,8.95373299150324
2024-05-29 00:00:00,2870,2023-04-28 00:00:00,2024-04-29 00:00:00,True,0,0.55,0.7,0.06,0.85,0.15,0.12,3.480329760457167,True,,1.6833061303929684,2.545347902315858,-0.09429656017091492,2.9906836473561027,0.24206349206349206,0.0,0.0,0.2392546917884882,0.0,0.0,True,8.95373299150324
2024-06-05 00:00:00,2875,2023-05-05 00:00:00,2024-05-06 00:00:00,True,0,0.55,0.7,0.06,0.85,0.15,0.12,4.041982249288472,True,,1.9126784804336814,2.9756421221196505,-0.09364065455851478,2.7651241105116258,0.24206349206349206,1.0,0.0,0.22120992884093008,0.0,0.03,True,8.95373299150324
2024-06-12 00:00:00,2880,2023-05-12 00:00:00,2024-05-13 00:00:00,True,0,0.55,0.7,0.06,0.85,0.15,0.12,4.345331759276096,True,,2.035135535141527,3.2017058112300014,-0.09364065455851356,2.7646053106178927,0.24206349206349206,1.0,0.0,0.22116842484943142,0.0,0.03,True,8.95373299150324
2024-06-20 00:00:00,2885,2023-05-19 00:00:00,2024-05-20 00:00:00,True,0,0.55,0.7,0.06,0.85,0.15,0.12,3.9604791037465215,True,,1.886474272941199,2.9075911954614666,-0.09364065455851378,2.775851569548135,0.24206349206349206,1.0,0.0,0.2220681255638508,0.0,0.03,True,8.95373299150324
2024-06-27 00:00:00,2890,2023-05-26 00:00:00,2024-05-28 00:00:00,True,0,0.55,0.7,0.06,0.85,0.15,0.12,3.2646867486007873,True,,1.6274362048122923,2.3844690928084296,-0.09347665917318215,2.6290591307281055,0.2619047619047619,2.0,0.0,0.21032473045824845,0.0,0.06,True,8.95373299150324
2024-07-05 00:00:00,2895,2023-06-05 00:00:00,2024-06-04 00:00:00,True,0,0.55,0.7,0.06,0.85,0.15,0.12,3.5024080516063765,True,,1.7035171192485086,2.5575262480226426,-0.09295183013727959,2.3391258257530776,0.28174603174603174,2.0,0.0,0.1871300660602462,0.0,0.06,True,8.95373299150324
2024-07-12 00:00:00,2900,2023-06-12 00:00:00,2024-06-11 00:00:00,True,0,0.55,0.7,0.06,0.85,0.15,0.12,3.692050145164052,True,,1.7813430841824731,2.6742043781131133,-0.09311592046726125,2.4832055188614044,0.30158730158730157,1.0,0.0,0.19865644150891235,0.0,0.03,True,8.95373299150324
2024-07-19 00:00:00,2905,2023-06-20 00:00:00,2024-06-18 00:00:00,True,0,0.55,0.7,0.06,0.85,0.15,0.12,3.821253007342561,True,,1.8348911176283522,2.7687729140289012,-0.09311592046726025,2.4832055188614044,0.3055555555555556,1.0,0.0,0.19865644150891235,0.0,0.03,True,8.95373299150324
2024-07-26 00:00:00,2910,2023-06-27 00:00:00,2024-06-26 00:00:00,True,0,0.55,0.7,0.06,0.85,0.15,0.12,3.6924322267940757,True,,1.786192919263295,2.668619686299616,-0.0931159204672607,2.4832055188614044,0.31746031746031744,1.0,0.0,0.19865644150891235,0.0,0.03,True,8.95373299150324
2024-08-02 00:00:00,2915,2023-07-05 00:00:00,2024-07-03 00:00:00,True,0,0.55,0.7,0.06,0.85,0.15,0.12,4.299108618800313,True,,2.0349034566211763,3.1160770046100614,-0.09311592046726058,2.4832055188614044,0.31746031746031744,1.0,0.0,0.19865644150891235,0.0,0.03,True,8.95373299150324
2024-08-09 00:00:00,2920,2023-07-12 00:00:00,2024-07-11 00:00:00,True,0,0.55,0.7,0.06,0.85,0.15,0.12,3.7470910835703015,True,,1.8031994735363543,2.7156850644285737,-0.09311592046726047,2.4832055188614044,0.31746031746031744,1.0,0.0,0.19865644150891235,0.0,0.03,True,8.95373299150324
2024-08-16 00:00:00,2925,2023-07-19 00:00:00,2024-07-18 00:00:00,True,0,0.55,0.7,0.06,0.85,0.15,0.12,3.4954159835344774,True,,1.6321218568036249,2.6149382102997056,-0.08762415191554285,2.4832055188614044,0.32142857142857145,1.0,0.0,0.19865644150891235,0.0,0.03,True,8.95373299150324
2024-08-23 00:00:00,2930,2023-07-26 00:00:00,2024-07-25 00:00:00,True,0,0.55,0.7,0.06,0.85,0.15,0.12,2.887488637517539,True,,1.3819328369567743,2.206712834637133,-0.08745906791268321,2.4976808393617693,0.3412698412698413,2.0,0.0,0.19981446714894155,0.0,0.06,True,8.95373299150324
2024-08-30 00:00:00,2935,2023-08-02 00:00:00,2024-08-01 00:00:00,True,0,0.55,0.7,0.06,0.85,0.15,0.12,2.0675466920652426,True,,1.0988343164202972,1.5356585534923588,-0.0998736050456922,2.4976808393617693,0.34523809523809523,2.0,0.0,0.19981446714894155,0.0,0.06,True,8.95373299150324
2024-09-09 00:00:00,2940,2023-08-09 00:00:00,2024-08-08 00:00:00,True,0,0.55,0.7,0.06,0.85,0.15,0.12,2.4672431998017275,True,,1.3157243303759432,1.8577274481443133,-0.10266579029522949,3.4332886136208347,0.34523809523809523,2.0,0.0,0.2746630890896668,0.0,0.06,True,8.95373299150324
2024-09-16 00:00:00,2945,2023-08-16 00:00:00,2024-08-15 00:00:00,True,0,0.55,0.7,0.06,0.85,0.15,0.12,3.161717885211122,True,,1.627249146256978,2.362147327105915,-0.10266579029522926,3.690614034132353,0.34523809523809523,2.0,0.0,0.29524912273058823,0.0,0.06,True,8.95373299150324
2024-09-23 00:00:00,2950,2023-08-23 00:00:00,2024-08-22 00:00:00,True,0,0.55,0.7,0.06,0.85,0.15,0.12,2.949222533895563,True,,1.5557557042930372,2.2234025750857125,-0.10266579029522926,4.065690380825554,0.34523809523809523,2.0,0.0,0.3252552304660443,0.0,0.06,True,8.95373299150324
2024-09-30 00:00:00,2955,2023-08-30 00:00:00,2024-08-29 00:00:00,True,0,0.55,0.7,0.06,0.85,0.15,0.12,1.986797958631834,True,,1.1413416676908361,1.5583155622866842,-0.10266579029522949,4.264951986104373,0.34523809523809523,2.0,0.0,0.34119615888834987,0.0,0.06,True,8.95373299150324
2024-10-07 00:00:00,2960,2023-09-07 00:00:00,2024-09-06 00:00:00,True,0,0.55,0.7,0.06,0.85,0.15,0.12,2.1936479045211534,True,,1.2287555987837508,1.7072334398228082,-0.10266579029522949,4.261180576510554,0.34523809523809523,2.0,0.0,0.34089444612084435,0.0,0.06,True,8.95373299150324
2024-10-14 00:00:00,2965,2023-09-14 00:00:00,2024-09-13 00:00:00,True,0,0.55,0.7,0.06,0.85,0.15,0.12,2.5948866640506254,True,,1.4091096812409813,1.9851466254335015,-0.1026657902952296,4.279253969214467,0.34523809523809523,2.0,0.0,0.3423403175371573,0.0,0.06,True,8.95373299150324
2024-10-21 00:00:00,2970,2023-09-21 00:00:00,2024-09-20 00:00:00,True,0,0.55,0.7,0.06,0.85,0.15,0.12,3.3879511420463917,True,,1.7460351278473027,2.529689232199642,-0.10266579029522982,4.022942144507809,0.34523809523809523,2.0,0.0,0.3218353715606247,0.0,0.06,True,8.95373299150324
2024-10-28 00:00:00,2975,2023-09-28 00:00:00,2024-09-27 00:00:00,True,0,0.55,0.7,0.06,0.85,0.15,0.12,3.3003174159958317,True,,1.7093367144966447,2.466020091324765,-0.10266579029522993,4.02294214450781,0.34523809523809523,2.0,0.0,0.3218353715606248,0.0,0.06,True,8.95373299150324
2024-11-04 00:00:00,2980,2023-10-05 00:00:00,2024-10-04 00:00:00,True,0,0.55,0.7,0.06,0.85,0.15,0.12,3.2749698663987723,True,,1.7037518828616587,2.4413166938721726,-0.1026657902952296,4.02294214450781,0.35714285714285715,2.0,0.0,0.3218353715606248,0.0,0.06,True,8.95373299150324
2024-11-11 00:00:00,2985,2023-10-12 00:00:00,2024-10-11 00:00:00,True,0,0.55,0.7,0.06,0.85,0.15,0.12,3.267258662330007,True,,1.702158616932491,2.416021449333317,-0.1040641358173835,4.596463925864222,0.373015873015873,0.0,0.0,0.36771711406913776,0.0,0.0,True,8.95373299150324
2024-11-18 00:00:00,2990,2023-10-19 00:00:00,2024-10-18 00:00:00,True,0,0.55,0.7,0.06,0.85,0.15,0.12,3.932406214312264,True,,1.9875576442763072,2.850732151180956,-0.10406413581738372,4.196714386360106,0.38095238095238093,0.0,0.0,0.33573715090880846,0.0,0.0,True,8.95373299150324
2024-11-25 00:00:00,2995,2023-10-26 00:00:00,2024-10-25 00:00:00,True,0,0.55,0.7,0.06,0.85,0.15,0.12,4.38172239976636,True,,2.188163525009365,3.161620032082254,-0.10406413581738361,4.196714386360107,0.4007936507936508,0.0,0.0,0.3357371509088085,0.0,0.0,True,8.95373299150324
2024-12-03 00:00:00,3000,2023-11-02 00:00:00,2024-11-01 00:00:00,True,0,0.55,0.7,0.06,0.85,0.15,0.12,3.510054992148623,True,,1.7806444566318154,2.5470177454189984,-0.10227318067272617,3.1025457602298854,0.42063492063492064,2.0,0.0,0.24820366081839085,0.0,0.06,True,8.95373299150324
2024-12-10 00:00:00,3005,2023-11-09 00:00:00,2024-11-08 00:00:00,True,0,0.55,0.7,0.06,0.85,0.15,0.12,3.695226306866999,True,,1.853721949617651,2.651917577224449,-0.10406413581738361,3.5003713066276423,0.4246031746031746,0.0,0.0,0.28002970453021137,0.0,0.0,True,8.95373299150324
2024-12-17 00:00:00,3010,2023-11-16 00:00:00,2024-11-15 00:00:00,True,0,0.55,0.7,0.06,0.85,0.15,0.12,3.109522196990074,True,,1.596433881593042,2.2413975249090545,-0.1040641358173835,3.5003713066276427,0.43253968253968256,0.0,0.0,0.2800297045302114,0.0,0.0,True,8.95373299150324
2024-12-24 00:00:00,3015,2023-11-24 00:00:00,2024-11-22 00:00:00,True,0,0.55,0.7,0.06,0.85,0.15,0.12,3.1488459094694576,True,,1.6118990824742583,2.2779467909445064,-0.1040641358173835,3.5676325720050768,0.42857142857142855,0.0,0.0,0.28541060576040617,0.0,0.0,True,8.95373299150324
2025-01-02 00:00:00,3020,2023-12-01 00:00:00,2024-12-02 00:00:00,True,0,0.55,0.7,0.06,0.85,0.15,0.12,3.7039345537831427,True,,1.8563123864661655,2.6782089272766734,-0.10472414653854412,3.311812181304516,0.4087301587301587,1.0,0.0,0.2649449745043613,0.0,0.03,True,8.95373299150324
2025-01-10 00:00:00,3025,2023-12-08 00:00:00,2024-12-09 00:00:00,True,0,0.55,0.7,0.06,0.85,0.15,0.12,3.5115413075546433,True,,1.7713997087794626,2.5430799839346245,-0.104724146538544,3.304029854656493,0.3888888888888889,1.0,0.0,0.2643223883725194,0.0,0.03,True,8.95373299150324
2025-01-17 00:00:00,3030,2023-12-15 00:00:00,2024-12-16 00:00:00,True,0,0.55,0.7,0.06,0.85,0.15,0.12,2.595539899323242,True,,1.3542051478284722,1.9209319160875034,-0.10472414653854412,3.3176347671904116,0.36904761904761907,1.0,0.0,0.26541078137523294,0.0,0.03,True,8.95373299150324
2025-01-27 00:00:00,3035,2023-12-22 00:00:00,2024-12-23 00:00:00,True,0,0.55,0.7,0.06,0.85,0.15,0.12,2.830966196637469,True,,1.4570509897296435,2.085066120669038,-0.10472414653854412,3.301721120342563,0.35714285714285715,1.0,0.0,0.2641376896274051,0.0,0.03,True,8.95373299150324
2025-02-03 00:00:00,3040,2024-01-02 00:00:00,2024-12-31 00:00:00,True,0,0.55,0.7,0.06,0.85,0.15,0.12,2.9423773393359234,True,,1.4940489119452895,2.1656549455855316,-0.1040641358173835,3.5524441134724,0.3373015873015873,0.0,0.0,0.284195529077792,0.0,0.0,True,8.95373299150324
2025-02-10 00:00:00,3045,2024-01-09 00:00:00,2025-01-08 00:00:00,True,0,0.55,0.7,0.06,0.85,0.15,0.12,2.2436070094034313,True,,1.2024329222351844,1.6956757853630122,-0.10472414653854456,3.5670817640270345,0.31746031746031744,1.0,0.0,0.28536654112216275,0.0,0.03,True,8.95373299150324
2025-02-18 00:00:00,3050,2024-01-17 00:00:00,2025-01-16 00:00:00,True,0,0.55,0.7,0.06,0.85,0.15,0.12,2.575933280128836,True,,1.340449989009866,1.9379365505817565,-0.104724146538544,3.560824366830441,0.2976190476190476,1.0,0.0,0.2848659493464353,0.0,0.03,True,8.95373299150324
2025-02-25 00:00:00,3055,2024-01-24 00:00:00,2025-01-24 00:00:00,True,0,0.55,0.7,0.06,0.85,0.15,0.12,2.038044289030304,True,,1.1049384557428406,1.558635001218641,-0.104724146538544,3.5475270960931216,0.2777777777777778,1.0,0.0,0.28380216768744976,0.0,0.03,True,8.95373299150324
2025-03-04 00:00:00,3060,2024-01-31 00:00:00,2025-01-31 00:00:00,True,0,0.55,0.7,0.06,0.85,0.15,0.12,2.239068115143172,True,,1.2046111712148027,1.7150756047583526,-0.10333521504822529,3.4700442484789074,0.42857142857142855,2.0,0.0,0.2776035398783126,0.0,0.06,True,8.95373299150324
2025-03-11 00:00:00,3065,2024-02-07 00:00:00,2025-02-07 00:00:00,True,0,0.55,0.7,0.06,0.85,0.15,0.12,1.9178564539651968,True,,1.0494873868467995,1.4505183420902066,-0.10406413581738294,3.6505700819220976,0.24206349206349206,0.0,0.0,0.2920456065537678,0.0,0.0,True,8.95373299150324
2025-03-18 00:00:00,3070,2024-02-14 00:00:00,2025-02-14 00:00:00,True,0,0.55,0.7,0.06,0.85,0.15,0.12,2.1790939206868543,True,,1.1666459534264004,1.6244551833880094,-0.10406413581738327,3.5889522431244236,0.25793650793650796,0.0,0.0,0.2871161794499539,0.0,0.0,True,8.95373299150324
2025-03-25 00:00:00,3075,2024-02-22 00:00:00,2025-02-24 00:00:00,True,0,0.55,0.7,0.06,0.85,0.15,0.12,1.526866718532895,True,,0.8817637367378042,1.163820891834272,-0.1040641358173835,3.574421645904084,0.2619047619047619,0.0,0.0,0.28595373167232674,0.0,0.0,True,8.95373299150324
2025-04-01 00:00:00,3080,2024-02-29 00:00:00,2025-03-03 00:00:00,True,0,0.55,0.7,0.06,0.85,0.15,0.12,0.9554059520671876,True,,0.6435984740213234,0.8209579219860929,-0.1055783032417934,3.395319077620959,0.4722222222222222,2.0,0.0,0.2716255262096767,0.013333333333333319,0.06,True,8.95373299150324
2025-04-08 00:00:00,3085,2024-03-07 00:00:00,2025-03-10 00:00:00,True,0,0.55,0.7,0.06,0.85,0.15,0.12,0.3120586346637334,True,,0.36037723317573234,0.4121145293558813,-0.10376147822835424,4.3501277749588,0.27380952380952384,1.0,0.0,0.348010221996704,0.0,0.03,True,8.95373299150324
2025-04-15 00:00:00,3090,2024-03-14 00:00:00,2025-03-17 00:00:00,True,0,0.55,0.7,0.06,0.85,0.15,0.12,0.5567044139533968,True,,0.48590314343989405,0.6015381080939579,-0.10266579029522915,4.380365199520795,0.27380952380952384,2.0,0.0,0.3504292159616636,0.0,0.06,True,8.95373299150324
2025-04-23 00:00:00,3095,2024-03-21 00:00:00,2025-03-24 00:00:00,True,0,0.55,0.7,0.06,0.85,0.15,0.12,0.09489186094157756,True,,0.2801613082245609,0.2935340159287676,-0.10376147822835413,4.876208250324969,0.27380952380952384,1.0,0.0,0.3900966600259975,0.0,0.03,True,8.95373299150324
2025-04-30 00:00:00,3100,2024-03-28 00:00:00,2025-03-31 00:00:00,True,0,0.55,0.7,0.06,0.85,0.15,0.12,0.12148860510035811,True,,0.307308759533878,0.3328253950903069,-0.10376147822835369,5.276005881322068,0.27380952380952384,1.0,0.0,0.42208047050576547,0.0,0.03,True,8.95373299150324
2025-05-07 00:00:00,3105,2024-04-05 00:00:00,2025-04-07 00:00:00,True,0,0.55,0.7,0.06,0.85,0.15,0.12,0.13811104062559135,True,,0.32907495769038614,0.32867977550995575,-0.11571518801000302,5.298846718409493,0.27380952380952384,1.0,0.0,0.42390773747275945,0.0,0.03,True,8.95373299150324
2025-05-14 00:00:00,3110,2024-04-12 00:00:00,2025-04-14 00:00:00,True,0,0.55,0.7,0.06,0.85,0.15,0.12,0.33978058217267615,True,,0.42981729375582906,0.45687581335511135,-0.11571518801000247,5.319217028340525,0.27380952380952384,1.0,0.0,0.425537362267242,0.0,0.03,True,8.95373299150324
2025-05-21 00:00:00,3115,2024-04-19 00:00:00,2025-04-22 00:00:00,True,0,0.55,0.7,0.06,0.85,0.15,0.12,0.7784216833311255,True,,0.6259314492883551,0.7034709563472641,-0.1186429346306701,5.128581637938009,0.27380952380952384,0.0,0.0,0.4102865310350407,0.0,0.0,True,8.95373299150324
2025-05-29 00:00:00,3120,2024-04-26 00:00:00,2025-04-29 00:00:00,True,0,0.55,0.7,0.06,0.85,0.15,0.12,0.5824318706000489,True,,0.5317986509532595,0.5767177909686637,-0.11864293463066933,5.1342626641017715,0.27380952380952384,0.0,0.0,0.4107410131281417,0.0,0.0,True,8.95373299150324
2025-06-05 00:00:00,3125,2024-05-03 00:00:00,2025-05-06 00:00:00,True,0,0.55,0.7,0.06,0.85,0.15,0.12,0.3907086714002096,True,,0.46444786972865315,0.4873839585863689,-0.11571518801000358,5.420579564969235,0.27380952380952384,1.0,0.0,0.4336463651975388,0.0,0.03,True,8.95373299150324
2025-06-12 00:00:00,3130,2024-05-10 00:00:00,2025-05-13 00:00:00,True,0,0.55,0.7,0.06,0.85,0.15,0.12,0.6330775216393272,True,,0.6012466177299665,0.6668237141346091,-0.11571518801000291,5.895350842479079,0.27380952380952384,1.0,0.0,0.47162806739832636,0.0,0.03,True,8.95373299150324
2025-06-20 00:00:00,3135,2024-05-17 00:00:00,2025-05-20 00:00:00,True,0,0.55,0.7,0.06,0.85,0.15,0.12,0.11840422790225824,True,,0.3535514607459849,0.3443909942076912,-0.11864293463066933,6.383250352623496,0.27380952380952384,0.0,0.0,0.5106600282098797,0.0,0.0,True,8.95373299150324
2025-06-27 00:00:00,3140,2024-05-24 00:00:00,2025-05-28 00:00:00,True,0,0.55,0.7,0.06,0.85,0.15,0.12,0.10856058381484657,True,,0.35314296135510265,0.346697764268554,-0.118642934630669,6.524257361938742,0.2619047619047619,0.0,0.0,0.5219405889550993,0.0,0.0,True,8.95373299150324
2025-07-07 00:00:00,3145,2024-06-03 00:00:00,2025-06-04 00:00:00,True,0,0.55,0.7,0.06,0.85,0.15,0.12,0.46356351389339845,True,,0.5259482326477378,0.5711648262170708,-0.118642934630669,6.49145724659995,0.24206349206349206,0.0,0.0,0.5193165797279959,0.0,0.0,True,8.95373299150324
2025-07-14 00:00:00,3150,2024-06-10 00:00:00,2025-06-11 00:00:00,True,0,0.55,0.7,0.06,0.85,0.15,0.12,0.05839368009973178,True,,0.32619250051032617,0.31378595309272567,-0.11864293463066944,6.485344786059686,0.2261904761904762,0.0,0.0,0.5188275828847749,0.0,0.0,True,8.95373299150324
2025-07-21 00:00:00,3155,2024-06-17 00:00:00,2025-06-18 00:00:00,True,0,0.55,0.7,0.06,0.85,0.15,0.12,-0.2733431796609036,True,,0.1643469139499647,0.11259668926179896,-0.11864293463066922,6.597093062753843,0.23412698412698413,0.0,0.0,0.5277674450203075,0.0,0.0,True,8.95373299150324
2025-07-28 00:00:00,3160,2024-06-25 00:00:00,2025-06-26 00:00:00,True,0,0.55,0.7,0.06,0.85,0.15,0.12,0.29925121124494247,True,,0.4496602868427954,0.4707507207012624,-0.118642934630669,6.587620651985786,0.24603174603174602,0.0,0.0,0.5270096521588629,0.0,0.0,True,8.95373299150324
2025-08-04 00:00:00,3165,2024-07-02 00:00:00,2025-07-03 00:00:00,True,0,0.55,0.7,0.06,0.85,0.15,0.12,0.031114711104543336,True,,0.31694971335118777,0.30249025813575714,-0.11864293463066966,6.597840109440626,0.2619047619047619,0.0,0.0,0.5278272087552501,0.0,0.0,True,8.95373299150324
2025-08-11 00:00:00,3170,2024-07-10 00:00:00,2025-07-11 00:00:00,True,0,0.55,0.7,0.06,0.85,0.15,0.12,0.08866452436027628,True,,0.34674683086326974,0.33718452785291936,-0.11864293463066933,6.597874109816613,0.28174603174603174,0.0,0.0,0.527829928785329,0.0,0.0,True,8.95373299150324
2025-08-18 00:00:00,3175,2024-07-17 00:00:00,2025-07-18 00:00:00,True,0,0.55,0.7,0.06,0.85,0.15,0.12,0.5362435963472795,True,,0.5700684225058857,0.6115139295739513,-0.11864293463066966,6.537949622722094,0.30158730158730157,0.0,0.0,0.5230359698177675,0.0,0.0,True,8.95373299150324
2025-08-25 00:00:00,3180,2024-07-24 00:00:00,2025-07-25 00:00:00,True,0,0.55,0.7,0.06,0.85,0.15,0.12,1.2898768073624804,True,,0.9435816150554465,1.0614936226873977,-0.11864293463066888,6.286246323036056,0.3055555555555556,0.0,0.0,0.5028997058428845,0.0,0.0,True,8.95373299150324
2025-09-02 00:00:00,3185,2024-07-31 00:00:00,2025-08-01 00:00:00,True,0,0.55,0.7,0.06,0.85,0.15,0.12,1.115457527630486,True,,0.8581494356986423,0.9528528979226536,-0.11571518801000291,5.937177830078492,0.3134920634920635,1.0,0.0,0.4749742264062794,0.0,0.03,True,8.95373299150324
2025-09-09 00:00:00,3190,2024-08-07 00:00:00,2025-08-08 00:00:00,True,0,0.55,0.7,0.06,0.85,0.15,0.12,1.8871440181585668,True,,1.252482040832431,1.4245452546655186,-0.11571518801000324,5.937177830078491,0.3333333333333333,1.0,0.0,0.47497422640627934,0.0,0.03,True,8.95373299150324
2025-09-16 00:00:00,3195,2024-08-14 00:00:00,2025-08-15 00:00:00,True,0,0.55,0.7,0.06,0.85,0.15,0.12,1.4303957578511126,True,,0.9852559074326408,1.0880405174699506,-0.1157151880100028,4.94115704446861,0.3531746031746032,1.0,0.0,0.39529256355748876,0.0,0.03,True,8.95373299150324
2025-09-23 00:00:00,3200,2024-08-21 00:00:00,2025-08-22 00:00:00,True,0,0.55,0.7,0.06,0.85,0.15,0.12,1.5487493034858184,True,,1.0128042659330179,1.1265317320492214,-0.11571518801000291,4.191004351082206,0.3611111111111111,1.0,0.0,0.33528034808657653,0.0,0.03,True,8.95373299150324
2025-09-30 00:00:00,3205,2024-08-28 00:00:00,2025-08-29 00:00:00,True,0,0.55,0.7,0.06,0.85,0.15,0.12,1.5874920408374908,True,,1.0314642310770694,1.1516351973087473,-0.11571518801000269,4.191004351082206,0.3611111111111111,1.0,0.0,0.33528034808657653,0.0,0.03,True,8.95373299150324
2025-10-07 00:00:00,3210,2024-09-05 00:00:00,2025-09-08 00:00:00,True,0,0.55,0.7,0.06,0.85,0.15,0.12,2.2076263922476347,True,,1.360007829288356,1.5399675796918895,-0.11571518801000302,4.429443759927913,0.3611111111111111,1.0,0.0,0.354355500794233,0.0,0.03,True,8.95373299150324
2025-10-14 00:00:00,3215,2024-09-12 00:00:00,2025-09-15 00:00:00,True,0,0.55,0.7,0.06,0.85,0.15,0.12,1.9325729398635911,True,,1.212482573962224,1.3459686568406273,-0.11571518801000302,4.083556994639181,0.3611111111111111,1.0,0.0,0.3266845595711345,0.0,0.03,True,8.95373299150324
2025-10-21 00:00:00,3220,2024-09-19 00:00:00,2025-09-22 00:00:00,True,0,0.55,0.7,0.06,0.85,0.15,0.12,1.985173065775199,True,,1.2277921011912045,1.3601030098720701,-0.11571518801000302,3.7587680414207743,0.3611111111111111,1.0,0.0,0.30070144331366194,0.0,0.03,True,8.95373299150324
2025-10-28 00:00:00,3225,2024-09-26 00:00:00,2025-09-29 00:00:00,True,0,0.55,0.7,0.06,0.85,0.15,0.12,2.0373455291561404,True,,1.2535651280036517,1.393102305582688,-0.11571518801000291,3.7587680414207747,0.3611111111111111,1.0,0.0,0.300701443313662,0.0,0.03,True,8.95373299150324
2025-11-04 00:00:00,3230,2024-10-03 00:00:00,2025-10-06 00:00:00,True,0,0.55,0.7,0.06,0.85,0.15,0.12,2.256690085196734,True,,1.3617712621407778,1.5320253329620224,-0.11571518801000313,3.7587680414207743,0.35714285714285715,1.0,0.0,0.30070144331366194,0.0,0.03,True,8.95373299150324
2025-11-11 00:00:00,3235,2024-10-10 00:00:00,2025-10-13 00:00:00,True,0,0.55,0.7,0.06,0.85,0.15,0.12,1.8786331268994916,True,,1.1562561710086072,1.3156813767745135,-0.1157151880100028,3.752101819109079,0.3373015873015873,1.0,0.0,0.30016814552872634,0.0,0.03,True,8.95373299150324
2025-11-18 00:00:00,3240,2024-10-17 00:00:00,2025-10-20 00:00:00,True,0,0.55,0.7,0.06,0.85,0.15,0.12,1.9279434825715225,True,,1.1798558769000345,1.3475161459356457,-0.1157151880100028,3.749066388462858,0.32142857142857145,1.0,0.0,0.29992531107702863,0.0,0.03,True,8.95373299150324
2025-11-25 00:00:00,3245,2024-10-24 00:00:00,2025-10-27 00:00:00,True,0,0.55,0.7,0.06,0.85,0.15,0.12,2.58209148728548,True,,1.4922852395671933,1.7856430401492271,-0.11571518801000269,3.8588523050136914,0.30158730158730157,1.0,0.0,0.3087081844010953,0.0,0.03,True,8.95373299150324
2025-12-03 00:00:00,3250,2024-10-31 00:00:00,2025-11-03 00:00:00,True,0,0.55,0.7,0.06,0.85,0.15,0.12,2.5345042373269875,True,,1.4714022759932361,1.7482993580501462,-0.11571518801000247,3.8192190638295784,0.28174603174603174,1.0,0.0,0.3055375251063663,0.0,0.03,True,8.95373299150324
2025-12-10 00:00:00,3255,2024-11-07 00:00:00,2025-11-10 00:00:00,True,0,0.55,0.7,0.06,0.85,0.15,0.12,1.7722000089378984,True,,1.1037091805444892,1.2539756022175546,-0.11571518801000302,3.8086206672579346,0.2619047619047619,1.0,0.0,0.30468965338063475,0.0,0.03,True,8.95373299150324
2025-12-17 00:00:00,3260,2024-11-14 00:00:00,2025-11-17 00:00:00,True,0,0.55,0.7,0.06,0.85,0.15,0.12,1.7697447085302895,True,,1.1014079440533049,1.2524537477416464,-0.11571518801000213,3.7953279214541555,0.24206349206349206,1.0,0.0,0.30362623371633246,0.0,0.03,True,8.95373299150324
2025-12-24 00:00:00,3265,2024-11-21 00:00:00,2025-11-24 00:00:00,True,0,0.55,0.7,0.06,0.85,0.15,0.12,1.795795458637502,True,,1.1069987437276179,1.2882824241943005,-0.11571518801000269,3.8978653055694528,0.23412698412698413,1.0,0.0,0.3118292244455562,0.0,0.03,True,8.95373299150324
2026-01-02 00:00:00,3270,2024-11-29 00:00:00,2025-12-02 00:00:00,True,0,0.55,0.7,0.06,0.85,0.15,0.12,1.6694723041820796,True,,1.0530462240190142,1.2166484995760734,-0.11571518801000291,4.086158993722415,0.23412698412698413,1.0,0.0,0.3268927194977932,0.0,0.03,True,8.95373299150324
2026-01-09 00:00:00,3275,2024-12-06 00:00:00,2025-12-09 00:00:00,True,0,0.55,0.7,0.06,0.85,0.15,0.12,1.539726672413347,True,,0.993494375453758,1.1355661543749291,-0.11571518801000269,4.1527578317544265,0.23412698412698413,1.0,0.0,0.3322206265403541,0.0,0.03,True,8.95373299150324
2026-01-16 00:00:00,3280,2024-12-13 00:00:00,2025-12-16 00:00:00,True,0,0.55,0.7,0.06,0.85,0.15,0.12,0.8327406059811387,True,,0.6420377910319918,0.6930904667989983,-0.11571518801000302,4.1721194811256455,0.23412698412698413,1.0,0.0,0.33376955849005163,0.0,0.03,True,8.95373299150324
2026-01-26 00:00:00,3285,2024-12-20 00:00:00,2025-12-23 00:00:00,True,0,0.55,0.7,0.06,0.85,0.15,0.12,1.5649565263079765,True,,1.0128421295789796,1.1329803085586696,-0.1157151880100028,4.053373126474234,0.2261904761904762,1.0,0.0,0.32426985011793874,0.0,0.03,True,8.95373299150324
2026-02-02 00:00:00,3290,2024-12-30 00:00:00,2025-12-31 00:00:00,True,0,0.55,0.7,0.06,0.85,0.15,0.12,1.7100718441604696,True,,1.088005586144133,1.2250794807964145,-0.11571518801000302,4.0999665827599365,0.2261904761904762,1.0,0.0,0.32799732662079495,0.0,0.03,True,8.95373299150324
2026-02-09 00:00:00,3295,2025-01-07 00:00:00,2026-01-08 00:00:00,True,0,0.55,0.7,0.06,0.85,0.15,0.12,1.8624599040367829,True,,1.156270539605325,1.2952938687898785,-0.1157151880100028,3.7505716325055616,0.2261904761904762,1.0,0.0,0.3000457306004449,0.0,0.03,True,8.95373299150324
2026-02-17 00:00:00,3300,2025-01-15 00:00:00,2026-01-15 00:00:00,True,0,0.55,0.7,0.06,0.85,0.15,0.12,1.4860140863962517,True,,0.9682786760332119,1.0597264262043558,-0.11571518801000313,3.7505716325055616,0.23809523809523808,1.0,0.0,0.3000457306004449,0.0,0.03,True,8.95373299150324
2026-02-24 00:00:00,3305,2025-01-23 00:00:00,2026-01-23 00:00:00,True,0,0.55,0.7,0.06,0.85,0.15,0.12,1.620057581135148,True,,1.0357597544955373,1.1429294465500697,-0.11571518801000236,3.7505716325055616,0.25793650793650796,1.0,0.0,0.3000457306004449,0.0,0.03,True,8.95373299150324
2026-03-03 00:00:00,3310,2025-01-30 00:00:00,2026-01-30 00:00:00,True,0,0.55,0.7,0.06,0.85,0.15,0.12,1.475547702245909,True,,0.9794585336641096,1.0666383996893072,-0.11471157406458754,3.715269389620582,0.2777777777777778,2.0,0.0,0.2972215511696466,0.0,0.06,True,8.95373299150324
2026-03-10 00:00:00,3315,2025-02-06 00:00:00,2026-02-06 00:00:00,True,0,0.55,0.7,0.06,0.85,0.15,0.12,1.3421484377291044,True,,0.9070320530934833,0.9824092062164487,-0.11580669673125432,4.010137254219224,0.2777777777777778,1.0,0.0,0.3208109803375379,0.0,0.03,True,8.95373299150324
2026-03-17 00:00:00,3320,2025-02-13 00:00:00,2026-02-13 00:00:00,True,0,0.55,0.7,0.06,0.85,0.15,0.12,0.8362845677699839,True,,0.6574385957266715,0.6702807205506838,-0.1176919317629137,4.092232554965433,0.2619047619047619,1.0,0.0,0.32737860439723465,0.0,0.03,True,8.95373299150324
2026-03-24 00:00:00,3325,2025-02-21 00:00:00,2026-02-23 00:00:00,True,0,0.55,0.7,0.06,0.85,0.15,0.12,1.8356929274871363,True,,0.9926065745498731,1.5004395820417993,-0.08316418096260347,4.0908164087022,0.25793650793650796,1.0,0.0,0.32726531269617604,0.0,0.03,True,8.95373299150324
2026-03-31 00:00:00,3330,2025-02-28 00:00:00,2026-03-02 00:00:00,True,0,0.55,0.7,0.06,0.85,0.15,0.12,2.832279540978399,True,,1.2871380337213096,2.3245625549668993,-0.06930064503123012,3.5563567089553794,0.24603174603174602,1.0,0.0,0.28450853671643034,0.0,0.03,True,8.95373299150324
2026-04-08 00:00:00,3335,2025-03-07 00:00:00,2026-03-09 00:00:00,True,0,0.55,0.7,0.06,0.85,0.15,0.12,3.56402773249432,True,,1.5945200195577578,2.85502031206624,-0.06930064503123012,3.5563567089553794,0.24206349206349206,1.0,0.0,0.28450853671643034,0.0,0.03,True,8.95373299150324
2026-04-15 00:00:00,3340,2025-03-14 00:00:00,2026-03-16 00:00:00,True,0,0.55,0.7,0.06,0.85,0.15,0.12,3.194114751449816,True,,1.434034466391255,2.5571972007853097,-0.06930064503123046,3.1959684446210894,0.24206349206349206,1.0,0.0,0.2556774755696872,0.0,0.03,True,8.95373299150324
2026-04-22 00:00:00,3345,2025-03-21 00:00:00,2026-03-23 00:00:00,True,0,0.55,0.7,0.06,0.85,0.15,0.12,2.8914137582843513,True,,1.3213871933653678,2.3589864637551927,-0.06930064503123046,3.5895325760646366,0.24603174603174602,1.0,0.0,0.2871626060851709,0.0,0.03,True,8.95373299150324
2026-04-29 00:00:00,3350,2025-03-28 00:00:00,2026-03-30 00:00:00,True,0,0.55,0.7,0.06,0.85,0.15,0.12,2.314141583812767,True,,1.2288185727095366,1.7929654784165965,-0.08527518669468992,3.9881171453755893,0.24603174603174602,1.0,0.0,0.31904937163004715,0.0,0.03,True,8.95373299150324
2026-05-06 00:00:00,3355,2025-04-04 00:00:00,2026-04-07 00:00:00,True,0,0.55,0.7,0.06,0.85,0.15,0.12,2.9139656463150394,True,,1.493007413308084,2.2293922484668656,-0.08527518669469003,4.156944572081718,0.24603174603174602,1.0,0.0,0.33255556576653744,0.0,0.03,True,8.95373299150324
2026-05-13 00:00:00,3360,2025-04-11 00:00:00,2026-04-14 00:00:00,True,0,0.55,0.7,0.06,0.85,0.15,0.12,3.2727327091061547,True,,1.6778499116788714,2.5227154491975137,-0.08527518669469025,4.916119524134105,0.24603174603174602,1.0,0.0,0.3932895619307284,0.0,0.03,True,8.95373299150324
2026-05-20 00:00:00,3365,2025-04-21 00:00:00,2026-04-21 00:00:00,True,0,0.55,0.7,0.06,0.85,0.15,0.12,3.6305982008742905,True,,1.811659148117808,2.8027857683590134,-0.08527518669468914,4.916119524134105,0.24603174603174602,1.0,0.0,0.3932895619307284,0.0,0.03,True,8.95373299150324
2026-05-28 00:00:00,3370,2025-04-28 00:00:00,2026-04-28 00:00:00,True,0,0.55,0.7,0.06,0.85,0.15,0.12,3.614176656976042,True,,1.7932261658381325,2.8000327791266444,-0.0852751866946897,4.863446652042574,0.24603174603174602,1.0,0.0,0.38907573216340596,0.0,0.03,True,8.95373299150324
