base_lt25,tier1,tier2,tier3,full,score,annual_turnover,avg_stock_weight,trade_ratio,net_final_capital,net_total_return,net_cagr,net_mdd,net_sharpe,net_sortino,net_calmar
0.76,0.78,0.84,0.92,0.98,-0.06660806444703843,6.476782841823056,0.6838486744116772,0.09115281501340483,613277091.9415071,5.132770919415071,0.1458480966889062,-0.3042445784571519,1.159606191674923,1.545772363587884,0.4793778000203432
0.76,0.78,0.82,0.92,0.98,-0.06950000386109823,6.506809651474532,0.6841286863270777,0.09085492999702115,611911270.5937285,5.119112705937286,0.14565633532346922,-0.3043760712302016,1.1589735979113487,1.5457377559663816,0.47854069058309245
0.78,0.78,0.84,0.92,0.98,-0.06980455447397332,6.5278284182305635,0.6879296991361334,0.09085492999702115,617537425.6230712,5.175374256230712,0.1464437202019151,-0.3043784148343349,1.1599299299017671,1.5468944914714131,0.48112386774082033
0.76,0.78,0.84,0.94,0.98,-0.07009910168296751,6.500804289544235,0.6850282990765564,0.09115281501340483,614788035.382514,5.14788035382514,0.146059773547639,-0.30662986771019674,1.1587733875383448,1.5437210961017238,0.4763390293266656
0.76,0.8,0.86,0.92,0.98,-0.07079889232974496,6.488793565683646,0.6857134346142388,0.09174858504617217,613681600.4830813,5.136816004830814,0.1459048138861685,-0.30627125754978735,1.1549269654179986,1.5365934804830041,0.4763908146439444
0.78,0.8,0.86,0.92,0.98,-0.07268619039211777,6.5278284182305635,0.6888233541852845,0.09174858504617217,617996208.1989257,5.179962081989257,0.1465076342615681,-0.30640470407246356,1.156198837877433,1.5387327150040866,0.47815073435334593
0.78,0.78,0.82,0.92,0.98,-0.07274210989210883,6.557855227882038,0.6872564789991064,0.09085492999702115,615735381.1108187,5.157353811108187,0.1461922474310715,-0.3045098823132717,1.1594723793850759,1.5467422121975534,0.48009032193140055
0.76,0.78,0.82,0.94,0.98,-0.07299168039921439,6.53083109919571,0.6853083109919571,0.09085492999702115,613418872.4133452,5.134188724133452,0.14586798003599188,-0.3067609081736795,1.158140045019508,1.5436796713898373,0.475510327911161
0.78,0.78,0.84,0.94,0.98,-0.07328939213781649,6.551849865951743,0.6891093238010129,0.09085492999702115,619058871.5799501,5.1905887157995005,0.1466555079605898,-0.30676324525017606,1.159109197169633,1.5448708464725356,0.4780739225815242
0.76,0.78,0.84,0.96,0.98,-0.07361172802712024,6.524825737265416,0.6862079237414358,0.09115281501340483,616296199.7294554,5.162961997294554,0.14627058175778607,-0.3090084490630204,1.1578915040386109,1.541547680971506,0.47335463545190987
0.76,0.8,0.84,0.92,0.98,-0.07371486590591658,6.518820375335121,0.6852785224903186,0.09174858504617217,611999454.7608396,5.119994547608396,0.14566872833297295,-0.306400399651817,1.1544430790941873,1.5365088730557166,0.4754195115231767
0.76,0.78,0.88,0.92,0.98,-0.07400505133345697,6.542841823056301,0.6850342567768841,0.09115281501340483,610181583.200364,5.1018158320036395,0.14541291820303504,-0.3044548328432185,1.1555464576118284,1.5417178615007547,0.4776173754414225
0.76,0.78,0.9,0.92,0.98,-0.07420256176130613,6.554852546916889,0.6851593684837652,0.09115281501340483,611139175.0112157,5.111391750112157,0.14554775785020202,-0.30389700956778887,1.156141439371989,1.5427640268445841,0.4789377758511157
0.76,0.8,0.86,0.94,0.98,-0.07427179220288754,6.512815013404826,0.6868930592791181,0.09174858504617217,615193561.3831322,5.151935613831323,0.14611650414019883,-0.30864957428946915,1.1541214505878759,1.5346133541395264,0.4734058178326287
0.76,0.78,0.86,0.92,0.98,-0.07478182145738244,6.566863270777479,0.6842120941316652,0.09472743521000894,610494317.3607103,5.1049431736071025,0.1454569761834763,-0.3038944591237025,1.1573699430337374,1.5446736088208377,0.4786430677377601
0.78,0.8,0.84,0.92,0.98,-0.07557187579634583,6.557855227882038,0.689103366100685,0.0914507000297885,616621711.1628237,5.166217111628237,0.14631601848533626,-0.3065338213325577,1.15557900219241,1.5387126065471217,0.4773242242871413
0.78,0.8,0.86,0.94,0.98,-0.07615513545278846,6.551849865951743,0.6900029788501637,0.09174858504617217,619518803.7150524,5.1951880371505235,0.14671943650108177,-0.3087825633161818,1.1554001515441663,1.5367708647561213,0.475154538926625
0.78,0.78,0.82,0.94,0.98,-0.07622850446231466,6.581876675603218,0.6884361036639857,0.09085492999702115,617252410.842182,5.17252410842182,0.14640399201416487,-0.30689426050655366,1.158648581509444,1.5447085089409964,0.47705027709711256
0.76,0.78,0.82,0.96,0.98,-0.07650510747760297,6.554852546916889,0.6864879356568364,0.09085492999702115,614923701.4140794,5.149237014140795,0.14607875624247457,-0.3091390384955315,1.15725738436176,1.5414979016741015,0.4725341611767551
0.76,0.8,0.82,0.92,0.98,-0.07660912099485584,6.548847184986594,0.6855585344057195,0.0914507000297885,610636478.8220302,5.106364788220302,0.14547699698540795,-0.30653148499015925,1.1538063011255033,1.5364587343576108,0.4745907161545845
0.78,0.78,0.84,0.96,0.98,-0.07679576861777926,6.5758713136729225,0.6902889484658922,0.09085492999702115,620577519.1681089,5.20577519168109,0.14686642661955074,-0.30914136905613643,1.158239633818323,1.5427249484973966,0.4750785282085023
0.76,0.78,0.84,0.92,1.0,-0.07692624066871456,6.629919571045576,0.6852427762883526,0.09115281501340483,617582677.0047618,5.175826770047618,0.14645002622830128,-0.3034134667943781,1.1612578733879066,1.5481590264779008,0.4826747730599242
0.76,0.78,0.84,0.98,0.98,-0.0771465556137545,6.548847184986596,0.6873875484063151,0.0777479892761394,617801545.0716332,5.178015450716332,0.1464805206537998,-0.3113803368090782,1.1569613560298586,1.5392440541321577,0.4704231556651371
0.76,0.78,0.88,0.94,0.98,-0.07717644868469198,6.554852546916889,0.6864462317545427,0.09115281501340483,611257993.1106974,5.112579931106974,0.14556447513847148,-0.30721109623508813,1.153898665416834,1.5382992877549058,0.47382557766429345
0.76,0.8,0.84,0.94,0.98,-0.07718929730010016,6.542841823056301,0.6864581471551979,0.09174858504617217,613507294.6770116,5.135072946770116,0.1458803782557292,-0.30877827214764364,1.1536350175816594,1.5345176570512722,0.4724437935386071
0.78,0.78,0.88,0.92,0.98,-0.07724054922553092,6.593887399463807,0.6881620494489127,0.09115281501340483,613994884.117971,5.139948841179709,0.14594871644561636,-0.30458862877560744,1.1560611871001412,1.5427499184260158,0.47916666171125444
0.76,0.78,0.9,0.94,0.98,-0.07737538466662297,6.566863270777479,0.6865713434614238,0.09115281501340483,612217284.1986237,5.122172841986236,0.14569933403296043,-0.30665547989758923,1.1544937752229636,1.539343868855394,0.4751238558711497
0.78,0.78,0.9,0.92,0.98,-0.07743826088263256,6.605898123324397,0.6882871611557938,0.09115281501340483,614958460.3535106,5.149584603535106,0.14608361916771884,-0.30403091280375616,1.1566553802119626,1.5437958669454777,0.48048936149467114
0.76,0.8,0.86,0.96,0.98,-0.07776534337391439,6.536836461126007,0.6880726839439976,0.09174858504617217,616702741.530273,5.16702741530273,0.14632732571374474,-0.3110212028090995,1.1532673634103565,1.5325193092116858,0.470473795330148
0.78,0.78,0.86,0.92,0.98,-0.07802213683311038,6.617908847184986,0.6873398868036938,0.09472743521000894,614309572.6956503,5.143095726956504,0.14599279503538432,-0.30402836285027446,1.1578743542645407,1.5456836653971835,0.4801946557442791
0.76,0.78,0.86,0.94,0.98,-0.0782737285967316,6.5908847184986605,0.6853917187965445,0.09472743521000894,611998397.2461954,5.119983972461954,0.1456685797243671,-0.30628095021664425,1.1565403396289988,1.542613804642208,0.47560443971892513
0.76,0.8,0.88,0.92,0.98,-0.07829970826965688,6.554852546916889,0.6867798629728925,0.09174858504617217,610156340.9986056,5.101563409986056,0.145409361171434,-0.30666316466788923,1.151059179283738,1.5328942994062909,0.4741663751135868
0.76,0.8,0.9,0.92,0.98,-0.07849843365932696,6.56686327077748,0.6869049746797735,0.09174858504617217,611113892.6810733,5.1111389268107335,0.14554420032747917,-0.3061071124620468,1.1516548003891076,1.5339373495709976,0.47546820835639586
0.78,0.8,0.82,0.92,0.98,-0.07851379567454864,6.587882037533513,0.688430145963658,0.0914507000297885,614822338.8096164,5.148223388096165,0.1460645737259021,-0.3066648814551609,1.1551126461127177,1.5385358882937683,0.47630029572609855
0.76,0.82,0.86,0.92,0.98,-0.07851843757020316,6.572868632707775,0.6879833184390827,0.09174858504617217,617504067.1367137,5.175040671367137,0.1464390712415644,-0.3084240001068209,1.1540684580040264,1.5347754599547103,0.47479791193566667
0.78,0.8,0.84,0.94,0.98,-0.07904176284216435,6.581876675603218,0.6902829907655644,0.0914507000297885,618140943.8328037,5.181409438328037,0.1465277886105103,-0.3089112364178762,1.1547795581454692,1.5367409832678813,0.4743362213354275
0.78,0.8,0.86,0.96,0.98,-0.07964467550319643,6.575871313672923,0.6911826035150432,0.09174858504617217,621038598.9499905,5.210385989499905,0.14693036960340744,-0.3111537356264048,1.154553046679369,1.5346952881220832,0.47221149155613346
0.78,0.78,0.82,0.96,0.98,-0.07973647384903426,6.605898123324397,0.6896157283288651,0.09085492999702115,618766650.4572165,5.187666504572165,0.1466148676853547,-0.3092719333683016,1.1577758786376904,1.5425523838751471,0.4740645751089089
0.76,0.78,0.82,0.92,1.0,-0.07981823796422571,6.659946380697052,0.6855227882037532,0.09085492999702115,616207266.7451038,5.162072667451039,0.14625816412801962,-0.30354511664155737,1.160625968814241,1.548124369064871,0.48183336219086415
0.76,0.78,0.82,0.98,0.98,-0.08004063543817586,6.578873994638069,0.6876675603217158,0.07745010425975574,616425717.7736099,5.164257177736099,0.14628866327747492,-0.311510476486457,1.1563264323900129,1.5391869966652323,0.4696107332487575
0.76,0.8,0.82,0.94,0.98,-0.0800842848161929,6.572868632707775,0.6867381590705987,0.0914507000297885,612140983.979922,5.12140983979922,0.1456886147659482,-0.3089089065828021,1.1529975432003114,1.534459647542998,0.47162322503931037
0.78,0.78,0.84,0.92,1.0,-0.08011998339682497,6.680965147453083,0.6893238010128089,0.09085492999702115,621872925.9093959,5.218729259093959,0.1470459633284935,-0.30354746304523406,1.1615854926447857,1.5492958073832406,0.4844249457837867
0.78,0.8,0.88,0.92,0.98,-0.08019929285969218,6.593887399463807,0.6896514745308311,0.09174858504617217,614338909.6831422,5.143389096831422,0.14599690321788228,-0.3067965358028254,1.1523770186619806,1.5349939173036555,0.475875331629275
0.78,0.78,0.84,0.98,0.98,-0.08032405304884505,6.5998927613941,0.6914685731307715,0.07745010425975574,622093328.1995049,5.220933281995048,0.14707647551290148,-0.31151280054292074,1.1573220432091929,1.540451192193653,0.4721362180191919
0.78,0.8,0.9,0.92,0.98,-0.08039833518714767,6.605898123324397,0.6897765862377122,0.09174858504617217,615303025.2991655,5.1530302529916545,0.1461318115401804,-0.30624059055987507,1.1529716550523883,1.5360360024939759,0.47717976011285557
0.78,0.82,0.86,0.92,0.98,-0.08039916199728836,6.6119034852546905,0.6910932380101281,0.09174858504617217,621845549.4469777,5.218455494469778,0.14704217267104047,-0.3085570325252637,1.155351763055794,1.5369457110194398,0.4765477923728772
0.78,0.78,0.88,0.94,0.98,-0.0804049958201064,6.605898123324397,0.6895740244265712,0.09115281501340483,615078027.2046999,5.150780272046998,0.14610034514369197,-0.30734436196922643,1.1544267872689784,1.5393632572333702,0.4753636741783492
0.76,0.78,0.84,0.94,1.0,-0.08041608328117439,6.653941018766755,0.6864224009532319,0.09115281501340483,619104276.0761844,5.191042760761844,0.1466618209395265,-0.3058016073949672,1.1604303161092688,1.5461221640844467,0.47959793994837
0.76,0.78,0.9,0.96,0.98,-0.08057155745009481,6.578873994638069,0.6879833184390823,0.09115281501340483,613289559.302564,5.132895593025641,0.14584984528683065,-0.3094046232460259,1.1527932396471905,1.5357802728388878,0.4713887069840479
0.78,0.78,0.9,0.94,0.98,-0.08060420203410606,6.617908847184986,0.6896991361334524,0.09115281501340483,616043313.3466028,5.160433133466028,0.1462352671222218,-0.3067888525107777,1.15502109916819,1.5404069519622363,0.47666421359649774
0.76,0.8,0.84,0.96,0.98,-0.08068441859923725,6.56686327077748,0.6876377718200773,0.09174858504617217,615012361.548566,5.15012361548566,0.1460911596741481,-0.3111494576793009,1.152778319292714,1.5324123027097067,0.4695208558734594
0.76,0.8,0.86,0.92,1.0,-0.08111054090015318,6.641930294906167,0.6871075364909145,0.09174858504617217,617990026.699572,5.17990026699572,0.14650677339433615,-0.30544256684785454,1.156596152438722,1.5390157927873538,0.47965408000029464
0.76,0.8,0.86,0.98,0.98,-0.08128095744952968,6.560857908847185,0.6892523086088769,0.07834375930890676,618209100.9877014,5.1820910098770145,0.14653727794122284,-0.3133861573600416,1.1523654992775885,1.5302953353128321,0.46759333333561953
0.76,0.82,0.84,0.92,0.98,-0.08143719111085618,6.60289544235925,0.6875484063151623,0.09174858504617217,615811443.7564757,5.158114437564757,0.14620287561775802,-0.30855274146187006,1.1535799024795277,1.534673752320384,0.4738343108704004
0.76,0.8,0.88,0.94,0.98,-0.08144928705074927,6.56686327077748,0.688191837950551,0.09174858504617217,611232789.7409377,5.1123278974093775,0.14556092936425125,-0.30941065002775203,1.1494440120031937,1.5295595345377528,0.47044576310219255
0.78,0.78,0.86,0.94,0.98,-0.08150893244897217,6.641930294906166,0.688519511468573,0.09472743521000894,615823058.4683032,5.158230584683032,0.14620449842743533,-0.3064143948748268,1.1570544636330047,1.543646642045001,0.4771463118994826
0.76,0.78,0.88,0.96,0.98,-0.08164949987213199,6.614906166219839,0.6869288054810843,0.09472743521000894,614038347.5876986,5.140383475876986,0.145954805639547,-0.30847624579042,1.1554721058010171,1.5401946711804164,0.4731476333471371
0.76,0.8,0.9,0.94,0.98,-0.08164950687034556,6.578873994638069,0.6883169496574322,0.09174858504617217,612192040.7600982,5.1219204076009825,0.1456957877689291,-0.3088567977312414,1.1500397344068496,1.5306003363812457,0.4717260194341247
0.76,0.78,0.86,0.96,0.98,-0.0817875334616115,6.614906166219839,0.6865713434614238,0.09472743521000894,613499710.6361098,5.134997106361098,0.1458793149163422,-0.3086607300229357,1.1556617017585986,1.5404286301884247,0.4726202614291177
0.76,0.82,0.86,0.94,0.98,-0.08197863409136913,6.596890080428954,0.6891629431039619,0.09174858504617217,619025489.2484821,5.1902548924848215,0.14665086625377866,-0.3107949108109954,1.1532801357478153,1.5328335876267836,0.4718573604410204
0.78,0.8,0.82,0.94,0.98,-0.08198517961445873,6.611903485254691,0.6896097706285373,0.0914507000297885,616337161.6778178,5.1633716167781785,0.14627630067899733,-0.30904184572403315,1.1543102365736004,1.5365545661423987,0.4733219876301752
0.78,0.8,0.84,0.96,0.98,-0.08253227779134598,6.605898123324397,0.6914626154304437,0.0914507000297885,619657382.5364443,5.196573825364443,0.14673868974092952,-0.3112819658253383,1.1539316665695147,1.5346553826422173,0.47140119200887226
0.78,0.8,0.86,0.92,1.0,-0.08299669990867775,6.680965147453083,0.69021745606196,0.09174858504617217,622334930.6883738,5.223349306883738,0.1471099111376586,-0.30557617277850446,1.157868375433162,1.5411623721742485,0.4814181347977369
0.78,0.78,0.82,0.92,1.0,-0.08305824112140803,6.710991957104558,0.688650580875782,0.09085492999702115,620058229.913724,5.200582299137239,0.14679435845544053,-0.3036790875680855,1.1611275063834934,1.549140253998619,0.4833864578262372
0.78,0.8,0.86,0.98,0.98,-0.08315614098588475,6.599892761394102,0.6923622281799227,0.07834375930890676,622555553.6860934,5.225555536860934,0.1471404329026098,-0.3135182352517528,1.1536583109078116,1.5324908057634945,0.4693201745807772
0.76,0.82,0.88,0.92,0.98,-0.08321886571472836,6.608900804289544,0.6893655049151027,0.09174858504617217,615211163.7661693,5.152111637661693,0.14611896582194328,-0.3088688592220793,1.1508544863279375,1.5314623701117207,0.4730776880193109
0.78,0.78,0.82,0.98,0.98,-0.08326639101779876,6.629919571045576,0.6907953529937444,0.07745010425975574,620278059.8846506,5.2027805988465055,0.14682487377888576,-0.31164291518646847,1.1568550776434305,1.5402681845431927,0.4711317556859412
0.78,0.82,0.84,0.92,0.98,-0.08328631920818058,6.641930294906166,0.6913732499255286,0.0914507000297885,620462491.0183244,5.204624910183243,0.1468504675574256,-0.30868574911546665,1.1547305083071686,1.536913189521472,0.4757280437409985
0.76,0.78,0.82,0.94,1.0,-0.08330870945684371,6.683967828418229,0.6867024128686327,0.09085492999702115,617725500.6282712,5.177255006282712,0.146469926675034,-0.30593280439189696,1.1597976753266166,1.546080759425544,0.47876502477781835
0.78,0.8,0.88,0.94,0.98,-0.08334374061571292,6.605898123324397,0.6910634495084896,0.09174858504617217,615422741.839646,5.15422741839646,0.1461485497805226,-0.3095434926529893,1.150770966407916,1.5316834852537393,0.47214221345095764
0.76,0.82,0.9,0.92,0.98,-0.08341928272676968,6.620911528150134,0.6894906166219839,0.09174858504617217,616176647.7348167,5.161766477348166,0.1462538884405329,-0.3083145759707472,1.1514491507216604,1.5325004245458136,0.47436579337854407
0.78,0.8,0.9,0.94,0.98,-0.0835442765597374,6.617908847184986,0.6911885612153709,0.09174858504617217,616388568.4481548,5.163885684481548,0.14628347736140057,-0.3089897468961965,1.1513656987939493,1.532723340844713,0.47342502083262894
0.76,0.8,0.82,0.96,0.98,-0.0835801649931433,6.596890080428955,0.6879177837354782,0.0914507000297885,613642722.3547305,5.1364272235473045,0.14589936418467353,-0.31127964248587836,1.152140120751497,1.5323462330475028,0.4687083389698138
0.78,0.78,0.84,0.94,1.0,-0.08360368830738962,6.704986595174263,0.6905034256776884,0.09085492999702115,623405101.5758396,5.234051015758396,0.14725786900150717,-0.3059351442601308,1.160769884076136,1.5472862514163648,0.4813368838602492
0.78,0.78,0.9,0.96,0.98,-0.08379322694341007,6.629919571045576,0.6911111111111111,0.09115281501340483,617122295.8187618,5.171222958187618,0.1463858496499988,-0.30953746703058393,1.15333412635296,1.5368768282534808,0.47291803171451
0.78,0.82,0.86,0.94,0.98,-0.08385543106893378,6.635924932975872,0.6922728626750074,0.09174858504617217,623377672.721622,5.23377672721622,0.14725407972413795,-0.3109274871581108,1.1545700657853806,1.5350223577627795,0.473596210711526
0.76,0.78,0.84,0.96,1.0,-0.08392747551255964,6.677962466487936,0.6876020256181113,0.09115281501340483,620623076.7415946,5.206230767415946,0.14687274654332683,-0.30818303206847464,1.1595537907417863,1.5439632285578866,0.47657635645136176
0.76,0.8,0.84,0.92,1.0,-0.08402705552021855,6.671957104557641,0.6866726243669943,0.09174858504617217,616296071.268969,5.16296071268969,0.1462705638221633,-0.305571863216031,1.1561120842111783,1.5389287675240446,0.4786781161155338
0.76,0.8,0.84,0.98,0.98,-0.08420155868806534,6.5908847184986605,0.6888173964849569,0.07834375930890676,616514615.5476654,5.165146155476654,0.14630107192277753,-0.31351397049545526,1.1518737826852286,1.5301776191818262,0.46664929059325067
0.76,0.78,0.88,0.92,1.0,-0.08431929070780064,6.695978552278821,0.6864283586535598,0.09115281501340483,614465435.8748293,5.144654358748293,0.14601461913727198,-0.3036239723389238,1.1572093248574473,1.5441204078504391,0.48090609582790605
0.76,0.82,0.82,0.92,0.98,-0.08433272599017727,6.632922252010724,0.687828418230563,0.0914507000297885,614439978.1870948,5.144399781870948,0.14601105487892618,-0.30868342002308136,1.152941820894656,1.5346127961826135,0.4730123013021186
0.76,0.78,0.9,0.92,1.0,-0.08451676116599072,6.7079892761394095,0.6865534703604409,0.09115281501340483,615429750.5733469,5.154297505733468,0.14614952961753347,-0.3030654827180871,1.1578032636696525,1.5451646613580767,0.48223746335864465
0.76,0.8,0.86,0.94,1.0,-0.08458237462491214,6.665951742627347,0.6882871611557938,0.09174858504617217,619512650.407899,5.19512650407899,0.14671858150825767,-0.30782372660023893,1.1557956385657069,1.5370493514325732,0.4766318149958483
0.76,0.8,0.9,0.96,0.98,-0.08482254064632155,6.59088471849866,0.6897289246350908,0.09174858504617217,613264355.3364471,5.132643553364471,0.1458463102944667,-0.31159718582003637,1.1483722392774744,1.527132851234177,0.46806042201774106
0.78,0.78,0.88,0.96,0.98,-0.0848779458033393,6.665951742627346,0.6900565981531127,0.09472743521000894,617875763.6360383,5.178757636360383,0.1464908591009524,-0.3086092681588182,1.1559988902316316,1.5412591511299327,0.47468068595258284
0.76,0.82,0.84,0.94,0.98,-0.08489878374437915,6.626916890080429,0.6887280309800417,0.09174858504617217,617328719.0963153,5.173287190963153,0.1464146302786451,-0.31092320930553874,1.1527891136390265,1.5327219527338314,0.47090286571294854
0.78,0.78,0.86,0.96,0.98,-0.08501728796311675,6.665951742627347,0.6896991361334524,0.09472743521000894,617333760.487387,5.173337604873869,0.14641533306478127,-0.3087937169037176,1.1561857407754317,1.5414871341122807,0.4741525654501378
0.76,0.78,0.9,0.98,0.98,-0.08505579225098192,6.63892761394102,0.6884658921656241,0.08132260947274352,616076360.1127653,5.160763601127653,0.14623988274078825,-0.3106668464867687,1.1543420692589705,1.5376115987859353,0.4707289638227187
0.76,0.78,0.86,0.92,1.0,-0.08509843276996842,6.72,0.6856061960083407,0.09472743521000894,614780365.6226976,5.1478036562269756,0.146058700261968,-0.30306292922737565,1.1590265071725765,1.5470638763275444,0.4819418218992602
0.78,0.82,0.88,0.92,0.98,-0.0851121639232083,6.647935656836461,0.6922371164730414,0.09174858504617217,619428382.8214289,5.194283828214289,0.14670687186277043,-0.3090018060668702,1.152181966883512,1.5335934712135102,0.4747767455799983
0.76,0.78,0.88,0.98,0.98,-0.08518428646794862,6.63892761394102,0.6881084301459636,0.08132260947274352,615538150.9112456,5.1553815091124555,0.14616468291871487,-0.31084996337047677,1.1545480206729277,1.5378880770705778,0.4702097479243164
0.78,0.82,0.9,0.92,0.98,-0.08531289363286043,6.659946380697051,0.6923622281799224,0.09174858504617217,620400485.0987622,5.204004850987621,0.14684186369042496,-0.3084476294381535,1.152775645108116,1.5346306041121438,0.4760674087782803
0.76,0.78,0.86,0.98,0.98,-0.08532326680657965,6.638927613941019,0.6877509681263032,0.08132260947274352,614998217.8011129,5.149982178011129,0.1460891810940823,-0.31103381284326903,1.1547348439703091,1.5381158359977898,0.4696890661456706
0.76,0.82,0.86,0.96,0.98,-0.0854580811709989,6.620911528150134,0.6903425677688411,0.09174858504617217,620544113.5435401,5.205441135435401,0.14686179218868722,-0.3131591542005059,1.1524435778264681,1.5307910929940485,0.4689685427322884
0.78,0.8,0.82,0.96,0.98,-0.08547722627183296,6.635924932975872,0.6907893952934168,0.0914507000297885,617849198.8191003,5.178491988191003,0.1464871588251253,-0.31141212558940734,1.1534593063048546,1.5344591067100462,0.470396451480077
0.78,0.8,0.84,0.92,1.0,-0.08588242580426819,6.710991957104557,0.6904974679773608,0.0914507000297885,620950783.817659,5.20950783817659,0.14691819470291634,-0.3057054442750694,1.1572492188199062,1.541142395103702,0.4805874329497431
0.76,0.8,0.88,0.96,0.98,-0.08591747706246089,6.626916890080429,0.6886744116770926,0.0953232052427763,614012939.5914187,5.140129395914188,0.14595124604999432,-0.31067176047081746,1.151020401419144,1.531472102066852,0.4697924453410501
0.78,0.8,0.84,0.98,0.98,-0.08604455463274152,6.629919571045576,0.6926422400953232,0.07804587429252309,621170987.1450528,5.211709871450528,0.14694872121076608,-0.3136460238008709,1.153036116657265,1.5324425859311503,0.46851772399340724
0.78,0.82,0.82,0.92,0.98,-0.08623117764788746,6.671957104557641,0.6907000297885018,0.0914507000297885,618651910.8322419,5.186519108322419,0.14659890556642874,-0.30881640253918674,1.154258731057899,1.5367197223940379,0.47471217319108017
0.76,0.82,0.88,0.94,0.98,-0.08635096622271937,6.620911528150134,0.6907774798927613,0.09174858504617217,616296613.3123997,5.162966133123997,0.14627063950211538,-0.311607577188603,1.149263625967154,1.5281876449791447,0.4694065555844424
0.78,0.8,0.86,0.94,1.0,-0.08646461789416404,6.704986595174263,0.6913970807268395,0.09174858504617217,623868264.0236247,5.238682640236247,0.14732183129952303,-0.3079568744880393,1.157074615845389,1.5392139976187336,0.4783846164968298
0.78,0.78,0.82,0.94,1.0,-0.08654348301508763,6.735013404825738,0.6898302055406612,0.09085492999702115,621585958.2093166,5.215859582093166,0.14700622092873172,-0.3060663160198427,1.160308867231224,1.5471207496771981,0.4803083947310331
0.76,0.82,0.9,0.94,0.98,-0.08655280581422542,6.632922252010722,0.6909025915996424,0.09174858504617217,617263810.825174,5.17263810825174,0.14640558138261728,-0.3110554868265245,1.1498583748947877,1.5292241692144775,0.4706735215516954
0.78,0.8,0.9,0.96,0.98,-0.08671220732489793,6.629919571045576,0.6926005361930295,0.09174858504617217,617468238.1222856,5.174682381222856,0.14643407772066874,-0.31172960784053405,1.149707434617477,1.5292796337182997,0.46974709503877926
0.78,0.82,0.84,0.94,0.98,-0.08674329485485588,6.665951742627346,0.692552874590408,0.0914507000297885,621991230.40287,5.219912304028701,0.14706234248019667,-0.31105576097299625,1.153948091563299,1.534982330240491,0.472784500181508
0.76,0.78,0.82,0.96,1.0,-0.0868208917218537,6.707989276139411,0.687882037533512,0.09085492999702115,619240942.4242203,5.192409424242204,0.14668082025724383,-0.30831377749527455,1.1589203855042227,1.5439135415599128,0.47575175345348286
0.76,0.8,0.82,0.92,1.0,-0.0869213429047998,6.701983914209115,0.6869526362823951,0.0914507000297885,614923526.3920262,5.149235263920262,0.14607873175549257,-0.3057031051418029,1.1554760362119136,1.5388787298189228,0.47784510297248295
0.76,0.8,0.82,0.98,0.98,-0.08709796473819353,6.620911528150135,0.6890974084003575,0.07804587429252309,615141654.2068167,5.151416542068167,0.14610924457623709,-0.31364370694531296,1.15123483378248,1.5301045528627675,0.465844655386989
0.78,0.78,0.84,0.96,1.0,-0.08710889316862092,6.729008042895443,0.6916830503425676,0.09085492999702115,624934459.4276453,5.249344594276454,0.14746890511572763,-0.3083161108398288,1.1599055548771768,1.545154513971716,0.4783042466189456
0.78,0.82,0.86,0.96,0.98,-0.08733106767530929,6.659946380697051,0.6934524873398868,0.09174858504617217,624906978.5314491,5.249069785314491,0.14746511724301792,-0.31329127575882565,1.153740284372481,1.5329968472670656,0.47069653275802625
0.76,0.78,0.84,0.98,1.0,-0.08746103024584462,6.701983914209115,0.6887816502829907,0.09115281501340483,622139038.8091909,5.221390388091908,0.14708280237379,-0.31055775512548556,1.158629105574329,1.5416741648666668,0.4736085315736488
0.76,0.78,0.88,0.94,1.0,-0.08748873154390224,6.707989276139411,0.6878403336312183,0.09115281501340483,615549450.4461626,5.155494504461625,0.146166262340514,-0.3063835302222201,1.1555691769665413,1.5407209339627919,0.4770695808436555
0.76,0.8,0.84,0.94,1.0,-0.08750040240565249,6.695978552278821,0.6878522490318737,0.09174858504617217,617814544.9302444,5.178145449302445,0.14648233158225277,-0.3079525781935152,1.1553090529400476,1.5369513440082174,0.4756652223583734
0.78,0.78,0.88,0.92,1.0,-0.08755273980229594,6.747024128686326,0.6895561513255882,0.09115281501340483,618305513.5396748,5.183055135396748,0.146550699539709,-0.30375792809667035,1.1577266727604174,1.5451636975888636,0.4824588462858804
0.76,0.78,0.9,0.94,1.0,-0.0876876274208433,6.720000000000001,0.6879654453380994,0.09115281501340483,616515476.4264281,5.1651547642642806,0.1463011920789914,-0.30582725017721535,1.156163239862023,1.5417636301729138,0.478378535575935
0.78,0.78,0.9,0.92,1.0,-0.08775040752796437,6.759034852546916,0.6896812630324696,0.09115281501340483,619275854.685116,5.19275854685116,0.14668567312812253,-0.3031995459075908,1.1583198248671287,1.5462077693700198,0.4837925224757078
0.76,0.82,0.82,0.94,0.98,-0.08779489215879932,6.656943699731904,0.6890080428954424,0.0914507000297885,615953897.9004788,5.159538979004789,0.14622277738159783,-0.31105343836765764,1.1521503732374538,1.5326546293490695,0.47008892796345186
0.78,0.8,0.88,0.96,0.98,-0.08781219668143403,6.665951742627346,0.6915460232350312,0.0953232052427763,618221953.8681611,5.182219538681611,0.14653906730350097,-0.31080436050728544,1.152345190150781,1.5335947400087833,0.47148330565351254
0.76,0.8,0.86,0.96,1.0,-0.08807482141650719,6.689973190348526,0.6894667858206732,0.09174858504617217,621032474.0398402,5.210324740398402,0.1469295204828378,-0.3101981901292584,1.1549466610273793,1.5349690600439596,0.4736633712195833
0.78,0.84,0.86,0.92,0.98,-0.08816393509542464,6.695978552278819,0.6933631218349716,0.09174858504617217,625703120.6911879,5.257031206911878,0.14757479238141658,-0.3107058732950657,1.1543973305439665,1.5349131033208718,0.4749662142410495
0.78,0.82,0.88,0.94,0.98,-0.08823921300444981,6.659946380697051,0.6936490914507,0.09174858504617217,620521277.5184398,5.205212775184398,0.14685862396726157,-0.31173999721020385,1.1505999584125475,1.5303429501685972,0.47109329980597886
0.78,0.78,0.9,0.98,0.98,-0.08827724497982248,6.689973190348526,0.6915936848376527,0.08132260947274352,619926518.9190037,5.199265189190037,0.1467760704236567,-0.31079944746849586,1.1548817263227793,1.5387095559770858,0.4722533183992698
0.78,0.78,0.86,0.92,1.0,-0.08833665585730621,6.771045576407507,0.6887339886803694,0.09472743521000894,618622411.4286624,5.186224114286624,0.14659480128458457,-0.303196992908073,1.159533630384304,1.5480853673410222,0.4834968839187366
0.76,0.82,0.84,0.96,0.98,-0.08837983193600474,6.650938337801608,0.689907655644921,0.09174858504617217,618843204.3750478,5.188432043750478,0.14662551603845397,-0.31328701108650303,1.151950025673529,1.5306676447165335,0.46802296568231666
0.78,0.78,0.88,0.98,0.98,-0.08840715116030318,6.689973190348526,0.6912362228179921,0.08132260947274352,619384946.18817,5.193849461881699,0.14670083542463752,-0.31098252912761226,1.1550848714147661,1.53897917638426,0.47173336661764226
0.78,0.82,0.9,0.94,0.98,-0.08844136402081282,6.671957104557641,0.6937742031575812,0.09174858504617217,621495105.0931386,5.2149510509313854,0.14699363506678198,-0.31118801304891275,1.1511937162089245,1.5313785753409834,0.4723627803866514
0.78,0.78,0.86,0.98,0.98,-0.08854741895720097,6.689973190348526,0.6908787607983318,0.08132260947274352,618841638.7751852,5.188416387751852,0.14662529828178839,-0.311166343234893,1.1552689906911309,1.539201067725093,0.4712119465025303
0.76,0.78,0.86,0.94,1.0,-0.08858914318506456,6.74402144772118,0.6867858206732201,0.09472743521000894,616295052.7349665,5.162950527349665,0.14627042161456427,-0.3054522731045257,1.1582021304889973,1.5450185577416244,0.47886506172606075
0.76,0.8,0.88,0.92,1.0,-0.088608137361953,6.7079892761394095,0.688173964849568,0.09174858504617217,614440017.7026926,5.1444001770269265,0.14601106041149814,-0.30583494211692885,1.1527382536562407,1.5353302805034936,0.4774178496441202
0.78,0.84,0.88,0.92,0.98,-0.08876755151104676,6.677962466487936,0.6946440274054215,0.08966338993148644,623334564.2747706,5.2333456427477065,0.14724812401016152,-0.3112044224106353,1.1509121426069622,1.530415023894188,0.47315562828302976
0.76,0.8,0.9,0.92,1.0,-0.08880682236312665,6.72,0.6882990765564492,0.09174858504617217,615404291.9930573,5.154042919930572,0.1461459704004009,-0.30527822568130125,1.1533328216196455,1.5363714612022152,0.478730410838314
0.78,0.8,0.82,0.92,1.0,-0.08882500823262673,6.741018766756033,0.6898242478403336,0.0914507000297885,619138778.7375971,5.191387787375971,0.1466666178559497,-0.30583666095498097,1.156782507197484,1.54096259668739,0.4795586552572877
0.76,0.82,0.86,0.92,1.0,-0.08882770520318628,6.726005361930294,0.6893774203157582,0.09174858504617217,621839330.705029,5.21839330705029,0.14704131157696887,-0.3075978809543015,1.155744998464494,1.537214976576351,0.4780309640651073
0.76,0.82,0.86,0.98,0.98,-0.08895984987398853,6.6449329758713125,0.6915221924337206,0.07834375930890676,622059899.8360734,5.220598998360734,0.14707184838038923,-0.3155167444819955,1.1515595650869206,1.5286154071867757,0.4661300896148846
0.78,0.8,0.82,0.98,0.98,-0.08899107545671137,6.659946380697052,0.6919690199582961,0.07804587429252309,619358410.2213708,5.193584102213708,0.1466971474985994,-0.3137757352944639,1.1525606479194885,1.5322362244767977,0.46752228103594745
0.76,0.8,0.9,0.98,0.98,-0.08930196454408434,6.650938337801608,0.6902114983616324,0.08191837950551087,616050951.3670372,5.160509513670371,0.1462363339395074,-0.31285537933369456,1.1499242319564706,1.5289803796978367,0.4674247067477473
0.78,0.8,0.84,0.94,1.0,-0.0893512747019824,6.735013404825739,0.6916770926422401,0.0914507000297885,622480730.590169,5.22480730590169,0.14713008273245687,-0.3080857012952616,1.1564547136410008,1.5391843249878958,0.4775621916690353
0.76,0.8,0.88,0.98,0.98,-0.08943363504226198,6.650938337801608,0.6898540363419721,0.08191837950551087,615512721.3363026,5.155127213363026,0.1461611283358346,-0.31303791599686237,1.1501223124974103,1.5292413661904651,0.46691190065710636
0.78,0.82,0.82,0.94,0.98,-0.08968960538885984,6.695978552278819,0.6918796544533811,0.0914507000297885,620176212.8196602,5.201762128196602,0.1468107372956624,-0.31118596498408957,1.153473438566616,1.5347793965788432,0.4717781449531909
0.76,0.82,0.9,0.96,0.98,-0.08970724333976865,6.644932975871315,0.6923145665773012,0.09174858504617217,618345092.4236425,5.183450924236425,0.14655620875864694,-0.3137871302661782,1.1482154890152962,1.5258272924957832,0.4670561492892547
0.78,0.8,0.86,0.96,1.0,-0.08995309292082865,6.729008042895443,0.6925767053917187,0.09174858504617217,625398777.6184747,5.253987776184747,0.1475328818650985,-0.31033088126230424,1.1562325456101716,1.5371519644101839,0.4754050942819246
0.78,0.78,0.82,0.96,1.0,-0.09005026069123523,6.759034852546917,0.6910098302055406,0.09085492999702115,623110877.0000166,5.231108770000166,0.1472172140311392,-0.3084468311162769,1.1594414334649754,1.544978895755595,0.47728554544832363
0.78,0.82,0.84,0.96,0.98,-0.09022007170491719,6.689973190348525,0.6937324992552877,0.0914507000297885,623517158.6762127,5.235171586762127,0.14727334801124847,-0.31341910805011364,1.153117562183967,1.532945053924182,0.469892690740797
0.78,0.84,0.9,0.92,0.98,-0.09028705427432537,6.713994638069705,0.6949478701221329,0.09174858504617217,625522440.6772401,5.255224406772402,0.1475499135488183,-0.31065201226772177,1.1524566224234905,1.5329468091254774,0.4749684783038164
0.76,0.78,0.82,0.98,1.0,-0.09035513627814729,6.73201072386059,0.6890616621983914,0.09085492999702115,620753552.03016,5.207535520301599,0.1468908442088439,-0.31068805025952795,1.1579949092123545,1.5416172701183095,0.4727920629265952
0.76,0.8,0.82,0.94,1.0,-0.09039541216413716,6.726005361930294,0.6881322609472743,0.0914507000297885,616438641.776558,5.164386417765581,0.146290467355368,-0.30808336867710095,1.1546723203037528,1.5368935035863036,0.4748405211989666
0.78,0.8,0.88,0.92,1.0,-0.0905067589805238,6.747024128686326,0.6910455764075067,0.09174858504617217,618651955.6342707,5.186519556342707,0.14659891179964268,-0.30596847256978377,1.1540561128186668,1.537436413120504,0.47913077634561557
0.78,0.78,0.84,0.98,1.0,-0.09063596551926117,6.753029490616621,0.692862675007447,0.09085492999702115,626460958.9937313,5.264609589937312,0.14767907100489586,-0.3106903770921622,1.1589933019887695,1.5428950218180888,0.47532553916560094
0.78,0.8,0.9,0.92,1.0,-0.09070575701527572,6.759034852546916,0.6911706881143878,0.09174858504617217,619622839.9489588,5.196228399489588,0.14673389099121503,-0.30541186322482117,1.154649700119429,1.538476658049335,0.48044594418128617
0.78,0.82,0.86,0.92,1.0,-0.09070735124732687,6.765040214477212,0.6924873398868038,0.09174858504617217,626211298.0048962,5.262112980048961,0.1476447305224271,-0.30773107228605145,1.157028525715049,1.539392281745635,0.47978492852741217
0.78,0.78,0.88,0.94,1.0,-0.09071529623569086,6.759034852546917,0.6909681263032469,0.09115281501340483,619396308.8647773,5.193963088647774,0.14670241454649346,-0.3065169551479857,1.156099786325494,1.5417957956503896,0.4786110917605385
0.76,0.82,0.88,0.96,0.98,-0.09081586466402253,6.680965147453083,0.6912600536193028,0.0953232052427763,619099703.9761266,5.190997039761266,0.14666118526038985,-0.3128646534740327,1.150837964718723,1.5301110719845612,0.4687687906955028
0.78,0.82,0.86,0.98,0.98,-0.09082880140827548,6.683967828418229,0.6946321120047662,0.07834375930890676,626433426.4080397,5.2643342640803965,0.1476752845614262,-0.31564841253131926,1.1528631921134562,1.5308400442575614,0.46784738556787
0.76,0.78,0.9,0.96,1.0,-0.09088182049783944,6.73201072386059,0.6893774203157581,0.09115281501340483,617595327.3684657,5.175953273684657,0.14645178904891454,-0.30857967949735665,1.1544704319356305,1.5382191136192522,0.47459958895371485
0.78,0.78,0.9,0.94,1.0,-0.09091445865741593,6.7710455764075075,0.6910932380101281,0.09115281501340483,620368371.9963531,5.203683719963531,0.1468374074022325,-0.3059607821097011,1.1566930534215032,1.542837637427272,0.479922316807206
0.76,0.8,0.84,0.96,1.0,-0.09099440084502841,6.720000000000001,0.689031873696753,0.09174858504617217,619330226.2770009,5.193302262770009,0.14669323037924076,-0.3103265982050222,1.1544574939157102,1.5348598510604445,0.472705953107911
0.78,0.84,0.84,0.92,0.98,-0.09105282896985278,6.726005361930294,0.6936431337503722,0.0914507000297885,624311482.5654902,5.243114825654902,0.14738299825109058,-0.3108341898646294,1.1537746156502409,1.5348656226437043,0.47415311139124355
0.78,0.8,0.9,0.98,0.98,-0.09119180194494092,6.689973190348526,0.6930831099195711,0.08191837950551087,620273940.5544606,5.202739405544606,0.14682430205304442,-0.31298755932652467,1.1512573444834022,1.5311266008904767,0.46910587235152623
0.76,0.82,0.82,0.96,0.98,-0.0912767953840502,6.680965147453083,0.6901876675603217,0.0914507000297885,617465033.8527218,5.1746503385272185,0.14643363112577767,-0.3134167919201446,1.1513105991993664,1.5305912130093051,0.46721692934400105
0.78,0.8,0.88,0.98,0.98,-0.09132443885967578,6.689973190348526,0.6927256478999105,0.08191837950551087,619732020.9918859,5.197320209918859,0.14674905787225145,-0.3131700608767115,1.1514536520759242,1.5313826464132534,0.468592232161118
0.76,0.8,0.86,0.98,1.0,-0.09158929057360266,6.713994638069705,0.6906464104855525,0.09174858504617217,622549457.3773235,5.2254945737732355,0.14713958965212925,-0.312565971703363,1.1540500088891328,1.5327589472394034,0.47074730768124157
0.78,0.82,0.9,0.96,0.98,-0.09159092038654804,6.683967828418229,0.6951861781352398,0.09174858504617217,622583803.2946242,5.225838032946242,0.14714434033071222,-0.3139191310262416,1.1495597972366554,1.528003927635655,0.4687332685003257
0.78,0.84,0.86,0.94,0.98,-0.09160652070900577,6.720000000000001,0.694542746499851,0.09174858504617217,627244792.5173032,5.272447925173032,0.14778680389536936,-0.31306893545000414,1.1536329116390167,1.5330376758726254,0.4720583461369016
0.76,0.82,0.84,0.92,1.0,-0.09174697095955725,6.7560321715817695,0.6889425081918379,0.09174858504617217,620134824.0532981,5.201348240532981,0.14680499187632678,-0.3077267760967862,1.1552563131599292,1.5371110069584892,0.4770627819210431
0.76,0.8,0.88,0.94,1.0,-0.09175590622919905,6.720000000000001,0.6895859398272266,0.09174858504617217,615524071.3788873,5.155240713788873,0.14616271487803756,-0.30858571147608194,1.1511304483172409,1.5320137923569113,0.4736535407906157
0.78,0.78,0.86,0.94,1.0,-0.09182230724451357,6.795067024128686,0.6899136133452487,0.09472743521000894,620146570.7734356,5.201465707734356,0.14680662254403698,-0.3055858771680673,1.1587188663500927,1.546062550918504,0.4804103641978707
0.78,0.84,0.88,0.94,0.98,-0.09187579185692318,6.689973190348526,0.6960560023830801,0.08966338993148644,624434429.5270562,5.244344295270563,0.1473999585904373,-0.3139338585512663,1.1493560779426728,1.5272341284848194,0.4695255213013809
0.76,0.82,0.84,0.98,0.98,-0.09188307458544731,6.6749597855227885,0.6910872803098004,0.07834375930890676,620354859.5165093,5.203548595165093,0.14683553223141588,-0.31564416100871384,1.151063422408912,1.5284815735853536,0.46519324723818434
0.76,0.8,0.9,0.94,1.0,-0.09195608575017694,6.73201072386059,0.6897110515341077,0.09174858504617217,616490057.0110369,5.164900570110369,0.1462976441264674,-0.3080311975792861,1.151725114013672,1.5330527483841627,0.47494424355770304
0.76,0.78,0.88,0.96,1.0,-0.0919629106755433,6.76804289544236,0.6883229073577598,0.09472743521000894,618349372.7277436,5.183493727277436,0.14655680453994546,-0.3076501930578166,1.1571405344903845,1.5426165727001027,0.47637481739659787
0.76,0.78,0.86,0.96,1.0,-0.09210171193914007,6.76804289544236,0.6879654453380994,0.09472743521000894,617806954.1272584,5.178069541272584,0.1464812741595638,-0.3078348976641131,1.1573288303855327,1.5428479429090034,0.4758436267982633
0.78,0.84,0.88,0.96,0.98,-0.09215971273182522,6.713994638069705,0.6961572832886506,0.09174858504617217,630508262.8603109,5.305082628603109,0.14823401263193237,-0.31529983709584875,1.1532894749440588,1.5311317541373362,0.4701366610185414
0.76,0.82,0.86,0.94,1.0,-0.09228690923075378,6.750026809651475,0.6905570449806374,0.09174858504617217,623371482.3501399,5.233714823501399,0.14725322450724043,-0.30997162581811033,1.1549615147215344,1.5352864049243427,0.475053883137187
0.78,0.8,0.82,0.94,1.0,-0.0922953349627218,6.765040214477212,0.6910038725052129,0.0914507000297885,620664284.6082866,5.206642846082866,0.14687846268927185,-0.3082164666198294,1.155985069675472,1.5389949325243137,0.47654320452138454
0.78,0.82,0.88,0.96,0.98,-0.09270446768697083,6.72,0.6941316651772416,0.0953232052427763,623343587.6547023,5.2334358765470235,0.14724937068066102,-0.31299683168287684,1.1521721147100252,1.5322642076038957,0.47045003583247647
0.78,0.8,0.84,0.96,1.0,-0.09284071352040346,6.759034852546917,0.6928567173071195,0.0914507000297885,624007863.9810299,5.2400786398102985,0.14734110130821865,-0.3104592646373322,1.1556118689764083,1.5371123452096296,0.4745907695179831
0.8,0.78,0.84,0.92,0.98,-0.09289967377341346,6.8190884718498666,0.6937027107536492,0.10247244563598451,621326125.5102273,5.213261255102273,0.14697022183613306,-0.30550671274914376,1.1597529845142736,1.5493189710852087,0.48107035198539994
0.78,0.82,0.82,0.96,0.98,-0.09316785329969057,6.72,0.6930592791182604,0.0914507000297885,621697711.9858708,5.216977119858709,0.14702169982105096,-0.31354886391895176,1.1526399613247686,1.5327326495312197,0.4688956546787365
0.78,0.84,0.9,0.94,0.98,-0.09339742089147829,6.726005361930294,0.6963598450997915,0.09174858504617217,626626182.0473711,5.266261820473711,0.1477017902203106,-0.31338363386562074,1.1508991223359626,1.529760805119232,0.4713130306085011
0.78,0.8,0.86,0.98,1.0,-0.09346345165849579,6.753029490616623,0.6937563300565982,0.09174858504617217,626926430.9720426,5.269264309720426,0.1477430621680882,-0.3126982073670054,1.1553429461234839,1.5349611466165165,0.47247812327458016
0.76,0.82,0.88,0.92,1.0,-0.09352505382882348,6.762037533512065,0.6907596067917784,0.09174858504617217,619530329.7231842,5.195303297231843,0.14672103800153358,-0.3080432714741138,1.1525398902155781,1.5339158978072176,0.47630009024190995
0.78,0.78,0.82,0.98,1.0,-0.09357894629919994,6.783056300268097,0.6921894548704199,0.09085492999702115,624632945.9323403,5.246329459323403,0.1474273370965451,-0.31082064716247015,1.1585260054928939,1.5427090642099772,0.4743164215197159
0.78,0.82,0.84,0.92,1.0,-0.0935945316958331,6.795067024128687,0.6927673518022043,0.0914507000297885,624818529.6324357,5.2481852963243565,0.14745292470334181,-0.307859942634106,1.156407971143931,1.5393600091459823,0.478961060804818
0.78,0.8,0.88,0.94,1.0,-0.09364944372767847,6.759034852546916,0.6924575513851653,0.09174858504617217,619743444.8959048,5.197434448959048,0.14675064468067944,-0.3087187127875245,1.1524573295062184,1.5341440168715161,0.4753539017949991
0.78,0.82,0.84,0.98,0.98,-0.0937185818965589,6.713994638069705,0.6949121239201669,0.07804587429252309,625040235.4594404,5.250402354594404,0.14748348348443474,-0.3157758045480358,1.1522396949867804,1.5307801960137872,0.4670512476265406
0.76,0.82,0.9,0.92,1.0,-0.09372542699053144,6.774048257372655,0.6908847184986596,0.09174858504617217,620502591.9912745,5.205025919912745,0.14685603149684479,-0.3074883261060949,1.1531335025666125,1.5349521267538668,0.47759872173545215
0.78,0.8,0.9,0.94,1.0,-0.09384993546407805,6.771045576407507,0.6925826630920465,0.09174858504617217,620716052.2905183,5.207160522905183,0.14688564314173047,-0.3081643055577119,1.153051009343397,1.5351820556305087,0.47664716676351815
0.76,0.8,0.82,0.96,1.0,-0.09389015938170331,6.750026809651475,0.6893118856121536,0.0914507000297885,617950971.1516212,5.1795097115162125,0.14650133413473876,-0.3104569385225505,1.1538200490480346,1.5347940186677604,0.4718893861156123
0.76,0.84,0.86,0.92,0.98,-0.0939977582141226,6.723002680965147,0.6875424486148346,0.09442955019362526,615253998.3246647,5.152539983246647,0.1461249559347655,-0.3105732543098313,1.1498947417935685,1.527502806854006,0.470500772062586
0.78,0.78,0.9,0.96,1.0,-0.09410157126684299,6.783056300268097,0.6925052129877867,0.09115281501340483,621454977.7040421,5.21454977704042,0.14698807568670635,-0.3087126819691195,1.1550136770647499,1.539326242771707,0.47613228827900744
0.78,0.82,0.86,0.94,1.0,-0.09416266377557725,6.7890616621983915,0.6936669645516832,0.09174858504617217,627754226.2931222,5.277542262931222,0.14785675555607125,-0.3101043605333481,1.156251595737942,1.5374820436292485,0.4767967638435416
0.76,0.82,0.9,0.98,0.98,-0.09418354848911131,6.704986595174263,0.6927971403038428,0.08191837950551087,621154682.7770549,5.211546827770549,0.14694646130006372,-0.3150412989956076,1.1497656204007018,1.52768353731936,0.46643554914402663
0.76,0.82,0.88,0.98,0.98,-0.09431731196852244,6.704986595174263,0.6924396782841824,0.08191837950551087,620611950.3910092,5.2061195039100925,0.1468712030923034,-0.3152232561250049,1.1499582182623702,1.527934507348346,0.46592756162020027
0.78,0.84,0.84,0.94,0.98,-0.09449608553325928,6.750026809651475,0.6948227584152518,0.0914507000297885,625849749.4116285,5.258497494116285,0.14759497761878393,-0.31319681062506965,1.1530095155400832,1.532982958244606,0.47125313097607185
0.76,0.8,0.84,0.98,1.0,-0.09451037786073918,6.74402144772118,0.6902114983616324,0.09174858504617217,620843075.2009027,5.208430752009027,0.14690325954731254,-0.31269393751630026,1.153558199230064,1.5326391324771311,0.46979887334609644
0.76,0.82,0.82,0.92,1.0,-0.09464252290228237,6.786058981233245,0.6892225201072387,0.0914507000297885,618753729.9405079,5.187537299405079,0.14661307037140237,-0.3078576107595141,1.1546189820056802,1.5370502506784252,0.47623662773739434
0.76,0.84,0.88,0.92,0.98,-0.09464326577579901,6.704986595174263,0.6881084301459637,0.09264224009532321,612607436.2983662,5.126074362983662,0.14575412642501884,-0.3110718993453788,1.1465163482083631,1.5228935004075401,0.46855446194832934
0.76,0.82,0.82,0.98,0.98,-0.0947806665861427,6.704986595174263,0.6913672922252011,0.07804587429252309,618973346.0564185,5.189733460564185,0.14664361544580506,-0.3157734948817623,1.1504232841052158,1.5283983685100517,0.46439494708292106
0.78,0.84,0.86,0.96,0.98,-0.0950685506595047,6.74402144772118,0.6957223711647305,0.09174858504617217,628783629.660749,5.287836296607489,0.14799794547953438,-0.31542535243950776,1.152820751605267,1.5310585959718295,0.46920117338354217
0.76,0.8,0.9,0.96,1.0,-0.0951272887068414,6.74402144772118,0.6911230265117663,0.09174858504617217,617569947.7028277,5.175699477028277,0.14644825237398051,-0.31077486117489694,1.1500650631035698,1.5296034995372414,0.47123583876870534
0.78,0.78,0.88,0.96,1.0,-0.09518938221013229,6.8190884718498666,0.6914507000297885,0.09472743521000894,622213735.4555578,5.222137354555578,0.14709314030183118,-0.30778337432674485,1.1576698016400848,1.543691873315022,0.47791126022835834
0.76,0.82,0.84,0.94,1.0,-0.09520755395001845,6.780053619302948,0.6901221328567172,0.09174858504617217,621662799.6814384,5.216627996814385,0.1470168644327028,-0.3101000775706988,1.1544703909242193,1.5351726064306828,0.4740948973132225
0.78,0.78,0.86,0.96,1.0,-0.09532947965782312,6.8190884718498666,0.6910932380101281,0.09472743521000894,621667927.0202725,5.216679270202725,0.1470175745898865,-0.3079680434030335,1.1578553800904083,1.5439173214253172,0.4773793182089566
0.76,0.78,0.9,0.98,1.0,-0.09536715944900936,6.7920643431635375,0.6898599940422997,0.09472743521000894,620401741.580588,5.20401741580588,0.14684203804623075,-0.3098434125125694,1.156017246328885,1.5400507446929412,0.4739233823158135
0.78,0.82,0.88,0.92,1.0,-0.09541744798920304,6.801072386058981,0.693631218349717,0.09174858504617217,623777161.3427829,5.237771613427829,0.14730925357579006,-0.30817637712998913,1.1538672730260828,1.5360532126846107,0.4780030674241292
0.76,0.78,0.88,0.98,1.0,-0.09549643617255721,6.7920643431635375,0.6895025320226392,0.09472743521000894,619859753.6914624,5.198597536914624,0.14676679871936216,-0.3100267481361745,1.1562218641749096,1.5403245578333231,0.4734004391611304
0.78,0.82,0.9,0.92,1.0,-0.09561812996480579,6.813083109919571,0.693756330056598,0.09174858504617217,624756088.3921487,5.247560883921487,0.14744431631660504,-0.3076215385119506,1.1544599033569556,1.5370885488510475,0.47930426793206177
0.76,0.78,0.86,0.98,1.0,-0.09563617050657236,6.792064343163539,0.6891450700029789,0.09472743521000894,619316029.790414,5.193160297904139,0.14669125723128285,-0.3102108172239707,1.1564074148461838,1.540549791686796,0.4728760220033606
0.78,0.84,0.88,0.98,0.98,-0.09564194190747416,6.738016085790885,0.69733690795353,0.07834375930890676,632048413.3647372,5.320484133647372,0.14844432357329196,-0.31765005539414315,1.1524329503703987,1.529035199544033,0.46732031382491296
0.76,0.82,0.86,0.96,1.0,-0.09576533814784621,6.774048257372654,0.6917366696455168,0.09174858504617217,624900816.7365149,5.249008167365149,0.14746426790113998,-0.3123386953889574,1.15412990228039,1.533257158337611,0.4721293585397793
0.78,0.8,0.82,0.96,1.0,-0.0957862862731807,6.7890616621983915,0.6921834971700923,0.0914507000297885,622186985.3940179,5.22186985394018,0.1470894382567025,-0.31058957988243385,1.15513921985338,1.5369131993509255,0.4735813684167371
0.8,0.78,0.82,0.92,0.98,-0.09583949758210941,6.849115281501342,0.693029490616622,0.10247244563598451,619513025.1403733,5.195130251403733,0.146718633576999,-0.3056379669878858,1.1592914449211957,1.5491542025033174,0.4800406017057897
0.78,0.82,0.9,0.98,0.98,-0.09606741528759649,6.74402144772118,0.6956687518617812,0.08191837950551087,625412657.7112156,5.254126577112157,0.1475347936772633,-0.3151730585022162,1.1511078277371491,1.529859469166981,0.46810724996097935
0.76,0.84,0.9,0.92,0.98,-0.09616070670068433,6.7410187667560315,0.688412272862675,0.09472743521000894,614757660.9620893,5.147576609620893,0.1460555229599021,-0.3105193829197187,1.1480685192699582,1.5254311472626727,0.4703587955978359
0.78,0.82,0.88,0.98,0.98,-0.09620211753937524,6.744021447721179,0.6953112898421209,0.08191837950551087,624866204.9299715,5.248662049299715,0.1474594968653984,-0.3153549806301129,1.151298713072178,1.5301056246332456,0.46759843960846464
0.76,0.8,0.88,0.96,1.0,-0.0962252544781182,6.78005361930295,0.6900685135537682,0.0953232052427763,618323787.6010231,5.183237876010231,0.14655324325491748,-0.3098483303681533,1.1527047075100032,1.5339264017811627,0.4729838081773329
0.78,0.8,0.84,0.98,1.0,-0.09635187241326704,6.783056300268097,0.6940363419719987,0.0914507000297885,625532143.5789267,5.255321435789267,0.1475512497640099,-0.31282614856427726,1.1547214677695075,1.5349132911115726,0.4716717270637373
0.8,0.78,0.84,0.94,0.98,-0.09637617387468178,6.843109919571047,0.6948823354185285,0.10247244563598451,622856899.7285017,5.2285689972850165,0.14718210601791126,-0.30788767497106606,1.1589451806391127,1.547321916905788,0.4780383171614219
0.78,0.84,0.9,0.96,0.98,-0.09652877556271011,6.738016085790885,0.6977718200774501,0.09174858504617217,627723953.0781522,5.277239530781522,0.1478526001307714,-0.3161060195517337,1.1492899614132979,1.5264525250827357,0.4677310490336105
0.78,0.82,0.82,0.92,1.0,-0.0965400230793293,6.825093833780161,0.6920941316651772,0.0914507000297885,622995238.0297587,5.229952380297587,0.1472012305631909,-0.3079907521293149,1.1559358973942657,1.53916360819958,0.4779404236831957
0.76,0.82,0.88,0.94,1.0,-0.09665544759042377,6.774048257372654,0.6921715817694369,0.09174858504617217,620623447.7910308,5.206234477910308,0.1468727980149862,-0.3107852629605059,1.1509561686387269,1.5306589119652836,0.4725861085428963
0.78,0.82,0.82,0.98,0.98,-0.09666788333303761,6.74402144772118,0.6942389037831398,0.07804587429252309,623216368.0692871,5.232163680692871,0.14723179247658869,-0.31590511354226036,1.1517590774743498,1.5305580102186036,0.4660633404305204
0.76,0.82,0.9,0.94,1.0,-0.09685724308561561,6.786058981233243,0.6922966934763182,0.09174858504617217,621597435.7087063,5.215974357087062,0.14700781078311143,-0.31023251310284716,1.1515498622378686,1.531693636972402,0.4738633269375474
0.76,0.84,0.84,0.92,0.98,-0.09691973721953978,6.753029490616623,0.6871075364909145,0.09442955019362526,613567542.546037,5.135675425460369,0.14588882502670608,-0.31070159556727883,1.1493999492637668,1.5273811951949774,0.469546430105524
0.78,0.8,0.9,0.96,1.0,-0.09701608370116838,6.783056300268098,0.6939946380697051,0.09174858504617217,621803350.0539387,5.218033500539388,0.14703632926736487,-0.31090744137878557,1.151400096246495,1.531756330383527,0.4729263751787375
0.78,0.82,0.84,0.94,1.0,-0.09705054016503001,6.8190884718498666,0.6939469764670837,0.0914507000297885,626358050.1655611,5.2635805016556105,0.1476649175886675,-0.31023278757679884,1.155630333220911,1.5374423395854324,0.47598101652009533
0.76,0.8,0.82,0.98,1.0,-0.09740678608483744,6.774048257372655,0.690491510277033,0.0914507000297885,619460474.4977094,5.194604744977094,0.14671133142789738,-0.31282382894115,1.152920016061736,1.5325663699796446,0.46899026817901857
0.76,0.84,0.86,0.94,0.98,-0.0974451337951523,6.747024128686326,0.688722073279714,0.09442955019362526,616769920.0649893,5.167699200649893,0.14633669897268597,-0.31293677111379814,1.149122325861363,1.525605690382002,0.4676238540196072
0.78,0.82,0.86,0.96,1.0,-0.09763732136209496,6.813083109919571,0.6948465892165623,0.09174858504617217,629294317.5379432,5.292943175379432,0.14806791059618885,-0.3124709747717531,1.1554266877993298,1.535469565696446,0.47386132649391266
0.76,0.84,0.88,0.94,0.98,-0.09775950088365282,6.716997319034852,0.6895204051236222,0.09264224009532321,613688369.2420467,5.136883692420467,0.1459057626573288,-0.31380186062475357,1.1449452967307248,1.5196758537677884,0.46496143256398315
0.78,0.84,0.84,0.96,0.98,-0.09795921631270577,6.774048257372654,0.696002383080131,0.0914507000297885,627385187.9675524,5.273851879675524,0.14780608719925303,-0.3155527874678765,1.1521966463241289,1.5309924181777135,0.46840368099838064
0.76,0.84,0.88,0.96,0.98,-0.09800332275452828,6.7410187667560315,0.6903366100685135,0.09442955019362526,619978886.0868658,5.199788860868658,0.14678334201942245,-0.315168101981221,1.1487712370533154,1.523678858861088,0.46573032326782987
0.76,0.82,0.82,0.94,1.0,-0.0981036700155512,6.810080428954423,0.690402144772118,0.0914507000297885,620278326.2765477,5.202783262765477,0.14682491075155513,-0.31023046219700845,1.1538324121357484,1.5351055460804908,0.47327689779966087
0.78,0.8,0.88,0.96,1.0,-0.09811906122997915,6.8190884718498666,0.6929401251117068,0.0953232052427763,622562357.4762511,5.225623574762511,0.147141374003948,-0.3099810888006579,1.1540294270653182,1.5360552682694293,0.4746785507891787
0.78,0.84,0.86,0.92,1.0,-0.09846975178024037,6.849115281501342,0.6947572237116473,0.09174858504617217,630095953.1129415,5.300959531129415,0.14817763020032282,-0.30988247994440343,1.1560814937962975,1.5373766599701502,0.47817362965117494
0.78,0.82,0.88,0.94,1.0,-0.09854283368611039,6.813083109919571,0.6950431933273755,0.09174858504617217,624877777.1688948,5.248777771688948,0.14746109205826619,-0.31091784116349375,1.1522923141598302,1.5328202158984787,0.47427671408770944
0.78,0.84,0.86,0.98,0.98,-0.09855226486030705,6.76804289544236,0.6969019958296098,0.07834375930890676,630319591.4018011,5.303195914018011,0.14820821646734128,-0.3177751384228473,1.1519616093237415,1.5289516609031106,0.4663933660855749
0.78,0.78,0.9,0.98,1.0,-0.09858670011073367,6.843109919571045,0.6929877867143283,0.09472743521000894,624278936.8464304,5.2427893684643045,0.14737850810337227,-0.30997617189107907,1.156559256408008,1.5411592195321147,0.4754510877537995
0.76,0.82,0.84,0.96,1.0,-0.09868756582812865,6.804075067024128,0.6913017575215966,0.09174858504617217,623187965.860349,5.231879658603491,0.1472278676290273,-0.3124667050051093,1.1536362768661697,1.5331316540258924,0.47117937774080565
0.78,0.78,0.88,0.98,1.0,-0.09871737789286777,6.843109919571045,0.6926303246946678,0.09472743521000894,623733561.8087282,5.2373356180872825,0.14730323358103292,-0.3101594722480162,1.1567610961469443,1.5414262132954664,0.4749274059353674
0.78,0.82,0.9,0.94,1.0,-0.09874493671438456,6.825093833780161,0.6951683050342568,0.09174858504617217,625858441.7041337,5.258584417041337,0.147596174081855,-0.31036519763348414,1.152885020875522,1.5338540704282688,0.47555645802837077
0.78,0.78,0.86,0.98,1.0,-0.09885838761405874,6.843109919571047,0.6922728626750074,0.09472743521000894,623186439.9099076,5.231864399099075,0.14722765675613703,-0.31034350592805326,1.156943970161449,1.5416456318511658,0.47440224765092626
0.78,0.84,0.88,0.92,1.0,-0.09906989906937241,6.831099195710456,0.6960381292820971,0.08966338993148644,627710767.9295018,5.277107679295018,0.14785079022539538,-0.31038162459968666,1.1526059162245046,1.5328950499813598,0.47635162170468465
0.76,0.82,0.86,0.98,1.0,-0.09926604095311808,6.798069705093834,0.6929162943103961,0.09174858504617217,626427293.3953073,5.264272933953073,0.14767444109240246,-0.31469910389051825,1.1532509358400145,1.5310949040857273,0.469255994906733
0.76,0.84,0.9,0.94,0.98,-0.0992790847078,6.753029490616623,0.6898242478403336,0.09472743521000894,615842403.3029048,5.158424033029048,0.14620720122845143,-0.3132515300768406,1.1464960156308077,1.5222082708294533,0.46674058125936946
0.78,0.8,0.82,0.98,1.0,-0.09929899889563998,6.813083109919572,0.6933631218349716,0.0914507000297885,623706840.8008912,5.237068408008912,0.1472995438921907,-0.3129560150030518,1.154245744051433,1.534704158270507,0.4706717136935498
0.8,0.78,0.82,0.94,0.98,-0.09931752192803056,6.87313672922252,0.6942091152815013,0.10247244563598451,621039356.0565457,5.210393560565457,0.14693047456355202,-0.30801847772075386,1.1584806480952812,1.547147240857855,0.4770183777635495
0.76,0.8,0.9,0.98,1.0,-0.09960784499902386,6.804075067024129,0.6916056002383081,0.0953232052427763,620376155.7013451,5.203761557013451,0.14683848755516515,-0.3120345596430112,1.1516149921468384,1.5314511429028888,0.47058405236637374
0.76,0.8,0.88,0.98,1.0,-0.09974026937066366,6.804075067024129,0.6912481382186476,0.0953232052427763,619834146.8356653,5.198341468356653,0.14676324244364825,-0.31221731435298117,1.1518118053356978,1.531709580923882,0.47006759617989424
0.8,0.78,0.84,0.96,0.98,-0.09987455102001341,6.867131367292226,0.6960619600834077,0.10247244563598451,624384858.4492621,5.243848584492621,0.14739312071012112,-0.3102619414612262,1.1580888137709013,1.5451986287421757,0.4750602668698281
0.78,0.82,0.82,0.94,1.0,-0.09999746611851396,6.84911528150134,0.6932737563300566,0.0914507000297885,624530289.8710963,5.245302898710962,0.14741318023082783,-0.31036314712215973,1.1551554155494987,1.5372365648743824,0.4749699878922984
0.76,0.82,0.9,0.96,1.0,-0.1000099695193849,6.798069705093833,0.6937086684539767,0.09174858504617217,622686356.7749267,5.226863567749267,0.1471585239403408,-0.31296742159711044,1.1499141968489586,1.5283142951170532,0.47020396943992804
0.8,0.78,0.88,0.92,0.98,-0.10017652441976527,6.88514745308311,0.6942031575811737,0.10277033065236818,618126625.5687854,5.181266255687854,0.14652579499551122,-0.30571658572349236,1.156102177007683,1.5455614551489354,0.47928637776962996
0.76,0.84,0.84,0.94,0.98,-0.10036846670493382,6.777050938337801,0.6882871611557938,0.09442955019362526,615079332.5055158,5.150793325055158,0.14610052772310778,-0.31306467089182377,1.1486251284512046,1.525474427443433,0.4666784256010519
0.8,0.78,0.9,0.92,0.98,-0.10037483987629514,6.8971581769437,0.6943282692880548,0.10277033065236818,619096685.975406,5.19096685975406,0.1466607656521255,-0.3051597743667108,1.1566955915905723,1.5466078565382113,0.4806032051782916
0.8,0.78,0.86,0.92,0.98,-0.10051695436828162,6.90916890080429,0.6941852844801907,0.10604706583258862,619535981.3318818,5.1953598133188175,0.14672182326367467,-0.30515722854925276,1.15847417344372,1.549539812219061,0.4808073004241274
0.78,0.82,0.84,0.96,1.0,-0.10052632746632667,6.843109919571045,0.695126601131963,0.0914507000297885,627894740.0530584,5.278947400530583,0.14787604062304083,-0.3125989597638169,1.1548046889997858,1.535418168977476,0.47305352754458324
0.78,0.84,0.9,0.92,1.0,-0.10059004355823264,6.867131367292226,0.6963419719988084,0.09174858504617217,629914004.6107962,5.299140046107962,0.14815273829850995,-0.30982855457759895,1.1541472997914675,1.5354221383577498,0.4781765144290597
0.76,0.84,0.86,0.96,0.98,-0.10091155501869487,6.771045576407506,0.6899016979445934,0.09442955019362526,618283054.4390506,5.182830544390505,0.14654757317960132,-0.3152936414738108,1.148301951094058,1.523609430711959,0.46479710943290303
0.78,0.84,0.9,0.98,0.98,-0.10100213372389649,6.798069705093834,0.6982543938039917,0.08191837950551087,630576069.7531434,5.305760697531435,0.148243281806673,-0.3173559279903111,1.1508361809591585,1.5283168788933232,0.46711993926011963
0.76,0.82,0.88,0.96,1.0,-0.10112152425248755,6.834101876675603,0.6926541554959785,0.0953232052427763,623446266.288489,5.23446266288489,0.14726355558891435,-0.31204384286960685,1.1525283658918561,1.5325821786477212,0.4719322587321522
0.78,0.82,0.86,0.98,1.0,-0.10113402571548608,6.8371045576407505,0.6960262138814417,0.09174858504617217,630831530.9859278,5.308315309859278,0.14827819497616268,-0.3148309292222019,1.154554569141928,1.533326006746016,0.4709772173353103
0.78,0.84,0.84,0.92,1.0,-0.10135865176085568,6.879142091152815,0.6950372356270479,0.0914507000297885,628694544.8057045,5.286945448057045,0.1479857353177354,-0.31001094979397736,1.155459500168816,1.5373295445249586,0.4773564785891648
0.78,0.84,0.84,0.98,0.98,-0.10144367025397949,6.798069705093834,0.6971820077450105,0.07804587429252309,628917757.6035972,5.289177576035971,0.14801632632603479,-0.31790213454963656,1.1513367683581612,1.5288777056992364,0.4656034365284321
0.76,0.84,0.88,0.98,0.98,-0.10149041289724392,6.765040214477211,0.691516234733393,0.08102472445635985,621493311.8533134,5.214933118533135,0.14699338663254302,-0.31751877245740767,1.14790634989037,1.5215607764047914,0.4629439245273628
0.78,0.8,0.9,0.98,1.0,-0.10149681273347833,6.843109919571045,0.6944772117962467,0.0953232052427763,624628798.9470699,5.246287989470699,0.14742676524495746,-0.31216689752973614,1.1529479460054486,1.5336033803024018,0.4722690535466337
0.76,0.82,0.82,0.96,1.0,-0.10158452712035304,6.834101876675603,0.6915817694369972,0.0914507000297885,621800119.5071143,5.218001195071143,0.1470358819143187,-0.3125966408671379,1.1529976233377162,1.5330555521093443,0.47036936003676694
0.78,0.8,0.88,0.98,1.0,-0.10163019628928205,6.843109919571045,0.6941197497765862,0.0953232052427763,624083074.6414595,5.240830746414595,0.14735148153600885,-0.3123496170847827,1.153143005452868,1.5338569016724273,0.47175175981090595
0.78,0.82,0.9,0.96,1.0,-0.10189282946942235,6.8371045576407505,0.6965802800119154,0.09174858504617217,626954831.7818158,5.269548317818158,0.14774696517140473,-0.3130995800373514,1.1512582330556402,1.530496701775123,0.4718849036903185
0.78,0.84,0.86,0.94,1.0,-0.10191145829393533,6.873136729222519,0.6959368483765266,0.09174858504617217,631648497.2937714,5.3164849729377135,0.14838975975282342,-0.3122483668769296,1.1553216823733232,1.5355139189802272,0.47522989867649224
0.78,0.84,0.88,0.94,1.0,-0.10217658744448033,6.843109919571045,0.6974501042597557,0.08966338993148644,628818403.5555425,5.288184035555425,0.1480027112301494,-0.31311432316587584,1.1510566722567555,1.5297310735734564,0.4726794665082865
0.76,0.82,0.84,0.98,1.0,-0.10218972518293168,6.828096514745307,0.6924813821864759,0.09174858504617217,624710282.2316062,5.247102822316062,0.14743800079916758,-0.3148266726209933,1.152754748625909,1.5309591137389373,0.4683148335930928
0.76,0.84,0.9,0.96,0.98,-0.10241743047676949,6.765040214477212,0.6912362228179921,0.09472743521000894,616921278.0335371,5.169212780335371,0.1463578141249393,-0.3159744395452003,1.144871649089929,1.5188737977362425,0.46319510633708316
0.78,0.84,0.88,0.96,1.0,-0.1024632776000321,6.867131367292225,0.6975513851653261,0.09174858504617217,634934928.5797331,5.349349285797332,0.14883721008068362,-0.3144819354154822,1.1549830597884065,1.5336225498064484,0.4732774551391808
0.8,0.78,0.82,0.96,0.98,-0.102817453879534,6.8971581769437,0.6953887399463807,0.10247244563598451,622562879.7781043,5.225628797781043,0.1471414462484304,-0.3103922939981343,1.1576212147852443,1.5450139285557196,0.47404993324130285
0.78,0.82,0.88,0.96,1.0,-0.10300927075682292,6.87313672922252,0.6955257670539172,0.0953232052427763,627719950.4263136,5.2771995042631366,0.14785205069653573,-0.3121761789706008,1.153862333503217,1.5347412568203844,0.47361733744091894
0.8,0.78,0.84,0.92,1.0,-0.10321277478519675,6.972225201072387,0.6950968126303245,0.10247244563598451,625688231.1857204,5.256882311857204,0.14757274241412577,-0.3046771087634911,1.1614135694674512,1.5517354905346261,0.48435782725206544
0.8,0.78,0.88,0.94,0.98,-0.10332996693088109,6.897158176943701,0.6956151325588323,0.10277033065236818,619217054.4579403,5.192170544579404,0.1466774996385356,-0.3084678491190447,1.154485540707825,1.5422126198898918,0.47550336301638185
0.8,0.78,0.84,0.98,0.98,-0.10339452539668359,6.891152815013404,0.6972415847482872,0.0890676198987191,625909961.2384766,5.259099612384766,0.14760326524656442,-0.3126295264871487,1.157184675544314,1.5429500199006578,0.47213475612845535
0.78,0.82,0.82,0.96,1.0,-0.10347470529081215,6.87313672922252,0.6944533809949359,0.0914507000297885,626062519.4144186,5.260625194144186,0.1476242602354858,-0.3127288706312209,1.1543268556716082,1.5352030320168846,0.4720519085350731
0.8,0.78,0.9,0.94,0.98,-0.10352970685519003,6.90916890080429,0.6957402442657136,0.10277033065236818,620188836.2727003,5.201888362727003,0.14681248956122595,-0.3079132406967017,1.1550790613833328,1.5432574785174726,0.47679823455801973
0.78,0.84,0.9,0.94,1.0,-0.10369885236877174,6.879142091152814,0.697753946976467,0.09174858504617217,631025543.7381468,5.310255437381468,0.14830470141834384,-0.31256344121328106,1.1525966268851857,1.5322531108627853,0.4744787197206039
0.76,0.84,0.84,0.96,0.98,-0.10383644359201549,6.801072386058981,0.6894667858206732,0.09442955019362526,616588342.8253803,5.165883428253803,0.14631136176468207,-0.3154211010204576,1.1478022860818138,1.5234666609043732,0.4638604116570901
0.8,0.78,0.86,0.94,0.98,-0.10399499127664247,6.93319034852547,0.6953649091450701,0.10604706583258862,621062337.4458584,5.210623374458583,0.14693366049199197,-0.3075393904308751,1.1576676228510647,1.5475320651156446,0.477771840173488
0.78,0.82,0.84,0.98,1.0,-0.10402379756530822,6.867131367292225,0.6963062257968424,0.0914507000297885,629428558.6316277,5.294285586316277,0.14808629313995114,-0.31495847341339833,1.153931807224764,1.5332666297798123,0.47017719998147395
0.76,0.84,0.86,0.92,1.0,-0.10430374156735822,6.876139410187667,0.6889365504915104,0.09442955019362526,619573466.2626597,5.195734662626597,0.1467270314355038,-0.30974970253972756,1.1515835798083869,1.5299619695324005,0.47369547164193015
0.76,0.84,0.86,0.98,0.98,-0.1044001640086133,6.795067024128687,0.6910813226094727,0.08102472445635985,619793361.407209,5.19793361407209,0.14675757788978672,-0.317643879551868,1.1474343889080023,1.5214807716907914,0.4620192213268277
0.76,0.82,0.9,0.98,1.0,-0.10448741830961461,6.858123324396783,0.6941912421805182,0.0953232052427763,625515720.9368303,5.255157209368303,0.14754898814232353,-0.31422309046689245,1.15146225225544,1.5301705427338292,0.469567618099249
0.76,0.82,0.88,0.98,1.0,-0.10462191489113093,6.858123324396783,0.6938337801608578,0.0953232052427763,624969178.1043484,5.249691781043484,0.147473690399073,-0.31440526495081833,1.1516536323707618,1.530419044196174,0.46905604593530564
0.78,0.84,0.84,0.94,1.0,-0.10480101908851469,6.903163538873995,0.6962168602919273,0.0914507000297885,630243659.9928108,5.302436599928108,0.14819783270597542,-0.3123763948043681,1.1546990184802226,1.5354596376620195,0.47442071542821684
0.8,0.8,0.86,0.92,0.98,-0.10490679065585978,6.94520107238606,0.696294310396187,0.10604706583258862,625136781.716767,5.25136781716767,0.14749678778626185,-0.3075297153469926,1.1569023349467566,1.5425571648439103,0.4796180025069706
0.76,0.84,0.88,0.92,1.0,-0.10494617539828244,6.858123324396783,0.6895025320226392,0.09264224009532321,616908323.7153846,5.169083237153846,0.14635600712381813,-0.31024894322956986,1.1482141889134934,1.5253670000186519,0.47173732680701336
0.76,0.82,0.82,0.98,1.0,-0.1050873055131703,6.858123324396783,0.6927613941018768,0.0914507000297885,623319069.3631561,5.233190693631561,0.14724598319366655,-0.31495616098814305,1.1521153947309957,1.5308763019694274,0.46751263011238514
0.78,0.84,0.86,0.96,1.0,-0.10537259058508563,6.897158176943701,0.697116473041406,0.09174858504617217,633198187.0937114,5.331981870937113,0.14860101891601762,-0.3146076006922298,1.1545142342577037,1.533547408304994,0.47233766313671827
0.82,0.78,0.84,0.92,0.98,-0.10584087005601106,6.99024128686327,0.6977956508787608,0.10247244563598451,625234616.3212388,5.252346163212388,0.14751026768681585,-0.30550671274914365,1.159654022459691,1.5500560693475334,0.4828380573357118
0.78,0.84,0.88,0.98,1.0,-0.10594457305282734,6.891152815013404,0.6987310098302054,0.09174858504617217,636485941.2984957,5.3648594129849565,0.1490476381635486,-0.31683496312153536,1.1541313175702963,1.5315387101597902,0.4704267379303562
0.8,0.78,0.82,0.92,1.0,-0.10615327996113294,7.00225201072386,0.6944235924932977,0.10247244563598451,623862401.6948984,5.238624016948983,0.14732102199192432,-0.30480851979142143,1.1609516407001619,1.5515675400708673,0.4833231764411808
0.8,0.78,0.82,0.98,0.98,-0.10633902353404678,6.921179624664881,0.69656836461126,0.0890676198987191,624083555.9885217,5.240835559885217,0.1473515479655796,-0.3127594300848021,1.1567139400582016,1.542755071202212,0.47113382936407844
0.78,0.82,0.9,0.98,1.0,-0.10637046964387253,6.8971581769437,0.697062853738457,0.0953232052427763,629803595.6097826,5.298035956097825,0.14813763028765847,-0.3143550073651111,1.1528041916186689,1.532352216520669,0.4712431067325178
0.76,0.84,0.9,0.92,1.0,-0.10646428276571879,6.894155495978552,0.6898063747393505,0.09472743521000894,619073644.3013124,5.190736443013124,0.1466575619865249,-0.3096957667977758,1.1497632179699766,1.5278998191625424,0.4735536539712825
0.78,0.82,0.88,0.98,1.0,-0.10650589817338851,6.8971581769437,0.6967053917187964,0.0953232052427763,629253306.2572833,5.292533062572834,0.14806229391997827,-0.3145371468057271,1.1529938775409325,1.5325959258433892,0.47073070835550146
0.8,0.78,0.84,0.94,1.0,-0.1066881948205114,6.996246648793566,0.696276437295204,0.10247244563598451,627229800.9151679,5.27229800915168,0.14778474456411517,-0.3070609171604741,1.1606107615623014,1.5497522905533334,0.48128803212973176
0.8,0.78,0.9,0.96,0.98,-0.10670832210321307,6.921179624664881,0.6971522192433721,0.10277033065236818,621275076.6036866,5.212750766036866,0.14696314751657957,-0.310657396964928,1.1534100859925427,1.5397587277924516,0.4730714573429943
0.78,0.84,0.9,0.96,1.0,-0.10682865576034323,6.891152815013405,0.6991659219541256,0.09174858504617217,632131070.7450112,5.321310707450112,0.1484555972135302,-0.3152890808884957,1.1509943769458546,1.5289614735977368,0.4708554980565045
0.76,0.84,0.9,0.98,0.98,-0.10688915994640219,6.825093833780159,0.6917187965445338,0.08489722966934764,619724307.3607643,5.197243073607643,0.1467479864145731,-0.31722458846397694,1.1464241624264058,1.5207467688885026,0.4625996588887918
0.78,0.82,0.82,0.98,1.0,-0.1069736773936677,6.8971581769437,0.6956330056598152,0.0914507000297885,627591886.1145747,5.275918861145747,0.14783446991079452,-0.31508793687200354,1.153450989787353,1.5330418055415929,0.4691847976739538
0.76,0.84,0.84,0.92,1.0,-0.10722620388014242,6.906166219839142,0.6885016383675902,0.09442955019362526,617875170.5095087,5.178751705095087,0.1464907764845691,-0.3098781971066762,1.151088710562531,1.529838249004221,0.47273663604716065
0.76,0.84,0.84,0.98,0.98,-0.10732648315308824,6.825093833780159,0.6906464104855525,0.08102472445635985,618094533.5752392,5.180945335752392,0.14652132648583627,-0.3177709001124893,1.146932196497888,1.5213279006075893,0.46109107672844946
0.8,0.78,0.86,0.96,0.98,-0.10749515210758331,6.957211796246649,0.6965445338099494,0.10604706583258862,622585886.1622804,5.225858861622805,0.1471446284222171,-0.30991485320044976,1.1568125240533031,1.5453955555021046,0.47479050101237147
0.76,0.84,0.86,0.94,1.0,-0.10775019066506236,6.900160857908847,0.6901161751563896,0.09442955019362526,621100078.7477468,5.211000787477468,0.14693889236238578,-0.3121160446647643,1.150815871056666,1.5280777693123586,0.4707828862825973
0.8,0.78,0.88,0.96,0.98,-0.10780161106662456,6.957211796246649,0.6960977062853739,0.1063449508489723,622033602.3617339,5.220336023617339,0.14706820813931443,-0.3097307036313368,1.1560563938107173,1.5441098577812138,0.4748260550699724
0.8,0.8,0.84,0.92,0.98,-0.10783269219649672,6.975227882037535,0.6956210902591599,0.10604706583258862,623316684.5637885,5.233166845637886,0.14724565369933473,-0.30765862317894443,1.1564671947374832,1.5424456378036684,0.47860076918335487
0.76,0.84,0.88,0.94,1.0,-0.1080607890366797,6.8701340482573725,0.6909145070002978,0.09264224009532321,617996893.2704309,5.179968932704309,0.14650772966764136,-0.31298216756218733,1.1466501177022896,1.5221665736771626,0.4681024826710976
0.78,0.84,0.84,0.96,1.0,-0.10826324221352102,6.927184986595175,0.6973964849568066,0.0914507000297885,631789927.235918,5.31789927235918,0.1484090598475487,-0.314735187946829,1.1538908722753518,1.53348173611539,0.4715362804384643
0.76,0.84,0.88,0.96,1.0,-0.10830694336024671,6.894155495978552,0.6917307119451891,0.09442955019362526,624331622.2079933,5.243316222079932,0.14738577669456165,-0.31435004293800073,1.1504697126502115,1.5261658421535482,0.4688587770405699
0.8,0.8,0.86,0.94,0.98,-0.10836448775625351,6.969222520107239,0.6974739350610665,0.10604706583258862,626676970.5656835,5.266769705656835,0.14770877284961248,-0.3099037177040298,1.1561220166883204,1.5406363559816716,0.4766279473635749
0.82,0.78,0.82,0.92,0.98,-0.10878315333368832,7.020268096514746,0.6971224307417336,0.10247244563598451,623410110.5302322,5.234101105302322,0.14725856096846401,-0.3056379669878857,1.1591886448531323,1.5498778410793657,0.48180716034634785
0.78,0.84,0.86,0.98,1.0,-0.10885535414868153,6.9211796246648785,0.6982960977062854,0.09174858504617217,634744981.5062608,5.347449815062608,0.14881140702297269,-0.316960195566549,1.1536599024513008,1.5314532842174844,0.4694955679118649
0.82,0.78,0.84,0.94,0.98,-0.10931088150994733,7.01426273458445,0.6989752755436401,0.10247244563598451,626775033.4788066,5.267750334788066,0.14772225349018386,-0.30788767497106695,1.158859062678319,1.5480904703263012,0.4797926825231498
0.76,0.84,0.9,0.94,1.0,-0.10958103334391528,6.906166219839142,0.6912183497170092,0.09472743521000894,620166050.1655675,5.201660501655675,0.1468093265904198,-0.31243117962086575,1.1481977011581082,1.5246942215866273,0.4698933274475756
0.8,0.78,0.82,0.94,1.0,-0.10963020568009357,7.02627345844504,0.6956032171581771,0.10247244563598451,625399496.7859007,5.253994967859007,0.14753298092253564,-0.30719187615964716,1.1601458733117136,1.549574531640732,0.48026328940373075
0.8,0.78,0.84,0.96,1.0,-0.11018545739433833,7.020268096514746,0.6974560619600834,0.10247244563598451,628768535.5821265,5.287685355821265,0.14799587676524983,-0.30943802181339364,1.1597594992661064,1.5476428880352617,0.478273083242817
0.8,0.78,0.88,0.92,1.0,-0.11048647745400952,7.03828418230563,0.6955972594578492,0.10277033065236818,622466268.7140894,5.224662687140894,0.14712808210945116,-0.3048872324407035,1.1577722471276595,1.5479902807066162,0.48256557328311744
0.76,0.84,0.84,0.94,1.0,-0.1106739903104415,6.930187667560321,0.6896812630324693,0.09442955019362526,619397622.0744276,5.193976220744276,0.14670259704736943,-0.31224409722455226,1.1503186241780599,1.527944492230203,0.4698330516136782
0.8,0.78,0.9,0.92,1.0,-0.11068474660515304,7.05029490616622,0.6957223711647305,0.10277033065236818,623443139.5634667,5.234431395634667,0.1472631236681674,-0.3043297559472955,1.1583646217428658,1.5490348325218783,0.4838932795440179
0.8,0.8,0.82,0.92,0.98,-0.11077735614166817,7.00525469168901,0.6949478701221329,0.10604706583258862,621497775.5160006,5.214977755160007,0.14699400502414006,-0.3077894707220844,1.155996603254852,1.5422534428160815,0.477579706281983
0.8,0.78,0.86,0.92,1.0,-0.11082925846659647,7.0623056300268106,0.6955793863568663,0.10604706583258862,623885519.0535188,5.238855190535188,0.14732421335419077,-0.3043272070887427,1.1601373308468288,1.5519570611663878,0.48409806919179127
0.8,0.78,0.86,0.98,0.98,-0.11101671717260309,6.981233243967829,0.6977241584748286,0.09264224009532321,624106587.1638905,5.241065871638905,0.14735472638829794,-0.31228363113272795,1.1559096690034245,1.5431355946881646,0.4718618323150876
0.8,0.78,0.9,0.98,0.98,-0.11119080847425422,6.981233243967829,0.6976347929699136,0.09294012511170688,624098154.8317994,5.240981548317994,0.1473535626949336,-0.3119173304711079,1.1549565770861765,1.5415947355087898,0.47241223330674337
0.76,0.84,0.86,0.96,1.0,-0.11121566078977163,6.924182305630027,0.691295799821269,0.09442955019362526,622623884.4971894,5.226238844971894,0.14714988399932727,-0.31447573239252713,1.1500003090421143,1.526094366364928,0.46792126972664294
0.8,0.8,0.84,0.94,0.98,-0.11129211061803057,6.9992493297587135,0.6968007149240393,0.10604706583258862,624852412.9681394,5.248524129681394,0.14745759565576178,-0.31003218209800654,1.1556838411244208,1.5405131038787496,0.47562028773241316
0.78,0.84,0.9,0.98,1.0,-0.1113031700336487,6.951206434316354,0.6996484956806672,0.0953232052427763,635003260.5580263,5.350032605580263,0.14884649078324985,-0.3165404843716292,1.1525385125053595,1.530825691900725,0.4702289221510733
0.8,0.78,0.88,0.98,0.98,-0.11132234408479169,6.981233243967829,0.6972773309502532,0.09294012511170688,623552934.633168,5.235529346331679,0.14727828938188714,-0.3121001151718493,1.1551558597248026,1.5418564340809011,0.4718943769078471
0.78,0.84,0.84,0.98,1.0,-0.11174673530352885,6.9512064343163535,0.698576109621686,0.0914507000297885,633333305.6192098,5.333333056192098,0.148619416075628,-0.3170873433949125,1.1530358160118517,1.5313799057744764,0.4687018235557002
0.76,0.84,0.88,0.98,1.0,-0.11179305217705227,6.918176943699732,0.6929103366100685,0.09442955019362526,625856728.7477838,5.258567287477838,0.14759593830073703,-0.3167035233624699,1.1496097087392023,1.5240607036064948,0.46603819475608493
0.8,0.8,0.86,0.96,0.98,-0.11184264368897401,6.993243967828419,0.6986535597259458,0.10604706583258862,628214326.8516806,5.282143268516807,0.14791988803564027,-0.31227104397377337,1.155293672608363,1.5386022752314048,0.47369069559988913
0.82,0.78,0.82,0.94,0.98,-0.11225464905929688,7.044289544235926,0.6983020554066132,0.10247244563598451,624946056.3954072,5.249460563954072,0.147470503555861,-0.30801847772075464,1.1583907628000762,1.5479025578939158,0.4787716134665004
0.8,0.8,0.88,0.92,0.98,-0.11245216784007034,7.011260053619304,0.6961691986893059,0.1063449508489723,621009097.5552962,5.210090975552962,0.14692627963693639,-0.3079209115264532,1.1532874454433453,1.5387515847649234,0.477155899898387
0.8,0.82,0.86,0.92,0.98,-0.11260225480319186,7.029276139410188,0.6985641942210307,0.10604706583258862,629030614.4691485,5.290306144691485,0.14803178938287354,-0.3096785527239576,1.156087705256954,1.5408371547202375,0.4780175704154322
0.8,0.8,0.9,0.92,0.98,-0.11265216098666447,7.023270777479893,0.696294310396187,0.1063449508489723,621983681.061585,5.21983681061585,0.14706129736669782,-0.30736586802645083,1.153880686329086,1.5397916386861892,0.47845682512165677
0.76,0.84,0.9,0.96,1.0,-0.11271774818327668,6.918176943699732,0.6926303246946678,0.09472743521000894,621252547.3574619,5.212525473574619,0.14696002525937168,-0.3151573437043921,1.1465804055610356,1.5213767930789504,0.4663068406783365
0.82,0.78,0.84,0.96,0.98,-0.11280272316828543,7.03828418230563,0.7001549002085196,0.10247244563598451,628312617.5044594,5.283126175044594,0.14793336939669555,-0.31026194146122654,1.158015802599458,1.545998454273322,0.47680153324632885
0.82,0.78,0.88,0.92,0.98,-0.11296073193821554,7.056300268096515,0.6985641942210307,0.10277033065236818,622381674.933796,5.223816749337961,0.1471163787372043,-0.3057165857234927,1.1562155327732202,1.5466806539193054,0.4812181792134256
0.8,0.78,0.82,0.96,1.0,-0.11312900354126643,7.05029490616622,0.6967828418230564,0.10247244563598451,626933765.1750271,5.269337651750272,0.1477440700922863,-0.3095685300616089,1.1592915784294247,1.5474552126166812,0.477258040611825
0.82,0.78,0.9,0.92,0.98,-0.11315924771223818,7.068310991957104,0.6986893059279118,0.10277033065236818,623358413.0254596,5.233584130254597,0.14725141891818283,-0.3051597743667094,1.1568081351584512,1.5477261788110517,0.48253875932294843
0.82,0.78,0.86,0.92,0.98,-0.11345832696898656,7.080321715817694,0.6982782246053023,0.10604706583258862,623433211.1291009,5.2343321112910095,0.1472617521569901,-0.3051572285492511,1.1583779934918939,1.5502697124891889,0.48257664698649827
0.8,0.78,0.88,0.94,1.0,-0.11363809972578254,7.050294906166221,0.6970092344355078,0.10277033065236818,623564401.3259345,5.235644013259345,0.1472798731045457,-0.3076417843513166,1.1561629549192733,1.5446598961257743,0.47873819681255336
0.8,0.78,0.84,0.98,1.0,-0.11370427551131668,7.044289544235926,0.6986356866249627,0.10247244563598451,630304394.4677982,5.303043944677983,0.14820613835096963,-0.31180843700687766,1.158860567939403,1.5454082839057262,0.4753115078399902
0.8,0.78,0.9,0.94,1.0,-0.11383779314618381,7.0623056300268106,0.697134346142389,0.10277033065236818,624543005.7444936,5.245430057444936,0.14741493394024152,-0.3070865134254632,1.1567554320443845,1.5457029317782889,0.4800436603218735
0.76,0.84,0.84,0.96,1.0,-0.11414099854953852,6.954209115281501,0.6908608876973488,0.09442955019362526,620917274.684049,5.2091727468404905,0.14691354849649962,-0.3146033441946897,1.1495006221401036,1.5259496860931991,0.46698025055189296
0.8,0.8,0.82,0.94,0.98,-0.11423821872518974,7.029276139410188,0.6961274947870121,0.10604706583258862,623029046.237205,5.23029046237205,0.14720590377345655,-0.31016257955592497,1.1552103772521298,1.5403115094265423,0.47460884541332643
0.8,0.78,0.86,0.94,1.0,-0.11430620842628919,7.08632707774799,0.6967590110217456,0.10604706583258862,625422639.5210125,5.254226395210125,0.1475361685246097,-0.3067122165794851,1.159335770233728,1.5499632610081644,0.4810247539858766
0.76,0.84,0.86,0.98,1.0,-0.1147032710016449,6.948203753351207,0.6924754244861483,0.09442955019362526,624144843.1893393,5.241448431893393,0.14736000568023844,-0.31682877990198743,1.149137659144264,1.5239787503726807,0.4651092799266058
0.8,0.8,0.84,0.96,0.98,-0.11477202995322489,7.023270777479893,0.6979803395889187,0.10604706583258862,626385317.144263,5.26385317144263,0.1476686679224144,-0.31239906618338176,1.1548523864751015,1.5384670703728167,0.47269241142907653
0.8,0.8,0.86,0.92,1.0,-0.11521410205681493,7.098337801608579,0.6976884122728626,0.10604706583258862,629525640.6292285,5.2952564062922844,0.1480995849772091,-0.3067025279304374,1.1585771985524063,1.5450067872166047,0.48287696217097786
0.8,0.8,0.86,0.98,0.98,-0.11534247021653127,7.017265415549598,0.6998331843908252,0.09264224009532321,629748809.8929213,5.297488098929214,0.14813013267783948,-0.3146317083817364,1.1544180726801567,1.5364409740524791,0.47080484493990077
0.8,0.82,0.84,0.92,0.98,-0.11553130704576176,7.059302949061662,0.6978909740840035,0.10604706583258862,627199180.351021,5.27199180351021,0.14778053820878845,-0.3098070605359048,1.1556470143140296,1.5407071195078164,0.4770082965609545
0.8,0.8,0.88,0.94,0.98,-0.11558322355775985,7.023270777479893,0.6975811736669645,0.1063449508489723,622104698.0799631,5.221046980799631,0.14707804927201074,-0.3106634128137784,1.1517036938904675,1.5354909880266792,0.4734321558495658
0.82,0.78,0.82,0.96,0.98,-0.11574800396478768,7.068310991957104,0.6994816800714924,0.10247244563598451,626479177.4835817,5.264791774835817,0.14768157643438418,-0.3103922939981333,1.1575445078248783,1.5458007546974155,0.4757900865775757
0.8,0.8,0.9,0.94,0.98,-0.1157847080700638,7.035281501340482,0.6977062853738458,0.1063449508489723,623081011.1568693,5.230810111568693,0.14721308627598018,-0.31011056523236535,1.1522970160168924,1.5365288501359666,0.4747116118590595
0.8,0.82,0.86,0.94,0.98,-0.11604740437227656,7.053297587131366,0.69974381888591,0.10604706583258862,630580441.2043742,5.3058044120437415,0.1482438793506491,-0.3120451624803996,1.1553239006676028,1.5389548176372803,0.4750718715594916
0.82,0.78,0.88,0.94,0.98,-0.11610546964957946,7.068310991957104,0.6999761691986893,0.10277033065236818,623479626.6287682,5.234796266287682,0.14726816380774066,-0.3084678491190459,1.154616540077199,1.5433737120905382,0.47741819521329104
0.82,0.78,0.84,0.92,1.0,-0.11615094117041219,7.143378016085791,0.6991897527554365,0.10247244563598451,629624168.4702725,5.296241684702726,0.14811307283162556,-0.3046771087634904,1.1613193428152786,1.5524873498961245,0.4861312798743941
0.82,0.78,0.9,0.94,0.98,-0.11630541030331187,7.080321715817694,0.7001012809055703,0.10277033065236818,624458098.0043032,5.2445809800430325,0.14740322326498667,-0.30791324069670134,1.155209236323952,1.544417720546537,0.47871674154532645
0.82,0.78,0.84,0.98,0.98,-0.11631599262354486,7.06230563002681,0.7013345248733989,0.0890676198987191,629847327.7097242,5.298473277097242,0.1481436147398385,-0.31262952648714804,1.1571250222877107,1.543782189371709,0.4738631581106546
0.8,0.78,0.82,0.98,1.0,-0.11664939802600616,7.074316353887401,0.6979624664879358,0.10247244563598451,628465166.261796,5.28465166261796,0.14795428883475714,-0.311938495779187,1.1583895448026598,1.545210460666488,0.47430596363294025
0.82,0.78,0.86,0.94,0.98,-0.11692985519179128,7.104343163538873,0.6994578492701817,0.10604706583258862,624969182.3510871,5.2496918235108705,0.14747369098438678,-0.3075393904308761,1.157584285654088,1.548293624566194,0.4795278119585583
0.8,0.78,0.9,0.96,1.0,-0.11701457158261441,7.074316353887401,0.6985463211200477,0.10277033065236818,625636920.6005008,5.256369206005008,0.1475656776953802,-0.30983394970448297,1.1550938833339692,1.5422225471358086,0.47627342915818976
0.76,0.84,0.9,0.98,1.0,-0.11719063785001388,6.978230563002682,0.6931128984212094,0.09830205540661305,624075304.3241735,5.240753043241734,0.14735040916632158,-0.31640898795536787,1.1481308126775316,1.523249648778204,0.46569602879645944
0.8,0.82,0.88,0.92,0.98,-0.11734854143803325,7.065308310991957,0.6987548406315163,0.1063449508489723,626153844.2946513,5.261538442946513,0.14763682606116468,-0.31012260484306897,1.1531199510314236,1.5374182470979474,0.4760595446948254
0.8,0.82,0.9,0.92,0.98,-0.1175502151018365,7.077319034852548,0.6988799523383974,0.1063449508489723,627136501.2004061,5.271365012004061,0.14777192736423994,-0.30956932708860785,1.1537122227695586,1.5384534267363037,0.477346799032009
0.76,0.84,0.84,0.98,1.0,-0.1176300225160033,6.978230563002682,0.6920405123622281,0.09442955019362526,622434088.1267431,5.22434088126743,0.1471236301660015,-0.3169559521933717,1.1486354727172396,1.5238240644512242,0.4641768963412393
0.8,0.8,0.82,0.96,0.98,-0.11771961652900753,7.053297587131367,0.6973071194518916,0.10604706583258862,624557501.0588555,5.2455750105885555,0.1474169330209374,-0.31252901482836637,1.154375978177522,1.538255918669225,0.47169039041669564
0.8,0.78,0.86,0.96,1.0,-0.11780524764931422,7.110348525469169,0.6979386356866248,0.10604706583258862,626956933.0822759,5.269569330822758,0.14774725393775334,-0.30909051894183326,1.1584857699431652,1.547840731484486,0.4780064249255003
0.8,0.78,0.88,0.96,1.0,-0.11811088815465376,7.110348525469169,0.6974918081620495,0.1063449508489723,626400771.8112319,5.264007718112318,0.14767079350924806,-0.3089061493987072,1.1577317107713971,1.546557242672324,0.47804420144012216
0.8,0.8,0.84,0.92,1.0,-0.11814067749847568,7.1283646112600545,0.6970151921358356,0.10604706583258862,627692765.2333987,5.2769276523339865,0.1478483189657973,-0.3068315897486903,1.1581416450676787,1.544892193290866,0.48185494553182134
0.8,0.8,0.84,0.98,0.98,-0.11827359557502248,7.047292225201072,0.699159964253798,0.09264224009532321,627915356.5282671,5.279153565282671,0.1478788698329283,-0.31475928965788436,1.153973604176322,1.5362942440890655,0.4698157439409004
0.8,0.82,0.82,0.92,0.98,-0.11847881858859288,7.089329758713138,0.6972177539469765,0.10604706583258862,625368941.7385199,5.253689417385199,0.14752877220651772,-0.3099375020398296,1.155171176946086,1.5404986522736137,0.47599522883022727
0.8,0.8,0.86,0.94,1.0,-0.11867085948778738,7.122359249329758,0.6988680369377421,0.10604706583258862,631076691.3834804,5.310766913834804,0.1483116880648232,-0.30907936814281456,1.1578016236047874,1.5430990095881503,0.479849848781539
0.82,0.8,0.86,0.92,0.98,-0.11881439694512597,7.134369973190348,0.7008042895442359,0.10604706583258862,630320854.6424675,5.303208546424675,0.14820838920806678,-0.30752971534699114,1.1574632449209858,1.5441631291756333,0.4819319298651861
0.8,0.8,0.9,0.96,0.98,-0.11893912770254211,7.047292225201073,0.6991182603515044,0.1063449508489723,624172404.0784584,5.241724040784584,0.1473638088689495,-0.3128459821234181,1.150661348722931,1.5331355087722738,0.4710426768748282
0.8,0.82,0.84,0.94,0.98,-0.1189780555221367,7.0833243967828405,0.6990705987488829,0.10604706583258862,628744518.7293174,5.287445187293175,0.14799258504821444,-0.31217322823521243,1.1548802636504996,1.5388140668631431,0.47407199484994533
0.82,0.78,0.82,0.92,1.0,-0.11909388426566725,7.173404825737266,0.6985165326184093,0.10247244563598451,627786853.4663652,5.277868534663652,0.1478612338877865,-0.30480851979142065,1.1608536207974667,1.5523060441467724,0.48509547564145317
0.82,0.78,0.82,0.98,0.98,-0.11926282782131042,7.092332439678283,0.7006613047363718,0.0890676198987191,628009433.2245052,5.280094332245052,0.14789177893766237,-0.312759430084802,1.156650663346578,1.543574469482277,0.47286113450700046
0.82,0.78,0.9,0.96,0.98,-0.11947538773364436,7.092332439678283,0.7015132558832292,0.10277033065236818,625551832.4025096,5.255518324025096,0.14755396111102304,-0.3106573969649269,1.1535581344563246,1.5409596256116325,0.47497327458673655
0.8,0.82,0.86,0.96,0.98,-0.11951203794488985,7.077319034852547,0.7009234435507894,0.10604706583258862,632127417.9949096,5.321274179949096,0.1484550990437341,-0.3144051170170117,1.1545123991695183,1.5369682650428689,0.472177744599817
0.82,0.78,0.84,0.94,1.0,-0.1196199345458625,7.16739946380697,0.7003693774203157,0.10247244563598451,631175449.1593915,5.311754491593915,0.1483251766598852,-0.307060917160474,1.1605292537788767,1.550535297524095,0.48304804802744905
0.8,0.8,0.88,0.96,0.98,-0.12005002383683905,7.083324396782842,0.698063747393506,0.10991957104557641,624934303.2986162,5.249343032986162,0.14746888359587174,-0.31192223554095033,1.1532753616758709,1.5374088013675746,0.47277451490473005
0.8,0.84,0.86,0.92,0.98,-0.12034942251863712,7.113351206434317,0.7008340780458743,0.10604706583258862,632932772.4833691,5.329327724833691,0.14856487062564172,-0.3118239080749463,1.1551663503820726,1.538870994322237,0.47643835760641684
0.82,0.78,0.86,0.96,0.98,-0.12042345927231213,7.128364611260053,0.700637473935061,0.10604706583258862,626502328.5918514,5.265023285918513,0.14768476010649323,-0.30991485320045087,1.1567422922787194,1.5461886034064152,0.4765333399847464
0.8,0.82,0.88,0.94,0.98,-0.12046252387322809,7.077319034852547,0.7001668156091748,0.1063449508489723,627258605.787621,5.27258605787621,0.14778870132400335,-0.3128563546415347,1.151559662470446,1.5342158436108067,0.4723851669669201
0.82,0.78,0.88,0.96,0.98,-0.12057692739987846,7.128364611260054,0.7004587429252307,0.1063449508489723,626315567.3002046,5.263155673002046,0.14765907414224988,-0.30973070363133703,1.1561862265618386,1.5452731065434355,0.47673373162902166
0.8,0.82,0.9,0.94,0.98,-0.12066561669657672,7.089329758713137,0.700291927316056,0.1063449508489723,628243006.7242428,5.282430067242428,0.14792382191458398,-0.3123052657983185,1.1521519997934409,1.535249550421459,0.47365138572498705
0.8,0.84,0.88,0.92,0.98,-0.1209859428950677,7.0953351206434325,0.7011617515638964,0.10425975573428657,630102451.9287559,5.301024519287559,0.14817851916345015,-0.3123216485440624,1.1518823094050714,1.5343120361909126,0.4744420370928757
0.8,0.8,0.82,0.92,1.0,-0.12108597691648915,7.15839142091153,0.6963419719988084,0.10604706583258862,625861086.2840142,5.2586108628401425,0.14759653809579687,-0.30696259359520306,1.1576707526962098,1.5446970521496661,0.4808290689986644
0.8,0.8,0.82,0.98,0.98,-0.12122270186456618,7.077319034852548,0.6984867441167708,0.09264224009532321,626083099.5349104,5.260830995349105,0.14762709210035796,-0.3148887907594903,1.1534941827306104,1.5360732996621382,0.4688229509354445
0.8,0.78,0.86,0.98,1.0,-0.1213256495782239,7.134369973190349,0.6991182603515044,0.10604706583258862,628488359.1360807,5.284883591360807,0.14795746892720385,-0.3114621284676481,1.1575881156488328,1.5455948684001977,0.4750416034692075
0.8,0.78,0.9,0.98,1.0,-0.12149817579030586,7.134369973190349,0.6990288948465894,0.1063449508489723,628479867.6016724,5.284798676016724,0.14795630462251386,-0.31109539024632615,1.1566383434029144,1.544058743527211,0.47559786888954436
0.8,0.8,0.84,0.94,1.0,-0.12159913635150427,7.152386058981234,0.6981948168007149,0.10604706583258862,629239324.0858457,5.292393240858457,0.14806037892238444,-0.3092079859930109,1.1573630677893558,1.542972804163623,0.4788374997718561
0.8,0.78,0.88,0.98,1.0,-0.12163046929017307,7.134369973190349,0.6986714328269287,0.1063449508489723,627930819.4822391,5.279308194822391,0.14788099176596137,-0.3112783932901625,1.1568363578439842,1.5443178578240657,0.4750763141729276
0.82,0.8,0.84,0.92,0.98,-0.12174277115955545,7.164396782841823,0.7001310694072088,0.10604706583258862,628485663.9665173,5.284856639665174,0.14795709938443014,-0.307658623178945,1.157024427228175,1.5440380936835463,0.48091322081478965
0.8,0.82,0.82,0.94,0.98,-0.12192696958045524,7.113351206434317,0.6983973786118559,0.10604706583258862,626909794.5385913,5.269097945385913,0.14774077581735767,-0.31230322105545527,1.154401640289155,1.538596409327096,0.47306837027826726
0.8,0.8,0.86,0.96,1.0,-0.12214803846654387,7.146380697050939,0.7000476616026216,0.10604706583258862,632624889.8912753,5.326248898912753,0.14852292081562468,-0.31144952427910244,1.1569781286935088,1.5410780263130357,0.476876377189542
0.82,0.8,0.86,0.94,0.98,-0.1222655157312254,7.158391420911529,0.7019839142091154,0.10604706583258862,631873829.4365739,5.318738294365739,0.1484205075884879,-0.30990371770402936,1.1566957257897026,1.542274372516546,0.4789245791824786
0.8,0.82,0.84,0.96,0.98,-0.1224444629358763,7.107345844504022,0.7002502234137622,0.10604706583258862,630287015.5487728,5.302870155487728,0.1482037618005836,-0.31453274196437675,1.154065741967399,1.5368152397046304,0.47118707221065337
0.8,0.84,0.9,0.92,0.98,-0.12250765479798165,7.1313672922252005,0.7014655942806076,0.1063449508489723,632314083.3137658,5.323140833137658,0.14848055344735256,-0.3117701344101672,1.1534213653331076,1.5368374841129944,0.4762500863922084
0.82,0.78,0.82,0.94,1.0,-0.12256434395584492,7.197426273458445,0.6996961572832887,0.10247244563598451,629333631.3293042,5.293336313293042,0.1480732944759111,-0.3071918761596476,1.1600606418976527,1.5503444032352174,0.48202216909849993
0.8,0.8,0.88,0.92,1.0,-0.12275714056148501,7.164396782841824,0.6975633005659816,0.1063449508489723,625368977.4923568,5.253689774923568,0.14752877713143686,-0.30709419141162286,1.1549705934265329,1.5412105828533351,0.4804023692317002
0.8,0.82,0.86,0.92,1.0,-0.12290738816932312,7.182412868632709,0.6999582960977062,0.10604706583258862,633446811.8548815,5.334468118548815,0.14863486779291057,-0.30885393219190094,1.1577694688070146,1.5433030530389684,0.48124648029593137
0.8,0.8,0.9,0.92,1.0,-0.12295708511053965,7.176407506702414,0.6976884122728628,0.1063449508489723,626350403.196432,5.26350403196432,0.14766386578802648,-0.30653848488678037,1.1555627891913156,1.5422488353545825,0.4817139545873529
0.8,0.82,0.86,0.98,0.98,-0.12299838798809781,7.101340482573726,0.7021030682156688,0.09264224009532321,633671503.9052396,5.336715039052396,0.14866544779530222,-0.3167584305146647,1.1536539568846524,1.53485337571543,0.4693338313166683
0.82,0.78,0.84,0.96,1.0,-0.1231107258882691,7.19142091152815,0.7015490020851951,0.10247244563598451,632723877.029064,5.3272387702906405,0.14853641013178787,-0.30943802181339397,1.1596909716939974,1.5484568402719565,0.480019905961532
0.82,0.78,0.88,0.92,1.0,-0.1232677375578124,7.209436997319035,0.6999582960977063,0.10277033065236818,626751197.5856316,5.2675119758563165,0.14771897696597036,-0.3048872324407036,1.1578899179800635,1.5491241214135516,0.48450365003296647
0.8,0.84,0.84,0.92,0.98,-0.12328176326099327,7.143378016085791,0.7001608579088472,0.10604706583258862,631089977.1609433,5.310899771609432,0.1483135027846758,-0.3119520165150895,1.1547199908401184,1.5387213660481551,0.4754369099502253
0.8,0.8,0.9,0.98,0.98,-0.12341700993471577,7.107345844504022,0.6996008340780459,0.09651474530831099,627008570.2465352,5.270085702465352,0.14775434977417645,-0.31410189321263504,1.1522088877582743,1.5349891690718893,0.4704026080930126
0.82,0.78,0.9,0.92,1.0,-0.12346620311249346,7.221447721179623,0.7000834078045876,0.10277033065236818,627734793.0116061,5.277347930116061,0.14785408808567357,-0.30432975594729683,1.1584814817699536,1.550167831963904,0.4858351350673663
0.8,0.8,0.88,0.98,0.98,-0.12355157199546296,7.107345844504022,0.6992433720583855,0.09651474530831099,626460766.7876041,5.2646076678760405,0.1476790445721099,-0.31428409874538643,1.1524005188876512,1.5352366714643488,0.4698902844962269
0.82,0.78,0.86,0.92,1.0,-0.12376759536024351,7.233458445040214,0.699672326481978,0.10604706583258862,627810116.2464004,5.2781011624640035,0.14786442675269296,-0.30432720708874306,1.1600458718259035,1.552701817612427,0.48587317633278543
0.8,0.84,0.86,0.94,0.98,-0.12378114222680892,7.137372654155497,0.7020137027107536,0.10604706583258862,634492258.1385548,5.344922581385548,0.1487770651448106,-0.3141831373440751,1.15441934758042,1.5370353092871714,0.47353612419331914
0.8,0.82,0.9,0.96,0.98,-0.12380197921431407,7.101340482573726,0.7017039022937146,0.1063449508489723,629343526.2322025,5.293435262322025,0.1480746494976175,-0.3150319539034503,1.1505400944693014,1.53192363769426,0.4700305720193667
0.82,0.78,0.86,0.98,0.98,-0.12393829901104819,7.152386058981233,0.7018170985999405,0.09264224009532321,628032609.2804282,5.280326092804282,0.14789495885694337,-0.3122836311327277,1.1558527937365677,1.543961194389188,0.47359177399242103
0.82,0.78,0.9,0.98,0.98,-0.12395755504552486,7.152386058981232,0.7019958296097707,0.09294012511170688,628394348.4507424,5.283943484507423,0.14794457797425942,-0.3119173304711065,1.155103597557372,1.542798771997573,0.4743070151017589
0.8,0.84,0.88,0.94,0.98,-0.12408144109917574,7.107345844504022,0.7025737265415549,0.10425975573428657,631214259.690117,5.31214259690117,0.14833047696926926,-0.31504665754043737,1.1503473671846796,1.531177591291885,0.4708206655080304
0.82,0.78,0.88,0.98,0.98,-0.12409090704223458,7.152386058981233,0.7016383675901102,0.09294012511170688,627845371.9278924,5.278453719278924,0.1478692654596656,-0.31210011517185055,1.1552991002755961,1.5430522661291008,0.4737879233983778
0.8,0.84,0.88,0.96,0.98,-0.1243502323819739,7.1313672922252005,0.7029133154602323,0.1063449508489723,637464732.8394896,5.374647328394896,0.14918018823238954,-0.3164104204684022,1.1542334613687295,1.5351279323279463,0.47147684962950576
0.8,0.8,0.82,0.94,1.0,-0.12454586167532644,7.182412868632709,0.6975215966636878,0.10604706583258862,627403156.015559,5.274031560155589,0.14780855482111477,-0.3093385392162765,1.1568893347628868,1.542768363868853,0.47782133838090324
0.82,0.8,0.82,0.92,0.98,-0.12468984648583825,7.1944235924932975,0.6994578492701817,0.10604706583258862,626651671.2483646,5.266516712483646,0.14770529465341298,-0.3077894707220845,1.156550417058913,1.5438323603271111,0.47989066782203876
0.8,0.82,0.88,0.96,0.98,-0.12492617201071321,7.137372654155497,0.7006493893357164,0.10991957104557641,630111559.9745152,5.301115599745152,0.14817976502490104,-0.31411115052922867,1.1531292053698567,1.5361433476442805,0.47174309086207566
0.8,0.8,0.84,0.96,1.0,-0.12507805868788813,7.176407506702414,0.6993744414655944,0.10604706583258862,630783039.0844641,5.307830390844641,0.14827156872980707,-0.31157769941635016,1.1565364957283417,1.5409399821728047,0.47587349482183916
0.82,0.8,0.84,0.94,0.98,-0.12519556519443187,7.188418230563003,0.7013106940720882,0.10604706583258862,630034141.287271,5.300341412872711,0.14816917463078894,-0.31003218209800665,1.1562539477826557,1.5421378854372279,0.47791546551109343
0.8,0.82,0.82,0.96,0.98,-0.12539479577662738,7.137372654155497,0.6995770032767352,0.10604706583258862,628447814.1596063,5.284478141596064,0.1479519095291646,-0.31466228736925217,1.153584261643944,1.5365884117846362,0.4701926969581357
0.8,0.84,0.9,0.94,0.98,-0.12560526698081997,7.143378016085791,0.7028775692582664,0.1063449508489723,633429809.2804588,5.334298092804588,0.14863255337854708,-0.31449732531899677,1.151884990737092,1.5336980242105718,0.472603553075652
0.8,0.8,0.86,0.98,1.0,-0.12564684471595222,7.170402144772119,0.7012272862675007,0.10604706583258862,634170195.1842476,5.341701951842476,0.14873328256274254,-0.3138130105818704,1.1561074777814269,1.5389299643801746,0.47395511832655407
0.82,0.8,0.86,0.96,0.98,-0.12573698270915157,7.182412868632709,0.7031635388739946,0.10604706583258862,633423948.2554493,5.3342394825544925,0.14863175555425512,-0.31227104397377414,1.155880454139274,1.540272774103795,0.4759703418634545
0.8,0.82,0.84,0.92,1.0,-0.12583708303333052,7.212439678284183,0.6992850759606791,0.10604706583258862,631602519.897439,5.31602519897439,0.14838348463279516,-0.3089825935123066,1.1573284233690877,1.5431701147188244,0.4802325041876028
0.8,0.8,0.88,0.94,1.0,-0.1258865331128023,7.176407506702414,0.6989752755436401,0.1063449508489723,626472318.2727396,5.264723182727397,0.14768063315504842,-0.3098399707409031,1.1533938973974849,1.5379675241699846,0.4766351894557308
0.8,0.82,0.84,0.98,0.98,-0.12593249615521673,7.1313672922252005,0.7014298480786417,0.09264224009532321,631826629.9925565,5.318266299925565,0.14841406779921273,-0.3168856159015825,1.1532042087059067,1.5346891644829554,0.46835217615338776
0.82,0.78,0.82,0.96,1.0,-0.12605662963857156,7.221447721179625,0.700875781948168,0.10247244563598451,630877564.7857838,5.308775647857837,0.14828448489576074,-0.3095685300616089,1.159219397708092,1.5482562630125183,0.4790037439084969
0.8,0.8,0.9,0.94,1.0,-0.12608796909042264,7.188418230563003,0.6991003872505214,0.1063449508489723,627455485.7661481,5.274554857661481,0.14781574109675577,-0.30928646275938,1.153986171201464,1.5390036078409703,0.4779250271026382
0.82,0.8,0.88,0.92,0.98,-0.1262040154517896,7.200428954423592,0.7009472743521002,0.1063449508489723,626528068.943612,5.2652806894361195,0.14768829971598096,-0.30792091152645384,1.1540587439880856,1.540733721901734,0.4796306265262952
0.8,0.82,0.86,0.94,1.0,-0.12635166280741406,7.206434316353887,0.7011379207625857,0.10604706583258862,635007568.4666687,5.350075684666687,0.1488470758431979,-0.31122337096667374,1.1570102548500623,1.541433427722283,0.4782644548218606
0.82,0.8,0.9,0.92,0.98,-0.12640431880576597,7.212439678284182,0.7010723860589813,0.1063449508489723,627511313.6732367,5.275113136732367,0.14782340715178832,-0.30736586802645016,1.1546508359602456,1.5417723798545246,0.48093631248303564
0.82,0.78,0.88,0.94,1.0,-0.12641073437164085,7.221447721179623,0.7013702710753649,0.10277033065236818,627856906.1612929,5.278569061612929,0.14787084843437182,-0.3076417843513167,1.156298103747496,1.5458352503196162,0.4806591820619146
0.82,0.78,0.9,0.94,1.0,-0.12661062457836014,7.233458445040214,0.7014953827822461,0.10277033065236818,628842247.116107,5.28842247116107,0.14800597884125355,-0.30708651342546245,1.1568897580226547,1.5468774708084108,0.48196834563097246
0.82,0.78,0.84,0.98,1.0,-0.12662290211679916,7.21544235924933,0.7027286267500744,0.10247244563598451,634269411.1042467,5.3426941110424675,0.14874677258045654,-0.311808437006878,1.1588052704940652,1.5462542684916423,0.47704537442383393
0.82,0.82,0.86,0.92,0.98,-0.126624324747161,7.212439678284182,0.7024188263330354,0.10604706583258862,632755094.8699548,5.327550948699548,0.14854066388898346,-0.30967855272395806,1.1558512011877144,1.5411231779734123,0.4796608049941061
0.8,0.84,0.84,0.94,0.98,-0.12671502601177603,7.167399463806971,0.7013404825737266,0.10604706583258862,632644946.4859087,5.326449464859087,0.14852565415413999,-0.3143108051056632,1.1539701314475084,1.536875308939205,0.4725439015824145
0.8,0.84,0.86,0.96,0.98,-0.1272324307110343,7.161394101876676,0.703193327375633,0.10604706583258862,636048876.4326444,5.360488764326444,0.14898838899337963,-0.31653573222622655,1.153624985289954,1.5350938476095362,0.47068426665618385
0.82,0.78,0.86,0.94,1.0,-0.12723809892905824,7.257479892761394,0.7008519511468574,0.10604706583258862,629356919.6459777,5.293569196459777,0.1480764835788615,-0.30671221657948544,1.1592570286947526,1.5507393661333644,0.48278638924213507
0.8,0.82,0.88,0.92,1.0,-0.12765146625493495,7.218445040214477,0.7001489425081918,0.1063449508489723,630549844.9131167,5.305498449131167,0.14823969699101336,-0.30929851475157233,1.1548090210771482,1.5398938445556225,0.47927710584087047
0.8,0.84,0.88,0.98,0.98,-0.12782206771385068,7.15538873994638,0.7040929401251117,0.09294012511170688,639021876.8174485,5.390218768174485,0.14939067258582872,-0.3187568267136177,1.1533932555737443,1.5330693925501695,0.4686665823789447
0.8,0.82,0.9,0.92,1.0,-0.12785308789483296,7.230455764075066,0.7002740542150729,0.1063449508489723,631539400.6990812,5.315394006990812,0.1483748692648399,-0.3087445760815364,1.1554002491743898,1.540927265422049,0.4805748206104698
0.8,0.8,0.82,0.96,1.0,-0.12802624406979446,7.206434316353887,0.6987012213285672,0.10604706583258862,628942390.2798291,5.289423902798291,0.14801970158530553,-0.3117078032901801,1.156059850390943,1.5407260855399156,0.47486684652391786
0.82,0.8,0.82,0.94,0.98,-0.12814404199789664,7.218445040214477,0.700637473935061,0.10604706583258862,628195653.880116,5.28195653880116,0.1479173266654603,-0.31016257955592375,1.1557771377037178,1.5419229986178793,0.476902555031756
0.8,0.82,0.9,0.98,0.98,-0.1282768156791999,7.161394101876676,0.7021864760202561,0.09651474530831099,632203095.8309402,5.322030958309402,0.14846541960349757,-0.3162838475095944,1.1520856939810322,1.533785519968858,0.46940563285955955
0.8,0.82,0.88,0.98,0.98,-0.1284133846763873,7.161394101876676,0.7018290140005957,0.09651474530831099,631650709.9209863,5.316507099209863,0.14839006172754532,-0.3164654745598785,1.1522720390706902,1.5340233819619227,0.46889810629079665
0.8,0.8,0.84,0.98,1.0,-0.12857858435564923,7.200428954423592,0.7005540661304737,0.10604706583258862,632323869.3796482,5.323238693796482,0.14848188772133453,-0.3139407442585752,1.155662696218299,1.5387805046107355,0.472961507662855
0.82,0.8,0.84,0.96,0.98,-0.1286687490426785,7.212439678284182,0.7024903187369675,0.10604706583258862,631579771.036388,5.3157977103638805,0.14838037965015927,-0.312399066183381,1.1554356415515061,1.5401246099700108,0.47497062479392527
0.8,0.84,0.9,0.96,0.98,-0.12872375612677156,7.15538873994638,0.7042895442359249,0.1063449508489723,634539500.1581722,5.345395001581722,0.14878348569330302,-0.3172152952966867,1.1502972596491259,1.5304367393337548,0.4690299865715746
0.8,0.82,0.82,0.92,1.0,-0.12878520180349867,7.2424664879356575,0.698611855823652,0.10604706583258862,629759431.8388376,5.297594318388376,0.1481315863740469,-0.30911319083457023,1.1568523415214134,1.5429588406548176,0.4792147044068503
0.8,0.82,0.82,0.98,0.98,-0.12888429824778125,7.161394101876676,0.7007566279416145,0.09264224009532321,629982959.903329,5.29982959903329,0.14816217267539566,-0.3170147151566748,1.152719803672379,1.5344528360024856,0.46736686214130807
0.82,0.8,0.86,0.92,1.0,-0.12911895411881547,7.287506702412869,0.7021983914209114,0.10604706583258862,634746115.4803239,5.347461154803239,0.1488115610870635,-0.30670252793043784,1.1591416173899372,1.5466266507180997,0.4851983519379891
0.82,0.8,0.86,0.98,0.98,-0.12922995156353567,7.206434316353887,0.704343163538874,0.09264224009532321,634971170.0797987,5.349711700797987,0.14884213243844768,-0.3146317083817384,1.1550181877177639,1.538144996743953,0.47306780745016186
0.8,0.8,0.9,0.96,1.0,-0.12924070774100582,7.200428954423593,0.7005123622281799,0.1063449508489723,628554589.6130701,5.285545896130701,0.14796654952579114,-0.3120251492153202,1.15235764099693,1.5356277350931264,0.4742135366264447
0.8,0.82,0.84,0.94,1.0,-0.12928293799695773,7.236461126005363,0.7004647006255585,0.10604706583258862,633158756.4982048,5.3315875649820486,0.14859564953061777,-0.311351589701513,1.156566295068715,1.541289877473972,0.47725996733491444
0.82,0.8,0.88,0.94,0.98,-0.12932613685226108,7.212439678284182,0.7023592493297586,0.1063449508489723,627633422.8226668,5.276334228226667,0.14784017247158898,-0.3106634128137771,1.1524929417722083,1.5375162544262193,0.4758853678086957
0.82,0.8,0.9,0.94,0.98,-0.12952793159369513,7.224450402144772,0.7024843610366398,0.1063449508489723,628618412.5198953,5.286184125198953,0.147975299194679,-0.31011056523236546,1.1530851034740055,1.5385527489572177,0.47716948657908925
0.82,0.82,0.84,0.92,0.98,-0.12955587028581395,7.242466487935657,0.7017456061960085,0.10604706583258862,630912816.8591456,5.309128168591457,0.14828930134575513,-0.3098070605359049,1.1554065210901647,1.5409796304855867,0.4786504900477219
0.82,0.78,0.82,0.98,1.0,-0.12957034196366396,7.2454691689008035,0.7020554066130474,0.10247244563598451,632418612.979809,5.324186129798091,0.14849480448059937,-0.31193849577918775,1.1583306654743437,1.5460437682254777,0.47603872715252993
0.82,0.78,0.9,0.96,1.0,-0.12977884831261993,7.245469168900804,0.7029073577599046,0.10277033065236818,629943708.9969697,5.299437089969697,0.14815680253258634,-0.3098339497044812,1.1552459167411213,1.5434373254449059,0.4781813054182665
0.8,0.82,0.86,0.96,1.0,-0.12981540409420778,7.230455764075066,0.702317545427465,0.10604706583258862,636565455.3294606,5.365654553294606,0.14905841315909463,-0.31358614655779105,1.1562034481697945,1.539459458172006,0.4753348156329493
0.82,0.82,0.86,0.94,0.98,-0.1300630713501627,7.236461126005361,0.7035984509979146,0.10604706583258862,634314114.2214776,5.343141142214776,0.14875285005837702,-0.3120451624803988,1.1550998363839304,1.5392725204663273,0.4767029518290352
0.8,0.84,0.84,0.96,0.98,-0.13016802923180243,7.191420911528151,0.7025201072386059,0.10604706583258862,634197056.8868911,5.341970568868911,0.1487369350407246,-0.31666296055503373,1.1531728395827225,1.534921945748473,0.4697010814906317
0.8,0.8,0.88,0.96,1.0,-0.13035450411487548,7.236461126005363,0.6994578492701817,0.10991957104557641,629321837.970287,5.29321837970287,0.14807167945125488,-0.31110029918067994,1.1549634335922765,1.5398852378926102,0.47596122485648346
0.8,0.84,0.86,0.92,1.0,-0.13065232797339565,7.266487935656838,0.7022281799225498,0.10604706583258862,637376366.8068258,5.373763668068258,0.1491682292461236,-0.31100185026794847,1.156855188768048,1.5413532182794782,0.4796377549445619
0.8,0.84,0.86,0.98,0.98,-0.13070501946001212,7.185415549597855,0.7043729520405123,0.09264224009532321,637602586.175931,5.3760258617593095,0.14919884150420848,-0.3188817068577031,1.152784005692657,1.5330275324380287,0.46788146919568063
0.82,0.78,0.86,0.96,1.0,-0.13073064598139594,7.281501340482574,0.7020315758117367,0.10604706583258862,630900878.4334387,5.309008784334386,0.14828767024033973,-0.3090905189418328,1.158420007201472,1.548647995095,0.47975483281726194
0.8,0.82,0.88,0.94,1.0,-0.13076387909952752,7.230455764075067,0.7015609174858505,0.1063449508489723,631662411.3812215,5.316624113812216,0.14839165870202775,-0.3120355321315822,1.1532555768956556,1.5367085076887717,0.4755601315283944
0.82,0.78,0.88,0.96,1.0,-0.13088334720842465,7.281501340482574,0.7018528448019065,0.1063449508489723,630712805.927431,5.3071280592743095,0.1482619707825581,-0.30890614939870653,1.1578656839382524,1.5477346666751652,0.47995797775846705
0.8,0.82,0.9,0.94,1.0,-0.13096691962241097,7.242466487935658,0.7016860291927317,0.1063449508489723,632653723.5189245,5.326537235189245,0.1485268502742776,-0.3114837849891423,1.1538468676328955,1.5377404814114242,0.47683653991637137
0.8,0.84,0.88,0.92,1.0,-0.13128607619045063,7.248471849865952,0.7025558534405718,0.10425975573428657,634526175.5852185,5.345261755852185,0.14878167482762406,-0.3115001853108129,1.1535795313677937,1.5368072286745365,0.4776294905865646
0.82,0.82,0.88,0.92,0.98,-0.1313665771906697,7.248471849865952,0.7026094727435209,0.1063449508489723,629861291.3843824,5.298612913843824,0.14814552549654336,-0.31012260484306853,1.1528951947167954,1.5377175187974232,0.4776998618707898
0.8,0.8,0.82,0.98,1.0,-0.13152827162966768,7.230455764075067,0.6998808459934466,0.10604706583258862,630478748.3459072,5.304787483459072,0.14822997772177904,-0.3140704000540413,1.1551830701851966,1.5385569094415064,0.47196417649123723
0.82,0.82,0.9,0.92,0.98,-0.13156846879513473,7.2604825737265415,0.7027345844504022,0.1063449508489723,630849766.5862609,5.3084976658626095,0.1482806866843791,-0.3095693270886076,1.1534867851662665,1.5387514437489371,0.47899024131010537
0.82,0.8,0.82,0.96,0.98,-0.13161866118312282,7.242466487935657,0.7018170985999405,0.10604706583258862,629736797.3377326,5.297367973377326,0.14812848863857186,-0.31252901482836604,1.1549559604421002,1.5399004140808095,0.4739671570011531
0.82,0.8,0.84,0.92,1.0,-0.1320479784734075,7.317533512064344,0.7015251712838846,0.10604706583258862,632898040.5766523,5.328980405766523,0.14856013925694023,-0.30683158974869074,1.1587024311821412,1.5464986751139678,0.4841748510269684
0.82,0.8,0.84,0.98,0.98,-0.13216341110109353,7.236461126005362,0.703669943401847,0.09264224009532321,633122512.31348,5.3312251231348,0.1485907137757596,-0.3147592896578838,1.1545702696116078,1.5379855746267637,0.4720772941674411
0.8,0.82,0.82,0.94,1.0,-0.13223244251061267,7.266487935656838,0.6997914804885313,0.10604706583258862,631311151.2268809,5.313111512268809,0.14834370801911212,-0.3114817378037472,1.1560874577038365,1.5410695017337777,0.47625170279670725
0.82,0.82,0.82,0.92,0.98,-0.13250579979678545,7.272493297587131,0.7010723860589813,0.10604706583258862,629071741.4325271,5.290717414325271,0.14803742374613882,-0.3099375020398296,1.1549269342664914,1.5407578079747948,0.4776363711130212
0.82,0.8,0.86,0.94,1.0,-0.1325691977738392,7.311528150134047,0.703378016085791,0.10604706583258862,636310042.3657503,5.363100423657503,0.14902379756607598,-0.309079368142814,1.1583787158510628,1.5447505932390846,0.48215381848851735
0.82,0.8,0.9,0.96,0.98,-0.13267339930470157,7.236461126005362,0.7038963360142985,0.1063449508489723,629719521.4976366,5.297195214976366,0.1481261242148535,-0.3128459821234184,1.1514676235332801,1.5352021268714886,0.4734793881943397
0.8,0.82,0.84,0.96,1.0,-0.1327484333783197,7.2604825737265415,0.701644325290438,0.10604706583258862,634712131.7941017,5.347121317941017,0.14880694388178206,-0.3137139239582505,1.1557565003234485,1.5393037476757507,0.4743396212837066
0.8,0.84,0.9,0.92,1.0,-0.13280841436281,7.284504021447721,0.7028596961572833,0.1063449508489723,636753334.0421326,5.367533340421327,0.14908386777473637,-0.3109480123680668,1.1551155209379593,1.5393280643220066,0.47944949587993163
0.82,0.82,0.84,0.94,0.98,-0.1329961744551118,7.266487935656835,0.7029252308608878,0.10604706583258862,632467321.2313159,5.324673212313159,0.14850144436720125,-0.3121732282352119,1.1546522789287699,1.5391184992900806,0.4757020491690289
0.8,0.84,0.9,0.98,0.98,-0.13319550980181488,7.21544235924933,0.7047721179624665,0.09651474530831099,637422584.6599467,5.374225846599467,0.1491744843144569,-0.31846317638430943,1.1518409875679179,1.5323070826794374,0.46841988454715006
0.8,0.82,0.86,0.98,1.0,-0.1333008076894001,7.254477211796247,0.7034971700923445,0.10604706583258862,638120431.2194253,5.381204312194253,0.14926887907340913,-0.3159422731631265,1.1553497990450403,1.5373574059548358,0.47245617871572065
0.82,0.82,0.86,0.96,0.98,-0.13352127108590472,7.26048257372654,0.7047780756627942,0.10604706583258862,635870266.843606,5.35870266843606,0.1489641655695806,-0.31440511701701146,1.1543010336125388,1.5373173137883591,0.47379688658667923
0.8,0.84,0.84,0.92,1.0,-0.1335852795013015,7.296514745308311,0.7015549597855227,0.10604706583258862,635520633.8783991,5.355206338783991,0.14891672935780198,-0.31113011173948046,1.1564085336135366,1.5412008559852501,0.4786316841055066
0.8,0.84,0.84,0.98,0.98,-0.13364224392010615,7.21544235924933,0.7036997319034853,0.09264224009532321,635746267.2935914,5.357462672935914,0.14894734477742966,-0.31900849699682754,1.1523288606530198,1.5328447964402323,0.4669071394010891
0.8,0.8,0.9,0.98,1.0,-0.13371973235189116,7.2604825737265415,0.7009949359547215,0.10991957104557641,631410716.6682093,5.314107166682093,0.14835730224816857,-0.3132825625289317,1.1539031134483821,1.537481397788765,0.4735574844976178
0.82,0.8,0.88,0.96,0.98,-0.13379298536461348,7.272493297587131,0.7028418230563002,0.10991957104557641,630488179.3247529,5.304881793247529,0.14823126704378375,-0.31192223554094944,1.1540625204406896,1.5394354249983528,0.47521866078804703
0.8,0.8,0.88,0.98,1.0,-0.13385502290319706,7.2604825737265415,0.700637473935061,0.10991957104557641,630859067.1517481,5.30859067151748,0.14828195748584516,-0.31346498571293724,1.1540935422761003,1.537726441220647,0.47304153332658905
0.8,0.84,0.86,0.94,1.0,-0.13408324666819993,7.290509383378016,0.7034078045874292,0.10604706583258862,638946850.4581542,5.389468504581542,0.14938054190585537,-0.3133638997328778,1.1561126234969743,1.5395298348991246,0.47669990714690647
0.8,0.82,0.9,0.96,1.0,-0.13410171724197573,7.254477211796245,0.7030980041703903,0.1063449508489723,633762018.4319808,5.337620184319809,0.1486777637526775,-0.31421373222591675,1.1522418876299754,1.534431342512994,0.4731739847887347
0.82,0.78,0.86,0.98,1.0,-0.13424438592295163,7.305522788203754,0.7032112004766161,0.10604706583258862,632441951.7520671,5.3244195175206706,0.14849798607039655,-0.3114621284676491,1.1575355815807231,1.5464343692724183,0.47677702198012406
0.82,0.78,0.9,0.98,1.0,-0.13426214275678827,7.305522788203754,0.7033899314864462,0.1063449508489723,632806230.650199,5.328062306501991,0.14854763125427728,-0.3110953902463257,1.1567893389946904,1.545276590680744,0.4774986576839248
0.82,0.84,0.86,0.92,0.98,-0.13436016495788877,7.29651474530831,0.7046887101578792,0.10604706583258862,636680357.5005685,5.366803575005685,0.1490739814243851,-0.3118239080749464,1.1549527887153994,1.5392098648119341,0.47807104447089216
0.8,0.84,0.88,0.94,1.0,-0.1343801117968113,7.2604825737265415,0.7039678284182307,0.10425975573428657,635645838.1013116,5.356458381013115,0.1489337191281499,-0.31422845144109224,1.152051212862619,1.5336892688371773,0.47396637206185704
0.82,0.78,0.88,0.98,1.0,-0.1343962388513692,7.305522788203754,0.7030324694667858,0.1063449508489723,632253399.8282888,5.322533998282888,0.14847227917552752,-0.3112783932901627,1.1569836096055262,1.5455275484946145,0.4769758594748557
0.82,0.82,0.88,0.94,0.98,-0.13447209546348948,7.2604825737265415,0.7040214477211795,0.1063449508489723,630972610.1844263,5.309726101844263,0.14829747026946882,-0.31285635464153394,1.1513518104055962,1.534556592678456,0.47401137317279624
0.8,0.84,0.88,0.96,1.0,-0.13465153367426574,7.28450402144772,0.7043074173369078,0.1063449508489723,641940243.6711085,5.419402436711085,0.14978388343137694,-0.3155938454242132,1.1559305702615232,1.537634042699089,0.47460964655391574
0.82,0.82,0.9,0.94,0.98,-0.1346754065322746,7.272493297587131,0.7041465594280608,0.1063449508489723,631962839.7687125,5.319628397687125,0.14843265075361733,-0.3123052657983182,1.1519434550401166,1.5355890701395498,0.47528065328707203
0.82,0.84,0.88,0.92,0.98,-0.1349909906482032,7.2784986595174255,0.705016383675901,0.10425975573428657,633833278.6623474,5.338332786623474,0.148687458708739,-0.31232164854406264,1.1516831697493566,1.5346740248092847,0.47607157365449815
0.82,0.8,0.82,0.92,1.0,-0.1349956684585205,7.347560321715817,0.7008519511468574,0.10604706583258862,631051172.0412211,5.310511720412212,0.14830820224894814,-0.30696259359520306,1.158228162814004,1.5462900980873309,0.48314747576222516
0.82,0.8,0.82,0.98,0.98,-0.13511480060286474,7.266487935656838,0.7029967232648198,0.09264224009532321,631275060.8396798,5.312750608396798,0.14833877990610955,-0.3148887907594904,1.154087649581092,1.5377518243216113,0.4710830752289609
0.8,0.82,0.88,0.96,1.0,-0.13522871960706195,7.290509383378016,0.7020434912123921,0.10991957104557641,634535444.3821365,5.345354443821365,0.1487829344999525,-0.3132918289153017,1.1548229787226945,1.538635688817485,0.47490205861760887
0.82,0.8,0.84,0.94,1.0,-0.1354998781587491,7.341554959785522,0.7027047959487638,0.10604706583258862,634457438.2703044,5.344574382703044,0.14877233257777278,-0.309207985993011,1.1579366012371763,1.544611275595006,0.4811400071055586
0.8,0.82,0.82,0.96,1.0,-0.1356993382634487,7.290509383378016,0.7009711051534108,0.10604706583258862,632860017.7480899,5.328600177480899,0.14855495930564278,-0.31384362411028477,1.1552748368461652,1.5390743056408647,0.4733406954714508
0.8,0.84,0.9,0.94,1.0,-0.13590455820358377,7.296514745308311,0.7042716711349418,0.1063449508489723,637876942.4443913,5.378769424443912,0.14923595422452096,-0.31367846301878954,1.1535857766147104,1.5362051458680008,0.4757609202375543
0.82,0.82,0.82,0.94,0.98,-0.135947468377971,7.29651474530831,0.7022520107238606,0.10604706583258862,630621733.6205481,5.306217336205481,0.14824952351935772,-0.31230322105545705,1.1541699725500159,1.5388877016729907,0.4746973887055504
0.82,0.8,0.86,0.96,1.0,-0.13603975283725067,7.335549597855228,0.7045576407506702,0.10604706583258862,637871093.4297028,5.378710934297027,0.149235163170661,-0.31144952427910344,1.1575681662445076,1.5427617587564328,0.4791632400662294
0.8,0.82,0.84,0.98,1.0,-0.136235501270776,7.284504021447721,0.7028239499553173,0.10604706583258862,636262604.6808292,5.362626046808292,0.1490173670192405,-0.3160696104776981,1.1548997926901836,1.5371906143410208,0.47147008785191385
0.82,0.82,0.84,0.96,0.98,-0.1364561041246719,7.290509383378015,0.704104855525767,0.10604706583258862,634018967.3093511,5.340189673093511,0.14871271691817656,-0.31453274196437886,1.1538505255671176,1.5371512833878755,0.47280520301132406
0.82,0.8,0.88,0.92,1.0,-0.1365063055374851,7.353565683646113,0.7023413762287758,0.1063449508489723,630926701.9681938,5.309267019681938,0.14829119838380866,-0.30709419141162153,1.1557450043979303,1.5432065500274297,0.4828850643581297
0.82,0.84,0.9,0.92,0.98,-0.1365138479554091,7.314530831099195,0.7053202263926124,0.1063449508489723,636058005.0820931,5.360580050820931,0.1489896268718145,-0.3117701344101662,1.1532189808679403,1.537194390282825,0.47788293498248635
0.82,0.8,0.9,0.92,1.0,-0.13670655530090747,7.365576407506703,0.7024664879356569,0.1063449508489723,631916849.7129445,5.3191684971294455,0.14842637679367088,-0.3065384848867808,1.1563360546903159,1.5442434472734616,0.48420144324942355
0.82,0.82,0.86,0.92,1.0,-0.13692652722683651,7.365576407506703,0.703812928209711,0.10604706583258862,637197445.651559,5.37197445651559,0.1491440103170827,-0.30885393219190127,1.1575375658746982,1.5436033980795842,0.4828949699899386
0.82,0.82,0.86,0.98,0.98,-0.13700099860659787,7.28450402144772,0.7059577003276737,0.09264224009532321,637423511.5583365,5.374235115583365,0.1491746097554727,-0.3167584305146647,1.1534555380725597,1.5352350421776408,0.47094124539351917
0.8,0.84,0.84,0.94,1.0,-0.1370177234552059,7.320536193029492,0.7027345844504022,0.10604706583258862,637086569.3481272,5.370865693481273,0.14912899884370212,-0.3134917199990742,1.1556631422017312,1.539367199393524,0.47570315045048883
0.82,0.8,0.9,0.98,0.98,-0.13715119878454884,7.296514745308311,0.70437890974084,0.09651474530831099,632580897.3567805,5.325808973567805,0.14851692517571236,-0.3141018932126344,1.153013222266462,1.5370580847265523,0.47283040435280776
0.82,0.8,0.88,0.98,0.98,-0.13728760337183166,7.29651474530831,0.7040214477211797,0.09651474530831099,632028222.3446465,5.320282223446465,0.14844156951279008,-0.3142840987453853,1.153201105491709,1.5372971876051,0.47231651268825026
0.82,0.84,0.84,0.92,0.98,-0.13729492206196947,7.326541554959785,0.704015490020852,0.10604706583258862,634826651.0159438,5.348266510159438,0.14882250216256177,-0.31195201651508964,1.154502574672746,1.5390471576435036,0.4770685691508039
0.8,0.84,0.86,0.96,1.0,-0.1375337206192605,7.314530831099195,0.7045874292523086,0.10604706583258862,640514446.82308,5.4051444682308,0.14959198343507896,-0.31571930687193484,1.1553228012097823,1.5376005122378777,0.47381322642950663
0.82,0.84,0.86,0.94,0.98,-0.13778564952864958,7.32053619302949,0.7058683348227583,0.10604706583258862,638249093.0623363,5.382490930623363,0.14928627219253143,-0.31418313734407566,1.1542179195767113,1.5374049457568633,0.47515685741288377
0.82,0.82,0.9,0.96,0.98,-0.137803325431625,7.28450402144772,0.7055585344057194,0.1063449508489723,633069891.5590954,5.330698915590954,0.14858354738463042,-0.3150319539034506,1.1503486833464458,1.532303861896319,0.4716459570008176
0.82,0.84,0.88,0.94,0.98,-0.13807826094894804,7.290509383378016,0.7064283586535596,0.10425975573428657,634951685.5527259,5.349516855527259,0.14883948606226638,-0.31504665754043737,1.1501647017357133,1.5315797693068098,0.47243632807995206
0.8,0.84,0.88,0.98,1.0,-0.13812250782159524,7.308525469168901,0.7054870420017872,0.1063449508489723,643508369.7258978,5.435083697258978,0.14999448502303525,-0.3179430565203285,1.1550949900393277,1.5355878558433618,0.47176524835806555
0.82,0.84,0.88,0.96,0.98,-0.1383348862947048,7.314530831099195,0.707006255585344,0.1063449508489723,641349966.8490937,5.413499668490937,0.14970448511448176,-0.31641042046840284,1.1540054662955566,1.5355663525155718,0.4731338648482705
0.82,0.8,0.82,0.94,1.0,-0.13844895199407659,7.371581769436998,0.7020315758117367,0.10604706583258862,632606043.347081,5.3260604334708095,0.14852035231129435,-0.30933853921627597,1.157459563609506,1.5443936418358974,0.48012236912858575
0.8,0.82,0.9,0.98,1.0,-0.13857770606475384,7.314530831099195,0.7035805778969318,0.10991957104557641,636641713.6381536,5.366417136381536,0.14906874580029705,-0.3154671232510846,1.153785410031337,1.536293123256121,0.4725333792759482
0.8,0.82,0.88,0.98,1.0,-0.1387149840245997,7.314530831099195,0.7032231158772715,0.10991957104557641,636085449.4967402,5.360854494967402,0.14899334833640454,-0.3156489672616051,1.1539705996506495,1.5365286007031076,0.4720222899158771
0.82,0.82,0.88,0.96,0.98,-0.13893540181477526,7.320536193029491,0.7045040214477212,0.10991957104557641,633842472.8564212,5.338424728564212,0.14868870950563484,-0.31411115052922933,1.1529206231679099,1.5364870579581877,0.47336335961049797
0.82,0.8,0.84,0.96,1.0,-0.1389721307285795,7.365576407506703,0.703884420613643,0.10604706583258862,636013968.6044676,5.360139686044676,0.14898365521194012,-0.3115776994163514,1.1571230493482865,1.5426108740917381,0.4781589166715619
0.8,0.84,0.9,0.96,1.0,-0.13902159034155037,7.3085254691689014,0.7056836461126006,0.1063449508489723,638994473.5233582,5.389944735233582,0.14938697249379795,-0.31639968170761246,1.1520047587385656,1.5329600228995042,0.47214640573452815
0.8,0.82,0.82,0.98,1.0,-0.13918785832299962,7.314530831099195,0.7021507298182901,0.10604706583258862,634405990.4175843,5.344059904175843,0.14876533956673144,-0.31619886394663,1.154415235685942,1.5369517617467765,0.47048031011218616
0.82,0.82,0.82,0.96,0.98,-0.1394087761924156,7.32053619302949,0.70343163538874,0.10604706583258862,632168875.9435655,5.321688759435655,0.1484607530102111,-0.3146622873692524,1.153365429512849,1.5369115538000837,0.4718098067977057
0.82,0.8,0.86,0.98,1.0,-0.13953176508021825,7.359571045576407,0.7057372654155496,0.10604706583258862,639429227.3639691,5.3942922736396905,0.14944565723353143,-0.3138130105818695,1.156710720457469,1.54064690397058,0.47622517930799146
0.82,0.84,0.9,0.94,0.98,-0.13960322562072658,7.326541554959785,0.706732201370271,0.1063449508489723,637180353.4340631,5.371803534340631,0.14914169636996655,-0.31449732531899777,1.1516990794421451,1.534095188259621,0.47422246347783925
0.82,0.8,0.88,0.94,1.0,-0.13962684689023774,7.365576407506703,0.7037533512064343,0.1063449508489723,632039865.019512,5.320398650195121,0.14844315758666649,-0.30983997074090275,1.1541860887900062,1.5400062109467214,0.47909621612635317
0.82,0.8,0.9,0.94,1.0,-0.13982858808706045,7.377587131367292,0.7038784629133155,0.1063449508489723,633031770.0593699,5.3303177005936995,0.1485783552947284,-0.30928646275937965,1.154777205809906,1.5410409674232728,0.4803907483345632
0.82,0.82,0.84,0.92,1.0,-0.1398586924593771,7.395603217158177,0.703139708072684,0.10604706583258862,635342233.6553402,5.353422336553402,0.1488925157291665,-0.30898259351230695,1.157092574919784,1.5434570684279876,0.4818799468172502
0.82,0.82,0.84,0.98,0.98,-0.13993747257400913,7.314530831099194,0.7052844801906465,0.09264224009532321,635567714.0346012,5.355677140346012,0.14892311833169747,-0.3168856159015845,1.1530020094491575,1.5350580726138094,0.46995859344385227
0.82,0.82,0.86,0.94,1.0,-0.14036445735499814,7.3895978552278825,0.7049925528745904,0.10604706583258862,638767459.7211298,5.387674597211298,0.14935631462260823,-0.3112233709666725,1.1567906749889405,1.541765158866101,0.47990070333953844
0.8,0.84,0.84,0.96,1.0,-0.14046989322303238,7.34455764075067,0.7039142091152815,0.10604706583258862,638649626.0272036,5.386496260272035,0.14934039738691274,-0.31584668718006004,1.1548704211729768,1.5374260844882657,0.47282559370893684
0.82,0.84,0.84,0.94,0.98,-0.14072190994128742,7.350563002680964,0.7051951146857314,0.10604706583258862,636390843.459162,5.36390843459162,0.14903474976139797,-0.31431080510566334,1.1537649152659604,1.5372320983028018,0.47416362193242534
0.8,0.84,0.86,0.98,1.0,-0.14100543813025201,7.3385522788203765,0.7057670539171879,0.10604706583258862,642079114.4217756,5.420791144217755,0.14980255316628588,-0.3180680858383691,1.154486458412051,1.535546619592151,0.47097637215451477
0.82,0.84,0.86,0.96,0.98,-0.1412306778940231,7.344557640750669,0.7070479594876377,0.10604706583258862,639814944.3757542,5.398149443757543,0.14949769190640616,-0.3165357322262262,1.1534359462928019,1.535493866502377,0.47229325692544893
0.82,0.82,0.88,0.92,1.0,-0.14166660596202513,7.401608579088472,0.7040035746201967,0.1063449508489723,634283325.7903749,5.342833257903749,0.14874866435224599,-0.3092985147515721,1.1545887791306122,1.5402073077542304,0.48092265968920217
0.82,0.84,0.88,0.98,0.98,-0.14180004970615762,7.338552278820375,0.7081858802502234,0.09294012511170688,642916617.6990036,5.4291661769900355,0.14991506769449603,-0.31875682671361716,1.153178415988414,1.533540366276943,0.4703117082702835
0.82,0.82,0.9,0.92,1.0,-0.14186844208289934,7.41361930294906,0.7041286863270778,0.1063449508489723,635278740.7286885,5.352787407286884,0.148883896542374,-0.30874457608153616,1.1551793269238235,1.541239505659051,0.48222352091800097
0.82,0.8,0.82,0.96,1.0,-0.14192262211985696,7.395603217158177,0.703211200476616,0.10604706583258862,634158055.7493262,5.341580557493263,0.1487316318751286,-0.31170780329018044,1.1566431717147583,1.5423840286054864,0.4771508133746295
0.82,0.82,0.9,0.98,0.98,-0.14227768719473788,7.344557640750669,0.7060411081322611,0.09651474530831099,635946408.9502022,5.359464089502023,0.14897449289838605,-0.3162838475095938,1.1518936849437824,1.534169705672245,0.47101517852209385
0.82,0.82,0.88,0.98,0.98,-0.14241597976705161,7.344557640750669,0.7056836461126006,0.09651474530831099,635390752.3295574,5.353907523295574,0.14889910161900533,-0.31646547455987784,1.1520764039900369,1.5343998312671243,0.47050662264528453
0.82,0.8,0.84,0.98,1.0,-0.14246581716816475,7.3895978552278825,0.7050640452785224,0.10604706583258862,637567590.3907048,5.375675903907047,0.1491941064922988,-0.3139407442585753,1.1562625306901784,1.5404848669267783,0.4752301484302274
0.82,0.84,0.9,0.96,0.98,-0.1427135109380313,7.338552278820375,0.7081441763479296,0.1063449508489723,638296631.0308551,5.382966310308551,0.1492926977804785,-0.3172152952966869,1.1501280597062595,1.5308732650442392,0.47063524361537223
0.82,0.82,0.82,0.92,1.0,-0.14280920882129378,7.425630026809651,0.7024664879356568,0.10604706583258862,633488232.6862402,5.334882326862402,0.1486405058142959,-0.30911319083457156,1.1566127853869175,1.5432325391890733,0.48086108979362185
0.82,0.82,0.82,0.98,0.98,-0.1428915749362214,7.344557640750669,0.7046112600536193,0.09264224009532321,633713127.4622468,5.337131274622468,0.14867111155185886,-0.31701471515667523,1.1525140567471945,1.5348090621362211,0.46897227303275973
0.82,0.8,0.9,0.96,1.0,-0.14297246001373043,7.3895978552278825,0.705290437890974,0.1063449508489723,634140658.6189493,5.341406586189493,0.14872926620931404,-0.3120251492153209,1.1531666935660287,1.5377073847007718,0.4766579443462733
0.82,0.82,0.84,0.94,1.0,-0.1432981621705799,7.419624664879356,0.7043193327375633,0.10604706583258862,636907700.9036845,5.369077009036845,0.1491047768626197,-0.3113515897015131,1.1563428374110583,1.5416084556650624,0.47889518407650855
0.8,0.84,0.9,0.98,1.0,-0.14349450634789307,7.368579088471851,0.7061662198391422,0.10991957104557641,641897849.1375972,5.418978491375972,0.14977818318090796,-0.3176490554148296,1.1535463987846803,1.5348301614740238,0.4715209462383168
0.82,0.82,0.86,0.96,1.0,-0.14382182693615075,7.41361930294906,0.7061721775394697,0.10604706583258862,640334587.140355,5.40334587140355,0.14956774781004145,-0.3135861465577908,1.1559964489957268,1.5398222083246307,0.4769590412453938
0.8,0.84,0.84,0.98,1.0,-0.1439432185953124,7.368579088471851,0.7050938337801609,0.10604706583258862,640209762.5560559,5.402097625560559,0.1495509243200679,-0.3181950274330093,1.1540311102185086,1.5353614577152586,0.46999767886552957
0.82,0.8,0.88,0.96,1.0,-0.14409487522955766,7.425630026809651,0.7042359249329758,0.10991957104557641,634914713.0417511,5.349147130417512,0.14883446427264246,-0.31110029918067994,1.1557535322575385,1.5419251980480257,0.47841311842070205
0.82,0.84,0.84,0.96,0.98,-0.1441686108068745,7.374584450402144,0.7063747393506107,0.10604706583258862,637952160.1408325,5.379521601408325,0.14924612649376479,-0.3166629605550335,1.1529800795942295,1.535309372178655,0.47130907331938177
0.82,0.84,0.86,0.92,1.0,-0.14466024140269385,7.44965147453083,0.7060828120345546,0.10604706583258862,641150267.4687401,5.411502674687401,0.149677608187458,-0.3110018502679478,1.1566460126021603,1.5417059292630577,0.48127561960966236
0.82,0.84,0.86,0.98,0.98,-0.14469681540952883,7.368579088471849,0.7082275841525171,0.09264224009532321,641377870.0071012,5.413778700071012,0.1497082398985703,-0.3188817068577019,1.1526076004175296,1.5334592381031642,0.4694789217412721
0.82,0.82,0.88,0.94,1.0,-0.1447706286264201,7.41361930294906,0.7054155495978552,0.1063449508489723,635402495.9003059,5.354024959003059,0.14890069561290908,-0.3120355321315821,1.1530520867990453,1.5370630889191088,0.4771914743033791
0.82,0.82,0.9,0.94,1.0,-0.14497388391141514,7.425630026809651,0.7055406613047364,0.1063449508489723,636399677.6150328,5.363996776150328,0.14903594711027157,-0.31148378498914286,1.153642686016281,1.5380938647941944,0.4784709647581379
0.82,0.84,0.88,0.92,1.0,-0.14528834237339322,7.431635388739946,0.7064104855525767,0.10425975573428657,638283200.286404,5.38283200286404,0.14929088242530741,-0.3115001853108136,1.1533846680562763,1.5371828574532183,0.47926418495175405
0.82,0.8,0.82,0.98,1.0,-0.1454177687220204,7.419624664879358,0.7043908251414953,0.10604706583258862,635707168.1791958,5.3570716817919575,0.14894204027344893,-0.31407040005404196,1.1557797454943717,1.540248557716769,0.4742313833071201
0.82,0.82,0.82,0.94,1.0,-0.14625002673017318,7.449651474530831,0.7036461126005361,0.10604706583258862,635049155.928263,5.35049155928263,0.14885272367533942,-0.31148173780374677,1.1558603578305804,1.5413750367895507,0.4778858777561016
0.82,0.82,0.84,0.96,1.0,-0.1467572425620307,7.443646112600535,0.7054989574024425,0.10604706583258862,638470289.9955558,5.384702899955558,0.14931616706579698,-0.3137139239582514,1.1555456919462443,1.539653606488658,0.4759628300262113
0.82,0.84,0.9,0.92,1.0,-0.14681181482904748,7.467667560321716,0.7067143282692883,0.1063449508489723,640523545.7317473,5.405235457317473,0.1495932093221055,-0.31094801236806635,1.154917429931434,1.5396986781593396,0.48108752386888837
0.82,0.84,0.9,0.98,0.98,-0.14718483029623164,7.398605898123324,0.7086267500744712,0.09651474530831099,641196802.6911545,5.411968026911545,0.14968387191215515,-0.31846317638430865,1.1516711355889873,1.532747300011709,0.4700194025934183
0.82,0.82,0.86,0.98,1.0,-0.14730066744336767,7.43764075067024,0.7073518022043491,0.10604706583258862,641898786.4412098,5.418987864412098,0.14977830921189583,-0.3159422731631254,1.1551556273826014,1.5377524768701183,0.4740685939629332
0.82,0.8,0.9,0.98,1.0,-0.14745140933634981,7.449651474530832,0.7057730116175156,0.10991957104557641,637022172.8196257,5.370221728196257,0.1491202791286581,-0.3132825625289315,1.1547102212452962,1.5395632796489596,0.47599291171811364
0.82,0.8,0.88,0.98,1.0,-0.14758852872346961,7.449651474530831,0.7054155495978552,0.10991957104557641,636465617.5417691,5.364656175417691,0.14904488387891157,-0.3134649857129377,1.1548969383386647,1.5397999703950833,0.4754753821704432
0.82,0.84,0.84,0.92,1.0,-0.14759558744634516,7.479678284182306,0.7054095918975275,0.10604706583258862,639283546.7596393,5.3928354675963925,0.14942599681959545,-0.3111301117394809,1.156195544660238,1.541540603013942,0.4802685152657759
0.82,0.84,0.84,0.98,0.98,-0.14763633363330075,7.398605898123324,0.7075543640154901,0.09264224009532321,639510559.7473528,5.3951055974735285,0.14945663169236423,-0.319008496996828,1.1521488023650575,1.533264146233241,0.46850360758212134
0.82,0.84,0.86,0.94,1.0,-0.14808498107814494,7.473672922252011,0.7072624366994341,0.10604706583258862,642730066.2722625,5.427300662722624,0.1498900171498152,-0.3133638997328779,1.1559154684957929,1.5399130312303466,0.4783257333649044
0.82,0.82,0.9,0.96,1.0,-0.14810031680895835,7.43764075067024,0.7069526362823949,0.1063449508489723,637514550.9707947,5.375145509707947,0.14918692967596847,-0.31421373222591653,1.1520546866987145,1.5348250232677303,0.4747944293176358
0.82,0.84,0.88,0.94,1.0,-0.14837422081864082,7.443646112600536,0.7078224605302352,0.10425975573428657,639409508.5617775,5.394095085617774,0.14944299631312452,-0.31422845144109224,1.1518726771663605,1.5341047455540544,0.47558709476420624
0.82,0.84,0.88,0.96,1.0,-0.14863334546780743,7.467667560321715,0.7084003574620197,0.1063449508489723,645852760.3526292,5.458527603526292,0.15030845644001234,-0.31559384542421365,1.15570695299026,1.53808634992877,0.4762718241161241
0.82,0.82,0.88,0.96,1.0,-0.14923513939624644,7.47367292225201,0.7058981233243967,0.10991957104557641,638292556.4097195,5.382925564097195,0.14929214704150562,-0.31329182891530194,1.1546187488427404,1.5389931336845302,0.476527420323709
0.82,0.82,0.82,0.96,1.0,-0.149710467427551,7.473672922252011,0.7048257372654155,0.10604706583258862,636607209.5015368,5.366072095015369,0.1490640707943125,-0.31384362411028477,1.1550604525661983,1.539411356446249,0.4749628775059369
0.82,0.84,0.9,0.94,1.0,-0.1498997949455373,7.479678284182306,0.7081263032469468,0.1063449508489723,641653823.3138688,5.416538233138688,0.14974536537844085,-0.31367846301878877,1.153404012270473,1.5366156754072908,0.47738491172558245
0.82,0.82,0.84,0.98,1.0,-0.15023770571903639,7.467667560321715,0.7066785820673219,0.10604706583258862,640029959.5831332,5.400299595831332,0.1495266856713513,-0.3160696104776992,1.1547018812178793,1.5375730371609386,0.4730815007661149
0.82,0.84,0.84,0.94,1.0,-0.1510218132152792,7.503699731903485,0.7065892165624069,0.10604706583258862,640858770.4042647,5.408587704042647,0.1496383625885036,-0.31349171999907377,1.1554622397847876,1.539737660251922,0.4773279581002832
0.82,0.84,0.86,0.96,1.0,-0.1515292546448347,7.49769436997319,0.7084420613643133,0.10604706583258862,644306960.7847599,5.443069607847598,0.1501015545977884,-0.31571930687193417,1.155137921412775,1.5380137774586236,0.47542722706747353
0.82,0.84,0.88,0.98,1.0,-0.1520977066513941,7.491689008042895,0.709579982126899,0.1063449508489723,647430460.3407879,5.474304603407879,0.15051915631301593,-0.3179430565203294,1.1548844088432375,1.5360724248650506,0.4734154535731831
0.82,0.82,0.9,0.98,1.0,-0.15257584008445502,7.49769436997319,0.7074352100089366,0.10991957104557641,640411313.2708261,5.404113132708261,0.1495780872268,-0.3154671232510847,1.1535976008085584,1.5366906986707138,0.47414794190058496
0.82,0.82,0.88,0.98,1.0,-0.15271482872241304,7.49769436997319,0.7070777479892761,0.10991957104557641,639851755.4509481,5.398517554509481,0.14950265634188575,-0.3156489672616051,1.1537791975919125,1.5369184858997567,0.47363581651759445
0.82,0.84,0.9,0.96,1.0,-0.15300869889841284,7.491689008042895,0.7095382782246054,0.1063449508489723,642777987.656873,5.42777987656873,0.14989645278281927,-0.3163996817076131,1.1518395585019658,1.5334095252643016,0.4737566484701445
0.82,0.82,0.82,0.98,1.0,-0.15319234435336443,7.49769436997319,0.7060053619302948,0.10604706583258862,638162352.1783988,5.381623521783989,0.14927454650401195,-0.31619886394663077,1.1542138153956594,1.5373215930833883,0.4720907110191486
0.82,0.84,0.84,0.96,1.0,-0.15446774095516103,7.527721179624664,0.7077688412272862,0.10604706583258862,642431098.3036575,5.424310983036575,0.14984985703092946,-0.3158466871800606,1.1546818601902495,1.5378268653507787,0.4744385903452638
0.82,0.84,0.86,0.98,1.0,-0.15499457801172561,7.521715817694369,0.7096216860291926,0.10604706583258862,645880909.280682,5.45880909280682,0.15031221986357246,-0.31806808583836843,1.1543140973574584,1.535991287448362,0.47257875453734177
0.82,0.84,0.9,0.98,1.0,-0.1574811890712846,7.551742627345844,0.7100208519511468,0.10991957104557641,645698570.7122109,5.456985707122109,0.15028783907584353,-0.317649055414829,1.1533805371434782,1.5352832928081421,0.4731254084152002
0.82,0.84,0.84,0.98,1.0,-0.1579346321251608,7.551742627345844,0.7089484658921656,0.10604706583258862,644000488.8532269,5.440004888532269,0.1500604794792093,-0.3181950274330101,1.1538551349961703,1.5357938745029804,0.4715990714556395
