selection_date,row_index,validation_start,validation_end,has_validation,changed_count,param_up_trigger,param_strong_up_trigger,param_max_up_bonus,param_full_stock_up_trigger,param_full_stock_high_vol_max,param_no_trade_band,metric_score,metric_kept_previous,metric_reason,metric_sharpe,metric_calmar,metric_mdd,metric_annual_turnover,metric_custom_up_ratio,metric_changed_params,metric_mdd_penalty,metric_turnover_penalty,metric_custom_up_penalty,metric_change_penalty,metric_kept_previous_by_margin,metric_effective_score
2013-01-02 00:00:00,0,,,False,0,0.35,0.55,0.18,0.7,0.35,0.12,-1000000000.0,True,insufficient_validation_history,,,,,,,,,,,,
2013-01-09 00:00:00,5,,,False,0,0.35,0.55,0.18,0.7,0.35,0.12,-1000000000.0,True,insufficient_validation_history,,,,,,,,,,,,
2013-01-16 00:00:00,10,,,False,0,0.35,0.55,0.18,0.7,0.35,0.12,-1000000000.0,True,insufficient_validation_history,,,,,,,,,,,,
2013-01-24 00:00:00,15,,,False,0,0.35,0.55,0.18,0.7,0.35,0.12,-1000000000.0,True,insufficient_validation_history,,,,,,,,,,,,
2013-01-31 00:00:00,20,,,False,0,0.35,0.55,0.18,0.7,0.35,0.12,-1000000000.0,True,insufficient_validation_history,,,,,,,,,,,,
2013-02-07 00:00:00,25,,,False,0,0.35,0.55,0.18,0.7,0.35,0.12,-1000000000.0,True,insufficient_validation_history,,,,,,,,,,,,
2013-02-14 00:00:00,30,,,False,0,0.35,0.55,0.18,0.7,0.35,0.12,-1000000000.0,True,insufficient_validation_history,,,,,,,,,,,,
2013-02-22 00:00:00,35,,,False,0,0.35,0.55,0.18,0.7,0.35,0.12,-1000000000.0,True,insufficient_validation_history,,,,,,,,,,,,
2013-03-01 00:00:00,40,,,False,0,0.35,0.55,0.18,0.7,0.35,0.12,-1000000000.0,True,insufficient_validation_history,,,,,,,,,,,,
2013-03-08 00:00:00,45,,,False,0,0.35,0.55,0.18,0.7,0.35,0.12,-1000000000.0,True,insufficient_validation_history,,,,,,,,,,,,
2013-03-15 00:00:00,50,,,False,0,0.35,0.55,0.18,0.7,0.35,0.12,-1000000000.0,True,insufficient_validation_history,,,,,,,,,,,,
2013-03-22 00:00:00,55,,,False,0,0.35,0.55,0.18,0.7,0.35,0.12,-1000000000.0,True,insufficient_validation_history,,,,,,,,,,,,
2013-04-01 00:00:00,60,,,False,0,0.35,0.55,0.18,0.7,0.35,0.12,-1000000000.0,True,insufficient_validation_history,,,,,,,,,,,,
2013-04-08 00:00:00,65,,,False,0,0.35,0.55,0.18,0.7,0.35,0.12,-1000000000.0,True,insufficient_validation_history,,,,,,,,,,,,
2013-04-15 00:00:00,70,,,False,0,0.35,0.55,0.18,0.7,0.35,0.12,-1000000000.0,True,insufficient_validation_history,,,,,,,,,,,,
2013-04-22 00:00:00,75,,,False,0,0.35,0.55,0.18,0.7,0.35,0.12,-1000000000.0,True,insufficient_validation_history,,,,,,,,,,,,
2013-04-29 00:00:00,80,,,False,0,0.35,0.55,0.18,0.7,0.35,0.12,-1000000000.0,True,insufficient_validation_history,,,,,,,,,,,,
2013-05-06 00:00:00,85,,,False,0,0.35,0.55,0.18,0.7,0.35,0.12,-1000000000.0,True,insufficient_validation_history,,,,,,,,,,,,
2013-05-13 00:00:00,90,,,False,0,0.35,0.55,0.18,0.7,0.35,0.12,-1000000000.0,True,insufficient_validation_history,,,,,,,,,,,,
2013-05-20 00:00:00,95,,,False,0,0.35,0.55,0.18,0.7,0.35,0.12,-1000000000.0,True,insufficient_validation_history,,,,,,,,,,,,
2013-05-28 00:00:00,100,,,False,0,0.35,0.55,0.18,0.7,0.35,0.12,-1000000000.0,True,insufficient_validation_history,,,,,,,,,,,,
2013-06-04 00:00:00,105,,,False,0,0.35,0.55,0.18,0.7,0.35,0.12,-1000000000.0,True,insufficient_validation_history,,,,,,,,,,,,
2013-06-11 00:00:00,110,,,False,0,0.35,0.55,0.18,0.7,0.35,0.12,-1000000000.0,True,insufficient_validation_history,,,,,,,,,,,,
2013-06-18 00:00:00,115,,,False,0,0.35,0.55,0.18,0.7,0.35,0.12,-1000000000.0,True,insufficient_validation_history,,,,,,,,,,,,
2013-06-25 00:00:00,120,,,False,0,0.35,0.55,0.18,0.7,0.35,0.12,-1000000000.0,True,insufficient_validation_history,,,,,,,,,,,,
2013-07-02 00:00:00,125,,,False,0,0.35,0.55,0.18,0.7,0.35,0.12,-1000000000.0,True,insufficient_validation_history,,,,,,,,,,,,
2013-07-10 00:00:00,130,,,False,0,0.35,0.55,0.18,0.7,0.35,0.12,-1000000000.0,True,insufficient_validation_history,,,,,,,,,,,,
2013-07-17 00:00:00,135,,,False,0,0.35,0.55,0.18,0.7,0.35,0.12,-1000000000.0,True,insufficient_validation_history,,,,,,,,,,,,
2013-07-24 00:00:00,140,,,False,0,0.35,0.55,0.18,0.7,0.35,0.12,-1000000000.0,True,insufficient_validation_history,,,,,,,,,,,,
2013-07-31 00:00:00,145,,,False,0,0.35,0.55,0.18,0.7,0.35,0.12,-1000000000.0,True,insufficient_validation_history,,,,,,,,,,,,
2013-08-07 00:00:00,150,,,False,0,0.35,0.55,0.18,0.7,0.35,0.12,-1000000000.0,True,insufficient_validation_history,,,,,,,,,,,,
2013-08-14 00:00:00,155,,,False,0,0.35,0.55,0.18,0.7,0.35,0.12,-1000000000.0,True,insufficient_validation_history,,,,,,,,,,,,
2013-08-21 00:00:00,160,,,False,0,0.35,0.55,0.18,0.7,0.35,0.12,-1000000000.0,True,insufficient_validation_history,,,,,,,,,,,,
2013-08-28 00:00:00,165,,,False,0,0.35,0.55,0.18,0.7,0.35,0.12,-1000000000.0,True,insufficient_validation_history,,,,,,,,,,,,
2013-09-05 00:00:00,170,,,False,0,0.35,0.55,0.18,0.7,0.35,0.12,-1000000000.0,True,insufficient_validation_history,,,,,,,,,,,,
2013-09-12 00:00:00,175,,,False,0,0.35,0.55,0.18,0.7,0.35,0.12,-1000000000.0,True,insufficient_validation_history,,,,,,,,,,,,
2013-09-19 00:00:00,180,,,False,0,0.35,0.55,0.18,0.7,0.35,0.12,-1000000000.0,True,insufficient_validation_history,,,,,,,,,,,,
2013-09-26 00:00:00,185,,,False,0,0.35,0.55,0.18,0.7,0.35,0.12,-1000000000.0,True,insufficient_validation_history,,,,,,,,,,,,
2013-10-03 00:00:00,190,,,False,0,0.35,0.55,0.18,0.7,0.35,0.12,-1000000000.0,True,insufficient_validation_history,,,,,,,,,,,,
2013-10-10 00:00:00,195,,,False,0,0.35,0.55,0.18,0.7,0.35,0.12,-1000000000.0,True,insufficient_validation_history,,,,,,,,,,,,
2013-10-17 00:00:00,200,,,False,0,0.35,0.55,0.18,0.7,0.35,0.12,-1000000000.0,True,insufficient_validation_history,,,,,,,,,,,,
2013-10-24 00:00:00,205,,,False,0,0.35,0.55,0.18,0.7,0.35,0.12,-1000000000.0,True,insufficient_validation_history,,,,,,,,,,,,
2013-10-31 00:00:00,210,,,False,0,0.35,0.55,0.18,0.7,0.35,0.12,-1000000000.0,True,insufficient_validation_history,,,,,,,,,,,,
2013-11-07 00:00:00,215,,,False,0,0.35,0.55,0.18,0.7,0.35,0.12,-1000000000.0,True,insufficient_validation_history,,,,,,,,,,,,
2013-11-14 00:00:00,220,,,False,0,0.35,0.55,0.18,0.7,0.35,0.12,-1000000000.0,True,insufficient_validation_history,,,,,,,,,,,,
2013-11-21 00:00:00,225,,,False,0,0.35,0.55,0.18,0.7,0.35,0.12,-1000000000.0,True,insufficient_validation_history,,,,,,,,,,,,
2013-11-29 00:00:00,230,,,False,0,0.35,0.55,0.18,0.7,0.35,0.12,-1000000000.0,True,insufficient_validation_history,,,,,,,,,,,,
2013-12-06 00:00:00,235,,,False,0,0.35,0.55,0.18,0.7,0.35,0.12,-1000000000.0,True,insufficient_validation_history,,,,,,,,,,,,
2013-12-13 00:00:00,240,,,False,0,0.35,0.55,0.18,0.7,0.35,0.12,-1000000000.0,True,insufficient_validation_history,,,,,,,,,,,,
2013-12-20 00:00:00,245,,,False,0,0.35,0.55,0.18,0.7,0.35,0.12,-1000000000.0,True,insufficient_validation_history,,,,,,,,,,,,
2013-12-30 00:00:00,250,,,False,0,0.35,0.55,0.18,0.7,0.35,0.12,-1000000000.0,True,insufficient_validation_history,,,,,,,,,,,,
2014-01-07 00:00:00,255,,,False,0,0.35,0.55,0.18,0.7,0.35,0.12,-1000000000.0,True,insufficient_validation_history,,,,,,,,,,,,
2014-01-14 00:00:00,260,,,False,0,0.35,0.55,0.18,0.7,0.35,0.12,-1000000000.0,True,insufficient_validation_history,,,,,,,,,,,,
2014-01-22 00:00:00,265,,,False,0,0.35,0.55,0.18,0.7,0.35,0.12,-1000000000.0,True,insufficient_validation_history,,,,,,,,,,,,
2014-01-29 00:00:00,270,,,False,0,0.35,0.55,0.18,0.7,0.35,0.12,-1000000000.0,True,insufficient_validation_history,,,,,,,,,,,,
2014-02-05 00:00:00,275,2013-01-07 00:00:00,2014-01-06 00:00:00,True,5,0.55,0.75,0.06,0.85,0.15,0.12,5.408102438251274,False,,2.2341622476235496,4.289515170420489,-0.051508779977614716,1.3458993213583372,0.10317460317460317,5.0,0.0,0.10767194570866698,0.0,0.15,False,5.408102438251274
2014-02-12 00:00:00,280,2013-01-14 00:00:00,2014-01-13 00:00:00,True,0,0.55,0.75,0.06,0.85,0.15,0.12,5.448437967675501,False,,2.1802305933333304,4.2198491500635456,-0.05150877997761494,1.3458993213583372,0.10317460317460317,0.0,0.0,0.10767194570866698,0.0,0.0,False,5.448437967675501
2014-02-20 00:00:00,285,2013-01-22 00:00:00,2014-01-21 00:00:00,True,0,0.55,0.75,0.06,0.85,0.15,0.12,4.761286503684223,True,,1.9332773247065347,3.6482104042969756,-0.05186877165106485,1.13198930574865,0.10317460317460317,0.0,0.0,0.09055914445989201,0.0,0.0,True,5.448437967675501
2014-02-27 00:00:00,290,2013-01-29 00:00:00,2014-01-28 00:00:00,True,0,0.55,0.75,0.06,0.85,0.15,0.12,4.173463268338584,True,,1.684772950178986,3.230382919100459,-0.05225361970095266,1.1952002140096127,0.10317460317460317,0.0,0.0,0.09561601712076902,0.0,0.0,True,5.448437967675501
2014-03-06 00:00:00,295,2013-02-05 00:00:00,2014-02-04 00:00:00,True,0,0.55,0.75,0.06,0.85,0.15,0.12,3.786183047325581,True,,1.5181566386093313,2.974126836672442,-0.05159940032737498,1.3909382577713036,0.10714285714285714,0.0,0.0,0.1112750606217043,0.0,0.0,True,5.448437967675501
2014-03-13 00:00:00,300,2013-02-12 00:00:00,2014-02-11 00:00:00,True,0,0.55,0.75,0.06,0.85,0.15,0.12,4.296489337564263,True,,1.7096484725243177,3.4303199922529597,-0.05150877997761527,1.5926891095302795,0.16666666666666666,1.0,0.0,0.12741512876242236,0.0,0.03,True,5.448437967675501
2014-03-20 00:00:00,305,2013-02-20 00:00:00,2014-02-19 00:00:00,True,0,0.55,0.75,0.06,0.85,0.15,0.12,4.711225101775276,True,,1.8647484281343507,3.7496079953466497,-0.051633140547518774,1.5401215329549331,0.16666666666666666,1.0,0.0,0.12320972263639465,0.0,0.03,True,5.448437967675501
2014-03-27 00:00:00,310,2013-02-27 00:00:00,2014-02-26 00:00:00,True,0,0.55,0.75,0.06,0.85,0.15,0.12,4.762285042752628,True,,1.9296939473200336,3.724054292828819,-0.05230187679826637,1.4581542353807584,0.1746031746031746,1.0,0.0,0.11665233883046067,0.0,0.03,True,5.448437967675501
2014-04-03 00:00:00,315,2013-03-06 00:00:00,2014-03-05 00:00:00,True,0,0.55,0.75,0.06,0.85,0.15,0.12,4.469476308982533,True,,1.8179136363642623,3.4994341439310275,-0.052403352741233866,1.474808031581892,0.19444444444444445,1.0,0.0,0.11798464252655137,0.0,0.03,True,5.448437967675501
2014-04-10 00:00:00,320,2013-03-13 00:00:00,2014-03-12 00:00:00,True,0,0.55,0.75,0.06,0.85,0.15,0.12,3.7199163112314637,True,,1.5257326186766142,2.8921926368200026,-0.05240718582936166,1.494630211264408,0.15079365079365079,0.0,0.0,0.11957041690115265,0.0,0.0,True,5.448437967675501
2014-04-17 00:00:00,325,2013-03-20 00:00:00,2014-03-19 00:00:00,True,0,0.55,0.75,0.06,0.85,0.15,0.12,4.242143018290905,True,,1.7187546434117542,3.303577760727876,-0.05239982845395408,1.4934229212893744,0.17063492063492064,0.0,0.0,0.11947383370314996,0.0,0.0,True,5.448437967675501
2014-04-25 00:00:00,330,2013-03-27 00:00:00,2014-03-26 00:00:00,True,0,0.55,0.75,0.06,0.85,0.15,0.12,3.777793761096746,True,,1.5474960816013537,2.9374559963408355,-0.05241455230462411,1.4958389697159493,0.19047619047619047,0.0,0.0,0.11966711757727595,0.0,0.0,True,5.448437967675501
2014-05-02 00:00:00,335,2013-04-04 00:00:00,2014-04-02 00:00:00,True,0,0.55,0.75,0.06,0.85,0.15,0.12,4.202166023632672,True,,1.6906146836382174,3.301451689688076,-0.051508779977614605,1.6201251469500808,0.1984126984126984,0.0,0.0,0.12961001175600648,0.0,0.0,True,5.448437967675501
2014-05-09 00:00:00,340,2013-04-11 00:00:00,2014-04-09 00:00:00,True,0,0.55,0.75,0.06,0.85,0.15,0.12,2.996609902554161,True,,1.2248032620228804,2.372330555355952,-0.05166226255217943,1.5757225469185197,0.1984126984126984,0.0,0.0,0.12605780375348158,0.0,0.0,True,5.448437967675501
2014-05-16 00:00:00,345,2013-04-18 00:00:00,2014-04-16 00:00:00,True,0,0.55,0.75,0.06,0.85,0.15,0.12,4.184135575513202,True,,1.7055135901888943,3.2400332504942724,-0.051937798320201733,1.4175576883888854,0.20238095238095238,0.0,0.0,0.11340461507111084,0.0,0.0,True,5.448437967675501
2014-05-23 00:00:00,350,2013-04-25 00:00:00,2014-04-24 00:00:00,True,0,0.55,0.75,0.06,0.85,0.15,0.12,3.7224520395810075,True,,1.5367865740891373,2.8748376936667532,-0.051998671371878746,1.4275586180191602,0.21428571428571427,0.0,0.0,0.11420468944153282,0.0,0.0,True,5.448437967675501
2014-06-02 00:00:00,355,2013-05-02 00:00:00,2014-05-01 00:00:00,True,0,0.55,0.75,0.06,0.85,0.15,0.12,3.495116486704606,True,,1.4587628083433184,2.6871385766006757,-0.051934189805685094,1.4169647864906585,0.23412698412698413,0.0,0.0,0.11335718291925267,0.0,0.0,True,5.448437967675501
2014-06-09 00:00:00,360,2013-05-09 00:00:00,2014-05-08 00:00:00,True,0,0.55,0.75,0.06,0.85,0.15,0.12,3.4051903000439903,True,,1.414598111930343,2.6229427662006226,-0.05150877997761516,1.3470253105856362,0.25396825396825395,0.0,0.0,0.1077620248468509,0.0,0.0,True,5.448437967675501
2014-06-16 00:00:00,365,2013-05-16 00:00:00,2014-05-15 00:00:00,True,0,0.55,0.75,0.06,0.85,0.15,0.12,2.738370560374151,True,,1.1786682526497778,2.128466432541612,-0.05193811646941615,1.4133854788614624,0.27380952380952384,1.0,0.0,0.113070838308917,0.0,0.03,True,5.448437967675501
2014-06-23 00:00:00,370,2013-05-23 00:00:00,2014-05-22 00:00:00,True,0,0.55,0.75,0.06,0.85,0.15,0.12,3.612151885888458,True,,1.4162084874854646,2.937895009460188,-0.046210015653157854,1.5546576145644615,0.29365079365079366,1.0,0.0,0.12437260916515692,0.0,0.03,True,5.448437967675501
2014-06-30 00:00:00,375,2013-05-31 00:00:00,2014-05-30 00:00:00,True,0,0.55,0.75,0.06,0.85,0.15,0.12,4.089274476625564,True,,1.5627902502151592,3.34722433326886,-0.04452121494060779,1.5161905025585376,0.3134920634920635,1.0,0.0,0.121295240204683,0.0,0.03,True,5.448437967675501
2014-07-08 00:00:00,380,2013-06-07 00:00:00,2014-06-06 00:00:00,True,0,0.55,0.75,0.06,0.85,0.15,0.12,4.474186420724725,True,,1.7001017222140369,3.6190815068173228,-0.04452121494060801,1.5147563367896357,0.3333333333333333,0.0,0.0,0.12118050694317085,0.0,0.0,True,5.448437967675501
2014-07-15 00:00:00,385,2013-06-14 00:00:00,2014-06-13 00:00:00,True,0,0.55,0.75,0.06,0.85,0.15,0.12,4.463676055710299,True,,1.7307510741465084,3.5941918215581965,-0.044521214940608234,1.4053559460345808,0.3531746031746032,1.0,0.0,0.11242847568276647,0.0,0.03,True,5.448437967675501
2014-07-22 00:00:00,390,2013-06-21 00:00:00,2014-06-20 00:00:00,True,1,0.55,0.75,0.06,0.85,0.15,0.16,6.172060422468473,False,,2.369597875688047,4.828446701661402,-0.04460274792879082,0.37868518185870004,0.373015873015873,1.0,0.0,0.030294814548696005,0.0,0.03,False,6.172060422468473
2014-07-29 00:00:00,395,2013-06-28 00:00:00,2014-06-27 00:00:00,True,0,0.55,0.75,0.06,0.85,0.15,0.16,5.881592883509698,True,,2.265075410501419,4.5585153594462176,-0.04460274792879049,0.37868518185870004,0.39285714285714285,0.0,0.0,0.030294814548696005,0.0,0.0,True,6.172060422468473
2014-08-05 00:00:00,400,2013-07-08 00:00:00,2014-07-07 00:00:00,True,0,0.55,0.75,0.06,0.85,0.15,0.16,5.402867829591329,True,,2.091427999392649,4.177168305934218,-0.044602747928790265,0.37868518185870004,0.4126984126984127,0.0,0.0,0.030294814548696005,0.0,0.0,True,6.172060422468473
2014-08-12 00:00:00,405,2013-07-15 00:00:00,2014-07-14 00:00:00,True,0,0.55,0.75,0.06,0.85,0.15,0.16,5.148623180770136,True,,2.0078610806574777,3.9638211433266926,-0.04460274792879004,0.37868518185870004,0.43253968253968256,0.0,0.0,0.030294814548696005,0.0,0.0,True,6.172060422468473
2014-08-19 00:00:00,410,2013-07-22 00:00:00,2014-07-21 00:00:00,True,0,0.55,0.75,0.06,0.85,0.15,0.16,4.7136528297055005,True,,1.8590254325234497,3.703757792052489,-0.044521214940608234,0.9618783128921031,0.4523809523809524,1.0,0.0,0.07695026503136825,0.0014285714285714234,0.03,True,6.172060422468473
2014-08-26 00:00:00,415,2013-07-29 00:00:00,2014-07-28 00:00:00,True,0,0.55,0.75,0.06,0.85,0.15,0.16,4.542272190310129,True,,1.8152204307187405,3.5992117946794733,-0.044521214940608456,0.9873042852357116,0.4722222222222222,2.0,0.0,0.07898434281885693,0.013333333333333319,0.06,True,6.172060422468473
2014-09-03 00:00:00,420,2013-08-05 00:00:00,2014-08-04 00:00:00,True,0,0.55,0.75,0.06,0.85,0.15,0.16,3.5872898089145715,True,,1.4472456460527077,2.8826679270569477,-0.044521214940608234,1.0106510443199948,0.49206349206349204,2.0,0.0,0.08085208354559958,0.025238095238095216,0.06,True,6.172060422468473
2014-09-10 00:00:00,425,2013-08-12 00:00:00,2014-08-11 00:00:00,True,0,0.55,0.75,0.06,0.85,0.15,0.16,4.0201340784185104,True,,1.5999010724160245,3.2478287963085752,-0.044521214940608234,1.0110896737689703,0.5119047619047619,2.0,0.0,0.08088717390151763,0.03714285714285711,0.06,True,6.172060422468473
2014-09-17 00:00:00,430,2013-08-19 00:00:00,2014-08-18 00:00:00,True,0,0.55,0.75,0.06,0.85,0.15,0.16,5.596630183330596,True,,2.1381516787368353,4.443999661490164,-0.04324607652230783,0.3399676884320131,0.5158730158730159,1.0,0.0,0.027197415074561047,0.03952380952380955,0.03,True,6.172060422468473
2014-09-24 00:00:00,435,2013-08-26 00:00:00,2014-08-25 00:00:00,True,0,0.55,0.75,0.06,0.85,0.15,0.16,6.180292806509383,True,,2.3647328232864813,4.856139349393201,-0.044435800949538584,0.3728460845981194,0.5158730158730159,0.0,0.0,0.029827686767849554,0.03952380952380955,0.0,True,6.172060422468473
2014-10-01 00:00:00,440,2013-09-03 00:00:00,2014-09-02 00:00:00,True,0,0.55,0.75,0.06,0.85,0.15,0.16,5.730365248097797,True,,2.212179342343766,4.484421752557113,-0.044521214940608345,0.3728460845981194,0.5158730158730159,0.0,0.0,0.029827686767849554,0.03952380952380955,0.0,True,6.172060422468473
2014-10-08 00:00:00,445,2013-09-10 00:00:00,2014-09-09 00:00:00,True,0,0.55,0.75,0.06,0.85,0.15,0.16,5.199998610745152,True,,2.021724643375056,4.059531829577194,-0.044521214940608456,0.3728460845981194,0.5158730158730159,0.0,0.0,0.029827686767849554,0.03952380952380955,0.0,True,6.172060422468473
2014-10-15 00:00:00,450,2013-09-17 00:00:00,2014-09-16 00:00:00,True,0,0.55,0.75,0.06,0.85,0.15,0.16,4.787778913034415,True,,1.8858539121970084,3.7260042891177374,-0.04544927617923866,0.40264704737645896,0.5277777777777778,0.0,0.0,0.03221176379011672,0.04666666666666667,0.0,True,6.172060422468473
2014-10-22 00:00:00,455,2013-09-24 00:00:00,2014-09-23 00:00:00,True,0,0.55,0.75,0.06,0.85,0.15,0.16,4.536920144854548,True,,1.7759880269282655,3.5640651953880584,-0.04531350390654898,0.3968576226591917,0.5476190476190477,0.0,0.0,0.03174860981273534,0.058571428571428594,0.0,True,6.172060422468473
2014-10-29 00:00:00,460,2013-10-01 00:00:00,2014-09-30 00:00:00,True,0,0.55,0.75,0.06,0.85,0.15,0.16,4.2028564571692275,True,,1.6495706727437633,3.319388230892988,-0.045248206377109246,0.3968576226591917,0.5674603174603174,0.0,0.0,0.03174860981273534,0.07047619047619046,0.0,True,6.172060422468473
2014-11-05 00:00:00,465,2013-10-08 00:00:00,2014-10-07 00:00:00,True,0,0.55,0.75,0.06,0.85,0.15,0.16,4.338763730175304,True,,1.6618297596510296,3.4817837399138685,-0.043840748878819724,0.3561627675852437,0.5833333333333334,0.0,0.0,0.028493021406819495,0.08000000000000002,0.0,True,6.172060422468473
2014-11-12 00:00:00,470,2013-10-15 00:00:00,2014-10-14 00:00:00,True,0,0.55,0.75,0.06,0.85,0.15,0.16,2.0561189292510345,True,,1.0394442492634135,1.5459680044209592,-0.05905174957813575,0.9714846396024286,0.5873015873015873,2.0,0.0,0.07771877116819428,0.08238095238095239,0.06,True,6.172060422468473
2014-11-19 00:00:00,475,2013-10-22 00:00:00,2014-10-21 00:00:00,True,0,0.55,0.75,0.06,0.85,0.15,0.16,2.5692031802247395,True,,1.2460061578621033,1.9107519069807386,-0.05900269848063222,0.7877943855125289,0.5873015873015873,2.0,0.0,0.06302355084100231,0.08238095238095239,0.06,True,6.172060422468473
2014-11-26 00:00:00,480,2013-10-29 00:00:00,2014-10-28 00:00:00,True,0,0.55,0.75,0.06,0.85,0.15,0.16,2.830690019336169,True,,1.3601578077737944,2.11422941778679,-0.05900269848063233,0.9808796285763157,0.5873015873015873,2.0,0.0,0.07847037028610526,0.08238095238095239,0.06,True,6.172060422468473
2014-12-04 00:00:00,485,2013-11-05 00:00:00,2014-11-04 00:00:00,True,0,0.55,0.75,0.06,0.85,0.15,0.16,3.478592720033602,True,,1.5678730978646476,2.5530019380644444,-0.05756387757605497,0.2412621987706129,0.5873015873015873,1.0,0.0,0.01930097590164903,0.08238095238095239,0.03,True,6.172060422468473
2014-12-11 00:00:00,490,2013-11-12 00:00:00,2014-11-11 00:00:00,True,0,0.55,0.75,0.06,0.85,0.15,0.16,3.2370059642663427,True,,1.533323438649822,2.4424888479590248,-0.05796177753384979,0.6050473855742189,0.6865079365079365,2.0,0.0,0.04840379084593751,0.1419047619047619,0.06,True,6.172060422468473
2014-12-18 00:00:00,495,2013-11-19 00:00:00,2014-11-18 00:00:00,True,0,0.55,0.75,0.06,0.85,0.15,0.16,3.3877903733830883,True,,1.561626588287455,2.48372242834726,-0.057724996299109876,0.9804150650152783,0.5873015873015873,0.0,0.0,0.07843320520122227,0.08238095238095239,0.0,True,6.172060422468473
2014-12-26 00:00:00,500,2013-11-26 00:00:00,2014-11-25 00:00:00,True,0,0.55,0.75,0.06,0.85,0.15,0.16,3.229719022051027,True,,1.501620530090612,2.377232587780749,-0.05772499629911032,0.992523299730874,0.6071428571428571,0.0,0.0,0.07940186397846992,0.09428571428571425,0.0,True,6.172060422468473
2015-01-05 00:00:00,505,2013-12-04 00:00:00,2014-12-03 00:00:00,True,0,0.55,0.75,0.06,0.85,0.15,0.16,3.599815618776685,True,,1.6600177353885892,2.655571761780555,-0.057724996299109765,0.9808631230734015,0.626984126984127,0.0,0.0,0.07846904984587212,0.10619047619047618,0.0,True,6.172060422468473
2015-01-12 00:00:00,510,2013-12-11 00:00:00,2014-12-10 00:00:00,True,0,0.55,0.75,0.06,0.85,0.15,0.16,2.92508635815369,True,,1.412353798473731,2.2545075469995712,-0.05796177753385012,0.6061565692343189,0.753968253968254,2.0,0.0,0.048492525538745515,0.18238095238095237,0.06,True,6.172060422468473
2015-01-20 00:00:00,515,2013-12-18 00:00:00,2014-12-17 00:00:00,True,0,0.55,0.75,0.06,0.85,0.15,0.16,3.1782491400152297,True,,1.492371130700669,2.4771321252959013,-0.05796177753385001,0.638322327003195,0.7579365079365079,2.0,0.0,0.0510657861602556,0.18476190476190474,0.06,True,6.172060422468473
2015-01-27 00:00:00,520,2013-12-26 00:00:00,2014-12-24 00:00:00,True,0,0.55,0.75,0.06,0.85,0.15,0.16,3.0083347339739688,True,,1.4245015210516427,2.3550006024346186,-0.05796177753385012,0.6330432437694873,0.7658730158730159,2.0,0.0,0.050643459501558984,0.18952380952380954,0.06,True,6.172060422468473
2015-02-03 00:00:00,525,2014-01-03 00:00:00,2015-01-02 00:00:00,True,0,0.55,0.75,0.06,0.85,0.15,0.16,2.2180829321448843,True,,1.09637446633024,1.7949464738644287,-0.05796177753384957,0.6602517731040891,0.7857142857142857,2.0,0.0,0.05282014184832713,0.2014285714285714,0.06,True,6.172060422468473
2015-02-10 00:00:00,530,2014-01-10 00:00:00,2015-01-09 00:00:00,True,0,0.55,0.75,0.06,0.85,0.15,0.16,2.504744454600392,True,,1.2100985014892223,2.0276822236392853,-0.057961777533850456,0.6770811558365646,0.8055555555555556,2.0,0.0,0.05416649246692517,0.21333333333333335,0.06,True,6.172060422468473
2015-02-18 00:00:00,535,2014-01-17 00:00:00,2015-01-16 00:00:00,True,0,0.55,0.75,0.06,0.85,0.15,0.16,2.251156474011791,True,,1.1170268319706458,1.8646119341002276,-0.0579617775338499,0.9040226250117664,0.8253968253968254,2.0,0.0,0.07232181000094132,0.22523809523809518,0.06,True,6.172060422468473
2015-02-25 00:00:00,540,2014-01-27 00:00:00,2015-01-26 00:00:00,True,0,0.55,0.75,0.06,0.85,0.15,0.16,2.9833390296552085,True,,1.3550245769645854,2.2963161631768516,-0.056657516101402905,0.4306595445643057,0.6904761904761905,1.0,0.0,0.034452763565144456,0.14428571428571427,0.03,True,6.172060422468473
2015-03-04 00:00:00,545,2014-02-03 00:00:00,2015-02-02 00:00:00,True,0,0.55,0.75,0.06,0.85,0.15,0.16,3.2141537814622656,True,,1.5316082948086898,2.535831617791042,-0.058394691748578254,1.8324499756931014,0.6825396825396826,2.0,0.0,0.14659599805544812,0.13952380952380952,0.06,True,6.172060422468473
2015-03-11 00:00:00,550,2014-02-10 00:00:00,2015-02-09 00:00:00,True,0,0.55,0.75,0.06,0.85,0.15,0.16,2.381036428117681,True,,1.2253697475805458,1.876949233916086,-0.061386489968681346,2.3236588324466796,0.6666666666666666,1.0,0.0,0.18589270659573437,0.12999999999999998,0.03,True,6.172060422468473
2015-03-18 00:00:00,555,2014-02-18 00:00:00,2015-02-17 00:00:00,True,0,0.55,0.75,0.06,0.85,0.15,0.16,2.663021471283439,True,,1.2891215027430778,2.087011602433265,-0.05772499629911021,2.19041403662576,0.6507936507936508,0.0,0.0,0.1752331229300608,0.12047619047619047,0.0,True,6.172060422468473
2015-03-25 00:00:00,560,2014-02-25 00:00:00,2015-02-24 00:00:00,True,0,0.55,0.75,0.06,0.85,0.15,0.16,2.5083118093202343,True,,1.2332834585713843,1.9590390725080942,-0.05938897032825641,2.2656315788155554,0.6349206349206349,0.0,0.0,0.18125052630524444,0.11095238095238093,0.0,True,6.172060422468473
2015-04-01 00:00:00,565,2014-03-04 00:00:00,2015-03-03 00:00:00,True,0,0.55,0.75,0.06,0.85,0.15,0.16,2.0607241715537508,True,,1.058832206462403,1.6377661392225547,-0.05955859577514233,2.2409165904884603,0.6150793650793651,1.0,0.0,0.17927332723907682,0.09904761904761906,0.03,True,6.172060422468473
2015-04-09 00:00:00,570,2014-03-11 00:00:00,2015-03-10 00:00:00,True,0,0.55,0.75,0.06,0.85,0.15,0.16,1.848919051613441,True,,0.9584706769124358,1.486077575379029,-0.06011044714435054,2.2658853557420056,0.5952380952380952,1.0,0.0,0.18127082845936046,0.08714285714285713,0.03,True,6.172060422468473
2015-04-16 00:00:00,575,2014-03-18 00:00:00,2015-03-17 00:00:00,True,0,0.55,0.75,0.06,0.85,0.15,0.16,2.0855174803300986,True,,1.0594018411425887,1.6460034097850553,-0.06090661665516861,2.6931124175304877,0.5753968253968254,0.0,0.0,0.21544899340243903,0.0752380952380952,0.0,True,6.172060422468473
2015-04-23 00:00:00,580,2014-03-25 00:00:00,2015-03-24 00:00:00,True,0,0.55,0.75,0.06,0.85,0.15,0.16,2.0356023153286698,True,,1.0247517213368607,1.6062652541073374,-0.05998820184958953,2.2603534495090947,0.5555555555555556,1.0,0.0,0.18082827596072756,0.06333333333333334,0.03,True,6.172060422468473
2015-04-30 00:00:00,585,2014-04-01 00:00:00,2015-03-31 00:00:00,True,0,0.55,0.75,0.06,0.85,0.15,0.16,1.7392679632640073,True,,0.8996022967353563,1.3999549270091047,-0.059403171293802126,2.485871295625766,0.5357142857142857,1.0,0.0,0.1988697036500613,0.051428571428571414,0.03,True,6.172060422468473
2015-05-07 00:00:00,590,2014-04-08 00:00:00,2015-04-08 00:00:00,True,0,0.55,0.75,0.06,0.85,0.15,0.16,2.2862719025698564,True,,1.1270697343519696,1.7714859372944887,-0.05910566334952405,2.6712608416498687,0.5238095238095238,0.0,0.0,0.2137008673319895,0.044285714285714296,0.0,True,6.172060422468473
2015-05-14 00:00:00,595,2014-04-15 00:00:00,2015-04-15 00:00:00,True,0,0.55,0.75,0.06,0.85,0.15,0.16,2.2500183718794404,True,,1.1309732142026854,1.750126992858933,-0.0580361283400469,2.584634029058461,0.5238095238095238,1.0,0.0,0.20677072232467686,0.044285714285714296,0.03,True,6.172060422468473
2015-05-21 00:00:00,600,2014-04-23 00:00:00,2015-04-22 00:00:00,True,0,0.55,0.75,0.06,0.85,0.15,0.16,2.4233748353591498,True,,1.1942704170970495,1.8596603363081738,-0.05862359543789908,2.6494648014721522,0.5277777777777778,0.0,0.0,0.21195718411777217,0.04666666666666667,0.0,True,6.172060422468473
2015-05-29 00:00:00,605,2014-04-30 00:00:00,2015-04-29 00:00:00,True,0,0.55,0.75,0.06,0.85,0.15,0.16,2.122411591153165,True,,1.0878401521412486,1.6598712688505946,-0.060111303134704364,2.6784744627617543,0.5317460317460317,1.0,0.0,0.21427795702094035,0.04904761904761904,0.03,True,6.172060422468473
2015-06-05 00:00:00,610,2014-05-07 00:00:00,2015-05-06 00:00:00,True,0,0.55,0.75,0.06,0.85,0.15,0.16,2.2569979683018966,True,,1.1424986445231322,1.761510322423698,-0.06049335486865237,2.695766438907192,0.5317460317460317,1.0,0.0,0.21566131511257536,0.04904761904761904,0.03,True,6.172060422468473
2015-06-12 00:00:00,615,2014-05-14 00:00:00,2015-05-13 00:00:00,True,0,0.55,0.75,0.06,0.85,0.15,0.16,2.372102362603021,True,,1.203268055666939,1.912419710689406,-0.05887602083721355,3.150673032097793,0.5317460317460317,2.0,0.0,0.2520538425678235,0.04904761904761904,0.06,True,6.172060422468473
2015-06-19 00:00:00,620,2014-05-21 00:00:00,2015-05-20 00:00:00,True,0,0.55,0.75,0.06,0.85,0.15,0.16,2.156845955714036,True,,1.1173045170732816,1.7521932787516843,-0.05902482339167714,3.164569566412175,0.5317460317460317,2.0,0.0,0.253165565312974,0.04904761904761904,0.06,True,6.172060422468473
2015-06-26 00:00:00,625,2014-05-29 00:00:00,2015-05-28 00:00:00,True,0,0.55,0.75,0.06,0.85,0.15,0.16,1.623346082216845,True,,0.8872385530924437,1.3724349997473164,-0.0589749374032873,3.1599106453229076,0.5317460317460317,2.0,0.0,0.2527928516258326,0.04904761904761904,0.06,True,6.172060422468473
2015-07-06 00:00:00,630,2014-06-05 00:00:00,2015-06-04 00:00:00,True,0,0.55,0.75,0.06,0.85,0.15,0.16,0.9600463321965451,True,,0.6034391647735887,0.8988465897389376,-0.059059210217314084,3.1677810665071835,0.5317460317460317,2.0,0.0,0.2534224853205747,0.04904761904761904,0.06,True,6.172060422468473
2015-07-13 00:00:00,635,2014-06-12 00:00:00,2015-06-11 00:00:00,True,0,0.55,0.75,0.06,0.85,0.15,0.16,1.1757448197593698,True,,0.6931245471186165,1.0556034770731881,-0.05897788716721808,3.160186124627226,0.5317460317460317,2.0,0.0,0.2528148899701781,0.04904761904761904,0.06,True,6.172060422468473
2015-07-20 00:00:00,640,2014-06-19 00:00:00,2015-06-18 00:00:00,True,0,0.55,0.75,0.06,0.85,0.15,0.16,1.2500289195543612,True,,0.7241579068667562,1.1109401022252021,-0.05911421355882507,3.172918125561718,0.5317460317460317,2.0,0.0,0.25383345004493746,0.04904761904761904,0.06,True,6.172060422468473
2015-07-27 00:00:00,645,2014-06-26 00:00:00,2015-06-25 00:00:00,True,0,0.55,0.75,0.06,0.85,0.15,0.16,0.6258765063025308,True,,0.4322664409477765,0.6122373191031742,-0.06089945517381512,2.7141521360020766,0.5317460317460317,1.0,0.0,0.21713217088016612,0.04904761904761904,0.03,True,6.172060422468473
2015-08-03 00:00:00,650,2014-07-03 00:00:00,2015-07-02 00:00:00,True,0,0.55,0.75,0.06,0.85,0.15,0.16,0.7444429889801546,True,,0.4692718826272422,0.6743904639124615,-0.06086108710741234,2.7506943811417814,0.5238095238095238,0.0,0.0,0.2200555504913425,0.044285714285714296,0.0,True,6.172060422468473
2015-08-10 00:00:00,655,2014-07-11 00:00:00,2015-07-10 00:00:00,True,0,0.55,0.75,0.06,0.85,0.15,0.16,0.9613198715779827,True,,0.5634408851192859,0.8444505277491035,-0.060393711645124304,2.6912560419954197,0.503968253968254,1.0,0.0,0.2153004833596336,0.032380952380952364,0.03,True,6.172060422468473
2015-08-17 00:00:00,660,2014-07-18 00:00:00,2015-07-17 00:00:00,True,0,0.55,0.75,0.06,0.85,0.15,0.16,1.0931557329222321,True,,0.6227381660187731,0.9358048667971677,-0.06054417975769566,2.6980671769165343,0.503968253968254,1.0,0.0,0.21584537415332275,0.032380952380952364,0.03,True,6.172060422468473
2015-08-24 00:00:00,665,2014-07-25 00:00:00,2015-07-24 00:00:00,True,0,0.55,0.75,0.06,0.85,0.15,0.16,0.8373202521950034,True,,0.4984222783333978,0.7356484551645391,-0.06074105981766753,2.7452598783753217,0.5,0.0,0.0,0.21962079027002573,0.029999999999999992,0.0,True,6.172060422468473
2015-08-31 00:00:00,670,2014-08-01 00:00:00,2015-07-31 00:00:00,True,0,0.55,0.75,0.06,0.85,0.15,0.16,1.648507617727923,True,,0.8100208996363983,1.2970310833311702,-0.0577165606102672,1.7987506666914514,0.49206349206349204,1.0,0.0,0.1439000533353161,0.025238095238095216,0.03,True,6.172060422468473
2015-09-08 00:00:00,675,2014-08-08 00:00:00,2015-08-07 00:00:00,True,0,0.55,0.75,0.06,0.85,0.15,0.16,1.5988784561133367,True,,0.7860608324557298,1.2559441010752237,-0.05769931751352675,1.7980302388416707,0.4801587301587302,1.0,0.0,0.14384241910733367,0.018095238095238098,0.03,True,6.172060422468473
2015-09-15 00:00:00,680,2014-08-15 00:00:00,2015-08-14 00:00:00,True,0,0.55,0.75,0.06,0.85,0.15,0.16,1.0112326498438817,True,,0.564785851009099,0.8437813723262423,-0.059532412323159534,2.6905620711609703,0.4722222222222222,0.0,0.0,0.21524496569287763,0.013333333333333319,0.0,True,6.172060422468473
2015-09-22 00:00:00,685,2014-08-22 00:00:00,2015-08-21 00:00:00,True,0,0.55,0.75,0.06,0.85,0.15,0.16,-1.1953840583928226,True,,-0.4992021928864616,-0.5770445139157692,-0.09848253159620335,2.705637703481342,0.4801587301587302,0.0,0.0,0.21645101627850735,0.018095238095238098,0.0,True,6.172060422468473
2015-09-29 00:00:00,690,2014-08-29 00:00:00,2015-08-28 00:00:00,True,0,0.55,0.75,0.06,0.85,0.15,0.16,-0.8046634371165827,True,,-0.2623384039765954,-0.36545135544434487,-0.09848253159620268,2.898358883615917,0.4801587301587302,0.0,0.0,0.23186871068927337,0.018095238095238098,0.0,True,6.172060422468473
2015-10-06 00:00:00,695,2014-09-08 00:00:00,2015-09-04 00:00:00,True,0,0.55,0.75,0.06,0.85,0.15,0.16,-0.5064938402065656,True,,-0.10282305756397173,-0.19238575533198696,-0.0984825315962028,2.8958367535220786,0.4801587301587302,0.0,0.0,0.2316669402817663,0.018095238095238098,0.0,True,6.172060422468473
2015-10-13 00:00:00,700,2014-09-15 00:00:00,2015-09-14 00:00:00,True,0,0.55,0.75,0.06,0.85,0.15,0.16,-0.2905557934608372,True,,0.00933673671047617,-0.05909184409693513,-0.09848253159620213,2.961309614743495,0.47619047619047616,0.0,0.0,0.2369047691794796,0.01571428571428569,0.0,True,6.172060422468473
2015-10-20 00:00:00,705,2014-09-22 00:00:00,2015-09-21 00:00:00,True,0,0.55,0.75,0.06,0.85,0.15,0.16,-0.509618131860965,True,,-0.09444736491785832,-0.18336990148383384,-0.09811813765019262,2.9333165243314485,0.45634920634920634,1.0,0.0,0.23466532194651588,0.0038095238095237956,0.03,True,6.172060422468473
2015-10-27 00:00:00,710,2014-09-29 00:00:00,2015-09-28 00:00:00,True,0,0.55,0.75,0.06,0.85,0.15,0.16,-0.5293532795026175,True,,-0.10619237278581088,-0.1993005118281609,-0.0981181376501934,2.9215062156784732,0.4365079365079365,1.0,0.0,0.23372049725427788,0.0,0.03,True,6.172060422468473
2015-11-03 00:00:00,715,2014-10-06 00:00:00,2015-10-05 00:00:00,True,0,0.55,0.75,0.06,0.85,0.15,0.16,0.24822645333087132,True,,0.2775643494207412,0.26737425898313594,-0.0984825315962029,3.0404662909547326,0.4166666666666667,0.0,0.0,0.24323730327637863,0.0,0.0,True,6.172060422468473
2015-11-10 00:00:00,720,2014-10-13 00:00:00,2015-10-12 00:00:00,True,0,0.55,0.75,0.06,0.85,0.15,0.16,0.6238330568545312,True,,0.46460763086149137,0.4886032034796337,-0.09848253159620302,2.89571420988334,0.4087301587301587,0.0,0.0,0.2316571367906672,0.0,0.0,True,6.172060422468473
2015-11-17 00:00:00,725,2014-10-20 00:00:00,2015-10-19 00:00:00,True,0,0.55,0.75,0.06,0.85,0.15,0.16,0.3776126392036352,True,,0.34058765238354644,0.33585265451344504,-0.09848253159620168,2.8957142098833404,0.4087301587301587,0.0,0.0,0.23165713679066724,0.0,0.0,True,6.172060422468473
2015-11-24 00:00:00,730,2014-10-27 00:00:00,2015-10-26 00:00:00,True,0,0.55,0.75,0.06,0.85,0.15,0.16,0.5760889276056929,True,,0.44058269976922193,0.45895420578392265,-0.0984825315962029,2.8957142098833404,0.4087301587301587,0.0,0.0,0.23165713679066724,0.0,0.0,True,6.172060422468473
2015-12-02 00:00:00,735,2014-11-03 00:00:00,2015-11-02 00:00:00,True,0,0.55,0.75,0.06,0.85,0.15,0.16,0.44642343200690215,True,,0.3766225181948662,0.38081467662540097,-0.09848253159620268,2.9356353436035607,0.4087301587301587,0.0,0.0,0.23485082748828487,0.0,0.0,True,6.172060422468473
2015-12-09 00:00:00,740,2014-11-10 00:00:00,2015-11-09 00:00:00,True,0,0.55,0.75,0.06,0.85,0.15,0.16,0.031181881618390583,True,,0.16488927422557034,0.12683638715145776,-0.09848253159620246,2.9397062791043247,0.4087301587301587,0.0,0.0,0.23517650232834597,0.0,0.0,True,6.172060422468473
2015-12-16 00:00:00,745,2014-11-17 00:00:00,2015-11-16 00:00:00,True,0,0.55,0.75,0.06,0.85,0.15,0.16,-0.07575195952297498,True,,0.124190769121217,0.07879591130843717,-0.0984825315962028,3.2872432211367713,0.4087301587301587,0.0,0.0,0.2629794576909417,0.0,0.0,True,6.172060422468473
2015-12-23 00:00:00,750,2014-11-24 00:00:00,2015-11-23 00:00:00,True,0,0.55,0.75,0.06,0.85,0.15,0.16,-0.19366905409987592,True,,0.08204724007366104,0.02839295358362085,-0.09848253159620268,3.73038321300542,0.3968253968253968,0.0,0.0,0.29843065704043364,0.0,0.0,True,6.172060422468473
2015-12-31 00:00:00,755,2014-12-02 00:00:00,2015-12-01 00:00:00,True,0,0.55,0.75,0.06,0.85,0.15,0.16,-0.5121958076463551,True,,-0.07943217138519082,-0.16458890989151034,-0.09848253159620257,3.7636563543494503,0.376984126984127,0.0,0.0,0.30109250834795603,0.0,0.0,True,6.172060422468473
2016-01-08 00:00:00,760,2014-12-09 00:00:00,2015-12-08 00:00:00,True,0,0.55,0.75,0.06,0.85,0.15,0.16,-0.1554498651578025,True,,0.10331124396726035,0.053566701234566666,-0.09848253159620357,3.7701808764089524,0.35714285714285715,0.0,0.0,0.3016144701127162,0.0,0.0,True,6.172060422468473
2016-01-15 00:00:00,765,2014-12-16 00:00:00,2015-12-15 00:00:00,True,0,0.55,0.75,0.06,0.85,0.15,0.16,-0.11676366994522427,True,,0.12916712235899847,0.0846529353058536,-0.09878737036240248,3.1528071140041773,0.4523809523809524,2.0,0.0,0.2522245691203342,0.0014285714285714234,0.06,True,6.172060422468473
2016-01-25 00:00:00,770,2014-12-23 00:00:00,2015-12-22 00:00:00,True,0,0.55,0.75,0.06,0.85,0.15,0.16,-0.421976457844026,True,,-0.023950903152689194,-0.09906313368194453,-0.09878737036240282,3.1870690492032168,0.45634920634920634,2.0,0.0,0.2549655239362573,0.0038095238095237956,0.06,True,6.172060422468473
2016-02-01 00:00:00,775,2014-12-31 00:00:00,2015-12-30 00:00:00,True,0,0.55,0.75,0.06,0.85,0.15,0.16,-0.5517306186181856,True,,-0.09246954866380551,-0.18143051946297442,-0.09878737036240293,3.176458179800007,0.44047619047619047,2.0,0.0,0.25411665438400055,0.0,0.06,True,6.172060422468473
2016-02-08 00:00:00,780,2015-01-08 00:00:00,2016-01-07 00:00:00,True,0,0.55,0.75,0.06,0.85,0.15,0.16,-1.043014760299234,True,,-0.3361630397316294,-0.4614819370807745,-0.09878737036240204,3.470827136287311,0.42063492063492064,2.0,0.0,0.2776661709029849,0.0,0.06,True,6.172060422468473
2016-02-16 00:00:00,785,2015-01-15 00:00:00,2016-01-14 00:00:00,True,0,0.55,0.75,0.06,0.85,0.15,0.16,-0.9229037282324182,True,,-0.2844067012864042,-0.40401262867312043,-0.0987873703624027,3.19108655009397,0.4007936507936508,2.0,0.0,0.25528692400751757,0.0,0.06,True,6.172060422468473
2016-02-23 00:00:00,790,2015-01-23 00:00:00,2016-01-22 00:00:00,True,0,0.55,0.75,0.06,0.85,0.15,0.16,-1.0309916217393973,True,,-0.3404476888959928,-0.46907126104485863,-0.0987873703624026,3.19108655009397,0.39285714285714285,2.0,0.0,0.25528692400751757,0.0,0.06,True,6.172060422468473
2016-03-01 00:00:00,795,2015-01-30 00:00:00,2016-01-29 00:00:00,True,0,0.55,0.75,0.06,0.85,0.15,0.16,-0.7979560191035266,True,,-0.21979382519826296,-0.32859408737218265,-0.09878737036240204,3.19108655009397,0.39285714285714285,2.0,0.0,0.25528692400751757,0.0,0.06,True,6.172060422468473
2016-03-08 00:00:00,800,2015-02-06 00:00:00,2016-02-05 00:00:00,True,0,0.55,0.75,0.06,0.85,0.15,0.16,-0.8219242547854428,True,,-0.26157795402574124,-0.37749182318781194,-0.09878737036240226,2.47941052761815,0.39285714285714285,2.0,0.0,0.198352842209452,0.0,0.06,True,6.172060422468473
2016-03-15 00:00:00,805,2015-02-13 00:00:00,2016-02-12 00:00:00,True,0,0.55,0.75,0.06,0.85,0.15,0.16,-1.056163460952869,True,,-0.3645990000428145,-0.4958405464206406,-0.09878737036240148,2.9361502971692754,0.39285714285714285,2.0,0.0,0.23489202377354204,0.0,0.06,True,6.172060422468473
2016-03-22 00:00:00,810,2015-02-23 00:00:00,2016-02-22 00:00:00,True,0,0.55,0.75,0.06,0.85,0.15,0.16,-1.1898567425667859,True,,-0.42111606344943014,-0.5603243828004623,-0.09878737036240282,3.2560146609623226,0.39285714285714285,2.0,0.0,0.2604811728769858,0.0,0.06,True,6.172060422468473
2016-03-30 00:00:00,815,2015-03-02 00:00:00,2016-02-29 00:00:00,True,0,0.55,0.75,0.06,0.85,0.15,0.16,-0.9254742208048432,True,,-0.27076352059745445,-0.39060769109727345,-0.09878737036240315,3.5278068416196238,0.39285714285714285,2.0,0.0,0.2822245473295699,0.0,0.06,True,6.172060422468473
2016-04-06 00:00:00,820,2015-03-09 00:00:00,2016-03-07 00:00:00,True,0,0.55,0.75,0.06,0.85,0.15,0.16,-0.6477994363936945,True,,-0.10856707645766528,-0.1987009694333347,-0.09878737036240226,4.003394804867018,0.39285714285714285,2.0,0.0,0.32027158438936143,0.0,0.06,True,6.172060422468473
2016-04-13 00:00:00,825,2015-03-16 00:00:00,2016-03-14 00:00:00,True,0,0.55,0.75,0.06,0.85,0.15,0.16,-0.5652712525202097,True,,-0.06538532553170513,-0.14794092478856719,-0.09878737036240226,4.019164839470636,0.39285714285714285,2.0,0.0,0.3215331871576509,0.0,0.06,True,6.172060422468473
2016-04-20 00:00:00,830,2015-03-23 00:00:00,2016-03-21 00:00:00,True,0,0.55,0.75,0.06,0.85,0.15,0.16,-0.6461332523238403,True,,-0.11101440251277328,-0.2008651966919923,-0.09878737036240182,3.930333655718414,0.39285714285714285,2.0,0.0,0.3144266924574731,0.0,0.06,True,6.172060422468473
2016-04-27 00:00:00,835,2015-03-30 00:00:00,2016-03-29 00:00:00,True,0,0.55,0.75,0.06,0.85,0.15,0.16,-0.31374439359277073,True,,0.05656017723336565,-0.0015381716823331534,-0.09665182153561325,3.4884254185033727,0.39285714285714285,3.0,0.0,0.2790740334802698,0.0,0.09,True,6.172060422468473
2016-05-04 00:00:00,840,2015-04-07 00:00:00,2016-04-05 00:00:00,True,0,0.55,0.75,0.06,0.85,0.15,0.16,-0.4762139382333436,True,,-0.039755309900535156,-0.11777328099111965,-0.09788607936614513,3.5280000442489095,0.376984126984127,2.0,0.0,0.28224000353991274,0.0,0.06,True,6.172060422468473
2016-05-11 00:00:00,845,2015-04-14 00:00:00,2016-04-12 00:00:00,True,0,0.55,0.75,0.06,0.85,0.15,0.16,-0.47129185710668153,True,,-0.020452094843897053,-0.09482763753204763,-0.09620779603595087,3.9372206529643297,0.35714285714285715,2.0,0.0,0.31497765223714635,0.0,0.06,True,6.172060422468473
2016-05-18 00:00:00,850,2015-04-21 00:00:00,2016-04-19 00:00:00,True,0,0.55,0.75,0.06,0.85,0.15,0.16,-0.4306955264130439,True,,0.0015659208614016442,-0.0678457372738614,-0.09636095733491301,3.974810718191955,0.3373015873015873,2.0,0.0,0.31798485745535643,0.0,0.06,True,6.172060422468473
2016-05-25 00:00:00,855,2015-04-28 00:00:00,2016-04-26 00:00:00,True,0,0.55,0.75,0.06,0.85,0.15,0.16,-0.5103441635971915,True,,-0.038415346095084006,-0.1158954354173659,-0.09642354646530849,3.9901558646026833,0.31746031746031744,2.0,0.0,0.31921246916821466,0.0,0.06,True,6.172060422468473
2016-06-02 00:00:00,860,2015-05-05 00:00:00,2016-05-03 00:00:00,True,0,0.55,0.75,0.06,0.85,0.15,0.16,-0.4642462757692022,True,,-0.004017239979068078,-0.07363198721803615,-0.09637496046443428,4.2665430751963145,0.2976190476190476,2.0,0.0,0.3413234460157052,0.0,0.06,True,6.172060422468473
2016-06-09 00:00:00,865,2015-05-12 00:00:00,2016-05-10 00:00:00,True,0,0.55,0.75,0.06,0.85,0.15,0.16,-0.5239209917835834,True,,-0.03471414978958901,-0.10959188621650097,-0.09638566021128925,4.26916666275992,0.2777777777777778,2.0,0.0,0.34153333302079364,0.0,0.06,True,6.172060422468473
2016-06-16 00:00:00,870,2015-05-19 00:00:00,2016-05-17 00:00:00,True,0,0.55,0.75,0.06,0.85,0.15,0.16,-0.8837938364258613,True,,-0.22009412514920224,-0.32690439354047884,-0.09641843935545202,4.27720245555345,0.25793650793650796,2.0,0.0,0.342176196444276,0.0,0.06,True,6.172060422468473
2016-06-23 00:00:00,875,2015-05-27 00:00:00,2016-05-24 00:00:00,True,0,0.55,0.75,0.06,0.85,0.15,0.16,-0.5881792124308198,True,,-0.06658230327824713,-0.15017190612603798,-0.09453484648365107,4.268242303146779,0.23809523809523808,2.0,0.0,0.3414593842517423,0.0,0.06,True,6.172060422468473
2016-06-30 00:00:00,880,2015-06-03 00:00:00,2016-06-01 00:00:00,True,0,0.55,0.75,0.06,0.85,0.15,0.16,-0.3497636258586088,True,,0.0645430218271995,0.009067271430973595,-0.09453484648365118,4.51950581038234,0.21825396825396826,2.0,0.0,0.3615604648305872,0.0,0.06,True,6.172060422468473
2016-07-08 00:00:00,885,2015-06-10 00:00:00,2016-06-08 00:00:00,True,0,0.55,0.75,0.06,0.85,0.15,0.16,-0.4536175495914282,True,,0.012183602365996186,-0.05408104204578539,-0.09453484648365129,4.531703979009951,0.1984126984126984,2.0,0.0,0.3625363183207961,0.0,0.06,True,6.172060422468473
2016-07-15 00:00:00,890,2015-06-17 00:00:00,2016-06-15 00:00:00,True,0,0.55,0.75,0.06,0.85,0.15,0.16,-0.6978093357286972,True,,-0.11262922852320004,-0.20229322760758636,-0.09453484648365129,4.541819063992849,0.17857142857142858,2.0,0.0,0.3633455251194279,0.0,0.06,True,6.172060422468473
2016-07-22 00:00:00,895,2015-06-24 00:00:00,2016-06-22 00:00:00,True,0,0.55,0.75,0.06,0.85,0.15,0.16,-0.7413296620755692,True,,-0.1336153464578421,-0.23494697548037802,-0.09453484648365151,4.496959190417807,0.15873015873015872,2.0,0.0,0.3597567352334246,0.0,0.06,True,6.172060422468473
2016-07-29 00:00:00,900,2015-07-01 00:00:00,2016-06-29 00:00:00,True,0,0.55,0.75,0.06,0.85,0.15,0.16,-0.14331478954259308,True,,0.17765895317143468,0.14360880755860503,-0.0997209785612887,4.698259859511397,0.15079365079365079,2.0,0.0,0.3758607887609118,0.0,0.06,True,6.172060422468473
2016-08-05 00:00:00,905,2015-07-09 00:00:00,2016-07-07 00:00:00,True,0,0.55,0.75,0.06,0.85,0.15,0.16,0.03520745379714857,True,,0.26360381587804305,0.2579999830031983,-0.09453484648365118,4.684954356043164,0.15079365079365079,2.0,0.0,0.3747963484834531,0.0,0.06,True,6.172060422468473
2016-08-12 00:00:00,910,2015-07-16 00:00:00,2016-07-14 00:00:00,True,0,0.55,0.75,0.06,0.85,0.15,0.16,-0.1331901421975042,True,,0.17970861797865947,0.1516333516875072,-0.09447617303543543,4.677568019077118,0.1388888888888889,2.0,0.0,0.3742054415261694,0.0,0.06,True,6.172060422468473
2016-08-19 00:00:00,915,2015-07-23 00:00:00,2016-07-21 00:00:00,True,0,0.55,0.75,0.06,0.85,0.15,0.16,0.1536510122589353,True,,0.3246657932950274,0.3514367583186905,-0.09129852737735367,4.902052346138057,0.11904761904761904,2.0,0.0,0.3921641876910446,0.0,0.06,True,6.172060422468473
2016-08-26 00:00:00,920,2015-07-30 00:00:00,2016-07-28 00:00:00,True,0,0.55,0.75,0.06,0.85,0.15,0.16,0.04748340982022059,True,,0.2676731298618007,0.2840492595937747,-0.08680577801355838,4.8428640964574985,0.11904761904761904,2.0,0.0,0.3874291277165999,0.0,0.06,True,6.172060422468473
2016-09-02 00:00:00,925,2015-08-06 00:00:00,2016-08-04 00:00:00,True,0,0.55,0.75,0.06,0.85,0.15,0.16,0.23290773550906962,True,,0.36433333886924496,0.40239150168408466,-0.0913442212122052,4.916735058843039,0.12301587301587301,2.0,0.0,0.39333880470744315,0.0,0.06,True,6.172060422468473
2016-09-12 00:00:00,930,2015-08-13 00:00:00,2016-08-11 00:00:00,True,0,0.55,0.75,0.06,0.85,0.15,0.16,0.20809643304042807,True,,0.352055243856351,0.38558386312737314,-0.09116186550139249,4.905323766472769,0.1388888888888889,2.0,0.0,0.3924259013178215,0.0,0.06,True,6.172060422468473
2016-09-19 00:00:00,935,2015-08-20 00:00:00,2016-08-18 00:00:00,True,0,0.55,0.75,0.06,0.85,0.15,0.16,1.2747868065101662,True,,0.7834534446518782,1.1168650940212945,-0.07454816551701282,4.276983916984344,0.15079365079365079,2.0,0.0,0.34215871335874753,0.0,0.06,True,6.172060422468473
2016-09-26 00:00:00,940,2015-08-27 00:00:00,2016-08-25 00:00:00,True,0,0.55,0.75,0.06,0.85,0.15,0.16,1.2373417571213539,True,,0.8004121238957417,1.0488604332304496,-0.07454816551701193,4.276983916984344,0.17063492063492064,2.0,0.0,0.34215871335874753,0.0,0.06,True,6.172060422468473
2016-10-03 00:00:00,945,2015-09-03 00:00:00,2016-09-01 00:00:00,True,0,0.55,0.75,0.06,0.85,0.15,0.16,1.8469512323409396,True,,1.1009723024594718,1.4351720540502697,-0.07454816551701193,4.276983916984344,0.19047619047619047,2.0,0.0,0.34215871335874753,0.0,0.06,True,6.172060422468473
2016-10-10 00:00:00,950,2015-09-11 00:00:00,2016-09-09 00:00:00,True,0,0.55,0.75,0.06,0.85,0.15,0.16,1.0313905955999412,True,,0.711080224172059,0.9030863559832872,-0.07454816551701215,4.276983916984344,0.21031746031746032,2.0,0.0,0.34215871335874753,0.0,0.06,True,6.172060422468473
2016-10-17 00:00:00,955,2015-09-18 00:00:00,2016-09-16 00:00:00,True,0,0.55,0.75,0.06,0.85,0.15,0.16,1.0379495542409165,True,,0.7165330201334308,0.9044690593327915,-0.07454816551701204,4.276983916984344,0.23015873015873015,2.0,0.0,0.34215871335874753,0.0,0.06,True,6.172060422468473
2016-10-24 00:00:00,960,2015-09-25 00:00:00,2016-09-23 00:00:00,True,0,0.55,0.75,0.06,0.85,0.15,0.16,1.9169129941138165,True,,1.1320824406614258,1.483736583513923,-0.07454816551701193,4.276983916984344,0.25,2.0,0.0,0.34215871335874753,0.0,0.06,True,6.172060422468473
2016-10-31 00:00:00,965,2015-10-02 00:00:00,2016-09-30 00:00:00,True,0,0.55,0.75,0.06,0.85,0.15,0.16,0.9529731517775359,True,,0.6839948502553033,0.8389212686012253,-0.07454816551701193,4.276983916984344,0.2698412698412698,2.0,0.0,0.34215871335874753,0.0,0.06,True,6.172060422468473
2016-11-07 00:00:00,970,2015-10-09 00:00:00,2016-10-07 00:00:00,True,0,0.55,0.75,0.06,0.85,0.15,0.16,0.5856903903506094,True,,0.5061088035415027,0.6021753752098179,-0.07454816551701182,4.276983916984344,0.2896825396825397,2.0,0.0,0.34215871335874753,0.0,0.06,True,6.172060422468473
2016-11-14 00:00:00,975,2015-10-16 00:00:00,2016-10-14 00:00:00,True,0,0.55,0.75,0.06,0.85,0.15,0.16,0.46815003800280636,True,,0.4503200805572231,0.5249858385054136,-0.07454816551701238,4.276983916984344,0.29365079365079366,2.0,0.0,0.34215871335874753,0.0,0.06,True,6.172060422468473
2016-11-21 00:00:00,980,2015-10-23 00:00:00,2016-10-21 00:00:00,True,0,0.55,0.75,0.06,0.85,0.15,0.16,0.21473666066563102,True,,0.3365591083379846,0.3712916463894852,-0.07454816551701227,4.485697059799271,0.29365079365079366,2.0,0.0,0.3588557647839417,0.0,0.06,True,6.172060422468473
2016-11-29 00:00:00,985,2015-10-30 00:00:00,2016-10-28 00:00:00,True,0,0.55,0.75,0.06,0.85,0.15,0.16,-0.3265094635718964,True,,0.07233177192697388,0.03221314167204052,-0.07498180514394237,4.557646860456284,0.29365079365079366,2.0,0.0,0.3646117488365027,0.0,0.06,True,6.172060422468473
2016-12-06 00:00:00,990,2015-11-06 00:00:00,2016-11-04 00:00:00,True,0,0.55,0.75,0.06,0.85,0.15,0.16,-0.05853805988010646,True,,0.21997796008344367,0.22682307098539314,-0.072290410192832,4.999680959398308,0.29365079365079366,2.0,0.0,0.39997447675186465,0.0,0.06,True,6.172060422468473
2016-12-13 00:00:00,995,2015-11-13 00:00:00,2016-11-11 00:00:00,True,0,0.55,0.75,0.06,0.85,0.15,0.16,0.24010511445300287,True,,0.3681970615779219,0.41596479679158144,-0.07229041019283133,5.010797306977302,0.3055555555555556,2.0,0.0,0.4008637845581842,0.0,0.06,True,6.172060422468473
2016-12-20 00:00:00,1000,2015-11-20 00:00:00,2016-11-18 00:00:00,True,0,0.55,0.75,0.06,0.85,0.15,0.16,0.028621421552057796,True,,0.2879606201510515,0.2846657070999569,-0.0788808260642957,5.713397053486991,0.05952380952380952,1.0,0.0,0.4570717642789593,0.0,0.03,True,6.172060422468473
2016-12-28 00:00:00,1005,2015-11-30 00:00:00,2016-11-28 00:00:00,True,0,0.55,0.75,0.06,0.85,0.15,0.16,-0.16487386741828589,True,,0.19078929509895706,0.18008505630179983,-0.07426545936837547,5.871640094483535,0.05952380952380952,1.0,0.0,0.4697312075586828,0.0,0.03,True,6.172060422468473
2017-01-05 00:00:00,1010,2015-12-07 00:00:00,2016-12-05 00:00:00,True,0,0.55,0.75,0.06,0.85,0.15,0.16,0.6141746290920818,True,,0.5541425595988196,0.699089255306227,-0.06650449803542513,5.865491684396492,0.05952380952380952,1.0,0.0,0.46923933475171936,0.0,0.03,True,6.172060422468473
2017-01-12 00:00:00,1015,2015-12-14 00:00:00,2016-12-12 00:00:00,True,0,0.55,0.75,0.06,0.85,0.15,0.16,0.9322826963319909,True,,0.6929539548184961,0.8812212655382553,-0.06652004785604182,5.445603386463869,0.05952380952380952,1.0,0.0,0.43564827091710956,0.0,0.03,True,6.172060422468473
2017-01-20 00:00:00,1020,2015-12-21 00:00:00,2016-12-19 00:00:00,True,0,0.55,0.75,0.06,0.85,0.15,0.16,1.2204025991792327,True,,0.8204661156931814,1.0401132058338038,-0.06555027010543735,5.026926014762399,0.047619047619047616,1.0,0.0,0.40215408118099194,0.0,0.03,True,6.172060422468473
2017-01-27 00:00:00,1025,2015-12-29 00:00:00,2016-12-27 00:00:00,True,0,0.55,0.75,0.06,0.85,0.15,0.16,0.9387672900487125,True,,0.607856531406635,0.886506177015314,-0.05546739321524996,4.72867728712717,0.03968253968253968,0.0,0.0,0.37829418297017364,0.0,0.0,True,6.172060422468473
2017-02-03 00:00:00,1030,2016-01-06 00:00:00,2017-01-04 00:00:00,True,0,0.55,0.75,0.06,0.85,0.15,0.16,3.280201550551708,True,,1.3962846798170612,2.870721388369665,-0.04032806883917017,4.7832529995135715,0.03968253968253968,1.0,0.0,0.3826602399610857,0.0,0.03,True,6.172060422468473
2017-02-10 00:00:00,1035,2016-01-13 00:00:00,2017-01-11 00:00:00,True,0,0.55,0.75,0.06,0.85,0.15,0.16,3.492124919611441,True,,1.498070798458883,3.008392951392054,-0.04032806883917062,4.7832529995135715,0.03968253968253968,1.0,0.0,0.3826602399610857,0.0,0.03,True,6.172060422468473
2017-02-17 00:00:00,1040,2016-01-21 00:00:00,2017-01-19 00:00:00,True,0,0.55,0.75,0.06,0.85,0.15,0.16,3.5743505265330686,True,,1.5192706491850525,3.000970508622757,-0.040328068839170395,4.321206619377371,0.03968253968253968,0.0,0.0,0.34569652955018965,0.0,0.0,True,6.172060422468473
2017-02-27 00:00:00,1045,2016-01-28 00:00:00,2017-01-26 00:00:00,True,0,0.55,0.75,0.06,0.85,0.15,0.16,3.221321743711963,True,,1.4071164679186612,2.7337408676612833,-0.04032806883917017,4.659842729196562,0.03968253968253968,0.0,0.0,0.372787418335725,0.0,0.0,True,6.172060422468473
2017-03-06 00:00:00,1050,2016-02-04 00:00:00,2017-02-02 00:00:00,True,0,0.55,0.75,0.06,0.85,0.15,0.16,3.768817537311288,True,,1.6159779380287367,3.173011188072627,-0.040328068839170506,4.44461688969438,0.03968253968253968,1.0,0.0,0.35556935117555044,0.0,0.03,True,6.172060422468473
2017-03-13 00:00:00,1055,2016-02-11 00:00:00,2017-02-09 00:00:00,True,0,0.55,0.75,0.06,0.85,0.15,0.16,4.396272422855874,True,,1.8523446936602723,3.6762418267602213,-0.040328068839170284,4.588321652657195,0.03968253968253968,1.0,0.0,0.3670657322125756,0.0,0.03,True,6.172060422468473
2017-03-20 00:00:00,1060,2016-02-19 00:00:00,2017-02-16 00:00:00,True,0,0.55,0.75,0.06,0.85,0.15,0.16,4.657753615732912,True,,1.91824172935548,3.842378674182619,-0.04032806883917062,3.8048881621082864,0.03968253968253968,1.0,0.0,0.3043910529686629,0.0,0.03,True,6.172060422468473
2017-03-27 00:00:00,1065,2016-02-26 00:00:00,2017-02-24 00:00:00,True,0,0.55,0.75,0.06,0.85,0.15,0.16,4.811189804722119,True,,1.9697755464501594,3.915398202919318,-0.040328068839170506,3.261303800793684,0.03968253968253968,1.0,0.0,0.26090430406349474,0.0,0.03,True,6.172060422468473
2017-04-03 00:00:00,1070,2016-03-04 00:00:00,2017-03-03 00:00:00,True,0,0.55,0.75,0.06,0.85,0.15,0.16,4.329257283232611,True,,1.7686987301793078,3.4995244789337363,-0.040328068839170395,2.6132628761710786,0.03968253968253968,1.0,0.0,0.2090610300936863,0.0,0.03,True,6.172060422468473
2017-04-10 00:00:00,1075,2016-03-11 00:00:00,2017-03-10 00:00:00,True,0,0.55,0.75,0.06,0.85,0.15,0.16,4.061029097420186,True,,1.6880119497725679,3.27967209683232,-0.04032806883917062,2.759006622727961,0.047619047619047616,1.0,0.0,0.2207205298182369,0.0,0.03,True,6.172060422468473
2017-04-18 00:00:00,1080,2016-03-18 00:00:00,2017-03-17 00:00:00,True,0,0.55,0.75,0.06,0.85,0.15,0.16,3.3242574335727317,True,,1.403143688812479,2.719201112123335,-0.04032806883917073,2.8030893117301954,0.06746031746031746,1.0,0.0,0.22424714493841563,0.0,0.03,True,6.172060422468473
2017-04-25 00:00:00,1085,2016-03-28 00:00:00,2017-03-24 00:00:00,True,0,0.55,0.75,0.06,0.85,0.15,0.16,3.475474424272628,True,,1.4554774456310855,2.8287859627038157,-0.04032806883917062,2.6628973940188825,0.0873015873015873,1.0,0.0,0.2130317915215106,0.0,0.03,True,6.172060422468473
2017-05-02 00:00:00,1090,2016-04-04 00:00:00,2017-03-31 00:00:00,True,0,0.55,0.75,0.06,0.85,0.15,0.16,3.6012711926943206,True,,1.5153099487247488,2.932164123919534,-0.04032806883917017,2.872125689575694,0.10714285714285714,1.0,0.0,0.22977005516605553,0.0,0.03,True,6.172060422468473
2017-05-09 00:00:00,1095,2016-04-11 00:00:00,2017-04-07 00:00:00,True,0,0.55,0.75,0.06,0.85,0.15,0.16,3.3879797521079844,True,,1.4376971308051907,2.718730149615139,-0.040328068839170284,2.433768729866469,0.12698412698412698,1.0,0.0,0.19470149838931755,0.0,0.03,True,6.172060422468473
2017-05-16 00:00:00,1100,2016-04-18 00:00:00,2017-04-17 00:00:00,True,0,0.55,0.75,0.06,0.85,0.15,0.16,2.6991985143323802,True,,1.1877380579354542,2.193304120886281,-0.04032806883917017,2.2897855039012374,0.14682539682539683,2.0,0.0,0.183182840312099,0.0,0.06,True,6.172060422468473
2017-05-23 00:00:00,1105,2016-04-25 00:00:00,2017-04-24 00:00:00,True,0,0.55,0.75,0.06,0.85,0.15,0.16,3.5117825856760896,True,,1.4763519040142417,2.825165225063956,-0.040328068839170284,2.433768729866469,0.16666666666666666,1.0,0.0,0.19470149838931755,0.0,0.03,True,6.172060422468473
2017-05-31 00:00:00,1110,2016-05-02 00:00:00,2017-05-01 00:00:00,True,0,0.55,0.75,0.06,0.85,0.15,0.16,3.800820373387301,True,,1.5940114839639263,3.039387984765864,-0.04032806883917017,2.433768729866469,0.18253968253968253,1.0,0.0,0.19470149838931755,0.0,0.03,True,6.172060422468473
2017-06-07 00:00:00,1115,2016-05-09 00:00:00,2017-05-08 00:00:00,True,0,0.55,0.75,0.06,0.85,0.15,0.16,3.6471779356313623,True,,1.5386782288270953,2.9179737425696435,-0.040328068839170284,2.4484910906431017,0.18253968253968253,1.0,0.0,0.19587928725144813,0.0,0.03,True,6.172060422468473
2017-06-14 00:00:00,1120,2016-05-16 00:00:00,2017-05-15 00:00:00,True,0,0.55,0.75,0.06,0.85,0.15,0.16,3.5900940257557528,True,,1.5268175145468579,2.8845464254789053,-0.04032806883917073,2.30450786467787,0.18253968253968253,2.0,0.0,0.1843606291742296,0.0,0.06,True,6.172060422468473
2017-06-21 00:00:00,1125,2016-05-23 00:00:00,2017-05-22 00:00:00,True,0,0.55,0.75,0.06,0.85,0.15,0.16,3.8844396774055414,True,,1.645594060676664,3.1171376274077045,-0.040328068839170395,2.435806064966073,0.1984126984126984,2.0,0.0,0.19486448519728583,0.0,0.06,True,6.172060422468473
2017-06-28 00:00:00,1130,2016-05-31 00:00:00,2017-05-30 00:00:00,True,0,0.55,0.75,0.06,0.85,0.15,0.16,4.0147501555472775,True,,1.6787919005357201,3.196580195675095,-0.040328068839170506,2.016323769106487,0.20238095238095238,2.0,0.0,0.16130590152851895,0.0,0.06,True,6.172060422468473
2017-07-06 00:00:00,1135,2016-06-07 00:00:00,2017-06-06 00:00:00,True,0,0.55,0.75,0.06,0.85,0.15,0.16,3.764502649548616,True,,1.572706308004651,3.0399569279323613,-0.03918890491324711,2.2521150100240517,0.20238095238095238,2.0,0.0,0.18016920080192414,0.0,0.06,True,6.172060422468473
2017-07-13 00:00:00,1140,2016-06-14 00:00:00,2017-06-13 00:00:00,True,0,0.55,0.75,0.06,0.85,0.15,0.16,4.618818867007183,True,,1.8301793114432048,3.7803744014076424,-0.03678613865879787,2.195749569526707,0.20238095238095238,2.0,0.0,0.17565996556213656,0.0,0.06,True,6.172060422468473
2017-07-20 00:00:00,1145,2016-06-21 00:00:00,2017-06-20 00:00:00,True,0,0.55,0.75,0.06,0.85,0.15,0.16,4.698215588235374,True,,1.807332967280523,3.866144815703785,-0.03511420471782878,1.7754153951022114,0.20238095238095238,2.0,0.0,0.1420332316081769,0.0,0.06,True,6.172060422468473
2017-07-27 00:00:00,1150,2016-06-28 00:00:00,2017-06-27 00:00:00,True,0,0.55,0.75,0.06,0.85,0.15,0.16,4.712646105367402,True,,1.9201744692120353,3.743131084704429,-0.03511420471782778,1.7754153951022114,0.20634920634920634,2.0,0.0,0.1420332316081769,0.0,0.06,True,6.172060422468473
2017-08-03 00:00:00,1155,2016-07-06 00:00:00,2017-07-05 00:00:00,True,0,0.55,0.75,0.06,0.85,0.15,0.16,4.371472939497258,True,,1.7832056534022158,3.454541101718065,-0.035114204717828335,1.4420699409926347,0.20634920634920634,2.0,0.0,0.11536559527941079,0.0,0.06,True,6.172060422468473
2017-08-10 00:00:00,1160,2016-07-13 00:00:00,2017-07-12 00:00:00,True,0,0.55,0.75,0.06,0.85,0.15,0.16,3.986335286120952,True,,1.6288347166715917,3.175173378093409,-0.03441582204420801,1.5329766628170847,0.20634920634920634,2.0,0.0,0.12263813302536677,0.0,0.06,True,6.172060422468473
2017-08-17 00:00:00,1165,2016-07-20 00:00:00,2017-07-19 00:00:00,True,0,0.55,0.75,0.06,0.85,0.15,0.16,4.163272135026793,True,,1.6977780754924705,3.3137517559953813,-0.03455729702271593,1.5688418157747914,0.20634920634920634,2.0,0.0,0.12550734526198332,0.0,0.06,True,6.172060422468473
2017-08-24 00:00:00,1170,2016-07-27 00:00:00,2017-07-26 00:00:00,True,0,0.55,0.75,0.06,0.85,0.15,0.16,4.067133297556886,True,,1.663258501154946,3.2358425011755463,-0.03452236900526351,1.5599900567312213,0.20634920634920634,2.0,0.0,0.1247992045384977,0.0,0.06,True,6.172060422468473
2017-08-31 00:00:00,1175,2016-08-03 00:00:00,2017-08-02 00:00:00,True,0,0.55,0.75,0.06,0.85,0.15,0.16,4.1715281241283195,True,,1.7353979202119396,3.3939971489730847,-0.034300486879688785,1.524058226490378,0.5119047619047619,4.0,0.0,0.12192465811923024,0.03714285714285711,0.12,True,6.172060422468473
2017-09-08 00:00:00,1180,2016-08-10 00:00:00,2017-08-09 00:00:00,True,0,0.55,0.75,0.06,0.85,0.15,0.16,3.3773408266262672,True,,1.4162749724790933,2.6700933543862555,-0.03509764695047435,1.4376103670228775,0.21825396825396826,2.0,0.0,0.1150088293618302,0.0,0.06,True,6.172060422468473
2017-09-15 00:00:00,1185,2016-08-17 00:00:00,2017-08-16 00:00:00,True,0,0.55,0.75,0.06,0.85,0.15,0.16,3.1217576447559705,True,,1.2979301975139088,2.4968464885967823,-0.034979723367078,1.4206217954420535,0.23809523809523808,2.0,0.0,0.11364974363536429,0.0,0.06,True,6.172060422468473
2017-09-22 00:00:00,1190,2016-08-24 00:00:00,2017-08-23 00:00:00,True,0,0.55,0.75,0.06,0.85,0.15,0.16,3.5821638109784457,True,,1.4646233072945465,2.861777895414454,-0.034904117189904604,1.3985226580957957,0.25793650793650796,2.0,0.0,0.11188181264766366,0.0,0.06,True,6.172060422468473
2017-09-29 00:00:00,1195,2016-08-31 00:00:00,2017-08-30 00:00:00,True,0,0.55,0.75,0.06,0.85,0.15,0.16,4.022566529332929,True,,1.6333888600912891,3.3296068682564823,-0.03426714988945756,1.8420621027586157,0.5119047619047619,3.0,0.0,0.14736496822068926,0.03714285714285711,0.09,True,6.172060422468473
2017-10-06 00:00:00,1200,2016-09-08 00:00:00,2017-09-07 00:00:00,True,0,0.55,0.75,0.06,0.85,0.15,0.16,5.378078937089922,True,,2.0450338689025562,4.422788423963026,-0.031169844010986214,1.8148208872882015,0.2857142857142857,2.0,0.0,0.14518567098305613,0.0,0.06,True,6.172060422468473
2017-10-13 00:00:00,1205,2016-09-15 00:00:00,2017-09-14 00:00:00,True,0,0.55,0.75,0.06,0.85,0.15,0.16,5.484726437692859,True,,2.1460117619316086,4.430146256449734,-0.031178947039580573,1.8175291174817223,0.2896825396825397,2.0,0.0,0.14540232939853778,0.0,0.06,True,6.172060422468473
2017-10-20 00:00:00,1210,2016-09-22 00:00:00,2017-09-21 00:00:00,True,0,0.55,0.75,0.06,0.85,0.15,0.16,5.0672059816303,True,,1.955605952957861,4.148582013149026,-0.029621240843446528,1.8408197730847793,0.3055555555555556,2.0,0.0,0.14726558184678235,0.0,0.06,True,6.172060422468473
2017-10-27 00:00:00,1215,2016-09-29 00:00:00,2017-09-28 00:00:00,True,0,0.55,0.75,0.06,0.85,0.15,0.16,5.855269005385281,True,,2.1403399373875507,4.88693193312999,-0.026969060132081557,1.6827059813282734,0.3134920634920635,2.0,0.0,0.13461647850626188,0.0,0.06,True,6.172060422468473
2017-11-03 00:00:00,1220,2016-10-06 00:00:00,2017-10-05 00:00:00,True,2,0.55,0.75,0.03,0.85,0.15,0.12,6.437482915088087,False,,2.3421682715299483,5.362377258801902,-0.02696777431671815,1.6823395435422912,0.3333333333333333,2.0,0.0,0.1345871634833833,0.0,0.06,False,6.437482915088087
2017-11-10 00:00:00,1225,2016-10-13 00:00:00,2017-10-12 00:00:00,True,0,0.55,0.75,0.03,0.85,0.15,0.12,8.570635603405483,False,,2.6354683118816786,7.574149988992992,-0.021220032129142474,1.5519087458823557,0.3531746031746032,0.0,0.0,0.12415269967058847,0.0,0.0,False,8.570635603405483
2017-11-17 00:00:00,1230,2016-10-20 00:00:00,2017-10-19 00:00:00,True,0,0.55,0.75,0.03,0.85,0.15,0.12,8.496808142053213,True,,2.607467219899405,7.492543071576166,-0.021151904719764247,1.308669188839067,0.373015873015873,0.0,0.0,0.10469353510712535,0.0,0.0,True,8.570635603405483
2017-11-27 00:00:00,1235,2016-10-27 00:00:00,2017-10-26 00:00:00,True,0,0.55,0.75,0.03,0.85,0.15,0.12,9.499156349633177,False,,2.736480722849163,8.584211452363926,-0.019585496900713983,1.308669188839067,0.39285714285714285,0.0,0.0,0.10469353510712535,0.0,0.0,False,9.499156349633177
2017-12-04 00:00:00,1240,2016-11-03 00:00:00,2017-11-02 00:00:00,True,0,0.55,0.75,0.03,0.85,0.15,0.12,10.824888411352218,False,,3.111394192383195,9.772734692595185,-0.019585496900714205,1.308669188839067,0.4126984126984127,0.0,0.0,0.10469353510712535,0.0,0.0,False,10.824888411352218
2017-12-11 00:00:00,1245,2016-11-10 00:00:00,2017-11-09 00:00:00,True,0,0.55,0.75,0.03,0.85,0.15,0.12,10.200490217899453,True,,2.960467893036272,9.14869168502385,-0.019585496900714094,0.23663778944874303,0.42857142857142855,2.0,0.0,0.018931023155899444,0.0,0.06,True,10.824888411352218
2017-12-18 00:00:00,1250,2016-11-17 00:00:00,2017-11-16 00:00:00,True,0,0.55,0.75,0.03,0.85,0.15,0.12,9.900043550599605,True,,2.869488892587209,8.886857101460368,-0.01958549690071365,0.23663778944874303,0.4444444444444444,2.0,0.0,0.018931023155899444,0.0,0.06,True,10.824888411352218
2017-12-26 00:00:00,1255,2016-11-25 00:00:00,2017-11-24 00:00:00,True,0,0.55,0.75,0.03,0.85,0.15,0.12,10.281294901566941,True,,2.975796133864382,9.243285761327126,-0.019996172634834775,0.256980159846403,0.4642857142857143,2.0,0.0,0.02055841278771224,0.008571428571428574,0.06,True,10.824888411352218
2018-01-03 00:00:00,1260,2016-12-02 00:00:00,2017-12-01 00:00:00,True,0,0.55,0.75,0.03,0.85,0.15,0.12,10.332949974154921,True,,2.966776940227324,9.29440033171139,-0.019570358233459206,0.23588801206657403,0.48412698412698413,1.0,0.0,0.018871040965325922,0.02047619047619047,0.03,True,10.824888411352218
2018-01-10 00:00:00,1265,2016-12-09 00:00:00,2017-12-08 00:00:00,True,0,0.55,0.75,0.03,0.85,0.15,0.12,9.78373295507211,True,,2.8733541917501895,8.777824907224014,-0.01972914459953623,0.2437526259542246,0.503968253968254,2.0,0.0,0.019500210076337968,0.032380952380952364,0.06,True,10.824888411352218
2018-01-18 00:00:00,1270,2016-12-16 00:00:00,2017-12-15 00:00:00,True,0,0.55,0.75,0.03,0.85,0.15,0.12,10.110718725319591,True,,2.9502427795458277,9.065914644689999,-0.019342944891637126,0.22462569615652755,0.5238095238095238,1.0,0.0,0.017970055692522205,0.044285714285714296,0.03,True,10.824888411352218
2018-01-25 00:00:00,1275,2016-12-23 00:00:00,2017-12-22 00:00:00,True,0,0.55,0.75,0.03,0.85,0.15,0.12,10.04800557570573,True,,2.930271173553471,9.025889232073162,-0.019044162033363676,0.2098313414474213,0.5436507936507936,1.0,0.0,0.016786507315793703,0.05619047619047616,0.03,True,10.824888411352218
2018-02-01 00:00:00,1280,2017-01-03 00:00:00,2018-01-02 00:00:00,True,1,0.55,0.75,0.03,0.85,0.15,0.16,10.894091638423907,False,,3.0527640549452544,10.00035389311901,-0.018378973029436363,0.7607536615165165,0.5634920634920635,1.0,0.0,0.06086029292132132,0.06809523809523808,0.03,False,10.894091638423907
2018-02-08 00:00:00,1285,2017-01-10 00:00:00,2018-01-09 00:00:00,True,0,0.55,0.75,0.03,0.85,0.15,0.16,11.613271877106964,False,,3.214865048636966,10.674083901739149,-0.018378973029436807,0.7607536615165165,0.5833333333333334,0.0,0.0,0.06086029292132132,0.08000000000000002,0.0,False,11.613271877106964
2018-02-15 00:00:00,1290,2017-01-18 00:00:00,2018-01-17 00:00:00,True,0,0.55,0.75,0.03,0.85,0.15,0.16,12.781219562514602,False,,3.4853963290496135,11.810735360363838,-0.018378973029436363,0.7607536615165165,0.6031746031746031,0.0,0.0,0.06086029292132132,0.09190476190476188,0.0,False,12.781219562514602
2018-02-23 00:00:00,1295,2017-01-25 00:00:00,2018-01-24 00:00:00,True,0,0.55,0.75,0.03,0.85,0.15,0.16,13.013971046581915,False,,3.6759845619586144,11.822349531804264,-0.018866693306312188,0.20104521263234004,0.623015873015873,0.0,0.0,0.016083617010587203,0.10380952380952381,0.0,False,13.013971046581915
2018-03-02 00:00:00,1300,2017-02-01 00:00:00,2018-01-31 00:00:00,True,0,0.55,0.75,0.03,0.85,0.15,0.16,7.298241891750219,True,,2.928237177158921,5.614180866655115,-0.033725402674823046,0.21913068654086576,0.623015873015873,0.0,0.0,0.01753045492326926,0.10380952380952381,0.0,True,13.013971046581915
2018-03-09 00:00:00,1305,2017-02-08 00:00:00,2018-02-07 00:00:00,True,0,0.55,0.75,0.03,0.85,0.15,0.16,2.6513592642441393,True,,1.575285263274568,1.4997436651041456,-0.08541556373191428,0.21913068654086576,0.626984126984127,0.0,0.0,0.01753045492326926,0.10619047619047618,0.0,True,13.013971046581915
2018-03-16 00:00:00,1310,2017-02-15 00:00:00,2018-02-14 00:00:00,True,0,0.55,0.75,0.03,0.85,0.15,0.16,2.9259107313840254,True,,1.755576032829703,1.729265199732497,-0.08769078046559398,0.8122777892054656,0.6468253968253969,1.0,0.0,0.06498222313643724,0.1180952380952381,0.03,True,13.013971046581915
2018-03-23 00:00:00,1315,2017-02-23 00:00:00,2018-02-22 00:00:00,True,0,0.55,0.75,0.03,0.85,0.15,0.16,2.9766369342323946,True,,1.7895703134426182,1.80436198781082,-0.08812049419805756,0.8302871182359952,0.6666666666666666,2.0,0.0,0.06642296945887961,0.12999999999999998,0.06,True,13.013971046581915
2018-04-02 00:00:00,1320,2017-03-02 00:00:00,2018-03-01 00:00:00,True,0,0.55,0.75,0.03,0.85,0.15,0.16,2.4727629326971186,True,,1.5117188740066276,1.5247710428592667,-0.08811155765980527,0.8298977901996303,0.6706349206349206,2.0,0.0,0.06639182321597042,0.13238095238095235,0.06,True,13.013971046581915
2018-04-09 00:00:00,1325,2017-03-09 00:00:00,2018-03-08 00:00:00,True,0,0.55,0.75,0.03,0.85,0.15,0.16,2.8982644760496914,True,,1.7208483369568575,1.8119202221691928,-0.08472486121462519,1.2229290544600815,0.6904761904761905,1.0,0.0,0.09783432435680652,0.14428571428571427,0.03,True,13.013971046581915
2018-04-16 00:00:00,1330,2017-03-16 00:00:00,2018-03-15 00:00:00,True,0,0.55,0.75,0.03,0.85,0.15,0.16,2.3878207946768346,True,,1.436375951094067,1.4749587032208775,-0.08624293890585244,1.2017645826622723,0.6706349206349206,0.0,0.0,0.09614116661298178,0.13238095238095235,0.0,True,13.013971046581915
2018-04-23 00:00:00,1335,2017-03-23 00:00:00,2018-03-22 00:00:00,True,0,0.55,0.75,0.03,0.85,0.15,0.16,2.224248645312253,True,,1.3084160139267929,1.4232452113198928,-0.086242938905853,1.2488299351663879,0.6547619047619048,0.0,0.0,0.09990639481331103,0.12285714285714285,0.0,True,13.013971046581915
2018-04-30 00:00:00,1340,2017-03-30 00:00:00,2018-03-29 00:00:00,True,0,0.55,0.75,0.03,0.85,0.15,0.16,1.7932980652998634,True,,1.07791332493058,1.1847672176951656,-0.08624293890585266,1.518458160430852,0.6349206349206349,0.0,0.0,0.12147665283446817,0.11095238095238093,0.0,True,13.013971046581915
2018-05-07 00:00:00,1345,2017-04-06 00:00:00,2018-04-06 00:00:00,True,0,0.55,0.75,0.03,0.85,0.15,0.16,2.050443460281061,True,,1.1938357551808552,1.3466877272890068,-0.0862429389058531,1.5211857210422641,0.6150793650793651,0.0,0.0,0.12169485768338113,0.09904761904761906,0.0,True,13.013971046581915
2018-05-14 00:00:00,1350,2017-04-13 00:00:00,2018-04-13 00:00:00,True,0,0.55,0.75,0.03,0.85,0.15,0.16,2.2464155407352004,True,,1.299911369914496,1.4672497368214257,-0.08624293890585266,1.7519095186697387,0.5952380952380952,0.0,0.0,0.1401527614935791,0.08714285714285713,0.0,True,13.013971046581915
2018-05-21 00:00:00,1355,2017-04-21 00:00:00,2018-04-20 00:00:00,True,0,0.55,0.75,0.03,0.85,0.15,0.16,1.6397384963124162,True,,1.0001926324358428,1.109338166476997,-0.08624293890585277,2.1585821758366164,0.5753968253968254,0.0,0.0,0.1726865740669293,0.0752380952380952,0.0,True,13.013971046581915
2018-05-29 00:00:00,1360,2017-04-28 00:00:00,2018-04-27 00:00:00,True,0,0.55,0.75,0.03,0.85,0.15,0.16,1.6509420016138097,True,,0.9973771845801697,1.1047237762898938,-0.08624293890585277,2.086010883311774,0.5555555555555556,0.0,0.0,0.16688087066494192,0.06333333333333334,0.0,True,13.013971046581915
2018-06-05 00:00:00,1365,2017-05-05 00:00:00,2018-05-04 00:00:00,True,0,0.55,0.75,0.03,0.85,0.15,0.16,1.6560792651384357,True,,1.0045117514790376,1.1176849548822705,-0.08624293890585288,2.270350866175467,0.5515873015873016,0.0,0.0,0.18162806929403735,0.060952380952380966,0.0,True,13.013971046581915
2018-06-12 00:00:00,1370,2017-05-12 00:00:00,2018-05-11 00:00:00,True,0,0.55,0.75,0.03,0.85,0.15,0.16,1.6797269400136587,True,,1.0353039862206588,1.1589290518114364,-0.086242938905853,2.7423369290351998,0.5555555555555556,0.0,0.0,0.219386954322816,0.06333333333333334,0.0,True,13.013971046581915
2018-06-19 00:00:00,1375,2017-05-19 00:00:00,2018-05-18 00:00:00,True,0,0.55,0.75,0.03,0.85,0.15,0.16,1.834747758238059,True,,1.1176098847648328,1.2448293609097192,-0.086242938905853,2.7519273335390126,0.5476190476190477,0.0,0.0,0.220154186683121,0.058571428571428594,0.0,True,13.013971046581915
2018-06-26 00:00:00,1380,2017-05-26 00:00:00,2018-05-25 00:00:00,True,0,0.55,0.75,0.03,0.85,0.15,0.16,1.7363116956084745,True,,1.0603992221103837,1.1836237544114616,-0.086242938905853,2.744474482531337,0.5357142857142857,0.0,0.0,0.21955795860250696,0.051428571428571414,0.0,True,13.013971046581915
2018-07-03 00:00:00,1385,2017-06-05 00:00:00,2018-06-04 00:00:00,True,0,0.55,0.75,0.03,0.85,0.15,0.16,1.8872172372422422,True,,1.1963418808068413,1.382714925714881,-0.08596284858755598,2.4709692064682054,0.6626984126984127,3.0,0.0,0.19767753651745643,0.1276190476190476,0.09,True,13.013971046581915
2018-07-11 00:00:00,1390,2017-06-12 00:00:00,2018-06-11 00:00:00,True,0,0.55,0.75,0.03,0.85,0.15,0.16,1.8500391323572014,True,,1.1386938295425546,1.2730195922210692,-0.08881107873945082,2.445522494170468,0.5357142857142857,2.0,0.0,0.19564179953363744,0.051428571428571414,0.06,True,13.013971046581915
2018-07-18 00:00:00,1395,2017-06-19 00:00:00,2018-06-18 00:00:00,True,0,0.55,0.75,0.03,0.85,0.15,0.16,1.8370599849752007,True,,1.1337201286663765,1.2627330201639677,-0.08874688640471362,2.442724854922229,0.5357142857142857,2.0,0.0,0.19541798839377833,0.051428571428571414,0.06,True,13.013971046581915
2018-07-25 00:00:00,1400,2017-06-26 00:00:00,2018-06-25 00:00:00,True,0,0.55,0.75,0.03,0.85,0.15,0.16,1.5984499388731501,True,,1.009536252007417,1.1189608249743985,-0.08857719943351428,2.435330021065178,0.5357142857142857,2.0,0.0,0.19482640168521426,0.051428571428571414,0.06,True,13.013971046581915
2018-08-01 00:00:00,1405,2017-07-03 00:00:00,2018-07-02 00:00:00,True,0,0.55,0.75,0.03,0.85,0.15,0.16,1.709435613909538,True,,1.0750985392319279,1.1950925239377779,-0.08854811448546385,2.6586165678124134,0.5317460317460317,2.0,0.0,0.21268932542499308,0.04904761904761904,0.06,True,13.013971046581915
2018-08-08 00:00:00,1410,2017-07-11 00:00:00,2018-07-10 00:00:00,True,0,0.55,0.75,0.03,0.85,0.15,0.16,1.9251708665975247,True,,1.1845241721291142,1.327816357458535,-0.08851066470136248,2.656984655634985,0.5317460317460317,2.0,0.0,0.2125587724507988,0.04904761904761904,0.06,True,13.013971046581915
2018-08-15 00:00:00,1415,2017-07-18 00:00:00,2018-07-17 00:00:00,True,0,0.55,0.75,0.03,0.85,0.15,0.16,1.7098315822445218,True,,1.0867165854349878,1.2050467105912912,-0.08882037464808967,2.8984344076985007,0.5317460317460317,2.0,0.0,0.23187475261588006,0.04904761904761904,0.06,True,13.013971046581915
2018-08-22 00:00:00,1420,2017-07-25 00:00:00,2018-07-24 00:00:00,True,0,0.55,0.75,0.03,0.85,0.15,0.16,1.8479677236241752,True,,1.1780493401729655,1.3591050836785175,-0.08593960376844034,2.943261519835529,0.6031746031746031,3.0,0.0,0.23546092158684231,0.09190476190476188,0.09,True,13.013971046581915
2018-08-29 00:00:00,1425,2017-08-01 00:00:00,2018-07-31 00:00:00,True,0,0.55,0.75,0.03,0.85,0.15,0.16,1.7800993234822375,True,,1.1180289132934642,1.2531061567211585,-0.08867471134263438,2.8920862017566766,0.5317460317460317,2.0,0.0,0.23136689614053413,0.04904761904761904,0.06,True,13.013971046581915
2018-09-06 00:00:00,1430,2017-08-08 00:00:00,2018-08-07 00:00:00,True,0,0.55,0.75,0.03,0.85,0.15,0.16,1.9102100392664347,True,,1.1592967438606068,1.3141960528846723,-0.08624293890585288,3.172211002940543,0.5277777777777778,0.0,0.0,0.2537768802352434,0.04666666666666667,0.0,True,13.013971046581915
2018-09-13 00:00:00,1435,2017-08-15 00:00:00,2018-08-14 00:00:00,True,0,0.55,0.75,0.03,0.85,0.15,0.16,1.8976285645935678,True,,1.15108263724803,1.2980553921922091,-0.08624293890585277,3.2142060205790592,0.5079365079365079,0.0,0.0,0.25713648164632474,0.03476190476190474,0.0,True,13.013971046581915
2018-09-20 00:00:00,1440,2017-08-22 00:00:00,2018-08-21 00:00:00,True,0,0.55,0.75,0.03,0.85,0.15,0.16,2.2211284547714327,True,,1.3103286073339873,1.4738487994939327,-0.08624293890585277,3.0677756162569763,0.4880952380952381,0.0,0.0,0.2454220493005581,0.022857142857142843,0.0,True,13.013971046581915
2018-09-27 00:00:00,1445,2017-08-29 00:00:00,2018-08-28 00:00:00,True,0,0.55,0.75,0.03,0.85,0.15,0.16,2.495778022775597,True,,1.4113216964024669,1.6308780811853605,-0.08352685552998429,2.6161719702847206,0.46825396825396826,0.0,0.0,0.20929375762277766,0.010952380952380946,0.0,True,13.013971046581915
2018-10-04 00:00:00,1450,2017-09-06 00:00:00,2018-09-05 00:00:00,True,0,0.55,0.75,0.03,0.85,0.15,0.16,2.2480230609488148,True,,1.293740180409935,1.4645464313765666,-0.08543359203486944,2.6990711641725262,0.4523809523809524,0.0,0.0,0.2159256931338021,0.0014285714285714234,0.0,True,13.013971046581915
2018-10-11 00:00:00,1455,2017-09-13 00:00:00,2018-09-12 00:00:00,True,0,0.55,0.75,0.03,0.85,0.15,0.16,2.2242495692127275,True,,1.2845481278346977,1.4473400629614017,-0.08566815703383068,2.7092754695315,0.4523809523809524,0.0,0.0,0.21674203756251997,0.0014285714285714234,0.0,True,13.013971046581915
2018-10-18 00:00:00,1460,2017-09-20 00:00:00,2018-09-19 00:00:00,True,0,0.55,0.75,0.03,0.85,0.15,0.16,2.324513896469421,True,,1.3316897256933116,1.5116060376414306,-0.08558731047590395,2.7057582417129433,0.4365079365079365,0.0,0.0,0.21646065933703548,0.0,0.0,True,13.013971046581915
2018-10-25 00:00:00,1465,2017-09-27 00:00:00,2018-09-26 00:00:00,True,0,0.55,0.75,0.03,0.85,0.15,0.16,2.1941269434955837,True,,1.2653166415180983,1.430970580584213,-0.0854452210578519,2.6995770311235594,0.4365079365079365,0.0,0.0,0.21596616248988476,0.0,0.0,True,13.013971046581915
2018-11-01 00:00:00,1470,2017-10-04 00:00:00,2018-10-03 00:00:00,True,0,0.55,0.75,0.03,0.85,0.15,0.16,1.6588871346415335,True,,1.0050393590055058,1.1081101090423715,-0.08649220759362308,2.9080038949733718,0.4365079365079365,0.0,0.0,0.23264031159786974,0.0,0.0,True,13.013971046581915
2018-11-08 00:00:00,1475,2017-10-11 00:00:00,2018-10-10 00:00:00,True,0,0.55,0.75,0.03,0.85,0.15,0.16,0.8860627181313114,True,,0.5943473546776967,0.6572434455245153,-0.08690544078283247,2.925992412074971,0.4365079365079365,0.0,0.0,0.23407939296599767,0.0,0.0,True,13.013971046581915
2018-11-15 00:00:00,1480,2017-10-18 00:00:00,2018-10-17 00:00:00,True,0,0.55,0.75,0.03,0.85,0.15,0.16,0.8258467242894495,True,,0.5663921681148048,0.635395992202058,-0.08712906753493055,3.110777969837521,0.4246031746031746,0.0,0.0,0.24886223758700168,0.0,0.0,True,13.013971046581915
2018-11-23 00:00:00,1485,2017-10-25 00:00:00,2018-10-24 00:00:00,True,0,0.55,0.75,0.03,0.85,0.15,0.16,0.25258310522885935,True,,0.2885456327306347,0.2954040642648477,-0.08694541619275242,3.403572236420669,0.40476190476190477,0.0,0.0,0.2722857789136535,0.0,0.0,True,13.013971046581915
2018-11-30 00:00:00,1490,2017-11-01 00:00:00,2018-10-31 00:00:00,True,0,0.55,0.75,0.03,0.85,0.15,0.16,0.2993871853135256,True,,0.3260942692000708,0.34423122526097133,-0.08712191994579421,3.7761508011915286,0.38492063492063494,0.0,0.0,0.3020920640953223,0.0,0.0,True,13.013971046581915
2018-12-10 00:00:00,1495,2017-11-08 00:00:00,2018-11-07 00:00:00,True,0,0.55,0.75,0.03,0.85,0.15,0.16,0.4546760684014367,True,,0.40279484716377106,0.443731477689562,-0.0874123939856759,3.788799511424799,0.36507936507936506,0.0,0.0,0.30310396091398395,0.0,0.0,True,13.013971046581915
2018-12-17 00:00:00,1500,2017-11-15 00:00:00,2018-11-14 00:00:00,True,0,0.55,0.75,0.03,0.85,0.15,0.16,0.37609607080358914,True,,0.37359997105992343,0.4054334103171015,-0.08770133459928553,4.023132856375193,0.34523809523809523,0.0,0.0,0.3218506285100155,0.0,0.0,True,13.013971046581915
2018-12-24 00:00:00,1505,2017-11-22 00:00:00,2018-11-21 00:00:00,True,0,0.55,0.75,0.03,0.85,0.15,0.16,-0.02023295396844686,True,,0.21258039181982927,0.2042400899919248,-0.08579276164852234,4.440662960367938,0.46825396825396826,1.0,0.0,0.35525303682943504,0.010952380952380946,0.03,True,13.013971046581915
2019-01-02 00:00:00,1510,2017-11-30 00:00:00,2018-11-29 00:00:00,True,0,0.55,0.75,0.03,0.85,0.15,0.16,0.10963348151716737,True,,0.27324386003893436,0.282184406267923,-0.08649446087639523,4.491973794201318,0.44841269841269843,1.0,0.0,0.3593579035361054,0.0,0.03,True,13.013971046581915
2019-01-09 00:00:00,1515,2017-12-07 00:00:00,2018-12-07 00:00:00,True,0,0.55,0.75,0.03,0.85,0.15,0.16,-0.28262829241226917,True,,0.08071566982043828,0.032363039063636245,-0.08647334810821883,4.490429918545205,0.42857142857142855,1.0,0.0,0.3592343934836164,0.0,0.03,True,13.013971046581915
2019-01-16 00:00:00,1520,2017-12-14 00:00:00,2018-12-14 00:00:00,True,0,0.55,0.75,0.03,0.85,0.15,0.16,-0.6301003812390854,True,,-0.09095182799815738,-0.1862151623831926,-0.08663437769028925,4.502205291679674,0.4087301587301587,1.0,0.0,0.36017642333437394,0.0,0.03,True,13.013971046581915
2019-01-24 00:00:00,1525,2017-12-21 00:00:00,2018-12-21 00:00:00,True,0,0.55,0.75,0.03,0.85,0.15,0.16,-0.8013045746678312,True,,-0.17190090175818998,-0.2704012261613732,-0.09281272389790274,4.788533649756784,0.3888888888888889,1.0,0.0,0.3830826919805427,0.0,0.03,True,13.013971046581915
2019-01-31 00:00:00,1530,2017-12-29 00:00:00,2018-12-31 00:00:00,True,0,0.55,0.75,0.03,0.85,0.15,0.16,-0.7172345722743138,True,,-0.12942177059159657,-0.21898034793210988,-0.09281272389790363,4.7828565417128655,0.36904761904761907,1.0,0.0,0.38262852333702924,0.0,0.03,True,13.013971046581915
2019-02-07 00:00:00,1535,2018-01-08 00:00:00,2019-01-08 00:00:00,True,0,0.55,0.75,0.03,0.85,0.15,0.16,-0.9107859992985793,True,,-0.21839067863111836,-0.3236628584457363,-0.09281272389790318,5.043312923885898,0.3492063492063492,1.0,0.0,0.40346503391087185,0.0,0.03,True,13.013971046581915
2019-02-14 00:00:00,1540,2018-01-16 00:00:00,2019-01-15 00:00:00,True,0,0.55,0.75,0.03,0.85,0.15,0.16,-1.09505032805554,True,,-0.30510933955605046,-0.4226233964726321,-0.0928127238979033,5.273028391517297,0.32936507936507936,1.0,0.0,0.42184227132138374,0.0,0.03,True,13.013971046581915
2019-02-22 00:00:00,1545,2018-01-23 00:00:00,2019-01-23 00:00:00,True,0,0.55,0.75,0.03,0.85,0.15,0.16,-1.1933478947208573,True,,-0.33940624613059805,-0.4606060241161498,-0.09281272389790274,5.693210366216741,0.30952380952380953,1.0,0.0,0.45545682929733927,0.0,0.03,True,13.013971046581915
2019-03-01 00:00:00,1550,2018-01-30 00:00:00,2019-01-30 00:00:00,True,0,0.55,0.75,0.03,0.85,0.15,0.16,-0.881416354622841,True,,-0.18852796407717204,-0.28751618345515073,-0.09312893622429019,5.785943047269354,0.16666666666666666,0.0,0.0,0.4628754437815483,0.0,0.0,True,13.013971046581915
2019-03-08 00:00:00,1555,2018-02-06 00:00:00,2019-02-06 00:00:00,True,0,0.55,0.75,0.03,0.85,0.15,0.16,-0.018944713677420733,True,,0.2546341595970456,0.22576882324919118,-0.09312893622429008,5.677424148422741,0.17857142857142858,0.0,0.0,0.4541939318738193,0.0,0.0,True,13.013971046581915
2019-03-15 00:00:00,1560,2018-02-13 00:00:00,2019-02-13 00:00:00,True,0,0.55,0.75,0.03,0.85,0.15,0.16,0.30331282249435804,True,,0.4127563911779199,0.38986982264907205,-0.09312893622429053,5.266742835035245,0.16666666666666666,0.0,0.0,0.4213394268028196,0.0,0.0,True,13.013971046581915
2019-03-22 00:00:00,1565,2018-02-21 00:00:00,2019-02-21 00:00:00,True,0,0.55,0.75,0.03,0.85,0.15,0.16,0.44148866543521337,True,,0.4838399906874126,0.4605018669601313,-0.09312893622429108,5.134410235253804,0.14682539682539683,0.0,0.0,0.41075281882030434,0.0,0.0,True,13.013971046581915
2019-03-29 00:00:00,1570,2018-02-28 00:00:00,2019-02-28 00:00:00,True,0,0.55,0.75,0.03,0.85,0.15,0.16,0.5446008622468159,True,,0.5486047758909003,0.5208224689312847,-0.09312893622429108,5.258273609863902,0.1349206349206349,0.0,0.0,0.42066188878911215,0.0,0.0,True,13.013971046581915
2019-04-05 00:00:00,1575,2018-03-07 00:00:00,2019-03-07 00:00:00,True,0,0.55,0.75,0.03,0.85,0.15,0.16,0.12554809418405088,True,,0.3216464494185966,0.28332827546151856,-0.09312893622429075,5.284512195047007,0.12301587301587301,0.0,0.0,0.4227609756037606,0.0,0.0,True,13.013971046581915
2019-04-12 00:00:00,1580,2018-03-14 00:00:00,2019-03-14 00:00:00,True,0,0.55,0.75,0.03,0.85,0.15,0.16,0.35841880128071074,True,,0.449489976665514,0.4138173540873776,-0.09312893622429064,5.276563233183817,0.11507936507936507,0.0,0.0,0.42212505865470534,0.0,0.0,True,13.013971046581915
2019-04-22 00:00:00,1585,2018-03-21 00:00:00,2019-03-21 00:00:00,True,0,0.55,0.75,0.03,0.85,0.15,0.16,0.875941647823778,True,,0.7302945773093347,0.6971924569245223,-0.09312893622428997,5.151336187814681,0.11507936507936507,0.0,0.0,0.4121068950251745,0.0,0.0,True,13.013971046581915
2019-04-29 00:00:00,1590,2018-03-28 00:00:00,2019-03-28 00:00:00,True,0,0.55,0.75,0.03,0.85,0.15,0.16,1.3442515138784998,True,,0.9876407428224108,0.9264143471340069,-0.09312893622429008,4.806508833138956,0.1111111111111111,0.0,0.0,0.3845207066511165,0.0,0.0,True,13.013971046581915
2019-05-06 00:00:00,1595,2018-04-05 00:00:00,2019-04-04 00:00:00,True,0,0.55,0.75,0.03,0.85,0.15,0.16,1.7563964550299858,True,,1.2335111533710104,1.1342575103876151,-0.09312893622428986,4.806508833138956,0.1111111111111111,0.0,0.0,0.3845207066511165,0.0,0.0,True,13.013971046581915
2019-05-13 00:00:00,1600,2018-04-12 00:00:00,2019-04-11 00:00:00,True,0,0.55,0.75,0.03,0.85,0.15,0.16,1.523981974819748,True,,1.1081918399397954,1.0003885519138362,-0.09312893622429086,4.806508833138956,0.1111111111111111,0.0,0.0,0.3845207066511165,0.0,0.0,True,13.013971046581915
2019-05-20 00:00:00,1605,2018-04-19 00:00:00,2019-04-18 00:00:00,True,0,0.55,0.75,0.03,0.85,0.15,0.16,1.765300430391244,True,,1.2183653497041464,1.1066666947541168,-0.09312893622429075,4.22997843895245,0.1111111111111111,0.0,0.0,0.338398275116196,0.0,0.0,True,13.013971046581915
2019-05-28 00:00:00,1610,2018-04-26 00:00:00,2019-04-26 00:00:00,True,0,0.55,0.75,0.03,0.85,0.15,0.16,1.8953693242920866,True,,1.2901660105306854,1.1638508147406126,-0.09312893622428975,4.073466725388612,0.1111111111111111,0.0,0.0,0.325877338031089,0.0,0.0,True,13.013971046581915
2019-06-04 00:00:00,1615,2018-05-03 00:00:00,2019-05-03 00:00:00,True,0,0.55,0.75,0.03,0.85,0.15,0.16,1.512425349606424,True,,1.0759195989744885,0.9686300321851642,-0.09312893622429008,4.22997843895245,0.1111111111111111,0.0,0.0,0.338398275116196,0.0,0.0,True,13.013971046581915
2019-06-11 00:00:00,1620,2018-05-10 00:00:00,2019-05-10 00:00:00,True,0,0.55,0.75,0.03,0.85,0.15,0.16,0.9776400727572652,True,,0.7412576205308614,0.6621683514153999,-0.09312893622428997,3.66690286132395,0.10714285714285714,0.0,0.0,0.293352228905916,0.0,0.0,True,13.013971046581915
2019-06-18 00:00:00,1625,2018-05-17 00:00:00,2019-05-17 00:00:00,True,0,0.55,0.75,0.03,0.85,0.15,0.16,1.2555210286886647,True,,0.8937240729117083,0.8189364808535904,-0.09312893622429008,3.66690286132395,0.10714285714285714,0.0,0.0,0.293352228905916,0.0,0.0,True,13.013971046581915
2019-06-25 00:00:00,1630,2018-05-24 00:00:00,2019-05-24 00:00:00,True,0,0.55,0.75,0.03,0.85,0.15,0.16,0.7599834227093594,True,,0.6320589078946092,0.5638464641563331,-0.09312893622429086,4.039408206378956,0.10714285714285714,0.0,0.0,0.32315265651031644,0.0,0.0,True,13.013971046581915
2019-07-02 00:00:00,1635,2018-06-01 00:00:00,2019-06-03 00:00:00,True,0,0.55,0.75,0.03,0.85,0.15,0.16,0.8807387956355124,True,,0.7005796830713997,0.6291397113430364,-0.0931289362242903,4.039408206378956,0.10714285714285714,0.0,0.0,0.32315265651031644,0.0,0.0,True,13.013971046581915
2019-07-10 00:00:00,1640,2018-06-08 00:00:00,2019-06-10 00:00:00,True,0,0.55,0.75,0.03,0.85,0.15,0.16,0.8854967703034136,True,,0.7154863584567699,0.6452129186786417,-0.09312893622429153,4.326999038703372,0.10714285714285714,0.0,0.0,0.34615992309626975,0.0,0.0,True,13.013971046581915
2019-07-17 00:00:00,1645,2018-06-15 00:00:00,2019-06-17 00:00:00,True,0,0.55,0.75,0.03,0.85,0.15,0.16,1.1868327909198948,True,,0.8818218501290782,0.813963579858858,-0.09312893622428997,4.326999038703372,0.10714285714285714,0.0,0.0,0.34615992309626975,0.0,0.0,True,13.013971046581915
2019-07-24 00:00:00,1650,2018-06-22 00:00:00,2019-06-24 00:00:00,True,0,0.55,0.75,0.03,0.85,0.15,0.16,1.4606897665591405,True,,1.033039585536831,0.9636639609538121,-0.09312893622429042,4.2910123467592545,0.10714285714285714,0.0,0.0,0.34328098774074034,0.0,0.0,True,13.013971046581915
2019-07-31 00:00:00,1655,2018-06-29 00:00:00,2019-07-01 00:00:00,True,0,0.55,0.75,0.03,0.85,0.15,0.16,1.9534121526392005,True,,1.277070963280254,1.2031889869266745,-0.09423908378937151,3.577625002279912,0.10714285714285714,0.0,0.0,0.28621000018239295,0.0,0.0,True,13.013971046581915
2019-08-07 00:00:00,1660,2018-07-09 00:00:00,2019-07-09 00:00:00,True,0,0.55,0.75,0.03,0.85,0.15,0.16,1.5626315316935433,True,,1.069523527347626,0.9929714709989245,-0.09423908378937218,3.76586465566528,0.10714285714285714,0.0,0.0,0.3012691724532224,0.0,0.0,True,13.013971046581915
2019-08-14 00:00:00,1665,2018-07-16 00:00:00,2019-07-16 00:00:00,True,0,0.55,0.75,0.03,0.85,0.15,0.16,1.4649412097406436,True,,1.0157279798902619,0.9381030028795049,-0.09423908378937285,3.76586465566528,0.10714285714285714,0.0,0.0,0.3012691724532224,0.0,0.0,True,13.013971046581915
2019-08-21 00:00:00,1670,2018-07-23 00:00:00,2019-07-23 00:00:00,True,0,0.55,0.75,0.03,0.85,0.15,0.16,1.4818746693961176,True,,1.0231141649821591,0.9500370960839758,-0.09423908378937151,3.7658646556652795,0.10714285714285714,0.0,0.0,0.3012691724532224,0.0,0.0,True,13.013971046581915
2019-08-28 00:00:00,1675,2018-07-30 00:00:00,2019-07-30 00:00:00,True,0,0.55,0.75,0.03,0.85,0.15,0.16,1.2044637995686762,True,,0.871768041736571,0.7963078687770289,-0.09512614674058295,3.804381714868975,0.10714285714285714,0.0,0.0,0.304350537189518,0.0,0.0,True,13.013971046581915
2019-09-05 00:00:00,1680,2018-08-06 00:00:00,2019-08-06 00:00:00,True,0,0.55,0.75,0.03,0.85,0.15,0.16,0.7803277153298656,True,,0.6348253975251411,0.5900494718104161,-0.09602469835338656,4.081715745545106,0.10714285714285714,0.0,0.0,0.32653725964360847,0.0,0.0,True,13.013971046581915
2019-09-12 00:00:00,1685,2018-08-13 00:00:00,2019-08-13 00:00:00,True,0,0.55,0.75,0.03,0.85,0.15,0.16,0.4751824157924431,True,,0.46160601292016307,0.42471290179040205,-0.095925942340094,4.07742398200052,0.10714285714285714,0.0,0.0,0.3261939185600416,0.0,0.0,True,13.013971046581915
2019-09-19 00:00:00,1690,2018-08-20 00:00:00,2019-08-20 00:00:00,True,0,0.55,0.75,0.03,0.85,0.15,0.16,0.6561803268047726,True,,0.5602541712709292,0.5297428386339085,-0.09640743416900344,4.098351442166043,0.10714285714285714,0.0,0.0,0.3278681153732835,0.0,0.0,True,13.013971046581915
2019-09-26 00:00:00,1695,2018-08-27 00:00:00,2019-08-27 00:00:00,True,0,0.55,0.75,0.03,0.85,0.15,0.16,0.42445991549231255,True,,0.44213412106598654,0.4119738649222055,-0.09641129519735392,4.34066621889298,0.10714285714285714,0.0,0.0,0.3472532975114384,0.0,0.0,True,13.013971046581915
2019-10-03 00:00:00,1700,2018-09-04 00:00:00,2019-09-04 00:00:00,True,0,0.55,0.75,0.03,0.85,0.15,0.16,0.7714043646157991,True,,0.6388262314644267,0.6433398609080148,-0.09361888385522799,4.776171944687992,0.10714285714285714,0.0,0.0,0.3820937555750394,0.0,0.0,True,13.013971046581915
2019-10-10 00:00:00,1705,2018-09-11 00:00:00,2019-09-11 00:00:00,True,0,0.55,0.75,0.03,0.85,0.15,0.16,0.7846302939125127,True,,0.6515269075712105,0.6413048728696538,-0.09653468323972747,4.7492563994302595,0.09126984126984126,0.0,0.0,0.37994051195442075,0.0,0.0,True,13.013971046581915
2019-10-17 00:00:00,1710,2018-09-18 00:00:00,2019-09-18 00:00:00,True,0,0.55,0.75,0.03,0.85,0.15,0.16,0.6435518213770963,True,,0.5769445510532656,0.558401616392788,-0.09658457114861907,4.751425284879995,0.07936507936507936,0.0,0.0,0.38011402279039963,0.0,0.0,True,13.013971046581915
2019-10-24 00:00:00,1715,2018-09-25 00:00:00,2019-09-25 00:00:00,True,0,0.55,0.75,0.03,0.85,0.15,0.16,0.6045714710955251,True,,0.546342884078282,0.5519772037875743,-0.09148814610017797,4.791914700160205,0.07936507936507936,0.0,0.0,0.3833531760128164,0.0,0.0,True,13.013971046581915
2019-10-31 00:00:00,1720,2018-10-02 00:00:00,2019-10-02 00:00:00,True,0,0.55,0.75,0.03,0.85,0.15,0.16,0.5038917811590248,True,,0.4750629642237415,0.5185431150012114,-0.08497118830390993,4.825070938321073,0.05952380952380952,0.0,0.0,0.38600567506568584,0.0,0.0,True,13.013971046581915
2019-11-07 00:00:00,1725,2018-10-09 00:00:00,2019-10-09 00:00:00,True,0,0.55,0.75,0.03,0.85,0.15,0.16,1.589779666315401,True,,0.875279326137906,1.4172059398276984,-0.05982842780840869,5.2408051460583005,0.03968253968253968,0.0,0.0,0.41926441168466405,0.0,0.0,True,13.013971046581915
2019-11-14 00:00:00,1730,2018-10-16 00:00:00,2019-10-16 00:00:00,True,0,0.55,0.75,0.03,0.85,0.15,0.16,1.915605232124808,True,,0.9170639296661056,1.7619962918557386,-0.04812008201689277,5.138196637823604,0.031746031746031744,0.0,0.0,0.4110557310258884,0.0,0.0,True,13.013971046581915
2019-11-21 00:00:00,1735,2018-10-23 00:00:00,2019-10-23 00:00:00,True,0,0.55,0.75,0.03,0.85,0.15,0.16,3.3544599958109402,True,,1.4726783461397073,2.8660467258714015,-0.04812008201689266,5.138196637823604,0.023809523809523808,0.0,0.0,0.4110557310258884,0.0,0.0,True,13.013971046581915
2019-11-29 00:00:00,1740,2018-10-30 00:00:00,2019-10-30 00:00:00,True,0,0.55,0.75,0.03,0.85,0.15,0.16,3.409207561774006,True,,1.507011588945275,2.891564629818274,-0.04812008201689255,5.138196637823604,0.023809523809523808,0.0,0.0,0.4110557310258884,0.0,0.0,True,13.013971046581915
2019-12-06 00:00:00,1745,2018-11-06 00:00:00,2019-11-06 00:00:00,True,0,0.55,0.75,0.03,0.85,0.15,0.16,3.106503770536259,True,,1.3863261231205135,2.619691851571327,-0.04812008201689255,4.694697923016452,0.023809523809523808,0.0,0.0,0.3755758338413162,0.0,0.0,True,13.013971046581915
2019-12-13 00:00:00,1750,2018-11-13 00:00:00,2019-11-13 00:00:00,True,0,0.55,0.75,0.03,0.85,0.15,0.16,3.8822965828284905,True,,1.68015620727167,3.2221452617476705,-0.04812008201689266,4.694697923016452,0.023809523809523808,0.0,0.0,0.3755758338413162,0.0,0.0,True,13.013971046581915
2019-12-20 00:00:00,1755,2018-11-20 00:00:00,2019-11-20 00:00:00,True,0,0.55,0.75,0.03,0.85,0.15,0.16,4.137613927294722,True,,1.790416943314706,3.403466022276665,-0.04812008201689255,4.694697923016452,0.023809523809523808,0.0,0.0,0.3755758338413162,0.0,0.0,True,13.013971046581915
2019-12-30 00:00:00,1760,2018-11-28 00:00:00,2019-11-27 00:00:00,True,0,0.55,0.75,0.03,0.85,0.15,0.16,3.6608860281811717,True,,1.6018940056844289,3.0432098204225735,-0.048120082016892884,4.694697923016452,0.023809523809523808,0.0,0.0,0.3755758338413162,0.0,0.0,True,13.013971046581915
2020-01-07 00:00:00,1765,2018-12-06 00:00:00,2019-12-05 00:00:00,True,0,0.55,0.75,0.03,0.85,0.15,0.16,4.205322633847194,True,,1.8207997179348063,3.45012343719213,-0.048120082016892995,4.694697923016452,0.03571428571428571,0.0,0.0,0.3755758338413162,0.0,0.0,True,13.013971046581915
2020-01-14 00:00:00,1770,2018-12-13 00:00:00,2019-12-12 00:00:00,True,0,0.55,0.75,0.03,0.85,0.15,0.16,4.867692328967087,True,,2.067253670739969,3.970018115085544,-0.048120082016892884,4.694697923016452,0.047619047619047616,0.0,0.0,0.3755758338413162,0.0,0.0,True,13.013971046581915
2020-01-22 00:00:00,1775,2018-12-20 00:00:00,2019-12-19 00:00:00,True,0,0.55,0.75,0.03,0.85,0.15,0.16,5.656991904200469,True,,2.359908592511998,4.58532553499797,-0.04812008201689277,4.6397139538738195,0.047619047619047616,0.0,0.0,0.3711771163099056,0.0,0.0,True,13.013971046581915
2020-01-29 00:00:00,1780,2018-12-28 00:00:00,2019-12-27 00:00:00,True,0,0.55,0.75,0.03,0.85,0.15,0.16,5.2727164078043725,True,,2.2293992056872884,4.264800551162513,-0.04812008201689277,4.606540485161579,0.047619047619047616,0.0,0.0,0.36852323881292637,0.0,0.0,True,13.013971046581915
2020-02-05 00:00:00,1785,2019-01-07 00:00:00,2020-01-06 00:00:00,True,0,0.55,0.75,0.03,0.85,0.15,0.16,5.353808378741557,True,,2.23843354998019,4.313727061218683,-0.04812008201689266,4.19508525266974,0.047619047619047616,0.0,0.0,0.3356068202135792,0.0,0.0,True,13.013971046581915
2020-02-12 00:00:00,1790,2019-01-14 00:00:00,2020-01-13 00:00:00,True,0,0.55,0.75,0.03,0.85,0.15,0.16,5.538995868767569,True,,2.288775593391683,4.435275156010847,-0.04812008201689266,3.7249981179099008,0.047619047619047616,0.0,0.0,0.29799984943279206,0.0,0.0,True,13.013971046581915
2020-02-20 00:00:00,1795,2019-01-22 00:00:00,2020-01-21 00:00:00,True,0,0.55,0.75,0.03,0.85,0.15,0.16,5.77916595137199,True,,2.370049854728206,4.619517487370775,-0.04812008201689266,2.8312236656604504,0.047619047619047616,2.0,0.0,0.22649789325283604,0.0,0.06,True,13.013971046581915
2020-02-27 00:00:00,1800,2019-01-29 00:00:00,2020-01-28 00:00:00,True,0,0.55,0.75,0.03,0.85,0.15,0.16,5.037448562730306,True,,2.0621284393419788,4.034437858722545,-0.04812008201689266,3.152877044871358,0.03968253968253968,0.0,0.0,0.2522301635897086,0.0,0.0,True,13.013971046581915
2020-03-05 00:00:00,1805,2019-02-05 00:00:00,2020-02-04 00:00:00,True,0,0.55,0.75,0.03,0.85,0.15,0.16,5.002507432891378,True,,2.035971872199433,4.0138871338488284,-0.04812008201689255,3.057176829838971,0.03571428571428571,0.0,0.0,0.2445741463871177,0.0,0.0,True,13.013971046581915
2020-03-12 00:00:00,1810,2019-02-12 00:00:00,2020-02-11 00:00:00,True,0,0.55,0.75,0.03,0.85,0.15,0.16,5.025952534767488,True,,2.0475336009952896,4.035759477352079,-0.04812008201689266,3.12735810136832,0.027777777777777776,0.0,0.0,0.2501886481094656,0.0,0.0,True,13.013971046581915
2020-03-19 00:00:00,1815,2019-02-20 00:00:00,2020-02-19 00:00:00,True,0,0.55,0.75,0.03,0.85,0.15,0.16,4.604232048822647,True,,1.89420534450812,3.7012013828414685,-0.04812008201689244,3.1366800244830917,0.023809523809523808,0.0,0.0,0.25093440195864736,0.0,0.0,True,13.013971046581915
2020-03-26 00:00:00,1820,2019-02-27 00:00:00,2020-02-26 00:00:00,True,0,0.55,0.75,0.03,0.85,0.15,0.16,1.728241220393783,True,,0.9999880422719433,1.2721466659397185,-0.07585949810002779,3.6183019328741897,0.023809523809523808,0.0,0.0,0.2894641546299352,0.0,0.0,True,13.013971046581915
2020-04-02 00:00:00,1825,2019-03-06 00:00:00,2020-03-04 00:00:00,True,0,0.55,0.75,0.03,0.85,0.15,0.16,2.253593973002466,True,,1.2689174621868742,1.6501911186723965,-0.07585949810002768,4.193454801529067,0.023809523809523808,0.0,0.0,0.3354763841223254,0.0,0.0,True,13.013971046581915
2020-04-09 00:00:00,1830,2019-03-13 00:00:00,2020-03-11 00:00:00,True,0,0.55,0.75,0.03,0.85,0.15,0.16,0.8799094069418609,True,,0.7002867083729747,0.6499083644145085,-0.10537868370278514,4.25379991203401,0.023809523809523808,0.0,0.0,0.3403039929627208,0.0,0.0,True,13.013971046581915
2020-04-17 00:00:00,1835,2019-03-20 00:00:00,2020-03-18 00:00:00,True,0,0.55,0.75,0.03,0.85,0.15,0.16,0.008200651942262605,True,,0.2353655154320416,0.16204703956996908,-0.1190382487667887,4.460031189321928,0.023809523809523808,0.0,0.0,0.35680249514575424,0.0,0.0,True,13.013971046581915
2020-04-24 00:00:00,1840,2019-03-27 00:00:00,2020-03-25 00:00:00,True,0,0.55,0.75,0.03,0.85,0.15,0.16,0.7901983184401048,True,,0.6834625254026213,0.5778411217594306,-0.12182320017872916,4.444213804625761,0.023809523809523808,0.0,0.0,0.3555371043700609,0.0,0.0,True,13.013971046581915
2020-05-01 00:00:00,1845,2019-04-03 00:00:00,2020-04-01 00:00:00,True,0,0.55,0.75,0.03,0.85,0.15,0.16,0.5035878084700158,True,,0.5174967085152153,0.42703525540607673,-0.12182320017872939,4.444213804625761,0.023809523809523808,0.0,0.0,0.3555371043700609,0.0,0.0,True,13.013971046581915
2020-05-08 00:00:00,1850,2019-04-10 00:00:00,2020-04-08 00:00:00,True,0,0.55,0.75,0.03,0.85,0.15,0.16,0.9118440532107953,True,,0.7467241475451111,0.6611996262579785,-0.12182320017872939,4.547997441758731,0.023809523809523808,0.0,0.0,0.36383979534069855,0.0,0.0,True,13.013971046581915
2020-05-15 00:00:00,1855,2019-04-17 00:00:00,2020-04-16 00:00:00,True,0,0.55,0.75,0.03,0.85,0.15,0.16,1.0409055111405305,True,,0.8201640405860532,0.7364298877789617,-0.12182320017872939,4.605030495858649,0.023809523809523808,0.0,0.0,0.36840243966869196,0.0,0.0,True,13.013971046581915
2020-05-22 00:00:00,1860,2019-04-25 00:00:00,2020-04-23 00:00:00,True,0,0.55,0.75,0.03,0.85,0.15,0.16,0.97968129057241,True,,0.7826701000701539,0.7049038086916906,-0.12182320017872927,4.586398205638704,0.023809523809523808,0.0,0.0,0.36691185645109636,0.0,0.0,True,13.013971046581915
2020-06-01 00:00:00,1865,2019-05-02 00:00:00,2020-04-30 00:00:00,True,0,0.55,0.75,0.03,0.85,0.15,0.16,0.9098799069210683,True,,0.7401175168055819,0.6644685581213643,-0.12182320017872961,4.522655704770062,0.023809523809523808,0.0,0.0,0.361812456381605,0.0,0.0,True,13.013971046581915
2020-06-08 00:00:00,1870,2019-05-09 00:00:00,2020-05-07 00:00:00,True,0,0.55,0.75,0.03,0.85,0.15,0.16,1.3905668479436812,True,,0.9933601559087386,0.9160518219243834,-0.12182320017872994,4.195434568807053,0.023809523809523808,0.0,0.0,0.3356347655045642,0.0,0.0,True,13.013971046581915
2020-06-15 00:00:00,1875,2019-05-16 00:00:00,2020-05-14 00:00:00,True,0,0.55,0.75,0.03,0.85,0.15,0.16,1.532468131538011,True,,1.074535013540098,0.9919598543780964,-0.1218232001787295,4.195434568807053,0.023809523809523808,0.0,0.0,0.3356347655045642,0.0,0.0,True,13.013971046581915
2020-06-22 00:00:00,1880,2019-05-23 00:00:00,2020-05-21 00:00:00,True,0,0.55,0.75,0.03,0.85,0.15,0.16,1.7634898957892438,True,,1.2180167486365605,1.1394127881343012,-0.12182320017872983,4.575713541934475,0.023809523809523808,0.0,0.0,0.36605708335475806,0.0,0.0,True,13.013971046581915
2020-06-29 00:00:00,1885,2019-05-31 00:00:00,2020-05-29 00:00:00,True,0,0.55,0.75,0.03,0.85,0.15,0.16,2.1916089211759306,True,,1.4754162839679845,1.4096424666007128,-0.12182320017872939,5.1440167009078035,0.023809523809523808,0.0,0.0,0.4115213360726243,0.0,0.0,True,13.013971046581915
2020-07-07 00:00:00,1890,2019-06-07 00:00:00,2020-06-05 00:00:00,True,0,0.55,0.75,0.03,0.85,0.15,0.16,2.2777003792990924,True,,1.4810394927380497,1.4349995369394506,-0.12182320017872961,4.391734287381469,0.023809523809523808,0.0,0.0,0.35133874299051754,0.0,0.0,True,13.013971046581915
2020-07-14 00:00:00,1895,2019-06-14 00:00:00,2020-06-12 00:00:00,True,0,0.55,0.75,0.03,0.85,0.15,0.16,1.8742383082876162,True,,1.2233099785913542,1.2528338408584743,-0.12182320017873005,4.391734287381469,0.023809523809523808,0.0,0.0,0.35133874299051754,0.0,0.0,True,13.013971046581915
2020-07-21 00:00:00,1900,2019-06-21 00:00:00,2020-06-19 00:00:00,True,0,0.55,0.75,0.03,0.85,0.15,0.16,1.6625377401480452,True,,1.1137271156594495,1.1251867093488912,-0.12182320017872916,4.391734287381469,0.023809523809523808,0.0,0.0,0.35133874299051754,0.0,0.0,True,13.013971046581915
2020-07-28 00:00:00,1905,2019-06-28 00:00:00,2020-06-26 00:00:00,True,0,0.55,0.75,0.03,0.85,0.15,0.16,1.4361935336627403,True,,0.983707217348284,1.0047813241312171,-0.1218232001787295,4.391734287381469,0.023809523809523808,0.0,0.0,0.35133874299051754,0.0,0.0,True,13.013971046581915
2020-08-04 00:00:00,1910,2019-07-08 00:00:00,2020-07-06 00:00:00,True,0,0.55,0.75,0.03,0.85,0.15,0.16,1.6682912459296466,True,,1.101371230240129,1.1478234483500436,-0.12182320017873016,4.391734287381469,0.023809523809523808,0.0,0.0,0.35133874299051754,0.0,0.0,True,13.013971046581915
2020-08-11 00:00:00,1915,2019-07-15 00:00:00,2020-07-13 00:00:00,True,0,0.55,0.75,0.03,0.85,0.15,0.16,1.7377918573969675,True,,1.1361435735752359,1.1986549271374916,-0.12182320017872916,4.4659457236032685,0.023809523809523808,0.0,0.0,0.3572756578882615,0.0,0.0,True,13.013971046581915
2020-08-18 00:00:00,1920,2019-07-22 00:00:00,2020-07-20 00:00:00,True,0,0.55,0.75,0.03,0.85,0.15,0.16,1.909529220989027,True,,1.2244301530681336,1.3022582270877887,-0.1218232001787295,4.458843921866719,0.023809523809523808,0.0,0.0,0.3567075137493375,0.0,0.0,True,13.013971046581915
2020-08-25 00:00:00,1925,2019-07-29 00:00:00,2020-07-27 00:00:00,True,0,0.55,0.75,0.03,0.85,0.15,0.16,1.7984699247778346,True,,1.1718342282999525,1.2473256839317208,-0.12182320017872927,4.640310633343679,0.023809523809523808,0.0,0.0,0.37122485066749433,0.0,0.0,True,13.013971046581915
2020-09-01 00:00:00,1930,2019-08-05 00:00:00,2020-08-03 00:00:00,True,0,0.55,0.75,0.03,0.85,0.15,0.16,2.7259498557131687,True,,1.6362936392555394,1.7695955316278327,-0.12182320017872905,4.075252610557963,0.023809523809523808,0.0,0.0,0.32602020884463706,0.0,0.0,True,13.013971046581915
2020-09-09 00:00:00,1935,2019-08-12 00:00:00,2020-08-10 00:00:00,True,0,0.55,0.75,0.03,0.85,0.15,0.16,2.7355336207807555,True,,1.6456695570496904,1.7698553407196271,-0.12182320017872972,4.075252610557963,0.023809523809523808,0.0,0.0,0.32602020884463706,0.0,0.0,True,13.013971046581915
2020-09-16 00:00:00,1940,2019-08-19 00:00:00,2020-08-17 00:00:00,True,0,0.55,0.75,0.03,0.85,0.15,0.16,2.8246603686189506,True,,1.7057983489390536,1.8061027856556677,-0.12182320017872972,4.075252610557963,0.023809523809523808,0.0,0.0,0.32602020884463706,0.0,0.0,True,13.013971046581915
2020-09-23 00:00:00,1945,2019-08-26 00:00:00,2020-08-24 00:00:00,True,0,0.55,0.75,0.03,0.85,0.15,0.16,3.367737588656597,True,,1.9889273294137733,2.1310380851093256,-0.12182320017872916,4.075252610557963,0.023809523809523808,0.0,0.0,0.32602020884463706,0.0,0.0,True,13.013971046581915
2020-09-30 00:00:00,1950,2019-09-03 00:00:00,2020-08-31 00:00:00,True,0,0.55,0.75,0.03,0.85,0.15,0.16,3.5568257601829556,True,,2.057867089686895,2.2330382636816597,-0.12182320017872994,3.593399255615843,0.023809523809523808,0.0,0.0,0.28747194044926744,0.0,0.0,True,13.013971046581915
2020-10-07 00:00:00,1955,2019-09-10 00:00:00,2020-09-08 00:00:00,True,0,0.55,0.75,0.03,0.85,0.15,0.16,2.2315497333559238,True,,1.3708596481341067,1.486043717611703,-0.12182320017872972,4.1018111108443165,0.023809523809523808,0.0,0.0,0.32814488886754534,0.0,0.0,True,13.013971046581915
2020-10-14 00:00:00,1960,2019-09-17 00:00:00,2020-09-15 00:00:00,True,0,0.55,0.75,0.03,0.85,0.15,0.16,2.250003243865688,True,,1.3788267195863757,1.501615222657618,-0.12182320017872983,4.126445673084776,0.023809523809523808,0.0,0.0,0.3301156538467821,0.0,0.0,True,13.013971046581915
2020-10-21 00:00:00,1965,2019-09-24 00:00:00,2020-09-22 00:00:00,True,0,0.55,0.75,0.03,0.85,0.15,0.16,2.0250079508281678,True,,1.2807191230627109,1.3893324262587607,-0.12182320017872983,4.589713915519402,0.023809523809523808,0.0,0.0,0.36717711324155217,0.0,0.0,True,13.013971046581915
2020-10-28 00:00:00,1970,2019-10-01 00:00:00,2020-09-29 00:00:00,True,0,0.55,0.75,0.03,0.85,0.15,0.16,2.7675163369954747,True,,1.6481338277704027,1.8286562689507186,-0.12182320017872961,4.294281324193787,0.023809523809523808,0.0,0.0,0.343542505935503,0.0,0.0,True,13.013971046581915
2020-11-04 00:00:00,1975,2019-10-08 00:00:00,2020-10-06 00:00:00,True,0,0.55,0.75,0.03,0.85,0.15,0.16,2.7938956344158075,True,,1.6696398618359591,1.8524986236322663,-0.12182320017872939,4.471789079074555,0.023809523809523808,0.0,0.0,0.35774312632596444,0.0,0.0,True,13.013971046581915
2020-11-11 00:00:00,1980,2019-10-15 00:00:00,2020-10-13 00:00:00,True,0,0.55,0.75,0.03,0.85,0.15,0.16,2.7581802724585742,True,,1.6340613437531892,1.8153339035056628,-0.12182320017872994,4.101852426239315,0.023809523809523808,0.0,0.0,0.3281481940991452,0.0,0.0,True,13.013971046581915
2020-11-18 00:00:00,1985,2019-10-22 00:00:00,2020-10-20 00:00:00,True,0,0.55,0.75,0.03,0.85,0.15,0.16,2.567440308520036,True,,1.5369342859652826,1.6978640326432424,-0.1218232001787295,4.097315044498009,0.023809523809523808,0.0,0.0,0.3277852035598407,0.0,0.0,True,13.013971046581915
2020-11-25 00:00:00,1990,2019-10-29 00:00:00,2020-10-27 00:00:00,True,0,0.55,0.75,0.03,0.85,0.15,0.16,1.9071590598195338,True,,1.1960835768875193,1.312770238121379,-0.12182320017872994,4.239258844563608,0.023809523809523808,0.0,0.0,0.33914070756508863,0.0,0.0,True,13.013971046581915
2020-12-03 00:00:00,1995,2019-11-05 00:00:00,2020-11-03 00:00:00,True,0,0.55,0.75,0.03,0.85,0.15,0.16,2.2431118390369473,True,,1.3763878603406683,1.5597032210827906,-0.1218232001787295,4.7629824771244245,0.023809523809523808,0.0,0.0,0.38103859816995395,0.0,0.0,True,13.013971046581915
2020-12-10 00:00:00,2000,2019-11-12 00:00:00,2020-11-10 00:00:00,True,0,0.55,0.75,0.03,0.85,0.15,0.16,2.1176257713408373,True,,1.3313859754669484,1.5039769331709112,-0.12182320017872972,5.211771883285505,0.023809523809523808,0.0,0.0,0.4169417506628404,0.0,0.0,True,13.013971046581915
2020-12-17 00:00:00,2005,2019-11-19 00:00:00,2020-11-17 00:00:00,True,0,0.55,0.75,0.03,0.85,0.15,0.16,2.162324901932004,True,,1.3497958625222364,1.535934636954494,-0.12182320017872994,5.202733376922849,0.023809523809523808,0.0,0.0,0.4162186701538279,0.0,0.0,True,13.013971046581915
2020-12-24 00:00:00,2010,2019-11-26 00:00:00,2020-11-24 00:00:00,True,0,0.55,0.75,0.03,0.85,0.15,0.16,2.1225893666649016,True,,1.3359335807714507,1.5218153901406306,-0.12182320017872983,5.384956577738171,0.023809523809523808,0.0,0.0,0.4307965262190537,0.0,0.0,True,13.013971046581915
2021-01-04 00:00:00,2015,2019-12-04 00:00:00,2020-12-02 00:00:00,True,0,0.55,0.75,0.03,0.85,0.15,0.16,2.45252514029509,True,,1.4982654685190022,1.734064066481927,-0.1218232001787295,5.412394767618176,0.01984126984126984,0.0,0.0,0.4329915814094541,0.0,0.0,True,13.013971046581915
2021-01-11 00:00:00,2020,2019-12-11 00:00:00,2020-12-09 00:00:00,True,0,0.55,0.75,0.03,0.85,0.15,0.16,2.149073001733978,True,,1.3502849772113021,1.5373228473759735,-0.12182320017872972,5.388378167226295,0.0,0.0,0.0,0.4310702533781036,0.0,0.0,True,13.013971046581915
2021-01-19 00:00:00,2025,2019-12-18 00:00:00,2020-12-16 00:00:00,True,0,0.55,0.75,0.03,0.85,0.15,0.16,2.124707960847788,True,,1.3365667079433272,1.5240252806024046,-0.1218232001787295,5.388487144718293,0.0,0.0,0.0,0.43107897157746344,0.0,0.0,True,13.013971046581915
2021-01-26 00:00:00,2030,2019-12-26 00:00:00,2020-12-23 00:00:00,True,0,0.55,0.75,0.03,0.85,0.15,0.16,2.076488118138093,True,,1.3106795260137198,1.4962518669401248,-0.12182320017872961,5.389911267846588,0.0,0.0,0.0,0.43119290142772704,0.0,0.0,True,13.013971046581915
2021-02-02 00:00:00,2035,2020-01-03 00:00:00,2020-12-31 00:00:00,True,0,0.55,0.75,0.03,0.85,0.15,0.16,2.0107677855068666,True,,1.2770439773828919,1.4525768341433123,-0.12182320017872961,5.354220739883434,0.0,0.0,0.0,0.42833765919067474,0.0,0.0,True,13.013971046581915
2021-02-09 00:00:00,2040,2020-01-10 00:00:00,2021-01-08 00:00:00,True,0,0.55,0.75,0.03,0.85,0.15,0.16,2.0459322466228613,True,,1.2926783613420907,1.4711657557122373,-0.12182320017872961,5.295983991112741,0.007936507936507936,0.0,0.0,0.4236787192890193,0.0,0.0,True,13.013971046581915
2021-02-17 00:00:00,2045,2020-01-17 00:00:00,2021-01-15 00:00:00,True,0,0.55,0.75,0.03,0.85,0.15,0.16,2.183719752722712,True,,1.336410488656448,1.542823171013795,-0.12054151874916275,4.836865909309652,0.027777777777777776,0.0,0.0,0.38694927274477214,0.0,0.0,True,13.013971046581915
2021-02-24 00:00:00,2050,2020-01-27 00:00:00,2021-01-25 00:00:00,True,0,0.55,0.75,0.03,0.85,0.15,0.16,2.0146537319703377,True,,1.2509113996204047,1.4383645063683814,-0.12054151874916286,4.836865909309652,0.03571428571428571,0.0,0.0,0.38694927274477214,0.0,0.0,True,13.013971046581915
2021-03-03 00:00:00,2055,2020-02-03 00:00:00,2021-02-01 00:00:00,True,0,0.55,0.75,0.03,0.85,0.15,0.16,2.1343700317414482,True,,1.3046224791911465,1.5208710316188425,-0.12054151874916252,4.836865909309652,0.03571428571428571,0.0,0.0,0.38694927274477214,0.0,0.0,True,13.013971046581915
2021-03-10 00:00:00,2060,2020-02-10 00:00:00,2021-02-08 00:00:00,True,0,0.55,0.75,0.03,0.85,0.15,0.16,2.1799057657594134,True,,1.3265357422950477,1.5503991202614222,-0.12054151874916297,4.836865909309653,0.03571428571428571,0.0,0.0,0.38694927274477225,0.0,0.0,True,13.013971046581915
2021-03-17 00:00:00,2065,2020-02-18 00:00:00,2021-02-16 00:00:00,True,0,0.55,0.75,0.03,0.85,0.15,0.16,2.089124719082653,True,,1.2722414717579775,1.5047906500868093,-0.11839524485246522,4.836865909309653,0.03571428571428571,0.0,0.0,0.38694927274477225,0.0,0.0,True,13.013971046581915
2021-03-24 00:00:00,2070,2020-02-25 00:00:00,2021-02-23 00:00:00,True,0,0.55,0.75,0.03,0.85,0.15,0.16,3.4780376692456283,True,,1.562725390923796,2.8778269388332554,-0.077192225902738,4.836865909309653,0.04365079365079365,0.0,0.0,0.38694927274477225,0.0,0.0,True,13.013971046581915
2021-03-31 00:00:00,2075,2020-03-03 00:00:00,2021-03-02 00:00:00,True,0,0.55,0.75,0.03,0.85,0.15,0.16,3.411998971716738,True,,1.544026322397266,2.8225871921786014,-0.07719222590273822,4.876213805292618,0.06349206349206349,0.0,0.0,0.39009710442340945,0.0,0.0,True,13.013971046581915
2021-04-08 00:00:00,2080,2020-03-10 00:00:00,2021-03-09 00:00:00,True,0,0.55,0.75,0.03,0.85,0.15,0.16,4.598114034981804,True,,1.9711540885036831,3.754933090822564,-0.07719222590273811,4.712331577249129,0.08333333333333333,0.0,0.0,0.37698652617993034,0.0,0.0,True,13.013971046581915
2021-04-15 00:00:00,2085,2020-03-17 00:00:00,2021-03-16 00:00:00,True,0,0.55,0.75,0.03,0.85,0.15,0.16,5.3377651652746705,True,,2.2667481423077445,4.270332423948779,-0.07719222590273811,4.315611452401211,0.10317460317460317,0.0,0.0,0.3452489161920969,0.0,0.0,True,13.013971046581915
2021-04-22 00:00:00,2090,2020-03-24 00:00:00,2021-03-23 00:00:00,True,0,0.55,0.75,0.03,0.85,0.15,0.16,4.710946066045002,True,,2.0786211616107138,3.7362650439815575,-0.07719222590273822,4.458589134386971,0.12301587301587301,0.0,0.0,0.35668713075095765,0.0,0.0,True,13.013971046581915
2021-04-29 00:00:00,2095,2020-03-31 00:00:00,2021-03-30 00:00:00,True,0,0.55,0.75,0.03,0.85,0.15,0.16,5.094321456405087,True,,2.230764916393721,4.028419954670413,-0.077192225902738,4.489742796562064,0.14285714285714285,0.0,0.0,0.35917942372496514,0.0,0.0,True,13.013971046581915
2021-05-06 00:00:00,2100,2020-04-07 00:00:00,2021-04-07 00:00:00,True,0,0.55,0.75,0.03,0.85,0.15,0.16,4.934900410089483,True,,2.189722000827248,3.8796828809261177,-0.077192225902738,4.482098693483235,0.14682539682539683,0.0,0.0,0.3585678954786588,0.0,0.0,True,13.013971046581915
2021-05-13 00:00:00,2105,2020-04-15 00:00:00,2021-04-14 00:00:00,True,0,0.55,0.75,0.03,0.85,0.15,0.16,5.012423598179483,True,,2.207014114135778,3.9207503036172677,-0.07719222590273889,4.139884485626363,0.14682539682539683,0.0,0.0,0.331190758850109,0.0,0.0,True,13.013971046581915
2021-05-20 00:00:00,2110,2020-04-22 00:00:00,2021-04-21 00:00:00,True,0,0.55,0.75,0.03,0.85,0.15,0.16,4.9786552507050255,True,,2.1902822005714127,3.9046301981596465,-0.07719222590273878,4.191638854926308,0.14682539682539683,0.0,0.0,0.3353311083941046,0.0,0.0,True,13.013971046581915
2021-05-27 00:00:00,2115,2020-04-29 00:00:00,2021-04-28 00:00:00,True,0,0.55,0.75,0.03,0.85,0.15,0.16,4.7154021206479895,True,,2.0841401896537564,3.676127132111363,-0.07719222590273755,3.8704971836857194,0.14682539682539683,0.0,0.0,0.30963977469485754,0.0,0.0,True,13.013971046581915
2021-06-04 00:00:00,2120,2020-05-06 00:00:00,2021-05-05 00:00:00,True,0,0.55,0.75,0.03,0.85,0.15,0.16,5.019055656026511,True,,2.20762091474329,3.9037319706987326,-0.07719222590273878,3.8943854409470724,0.14682539682539683,0.0,0.0,0.3115508352757658,0.0,0.0,True,13.013971046581915
2021-06-11 00:00:00,2125,2020-05-13 00:00:00,2021-05-12 00:00:00,True,0,0.55,0.75,0.03,0.85,0.15,0.16,4.815289279450797,True,,2.1073610507388523,3.7752606871904346,-0.07719222590273889,3.90350401300504,0.15079365079365079,0.0,0.0,0.3122803210404032,0.0,0.0,True,13.013971046581915
2021-06-18 00:00:00,2130,2020-05-20 00:00:00,2021-05-19 00:00:00,True,0,0.55,0.75,0.03,0.85,0.15,0.16,4.477820699741095,True,,1.9662869445035898,3.477349847984032,-0.07719222590273855,3.379326539371518,0.17063492063492064,0.0,0.0,0.27034612314972145,0.0,0.0,True,13.013971046581915
2021-06-25 00:00:00,2135,2020-05-28 00:00:00,2021-05-26 00:00:00,True,0,0.55,0.75,0.03,0.85,0.15,0.16,4.13246938763429,True,,1.8053873397087803,3.311222336479162,-0.07472708947480433,3.6486977657227433,0.19047619047619047,1.0,0.0,0.2918958212578195,0.0,0.03,True,13.013971046581915
2021-07-02 00:00:00,2140,2020-06-04 00:00:00,2021-06-03 00:00:00,True,0,0.55,0.75,0.03,0.85,0.15,0.16,3.5629685777816373,True,,1.603564760913697,2.8516245476571993,-0.07472708947480455,3.648697765722743,0.21031746031746032,1.0,0.0,0.29189582125781943,0.0,0.03,True,13.013971046581915
2021-07-12 00:00:00,2145,2020-06-11 00:00:00,2021-06-10 00:00:00,True,0,0.55,0.75,0.03,0.85,0.15,0.16,4.835821712322451,True,,2.1720312042240035,3.6804837232787464,-0.0737144625624313,3.13245588155687,0.23015873015873015,1.0,0.0,0.2505964705245496,0.0,0.03,True,13.013971046581915
2021-07-19 00:00:00,2150,2020-06-18 00:00:00,2021-06-17 00:00:00,True,0,0.55,0.75,0.03,0.85,0.15,0.16,4.38755277710765,True,,1.9938389297867056,3.3428878973068676,-0.07371446256243153,3.13245588155687,0.25,1.0,0.0,0.2505964705245496,0.0,0.03,True,13.013971046581915
2021-07-26 00:00:00,2155,2020-06-25 00:00:00,2021-06-24 00:00:00,True,0,0.55,0.75,0.03,0.85,0.15,0.16,5.180678343202704,True,,2.3408394220032593,3.9005442396549928,-0.07371446256243142,3.13245588155687,0.2698412698412698,1.0,0.0,0.2505964705245496,0.0,0.03,True,13.013971046581915
2021-08-02 00:00:00,2160,2020-07-02 00:00:00,2021-07-01 00:00:00,True,0,0.55,0.75,0.03,0.85,0.15,0.16,4.56554657487713,True,,2.108691088376077,3.4218149462820033,-0.07371446256243142,3.13245588155687,0.2777777777777778,1.0,0.0,0.2505964705245496,0.0,0.03,True,13.013971046581915
2021-08-09 00:00:00,2165,2020-07-10 00:00:00,2021-07-09 00:00:00,True,0,0.55,0.75,0.03,0.85,0.15,0.16,4.774163408246999,True,,2.195197983904684,3.5744523685835805,-0.07371446256243164,3.13245588155687,0.2777777777777778,1.0,0.0,0.2505964705245496,0.0,0.03,True,13.013971046581915
2021-08-16 00:00:00,2170,2020-07-17 00:00:00,2021-07-16 00:00:00,True,0,0.55,0.75,0.03,0.85,0.15,0.16,4.119829333134259,True,,1.9227498870972517,3.097094895701946,-0.07371446256243108,3.13245588155687,0.2777777777777778,1.0,0.0,0.2505964705245496,0.0,0.03,True,13.013971046581915
2021-08-23 00:00:00,2175,2020-07-24 00:00:00,2021-07-23 00:00:00,True,0,0.55,0.75,0.03,0.85,0.15,0.16,4.518119137842914,True,,2.089491094085509,3.3873224429643947,-0.07384686310320321,3.140373882676371,0.2777777777777778,1.0,0.0,0.2512299106141097,0.0,0.03,True,13.013971046581915
2021-08-30 00:00:00,2180,2020-07-31 00:00:00,2021-07-30 00:00:00,True,0,0.55,0.75,0.03,0.85,0.15,0.16,4.302688020325962,True,,2.0080964403222747,3.2194479508475635,-0.07379186547064875,3.137084758429539,0.2777777777777778,1.0,0.0,0.2509667806743631,0.0,0.03,True,13.013971046581915
2021-09-07 00:00:00,2185,2020-08-07 00:00:00,2021-08-06 00:00:00,True,0,0.55,0.75,0.03,0.85,0.15,0.16,3.9177443572964856,True,,1.8705710075067412,3.0096277199630794,-0.07472708947480478,3.006610327258983,0.43253968253968256,4.0,0.0,0.24052882618071864,0.0,0.12,True,13.013971046581915
2021-09-14 00:00:00,2190,2020-08-14 00:00:00,2021-08-13 00:00:00,True,0,0.55,0.75,0.03,0.85,0.15,0.16,3.8919065490635347,True,,1.8647027250891888,2.985523389576642,-0.07457197547714922,2.997328953229948,0.4523809523809524,4.0,0.0,0.23978631625839583,0.0014285714285714234,0.12,True,13.013971046581915
2021-09-21 00:00:00,2195,2020-08-21 00:00:00,2021-08-20 00:00:00,True,0,0.55,0.75,0.03,0.85,0.15,0.16,3.8182484083630976,True,,1.8058299135126892,2.884512246516805,-0.07367653903273275,2.9398912795379486,0.3373015873015873,2.0,0.0,0.2351913023630359,0.0,0.06,True,13.013971046581915
2021-09-28 00:00:00,2200,2020-08-28 00:00:00,2021-08-27 00:00:00,True,0,0.55,0.75,0.03,0.85,0.15,0.16,4.115553508315511,True,,1.8144636302722872,3.204226142690561,-0.06582704037448706,2.5286379513653223,0.35714285714285715,2.0,0.0,0.2022910361092258,0.0,0.06,True,13.013971046581915
2021-10-05 00:00:00,2205,2020-09-04 00:00:00,2021-09-03 00:00:00,True,0,0.55,0.75,0.03,0.85,0.15,0.16,5.836064688799062,True,,2.222137454611279,4.84527283787126,-0.05164988440407947,2.528637951365323,0.376984126984127,2.0,0.0,0.20229103610922586,0.0,0.06,True,13.013971046581915
2021-10-12 00:00:00,2210,2020-09-14 00:00:00,2021-09-13 00:00:00,True,0,0.55,0.75,0.03,0.85,0.15,0.16,5.258784029525026,True,,2.044742692082947,4.34541546693913,-0.05164988440407925,2.528637951365323,0.3968253968253968,2.0,0.0,0.20229103610922586,0.0,0.06,True,13.013971046581915
2021-10-19 00:00:00,2215,2020-09-21 00:00:00,2021-09-20 00:00:00,True,0,0.55,0.75,0.03,0.85,0.15,0.16,5.206754369553935,True,,2.031576635400938,4.278365639514782,-0.05164988440407936,2.7189347182353663,0.4166666666666667,1.0,0.0,0.2175147774588293,0.0,0.03,True,13.013971046581915
2021-10-26 00:00:00,2220,2020-09-28 00:00:00,2021-09-27 00:00:00,True,0,0.55,0.75,0.03,0.85,0.15,0.16,4.8951294247034225,True,,1.9013477351114811,4.0076153969522235,-0.05164988440407914,2.2788828496229625,0.4365079365079365,1.0,0.0,0.182310627969837,0.0,0.03,True,13.013971046581915
2021-11-02 00:00:00,2225,2020-10-05 00:00:00,2021-10-04 00:00:00,True,0,0.55,0.75,0.03,0.85,0.15,0.16,4.853461512549424,True,,1.8717923509591623,3.9783238594992323,-0.05164988440407936,2.119516932256907,0.4523809523809524,1.0,0.0,0.16956135458055258,0.0014285714285714234,0.03,True,13.013971046581915
2021-11-09 00:00:00,2230,2020-10-12 00:00:00,2021-10-11 00:00:00,True,0,0.55,0.75,0.03,0.85,0.15,0.16,4.534102920909674,True,,1.609584783507902,3.8879769776479693,-0.04426875884595216,1.9304359161003943,0.4523809523809524,1.0,0.0,0.15443487328803154,0.0014285714285714234,0.03,True,13.013971046581915
2021-11-16 00:00:00,2235,2020-10-19 00:00:00,2021-10-18 00:00:00,True,0,0.55,0.75,0.03,0.85,0.15,0.16,5.895231713986012,True,,1.99211325703701,5.041091586444758,-0.04431712909962637,1.6040780097279088,0.4523809523809524,0.0,0.0,0.1283262407782327,0.0014285714285714234,0.0,True,13.013971046581915
2021-11-23 00:00:00,2240,2020-10-26 00:00:00,2021-10-25 00:00:00,True,0,0.55,0.75,0.03,0.85,0.15,0.16,6.325608605236347,True,,2.1504618001637623,5.489360268818483,-0.04294525374555669,2.3114104819203574,0.4523809523809524,1.0,0.0,0.18491283855362858,0.0014285714285714234,0.03,True,13.013971046581915
2021-12-01 00:00:00,2245,2020-11-02 00:00:00,2021-11-01 00:00:00,True,0,0.55,0.75,0.03,0.85,0.15,0.16,7.24402236292344,True,,2.483638172526035,6.220907000474506,-0.04294525374555713,2.3114104819203574,0.4523809523809524,1.0,0.0,0.18491283855362858,0.0014285714285714234,0.03,True,13.013971046581915
2021-12-08 00:00:00,2250,2020-11-09 00:00:00,2021-11-08 00:00:00,True,0,0.55,0.75,0.03,0.85,0.15,0.16,6.6334211835307615,True,,2.2605240560558957,5.527105858808907,-0.04273653902046248,0.5919873517961127,0.4523809523809524,0.0,0.0,0.04735898814368902,0.0014285714285714234,0.0,True,13.013971046581915
2021-12-15 00:00:00,2255,2020-11-16 00:00:00,2021-11-15 00:00:00,True,0,0.55,0.75,0.03,0.85,0.15,0.16,6.42240495395184,True,,2.209667844459033,5.326905836331335,-0.04273653902046226,0.5919873517961127,0.4523809523809524,0.0,0.0,0.04735898814368902,0.0014285714285714234,0.0,True,13.013971046581915
2021-12-22 00:00:00,2260,2020-11-23 00:00:00,2021-11-22 00:00:00,True,0,0.55,0.75,0.03,0.85,0.15,0.16,6.33843869427656,True,,2.2011154182483743,5.232638544500557,-0.042736539020462594,0.5919873517961127,0.4523809523809524,0.0,0.0,0.04735898814368902,0.0014285714285714234,0.0,True,13.013971046581915
2021-12-30 00:00:00,2265,2020-12-01 00:00:00,2021-11-30 00:00:00,True,0,0.55,0.75,0.03,0.85,0.15,0.16,5.3895360694198216,True,,1.8405936147558952,4.497162517795234,-0.042736539020462594,0.5919873517961127,0.4523809523809524,0.0,0.0,0.04735898814368902,0.0014285714285714234,0.0,True,13.013971046581915
2022-01-06 00:00:00,2270,2020-12-08 00:00:00,2021-12-07 00:00:00,True,0,0.55,0.75,0.03,0.85,0.15,0.16,5.851804581850235,True,,1.967899334999178,4.936153016551733,-0.04273653902046215,0.7948574370219821,0.4523809523809524,0.0,0.0,0.06358859496175857,0.0014285714285714234,0.0,True,13.013971046581915
2022-01-13 00:00:00,2275,2020-12-15 00:00:00,2021-12-14 00:00:00,True,0,0.55,0.75,0.03,0.85,0.15,0.16,5.648670179508286,True,,1.8945917675662536,4.773869472915452,-0.04273653902046248,0.7948574370219821,0.4523809523809524,0.0,0.0,0.06358859496175857,0.0014285714285714234,0.0,True,13.013971046581915
2022-01-21 00:00:00,2280,2020-12-22 00:00:00,2021-12-21 00:00:00,True,0,0.55,0.75,0.03,0.85,0.15,0.16,5.971246180283906,True,,1.9741114960026622,5.077689813339467,-0.042736539020462594,0.7948574370219821,0.4523809523809524,0.0,0.0,0.06358859496175857,0.0014285714285714234,0.0,True,13.013971046581915
2022-01-28 00:00:00,2285,2020-12-30 00:00:00,2021-12-29 00:00:00,True,0,0.55,0.75,0.03,0.85,0.15,0.16,5.754664396878078,True,,1.9052104599149566,4.893088879191814,-0.04273653902046248,0.7948574370219821,0.4523809523809524,0.0,0.0,0.06358859496175857,0.0014285714285714234,0.0,True,13.013971046581915
2022-02-04 00:00:00,2290,2021-01-07 00:00:00,2022-01-05 00:00:00,True,0,0.55,0.75,0.03,0.85,0.15,0.16,4.810966009462639,True,,1.6174900976634394,4.09234582488911,-0.042736539020462705,0.9871522085439554,0.4523809523809524,0.0,0.0,0.07897217668351643,0.0014285714285714234,0.0,True,13.013971046581915
2022-02-11 00:00:00,2295,2021-01-14 00:00:00,2022-01-12 00:00:00,True,0,0.55,0.75,0.03,0.85,0.15,0.16,5.049206055841108,True,,1.683946144925557,4.305290109498833,-0.04273653902046293,0.9871522085439554,0.44047619047619047,0.0,0.0,0.07897217668351643,0.0,0.0,True,13.013971046581915
2022-02-18 00:00:00,2300,2021-01-22 00:00:00,2022-01-20 00:00:00,True,0,0.55,0.75,0.03,0.85,0.15,0.16,2.3200841786244983,True,,1.072424554392398,1.6816266271335554,-0.06776585688619718,1.220520968434302,0.44047619047619047,0.0,0.0,0.09764167747474416,0.0,0.0,True,13.013971046581915
2022-02-28 00:00:00,2305,2021-01-29 00:00:00,2022-01-27 00:00:00,True,0,0.55,0.75,0.03,0.85,0.15,0.16,2.6485128106408156,True,,1.3277286250686553,1.8040406758696603,-0.07882730444953123,1.5306044390445979,0.44047619047619047,0.0,0.0,0.12244835512356783,0.0,0.0,True,13.013971046581915
2022-03-07 00:00:00,2310,2021-02-05 00:00:00,2022-02-03 00:00:00,True,0,0.55,0.75,0.03,0.85,0.15,0.16,1.9558205125886665,True,,1.0217519494448293,1.3553648934815252,-0.07882730444953157,1.8777918955172863,0.44047619047619047,0.0,0.0,0.1502233516413829,0.0,0.0,True,13.013971046581915
2022-03-14 00:00:00,2315,2021-02-12 00:00:00,2022-02-10 00:00:00,True,0,0.55,0.75,0.03,0.85,0.15,0.16,1.5909589007166656,True,,0.843573981669122,1.122010338361158,-0.07882730444953179,1.8777918955172863,0.44047619047619047,0.0,0.0,0.1502233516413829,0.0,0.0,True,13.013971046581915
2022-03-21 00:00:00,2320,2021-02-22 00:00:00,2022-02-17 00:00:00,True,0,0.55,0.75,0.03,0.85,0.15,0.16,1.4874517988963398,True,,0.8351366529907124,1.050884583194305,-0.08484942782107285,2.3549065081227045,0.44047619047619047,0.0,0.0,0.18839252064981638,0.0,0.0,True,13.013971046581915
2022-03-28 00:00:00,2325,2021-03-01 00:00:00,2022-02-25 00:00:00,True,0,0.55,0.75,0.03,0.85,0.15,0.16,1.6508632071291718,True,,0.9978427924288629,1.1304785348300628,-0.09428472431346868,3.1420301645467656,0.42063492063492064,0.0,0.0,0.25136241316374125,0.0,0.0,True,13.013971046581915
2022-04-04 00:00:00,2330,2021-03-08 00:00:00,2022-03-04 00:00:00,True,0,0.55,0.75,0.03,0.85,0.15,0.16,1.4142984832189454,True,,0.8753393055351946,0.9475907177304541,-0.0942847243134689,2.738917456257654,0.4007936507936508,0.0,0.0,0.21911339650061235,0.0,0.0,True,13.013971046581915
2022-04-11 00:00:00,2335,2021-03-15 00:00:00,2022-03-11 00:00:00,True,0,0.55,0.75,0.03,0.85,0.15,0.16,0.935149339722346,True,,0.647730014122037,0.6626678715853516,-0.09800413653929241,3.0339371458496553,0.38095238095238093,0.0,0.0,0.24271497166797243,0.0,0.0,True,13.013971046581915
2022-04-19 00:00:00,2340,2021-03-22 00:00:00,2022-03-18 00:00:00,True,0,0.55,0.75,0.03,0.85,0.15,0.16,1.1967103406520112,True,,0.8024066619411881,0.8342695657186214,-0.09800413653929196,3.413899673300926,0.3611111111111111,0.0,0.0,0.2731119738640741,0.0,0.0,True,13.013971046581915
2022-04-26 00:00:00,2345,2021-03-29 00:00:00,2022-03-25 00:00:00,True,0,0.55,0.75,0.03,0.85,0.15,0.16,1.190726337419753,True,,0.8205073981958358,0.854663284851888,-0.09800413653929274,3.9188961082199176,0.3412698412698413,0.0,0.0,0.31351168865759343,0.0,0.0,True,13.013971046581915
2022-05-03 00:00:00,2350,2021-04-06 00:00:00,2022-04-01 00:00:00,True,0,0.55,0.75,0.03,0.85,0.15,0.16,0.3868589319402597,True,,0.4059342875147211,0.385291263600416,-0.09800413653929285,4.0913545806849285,0.32936507936507936,0.0,0.0,0.3273083664547943,0.0,0.0,True,13.013971046581915
2022-05-10 00:00:00,2355,2021-04-13 00:00:00,2022-04-08 00:00:00,True,0,0.55,0.75,0.03,0.85,0.15,0.16,-0.20749959363772003,True,,0.08988537091909617,0.035144770262326534,-0.11451864869047312,4.068759759583468,0.32936507936507936,0.0,0.0,0.32550078076667743,0.0,0.0,True,13.013971046581915
2022-05-17 00:00:00,2360,2021-04-20 00:00:00,2022-04-18 00:00:00,True,0,0.55,0.75,0.03,0.85,0.15,0.16,-0.278596064433157,True,,0.05697055399530187,0.004766401658782072,-0.11667582842208013,4.2422467469435565,0.32936507936507936,0.0,0.0,0.3393797397554845,0.0,0.0,True,13.013971046581915
2022-05-24 00:00:00,2365,2021-04-27 00:00:00,2022-04-25 00:00:00,True,0,0.55,0.75,0.03,0.85,0.15,0.16,-0.9467977349203552,True,,-0.3270286500573681,-0.27977474959206616,-0.14250936018403615,4.949366064866677,0.3373015873015873,0.0,0.0,0.39594928518933414,0.0,0.0,True,13.013971046581915
2022-06-01 00:00:00,2370,2021-05-04 00:00:00,2022-05-02 00:00:00,True,0,0.55,0.75,0.03,0.85,0.15,0.16,-0.8420715508821133,True,,-0.24291608762633704,-0.21453368062497186,-0.14949183211811534,5.344106484447485,0.3373015873015873,0.0,0.0,0.4275285187557988,0.0,0.0,True,13.013971046581915
2022-06-08 00:00:00,2375,2021-05-11 00:00:00,2022-05-09 00:00:00,True,0,0.55,0.75,0.03,0.85,0.15,0.16,-0.8632631347781954,True,,-0.2644787327604533,-0.21323171124850082,-0.15890293784616427,5.352487912736768,0.3373015873015873,0.0,0.0,0.42819903301894147,0.0,0.0,True,13.013971046581915
2022-06-15 00:00:00,2380,2021-05-18 00:00:00,2022-05-16 00:00:00,True,0,0.55,0.75,0.03,0.85,0.15,0.16,-1.0013348165308917,True,,-0.34532615724343846,-0.263402485973381,-0.15890293784616472,5.5660833813593555,0.32142857142857145,0.0,0.0,0.44528667050874843,0.0,0.0,True,13.013971046581915
2022-06-23 00:00:00,2385,2021-05-25 00:00:00,2022-05-23 00:00:00,True,0,0.55,0.75,0.03,0.85,0.15,0.16,-1.119822656139333,True,,-0.4215649539464601,-0.31129307287088975,-0.15890293784616394,5.615290548702013,0.30158730158730157,0.0,0.0,0.44922324389616103,0.0,0.0,True,13.013971046581915
2022-06-30 00:00:00,2390,2021-06-02 00:00:00,2022-05-31 00:00:00,True,0,0.55,0.75,0.03,0.85,0.15,0.16,-1.073552775087859,True,,-0.3802623692746386,-0.2867448596487117,-0.15890293784616416,5.798681476178137,0.28174603174603174,0.0,0.0,0.463894518094251,0.0,0.0,True,13.013971046581915
2022-07-08 00:00:00,2395,2021-06-09 00:00:00,2022-06-07 00:00:00,True,0,0.55,0.75,0.03,0.85,0.15,0.16,-1.444836999151474,True,,-0.624029788770968,-0.4431766608366847,-0.15890293784616416,5.828323521389479,0.2619047619047619,0.0,0.0,0.46626588171115835,0.0,0.0,True,13.013971046581915
2022-07-15 00:00:00,2400,2021-06-16 00:00:00,2022-06-14 00:00:00,True,0,0.55,0.75,0.03,0.85,0.15,0.16,-1.7197326117168426,True,,-0.8484373344720646,-0.5039049146668491,-0.18810416617512493,5.852141818891232,0.24206349206349206,0.0,0.0,0.4681713455112986,0.0,0.0,True,13.013971046581915
2022-07-22 00:00:00,2405,2021-06-23 00:00:00,2022-06-22 00:00:00,True,0,0.55,0.75,0.03,0.85,0.15,0.16,-1.5953296583958003,True,,-0.7615573126544768,-0.4521802717243448,-0.18810416617512493,5.900351604523095,0.2222222222222222,0.0,0.0,0.47202812836184765,0.0,0.0,True,13.013971046581915
2022-07-29 00:00:00,2410,2021-06-30 00:00:00,2022-06-29 00:00:00,True,0,0.55,0.75,0.03,0.85,0.15,0.16,-1.6480606883584787,True,,-0.7986165564345588,-0.4727598554023239,-0.18810416617512504,5.890453095025759,0.20634920634920634,0.0,0.0,0.47123624760206073,0.0,0.0,True,13.013971046581915
2022-08-05 00:00:00,2415,2021-07-08 00:00:00,2022-07-07 00:00:00,True,0,0.55,0.75,0.03,0.85,0.15,0.16,-1.8368079218691624,True,,-0.9342621575838406,-0.5400659226418388,-0.18810416617512482,5.881162827148135,0.20634920634920634,0.0,0.0,0.4704930261718508,0.0,0.0,True,13.013971046581915
2022-08-12 00:00:00,2420,2021-07-15 00:00:00,2022-07-14 00:00:00,True,0,0.55,0.75,0.03,0.85,0.15,0.16,-1.7454015262349127,True,,-0.8589329581326647,-0.5013028340276022,-0.18810416617512538,6.067828761002078,0.20634920634920634,0.0,0.0,0.48542630088016625,0.0,0.0,True,13.013971046581915
2022-08-19 00:00:00,2425,2021-07-22 00:00:00,2022-07-21 00:00:00,True,0,0.55,0.75,0.03,0.85,0.15,0.16,-1.8397448209743203,True,,-0.9041265866973462,-0.5179799815467208,-0.1881041661751246,6.515428112994967,0.20634920634920634,0.0,0.0,0.5212342490395974,0.0,0.0,True,13.013971046581915
2022-08-26 00:00:00,2430,2021-07-29 00:00:00,2022-07-28 00:00:00,True,0,0.55,0.75,0.03,0.85,0.15,0.16,-1.4617416512736394,True,,-0.6228695513372003,-0.37798292949148427,-0.1881041661751247,6.706071954290647,0.20634920634920634,0.0,0.0,0.5364857563432518,0.0,0.0,True,13.013971046581915
2022-09-02 00:00:00,2435,2021-08-05 00:00:00,2022-08-04 00:00:00,True,0,0.55,0.75,0.03,0.85,0.15,0.16,-1.5796911147264394,True,,-0.6824128300861615,-0.41245336346118,-0.18810416617512493,7.091444923391675,0.19444444444444445,0.0,0.0,0.567315593871334,0.0,0.0,True,13.013971046581915
2022-09-12 00:00:00,2440,2021-08-12 00:00:00,2022-08-11 00:00:00,True,0,0.55,0.75,0.03,0.85,0.15,0.16,-1.2718654733810908,True,,-0.46276755118162916,-0.2996979383072594,-0.1881041661751246,7.116744644420676,0.1746031746031746,0.0,0.0,0.5693395715536541,0.0,0.0,True,13.013971046581915
2022-09-19 00:00:00,2445,2021-08-19 00:00:00,2022-08-18 00:00:00,True,0,0.55,0.75,0.03,0.85,0.15,0.16,-1.6062579581006378,True,,-0.6940162966458582,-0.43246673525439233,-0.18810416617512493,7.078353415640819,0.15476190476190477,0.0,0.0,0.5662682732512656,0.0,0.0,True,13.013971046581915
2022-09-26 00:00:00,2450,2021-08-26 00:00:00,2022-08-25 00:00:00,True,0,0.55,0.75,0.03,0.85,0.15,0.16,-2.0136957868662972,True,,-0.9681571087623803,-0.5984200099898198,-0.1881041661751247,7.0850333764007605,0.14285714285714285,0.0,0.0,0.5668026701120609,0.0,0.0,True,13.013971046581915
2022-10-03 00:00:00,2455,2021-09-02 00:00:00,2022-09-01 00:00:00,True,0,0.55,0.75,0.03,0.85,0.15,0.16,-2.4030846289333114,True,,-1.218891137652243,-0.7374552510883863,-0.18810416617512504,7.4278661301294875,0.12301587301587301,0.0,0.0,0.594229290410359,0.0,0.0,True,13.013971046581915
2022-10-10 00:00:00,2460,2021-09-10 00:00:00,2022-09-09 00:00:00,True,0,0.55,0.75,0.03,0.85,0.15,0.16,-2.20059063820516,True,,-1.0463921363216278,-0.6759804776916118,-0.18810416617512438,7.667676496628034,0.11507936507936507,0.0,0.0,0.6134141197302427,0.0,0.0,True,13.013971046581915
2022-10-17 00:00:00,2465,2021-09-17 00:00:00,2022-09-16 00:00:00,True,0,0.55,0.75,0.03,0.85,0.15,0.16,-2.223230820566541,True,,-1.023689244612109,-0.6609079325314039,-0.18810416617512438,8.38519037411636,0.0992063492063492,0.0,0.0,0.6708152299293089,0.0,0.0,True,13.013971046581915
2022-10-24 00:00:00,2470,2021-09-24 00:00:00,2022-09-23 00:00:00,True,0,0.55,0.75,0.03,0.85,0.15,0.16,-2.837880795013227,True,,-1.4912888182993083,-0.7958855480356534,-0.21845525077148564,8.87354422856745,0.07936507936507936,0.0,0.0,0.7098835382853961,0.0,0.0,True,13.013971046581915
2022-10-31 00:00:00,2475,2021-10-01 00:00:00,2022-09-30 00:00:00,True,0,0.55,0.75,0.03,0.85,0.15,0.16,-2.1940795294071624,True,,-1.057265504763002,-0.5910664302788978,-0.21845525077148553,8.299511005263028,0.05952380952380952,0.0,0.0,0.6639608804210423,0.0,0.0,True,13.013971046581915
2022-11-07 00:00:00,2480,2021-10-08 00:00:00,2022-10-07 00:00:00,True,0,0.55,0.75,0.03,0.85,0.15,0.16,-2.59754713810142,True,,-1.3510085095589988,-0.7282221851517238,-0.2203149316913735,8.299511005263028,0.05555555555555555,0.0,0.0,0.6639608804210423,0.0,0.0,True,13.013971046581915
2022-11-14 00:00:00,2485,2021-10-15 00:00:00,2022-10-14 00:00:00,True,0,0.55,0.75,0.03,0.85,0.15,0.16,-2.753490843923586,True,,-1.4599409702077455,-0.7691781574103869,-0.22284502807109885,8.477591847344137,0.05555555555555555,0.0,0.0,0.6782073477875309,0.0,0.0,True,13.013971046581915
2022-11-21 00:00:00,2490,2021-10-22 00:00:00,2022-10-21 00:00:00,True,0,0.55,0.75,0.03,0.85,0.15,0.16,-2.823107873581014,True,,-1.5077450646633221,-0.7910701188180836,-0.22397187839563892,8.53133392329031,0.05555555555555555,0.0,0.0,0.6825067138632248,0.0,0.0,True,13.013971046581915
2022-11-29 00:00:00,2495,2021-10-29 00:00:00,2022-10-28 00:00:00,True,0,0.55,0.75,0.03,0.85,0.15,0.16,-2.915456786892971,True,,-1.5711321147341677,-0.8190579490295021,-0.22397187839563948,8.613478911690017,0.05555555555555555,0.0,0.0,0.6890783129352014,0.0,0.0,True,13.013971046581915
2022-12-06 00:00:00,2500,2021-11-05 00:00:00,2022-11-04 00:00:00,True,0,0.55,0.75,0.03,0.85,0.15,0.16,-3.1381423762774094,True,,-1.7381902314206157,-0.8927834044750016,-0.22397187839563937,8.571567765959905,0.05555555555555555,0.0,0.0,0.6857254212767925,0.0,0.0,True,13.013971046581915
2022-12-13 00:00:00,2505,2021-11-12 00:00:00,2022-11-11 00:00:00,True,0,0.55,0.75,0.03,0.85,0.15,0.16,-2.868671056060102,True,,-1.4879177047546779,-0.7957672789476665,-0.22397187839563937,9.30174410184113,0.05555555555555555,0.0,0.0,0.7441395281472905,0.0,0.0,True,13.013971046581915
2022-12-20 00:00:00,2510,2021-11-19 00:00:00,2022-11-18 00:00:00,True,0,0.55,0.75,0.03,0.85,0.15,0.16,-2.8425336170317395,True,,-1.457171799660858,-0.784282165299609,-0.22397187839563937,9.474201064139924,0.05555555555555555,0.0,0.0,0.7579360851311939,0.0,0.0,True,13.013971046581915
2022-12-28 00:00:00,2515,2021-11-29 00:00:00,2022-11-28 00:00:00,True,0,0.55,0.75,0.03,0.85,0.15,0.16,-2.451297556433844,True,,-1.1714843598985714,-0.651520674208373,-0.22397187839563948,9.482458214607178,0.05555555555555555,0.0,0.0,0.7585966571685743,0.0,0.0,True,13.013971046581915
2023-01-05 00:00:00,2520,2021-12-06 00:00:00,2022-12-05 00:00:00,True,0,0.55,0.75,0.03,0.85,0.15,0.16,-2.9699309038357415,True,,-1.5631238716860751,-0.8283492254900233,-0.22390212902850737,9.301595646970593,0.05952380952380952,0.0,0.0,0.7441276517576475,0.0,0.0,True,13.013971046581915
2023-01-12 00:00:00,2525,2021-12-13 00:00:00,2022-12-12 00:00:00,True,0,0.55,0.75,0.03,0.85,0.15,0.16,-2.7597143294452087,True,,-1.3956861837901835,-0.7546804002655534,-0.22390212902850704,9.503547818032285,0.05952380952380952,0.0,0.0,0.7602838254425828,0.0,0.0,True,13.013971046581915
2023-01-20 00:00:00,2530,2021-12-20 00:00:00,2022-12-19 00:00:00,True,0,0.55,0.75,0.03,0.85,0.15,0.16,-3.0706547482349977,True,,-1.609233200126951,-0.8553359876193223,-0.22390212902850737,9.714409475157359,0.05952380952380952,0.0,0.0,0.7771527580125888,0.0,0.0,True,13.013971046581915
2023-01-27 00:00:00,2535,2021-12-28 00:00:00,2022-12-27 00:00:00,True,0,0.55,0.75,0.03,0.85,0.15,0.16,-3.3692226859433947,True,,-1.823931217639428,-0.9601733878642225,-0.22269469393619046,9.714409475157359,0.05952380952380952,0.0,0.0,0.7771527580125888,0.0,0.0,True,13.013971046581915
2023-02-03 00:00:00,2540,2022-01-04 00:00:00,2023-01-04 00:00:00,True,0,0.55,0.75,0.03,0.85,0.15,0.16,-3.070374660973385,True,,-1.5831162897943492,-0.8876320164580588,-0.21411435724255468,9.714409475157359,0.05952380952380952,0.0,0.0,0.7771527580125888,0.0,0.0,True,13.013971046581915
2023-02-10 00:00:00,2545,2022-01-11 00:00:00,2023-01-11 00:00:00,True,0,0.55,0.75,0.03,0.85,0.15,0.16,-2.968200846277522,True,,-1.4763066987188576,-0.871739551591619,-0.20563773539555807,9.931281328567117,0.06349206349206349,0.0,0.0,0.7945025062853693,0.0,0.0,True,13.013971046581915
2023-02-17 00:00:00,2550,2022-01-19 00:00:00,2023-01-19 00:00:00,True,0,0.55,0.75,0.03,0.85,0.15,0.16,-2.4622717274773356,True,,-1.0961853952090748,-0.7417931075689733,-0.18616123362291637,9.658148077663524,0.05952380952380952,0.0,0.0,0.7726518462130819,0.0,0.0,True,13.013971046581915
2023-02-27 00:00:00,2555,2022-01-26 00:00:00,2023-01-26 00:00:00,True,0,0.55,0.75,0.03,0.85,0.15,0.16,-2.1749058518515274,True,,-0.902900001933935,-0.6241925046306378,-0.1861612336229158,9.658148077663526,0.07142857142857142,0.0,0.0,0.7726518462130821,0.0,0.0,True,13.013971046581915
2023-03-06 00:00:00,2560,2022-02-02 00:00:00,2023-02-02 00:00:00,True,0,0.55,0.75,0.03,0.85,0.15,0.16,-2.1384481843833987,True,,-0.9159089714837936,-0.6317966996526917,-0.18586110700915992,8.963773164718148,0.07142857142857142,0.0,0.0,0.7171018531774519,0.0,0.0,True,13.013971046581915
2023-03-13 00:00:00,2565,2022-02-09 00:00:00,2023-02-09 00:00:00,True,0,0.55,0.75,0.03,0.85,0.15,0.16,-2.137383987387233,True,,-0.886297088640575,-0.667481306961508,-0.1706533128912544,8.963773164718148,0.07142857142857142,0.0,0.0,0.7171018531774519,0.0,0.0,True,13.013971046581915
2023-03-20 00:00:00,2570,2022-02-16 00:00:00,2023-02-16 00:00:00,True,0,0.55,0.75,0.03,0.85,0.15,0.16,-2.2957983549613816,True,,-0.9738394721720738,-0.7560712870148201,-0.16327834569871325,8.963773164718148,0.07142857142857142,0.0,0.0,0.7171018531774519,0.0,0.0,True,13.013971046581915
2023-03-27 00:00:00,2575,2022-02-24 00:00:00,2023-02-24 00:00:00,True,0,0.55,0.75,0.03,0.85,0.15,0.16,-2.3738123477334874,True,,-1.0268852520019094,-0.7872815531926577,-0.16327834569871336,8.963773164718148,0.0873015873015873,0.0,0.0,0.7171018531774519,0.0,0.0,True,13.013971046581915
2023-04-03 00:00:00,2580,2022-03-03 00:00:00,2023-03-03 00:00:00,True,0,0.55,0.75,0.03,0.85,0.15,0.16,-2.4266696475222145,True,,-1.0394179486634354,-0.837687307101659,-0.15701250435054304,8.963773164718148,0.10714285714285714,0.0,0.0,0.7171018531774519,0.0,0.0,True,13.013971046581915
2023-04-11 00:00:00,2585,2022-03-10 00:00:00,2023-03-10 00:00:00,True,0,0.55,0.75,0.03,0.85,0.15,0.16,-2.2324726442683738,True,,-0.9213609156860572,-0.7591208292200805,-0.1570125043505426,8.797688315078151,0.12301587301587301,0.0,0.0,0.7038150652062521,0.0,0.0,True,13.013971046581915
2023-04-18 00:00:00,2590,2022-03-17 00:00:00,2023-03-17 00:00:00,True,0,0.55,0.75,0.03,0.85,0.15,0.16,-2.0454781821018493,True,,-0.8257325699363965,-0.6944187793255915,-0.1570125043505426,8.302632358812247,0.1388888888888889,0.0,0.0,0.6642105887049797,0.0,0.0,True,13.013971046581915
2023-04-25 00:00:00,2595,2022-03-24 00:00:00,2023-03-24 00:00:00,True,0,0.55,0.75,0.03,0.85,0.15,0.16,-1.962446477806371,True,,-0.8193861895519644,-0.6921170373953655,-0.15701250435054281,7.367083229226428,0.15873015873015872,0.0,0.0,0.5893666583381143,0.0,0.0,True,13.013971046581915
2023-05-02 00:00:00,2600,2022-03-31 00:00:00,2023-03-31 00:00:00,True,0,0.55,0.75,0.03,0.85,0.15,0.16,-1.619102560325973,True,,-0.6159133724944968,-0.5582703787042842,-0.15270823672818346,6.957161060850609,0.17857142857142858,0.0,0.0,0.5565728848680488,0.0,0.0,True,13.013971046581915
2023-05-09 00:00:00,2605,2022-04-07 00:00:00,2023-04-10 00:00:00,True,0,0.55,0.75,0.03,0.85,0.15,0.16,-1.5275528873590916,True,,-0.533575145036944,-0.5467560718176235,-0.13579403731050788,6.95716106085061,0.1984126984126984,0.0,0.0,0.5565728848680488,0.0,0.0,True,13.013971046581915
2023-05-16 00:00:00,2610,2022-04-14 00:00:00,2023-04-17 00:00:00,True,0,0.55,0.75,0.03,0.85,0.15,0.16,-1.1753641966242485,True,,-0.3293118527095445,-0.3618493238083188,-0.1357940373105081,6.95716106085061,0.1984126984126984,0.0,0.0,0.5565728848680488,0.0,0.0,True,13.013971046581915
2023-05-23 00:00:00,2615,2022-04-22 00:00:00,2023-04-24 00:00:00,True,0,0.55,0.75,0.03,0.85,0.15,0.16,-1.1426955453295964,True,,-0.3338732113945771,-0.3612072972675135,-0.1357940373105082,6.498206201512607,0.19047619047619047,0.0,0.0,0.5198564961210086,0.0,0.0,True,13.013971046581915
2023-05-31 00:00:00,2620,2022-04-29 00:00:00,2023-05-01 00:00:00,True,0,0.55,0.75,0.03,0.85,0.15,0.16,-0.760137458599548,True,,-0.11235386707538941,-0.15990886925393738,-0.13579403731050832,6.498206201512607,0.19047619047619047,0.0,0.0,0.5198564961210086,0.0,0.0,True,13.013971046581915
2023-06-07 00:00:00,2625,2022-05-06 00:00:00,2023-05-08 00:00:00,True,0,0.55,0.75,0.03,0.85,0.15,0.16,-0.5012096378188959,True,,0.03779094313366963,-0.022617717125997812,-0.13579403731050832,6.511330090647091,0.20634920634920634,0.0,0.0,0.5209064072517673,0.0,0.0,True,13.013971046581915
2023-06-14 00:00:00,2630,2022-05-13 00:00:00,2023-05-15 00:00:00,True,0,0.55,0.75,0.03,0.85,0.15,0.16,-0.5549974584327736,True,,0.014482097681568006,-0.044340406632036936,-0.13579403731050843,6.6750903851089,0.2261904761904762,0.0,0.0,0.534007230808712,0.0,0.0,True,13.013971046581915
2023-06-22 00:00:00,2635,2022-05-20 00:00:00,2023-05-22 00:00:00,True,0,0.55,0.75,0.03,0.85,0.15,0.16,-0.6835099440368138,True,,-0.05938923361284932,-0.11264184951906545,-0.1357940373105081,6.6750903851089,0.24603174603174602,0.0,0.0,0.534007230808712,0.0,0.0,True,13.013971046581915
2023-06-29 00:00:00,2640,2022-05-27 00:00:00,2023-05-30 00:00:00,True,0,0.55,0.75,0.03,0.85,0.15,0.16,-0.4404313940826683,True,,0.06475681848769749,0.001254080636235086,-0.1357940373105081,6.327393463491923,0.26587301587301587,0.0,0.0,0.5061914770793539,0.0,0.0,True,13.013971046581915
2023-07-07 00:00:00,2645,2022-06-06 00:00:00,2023-06-06 00:00:00,True,0,0.55,0.75,0.03,0.85,0.15,0.16,-0.2106665358473538,True,,0.19548957851500884,0.12504420339623903,-0.13579403731050843,6.327393463491923,0.27380952380952384,0.0,0.0,0.5061914770793539,0.0,0.0,True,13.013971046581915
2023-07-14 00:00:00,2650,2022-06-13 00:00:00,2023-06-13 00:00:00,True,0,0.55,0.75,0.03,0.85,0.15,0.16,0.8501145250224156,True,,0.7901748653032188,0.7063860135804456,-0.13579403731050876,6.314614389314496,0.27380952380952384,0.0,0.0,0.5051691511451597,0.0,0.0,True,13.013971046581915
2023-07-21 00:00:00,2655,2022-06-21 00:00:00,2023-06-21 00:00:00,True,0,0.55,0.75,0.03,0.85,0.15,0.16,0.40256402260160096,True,,0.5418183940186388,0.4573934746601523,-0.1357940373105081,6.314614389314496,0.27380952380952384,0.0,0.0,0.5051691511451597,0.0,0.0,True,13.013971046581915
2023-07-28 00:00:00,2660,2022-06-28 00:00:00,2023-06-28 00:00:00,True,0,0.55,0.75,0.03,0.85,0.15,0.16,0.589209752734378,True,,0.6448509991622908,0.5613778760067172,-0.13579403731050854,6.309294340416082,0.27380952380952384,0.0,0.0,0.5047435472332866,0.0,0.0,True,13.013971046581915
2023-08-04 00:00:00,2665,2022-07-06 00:00:00,2023-07-06 00:00:00,True,0,0.55,0.75,0.03,0.85,0.15,0.16,0.3523312245758321,True,,0.5119694667202385,0.4296746773792769,-0.13579403731050854,6.2922248005978485,0.27380952380952384,0.0,0.0,0.5033779840478279,0.0,0.0,True,13.013971046581915
2023-08-11 00:00:00,2670,2022-07-13 00:00:00,2023-07-13 00:00:00,True,0,0.55,0.75,0.03,0.85,0.15,0.16,0.782602859575444,True,,0.7343673264786804,0.6535916617140728,-0.13579403731050754,5.932972453431184,0.27380952380952384,0.0,0.0,0.4746377962744947,0.0,0.0,True,13.013971046581915
2023-08-18 00:00:00,2675,2022-07-20 00:00:00,2023-07-20 00:00:00,True,0,0.55,0.75,0.03,0.85,0.15,0.16,0.6805384647712007,True,,0.6379284636046771,0.5553835162878632,-0.135794037310508,5.021210148297086,0.27380952380952384,0.0,0.0,0.4016968118637669,0.0,0.0,True,13.013971046581915
2023-08-25 00:00:00,2680,2022-07-27 00:00:00,2023-07-27 00:00:00,True,0,0.55,0.75,0.03,0.85,0.15,0.16,0.5859099575962582,True,,0.5693661126467767,0.48414385467612314,-0.13579403731050843,4.634640484892713,0.27380952380952384,0.0,0.0,0.37077123879141705,0.0,0.0,True,13.013971046581915
2023-09-01 00:00:00,2685,2022-08-03 00:00:00,2023-08-03 00:00:00,True,0,0.55,0.75,0.03,0.85,0.15,0.16,0.18739918753085566,True,,0.3707905754777533,0.2902439023167697,-0.13797270868556577,4.444831372503918,0.38095238095238093,2.0,0.0,0.3555865098003135,0.0,0.06,True,13.013971046581915
2023-09-11 00:00:00,2690,2022-08-10 00:00:00,2023-08-10 00:00:00,True,0,0.55,0.75,0.03,0.85,0.15,0.16,0.006808143221309904,True,,0.2326963899361245,0.15675064351287063,-0.13745047481047745,4.391109519063888,0.28174603174603174,0.0,0.0,0.35128876152511107,0.0,0.0,True,13.013971046581915
2023-09-18 00:00:00,2695,2022-08-17 00:00:00,2023-08-17 00:00:00,True,0,0.55,0.75,0.03,0.85,0.15,0.16,-0.47154517684902875,True,,-0.03793654388161254,-0.10070894827163497,-0.1236831877295782,4.413018429376353,0.30158730158730157,0.0,0.0,0.35304147435010824,0.0,0.0,True,13.013971046581915
2023-09-25 00:00:00,2700,2022-08-24 00:00:00,2023-08-24 00:00:00,True,0,0.55,0.75,0.03,0.85,0.15,0.16,-0.05465104060049081,True,,0.17447070545663595,0.14564955312281452,-0.0965228116193807,4.32051735694223,0.32142857142857145,0.0,0.0,0.3456413885553784,0.0,0.0,True,13.013971046581915
2023-10-02 00:00:00,2705,2022-08-31 00:00:00,2023-08-31 00:00:00,True,0,0.55,0.75,0.03,0.85,0.15,0.16,1.0015121206550381,True,,0.6783230562049318,0.8023556341573511,-0.09652281161938048,3.9836930359471823,0.3333333333333333,0.0,0.0,0.3186954428757746,0.0,0.0,True,13.013971046581915
2023-10-09 00:00:00,2710,2022-09-08 00:00:00,2023-09-08 00:00:00,True,0,0.55,0.75,0.03,0.85,0.15,0.16,0.6611824203583697,True,,0.49818585976596824,0.5615104973742256,-0.09577046638467879,3.5776479663372385,0.3492063492063492,0.0,0.0,0.2862118373069791,0.0,0.0,True,13.013971046581915
2023-10-16 00:00:00,2715,2022-09-15 00:00:00,2023-09-15 00:00:00,True,0,0.55,0.75,0.03,0.85,0.15,0.16,1.8099362325956474,True,,0.8392905527484609,1.5631294005840715,-0.06079825492425728,3.123223007750887,0.35714285714285715,1.0,0.0,0.24985784062007096,0.0,0.03,True,13.013971046581915
2023-10-23 00:00:00,2720,2022-09-22 00:00:00,2023-09-22 00:00:00,True,0,0.55,0.75,0.03,0.85,0.15,0.16,1.7598903130369898,True,,0.824126886170487,1.5362531696853154,-0.06079825492425717,3.2904888610218683,0.36904761904761907,1.0,0.0,0.26323910888174945,0.0,0.03,True,13.013971046581915
2023-10-30 00:00:00,2725,2022-09-29 00:00:00,2023-09-29 00:00:00,True,0,0.55,0.75,0.03,0.85,0.15,0.16,1.6688123487295268,True,,0.8610410430069176,1.376263018255448,-0.07002630785496167,3.290488861021868,0.36904761904761907,1.0,0.0,0.26323910888174945,0.0,0.03,True,13.013971046581915
2023-11-06 00:00:00,2730,2022-10-06 00:00:00,2023-10-06 00:00:00,True,0,0.55,0.75,0.03,0.85,0.15,0.16,2.1946040945608174,True,,1.0807254571005416,1.7588971829275313,-0.07002630785496156,3.290488861021868,0.36904761904761907,1.0,0.0,0.26323910888174945,0.0,0.03,True,13.013971046581915
2023-11-13 00:00:00,2735,2022-10-13 00:00:00,2023-10-13 00:00:00,True,0,0.55,0.75,0.03,0.85,0.15,0.16,2.3720044885219913,True,,1.155736136344772,1.8869627554937747,-0.07002630785496144,3.2912731527225145,0.36904761904761907,1.0,0.0,0.26330185221780117,0.0,0.03,True,13.013971046581915
2023-11-20 00:00:00,2740,2022-10-20 00:00:00,2023-10-20 00:00:00,True,0,0.55,0.75,0.03,0.85,0.15,0.16,1.761624912306249,True,,0.9136315730508271,1.4266189893415286,-0.07165677253383684,3.2912731527225145,0.36904761904761907,1.0,0.0,0.26330185221780117,0.0,0.03,True,13.013971046581915
2023-11-28 00:00:00,2745,2022-10-27 00:00:00,2023-10-27 00:00:00,True,0,0.55,0.75,0.03,0.85,0.15,0.16,0.9538344311029878,True,,0.6328842162246122,0.7755103492595427,-0.08834863234077894,3.368225806615733,0.36904761904761907,1.0,0.0,0.26945806452925863,0.0,0.03,True,13.013971046581915
2023-12-05 00:00:00,2750,2022-11-03 00:00:00,2023-11-03 00:00:00,True,0,0.55,0.75,0.03,0.85,0.15,0.16,1.8843632391030274,True,,1.0592290648873655,1.3966645415785846,-0.08834863234077872,3.2774682380900697,0.36904761904761907,1.0,0.0,0.2621974590472056,0.0,0.03,True,13.013971046581915
2023-12-12 00:00:00,2755,2022-11-10 00:00:00,2023-11-10 00:00:00,True,0,0.55,0.75,0.03,0.85,0.15,0.16,1.8291686374764928,True,,0.9966210333419799,1.2997471592444771,-0.08688342720882603,2.215626540763359,0.38492063492063494,1.0,0.0,0.1772501232610687,0.0,0.03,True,13.013971046581915
2023-12-19 00:00:00,2760,2022-11-17 00:00:00,2023-11-17 00:00:00,True,0,0.55,0.75,0.03,0.85,0.15,0.16,2.0961425012752453,True,,1.1282756340271873,1.483648257976005,-0.08834863234077839,2.3631467391593253,0.4007936507936508,1.0,0.0,0.18905173913274603,0.0,0.03,True,13.013971046581915
2023-12-27 00:00:00,2765,2022-11-25 00:00:00,2023-11-27 00:00:00,True,0,0.55,0.75,0.03,0.85,0.15,0.16,2.1398204348655194,True,,1.135689220269332,1.4758601626208017,-0.08688342720882569,1.8319614437556808,0.4007936507936508,1.0,0.0,0.14655691550045447,0.0,0.03,True,13.013971046581915
2024-01-04 00:00:00,2770,2022-12-02 00:00:00,2023-12-04 00:00:00,True,0,0.55,0.75,0.03,0.85,0.15,0.16,2.0485693567038745,True,,1.1093376976598521,1.3947357181805955,-0.08688342720882514,1.8319614437556808,0.3968253968253968,1.0,0.0,0.14655691550045447,0.0,0.03,True,13.013971046581915
2024-01-11 00:00:00,2775,2022-12-09 00:00:00,2023-12-11 00:00:00,True,0,0.55,0.75,0.03,0.85,0.15,0.16,2.669913025863034,True,,1.4110568294019739,1.8115986317114516,-0.08834863234077828,2.0052838613512716,0.4126984126984127,1.0,0.0,0.16042270890810173,0.0,0.03,True,13.013971046581915
2024-01-19 00:00:00,2780,2022-12-16 00:00:00,2023-12-18 00:00:00,True,0,0.55,0.75,0.03,0.85,0.15,0.16,3.316769244586283,True,,1.72217186053507,2.231275116199143,-0.08834863234077828,2.0052838613512716,0.43253968253968256,1.0,0.0,0.16042270890810173,0.0,0.03,True,13.013971046581915
2024-01-26 00:00:00,2785,2022-12-23 00:00:00,2023-12-26 00:00:00,True,0,0.55,0.75,0.03,0.85,0.15,0.16,3.6711930166208937,True,,1.897462406230764,2.4647291592918834,-0.08834863234077872,2.0828018201850753,0.4523809523809524,1.0,0.0,0.16662414561480604,0.0014285714285714234,0.03,True,13.013971046581915
2024-02-02 00:00:00,2790,2023-01-03 00:00:00,2024-01-03 00:00:00,True,0,0.55,0.75,0.03,0.85,0.15,0.16,3.1454752129154344,True,,1.6675191877848672,2.1326723339983613,-0.08834863234077883,2.310606359184857,0.4722222222222222,1.0,0.0,0.18484850873478856,0.013333333333333319,0.03,True,13.013971046581915
2024-02-09 00:00:00,2795,2023-01-10 00:00:00,2024-01-10 00:00:00,True,0,0.55,0.75,0.03,0.85,0.15,0.16,3.236757178756153,True,,1.6794014996693123,2.1936724199002096,-0.08365413518965825,0.6900163056546842,0.5873015873015873,2.0,0.0,0.055201304452374735,0.08238095238095239,0.06,True,13.013971046581915
2024-02-16 00:00:00,2800,2023-01-18 00:00:00,2024-01-18 00:00:00,True,0,0.55,0.75,0.03,0.85,0.15,0.16,3.659699350209995,True,,1.8513609847223789,2.4621122196013543,-0.083215067735111,1.2966545321802514,0.49603174603174605,1.0,0.0,0.10373236257442012,0.02761904761904762,0.03,True,13.013971046581915
2024-02-26 00:00:00,2805,2023-01-25 00:00:00,2024-01-25 00:00:00,True,0,0.55,0.75,0.03,0.85,0.15,0.16,3.3474129744151058,True,,1.71085029932444,2.2495879724127157,-0.08359367618683922,1.3483700950176558,0.49206349206349204,1.0,0.0,0.10786960760141247,0.025238095238095216,0.03,True,13.013971046581915
2024-03-04 00:00:00,2810,2023-02-01 00:00:00,2024-02-01 00:00:00,True,0,0.55,0.75,0.03,0.85,0.15,0.16,2.845291945515657,True,,1.4949057865653954,1.935819337923766,-0.08376510146351679,1.4426521066451083,0.4880952380952381,2.0,0.0,0.11541216853160867,0.022857142857142843,0.06,True,13.013971046581915
2024-03-11 00:00:00,2815,2023-02-08 00:00:00,2024-02-08 00:00:00,True,0,0.55,0.75,0.03,0.85,0.15,0.16,3.6390415213457707,True,,1.874301070237538,2.4551867195843253,-0.08386946074180301,1.4568972712760562,0.4880952380952381,2.0,0.0,0.1165517817020845,0.022857142857142843,0.06,True,13.013971046581915
2024-03-18 00:00:00,2820,2023-02-15 00:00:00,2024-02-15 00:00:00,True,0,0.55,0.75,0.03,0.85,0.15,0.16,3.340545844567847,True,,1.7857030210607712,2.306733111774839,-0.08637720105597102,2.221081538195664,0.4880952380952381,3.0,0.0,0.1776865230556531,0.022857142857142843,0.09,True,13.013971046581915
2024-03-25 00:00:00,2825,2023-02-23 00:00:00,2024-02-23 00:00:00,True,0,0.55,0.75,0.03,0.85,0.15,0.16,4.317191141913212,True,,2.1997252427564424,2.8254433969824846,-0.08649184120618403,1.559919754174743,0.4801587301587302,0.0,0.0,0.12479358033397944,0.018095238095238098,0.0,True,13.013971046581915
2024-04-02 00:00:00,2830,2023-03-02 00:00:00,2024-03-01 00:00:00,True,0,0.55,0.75,0.03,0.85,0.15,0.16,4.114635316827607,True,,2.0849649462186424,2.715340935591679,-0.08346025138868085,1.3301487709237734,0.4603174603174603,1.0,0.0,0.10641190167390187,0.006190476190476168,0.03,True,13.013971046581915
2024-04-09 00:00:00,2835,2023-03-09 00:00:00,2024-03-08 00:00:00,True,0,0.55,0.75,0.03,0.85,0.15,0.16,5.258776701347756,True,,2.639947286820912,3.3859999647936645,-0.08649184120618392,1.1246319663510995,0.44047619047619047,0.0,0.0,0.08997055730808796,0.0,0.0,True,13.013971046581915
2024-04-16 00:00:00,2840,2023-03-16 00:00:00,2024-03-15 00:00:00,True,0,0.55,0.75,0.03,0.85,0.15,0.16,4.968030441769766,True,,2.516086789905461,3.177392761465491,-0.08649184120618258,1.1246319663510995,0.42857142857142855,0.0,0.0,0.08997055730808796,0.0,0.0,True,13.013971046581915
2024-04-23 00:00:00,2845,2023-03-23 00:00:00,2024-03-22 00:00:00,True,0,0.55,0.75,0.03,0.85,0.15,0.16,5.004156363497906,True,,2.512291691774926,3.181824100164989,-0.0835980038655092,0.6699326051126602,0.4087301587301587,0.0,0.0,0.05359460840901281,0.0,0.0,True,13.013971046581915
2024-04-30 00:00:00,2850,2023-03-30 00:00:00,2024-04-01 00:00:00,True,0,0.55,0.75,0.03,0.85,0.15,0.16,4.233809113704389,True,,2.2011728992218083,2.6549093175589165,-0.08666332779353936,1.1411404945569132,0.4007936507936508,0.0,0.0,0.09129123956455307,0.0,0.0,True,13.013971046581915
2024-05-07 00:00:00,2855,2023-04-06 00:00:00,2024-04-08 00:00:00,True,0,0.55,0.75,0.03,0.85,0.15,0.16,3.9678000865268603,True,,2.059726300089624,2.4985427796806636,-0.08659440445561972,1.1345054663411807,0.4007936507936508,0.0,0.0,0.09076043730729445,0.0,0.0,True,13.013971046581915
2024-05-14 00:00:00,2860,2023-04-14 00:00:00,2024-04-15 00:00:00,True,0,0.55,0.75,0.03,0.85,0.15,0.16,3.290775627085236,True,,1.721222113057535,2.0757868394136794,-0.0866353739150858,1.1384494687905273,0.4126984126984127,0.0,0.0,0.09107595750324218,0.0,0.0,True,13.013971046581915
2024-05-21 00:00:00,2865,2023-04-21 00:00:00,2024-04-22 00:00:00,True,0,0.55,0.75,0.03,0.85,0.15,0.16,3.4463885437966204,True,,1.812042254994527,2.2282037743001686,-0.08514246506678269,1.4777091329755225,0.43253968253968256,1.0,0.0,0.1182167306380418,0.0,0.03,True,13.013971046581915
2024-05-29 00:00:00,2870,2023-04-28 00:00:00,2024-04-29 00:00:00,True,0,0.55,0.75,0.03,0.85,0.15,0.16,3.188323039585755,True,,1.6824626870301365,2.018176774389786,-0.08672979478302789,1.3406561940954833,0.4523809523809524,0.0,0.0,0.10725249552763867,0.0014285714285714234,0.0,True,13.013971046581915
2024-06-05 00:00:00,2875,2023-05-05 00:00:00,2024-05-06 00:00:00,True,0,0.55,0.75,0.03,0.85,0.15,0.16,3.8820094462282886,True,,2.057266685107247,2.5278149604629827,-0.08561449829174772,1.6414841382358545,0.4603174603174603,2.0,0.0,0.13131873105886835,0.006190476190476168,0.06,True,13.013971046581915
2024-06-12 00:00:00,2880,2023-05-12 00:00:00,2024-05-13 00:00:00,True,0,0.55,0.75,0.03,0.85,0.15,0.16,4.311616708359572,True,,2.250622349678825,2.812437614595755,-0.0853160978576335,1.6119466624482137,0.44047619047619047,2.0,0.0,0.1289557329958571,0.0,0.06,True,13.013971046581915
2024-06-20 00:00:00,2885,2023-05-19 00:00:00,2024-05-20 00:00:00,True,0,0.55,0.75,0.03,0.85,0.15,0.16,4.075551212075693,True,,2.1546450225638583,2.6455587021702125,-0.08614765141279057,1.6942596528041962,0.42063492063492064,2.0,0.0,0.1355407722243357,0.0,0.06,True,13.013971046581915
2024-06-27 00:00:00,2890,2023-05-26 00:00:00,2024-05-28 00:00:00,True,0,0.55,0.75,0.03,0.85,0.15,0.16,3.7378527368211834,True,,2.0069493010925106,2.396617499829941,-0.08580289381920148,1.954882051691001,0.4007936507936508,1.0,0.0,0.15639056413528007,0.0,0.03,True,13.013971046581915
2024-07-05 00:00:00,2895,2023-06-05 00:00:00,2024-06-04 00:00:00,True,0,0.55,0.75,0.03,0.85,0.15,0.16,3.8830683549670875,True,,2.0703028016482397,2.519151160000238,-0.08547180369241314,1.7819421835167903,0.38492063492063494,2.0,0.0,0.14255537468134324,0.0,0.06,True,13.013971046581915
2024-07-12 00:00:00,2900,2023-06-12 00:00:00,2024-06-11 00:00:00,True,0,0.55,0.75,0.03,0.85,0.15,0.16,3.818591281530894,True,,2.041777938305258,2.473319448491303,-0.08538174552051503,1.7730276945925836,0.38492063492063494,2.0,0.0,0.1418422155674067,0.0,0.06,True,13.013971046581915
2024-07-19 00:00:00,2905,2023-06-20 00:00:00,2024-06-18 00:00:00,True,0,0.55,0.75,0.03,0.85,0.15,0.16,3.9683554726310937,True,,2.115350472288372,2.565854532207424,-0.08510852425224735,1.7459828177902226,0.38492063492063494,2.0,0.0,0.13967862542321782,0.0,0.06,True,13.013971046581915
2024-07-26 00:00:00,2910,2023-06-27 00:00:00,2024-06-26 00:00:00,True,0,0.55,0.75,0.03,0.85,0.15,0.16,3.8874406397622017,True,,2.083383638079906,2.503173840488972,-0.08495742047201993,1.7310258838610146,0.38492063492063494,2.0,0.0,0.13848207070888116,0.0,0.06,True,13.013971046581915
2024-08-02 00:00:00,2915,2023-07-05 00:00:00,2024-07-03 00:00:00,True,0,0.55,0.75,0.03,0.85,0.15,0.16,4.202840996294069,True,,2.241480653535512,2.7035614880828382,-0.08533712190183418,1.7686105963464283,0.38492063492063494,2.0,0.0,0.14148884770771428,0.0,0.06,True,13.013971046581915
2024-08-09 00:00:00,2920,2023-07-12 00:00:00,2024-07-11 00:00:00,True,0,0.55,0.75,0.03,0.85,0.15,0.16,3.940992381953578,True,,2.1192116810463935,2.5302586658374717,-0.08545549546679487,1.7803278970349041,0.38492063492063494,2.0,0.0,0.14242623176279234,0.0,0.06,True,13.013971046581915
2024-08-16 00:00:00,2925,2023-07-19 00:00:00,2024-07-18 00:00:00,True,0,0.55,0.75,0.03,0.85,0.15,0.16,3.5805178360941565,True,,1.9312785286025764,2.3148196496171622,-0.08547951153455391,1.7827051525268767,0.38492063492063494,2.0,0.0,0.14261641220215013,0.0,0.06,True,13.013971046581915
2024-08-23 00:00:00,2930,2023-07-26 00:00:00,2024-07-25 00:00:00,True,0,0.55,0.75,0.03,0.85,0.15,0.16,3.227518628419206,True,,1.7389186059598822,2.1138229963390294,-0.08545955448107756,1.780729682648751,0.3888888888888889,2.0,0.0,0.14245837461190008,0.0,0.06,True,13.013971046581915
2024-08-30 00:00:00,2935,2023-08-02 00:00:00,2024-08-01 00:00:00,True,0,0.55,0.75,0.03,0.85,0.15,0.16,2.7508053563319756,True,,1.3677484243179892,1.9565789067398704,-0.07298630716608379,1.9025774172238756,0.4087301587301587,1.0,0.0,0.15220619337791005,0.0,0.03,True,13.013971046581915
2024-09-09 00:00:00,2940,2023-08-09 00:00:00,2024-08-08 00:00:00,True,0,0.55,0.75,0.03,0.85,0.15,0.16,3.3177829710677247,True,,1.624448523345372,2.405180775778211,-0.07296706908003536,2.5101271612527087,0.4126984126984127,1.0,0.0,0.20081017290021672,0.0,0.03,True,13.013971046581915
2024-09-16 00:00:00,2945,2023-08-16 00:00:00,2024-08-15 00:00:00,True,0,0.55,0.75,0.03,0.85,0.15,0.16,4.357718561118167,True,,2.0929442365493713,3.17414557429144,-0.07334626310233094,3.05677668580445,0.39285714285714285,1.0,0.0,0.244542134864356,0.0,0.03,True,13.013971046581915
2024-09-23 00:00:00,2950,2023-08-23 00:00:00,2024-08-22 00:00:00,True,0,0.55,0.75,0.03,0.85,0.15,0.16,4.375110578242897,True,,2.117167072478086,3.1823140112763753,-0.07355626928649595,3.223846290703597,0.373015873015873,1.0,0.0,0.25790770325628776,0.0,0.03,True,13.013971046581915
2024-09-30 00:00:00,2955,2023-08-30 00:00:00,2024-08-29 00:00:00,True,0,0.55,0.75,0.03,0.85,0.15,0.16,3.436976302353752,True,,1.707841254607185,2.520499119089908,-0.07348901487544424,3.2158030940670033,0.3531746031746032,1.0,0.0,0.25726424752536026,0.0,0.03,True,13.013971046581915
2024-10-07 00:00:00,2960,2023-09-07 00:00:00,2024-09-06 00:00:00,True,0,0.55,0.75,0.03,0.85,0.15,0.16,3.812460495023035,True,,1.764884419972426,2.8220068137074765,-0.07023205796829934,2.625367198942158,0.3333333333333333,0.0,0.0,0.21002937591537266,0.0,0.0,True,13.013971046581915
2024-10-14 00:00:00,2965,2023-09-14 00:00:00,2024-09-13 00:00:00,True,0,0.55,0.75,0.03,0.85,0.15,0.16,4.414876294043966,True,,1.9951097457976277,3.378620679282023,-0.06567424522558418,3.1641249397409927,0.3134920634920635,1.0,0.0,0.2531299951792794,0.0,0.03,True,13.013971046581915
2024-10-21 00:00:00,2970,2023-09-21 00:00:00,2024-09-20 00:00:00,True,0,0.55,0.75,0.03,0.85,0.15,0.16,5.475504840604432,True,,2.4113013963679277,4.004377286447486,-0.06824559708582922,1.7412298115185474,0.29365079365079366,0.0,0.0,0.1392983849214838,0.0,0.0,True,13.013971046581915
2024-10-28 00:00:00,2975,2023-09-28 00:00:00,2024-09-27 00:00:00,True,0,0.55,0.75,0.03,0.85,0.15,0.16,5.558628126966293,True,,2.45004307130985,4.059854300722408,-0.06824559708582856,1.7412298115185474,0.29365079365079366,0.0,0.0,0.1392983849214838,0.0,0.0,True,13.013971046581915
2024-11-04 00:00:00,2980,2023-10-05 00:00:00,2024-10-04 00:00:00,True,0,0.55,0.75,0.03,0.85,0.15,0.16,5.617923584806003,True,,2.4792500708072467,4.097464873650301,-0.068245597085829,1.7412298115185474,0.29365079365079366,0.0,0.0,0.1392983849214838,0.0,0.0,True,13.013971046581915
2024-11-11 00:00:00,2985,2023-10-12 00:00:00,2024-10-11 00:00:00,True,0,0.55,0.75,0.03,0.85,0.15,0.16,5.713000355497294,True,,2.509937880781072,4.32725371819874,-0.06567424522558396,2.8592562480346224,0.29365079365079366,1.0,0.0,0.22874049984276978,0.0,0.03,True,13.013971046581915
2024-11-18 00:00:00,2990,2023-10-19 00:00:00,2024-10-18 00:00:00,True,0,0.55,0.75,0.03,0.85,0.15,0.16,6.431081146402014,True,,2.804313299947867,4.832123645377382,-0.0656742452255843,2.6116383730969748,0.29365079365079366,1.0,0.0,0.208931069847758,0.0,0.03,True,13.013971046581915
2024-11-25 00:00:00,2995,2023-10-26 00:00:00,2024-10-25 00:00:00,True,0,0.55,0.75,0.03,0.85,0.15,0.16,6.830515208708195,True,,2.9743207681833916,5.1189068879657,-0.0656742452255843,2.6116383730969748,0.29365079365079366,1.0,0.0,0.208931069847758,0.0,0.03,True,13.013971046581915
2024-12-03 00:00:00,3000,2023-11-02 00:00:00,2024-11-01 00:00:00,True,0,0.55,0.75,0.03,0.85,0.15,0.16,5.593822473224064,True,,2.4772024684097436,4.1636284543581175,-0.06567424522558407,2.3035344834021645,0.29365079365079366,1.0,0.0,0.18428275867217317,0.0,0.03,True,13.013971046581915
2024-12-10 00:00:00,3005,2023-11-09 00:00:00,2024-11-08 00:00:00,True,0,0.55,0.75,0.03,0.85,0.15,0.16,6.064503590200704,True,,2.6361991225819894,4.525195835101106,-0.0656742452255843,2.0231525057771265,0.2896825396825397,1.0,0.0,0.1618522004621701,0.0,0.03,True,13.013971046581915
2024-12-17 00:00:00,3010,2023-11-16 00:00:00,2024-11-15 00:00:00,True,0,0.55,0.75,0.03,0.85,0.15,0.16,5.316821795205572,True,,2.351580049405085,3.9459239706609686,-0.06567424522558418,2.0187178841036095,0.27380952380952384,1.0,0.0,0.16149743072828876,0.0,0.03,True,13.013971046581915
2024-12-24 00:00:00,3015,2023-11-24 00:00:00,2024-11-22 00:00:00,True,0,0.55,0.75,0.03,0.85,0.15,0.16,5.54978549183414,True,,2.433159158120298,4.142210231382873,-0.06567424522558452,2.089273142405709,0.2698412698412698,1.0,0.0,0.16714185139245671,0.0,0.03,True,13.013971046581915
2025-01-02 00:00:00,3020,2023-12-01 00:00:00,2024-12-02 00:00:00,True,0,0.55,0.75,0.03,0.85,0.15,0.16,5.512193621734679,True,,2.46924804061489,4.129755880128815,-0.06644572046045771,2.1357390372907954,0.44841269841269843,3.0,0.0,0.17085912298326364,0.0,0.09,True,13.013971046581915
2025-01-10 00:00:00,3025,2023-12-08 00:00:00,2024-12-09 00:00:00,True,0,0.55,0.75,0.03,0.85,0.15,0.16,5.421795121316175,True,,2.3820187215548354,4.042799347376701,-0.06531047914795907,1.680788476750277,0.44047619047619047,2.0,0.0,0.13446307814002217,0.0,0.06,True,13.013971046581915
2025-01-17 00:00:00,3030,2023-12-15 00:00:00,2024-12-16 00:00:00,True,0,0.55,0.75,0.03,0.85,0.15,0.16,4.004742385110087,True,,1.797372053905825,3.0412628764512024,-0.06546307874685608,1.695499624458756,0.25,3.0,0.0,0.13563996995670047,0.0,0.09,True,13.013971046581915
2025-01-27 00:00:00,3035,2023-12-22 00:00:00,2024-12-23 00:00:00,True,0,0.55,0.75,0.03,0.85,0.15,0.16,4.370072215335802,True,,1.9462135919160148,3.2771134775314197,-0.06567424522558452,2.0979019825668477,0.23015873015873015,1.0,0.0,0.1678321586053478,0.0,0.03,True,13.013971046581915
2025-02-03 00:00:00,3040,2024-01-02 00:00:00,2024-12-31 00:00:00,True,0,0.55,0.75,0.03,0.85,0.15,0.16,4.365114402677101,True,,1.923735113581268,3.3006639032138803,-0.06567424522558452,2.1143979184408925,0.21825396825396826,1.0,0.0,0.1691518334752714,0.0,0.03,True,13.013971046581915
2025-02-10 00:00:00,3045,2024-01-09 00:00:00,2025-01-08 00:00:00,True,0,0.55,0.75,0.03,0.85,0.15,0.16,3.6593225030280543,True,,1.6422338036740391,2.8046879275893235,-0.06546307874685597,1.708270533968051,0.21031746031746032,3.0,0.0,0.13666164271744408,0.0,0.09,True,13.013971046581915
2025-02-18 00:00:00,3050,2024-01-17 00:00:00,2025-01-16 00:00:00,True,0,0.55,0.75,0.03,0.85,0.15,0.16,4.437143339709158,True,,1.9334957986602925,3.413950314866689,-0.0654630787468563,1.7189088855560712,0.19047619047619047,3.0,0.0,0.1375127108444857,0.0,0.09,True,13.013971046581915
2025-02-25 00:00:00,3055,2024-01-24 00:00:00,2025-01-24 00:00:00,True,0,0.55,0.75,0.03,0.85,0.15,0.16,3.756270569329176,True,,1.7053803878479552,2.7896283267014237,-0.07023205796829979,1.8851559984989759,0.17063492063492064,1.0,0.0,0.15081247987991808,0.0,0.03,True,13.013971046581915
2025-03-04 00:00:00,3060,2024-01-31 00:00:00,2025-01-31 00:00:00,True,0,0.55,0.75,0.03,0.85,0.15,0.16,3.784689635497852,True,,1.6885435250272758,2.869088389925798,-0.06567424522558374,2.114057518375784,0.17063492063492064,1.0,0.0,0.16912460147006272,0.0,0.03,True,13.013971046581915
2025-03-11 00:00:00,3065,2024-02-07 00:00:00,2025-02-07 00:00:00,True,0,0.55,0.75,0.03,0.85,0.15,0.16,3.4537243860751174,True,,1.579529498718619,2.631487216573352,-0.06626059471593104,2.1374360737772857,0.36507936507936506,2.0,0.0,0.17099488590218287,0.0,0.06,True,13.013971046581915
2025-03-18 00:00:00,3070,2024-02-14 00:00:00,2025-02-14 00:00:00,True,0,0.55,0.75,0.03,0.85,0.15,0.16,3.6943778014707416,True,,1.6607211099861752,2.7886622283486497,-0.0656742452255843,2.090913639929421,0.1746031746031746,1.0,0.0,0.16727309119435368,0.0,0.03,True,13.013971046581915
2025-03-25 00:00:00,3075,2024-02-22 00:00:00,2025-02-24 00:00:00,True,0,0.55,0.75,0.03,0.85,0.15,0.16,2.905126123475806,True,,1.3501699669751546,2.19098977756408,-0.0656742452255843,2.0979458193826552,0.19444444444444445,1.0,0.0,0.1678356655506124,0.0,0.03,True,13.013971046581915
2025-04-01 00:00:00,3080,2024-02-29 00:00:00,2025-03-03 00:00:00,True,0,0.55,0.75,0.03,0.85,0.15,0.16,2.2841651779924153,True,,1.0767973654439364,1.757747697366347,-0.06567424522558463,2.1103793168074914,0.20634920634920634,1.0,0.0,0.16883034534459931,0.0,0.03,True,13.013971046581915
2025-04-08 00:00:00,3085,2024-03-07 00:00:00,2025-03-10 00:00:00,True,0,0.55,0.75,0.03,0.85,0.15,0.16,1.2901159799274378,True,,0.7119871169496015,1.009433109094728,-0.07486324536692746,2.4927203037243277,0.20634920634920634,1.0,0.0,0.1994176242979462,0.0,0.03,True,13.013971046581915
2025-04-15 00:00:00,3090,2024-03-14 00:00:00,2025-03-17 00:00:00,True,0,0.55,0.75,0.03,0.85,0.15,0.16,1.4111298925414055,True,,0.8013270948310548,1.100705172313629,-0.07847738548221628,3.009516751756904,0.20634920634920634,1.0,0.0,0.2407613401405523,0.0,0.03,True,13.013971046581915
2025-04-23 00:00:00,3095,2024-03-21 00:00:00,2025-03-24 00:00:00,True,0,0.55,0.75,0.03,0.85,0.15,0.16,0.9939964281991054,True,,0.6169160917022342,0.8177200782783077,-0.07847738548221606,3.0886965765721857,0.20634920634920634,1.0,0.0,0.24709572612577485,0.0,0.03,True,13.013971046581915
2025-04-30 00:00:00,3100,2024-03-28 00:00:00,2025-03-31 00:00:00,True,0,0.55,0.75,0.03,0.85,0.15,0.16,1.0371714971460406,True,,0.6512238937308578,0.853699119964572,-0.07847738548221628,2.962646156955935,0.38492063492063494,2.0,0.0,0.23701169255647478,0.0,0.06,True,13.013971046581915
2025-05-07 00:00:00,3105,2024-04-05 00:00:00,2025-04-07 00:00:00,True,0,0.55,0.75,0.03,0.85,0.15,0.16,0.675684612419684,True,,0.5288637979888128,0.5762694108176918,-0.09300527304107775,3.177433927791026,0.36507936507936506,2.0,0.0,0.2541947142232821,0.0,0.06,True,13.013971046581915
2025-05-14 00:00:00,3110,2024-04-12 00:00:00,2025-04-14 00:00:00,True,0,0.55,0.75,0.03,0.85,0.15,0.16,1.0374069471548244,True,,0.7035204692108352,0.8011384072225418,-0.09300527304107875,3.462803097925554,0.1626984126984127,1.0,0.0,0.27702424783404433,0.0,0.03,True,13.013971046581915
2025-05-21 00:00:00,3115,2024-04-19 00:00:00,2025-04-22 00:00:00,True,0,0.55,0.75,0.03,0.85,0.15,0.16,1.3300493807799814,True,,0.8558301606752651,0.9844451976722473,-0.09339430921354241,3.1667117254135215,0.14285714285714285,2.0,0.0,0.2533369380330817,0.0,0.06,True,13.013971046581915
2025-05-29 00:00:00,3120,2024-04-26 00:00:00,2025-04-29 00:00:00,True,0,0.55,0.75,0.03,0.85,0.15,0.16,1.225389214044422,True,,0.806903448598572,0.9110219063436786,-0.09339430921354253,3.5041469953636595,0.12301587301587301,1.0,0.0,0.2803317596290928,0.0,0.03,True,13.013971046581915
2025-06-05 00:00:00,3125,2024-05-03 00:00:00,2025-05-06 00:00:00,True,0,0.55,0.75,0.03,0.85,0.15,0.16,1.0506661922332778,True,,0.7230553495969869,0.7924638395784024,-0.09339430921354241,3.4545028628303864,0.10317460317460317,1.0,0.0,0.2763602290264309,0.0,0.03,True,13.013971046581915
2025-06-12 00:00:00,3130,2024-05-10 00:00:00,2025-05-13 00:00:00,True,0,0.55,0.75,0.03,0.85,0.15,0.16,1.1885990233544936,True,,0.808687741577296,0.904277788287311,-0.0933943092135423,3.918886860658139,0.0992063492063492,1.0,0.0,0.31351094885265113,0.0,0.03,True,13.013971046581915
2025-06-20 00:00:00,3135,2024-05-17 00:00:00,2025-05-20 00:00:00,True,0,0.55,0.75,0.03,0.85,0.15,0.16,0.6844602398176151,True,,0.5642544052506108,0.608042192207898,-0.09339430921354142,4.202848989991427,0.0992063492063492,1.0,0.0,0.33622791919931416,0.0,0.03,True,13.013971046581915
2025-06-27 00:00:00,3140,2024-05-24 00:00:00,2025-05-28 00:00:00,True,0,0.55,0.75,0.03,0.85,0.15,0.16,0.854693715991623,True,,0.6499211058997995,0.7214946708580918,-0.09339430921354264,4.280289082433123,0.0992063492063492,1.0,0.0,0.34242312659464985,0.0,0.03,True,13.013971046581915
2025-07-07 00:00:00,3145,2024-06-03 00:00:00,2025-06-04 00:00:00,True,0,0.55,0.75,0.03,0.85,0.15,0.16,1.0663516545692482,True,,0.7611058456040045,0.8681350283040269,-0.09339430921354264,4.490777670974725,0.0992063492063492,1.0,0.0,0.359262213677978,0.0,0.03,True,13.013971046581915
2025-07-14 00:00:00,3150,2024-06-10 00:00:00,2025-06-11 00:00:00,True,0,0.55,0.75,0.03,0.85,0.15,0.16,0.7792815383104448,True,,0.6187214593438365,0.6884989315554086,-0.09339430921354253,4.502988328471482,0.0992063492063492,1.0,0.0,0.36023906627771857,0.0,0.03,True,13.013971046581915
2025-07-21 00:00:00,3155,2024-06-17 00:00:00,2025-06-18 00:00:00,True,0,0.55,0.75,0.03,0.85,0.15,0.16,0.5576007997311871,True,,0.5074734688867364,0.550640286954866,-0.09339430921354241,4.504811233993026,0.0992063492063492,1.0,0.0,0.36038489871944207,0.0,0.03,True,13.013971046581915
2025-07-28 00:00:00,3160,2024-06-25 00:00:00,2025-06-26 00:00:00,True,0,0.55,0.75,0.03,0.85,0.15,0.16,1.0514523569032341,True,,0.7511218437259698,0.8630942248240907,-0.09339430921354264,4.501810833525107,0.0992063492063492,1.0,0.0,0.3601448666820085,0.0,0.03,True,13.013971046581915
2025-08-04 00:00:00,3165,2024-07-02 00:00:00,2025-07-03 00:00:00,True,0,0.55,0.75,0.03,0.85,0.15,0.16,0.9123529850022898,True,,0.6824148343143708,0.7755316093758997,-0.09339430921354308,4.5060892101600105,0.0992063492063492,1.0,0.0,0.36048713681280087,0.0,0.03,True,13.013971046581915
2025-08-11 00:00:00,3170,2024-07-10 00:00:00,2025-07-11 00:00:00,True,0,0.55,0.75,0.03,0.85,0.15,0.16,0.7877718362513051,True,,0.621666647854979,0.6956221963298586,-0.09339430921354264,4.504907108344509,0.10714285714285714,1.0,0.0,0.3603925686675607,0.0,0.03,True,13.013971046581915
2025-08-18 00:00:00,3175,2024-07-17 00:00:00,2025-07-18 00:00:00,True,0,0.55,0.75,0.03,0.85,0.15,0.16,1.082260989593877,True,,0.7747831160373864,0.8828794374153462,-0.09339430921354186,4.610320954697327,0.12698412698412698,1.0,0.0,0.36882567637578617,0.0,0.03,True,13.013971046581915
2025-08-25 00:00:00,3180,2024-07-24 00:00:00,2025-07-25 00:00:00,True,0,0.55,0.75,0.03,0.85,0.15,0.16,1.7020067071052656,True,,1.0887598781911958,1.261882152592075,-0.09339430921354208,4.57823616449488,0.12698412698412698,1.0,0.0,0.3662588931595904,0.0,0.03,True,13.013971046581915
2025-09-02 00:00:00,3185,2024-07-31 00:00:00,2025-08-01 00:00:00,True,0,0.55,0.75,0.03,0.85,0.15,0.16,1.3466129610753401,True,,0.9145234344185791,1.0388935181282595,-0.0933943092135423,4.612816098073083,0.1111111111111111,1.0,0.0,0.3690252878458466,0.0,0.03,True,13.013971046581915
2025-09-09 00:00:00,3190,2024-08-07 00:00:00,2025-08-08 00:00:00,True,0,0.55,0.75,0.03,0.85,0.15,0.16,2.224209953392851,True,,1.356991044995479,1.5233124607121018,-0.09339430921354186,4.01788825215387,0.0992063492063492,1.0,0.0,0.32143106017230966,0.0,0.03,True,13.013971046581915
2025-09-16 00:00:00,3195,2024-08-14 00:00:00,2025-08-15 00:00:00,True,0,0.55,0.75,0.03,0.85,0.15,0.16,1.8061645387825438,True,,1.0982242856612643,1.1926785973615617,-0.09339430921354241,3.077532809599626,0.0992063492063492,0.0,0.0,0.24620262476797009,0.0,0.0,True,13.013971046581915
2025-09-23 00:00:00,3200,2024-08-21 00:00:00,2025-08-22 00:00:00,True,0,0.55,0.75,0.03,0.85,0.15,0.16,1.8468268509934762,True,,1.1161666991769743,1.2210784707305897,-0.09339430921354264,3.077532809599626,0.10317460317460317,0.0,0.0,0.24620262476797009,0.0,0.0,True,13.013971046581915
2025-09-30 00:00:00,3205,2024-08-28 00:00:00,2025-08-29 00:00:00,True,0,0.55,0.75,0.03,0.85,0.15,0.16,1.7509861848268833,True,,1.0685219857194495,1.1620959940963256,-0.09370720939752053,3.0901574521203354,0.1111111111111111,0.0,0.0,0.24721259616962685,0.0,0.0,True,13.013971046581915
2025-10-07 00:00:00,3210,2024-09-05 00:00:00,2025-09-08 00:00:00,True,0,0.55,0.75,0.03,0.85,0.15,0.16,2.532958435256322,True,,1.4820772905756456,1.6203946651415997,-0.09315630922162743,3.067932342907546,0.1111111111111111,0.0,0.0,0.24543458743260366,0.0,0.0,True,13.013971046581915
2025-10-14 00:00:00,3215,2024-09-12 00:00:00,2025-09-15 00:00:00,True,0,0.55,0.75,0.03,0.85,0.15,0.16,2.032892624043953,True,,1.2333483426818257,1.3093806205100926,-0.09393877830467845,3.099502688074338,0.1111111111111111,0.0,0.0,0.24796021504594706,0.0,0.0,True,13.013971046581915
2025-10-21 00:00:00,3220,2024-09-19 00:00:00,2025-09-22 00:00:00,True,0,0.55,0.75,0.03,0.85,0.15,0.16,1.9121168872286833,True,,1.1725416590628062,1.2317931228132262,-0.09328791593061003,3.0732408760587937,0.1111111111111111,0.0,0.0,0.2458592700847035,0.0,0.0,True,13.013971046581915
2025-10-28 00:00:00,3225,2024-09-26 00:00:00,2025-09-29 00:00:00,True,0,0.55,0.75,0.03,0.85,0.15,0.16,2.0340556655565734,True,,1.2476719757990693,1.3413708099367252,-0.09262403349403636,3.2089119773984516,0.1111111111111111,1.0,0.0,0.2567129581918761,0.0,0.03,True,13.013971046581915
2025-11-04 00:00:00,3230,2024-10-03 00:00:00,2025-10-06 00:00:00,True,0,0.55,0.75,0.03,0.85,0.15,0.16,2.1540052093278423,True,,1.3107010785325648,1.4123673233109544,-0.09258582584591502,3.207371598168576,0.1111111111111111,1.0,0.0,0.2565897278534861,0.0,0.03,True,13.013971046581915
2025-11-11 00:00:00,3235,2024-10-10 00:00:00,2025-10-13 00:00:00,True,0,0.55,0.75,0.03,0.85,0.15,0.16,1.745789539808345,True,,1.0743015254620596,1.1453595872232738,-0.092959521025894,3.0599956929041707,0.1111111111111111,0.0,0.0,0.24479965543233367,0.0,0.0,True,13.013971046581915
2025-11-18 00:00:00,3240,2024-10-17 00:00:00,2025-10-20 00:00:00,True,0,0.55,0.75,0.03,0.85,0.15,0.16,1.668546730661907,True,,1.0349212497890405,1.0996052250431652,-0.09334971296522754,3.07573373952082,0.12698412698412698,0.0,0.0,0.24605869916166562,0.0,0.0,True,13.013971046581915
2025-11-25 00:00:00,3245,2024-10-24 00:00:00,2025-10-27 00:00:00,True,0,0.55,0.75,0.03,0.85,0.15,0.16,2.3041396441619946,True,,1.3805024790157945,1.5568671836421686,-0.09294405159325236,3.2732072720941847,0.3492063492063492,2.0,0.0,0.2618565817675348,0.0,0.06,True,13.013971046581915
2025-12-03 00:00:00,3250,2024-10-31 00:00:00,2025-11-03 00:00:00,True,0,0.55,0.75,0.03,0.85,0.15,0.16,2.3438095155333483,True,,1.3865037626176049,1.559783328423968,-0.09258440910754173,3.2565113727928896,0.16666666666666666,1.0,0.0,0.2605209098234312,0.0,0.03,True,13.013971046581915
2025-12-10 00:00:00,3255,2024-11-07 00:00:00,2025-11-10 00:00:00,True,0,0.55,0.75,0.03,0.85,0.15,0.16,1.6835168840052268,True,,1.0735203591330353,1.151697223697289,-0.09272513472125365,3.5170156760704976,0.17857142857142858,1.0,0.0,0.28136125408563983,0.0,0.03,True,13.013971046581915
2025-12-17 00:00:00,3260,2024-11-14 00:00:00,2025-11-17 00:00:00,True,0,0.55,0.75,0.03,0.85,0.15,0.16,1.515682039400716,True,,0.9861675211227119,1.0643847071715944,-0.0929713042216771,3.274915593240893,0.36507936507936506,2.0,0.0,0.26199324745927144,0.0,0.06,True,13.013971046581915
2025-12-24 00:00:00,3265,2024-11-21 00:00:00,2025-11-24 00:00:00,True,0,0.55,0.75,0.03,0.85,0.15,0.16,1.707659577701248,True,,1.0566115761426744,1.176778698978984,-0.09255529405999319,3.2546869703076684,0.21825396825396826,1.0,0.0,0.2603749576246135,0.0,0.03,True,13.013971046581915
2026-01-02 00:00:00,3270,2024-11-29 00:00:00,2025-12-02 00:00:00,True,0,0.55,0.75,0.03,0.85,0.15,0.16,1.497287877059178,True,,0.9650652609725119,1.0586836894085832,-0.09263475264256127,3.559054193002507,0.23809523809523808,1.0,0.0,0.2847243354402006,0.0,0.03,True,13.013971046581915
2026-01-09 00:00:00,3275,2024-12-06 00:00:00,2025-12-09 00:00:00,True,0,0.55,0.75,0.03,0.85,0.15,0.16,1.5885878565112106,True,,0.9939111575649211,1.0644743818567641,-0.09378448810034556,3.211285081739023,0.25,0.0,0.0,0.25690280653912184,0.0,0.0,True,13.013971046581915
2026-01-16 00:00:00,3280,2024-12-13 00:00:00,2025-12-16 00:00:00,True,0,0.55,0.75,0.03,0.85,0.15,0.16,1.263251607399376,True,,0.8237983288843188,0.8704941380515722,-0.09379230542123429,3.2117753990775073,0.2698412698412698,0.0,0.0,0.2569420319262006,0.0,0.0,True,13.013971046581915
2026-01-26 00:00:00,3285,2024-12-20 00:00:00,2025-12-23 00:00:00,True,0,0.55,0.75,0.03,0.85,0.15,0.16,1.9789715112893558,True,,1.2255052137505134,1.3447036909461854,-0.09303180494852248,3.2787081902263213,0.44047619047619047,2.0,0.0,0.2622966552181057,0.0,0.06,True,13.013971046581915
2026-02-02 00:00:00,3290,2024-12-30 00:00:00,2025-12-31 00:00:00,True,0,0.55,0.75,0.03,0.85,0.15,0.16,2.27452771061693,True,,1.3414882140626632,1.517633512167948,-0.09087237235740353,3.138341414751147,0.30952380952380953,1.0,0.0,0.25106731318009173,0.0,0.03,True,13.013971046581915
2026-02-09 00:00:00,3295,2025-01-07 00:00:00,2026-01-08 00:00:00,True,0,0.55,0.75,0.03,0.85,0.15,0.16,2.384350424439872,True,,1.419253392459729,1.5386610058230197,-0.09017666862209917,2.947897158478414,0.4444444444444444,1.0,0.0,0.23583177267827313,0.0,0.03,True,13.013971046581915
2026-02-17 00:00:00,3300,2025-01-15 00:00:00,2026-01-15 00:00:00,True,0,0.55,0.75,0.03,0.85,0.15,0.16,1.8047303048551036,True,,1.118709294378258,1.1618222426191067,-0.09253701122689151,3.042959795230497,0.29365079365079366,0.0,0.0,0.2434367836184398,0.0,0.0,True,13.013971046581915
2026-02-24 00:00:00,3305,2025-01-23 00:00:00,2026-01-23 00:00:00,True,0,0.55,0.75,0.03,0.85,0.15,0.16,1.8054715277658642,True,,1.1266221382453385,1.2110285930356304,-0.09247520346272864,3.2496685613497354,0.29365079365079366,1.0,0.0,0.25997348490797884,0.0,0.03,True,13.013971046581915
2026-03-03 00:00:00,3310,2025-01-30 00:00:00,2026-01-30 00:00:00,True,0,0.55,0.75,0.03,0.85,0.15,0.16,1.819313732226006,True,,1.1383725777025966,1.2139477978513824,-0.0925238000870352,3.2527135469712016,0.29365079365079366,1.0,0.0,0.26021708375769614,0.0,0.03,True,13.013971046581915
2026-03-10 00:00:00,3315,2025-02-06 00:00:00,2026-02-06 00:00:00,True,0,0.55,0.75,0.03,0.85,0.15,0.16,1.9036249035267183,True,,1.1750741832972365,1.2740236169919825,-0.09261378507094864,3.258352167051305,0.29365079365079366,1.0,0.0,0.2606681733641044,0.0,0.03,True,13.013971046581915
2026-03-17 00:00:00,3320,2025-02-13 00:00:00,2026-02-13 00:00:00,True,0,0.55,0.75,0.03,0.85,0.15,0.16,1.5069479475614616,True,,0.970504079448167,1.0345878438779745,-0.09272513472125377,3.265330087363564,0.29365079365079366,1.0,0.0,0.2612264069890851,0.0,0.03,True,13.013971046581915
2026-03-24 00:00:00,3325,2025-02-21 00:00:00,2026-02-23 00:00:00,True,0,0.55,0.75,0.03,0.85,0.15,0.16,2.3313157176869637,True,,1.231357374921945,1.7425465817454793,-0.07099608474744801,3.300986532892063,0.2896825396825397,1.0,0.0,0.264078922631365,0.0,0.03,True,13.013971046581915
2026-03-31 00:00:00,3330,2025-02-28 00:00:00,2026-03-02 00:00:00,True,0,0.55,0.75,0.03,0.85,0.15,0.16,3.2364556164421647,True,,1.4075022926413479,2.5473232517431676,-0.0519024056106846,2.6113159699214625,0.29365079365079366,0.0,0.0,0.20890527759371702,0.0,0.0,True,13.013971046581915
2026-04-08 00:00:00,3335,2025-03-07 00:00:00,2026-03-09 00:00:00,True,0,0.55,0.75,0.03,0.85,0.15,0.16,4.373288896228727,True,,1.6464963281350262,3.6696223071092726,-0.04162087848888185,2.6113159699214625,0.29365079365079366,0.0,0.0,0.20890527759371702,0.0,0.0,True,13.013971046581915
2026-04-15 00:00:00,3340,2025-03-14 00:00:00,2026-03-16 00:00:00,True,0,0.55,0.75,0.03,0.85,0.15,0.16,3.6536641066492836,True,,1.3846740948306686,3.0857980595616117,-0.041620878488882074,2.4956054478834293,0.29365079365079366,0.0,0.0,0.19964843583067435,0.0,0.0,True,13.013971046581915
2026-04-22 00:00:00,3345,2025-03-21 00:00:00,2026-03-23 00:00:00,True,0,0.55,0.75,0.03,0.85,0.15,0.16,2.7981902146381934,True,,1.2656860552293148,2.202353051607111,-0.053664261324886664,2.867228523460132,0.2976190476190476,0.0,0.0,0.22937828187681056,0.0,0.0,True,13.013971046581915
2026-04-29 00:00:00,3350,2025-03-28 00:00:00,2026-03-30 00:00:00,True,0,0.55,0.75,0.03,0.85,0.15,0.16,2.2995075040766264,True,,1.1937717218757293,1.7009329952065688,-0.06693894988916127,3.1876326745544734,0.2976190476190476,0.0,0.0,0.25501061396435787,0.0,0.0,True,13.013971046581915
2026-05-06 00:00:00,3355,2025-04-04 00:00:00,2026-04-07 00:00:00,True,0,0.55,0.75,0.03,0.85,0.15,0.16,3.380024906201279,True,,1.6806501874584074,2.4600609225909333,-0.06693894988916149,3.3584252416234444,0.2976190476190476,0.0,0.0,0.26867401932987556,0.0,0.0,True,13.013971046581915
2026-05-13 00:00:00,3360,2025-04-11 00:00:00,2026-04-14 00:00:00,True,0,0.55,0.75,0.03,0.85,0.15,0.16,3.7870759614595944,True,,1.8824304650715122,2.749465243408778,-0.0669389498891616,3.6865837292367614,0.2976190476190476,0.0,0.0,0.2949266983389409,0.0,0.0,True,13.013971046581915
2026-05-20 00:00:00,3365,2025-04-21 00:00:00,2026-04-21 00:00:00,True,0,0.55,0.75,0.03,0.85,0.15,0.16,4.097252459796778,True,,1.998530476362208,2.98743379055048,-0.06693894988916216,3.6403131125726835,0.2976190476190476,0.0,0.0,0.2912250490058147,0.0,0.0,True,13.013971046581915
2026-05-28 00:00:00,3370,2025-04-28 00:00:00,2026-04-28 00:00:00,True,0,0.55,0.75,0.03,0.85,0.15,0.16,3.9124046496138405,True,,1.9056916886370558,2.84278694953287,-0.06693894988916171,3.343957483118884,0.3055555555555556,0.0,0.0,0.2675165986495107,0.0,0.0,True,13.013971046581915
