asset_class,allocation_regime,mid_trend_state,ph_rank_bin_756,count,start_date,end_date,avg_stock_weight,avg_base_signal_stock_weight,avg_signal_stock_weight,avg_ph_raw,avg_ph_ewma,avg_ph_rank_504,avg_ph_rank_756,avg_ph_z_756,avg_up_strength_score,avg_down_strength_score,offensive_activation_rate,tier3_rate,ph_context_available_rate_756,strategy_ann_return,strategy_mdd,strategy_gross_ann_return,bh_ann_return,bh_mdd,bh_gap_ann_return
broad_index,CUSTOM,BEAR,00_30,1,2023-09-22 00:00:00,2023-09-22 00:00:00,1.0,0.82,0.82,0.3458459258079529,0.2681131436038323,0.30753968253968256,0.2804232804232804,-0.9052041770506122,0.434122139341861,0.3378756690275574,1.0,0.0,1.0,-0.9759988932340896,0.0,-0.9759988932340896,-0.9759988932340896,0.0,0.0
broad_index,CUSTOM,BEAR,30_50,12,2015-08-06 00:00:00,2024-04-30 00:00:00,0.88,0.73,0.8583333333333334,0.4089976141229272,0.4176923487759123,0.3578042328042328,0.3752157770850486,-0.46907591428600304,0.46323729154397814,0.287137081103222,0.9166666666666666,0.0,1.0,1.9915243315744688,-0.011625211287390136,1.9915243315744688,2.3702099846759106,-0.011893613047655904,-0.37868565310144175
broad_index,CUSTOM,BEAR,50_70,29,2015-08-11 00:00:00,2024-09-11 00:00:00,0.8213793103448277,0.5813793103448276,0.8006896551724139,0.5886929738110509,0.6173264290058932,0.5847701149425288,0.6178030003095292,0.3646436218277966,0.5865344229027584,0.21602068097223648,0.8275862068965517,0.0,1.0,0.13804935199095847,-0.03380985709053441,0.13804935199095847,0.12329127016445929,-0.04086177643950695,0.014758081826499181
broad_index,CUSTOM,BEAR,70_85,60,2015-06-30 00:00:00,2026-03-17 00:00:00,0.8076666666666665,0.4746666666666666,0.7996666666666665,0.7604526009907325,0.7404954175316031,0.7708002645502645,0.7791213866173309,1.0551057031223112,0.6836413075441494,0.1457893773887089,0.9666666666666667,0.0,1.0,0.33507391297448974,-0.06341636940786732,0.33507391297448974,0.42869242356696535,-0.07279352623070656,-0.09361851059247561
broad_index,CUSTOM,BEAR,85_95,46,2015-08-20 00:00:00,2026-04-07 00:00:00,0.8052173913043473,0.44826086956521755,0.8004347826086952,0.790606454986593,0.7627860337752643,0.8806504485852311,0.9005693522523102,1.627103939559289,0.6411640413456103,0.19566871850521145,1.0,0.0,1.0,0.2332791112461563,-0.044167887199059286,0.2332791112461563,0.3830510394243847,-0.05268113730087809,-0.14977192817822838
broad_index,CUSTOM,BEAR,95_100,35,2015-01-30 00:00:00,2026-03-30 00:00:00,0.8045714285714287,0.4257142857142857,0.8000000000000002,0.8415126368829183,0.7867353381265865,0.9755102040816326,0.9791101872894739,2.2365196957693083,0.7021653862859668,0.12349305533814066,1.0,0.0,1.0,-0.19919263889256578,-0.04841620642873323,-0.19919263889256578,-0.24659291940182382,-0.06095877845771913,0.04740028050925804
broad_index,CUSTOM,BEAR,raw_fallback,15,2014-04-16 00:00:00,2014-10-23 00:00:00,0.8106666666666669,0.45999999999999996,0.8000000000000003,0.7760944565137227,0.7635719883801247,,,,0.6083180709631114,0.1934289698943331,1.0,0.0,0.0,3.075568947246561,-0.010472957023449636,3.075568947246561,4.978042850110719,-0.011892834206131409,-1.9024739028641582
broad_index,CUSTOM,BULL,00_30,1175,2015-02-23 00:00:00,2026-05-07 00:00:00,0.8434553191489363,0.8476936170212767,0.8494978723404256,0.2028616006085847,0.21931739156155905,0.13377912867274572,0.13220066466921152,-1.221376783097705,0.09817193515564863,0.3227371660121691,0.0374468085106383,0.0,1.0,0.141653164967668,-0.08942300375782775,0.141653164967668,0.16745124419257484,-0.10614858881268019,-0.025798079224906845
broad_index,CUSTOM,BULL,30_50,454,2015-03-02 00:00:00,2026-04-30 00:00:00,0.8340088105726872,0.8148898678414096,0.8218061674008811,0.3181671817602368,0.2975754151732142,0.40475753443815116,0.38913168877840126,-0.5437532491667837,0.10424172906052899,0.3400210319573111,0.04185022026431718,0.0,1.0,0.15993667225041186,-0.08475698224387529,0.15993667225041186,0.17617691597580132,-0.10028053146034643,-0.016240243725389458
broad_index,CUSTOM,BULL,50_70,219,2015-03-03 00:00:00,2026-04-28 00:00:00,0.8390867579908675,0.7686757990867579,0.794703196347032,0.4251992850611199,0.37102711930755217,0.5815757048633761,0.5866944974357878,0.026069757219661656,0.18285029899167612,0.33133741982137577,0.1552511415525114,0.0,1.0,-0.11230700251881354,-0.19700756716690415,-0.11230700251881354,-0.1429386083626295,-0.22687987277351473,0.030631605843815968
broad_index,CUSTOM,BULL,70_85,66,2015-03-10 00:00:00,2026-01-23 00:00:00,0.8281818181818181,0.666969696969697,0.7754545454545455,0.566648878811887,0.5016057553325705,0.7395683020683022,0.7623234955164355,0.7684909323191084,0.35476525295877137,0.27878801733992065,0.36363636363636365,0.0,1.0,0.44590181633654624,-0.05211670006419811,0.44590181633654624,0.48817508428011114,-0.06641093559808497,-0.042273267943564896
broad_index,CUSTOM,BULL,85_95,41,2015-01-22 00:00:00,2026-02-11 00:00:00,0.8073170731707315,0.5,0.793170731707317,0.7409335407178577,0.712767397900861,0.9209736740224547,0.8881041222763896,1.6331630128602526,0.4774855500313334,0.22235652185987403,0.8536585365853658,0.0,1.0,0.03843044729968925,-0.03688490573659342,0.03843044729968925,0.03256104666490711,-0.047207039812914964,0.00586940063478214
broad_index,CUSTOM,BULL,95_100,7,2015-01-15 00:00:00,2020-06-15 00:00:00,0.7999999999999999,0.4485714285714285,0.7999999999999999,0.7962935558387212,0.7530621122712391,0.9608843537414966,0.9643747322373093,2.3652794039114413,0.6387268291243559,0.14432833624122693,1.0,0.0,1.0,0.9582356710786011,-0.010270758561049975,0.9582356710786011,1.4544029934683373,-0.012352939498349147,-0.49616732238973627
broad_index,CUSTOM,BULL,raw_fallback,731,2013-01-03 00:00:00,2014-12-15 00:00:00,0.837373461012312,0.8460191518467853,0.8476607387140904,0.2079794313371304,0.20175024940355119,,,,0.09878256737044819,0.37956418421375626,0.01094391244870041,0.0,0.0,0.1069443608425753,-0.06457854955528863,0.1069443608425753,0.12709505502806207,-0.07555018941494707,-0.02015069418548676
broad_index,CUSTOM,NEUTRAL,00_30,2,2023-09-20 00:00:00,2024-04-24 00:00:00,0.9299999999999999,0.84,0.9099999999999999,0.25965466201305387,0.24537072501065565,0.23511904761904762,0.21626984126984128,-1.1121427742716916,0.28792343693324024,0.4654801172146806,0.5,0.0,1.0,3.090047915717717,-0.0022484896335782656,3.090047915717717,4.18578509528428,-0.0022484896335780435,-1.0957371795665631
broad_index,CUSTOM,NEUTRAL,30_50,8,2016-11-09 00:00:00,2024-04-29 00:00:00,0.875,0.665,0.8025,0.4363727387040854,0.5233850234140716,0.33655753968253965,0.3812830687830688,-0.38243357989362414,0.38994786463479525,0.3899028912636312,0.75,0.0,1.0,0.6419188241543476,-0.008106964461587762,0.6419188241543476,0.8497089985750046,-0.009518709346979515,-0.20779017442065695
broad_index,CUSTOM,NEUTRAL,50_70,19,2020-04-24 00:00:00,2025-05-15 00:00:00,0.8021052631578949,0.4894736842105263,0.7978947368421054,0.6969611272215843,0.7257028423082091,0.6116332497911445,0.5988582567529935,0.46934322152944125,0.5872432378452832,0.21872874116056343,0.9473684210526315,0.0,1.0,-0.19714519018814347,-0.041219473853863375,-0.19714519018814347,-0.27172343125436593,-0.052156694111011204,0.07457824106622246
broad_index,CUSTOM,NEUTRAL,70_85,22,2015-06-29 00:00:00,2025-03-05 00:00:00,0.8163636363636365,0.509090909090909,0.801818181818182,0.7117197510871021,0.7046980218912652,0.7415223665223665,0.7796089988582001,1.0060828074779453,0.6249768359002873,0.19100272346347083,0.9545454545454546,0.0,1.0,0.6076524716455818,-0.029741474967921233,0.6076524716455818,0.8224768114946912,-0.035196456699474354,-0.21482433984910942
broad_index,CUSTOM,NEUTRAL,85_95,16,2015-02-02 00:00:00,2026-02-18 00:00:00,0.8175000000000001,0.5125,0.7887500000000001,0.7615478381514549,0.6950054621300148,0.8804563492063492,0.9002324250864115,1.613155517992002,0.5440317018501322,0.2572973448310023,0.875,0.0,1.0,0.6304813253848307,-0.02054400317567251,0.6304813253848307,0.9244392319454251,-0.02412032791202101,-0.2939579065605944
broad_index,CUSTOM,NEUTRAL,95_100,7,2015-01-29 00:00:00,2018-10-16 00:00:00,0.7999999999999999,0.4485714285714285,0.7999999999999999,0.8500069443668637,0.776097353989967,0.9863945578231291,0.9864777240778444,2.2058240895673,0.6258093093609135,0.16205718564688879,1.0,0.0,1.0,0.6810742282232771,-0.01837068836943312,0.6810742282232771,0.9660851426086634,-0.02318240591519105,-0.2850109143853863
broad_index,CUSTOM,NEUTRAL,raw_fallback,6,2013-02-25 00:00:00,2014-04-30 00:00:00,0.8099999999999999,0.5266666666666667,0.8099999999999999,0.6232208196073771,0.6553367879931646,,,,0.4406124677397318,0.36686551491510855,0.8333333333333334,0.0,0.0,-0.24844538046700226,-0.019214075175595258,-0.24844538046700226,-0.35382611033449785,-0.024639825472152266,0.10538072986749558
broad_index,EXTREME_RISK,BEAR,50_70,14,2020-04-07 00:00:00,2023-01-10 00:00:00,0.30000000000000016,0.38428571428571423,0.5399999999999999,0.7356237703136036,0.8307513804462942,0.5936791383219955,0.6160241874527589,0.5210996382134068,0.5381409543873377,0.2425449806367459,0.42857142857142855,0.0,1.0,0.5365173633920419,-0.009760439419941092,0.5365173633920419,-0.007556761502857556,-0.06896988458245012,0.5440741248948995
broad_index,EXTREME_RISK,BEAR,70_85,60,2018-12-21 00:00:00,2025-05-05 00:00:00,0.3000000000000001,0.3220000000000001,0.3220000000000002,0.8462657913068932,0.8697954786634813,0.8276455026455026,0.7998456790123457,1.1088028085520634,0.5667198468887046,0.18671963935536456,0.0,0.0,1.0,-0.06270986247547827,-0.047504997171429864,-0.059897558889152935,-0.2432163671123747,-0.1403457871384508,0.18050650463689644
broad_index,EXTREME_RISK,BEAR,85_95,167,2015-10-09 00:00:00,2025-05-06 00:00:00,0.30000000000000016,0.3035928143712575,0.3035928143712577,0.8788685933558528,0.8808528132515875,0.9250902955992778,0.9110100624693216,1.4347891727660018,0.6205167051344356,0.14110481651542162,0.0,0.0,1.0,0.017970932359995473,-0.08346787125828092,0.02167298554663999,-0.08617669615993917,-0.3214474918564477,0.10414762851993464
broad_index,EXTREME_RISK,BEAR,95_100,199,2015-09-04 00:00:00,2023-01-03 00:00:00,0.30000000000000016,0.29999999999999993,0.30000000000000016,0.9023207668982559,0.8929305085616563,0.9727506580521653,0.9779495454229533,1.6581935103688796,0.645323207254634,0.14210523505177997,0.0,0.0,1.0,0.31539888694998086,-0.03806158545476568,0.3206126038785848,0.8740896368572235,-0.11978771578380232,-0.5586907499072427
broad_index,EXTREME_RISK,BULL,00_30,1,2023-01-11 00:00:00,2023-01-11 00:00:00,0.3000000000000001,0.52,0.52,0.3604775920510292,0.7035959574043618,0.19246031746031747,0.1283068783068783,-1.4665021058744812,0.1256327786673701,0.7659540081752143,0.0,0.0,1.0,-0.2671016007012389,0.0,-0.2671016007012389,1.6531284498012146,0.0,-1.9202300505024534
broad_index,EXTREME_RISK,BULL,30_50,1,2023-01-10 00:00:00,2023-01-10 00:00:00,0.3000000000000001,0.42,0.42,0.7476883351802825,0.8179687458554727,0.5099206349206349,0.4973544973544973,0.3290774081731453,0.1151414350909409,0.7799111420058017,0.0,0.0,1.0,2.8259057734812543,0.0,2.8259057734812543,1.4988148863620676,0.0,1.3270908871191867
broad_index,EXTREME_RISK,BULL,50_70,9,2019-09-04 00:00:00,2023-01-09 00:00:00,0.3000000000000001,0.4066666666666667,0.4911111111111111,0.7263181926475633,0.8288816328491121,0.6047178130511465,0.64212228101117,0.5988764055083794,0.2444849406911256,0.5696175946852732,0.2222222222222222,0.0,1.0,-0.09619202694066264,-0.017418729882262896,-0.09619202694066264,0.07371893517284489,-0.03798267458451543,-0.16991096211350754
broad_index,EXTREME_RISK,BULL,70_85,12,2019-06-10 00:00:00,2023-01-03 00:00:00,0.30000000000000016,0.3499999999999999,0.3500000000000001,0.8177625926832359,0.8601600427979804,0.724867724867725,0.7740299823633157,1.0460601337152509,0.25416977889838493,0.6056140403645576,0.0,0.0,1.0,0.5612713300895331,-0.003998526736217145,0.5612713300895331,1.3306531309355947,-0.018206702275670117,-0.7693818008460616
broad_index,EXTREME_RISK,BULL,85_95,12,2019-08-30 00:00:00,2021-03-09 00:00:00,0.30000000000000016,0.3099999999999999,0.3100000000000001,0.8900691673159601,0.8813413309566762,0.8733465608465609,0.9112654320987654,1.399211089242914,0.17029179067167174,0.5967800259506607,0.0,0.0,1.0,0.5082581473187633,-0.016890982180299496,0.5312321314270214,2.735655950914614,-0.06946443387830181,-2.227397803595851
broad_index,EXTREME_RISK,BULL,95_100,12,2019-06-04 00:00:00,2021-03-10 00:00:00,0.30000000000000016,0.29999999999999993,0.30000000000000016,0.9122100129723548,0.8899408374601837,0.9737103174603173,0.9821428571428571,1.5070634650609518,0.2743922751939834,0.5164991582347945,0.0,0.0,1.0,0.6247778672161843,-0.009417245281222897,0.6661059693372537,4.051479992938431,-0.03059694125625556,-3.4267021257222465
broad_index,EXTREME_RISK,NEUTRAL,30_50,1,2022-11-11 00:00:00,2022-11-11 00:00:00,0.3000000000000001,0.42,0.42,0.7198902487754821,0.8345945706231344,0.498015873015873,0.4973544973544973,0.2929477979802281,0.7032093308867943,0.0967363270450466,0.0,0.0,1.0,3.5013743248192526,0.0,3.5013743248192526,7.501418273676807,0.0,-4.000043948857554
broad_index,EXTREME_RISK,NEUTRAL,50_70,1,2022-11-10 00:00:00,2022-11-10 00:00:00,0.3000000000000001,0.3,0.3000000000000001,0.7739529132843017,0.8728293445723516,0.5813492063492064,0.5634920634920635,0.5313933503524481,0.7210408247266356,0.0850268529209037,0.0,0.0,1.0,-0.6013589050642267,0.0,-0.6013589050642267,-0.8838499746037964,0.0,0.2824910695395697
broad_index,EXTREME_RISK,NEUTRAL,70_85,1,2018-04-18 00:00:00,2018-04-18 00:00:00,0.3000000000000001,0.42,0.42,0.7964130431413651,0.8482606654245747,0.9166666666666666,0.8412698412698413,1.4070581579014003,0.8452888261262907,0.0443198111882911,0.0,0.0,1.0,-0.6414555791959828,0.0,-0.6414555791959828,-0.8830406275164511,0.0,0.24158504832046823
broad_index,EXTREME_RISK,NEUTRAL,85_95,5,2018-04-17 00:00:00,2021-03-08 00:00:00,0.3000000000000001,0.324,0.32400000000000007,0.8587363141775132,0.8680035502149487,0.8876984126984127,0.9005291005291006,1.5045775504471703,0.5220356432826586,0.26314851452472726,0.0,0.0,1.0,0.03986079148849231,-0.0028572241099756868,0.03986079148849231,2.136927302811724,-0.008385967240239323,-2.0970665113232316
broad_index,EXTREME_RISK,NEUTRAL,95_100,6,2019-06-05 00:00:00,2023-01-05 00:00:00,0.3000000000000001,0.3,0.3000000000000001,0.9109561373790105,0.8806839544827744,0.9781746031746033,0.9841269841269842,1.5268097268533014,0.21877047992755286,0.5386469489724791,0.0,0.0,1.0,-0.7813525164817412,-0.04714320148853046,-0.7768955369767325,-0.9899826541324245,-0.13403283722861103,0.20863013765068328
broad_index,HIGH_VOL,BEAR,00_30,2,2023-01-13 00:00:00,2023-01-17 00:00:00,0.52,0.56,0.8,0.5273173160851001,0.6691761716998106,0.3035714285714286,0.23544973544973546,-0.6781839441087343,0.3856609603806769,0.44762578234984984,1.0,0.0,1.0,-0.6419736996642943,-0.005627932828605076,-0.6419736996642943,-0.9445748999155014,-0.009824423771384372,0.30260120025120707
broad_index,HIGH_VOL,BEAR,50_70,1,2022-08-31 00:00:00,2022-08-31 00:00:00,0.52,0.52,0.52,0.8081750631332398,0.7287315236951805,0.6746031746031746,0.6865079365079365,0.7890619177988961,0.3592242703790578,0.4097849793399218,0.0,0.0,1.0,-0.6087339288033133,0.0,-0.6087339288033133,-0.9308367329699252,0.0,0.32210280416661186
broad_index,HIGH_VOL,BEAR,70_85,2,2022-09-01 00:00:00,2022-09-01 00:00:00,0.52,0.47,0.47,0.819421572983265,0.7441970611710331,0.7103174603174602,0.7321428571428572,0.8693821872129489,0.30463797803424897,0.4069194837591915,0.0,0.0,1.0,-0.79790313638604,-0.005438450427690866,-0.79790313638604,-0.7495734168500181,-0.0037732543479612746,-0.04832971953602194
broad_index,HIGH_VOL,BEAR,85_95,2,2022-01-18 00:00:00,2022-01-24 00:00:00,0.52,0.42,0.61,0.8667844071984292,0.759333958467292,0.8819444444444444,0.9054232804232805,1.342252777911379,0.3616124436226432,0.3354884337343397,0.5,0.0,1.0,-0.702146945314948,-0.003502092876193408,-0.702146945314948,-0.8596796732274359,-0.0025089896901043796,0.15753272791248785
broad_index,HIGH_VOL,BEAR,raw_fallback,3,2014-04-10 00:00:00,2014-04-14 00:00:00,0.52,0.4533333333333333,0.4533333333333333,0.8055770258108774,0.752137751397099,,,,0.3003257042480412,0.47800988089703905,0.0,0.0,0.0,1.7561424219388932,0.0,1.7561424219388932,6.707916862027803,0.0,-4.95177444008891
broad_index,HIGH_VOL,BULL,00_30,6,2019-10-16 00:00:00,2022-12-01 00:00:00,0.52,0.62,0.62,0.4056674090524515,0.5681657064543706,0.2523148148148148,0.2515432098765432,-0.7888299430644369,0.29710354530544014,0.46799085352028524,0.0,0.0,1.0,-0.30448176331659493,-0.012497722644071896,-0.30448176331659493,-0.31857660649971486,-0.01912224462584533,0.014094843183119932
broad_index,HIGH_VOL,BULL,30_50,34,2019-10-15 00:00:00,2022-12-14 00:00:00,0.52,0.5647058823529413,0.5647058823529413,0.5789061362690785,0.6497457475191154,0.4020191409897292,0.4426937441643325,-0.07340349871456332,0.10915496752481381,0.46314633136347005,0.0,0.0,1.0,-0.17990763057233727,-0.035251478769295685,-0.17990763057233727,-0.3232072166677178,-0.06868757217416765,0.14329958609538052
broad_index,HIGH_VOL,BULL,50_70,85,2016-07-12 00:00:00,2025-06-11 00:00:00,0.5200000000000001,0.5376470588235295,0.5411764705882354,0.653987361683565,0.682893950656942,0.5992763772175538,0.6041705571117336,0.41391419405958035,0.13431674089938248,0.5400276077509307,0.011764705882352941,0.0,1.0,0.4030268059705975,-0.03789216098557213,0.4030268059705975,0.9265721714859867,-0.06496875346836561,-0.5235453655153892
broad_index,HIGH_VOL,BULL,70_85,79,2015-11-18 00:00:00,2025-06-05 00:00:00,0.5200000000000002,0.5063291139240509,0.5063291139240509,0.7349034038148349,0.7136062796146831,0.7584388185654009,0.7702880904645792,1.0190077366427062,0.1583710828518515,0.5272515500723131,0.0,0.0,1.0,0.1806431731475424,-0.03574367519778543,0.1806431731475424,0.2506258030554762,-0.07434457644306725,-0.0699826299079338
broad_index,HIGH_VOL,BULL,85_95,25,2015-12-17 00:00:00,2020-02-26 00:00:00,0.52,0.48,0.5367999999999999,0.8037906271219255,0.7456326361204728,0.8681746031746033,0.8795426755748471,1.511411878360889,0.25907463376240014,0.41067286498183797,0.16,0.0,1.0,0.22846695088794067,-0.027035187966620633,0.22846695088794067,0.2078666016874713,-0.05829993614846041,0.02060034920046938
broad_index,HIGH_VOL,BULL,95_100,4,2015-01-14 00:00:00,2015-12-18 00:00:00,0.52,0.47,0.47,0.8165444351732731,0.7496998444925509,0.9875992063492064,0.9878167308005003,2.438597952746092,0.2423198403035385,0.40827519932569944,0.0,0.0,1.0,1.180895290411534,0.0,1.180895290411534,6.153900322269273,0.0,-4.973005031857738
broad_index,HIGH_VOL,BULL,raw_fallback,2,2014-10-09 00:00:00,2014-10-10 00:00:00,0.52,0.52,0.52,0.7517679557204247,0.6877368945746893,,,,0.21445401167503708,0.4335187233037348,0.0,0.0,0.0,-0.5247208122489847,0.0,-0.5247208122489847,-0.8614660457563668,0.0,0.33674523350738206
broad_index,HIGH_VOL,NEUTRAL,30_50,2,2021-10-12 00:00:00,2021-10-13 00:00:00,0.52,0.56,0.56,0.6063518866896629,0.6571922762633513,0.44047619047619047,0.4556878306878307,0.0451916574964954,0.30711368279169976,0.42342877079920155,0.0,0.0,1.0,3.4500104746789475,0.0,3.4500104746789475,20.279430819220817,0.0,-16.82942034454187
broad_index,HIGH_VOL,NEUTRAL,70_85,2,2022-09-13 00:00:00,2022-09-14 00:00:00,0.52,0.42,0.42,0.8478199407458307,0.7684297902123818,0.7767857142857142,0.7929894179894179,1.0174032437071643,0.3091985281865914,0.44333817145744786,0.0,0.0,1.0,-0.7969957437565206,-0.0029265913735845306,-0.7969957437565206,-0.9443604013532745,-0.006114971114715706,0.14736465759675388
broad_index,HIGH_VOL,NEUTRAL,85_95,1,2024-08-06 00:00:00,2024-08-06 00:00:00,0.52,0.52,0.52,0.8774254590272904,0.7474235060200839,0.9146825396825397,0.8677248677248677,1.3728160492658426,0.1620715913220804,0.5510197603351773,0.0,0.0,1.0,41.48351921779918,0.0,41.48351921779918,1983.9641853313162,0.0,-1942.4806661135171
broad_index,HIGH_VOL,NEUTRAL,raw_fallback,1,2014-10-14 00:00:00,2014-10-14 00:00:00,0.52,0.52,0.52,0.7551547855138779,0.725314017623788,,,,0.3489458753029591,0.3269531124822833,0.0,0.0,0.0,-0.6427678134217873,0.0,-0.6427678134217873,-0.7955219185060525,0.0,0.15275410508426512
broad_index,NORMAL,BEAR,00_30,22,2023-09-22 00:00:00,2023-11-02 00:00:00,0.9845454545454545,0.7736363636363636,0.9845454545454545,0.3269220496781848,0.3552201066822651,0.1836219336219336,0.19203944203944204,-1.1121162252112469,0.5883309716617743,0.19830203724399223,1.0,0.9545454545454546,1.0,-0.15225390262680127,-0.04632408614999706,-0.14444145732139757,-0.1405984450358101,-0.046324086149996835,-0.01165545759099118
broad_index,NORMAL,BEAR,30_50,22,2015-07-27 00:00:00,2023-11-09 00:00:00,0.9854545454545455,0.7509090909090909,0.9854545454545455,0.4362270911647515,0.39154574402546377,0.3869047619047619,0.3939569560667366,-0.3502415113320485,0.5738885035309339,0.22032914546277374,1.0,1.0,1.0,-0.09949394623279573,-0.038304783077638405,-0.09866327739289926,-0.09037702113964108,-0.03861981622899924,-0.009116925093154649
broad_index,NORMAL,BEAR,50_70,20,2015-07-24 00:00:00,2023-10-27 00:00:00,0.8629999999999999,0.722,0.8690000000000001,0.5177792149037124,0.4636058571128826,0.5284722222222221,0.6075080515297906,0.23975809576670457,0.4566263082712337,0.3097641314883664,0.65,0.45,1.0,-0.26607530243989796,-0.02782411847394184,-0.2627339285746221,-0.3059921116824046,-0.03218235978518913,0.03991680924250662
broad_index,NORMAL,BEAR,70_85,7,2015-07-06 00:00:00,2026-03-19 00:00:00,0.9885714285714285,0.66,0.9885714285714285,0.5217774736029762,0.48000767543023043,0.7123015873015872,0.7688059229711327,0.7577201007587878,0.6015879708544613,0.19240017961009043,1.0,1.0,1.0,0.2165447464386463,-0.023101993013750932,0.23426396055477405,0.22136820076552266,-0.02299460862967906,-0.004823454326876364
broad_index,NORMAL,BEAR,85_95,2,2015-07-08 00:00:00,2016-06-24 00:00:00,1.0,0.6699999999999999,1.0,0.751403158903122,0.4793449098467823,0.8759920634920635,0.9051218940459447,1.732658128667127,0.7155773790140756,0.08892682753393391,1.0,1.0,1.0,73.28976491891063,0.0,73.28976491891063,73.28976491891063,0.0,0.0
broad_index,NORMAL,BEAR,95_100,2,2015-08-21 00:00:00,2016-06-27 00:00:00,1.0,0.6699999999999999,1.0,0.8434366002678872,0.5010308927816595,0.9632936507936508,0.975070918595015,2.1735312733075824,0.6461087049454612,0.13077538923961834,1.0,1.0,1.0,0.9831207578164878,-0.012047859864200539,1.0552077066538006,1.0552077066538006,-0.01176785986420048,-0.07208694883731281
broad_index,NORMAL,BEAR,raw_fallback,7,2014-05-07 00:00:00,2014-05-20 00:00:00,1.0,0.68,1.0,0.4917818197182247,0.4996235201141209,,,,0.5462201027204261,0.3022913735387932,1.0,1.0,0.0,2.5147988598720334,-0.003623445570089756,2.5147988598720334,2.5147988598720334,-0.003623445570089756,0.0
broad_index,NORMAL,BULL,00_30,301,2015-02-13 00:00:00,2026-04-29 00:00:00,0.833421926910299,0.7944186046511628,0.8520265780730897,0.2620844267197325,0.3289987109666486,0.15671307282602961,0.16157626108269948,-1.1669885116317722,0.2861363955412566,0.335440515014769,0.3289036544850498,0.3122923588039867,1.0,0.13395889943802541,-0.05602688603877526,0.1486657005541019,0.1811452413210406,-0.07214025136207558,-0.04718634188301518
broad_index,NORMAL,BULL,30_50,359,2015-02-11 00:00:00,2026-04-27 00:00:00,0.8049582172701949,0.7482451253481894,0.8113091922005571,0.3545010877716093,0.38919400001516824,0.4084648715567936,0.3985640259164969,-0.47093445376566195,0.23193172563500986,0.36767093021754915,0.25348189415041783,0.2479108635097493,1.0,0.039930690070155705,-0.07191621499204226,0.050589168366012904,0.049749851223088726,-0.08994225508010256,-0.00981916115293302
broad_index,NORMAL,BULL,50_70,280,2015-01-02 00:00:00,2026-04-29 00:00:00,0.7809285714285715,0.7283571428571429,0.779,0.4548898551959012,0.4325209137431883,0.5755172902494331,0.5951246632601483,0.09119336392179471,0.2166687714931219,0.3789171700025858,0.19285714285714287,0.18214285714285713,1.0,0.0634392875051133,-0.07455971472793754,0.07667735607442117,0.07072428677862042,-0.11943095545288696,-0.00728499927350712
broad_index,NORMAL,BULL,70_85,84,2015-01-05 00:00:00,2026-02-04 00:00:00,0.7340476190476192,0.7033333333333335,0.7283333333333334,0.5597659891648663,0.46870376502336225,0.725930650037793,0.7566890040825802,0.74390041220404,0.19313717005928574,0.4160528777270627,0.09523809523809523,0.08333333333333333,1.0,0.192407505703029,-0.050306322876710774,0.21640512691820546,0.23927494296659035,-0.07175727982206515,-0.04686743726356135
broad_index,NORMAL,BULL,85_95,32,2015-01-05 00:00:00,2026-02-05 00:00:00,0.7000000000000001,0.65,0.6781250000000001,0.7019197669811548,0.5200512683519232,0.8776041666666667,0.8858586801933939,1.6140961838124008,0.23282217579917383,0.3557103766789623,0.125,0.03125,1.0,0.3067795865763947,-0.03853412588475613,0.3494455915107919,0.42234638911585054,-0.04993226020800401,-0.11556680253945584
broad_index,NORMAL,BULL,95_100,5,2015-01-06 00:00:00,2015-05-06 00:00:00,0.7120000000000001,0.6559999999999999,0.716,0.7551789599657059,0.530475684518902,0.9634920634920634,0.9647799552779934,2.420001752222723,0.26555758452213396,0.2789747118355614,0.4,0.0,1.0,3.0086656617723833,-0.00509619391822258,3.0657985031379233,4.634375507995806,-0.008013284152521782,-1.6257098462234225
broad_index,NORMAL,BULL,raw_fallback,138,2013-01-02 00:00:00,2014-12-31 00:00:00,0.7685507246376811,0.7563768115942029,0.7759420289855072,0.37123150362268736,0.37890510093122576,,,,0.18944618510101824,0.43259165841448954,0.10144927536231885,0.10144927536231885,0.0,0.21581154142393477,-0.043435783227494196,0.23719818251606073,0.3212989568954798,-0.05793025649005523,-0.10548741547154505
broad_index,NORMAL,NEUTRAL,00_30,7,2015-07-23 00:00:00,2023-11-03 00:00:00,1.0,0.8371428571428572,1.0,0.19526007154158181,0.25432792226021766,0.12301587301587301,0.1342076834189698,-1.3054955831414465,0.7179815746197953,0.10141483804857164,1.0,1.0,1.0,-0.5797223059018288,-0.025684974649880066,-0.5797223059018288,-0.5797223059018288,-0.025684974649880066,0.0
broad_index,NORMAL,NEUTRAL,30_50,7,2016-06-13 00:00:00,2023-11-08 00:00:00,0.9742857142857143,0.777142857142857,0.9742857142857143,0.3075565289173808,0.33456800041792684,0.29931972789115646,0.3529856386999244,-0.6464717698711899,0.6542195369713364,0.172872008076928,1.0,0.8571428571428571,1.0,0.8966667910779922,-0.009495559145494381,0.9159122447976733,0.8852149867586072,-0.009662174372713883,0.011451804319384973
broad_index,NORMAL,NEUTRAL,50_70,14,2015-10-27 00:00:00,2026-04-13 00:00:00,0.8885714285714287,0.6857142857142857,0.8685714285714285,0.47280462740787443,0.48631563008527506,0.5490362811791383,0.6076796759392334,0.15828183919817557,0.48621325324386033,0.2894267825297057,0.5714285714285714,0.5714285714285714,1.0,0.7324777545232286,-0.020432590404003803,0.7374104720729477,0.6738152365218528,-0.028743127001861768,0.058662518001375785
broad_index,NORMAL,NEUTRAL,70_85,5,2015-07-08 00:00:00,2025-03-03 00:00:00,0.8160000000000001,0.628,0.744,0.6520420557260513,0.5206942667615351,0.7960317460317461,0.7772815686621737,0.949788427576124,0.3882062493301388,0.32730974845667393,0.4,0.4,1.0,2.3743665379136893,-0.001986690651676004,2.4500197490730087,3.2934011654161264,-0.0019318312716457564,-0.919034627502437
broad_index,NORMAL,NEUTRAL,85_95,2,2016-04-29 00:00:00,2016-05-03 00:00:00,0.74,0.56,0.81,0.777209821343422,0.6307097195603089,0.8125,0.8630952380952381,1.4324587768967272,0.4157129700427282,0.31008598248235014,1.0,0.0,1.0,-0.5068678854849307,0.0,-0.5068678854849307,-0.7018922427628786,-0.0002855380029410659,0.19502435727794798
broad_index,NORMAL,NEUTRAL,raw_fallback,10,2014-02-03 00:00:00,2014-12-16 00:00:00,0.8939999999999999,0.6699999999999999,0.8720000000000001,0.4916645921766758,0.4847562297630342,,,,0.4639413388067998,0.31185291114407854,0.8,0.6,0.0,0.38167973842305813,-0.018517953623716665,0.3956792346051934,0.46543378492547327,-0.02407363607655666,-0.08375404650241514
broad_index,RISK_OFF,BEAR,30_50,2,2022-11-15 00:00:00,2023-01-11 00:00:00,0.42,0.42,0.61,0.6283077895641327,0.7932598412228021,0.44246031746031744,0.41005291005291,-0.1424887318702623,0.4655160165050697,0.34866478691398695,0.5,0.0,1.0,-0.2941025714136327,0.0,-0.2724474367345818,0.7960570658237054,0.0,-1.090159637237338
broad_index,RISK_OFF,BEAR,50_70,10,2022-03-21 00:00:00,2022-11-17 00:00:00,0.534,0.42000000000000004,0.6479999999999999,0.7628114932775498,0.8049712627007315,0.611904761904762,0.6284391534391535,0.6178304361851078,0.6264660489058442,0.2052265756583779,0.6,0.0,1.0,-0.5681939482364737,-0.032928073105288,-0.5310919180164886,-0.6920577088869305,-0.05526946617165007,0.12386376065045679
broad_index,RISK_OFF,BEAR,70_85,86,2018-04-23 00:00:00,2025-05-12 00:00:00,0.45534883720930247,0.4186046511627909,0.48046511627906985,0.817061841176,0.8295406385469404,0.8211978589885567,0.7925126122800542,1.1413055685974762,0.622235382772494,0.17586214694586577,0.16279069767441862,0.0,1.0,0.03393737800128194,-0.0975784383952103,0.06741364104010339,0.21481148583140475,-0.15032539481458262,-0.1808741078301228
broad_index,RISK_OFF,BEAR,85_95,117,2015-10-12 00:00:00,2026-04-07 00:00:00,0.4427350427350428,0.40153846153846157,0.447008547008547,0.8521388632874205,0.8403930808691954,0.9110025776692444,0.9022605776921467,1.5015708022553067,0.6929910211646393,0.13012014617291182,0.11965811965811966,0.0,1.0,-0.1990493396676909,-0.1899283544489938,-0.1734193219562732,-0.3358649843761333,-0.3695451620355138,0.13681564470844243
broad_index,RISK_OFF,BEAR,95_100,91,2015-09-01 00:00:00,2026-04-01 00:00:00,0.42000000000000004,0.3962637362637363,0.39626373626373634,0.8767063008559929,0.8493191533225369,0.973377812663527,0.9776852118845444,1.8503272352677422,0.6887642684472667,0.13239538914686733,0.0,0.0,1.0,0.4630054239813213,-0.024293626107308786,0.4917055152430658,1.3461058129855936,-0.07303685389139392,-0.8831003890042723
broad_index,RISK_OFF,BEAR,raw_fallback,1,2014-04-15 00:00:00,2014-04-15 00:00:00,0.8,0.42,0.8,0.8333569437265396,0.7866311470489318,,,,0.4144694187862462,0.3896807372129888,1.0,0.0,0.0,-0.2412879371642752,0.0,-0.12619479322861793,0.0603579781815915,0.0,-0.3016459153458667
broad_index,RISK_OFF,BULL,30_50,9,2021-03-10 00:00:00,2024-08-15 00:00:00,0.4422222222222222,0.46444444444444444,0.6222222222222222,0.6121736548013158,0.748163138074485,0.478395061728395,0.46208112874779533,-0.012577142966452142,0.3305352048095504,0.4178129566124151,0.4444444444444444,0.0,1.0,-0.8861664499125775,-0.07600315779794442,-0.8848842567884431,-0.9918929387121304,-0.16094892506213,0.10572648879955282
broad_index,RISK_OFF,BULL,50_70,77,2015-12-29 00:00:00,2025-01-15 00:00:00,0.42623376623376635,0.4457142857142858,0.4677922077922079,0.722711475125768,0.7723440890206471,0.6053648732220162,0.633887181980523,0.6161880075578404,0.19073623587869518,0.523806896224128,0.06493506493506493,0.0,1.0,0.22492676629890873,-0.019765499470779435,0.23249358924951546,0.6684411004463804,-0.04379962752531019,-0.44351433414747166
broad_index,RISK_OFF,BULL,70_85,102,2015-01-23 00:00:00,2025-01-16 00:00:00,0.4311764705882354,0.4305882352941177,0.45196078431372555,0.8005459823006509,0.7974213944049352,0.7535208527855586,0.7778622628545877,1.0444972115240907,0.18567105251041774,0.5808861104962882,0.058823529411764705,0.0,1.0,-0.18770191825353633,-0.09411534177730696,-0.17793384577142934,-0.31749898126124454,-0.1910907848547222,0.1297970630077082
broad_index,RISK_OFF,BULL,85_95,52,2015-01-21 00:00:00,2021-03-04 00:00:00,0.44384615384615395,0.4165384615384617,0.44384615384615395,0.8427212859575566,0.8169780489073329,0.8757631257631258,0.8985861571400909,1.5103288557320032,0.2355975586330841,0.4919332677773788,0.07692307692307693,0.0,1.0,0.35088328053200013,-0.02946308577958845,0.377749024460305,0.3855199093579287,-0.10547679473675631,-0.03463662882592855
broad_index,RISK_OFF,BULL,95_100,26,2015-01-20 00:00:00,2020-10-30 00:00:00,0.42,0.3830769230769231,0.3830769230769232,0.8948335200548173,0.8358187712754945,0.9642857142857143,0.9755820717853095,1.6924411659743797,0.2723714558809258,0.4856853054833315,0.0,0.0,1.0,0.3492976146912239,-0.017957520122580894,0.36238967017528045,0.4956443465143969,-0.05270118027930848,-0.14634673182317304
broad_index,RISK_OFF,NEUTRAL,50_70,6,2022-09-08 00:00:00,2025-05-13 00:00:00,0.4833333333333334,0.4366666666666667,0.6733333333333333,0.7052585636576018,0.7817215155820344,0.7169312169312169,0.6496913580246914,0.5520167694848922,0.496001977315277,0.30316221385770353,0.6666666666666666,0.0,1.0,-0.06626941426782118,-0.006138052350452838,-0.025985599032484208,0.13122991955688224,-0.009534616094511117,-0.19749933382470342
broad_index,RISK_OFF,NEUTRAL,70_85,23,2018-04-18 00:00:00,2026-04-08 00:00:00,0.46956521739130436,0.42434782608695654,0.5356521739130435,0.7912338219906974,0.8070869429833379,0.773464458247067,0.7789855072463768,1.0737614665064776,0.48802915905257505,0.3157095546728764,0.30434782608695654,0.0,1.0,0.9842159829592445,-0.01030578030997198,1.0782783825671842,3.44394789031465,-0.024939772860139153,-2.4597319073554056
broad_index,RISK_OFF,NEUTRAL,85_95,11,2018-04-19 00:00:00,2022-12-27 00:00:00,0.42,0.42,0.45454545454545453,0.8578917254101146,0.8211696213494022,0.8908730158730157,0.8994708994708994,1.4142894057880542,0.4320998808668157,0.3536268459361504,0.09090909090909091,0.0,1.0,1.2109398259995423,-0.007180250161947677,1.2109398259995423,6.057278788683092,-0.011478299603718933,-4.84633896268355
broad_index,RISK_OFF,NEUTRAL,95_100,8,2015-12-14 00:00:00,2020-03-03 00:00:00,0.515,0.43,0.5,0.8969858326017857,0.8026803639847073,0.9801587301587302,0.9852467830260562,1.9097792821058726,0.41378119512540845,0.28498887564879816,0.25,0.0,1.0,1.4735587557836038,-0.018086969475992976,1.5809389401998821,0.2702444515371927,-0.06092244916358147,1.2033143042464112
broad_index,WATCH,BEAR,00_30,3,2022-07-29 00:00:00,2023-01-20 00:00:00,0.9733333333333333,0.6,0.9733333333333333,0.4463379363218943,0.6010151332910971,0.24272486772486776,0.22310405643738976,-0.8411825083389578,0.5654738602375159,0.2875145346763026,1.0,1.0,1.0,5.052206514057086,-0.0018087931122816592,5.25847277013025,5.26154058221965,-0.0020419337051904574,-0.2093340681625646
broad_index,WATCH,BEAR,30_50,8,2022-04-04 00:00:00,2026-03-17 00:00:00,0.915,0.5800000000000001,0.915,0.5266625963151454,0.6297379333223185,0.40054563492063494,0.4090608465608465,-0.2196923068988978,0.5668407946228384,0.2581346255258903,0.875,0.875,1.0,0.42807384889298516,-0.014495148029161187,0.5106489754051431,0.6036628702771762,-0.015097051160997021,-0.17558902138419108
broad_index,WATCH,BEAR,50_70,17,2016-11-07 00:00:00,2026-04-08 00:00:00,0.8988235294117647,0.5576470588235294,0.8988235294117647,0.6607843231628924,0.6409494200209607,0.5839169000933707,0.6102552131963896,0.43934340392777566,0.5702059057052695,0.24776686316402732,0.8823529411764706,0.7647058823529411,1.0,2.3800931912880214,-0.018250756901830756,2.506893308112261,2.2857252304874303,-0.02311855912892835,0.09436796080059118
broad_index,WATCH,BEAR,70_85,37,2015-10-16 00:00:00,2026-03-18 00:00:00,0.9275675675675675,0.5545945945945947,0.9232432432432434,0.6689147720868522,0.6438689994029472,0.7498927498927498,0.77040044223893,0.91515013572571,0.6324723576784336,0.20336521017206236,0.9459459459459459,0.8378378378378378,1.0,0.4991140423291709,-0.10210861635156299,0.5268267158934463,0.5147636134663245,-0.10779164573628619,-0.015649571137153595
broad_index,WATCH,BEAR,85_95,29,2015-07-09 00:00:00,2026-03-27 00:00:00,0.9048275862068967,0.569655172413793,0.9117241379310347,0.7194308800943966,0.6482807096160641,0.8612479474548439,0.8934812821839474,1.5135827964168458,0.5375553815426005,0.27688242048845535,0.9655172413793104,0.7241379310344828,1.0,-0.09123340812412073,-0.056058206733421434,-0.077210760801669,-0.034410868598868216,-0.05790761954528989,-0.05682253952525251
broad_index,WATCH,BEAR,95_100,9,2015-08-20 00:00:00,2016-06-28 00:00:00,0.8533333333333333,0.5644444444444444,0.8533333333333333,0.8467017041312324,0.6537016235205252,0.9847883597883599,0.9894712310718753,2.4231372700662894,0.5793106396593753,0.16138193317470428,0.8888888888888888,0.4444444444444444,1.0,13.784312351153176,-0.006632194528490065,14.596825449072776,13.942376813723097,-0.008200691103881774,-0.15806446256992146
broad_index,WATCH,BEAR,raw_fallback,3,2014-10-14 00:00:00,2014-10-22 00:00:00,0.8533333333333334,0.52,0.8533333333333334,0.7321020434300105,0.7052977967531913,,,,0.536418386935762,0.21177505568342028,1.0,0.3333333333333333,0.0,2.853239368438816,-0.0013444799917932126,3.1470843728883224,4.5409429042226845,-0.0008580301043946692,-1.6877035357838683
broad_index,WATCH,BULL,00_30,63,2015-04-15 00:00:00,2025-01-24 00:00:00,0.6184126984126986,0.6673015873015875,0.6857142857142858,0.3865107843622802,0.49714104968242745,0.2368039808515999,0.2136845102389044,-0.9898419436368381,0.18564524022995596,0.49657499466541566,0.047619047619047616,0.047619047619047616,1.0,-0.27676057134323984,-0.11434768707786447,-0.2738602096537176,-0.46805336547669385,-0.18618582894100577,0.191292794133454
broad_index,WATCH,BULL,30_50,203,2015-03-24 00:00:00,2025-12-23 00:00:00,0.640886699507389,0.6238423645320195,0.6669950738916254,0.5054366366396398,0.5542562866664366,0.40568066306982564,0.4139024604227562,-0.25420675736174375,0.18406353411939608,0.4626222700093076,0.12315270935960591,0.10344827586206896,1.0,0.12269814574016502,-0.14604669906444456,0.13288577151227732,0.180308264676184,-0.21521418497036726,-0.05761011893601897
broad_index,WATCH,BULL,50_70,269,2015-02-11 00:00:00,2025-12-19 00:00:00,0.6721933085501859,0.5998513011152415,0.6802230483271375,0.5685259916165283,0.5848040214638207,0.5774768395586238,0.5988957396484356,0.26948295595643396,0.24789615228465475,0.4219247956434519,0.21933085501858737,0.1895910780669145,1.0,0.22272206972317843,-0.05257042102202836,0.23906111678742925,0.3320551958501321,-0.0598046108075615,-0.10933312612695367
broad_index,WATCH,BULL,70_85,154,2015-01-02 00:00:00,2026-03-04 00:00:00,0.6348051948051947,0.5831168831168831,0.6298701298701299,0.6506120120937174,0.6056833661972385,0.7364718614718614,0.7649399849202809,0.8984333413980474,0.2070782015159267,0.44894791100129405,0.12337662337662338,0.11688311688311688,1.0,0.015451792455845048,-0.05366728302773016,0.023517475785333808,0.00958443142185117,-0.09109531959101069,0.005867361033993879
broad_index,WATCH,BULL,85_95,66,2015-01-08 00:00:00,2026-02-13 00:00:00,0.6406060606060606,0.5672727272727275,0.6478787878787879,0.732918613381458,0.6371851566822987,0.8776154401154401,0.8972775745310718,1.6479430386168963,0.28904995897112623,0.3697224730053767,0.25757575757575757,0.13636363636363635,1.0,0.01519464038627727,-0.04691596090176875,0.03368805296477806,-0.05299324166923647,-0.08109922408006609,0.06818788205551374
broad_index,WATCH,BULL,95_100,13,2015-01-09 00:00:00,2020-06-12 00:00:00,0.7138461538461539,0.5446153846153845,0.7076923076923077,0.8240611915404978,0.6795319106421507,0.974969474969475,0.9796348666364683,2.3403598403985195,0.3466214495119794,0.29769247324139597,0.5384615384615384,0.15384615384615385,1.0,0.3678707281068181,-0.01969934693651143,0.4229802665653579,0.22131999579185435,-0.029485984364389095,0.14655073231496374
broad_index,WATCH,BULL,raw_fallback,83,2013-06-24 00:00:00,2014-12-31 00:00:00,0.6224096385542168,0.62,0.6573493975903615,0.5324571293161576,0.5680999768279342,,,,0.17254506938689596,0.4699980827604566,0.12048192771084337,0.060240963855421686,0.0,0.3593325365277882,-0.040650214942986374,0.36911909071877913,0.5286826567692342,-0.07832321709092693,-0.16935012024144602
broad_index,WATCH,NEUTRAL,00_30,4,2021-10-14 00:00:00,2023-01-25 00:00:00,0.99,0.6,0.99,0.5033191561698914,0.5740073433741804,0.30059523809523814,0.25297619047619047,-0.6824026941706736,0.630915652385419,0.22843109544053844,1.0,1.0,1.0,9.262479839473965,-0.0021001870911908638,9.364933593044343,9.287313101676594,-0.0022192459202357018,-0.024833262202628603
broad_index,WATCH,NEUTRAL,30_50,6,2020-04-16 00:00:00,2024-09-13 00:00:00,0.9066666666666666,0.6,0.9066666666666666,0.5006687395274639,0.5910369503455885,0.44279100529100535,0.4318783068783069,-0.24479652562974116,0.5286649172631073,0.28538160862765033,0.8333333333333334,0.8333333333333334,1.0,-0.7521333057712801,-0.03535100533015911,-0.7479355761027398,-0.6584375270514419,-0.03689941202813518,-0.09369577871983825
broad_index,WATCH,NEUTRAL,50_70,24,2016-03-23 00:00:00,2026-04-09 00:00:00,0.8983333333333334,0.58,0.9008333333333333,0.5802075059463581,0.6211535254692957,0.6166501322751322,0.6121031746031745,0.30635653966202153,0.620049576536476,0.21721820128852168,0.875,0.7916666666666666,1.0,0.6124808632506598,-0.03311226295583747,0.6534695918962647,0.6203727676110955,-0.03455901599197164,-0.007891904360435742
broad_index,WATCH,NEUTRAL,70_85,25,2015-10-20 00:00:00,2026-04-10 00:00:00,0.8024000000000001,0.5616,0.8104,0.6882655906677246,0.6475156481778811,0.7192857142857142,0.7610572781695598,0.9326710993412619,0.4912394073674015,0.2719993795081408,0.72,0.48,1.0,0.15571802456791528,-0.04510290066988076,0.1912397475642169,0.23405063607137855,-0.042540581585494563,-0.07833261150346327
broad_index,WATCH,NEUTRAL,85_95,15,2015-11-13 00:00:00,2026-03-09 00:00:00,0.6533333333333332,0.5626666666666665,0.656,0.8127213424444198,0.6489727649590649,0.8722222222222222,0.8994183548396586,1.5409783535650299,0.33886851485410135,0.35291446815086785,0.3333333333333333,0.13333333333333333,1.0,0.06530039366608786,-0.012985188461997255,0.1268586665161009,-0.026671879327673342,-0.018949198319570426,0.0919722729937612
broad_index,WATCH,NEUTRAL,95_100,5,2015-01-28 00:00:00,2018-10-11 00:00:00,0.752,0.552,0.736,0.8687069088220596,0.6659099956336215,0.9865079365079366,0.9876525741172827,2.076815029910098,0.45081855097187795,0.28715894089600025,0.6,0.2,1.0,2.657336171441577,-0.009917585022647613,2.768846766008194,4.782022015552427,-0.01210374544489734,-2.1246858441108505
broad_index,WATCH,NEUTRAL,raw_fallback,8,2014-04-07 00:00:00,2014-10-21 00:00:00,0.865,0.5700000000000001,0.855,0.6385006932541728,0.6377474165877489,,,,0.4628423007911675,0.2998170546664799,0.75,0.75,0.0,-0.07578062180798184,-0.018714773174574262,-0.054752210245073485,-0.00778072938384855,-0.023747898341435425,-0.06799989242413329
high_vol_growth,CUSTOM,BEAR,00_30,4,2026-01-08 00:00:00,2026-02-04 00:00:00,0.86,0.86,0.9299999999999999,0.20098714306950566,0.21005213606399498,0.03472222222222222,0.023148148148148147,-1.677760718605664,0.41910099029221004,0.327843354186923,0.75,0.0,1.0,23.458719416522005,-0.014925097080223049,23.458719416522005,38.76987378971893,-0.01758719892894056,-15.311154373196924
high_vol_growth,CUSTOM,BEAR,30_50,3,2019-06-28 00:00:00,2019-08-12 00:00:00,0.9066666666666666,0.5733333333333334,0.8000000000000002,0.5825174435973168,0.599203315152927,0.44642857142857145,0.38932980599647266,-0.25617844672639184,0.5262126320245305,0.2702309999709198,1.0,0.0,1.0,-0.8992483465779085,-0.03661645064854335,-0.8992483465779085,-0.9382472639324451,-0.03832119304947612,0.03899891735453653
high_vol_growth,CUSTOM,BEAR,50_70,8,2017-04-19 00:00:00,2025-05-08 00:00:00,0.8,0.5075000000000001,0.8,0.6458324532955886,0.7190074611302856,0.5939980158730158,0.6436838624338623,0.5099639614157806,0.5771619487645421,0.18391348404982713,1.0,0.0,1.0,27.719516964736624,-0.005140867500691426,27.719516964736624,63.17471262499279,-0.006873942294450486,-35.455195660256166
high_vol_growth,CUSTOM,BEAR,70_85,61,2016-02-04 00:00:00,2025-04-28 00:00:00,0.8186885245901636,0.5032786885245901,0.7999999999999997,0.6987847243908977,0.7139550945119447,0.8053603955243299,0.7907667620782376,0.9248913725505501,0.5912768797386805,0.1596803483382545,1.0,0.0,1.0,6.619701038612135,-0.16215667377372323,6.619701038612135,8.947997283171546,-0.19668077060354427,-2.328296244559411
high_vol_growth,CUSTOM,BEAR,85_95,67,2016-02-05 00:00:00,2025-05-07 00:00:00,0.8098507462686566,0.4585074626865673,0.7999999999999998,0.7732673204656858,0.7572170029689179,0.9217602463871121,0.9074074074074074,1.4675500419225267,0.5936109176446585,0.15919711503899364,1.0,0.0,1.0,1.5099958240682754,-0.1400235191655681,1.5099958240682754,2.0266868583025723,-0.17094497057502023,-0.516691034234297
high_vol_growth,CUSTOM,BEAR,95_100,21,2015-01-28 00:00:00,2022-04-20 00:00:00,0.8104761904761906,0.4685714285714286,0.8000000000000002,0.7919651540971938,0.7360113764434777,0.981103552532124,0.9755110663569204,2.2060367232125744,0.6230190509236258,0.16316324080481112,1.0,0.0,1.0,-0.3889765048103099,-0.10220746841872075,-0.3889765048103099,-0.42769887614680124,-0.12263048475873706,0.03872237133649137
high_vol_growth,CUSTOM,BEAR,raw_fallback,28,2013-02-04 00:00:00,2014-10-27 00:00:00,0.8592857142857143,0.8314285714285715,0.8314285714285715,0.2637542390530663,0.26106103904044714,,,,0.352332496985957,0.3939462118442466,0.8571428571428571,0.0,0.0,3.0321966246083116,-0.028424071552536345,3.0321966246083116,3.9390423570832684,-0.034291963411434034,-0.9068457324749568
high_vol_growth,CUSTOM,BULL,00_30,288,2018-08-27 00:00:00,2026-05-07 00:00:00,0.8347916666666667,0.8149305555555556,0.8234722222222223,0.29495919208663207,0.29815428135851413,0.09640239197530864,0.08730618018812462,-1.478316248240765,0.14084226522485407,0.3252347778632174,0.13194444444444445,0.0,1.0,-0.04259778918728219,-0.3336741539904866,-0.04259778918728219,-0.0604786335985229,-0.38787254974857366,0.017880844411240715
high_vol_growth,CUSTOM,BULL,30_50,27,2020-01-27 00:00:00,2026-03-10 00:00:00,0.8185185185185185,0.7318518518518518,0.7622222222222221,0.45087947155590413,0.4094366917680138,0.4423868312757201,0.39388594944150507,-0.3784541577617069,0.23784268464138109,0.35239724679564866,0.2222222222222222,0.0,1.0,4.305157119165466,-0.03780561957385964,4.305157119165466,6.209662809342888,-0.04686024223529528,-1.9045056901774213
high_vol_growth,CUSTOM,BULL,50_70,60,2015-02-25 00:00:00,2026-03-11 00:00:00,0.8256666666666668,0.7363333333333334,0.7823333333333333,0.4299819038932523,0.39963253577556984,0.5868386243386242,0.595175077119112,0.17207147859674354,0.1990923946164259,0.2895090189206509,0.23333333333333334,0.0,1.0,-0.19585884247465768,-0.15863333446999972,-0.19585884247465768,-0.25315575879391405,-0.19482964762013566,0.057296916319256375
high_vol_growth,CUSTOM,BULL,70_85,30,2015-04-17 00:00:00,2025-12-04 00:00:00,0.8453333333333334,0.6713333333333332,0.7673333333333333,0.5184498960773152,0.49233163036925814,0.7806216931216932,0.7736227219038699,0.7717149088953517,0.2793443475387594,0.39195513929381665,0.4,0.0,1.0,1.3298276238173043,-0.04403173336101651,1.3298276238173043,2.0385319348052526,-0.04963036605354032,-0.7087043109879483
high_vol_growth,CUSTOM,BULL,85_95,20,2015-02-13 00:00:00,2025-12-03 00:00:00,0.8390000000000001,0.6809999999999998,0.797,0.513360927812755,0.4873332603013297,0.88125,0.8908698607841226,1.3754232442184358,0.35706461978049153,0.2715842074715212,0.55,0.0,1.0,-0.7662531547517186,-0.14443401585585824,-0.7662531547517186,-0.8398879110561854,-0.17851936406993918,0.07363475630446681
high_vol_growth,CUSTOM,BULL,95_100,11,2015-03-25 00:00:00,2017-03-22 00:00:00,0.8090909090909091,0.5981818181818181,0.7872727272727272,0.699506387114525,0.6154923810594007,0.9835858585858586,0.9881814402642232,3.028054680965626,0.2930268182659177,0.29029453325491866,0.6363636363636364,0.0,1.0,1.3359466028325966,-0.03469161324077796,1.3359466028325966,1.6304784220333617,-0.04427457493930531,-0.2945318192007651
high_vol_growth,CUSTOM,BULL,raw_fallback,410,2013-01-28 00:00:00,2014-12-17 00:00:00,0.8485853658536584,0.8544390243902439,0.8558048780487805,0.15645159823501978,0.15485779357205778,,,,0.14699984264462487,0.42726226444938675,0.07317073170731707,0.0,0.0,0.2150004652380746,-0.08107413257780505,0.2150004652380746,0.24953875308355067,-0.0953919816644585,-0.03453828784547608
high_vol_growth,CUSTOM,NEUTRAL,00_30,15,2018-10-10 00:00:00,2026-03-13 00:00:00,0.848,0.8119999999999999,0.8320000000000001,0.2755893229941527,0.2907220695407732,0.08346560846560845,0.07804232804232804,-1.4810094781334067,0.39349788591757967,0.37937637329359053,0.6666666666666666,0.0,1.0,1.4259124810798887,-0.03704174349162559,1.4259124810798887,1.9430640679949218,-0.045266701084602845,-0.5171515869150332
high_vol_growth,CUSTOM,NEUTRAL,30_50,8,2017-05-01 00:00:00,2026-03-09 00:00:00,0.8525,0.6975,0.7975000000000001,0.4507360253483057,0.44913079078561535,0.37351190476190477,0.41798941798941797,-0.27010471831197125,0.39368028340907996,0.38118501433550417,0.75,0.0,1.0,-0.5230775918943447,-0.04377978121196735,-0.5230775918943447,-0.5733712621222764,-0.05147410988189516,0.05029367022793174
high_vol_growth,CUSTOM,NEUTRAL,50_70,9,2018-05-02 00:00:00,2022-11-16 00:00:00,0.8,0.5177777777777778,0.7155555555555555,0.6768042686912747,0.684984382867174,0.5983245149911817,0.6058201058201058,0.4005426744588696,0.448268075516694,0.21492781088293564,0.6666666666666666,0.0,1.0,-0.5154512770844442,-0.04546570731010824,-0.5154512770844442,-0.6026243395450408,-0.05699038570553916,0.08717306246059664
high_vol_growth,CUSTOM,NEUTRAL,70_85,13,2017-05-05 00:00:00,2024-09-30 00:00:00,0.813846153846154,0.503076923076923,0.8000000000000002,0.695638763675323,0.7112844262845767,0.8534798534798534,0.8134920634920634,1.0181112392037868,0.614780148691113,0.20524416252222544,1.0,0.0,1.0,-0.5956142821583695,-0.06682677744411558,-0.5956142821583695,-0.6933799851599398,-0.08383707792397788,0.09776570300157028
high_vol_growth,CUSTOM,NEUTRAL,85_95,9,2016-01-26 00:00:00,2024-08-29 00:00:00,0.8444444444444444,0.5377777777777778,0.8044444444444445,0.6942477302418815,0.6847892032386911,0.9206349206349205,0.9132863021751911,1.6092004034123708,0.4971220308906419,0.28467789025582246,1.0,0.0,1.0,-0.9857725214486148,-0.16410424130325496,-0.9857725214486148,-0.993313543160491,-0.19031670572114678,0.007541021711876206
high_vol_growth,CUSTOM,NEUTRAL,95_100,4,2016-02-02 00:00:00,2017-03-21 00:00:00,0.81,0.495,0.8,0.7660351015627385,0.7170047754533015,0.9722222222222222,0.9814814814814814,2.1595761235119615,0.4353690796853068,0.24825348674379194,1.0,0.0,1.0,-0.9733652658877788,-0.0564736326041998,-0.9733652658877788,-0.9888689303084205,-0.06923806989785841,0.01550366442064166
high_vol_growth,CUSTOM,NEUTRAL,raw_fallback,21,2013-01-30 00:00:00,2014-10-30 00:00:00,0.8609523809523809,0.8504761904761905,0.8571428571428571,0.18160012309395132,0.1735197426754367,,,,0.2651048431388394,0.4796605363000743,0.6666666666666666,0.0,0.0,0.9578406310197303,-0.032440496491786264,0.9578406310197303,1.1589407470870885,-0.03856238528473743,-0.20110011606735823
high_vol_growth,EXTREME_RISK,BEAR,85_95,3,2022-06-02 00:00:00,2022-06-17 00:00:00,0.3000000000000001,0.3,0.3000000000000001,0.8251588046550751,0.8704470491052265,0.916005291005291,0.9422398589065256,1.8286810692255735,0.5065256666005865,0.09576109680049198,0.0,0.0,1.0,0.5439941727538051,0.0,0.5439941727538051,1.0823487988848588,-0.012435187337156539,-0.5383546261310537
high_vol_growth,EXTREME_RISK,BEAR,95_100,30,2022-04-26 00:00:00,2022-06-16 00:00:00,0.30000000000000016,0.30000000000000004,0.30000000000000016,0.90067526191473,0.8950530331629489,0.9751322751322752,0.9833333333333333,2.3336259613245263,0.5111996884641649,0.08680309205338098,0.0,0.0,1.0,0.2753617167112097,-0.06242437600675632,0.2804109167530109,0.5372823136822311,-0.20556708939573376,-0.26192059697102144
high_vol_growth,EXTREME_RISK,NEUTRAL,85_95,2,2017-03-16 00:00:00,2017-03-17 00:00:00,0.3000000000000001,0.42,0.61,0.7439680844545364,0.8276900724370183,0.8234126984126984,0.8822751322751323,1.262213839573075,0.39727398842131034,0.09977930585791836,0.5,0.0,1.0,0.3481125235270017,-0.008132963419968942,0.3481125235270017,-0.17320564359650448,-0.03234395709513893,0.5213181671235062
high_vol_growth,EXTREME_RISK,NEUTRAL,95_100,1,2017-03-15 00:00:00,2017-03-15 00:00:00,0.3000000000000001,0.3,0.3000000000000001,0.8852301120758057,0.8694306658637185,0.998015873015873,0.9986772486772487,1.8891547102151816,0.3562350452304083,0.1023460357529902,0.0,0.0,1.0,5.590595838234145,0.0,5.998289385774661,226.52625599495664,0.0,-220.9356601567225
high_vol_growth,HIGH_VOL,BEAR,50_70,3,2022-10-17 00:00:00,2022-10-20 00:00:00,0.52,0.5466666666666667,0.5466666666666667,0.6171276281277339,0.6610626380006531,0.5952380952380953,0.6750440917107584,0.47439364011448176,0.330153354089402,0.06765440360139313,0.0,0.0,1.0,1.203186930491666,0.0,1.203186930491666,10.821431772535535,0.0,-9.618244842043868
high_vol_growth,HIGH_VOL,BEAR,70_85,7,2020-03-19 00:00:00,2022-10-21 00:00:00,0.52,0.5171428571428571,0.5171428571428571,0.70247189615454,0.7030824880115579,0.7471655328798186,0.7877928949357521,0.8892114006429672,0.29033867025557625,0.1238762691559224,0.0,0.0,1.0,6.842535039669601,-0.04061671980833281,6.842535039669601,27.07922538928812,-0.07469872172240144,-20.23669034961852
high_vol_growth,HIGH_VOL,BEAR,85_95,3,2019-05-21 00:00:00,2020-03-20 00:00:00,0.52,0.4533333333333333,0.4533333333333333,0.8197613259156545,0.7505188275659004,0.9226190476190476,0.9052028218694885,1.355190060325053,0.2827080782662587,0.3342572532460482,0.0,0.0,1.0,165.36135917956742,-0.007746627447081655,165.36135917956742,11120.512251499538,-0.014729823738974357,-10955.15089231997
high_vol_growth,HIGH_VOL,BULL,00_30,1,2018-03-27 00:00:00,2018-03-27 00:00:00,0.52,0.6,0.6,0.50479104667902,0.6399935747920988,0.18055555555555555,0.2328042328042328,-0.6565687383983321,0.0886729530437816,0.1588452899561627,0.0,0.0,1.0,470.5285282343081,0.0,470.5285282343081,88995.43919399954,0.0,-88524.91066576523
high_vol_growth,HIGH_VOL,BULL,30_50,12,2018-03-23 00:00:00,2023-01-19 00:00:00,0.5199999999999999,0.58,0.58,0.5420348708828291,0.6218242377373209,0.3189484126984127,0.3865740740740741,-0.26314886530813786,0.1353532349609654,0.44595758208530195,0.0,0.0,1.0,0.7410579529173913,-0.03278917484256194,0.7410579529173913,1.8499194904856933,-0.06316091458834294,-1.108861537568302
high_vol_growth,HIGH_VOL,BULL,50_70,26,2016-07-11 00:00:00,2023-01-11 00:00:00,0.52,0.5707692307692308,0.5707692307692308,0.5745179022733982,0.6361800248690805,0.5166361416361416,0.594017094017094,0.3033650487878346,0.16328578982710434,0.3274362549679602,0.0,0.0,1.0,7.349464511429995,-0.01351083892146332,7.349464511429995,56.417120180356314,-0.025958483807586807,-49.06765566892632
high_vol_growth,HIGH_VOL,BULL,70_85,50,2016-05-04 00:00:00,2024-08-08 00:00:00,0.52,0.5307999999999999,0.5367999999999999,0.6660088207423689,0.6813477179918331,0.7117857142857144,0.764973544973545,0.8798161888177425,0.09886026398203089,0.3006051495176347,0.02,0.0,1.0,1.4301202928464463,-0.05970355357588608,1.4301202928464463,4.226743505747462,-0.11121282419199441,-2.7966232129010153
high_vol_growth,HIGH_VOL,BULL,85_95,55,2015-09-16 00:00:00,2018-03-21 00:00:00,0.5199999999999999,0.5225454545454545,0.5225454545454545,0.7010936188426886,0.711123185105743,0.8824675324675324,0.9200480708622071,1.590349493668171,0.06385712548220518,0.2952991425258726,0.0,0.0,1.0,0.2697057723656544,-0.05241744472325127,0.2697057723656544,0.47091357468220707,-0.10790895537365441,-0.20120780231655266
high_vol_growth,HIGH_VOL,BULL,95_100,41,2015-09-09 00:00:00,2017-06-20 00:00:00,0.52,0.4931707317073171,0.4931707317073171,0.7626829775368296,0.7397700158120942,0.9662698412698413,0.9770752330670739,2.0536191908399726,0.1192351798478941,0.3116837317550691,0.0,0.0,1.0,1.147455078579033,-0.04366615018680542,1.147455078579033,3.008157778303522,-0.08453716183125848,-1.8607026997244889
high_vol_growth,HIGH_VOL,NEUTRAL,50_70,2,2020-03-24 00:00:00,2020-03-25 00:00:00,0.52,0.52,0.52,0.61270931661129,0.7078721531230987,0.6755952380952381,0.5648148148148149,0.16102583473796897,0.20028827319660125,0.21213431875861388,0.0,0.0,1.0,8.875616929981566,-0.006841103820137029,8.875616929981566,35.4357952171159,-0.017532175049439158,-26.560178287134335
high_vol_growth,HIGH_VOL,NEUTRAL,70_85,5,2020-03-17 00:00:00,2024-08-07 00:00:00,0.52,0.52,0.58,0.7162963056564332,0.7042689760485926,0.834126984126984,0.785978835978836,0.8879866589638796,0.23787253609082865,0.363749595781922,0.2,0.0,1.0,0.5569860878267747,-0.04247565756896721,0.5569860878267747,0.3321851753675451,-0.0785809054357931,0.22480091245922962
high_vol_growth,HIGH_VOL,NEUTRAL,85_95,8,2016-03-03 00:00:00,2023-01-06 00:00:00,0.52,0.52,0.595,0.7252313047647476,0.7261254514610451,0.8484623015873016,0.8880621693121693,1.4121633259625637,0.2230769400379594,0.4748487743038499,0.25,0.0,1.0,0.465907104611085,-0.018758643320688217,0.465907104611085,0.16234285496668122,-0.055435083580003264,0.30356424964440376
high_vol_growth,HIGH_VOL,NEUTRAL,95_100,2,2016-02-26 00:00:00,2016-02-29 00:00:00,0.52,0.52,0.52,0.7531973108649255,0.7433377365911349,0.9722222222222222,0.9814814814814815,2.258695944622085,0.3747436753922839,0.2681744959699449,0.0,0.0,1.0,16.76715451729501,0.0,16.76715451729501,488.5389575685796,0.0,-471.77180305128456
high_vol_growth,NORMAL,BEAR,00_30,51,2018-04-09 00:00:00,2026-04-09 00:00:00,0.9913725490196079,0.7717647058823528,0.9913725490196079,0.3230804245992034,0.3626867704460138,0.13332555244319952,0.12148563128955285,-1.225504815838611,0.622244069189935,0.20014711001154364,1.0,1.0,1.0,0.8082583406002246,-0.19721454106304737,0.8168269637697188,0.8219438210709988,-0.19721454106304737,-0.013685480470774225
high_vol_growth,NORMAL,BEAR,30_50,17,2018-10-30 00:00:00,2025-01-17 00:00:00,0.9929411764705882,0.6788235294117647,0.9929411764705882,0.5079029929988526,0.47296349334628085,0.48062558356676005,0.40079365079365076,-0.3146440259215513,0.7106840339815433,0.14290354774035788,1.0,1.0,1.0,26.319498108217747,-0.03232276329219519,26.319498108217747,26.946434175365475,-0.03232276329219519,-0.626936067147728
high_vol_growth,NORMAL,BEAR,50_70,16,2021-03-24 00:00:00,2025-01-28 00:00:00,0.9724999999999999,0.6699999999999999,0.9724999999999999,0.5572973622940481,0.5007319614902743,0.5962301587301587,0.5804398148148149,0.15141583059352096,0.5307462862486247,0.29999349651053875,1.0,1.0,1.0,0.3837796336301713,-0.07345044406667478,0.3854769724557894,0.38787885028334435,-0.07642654736473187,-0.004099216653173032
high_vol_growth,NORMAL,BEAR,70_85,5,2015-05-27 00:00:00,2025-01-29 00:00:00,1.0,0.716,1.0,0.4157685860991478,0.4342264991544368,0.7797619047619048,0.7400664106950354,0.5589602685077752,0.6857173078407877,0.15022961110536842,1.0,1.0,1.0,-0.8652470832447461,-0.045896675240105766,-0.8652470832447461,-0.8652470832447461,-0.045896675240105766,0.0
high_vol_growth,NORMAL,BEAR,85_95,19,2015-06-10 00:00:00,2015-08-06 00:00:00,1.0,0.7073684210526315,1.0,0.4511594153156406,0.4534196879323031,0.9114452798663326,0.9274731839923036,1.7224947357356009,0.6719856531597576,0.1325187437853562,1.0,1.0,1.0,2.164158668252651,-0.058671992379692006,2.164158668252651,2.164158668252651,-0.058671992379692006,0.0
high_vol_growth,NORMAL,BEAR,95_100,24,2015-01-30 00:00:00,2015-08-24 00:00:00,0.9983333333333334,0.6816666666666666,0.9983333333333334,0.5524430373062691,0.4815953376183157,0.9580853174603173,0.9666309202939791,2.5970469986456597,0.6834249017194974,0.12130776263199121,1.0,1.0,1.0,4.329653707165101,-0.05005803480337878,4.349669140602287,4.370019377241253,-0.05005803480337867,-0.04036567007615144
high_vol_growth,NORMAL,BEAR,raw_fallback,12,2013-01-02 00:00:00,2014-10-15 00:00:00,0.9783333333333335,0.8500000000000001,0.9783333333333335,0.14842838340749342,0.1520747481049852,,,,0.5125163625132381,0.32771216499507544,1.0,0.9166666666666666,0.0,-0.1922975971590627,-0.0619196358464047,-0.18389925145991726,-0.23160785511394788,-0.06414575619589813,0.039310257954885186
high_vol_growth,NORMAL,BULL,00_30,379,2015-01-22 00:00:00,2026-04-15 00:00:00,0.7873350923482849,0.7530870712401054,0.7956728232189976,0.3581066746186062,0.38926938781908993,0.16136344599405286,0.1516635660800035,-1.18261055522381,0.19894670248801483,0.3141156091412391,0.18469656992084432,0.16886543535620052,1.0,0.39535390927000047,-0.3107749806489273,0.409105221694384,0.5515554898448589,-0.3190866260774454,-0.15620158057485845
high_vol_growth,NORMAL,BULL,30_50,192,2015-01-26 00:00:00,2025-01-24 00:00:00,0.7615625,0.7326041666666668,0.7635416666666667,0.45378524483530785,0.4402487350524386,0.3648520171957672,0.3849240994968957,-0.4150609233748368,0.14324321012915323,0.31035467599770633,0.09895833333333333,0.09895833333333333,1.0,0.7566448354998578,-0.15365294702155075,0.7645288385902229,1.1727947596924557,-0.1839805289626213,-0.4161499241925979
high_vol_growth,NORMAL,BULL,50_70,91,2015-01-21 00:00:00,2025-09-12 00:00:00,0.7393406593406594,0.7162637362637363,0.7402197802197801,0.4968918893117825,0.45243526788957816,0.544239490668062,0.584556120751467,0.191934242475628,0.09635464739759722,0.338481938707181,0.07692307692307693,0.07692307692307693,1.0,1.5962033429333031,-0.09795055117289209,1.6372466257942113,2.513476294010204,-0.13009716783040015,-0.9172729510769009
high_vol_growth,NORMAL,BULL,70_85,47,2015-01-16 00:00:00,2025-11-21 00:00:00,0.7438297872340429,0.7021276595744681,0.7340425531914895,0.48657017147287424,0.4610578409889851,0.7248817966903073,0.7686433487681089,0.7712327841244969,0.15847234590284517,0.42410097069290326,0.14893617021276595,0.10638297872340426,1.0,0.21044869981740222,-0.07294523026339206,0.24096873442058198,0.30125784354517227,-0.09363112067706536,-0.09080914372777005
high_vol_growth,NORMAL,BULL,85_95,24,2015-01-09 00:00:00,2025-11-24 00:00:00,0.8116666666666665,0.73,0.815,0.47023914524664484,0.4409934119838697,0.8578042328042329,0.8912482413376465,1.42618246167661,0.2813325750656532,0.26992637343691556,0.4166666666666667,0.2916666666666667,1.0,-0.03886967029606814,-0.08190226065191519,-0.024632397430142006,0.1374320678758445,-0.11313927717367989,-0.17630173817191264
high_vol_growth,NORMAL,BULL,95_100,14,2015-01-02 00:00:00,2015-08-20 00:00:00,0.7885714285714285,0.7357142857142858,0.8057142857142858,0.4826894548854658,0.42487279134682865,0.9801587301587302,0.9812710665339425,2.9641976582609244,0.2889128860997933,0.37508660184753356,0.42857142857142855,0.21428571428571427,1.0,0.46067092325440884,-0.03421882373397944,0.48416861412082435,0.6155421937509913,-0.03539822199050524,-0.15487127049658245
high_vol_growth,NORMAL,BULL,raw_fallback,26,2013-01-04 00:00:00,2014-12-31 00:00:00,0.796153846153846,0.7830769230769229,0.8084615384615383,0.3080156691229114,0.3097858070051514,,,,0.17625550258839892,0.5048588443680436,0.19230769230769232,0.19230769230769232,0.0,-0.4822187309323295,-0.06808158202209291,-0.4757098290805324,-0.5559422253131159,-0.07035077908640297,0.0737234943807864
high_vol_growth,NORMAL,NEUTRAL,00_30,32,2018-04-06 00:00:00,2026-01-23 00:00:00,0.9762500000000001,0.7575,0.97875,0.33533470153342937,0.3747010789355524,0.11619543650793651,0.11375661375661375,-1.3068477659805213,0.5950007445373974,0.21919594416262014,1.0,0.90625,1.0,1.122371722046203,-0.13803020922846365,1.1416308817237466,1.0650442320833302,-0.1424728712410558,0.057327489962872846
high_vol_growth,NORMAL,NEUTRAL,30_50,8,2018-04-10 00:00:00,2025-01-21 00:00:00,0.9625,0.705,0.9724999999999999,0.4614073604345322,0.4673129649682587,0.42782738095238093,0.37450396825396826,-0.4468170109645064,0.6189454590132799,0.20251474012660403,1.0,0.875,1.0,6.619810453118816,-0.0677085398798194,6.619810453118816,8.740913461519803,-0.06864898707741773,-2.1211030084009863
high_vol_growth,NORMAL,NEUTRAL,50_70,6,2015-05-29 00:00:00,2022-08-24 00:00:00,0.98,0.66,0.98,0.4445027032246192,0.4655629784146201,0.5737433862433862,0.6031317958635691,0.19753348053025196,0.5455166133952148,0.2615144201542782,1.0,1.0,1.0,-0.9831382224771656,-0.08861865891197807,-0.9831382224771656,-0.9863998546264766,-0.0922792838320875,0.003261632149310967
high_vol_growth,NORMAL,NEUTRAL,70_85,6,2015-06-02 00:00:00,2022-08-09 00:00:00,0.98,0.71,0.98,0.46479204309483374,0.42545265250145176,0.7711640211640213,0.769584340525412,0.6638380806057688,0.5861769485287082,0.20752253024561496,1.0,1.0,1.0,0.3255222600038452,-0.02291135849525683,0.34786112603271757,0.3796962334272673,-0.02291135849525683,-0.05417397342342212
high_vol_growth,NORMAL,NEUTRAL,85_95,2,2015-06-09 00:00:00,2015-06-18 00:00:00,1.0,0.78,1.0,0.3457145400345325,0.3563456678534104,0.8759920634920635,0.8919866007792454,1.0537958894239572,0.594378609487721,0.21947500047995694,1.0,1.0,1.0,1.2772963701134503,-0.00411545233045274,1.2772963701134503,1.2772963701134503,-0.00411545233045274,0.0
high_vol_growth,NORMAL,NEUTRAL,95_100,2,2015-01-29 00:00:00,2015-02-03 00:00:00,1.0,0.74,1.0,0.38858101293444636,0.4039787076320045,0.9583333333333334,0.9598850574712643,1.997004764360243,0.5795769503131438,0.1997356364740355,1.0,1.0,1.0,112.06466084313784,0.0,117.19746862519364,117.19746862519364,0.0,-5.132807782055792
high_vol_growth,NORMAL,NEUTRAL,raw_fallback,7,2013-01-03 00:00:00,2013-01-31 00:00:00,0.9800000000000001,0.8600000000000001,0.9800000000000001,0.10686624326876228,0.10479176277440974,,,,0.4981593027408754,0.3806842866254215,1.0,0.8571428571428571,0.0,-0.5850692553764041,-0.014274042048399105,-0.5820277067195067,-0.6241157090805192,-0.016976429810373617,0.03904645370411508
high_vol_growth,RISK_OFF,BEAR,50_70,3,2022-10-04 00:00:00,2022-10-06 00:00:00,0.42,0.52,0.7066666666666667,0.5994564404090246,0.6909541815239347,0.5701058201058201,0.6441798941798941,0.3874321152638589,0.4132583197631982,0.06708604668967794,0.6666666666666666,0.0,1.0,-0.9918229644238375,-0.051302157170917906,-0.9918229644238375,-0.9999697394280956,-0.11119564728276277,0.008146775004258089
high_vol_growth,RISK_OFF,BEAR,70_85,12,2017-04-18 00:00:00,2022-10-07 00:00:00,0.515,0.4283333333333334,0.6416666666666666,0.7665998520950477,0.7964494942248637,0.7820767195767195,0.8111772486772487,0.9986641387142364,0.3965100612687859,0.09944791897803684,0.5833333333333334,0.0,1.0,0.6321453422806247,-0.02523353348222168,0.7116288424064781,0.475994125315073,-0.07081973785292006,0.15615121696555168
high_vol_growth,RISK_OFF,BEAR,85_95,24,2019-01-07 00:00:00,2022-10-03 00:00:00,0.45166666666666666,0.42,0.515,0.8004213521877924,0.823377416688416,0.8840939153439153,0.9157297178130511,1.438519672848689,0.5427230020987596,0.1306696466839453,0.25,0.0,1.0,2.987847609429969,-0.058182448931036745,3.102009527584845,8.466249648302872,-0.15199133938545883,-5.478402038872903
high_vol_growth,RISK_OFF,BEAR,95_100,43,2017-04-04 00:00:00,2022-06-10 00:00:00,0.42000000000000015,0.41162790697674423,0.4204651162790699,0.8574301330849181,0.8379121068374644,0.9669158361018826,0.9754829580410974,1.722647195536598,0.5363106202784402,0.1418178224106603,0.023255813953488372,0.0,1.0,-0.31587606694324677,-0.1163033023956851,-0.30599993810550885,-0.6409078671028297,-0.26012142751935186,0.3250318001595829
high_vol_growth,RISK_OFF,BULL,30_50,4,2017-10-09 00:00:00,2017-10-12 00:00:00,0.42,0.54,0.54,0.5888685002923012,0.6794040406580388,0.28720238095238093,0.4742063492063492,0.10880943637849033,0.04811626467456325,0.371340363558549,0.0,0.0,1.0,2.776341962912649,0.0,2.776341962912649,17.761868510718532,0.0,-14.985526547805883
high_vol_growth,RISK_OFF,BULL,50_70,9,2017-07-20 00:00:00,2017-10-06 00:00:00,0.42,0.46444444444444444,0.46444444444444444,0.6747839821709527,0.7417170382788386,0.5101410934744268,0.6513815402704292,0.6137339595803005,0.04372575552776531,0.30444038921893446,0.0,0.0,1.0,-0.4595175555471873,-0.03671355675613597,-0.4595175555471873,-0.796786541703639,-0.08726971320369936,0.33726898615645173
high_vol_growth,RISK_OFF,BULL,70_85,17,2017-02-01 00:00:00,2017-09-08 00:00:00,0.44235294117647056,0.46705882352941175,0.4894117647058824,0.7207519005326665,0.7580342964693607,0.6897759103641457,0.788048552754435,0.9527001598420632,0.07287822162046492,0.3353784688440515,0.058823529411764705,0.0,1.0,0.5805609051337197,-0.01849191045875076,0.6037890279668736,1.1414485265775243,-0.04099425918612043,-0.5608876214438046
high_vol_growth,RISK_OFF,BULL,85_95,38,2016-03-28 00:00:00,2017-10-05 00:00:00,0.4226315789473684,0.43052631578947365,0.43052631578947365,0.782963579265695,0.7769499434057349,0.8658625730994153,0.909983291562239,1.2759465669974959,0.0756454991139401,0.267750966578987,0.0,0.0,1.0,0.29491652533262935,-0.06434217767498251,0.30006512540782304,0.8067136647590385,-0.14817246431608933,-0.5117971394264091
high_vol_growth,RISK_OFF,BULL,95_100,39,2016-03-22 00:00:00,2017-09-13 00:00:00,0.4225641025641026,0.4246153846153847,0.4246153846153847,0.8251404983875079,0.8054927361497399,0.9695767195767198,0.9797178130511464,1.6961809358073616,0.06917875759419886,0.1700224999689653,0.0,0.0,1.0,0.0849502863140148,-0.07018556807074738,0.09197987013361097,0.1583488673367568,-0.15078976376978015,-0.073398581022742
high_vol_growth,RISK_OFF,NEUTRAL,85_95,1,2017-03-28 00:00:00,2017-03-28 00:00:00,0.42,0.42,0.42,0.7830071538686753,0.8163624764366416,0.9226190476190477,0.9484126984126984,1.4046368146162815,0.3729392529134261,0.0930126301423826,0.0,0.0,1.0,4.785548107854404,0.0,4.785548107854404,119.34563729193012,0.0,-114.56008918407571
high_vol_growth,RISK_OFF,NEUTRAL,95_100,5,2017-03-13 00:00:00,2017-03-27 00:00:00,0.42000000000000004,0.39599999999999996,0.396,0.854696776866913,0.8392150832495666,0.9825396825396824,0.9883597883597883,1.7424694935148206,0.3600726954807462,0.09495316561901063,0.0,0.0,1.0,0.6649882805629956,-0.003746825478999627,0.7297636656305737,1.5454536486407098,-0.008406290726788002,-0.8804653680777141
high_vol_growth,WATCH,BEAR,00_30,3,2018-08-01 00:00:00,2025-05-12 00:00:00,0.9733333333333333,0.6,0.9733333333333333,0.4646679942806562,0.5929358379885762,0.23214285714285712,0.2244268077601411,-0.8133507138436405,0.6594989453301753,0.20583527563689788,1.0,1.0,1.0,10.556248357555626,-0.015563916899148045,10.635400751222724,12.605559455390614,-0.015483916899147965,-2.0493110978349875
high_vol_growth,WATCH,BEAR,30_50,33,2017-04-28 00:00:00,2025-05-09 00:00:00,0.9684848484848485,0.5975757575757575,0.9684848484848485,0.5665581523469001,0.5884205566711728,0.4084295334295335,0.41554433221099885,-0.18510148242938507,0.7551348394531704,0.11366737188252608,1.0,1.0,1.0,-0.8316503630200882,-0.2560074520873006,-0.8309522089613769,-0.8406655355354142,-0.2622795722476646,0.00901517251532602
high_vol_growth,WATCH,BEAR,50_70,28,2017-04-25 00:00:00,2025-04-04 00:00:00,0.9528571428571428,0.5885714285714286,0.9528571428571428,0.6032534445502928,0.6176899423320003,0.6706349206349206,0.6072845804988661,0.289618514991966,0.67479551173637,0.1576833320214754,1.0,0.9285714285714286,1.0,-0.5994683140749243,-0.17997492474041454,-0.5923680845388715,-0.5687370014135372,-0.18755872922202266,-0.030731312661387067
high_vol_growth,WATCH,BEAR,70_85,43,2017-04-26 00:00:00,2025-04-08 00:00:00,0.9348837209302324,0.5590697674418604,0.9348837209302324,0.6791560556306395,0.645637225310845,0.8139073458840901,0.778516057585825,0.8858017209870028,0.6378545336172606,0.17037950940191526,0.9767441860465116,0.8837209302325582,1.0,-0.6449398943471485,-0.23674544299582467,-0.6374633363775448,-0.6441248901686314,-0.2452912639867978,-0.0008150041785170981
high_vol_growth,WATCH,BEAR,85_95,23,2015-05-22 00:00:00,2025-04-16 00:00:00,0.8800000000000002,0.5478260869565217,0.8800000000000002,0.715407156944275,0.6692624130843055,0.9231366459627328,0.9070193494059852,1.473382632927337,0.5985992339068656,0.1697680215794212,0.9565217391304348,0.5652173913043478,1.0,9.134678497700047,-0.12893138447669705,9.54963193793977,8.755935406311332,-0.1411814843056377,0.3787430913887153
high_vol_growth,WATCH,BEAR,95_100,15,2015-05-12 00:00:00,2022-02-22 00:00:00,0.9226666666666669,0.5466666666666665,0.9226666666666669,0.7242189354697863,0.6517128083940615,0.9793650793650794,0.9818574351414514,3.0111500939566778,0.6307407894970258,0.15993584443947254,1.0,0.7333333333333333,1.0,5.438261416796493,-0.07288017400140401,5.580039638952353,8.649835295079257,-0.08205877480738255,-3.2115738782827634
high_vol_growth,WATCH,BULL,00_30,88,2018-01-03 00:00:00,2024-04-08 00:00:00,0.6304545454545454,0.6540909090909092,0.6868181818181819,0.45429659059948546,0.5181972067300594,0.21532287157287155,0.21030242905242902,-0.8603435879318808,0.20251271037156995,0.34358789400324297,0.09090909090909091,0.07954545454545454,1.0,0.8658141949200924,-0.06731412739907972,0.8717831328826531,1.9384188018505148,-0.10900933114265388,-1.0726046069304225
high_vol_growth,WATCH,BULL,30_50,147,2016-08-10 00:00:00,2024-10-07 00:00:00,0.6227210884353741,0.6070748299319727,0.6303401360544217,0.539286651396427,0.5552594417889466,0.3493143289061657,0.40098261526832957,-0.21750426821332794,0.12104506309282417,0.33795888479419256,0.061224489795918366,0.05442176870748299,1.0,0.07356442047265932,-0.17267963490428284,0.07564708982935797,0.17006732193094476,-0.2410715129490365,-0.09650290145828544
high_vol_growth,WATCH,BULL,50_70,174,2016-05-26 00:00:00,2025-09-22 00:00:00,0.6140229885057471,0.6062068965517241,0.6211494252873563,0.5732140836316622,0.5671280595415237,0.5915549169859515,0.5924253481724745,0.25701886374159066,0.09594600779104451,0.3055646198632679,0.040229885057471264,0.040229885057471264,1.0,0.24668459797267328,-0.13805907092202196,0.2513089036478404,0.35663627473847037,-0.21713409416672935,-0.10995167676579709
high_vol_growth,WATCH,BULL,70_85,112,2015-10-21 00:00:00,2025-08-20 00:00:00,0.6162499999999999,0.5923214285714284,0.615,0.6171944597336864,0.5965731730079614,0.7565724206349207,0.7687607729543436,0.8369490445387701,0.09053026693309714,0.325753161064072,0.0625,0.044642857142857144,1.0,0.6288489544799276,-0.11975199655416646,0.6382427287917574,0.9682328468566814,-0.20249683036337807,-0.3393838923767538
high_vol_growth,WATCH,BULL,85_95,59,2015-09-22 00:00:00,2025-11-25 00:00:00,0.623728813559322,0.5928813559322036,0.6271186440677966,0.633982233652624,0.6103261360726697,0.8573446327683615,0.8979925072569745,1.5560879535719163,0.11411171396708454,0.3470539276673544,0.11864406779661017,0.05084745762711865,1.0,0.6000316728588229,-0.05692269655079418,0.6117909771091525,1.4065284184145805,-0.09749175677236999,-0.8064967455557577
high_vol_growth,WATCH,BULL,95_100,42,2015-04-01 00:00:00,2017-02-13 00:00:00,0.6323809523809524,0.5619047619047619,0.6276190476190476,0.6972484988470873,0.640201152652641,0.9614984882842025,0.9730043209495085,2.5000780970952325,0.17784149306120275,0.33630305508096076,0.21428571428571427,0.07142857142857142,1.0,1.8827922652610058,-0.04935900616700595,1.927921680983383,6.58923342767615,-0.05147404165224734,-4.706441162415144
high_vol_growth,WATCH,NEUTRAL,00_30,5,2018-08-02 00:00:00,2019-07-01 00:00:00,0.9039999999999999,0.6,0.9039999999999999,0.5150454896688461,0.5884863201445314,0.21547619047619046,0.22857142857142856,-0.7356357361508594,0.6164969338964679,0.23943226629647532,0.8,0.8,1.0,1.5923909696763445,-0.008264202018959388,1.6449367837511248,0.8930373052934117,-0.015181833323816063,0.6993536643829328
high_vol_growth,WATCH,NEUTRAL,30_50,8,2018-01-02 00:00:00,2021-01-05 00:00:00,0.9299999999999999,0.5900000000000001,0.9299999999999999,0.5897757472470403,0.5903147466842077,0.404265873015873,0.44791666666666663,-0.05383796661383852,0.723915285140266,0.1192788729081624,0.875,0.875,1.0,22.748558767351497,-0.013256468645686192,23.101755666612547,28.096595080003937,-0.013256468645686303,-5.3480363126524395
high_vol_growth,WATCH,NEUTRAL,50_70,14,2017-04-27 00:00:00,2025-02-20 00:00:00,0.9457142857142856,0.5771428571428571,0.9457142857142856,0.5984351318861757,0.609757892682562,0.6788548752834468,0.615079365079365,0.30028243494595747,0.5700255442044978,0.23018191084956433,0.9285714285714286,0.9285714285714286,1.0,-0.6374878742619725,-0.11162245582169072,-0.627882714387449,-0.5842057956068452,-0.11282191267378439,-0.05328207865512735
high_vol_growth,WATCH,NEUTRAL,70_85,8,2020-03-12 00:00:00,2022-03-30 00:00:00,0.8875,0.56,0.8875,0.6463677614927292,0.6485472671795829,0.7946428571428572,0.77744708994709,0.8298043146452501,0.6323106906449012,0.16391082457578696,0.875,0.75,1.0,-0.9847517948915471,-0.0651968730612067,-0.984278280569556,-0.9995776792159997,-0.06783943668158776,0.014825884324452643
high_vol_growth,WATCH,NEUTRAL,85_95,11,2016-03-08 00:00:00,2022-12-29 00:00:00,0.7654545454545453,0.5345454545454544,0.758181818181818,0.7385552100159906,0.6751876481308756,0.8688672438672438,0.8823953823953823,1.3058972933474893,0.3860486636792133,0.3665241050749438,0.6363636363636364,0.36363636363636365,1.0,1.0034242170103602,-0.04331885339269326,1.057118868852938,0.34761632918229646,-0.06650704556912923,0.6558078878280638
high_vol_growth,WATCH,NEUTRAL,95_100,1,2016-01-21 00:00:00,2016-01-21 00:00:00,0.6,0.6,0.82,0.7104067146778108,0.6410424281686781,0.9523809523809523,0.9682539682539683,2.2729225509725257,0.2481154382211114,0.4712840020188256,1.0,0.0,1.0,0.06935767573755136,0.0,0.06935767573755136,-0.23337395433360142,0.0,0.3027316300711528
mega_cap,CUSTOM,BEAR,00_30,4,2018-02-02 00:00:00,2021-10-04 00:00:00,0.805,0.7599999999999999,0.805,0.3041124159470201,0.3685266561571246,0.14781746031746035,0.14748677248677244,-1.119592403966149,0.4108270838963235,0.30594771834346407,1.0,0.0,1.0,-0.13323490361076384,-0.03902137775407977,-0.13323490361076384,-0.13557099091164926,-0.04833468883177716,0.0023360873008854144
mega_cap,CUSTOM,BEAR,30_50,4,2016-05-26 00:00:00,2026-01-23 00:00:00,0.8,0.685,0.8,0.4032123563811183,0.4736386904633411,0.3948412698412698,0.44146825396825395,-0.26574520991697564,0.43080665051036143,0.2659131485344482,1.0,0.0,1.0,10.112213932041884,0.0,10.112213932041884,19.159907589443744,0.0,-9.04769365740186
mega_cap,CUSTOM,BEAR,50_70,26,2021-03-23 00:00:00,2026-01-21 00:00:00,0.8000000000000002,0.5176923076923077,0.8000000000000002,0.6406930616841867,0.7018585257567712,0.634386446886447,0.6255087505087504,0.42057004999932246,0.724557665844581,0.1053531296369577,1.0,0.0,1.0,0.05776919361747335,-0.09807165155216402,0.05776919361747335,0.024447006649771064,-0.12280559618977227,0.03332218696770228
mega_cap,CUSTOM,BEAR,70_85,83,2015-09-24 00:00:00,2025-06-26 00:00:00,0.8019277108433733,0.4742168674698796,0.7999999999999999,0.7483371565140874,0.751029068682314,0.8184643335245747,0.7948498502021181,1.0463651422377478,0.7053523455393055,0.11021610693305578,1.0,0.0,1.0,-0.18459561165343652,-0.22952844542295048,-0.18459561165343652,-0.23902516007011032,-0.2748797278343158,0.0544295484166738
mega_cap,CUSTOM,BEAR,85_95,86,2015-08-07 00:00:00,2026-03-18 00:00:00,0.8079069767441858,0.4574418604651164,0.7986046511627904,0.778653046454108,0.7580075910178548,0.9294250645994833,0.8960830256746231,1.5334574908022307,0.629570036239717,0.14524584309985258,0.9767441860465116,0.0,1.0,0.289150141618685,-0.09512233426761563,0.289150141618685,0.27320554007349473,-0.11983626247433943,0.015944601545190284
mega_cap,CUSTOM,BEAR,95_100,28,2015-08-21 00:00:00,2025-05-27 00:00:00,0.8057142857142859,0.4342857142857143,0.8000000000000002,0.8159068077802658,0.7812044160900479,0.9932681405895691,0.9773990263790784,1.8911197137773044,0.5685271260550745,0.167756969555326,1.0,0.0,1.0,-0.22110299057191862,-0.11533656204657394,-0.22110299057191862,-0.2388905101788238,-0.1378545533913066,0.017787519606905167
mega_cap,CUSTOM,BEAR,raw_fallback,66,2013-01-03 00:00:00,2013-05-20 00:00:00,0.8024242424242424,0.46242424242424246,0.7999999999999998,0.7553164506500417,0.7546577363294855,,,,0.6668246086145754,0.1117378680785515,1.0,0.0,0.0,-0.3042963072332082,-0.15204555327199654,-0.3042963072332082,-0.3701987092049026,-0.19023387839165462,0.06590240197169439
mega_cap,CUSTOM,BULL,00_30,433,2015-04-17 00:00:00,2026-02-06 00:00:00,0.8287297921478061,0.826743648960739,0.8288221709006929,0.26819314041775033,0.27425664311776127,0.1309752923494263,0.11966687542240527,-1.22954944390713,0.1443028325335697,0.31887492367057213,0.15935334872979215,0.0,1.0,0.2065103728609632,-0.10161873253277953,0.2065103728609632,0.24933344066713503,-0.12532352026260962,-0.042823067806171844
mega_cap,CUSTOM,BULL,30_50,88,2015-02-02 00:00:00,2026-02-11 00:00:00,0.8384090909090909,0.7752272727272728,0.8034090909090911,0.39660353295674367,0.36224168039995147,0.393713924963925,0.37754155063591344,-0.47570840118321994,0.18577392558145409,0.33479839398232253,0.29545454545454547,0.0,1.0,-0.4693284158926506,-0.21842204886341532,-0.4693284158926506,-0.5486038998280591,-0.2633719468692014,0.07927548393540851
mega_cap,CUSTOM,BULL,50_70,45,2015-01-30 00:00:00,2026-04-20 00:00:00,0.8542222222222223,0.7133333333333334,0.7613333333333331,0.49966993167996404,0.4402256256961251,0.581657848324515,0.5919728153419591,0.1552924156400979,0.22835877631929197,0.36967509079243216,0.3111111111111111,0.0,1.0,1.1527955307613187,-0.03475324581380346,1.1527955307613187,1.5250859640316867,-0.037825381843761385,-0.37229043327036804
mega_cap,CUSTOM,BULL,70_85,14,2015-11-05 00:00:00,2022-01-25 00:00:00,0.8757142857142858,0.6385714285714287,0.6985714285714285,0.6128573934946742,0.5488185614192228,0.7954931972789117,0.7572698058735519,0.717811402895964,0.2712897963677773,0.34798070267052955,0.2857142857142857,0.0,1.0,-0.1176384910704441,-0.05194773159102106,-0.1176384910704441,-0.04151291630157661,-0.06322491172320699,-0.0761255747688675
mega_cap,CUSTOM,BULL,85_95,1,2020-02-03 00:00:00,2020-02-03 00:00:00,0.82,0.74,0.74,0.645786139369011,0.4429892143669855,0.7936507936507936,0.8624338624338624,1.1778653957227925,0.0462826370678606,0.4220971698124464,0.0,0.0,1.0,3.7392042905653398,0.0,3.7392042905653398,6.740497139416007,0.0,-3.0012928488506674
mega_cap,CUSTOM,BULL,raw_fallback,129,2013-05-23 00:00:00,2014-12-03 00:00:00,0.8226356589147287,0.790077519379845,0.8110077519379846,0.33658693228927694,0.3303393706427133,,,,0.09724460898111546,0.298427515568661,0.07751937984496124,0.0,0.0,0.24597818477563083,-0.09798839987283692,0.24597818477563083,0.2368696049143426,-0.12162953813434918,0.009108579861288213
mega_cap,CUSTOM,NEUTRAL,00_30,8,2019-06-17 00:00:00,2026-02-03 00:00:00,0.82,0.7949999999999999,0.84,0.29645296046510333,0.33727305835830473,0.15128968253968256,0.17989417989417988,-1.017930394937314,0.3739264778776742,0.3326380416311611,0.875,0.0,1.0,5.787882573937827,-0.0018981063296323875,5.787882573937827,8.527179499529305,-0.0022634985780990435,-2.7392969255914785
mega_cap,CUSTOM,NEUTRAL,30_50,8,2019-03-04 00:00:00,2021-06-03 00:00:00,0.82,0.6875,0.82,0.4691541003063321,0.4971244696106184,0.37003968253968256,0.3998015873015873,-0.30712421703777,0.2582043206214333,0.3816639127381477,1.0,0.0,1.0,-0.01681518303003371,-0.022239545277325745,-0.01681518303003371,-0.051565619650594585,-0.02674166099260622,0.034750436620560876
mega_cap,CUSTOM,NEUTRAL,50_70,20,2015-01-21 00:00:00,2026-04-21 00:00:00,0.866,0.67,0.773,0.5171946505457163,0.4940792637463353,0.6723214285714286,0.6090285468192446,0.20578491035168978,0.356557932735014,0.30851817177030133,0.55,0.0,1.0,2.49928177881394,-0.051097580866484305,2.49928177881394,2.770028507549301,-0.06425777395490984,-0.2707467287353613
mega_cap,CUSTOM,NEUTRAL,70_85,2,2018-02-22 00:00:00,2022-02-23 00:00:00,0.8899999999999999,0.56,0.7,0.6627605229616165,0.61122331702456,0.7966269841269842,0.7738095238095237,0.7988852297594204,0.40085741267066444,0.24766301084944575,0.5,0.0,1.0,35.5803159828111,0.0,35.5803159828111,58.74442145852835,0.0,-23.16410547571725
mega_cap,CUSTOM,NEUTRAL,raw_fallback,5,2013-05-21 00:00:00,2014-04-23 00:00:00,0.8480000000000001,0.6279999999999999,0.792,0.602792538702488,0.5386756458428772,,,,0.4995372150204623,0.2705221812417643,0.6,0.0,0.0,1.0712570248326978,-0.0017034931146062693,1.0712570248326978,1.194102234447218,-0.0019375267127337281,-0.12284520961452028
mega_cap,EXTREME_RISK,BEAR,85_95,1,2020-11-23 00:00:00,2020-11-23 00:00:00,0.3000000000000001,0.3,0.3000000000000001,0.9105538338422776,0.9108662691010412,0.9107142857142857,0.9404761904761905,1.8755451575039361,0.7425675068716042,0.1672592227922656,0.0,0.0,1.0,0.813564375902841,0.0,0.813564375902841,5.519191833118325,0.0,-4.705627457215484
mega_cap,EXTREME_RISK,BEAR,95_100,3,2020-10-30 00:00:00,2020-11-03 00:00:00,0.3000000000000001,0.3,0.3000000000000001,0.9231848895549776,0.9188332852470232,0.9656084656084656,0.9770723104056437,2.031551255991933,0.4271154796480395,0.48228389849124004,0.0,0.0,1.0,11.481295881748563,0.0,11.481295881748563,1941.5546288579785,0.0,-1930.07333297623
mega_cap,EXTREME_RISK,BULL,85_95,8,2020-11-11 00:00:00,2020-12-02 00:00:00,0.3000000000000001,0.3,0.3000000000000001,0.8839549701660873,0.9007530101832459,0.8898809523809523,0.9265873015873016,1.7349291298920337,0.5716527362341461,0.2745439243608975,0.0,0.0,1.0,0.4425551227535931,-0.0034420637894437833,0.4425551227535931,3.132739018614658,-0.00756450585948143,-2.690183895861065
mega_cap,EXTREME_RISK,BULL,95_100,36,2020-09-15 00:00:00,2020-11-12 00:00:00,0.30000000000000016,0.30000000000000004,0.30000000000000016,0.9201196362574896,0.9172494303510523,0.9693562610229279,0.9795708406819517,2.161721599416632,0.1666661119877377,0.6767038710234732,0.0,0.0,1.0,-0.14059919653721875,-0.05278067782308238,-0.13914727303420826,-0.26982605751776967,-0.1456807514146261,0.12922686098055092
mega_cap,EXTREME_RISK,NEUTRAL,85_95,6,2020-11-10 00:00:00,2020-11-20 00:00:00,0.3000000000000001,0.3,0.3000000000000001,0.9089185024301211,0.9117983108708395,0.9160052910052912,0.9440035273368607,1.8900079014492415,0.7184723755320275,0.19218616238223987,0.0,0.0,1.0,-0.32242926560522867,-0.013812182401414463,-0.32242926560522867,-0.800102360337281,-0.04640263071358075,0.47767309473205233
mega_cap,EXTREME_RISK,NEUTRAL,95_100,2,2020-11-04 00:00:00,2020-11-09 00:00:00,0.3000000000000001,0.3,0.3000000000000001,0.9243900150060654,0.9216717304307629,0.9672619047619048,0.9781746031746031,2.0128929721641518,0.5196148626430049,0.39286719597557296,0.0,0.0,1.0,1.6958144500815098,0.0,1.6958144500815098,36.500420023281045,0.0,-34.80460557319954
mega_cap,HIGH_VOL,BEAR,50_70,5,2016-02-17 00:00:00,2016-02-29 00:00:00,0.52,0.5680000000000001,0.608,0.6033415776491167,0.6523664524382793,0.6892857142857143,0.6783068783068783,0.5525543113990021,0.2973069881041933,0.10560491629966033,0.2,0.0,1.0,0.32289551302582953,-0.011797667344181195,0.32289551302582953,0.9953173542243596,-0.024824080468868415,-0.6724218411985301
mega_cap,HIGH_VOL,BEAR,70_85,7,2016-02-16 00:00:00,2019-01-08 00:00:00,0.52,0.52,0.52,0.6374005436897278,0.68139958418407,0.7766439909297052,0.755479969765684,0.7814464520217103,0.24491228090702374,0.10586581474057112,0.0,0.0,1.0,0.8988043744637355,-0.0007127024292434836,0.8988043744637355,2.254009900120217,0.0,-1.3552055256564814
mega_cap,HIGH_VOL,BEAR,85_95,19,2015-09-01 00:00:00,2019-01-04 00:00:00,0.5199999999999999,0.5147368421052632,0.5147368421052632,0.7457476940594223,0.7382456769407986,0.9572890559732665,0.8890005519998444,1.4723575329596217,0.2462617867631154,0.19783052933509687,0.0,0.0,1.0,1.1515571969370089,-0.009883689512989569,1.1515571969370089,3.7138821179830037,-0.025427507314919495,-2.562324921045995
mega_cap,HIGH_VOL,BEAR,95_100,4,2015-09-18 00:00:00,2019-06-03 00:00:00,0.52,0.47,0.47,0.8025996528565884,0.7492991440190275,0.9935515873015873,0.9774476352749452,1.9017537719757935,0.23581138619473035,0.3352846444967039,0.0,0.0,1.0,0.04203795299982094,-0.0048791571029166425,0.04203795299982094,-0.12920689212623138,-0.010401312011551367,0.17124484512605231
mega_cap,HIGH_VOL,BULL,30_50,3,2016-11-23 00:00:00,2016-11-28 00:00:00,0.52,0.6,0.6,0.44399080872535707,0.5560215569153041,0.2552910052910053,0.3994708994708995,-0.2942675994236329,0.3045564160438744,0.48803932366605823,0.0,0.0,1.0,-0.41213690203269315,-0.006663154019128981,-0.41213690203269315,-0.617016267362459,-0.009411095219577947,0.2048793653297658
mega_cap,HIGH_VOL,BULL,50_70,12,2016-11-22 00:00:00,2021-12-29 00:00:00,0.5199999999999999,0.5599999999999999,0.5599999999999999,0.5781434337298076,0.6460854692763572,0.5653108465608465,0.6226851851851852,0.30471660723587596,0.08534286835556544,0.37683462878277857,0.0,0.0,1.0,0.09770919456210914,-0.02610332701992668,0.09770919456210914,0.34628866827679916,-0.04771412183889179,-0.24857947371469002
mega_cap,HIGH_VOL,BULL,70_85,20,2018-04-05 00:00:00,2024-08-15 00:00:00,0.5199999999999999,0.5399999999999999,0.5399999999999999,0.657191172838211,0.6814334819898564,0.7891865079365079,0.7834656084656085,0.8655403279440362,0.13618202242900432,0.42496467444370517,0.0,0.0,1.0,0.23585826109975927,-0.04740976394688534,0.23585826109975927,0.7684515467207462,-0.07918770578847456,-0.532593285620987
mega_cap,HIGH_VOL,BULL,85_95,12,2019-08-15 00:00:00,2021-02-01 00:00:00,0.5199999999999999,0.5033333333333333,0.5033333333333333,0.7691175520420076,0.7258466779228013,0.8568121693121693,0.8971560846560847,1.4237489413700448,0.07627649815581647,0.41881469994729814,0.0,0.0,1.0,0.853802859621041,-0.01770533951885367,0.853802859621041,2.5380753777988594,-0.03313552966730726,-1.6842725181778184
mega_cap,HIGH_VOL,BULL,95_100,3,2020-02-26 00:00:00,2020-08-11 00:00:00,0.52,0.48666666666666664,0.48666666666666664,0.828522523244222,0.7458120296814547,0.9623015873015873,0.974867724867725,2.076017844386929,0.06472455547113257,0.5097753652297974,0.0,0.0,1.0,5.365907268246511,0.0,5.365907268246511,19.47807376815566,0.0,-14.112166499909149
mega_cap,HIGH_VOL,NEUTRAL,85_95,2,2018-04-03 00:00:00,2018-04-09 00:00:00,0.52,0.52,0.52,0.7477325469255447,0.7010338034614343,0.9494047619047619,0.8935185185185186,1.5219169844039258,0.2528057868637322,0.32316226486955746,0.0,0.0,1.0,0.0973615470080742,-0.002091078157223314,0.0973615470080742,0.3234031288373105,-0.00467573037765967,-0.22604158182923628
mega_cap,HIGH_VOL,NEUTRAL,95_100,1,2016-05-03 00:00:00,2016-05-03 00:00:00,0.52,0.42,0.42,0.8064422488212586,0.7520025957803225,0.9583333333333334,0.9695767195767195,1.8319362155681707,0.1819002458357434,0.4051549186361642,0.0,0.0,1.0,-0.2726945708306615,0.0,-0.2726945708306615,-0.6411940662621802,0.0,0.3684994954315187
mega_cap,NORMAL,BEAR,00_30,55,2015-07-07 00:00:00,2024-05-09 00:00:00,0.9970909090909091,0.8101818181818181,0.9970909090909091,0.28030368199402633,0.30984416110073576,0.15613275613275612,0.1572331114327945,-1.0889300441161542,0.701561220904372,0.16389286885071014,1.0,1.0,1.0,0.5260544877299007,-0.07884186353918976,0.5285624081595295,0.5222695574267071,-0.07884186353918998,0.003784930303193601
mega_cap,NORMAL,BEAR,30_50,76,2015-07-08 00:00:00,2026-01-30 00:00:00,0.9963157894736838,0.7347368421052634,0.9963157894736838,0.40952770637446334,0.41162643250256875,0.40504908103592313,0.4082586845933857,-0.4186651779692162,0.718184891241521,0.14570615805860393,1.0,1.0,1.0,1.0835896767447233,-0.15466001153323594,1.086366838929011,1.1084012605946092,-0.15466001153323594,-0.02481158384988591
mega_cap,NORMAL,BEAR,50_70,60,2015-07-22 00:00:00,2025-03-07 00:00:00,0.9733333333333334,0.7040000000000002,0.9773333333333334,0.4860328469301264,0.4585632674455221,0.6149140211640212,0.580840435188109,0.08752770883526868,0.6754650458859147,0.1482463152807927,0.9666666666666667,0.9,1.0,0.7961388420296436,-0.07625388802800181,0.7982278608359108,1.0523225539561376,-0.07625388802800159,-0.25618371192649403
mega_cap,NORMAL,BEAR,70_85,22,2015-07-27 00:00:00,2026-04-14 00:00:00,0.9581818181818182,0.6509090909090908,0.9581818181818182,0.5463803103701635,0.5062059000216839,0.7796717171717172,0.7781849688129223,0.6565682896914427,0.568607080953232,0.23152355110247316,0.9090909090909091,0.8636363636363636,1.0,-0.21827122595604254,-0.07262540447351318,-0.21575435301553092,-0.21733558984566437,-0.0800472884283765,-0.0009356361103781685
mega_cap,NORMAL,BEAR,85_95,2,2026-02-17 00:00:00,2026-04-08 00:00:00,0.8,0.6,0.8,0.6241524808108807,0.5296953627591314,0.8303571428571428,0.8869047619047619,1.4348457917937845,0.4547962718467662,0.34404971555620056,0.5,0.5,1.0,-0.6713982869434455,-3.834482173115106e-05,-0.6525003306839248,-0.8371171112408959,-3.834482173115106e-05,0.16571882429745044
mega_cap,NORMAL,BEAR,raw_fallback,38,2013-07-03 00:00:00,2014-04-17 00:00:00,0.9989473684210527,0.7252631578947366,0.9989473684210527,0.412131600042707,0.43354274602919346,,,,0.7338367414544775,0.12667955858195284,1.0,1.0,0.0,2.368541197768808,-0.02957648443682781,2.3783582229376967,2.3768605748629223,-0.02957648443682792,-0.008319377094114344
mega_cap,NORMAL,BULL,00_30,356,2015-03-04 00:00:00,2026-02-02 00:00:00,0.8285393258426967,0.7738202247191011,0.8384269662921349,0.31640610139021713,0.35228056228359655,0.1705345996076333,0.17779410683903815,-1.0479039113065072,0.2750063840084874,0.33312646854257943,0.3398876404494382,0.31741573033707865,1.0,0.31157075104231313,-0.14947566801338386,0.3206354947433938,0.40751448272965596,-0.20063162229494547,-0.09594373168734283
mega_cap,NORMAL,BULL,30_50,240,2015-02-03 00:00:00,2026-05-07 00:00:00,0.7683333333333334,0.7355,0.7696666666666668,0.41826416907211145,0.42316691782230254,0.382432208994709,0.4040896040984961,-0.37347032190601126,0.1712603839925478,0.41134002939345204,0.14166666666666666,0.12083333333333333,1.0,0.1096272784631207,-0.10644057931975692,0.11754599374377106,0.13859549078828182,-0.14479708164885918,-0.028968212325161113
mega_cap,NORMAL,BULL,50_70,190,2015-01-29 00:00:00,2026-04-30 00:00:00,0.7752631578947368,0.7237894736842104,0.776,0.477277619952434,0.4510575397665912,0.5965538847117795,0.5820424088113294,0.08181568036415933,0.20873274287561888,0.3805105340214836,0.18947368421052632,0.1631578947368421,1.0,0.24292670142419204,-0.14302115164456453,0.25550291313525597,0.331542725558416,-0.16879088046481738,-0.08861602413422398
mega_cap,NORMAL,BULL,70_85,42,2015-05-06 00:00:00,2026-04-27 00:00:00,0.7428571428571429,0.6966666666666667,0.7395238095238095,0.5485043523921854,0.4771912979527393,0.7639361300075587,0.7483754290099027,0.5582443600591875,0.19126807913781824,0.37976797476237856,0.14285714285714285,0.14285714285714285,1.0,0.9108465104974108,-0.04606031662608889,0.9541098193821238,1.4161405066234432,-0.07749186139006792,-0.5052939961260323
mega_cap,NORMAL,BULL,raw_fallback,116,2013-07-26 00:00:00,2014-12-11 00:00:00,0.7836206896551723,0.741551724137931,0.7918965517241378,0.40929828729352047,0.417028179629225,,,,0.17669644242695587,0.38655316375932186,0.1810344827586207,0.1810344827586207,0.0,0.28633061761300294,-0.08643568528036549,0.30285554121146485,0.3550227272441553,-0.12178594610055415,-0.06869210963115235
mega_cap,NORMAL,NEUTRAL,00_30,32,2015-06-29 00:00:00,2024-05-03 00:00:00,0.995,0.7949999999999999,0.995,0.293314705020748,0.32541571521059676,0.15550595238095238,0.15912576635945563,-1.1256845742540085,0.6522868181762091,0.1827949830595824,1.0,1.0,1.0,1.2608747402769733,-0.02605570048007322,1.2933321724811675,1.2878985389019255,-0.02605570048007322,-0.02702379862495219
mega_cap,NORMAL,NEUTRAL,30_50,23,2015-07-13 00:00:00,2025-02-27 00:00:00,0.9869565217391304,0.7017391304347826,0.9869565217391304,0.42749402859936586,0.46417753454099775,0.3731884057971015,0.3969905935671084,-0.38673164435743695,0.6325812771261414,0.2145813538170157,1.0,0.9565217391304348,1.0,2.145333527225684,-0.023717646995884856,2.185232292208026,2.199595500661722,-0.023717646995884745,-0.05426197343603789
mega_cap,NORMAL,NEUTRAL,50_70,36,2015-05-13 00:00:00,2026-04-16 00:00:00,0.9400000000000001,0.6427777777777776,0.9344444444444444,0.5224747931377753,0.5024046762990159,0.6123236331569664,0.6102259366148256,0.19703969553152353,0.5761848572337879,0.20238237578866533,0.8333333333333334,0.8055555555555556,1.0,1.5910817079245456,-0.07687423210425193,1.625688502706828,1.5651835553468785,-0.08494082265185743,0.025898152577667144
mega_cap,NORMAL,NEUTRAL,70_85,7,2015-05-12 00:00:00,2026-04-09 00:00:00,0.8314285714285715,0.6599999999999999,0.8314285714285715,0.5510102897882462,0.5059230756802006,0.8630952380952381,0.7455824375843649,0.5647016158994148,0.41409600316156625,0.3482382117292046,0.42857142857142855,0.42857142857142855,1.0,4.569831996642242,-0.01421851465711188,4.62706637973461,5.204817788439269,-0.027022139963060465,-0.6349857917970265
mega_cap,NORMAL,NEUTRAL,raw_fallback,24,2013-07-24 00:00:00,2014-04-16 00:00:00,1.0,0.7108333333333333,1.0,0.4625495493412018,0.4448589808550442,,,,0.7233330775632069,0.15889546015051823,1.0,1.0,0.0,0.10333174748619967,-0.061371029983645964,0.10333174748619967,0.10333174748619967,-0.061371029983645964,0.0
mega_cap,RISK_OFF,BEAR,50_70,4,2016-05-25 00:00:00,2022-06-29 00:00:00,0.515,0.47,0.8,0.6235015027225018,0.749219300850189,0.5634920634920635,0.6471560846560847,0.4331540239192112,0.6703924644091905,0.09244811021541173,1.0,0.0,1.0,0.4338795574232257,-0.01198000152103229,0.5042825259933086,-0.11087291993185533,-0.029789807488803777,0.544752477355081
mega_cap,RISK_OFF,BEAR,70_85,7,2016-02-04 00:00:00,2022-06-28 00:00:00,0.4742857142857143,0.47714285714285715,0.5714285714285714,0.6823739809649332,0.7465883626758882,0.7494331065759637,0.7913832199546486,0.9349351850498059,0.3261261798039096,0.1540374972088431,0.2857142857142857,0.0,1.0,7.413060019025707,-0.004652881074118431,7.638919279866878,27.62696193395584,-0.018027696770513635,-20.213901914930133
mega_cap,RISK_OFF,BEAR,85_95,45,2015-08-25 00:00:00,2025-05-14 00:00:00,0.43288888888888905,0.42666666666666686,0.44355555555555576,0.773570638431443,0.7840117268599198,0.9289682539682539,0.9051464482413492,1.5603151642930495,0.36861599437922904,0.14383807924689282,0.044444444444444446,0.0,1.0,-0.05478229536998169,-0.08441207077164936,-0.03430011614835682,-0.3862488600662489,-0.22579291793263012,0.33146656469626723
mega_cap,RISK_OFF,BEAR,95_100,47,2015-09-22 00:00:00,2025-05-09 00:00:00,0.43617021276595774,0.42000000000000026,0.43617021276595774,0.824756420673208,0.8147281923109386,0.9860688956433639,0.9847470071184934,1.9481290794296884,0.27995209673856486,0.20227414529572743,0.0425531914893617,0.0,1.0,0.10198834389700484,-0.0784844156849599,0.11880181772119558,-0.07114509067615771,-0.2130293199495078,0.17313343457316255
mega_cap,RISK_OFF,BEAR,raw_fallback,14,2013-01-02 00:00:00,2013-02-14 00:00:00,0.5014285714285714,0.42,0.5285714285714286,0.7908019774726459,0.798387702590519,,,,0.4466889903844242,0.12980568795255829,0.2857142857142857,0.0,0.0,-0.0937758520833275,-0.01915395390171215,-0.04312873548480978,-0.24407918386550997,-0.04154788231716311,0.15030333178218247
mega_cap,RISK_OFF,BULL,50_70,5,2020-12-16 00:00:00,2021-02-12 00:00:00,0.42000000000000004,0.52,0.52,0.6378920570015907,0.7102554812564097,0.642063492063492,0.6616402116402117,0.41093543444842473,0.08132130637116235,0.37978844746219237,0.0,0.0,1.0,-0.1539324313532766,-0.009916350237685001,-0.1539324313532766,-0.46759674620051994,-0.025192403499431526,0.31366431484724333
mega_cap,RISK_OFF,BULL,70_85,19,2020-08-03 00:00:00,2021-03-02 00:00:00,0.42,0.4357894736842105,0.4357894736842105,0.726267169023815,0.7654905692546395,0.7308897243107769,0.7743664717348927,0.8772803343217564,0.11597643932567085,0.39149397151904075,0.0,0.0,1.0,0.041590165424025605,-0.03106956641114189,0.04434514127450262,0.26577489149645306,-0.061550343227613546,-0.22418472607242745
mega_cap,RISK_OFF,BULL,85_95,16,2020-07-28 00:00:00,2021-02-26 00:00:00,0.42,0.4325,0.4325,0.805712498538196,0.7875360524565181,0.8466021825396826,0.8947585978835979,1.3794572980954505,0.09935334624850545,0.4123767290264422,0.0,0.0,1.0,2.6807229882893253,-0.01297403165910438,2.729477866426544,16.949128327206445,-0.03370504775564365,-14.26840533891712
mega_cap,RISK_OFF,BULL,95_100,16,2020-02-25 00:00:00,2020-09-14 00:00:00,0.4325,0.4175,0.4175,0.8642491593956948,0.8144553551644464,0.9906994047619048,0.9937996031746031,2.2970404437560044,0.056770437880942604,0.5778144381484841,0.0,0.0,1.0,0.02547609541424678,-0.05951013480822687,0.03712871267438955,-0.28912075080199917,-0.1505542424774794,0.31459684621624595
mega_cap,RISK_OFF,NEUTRAL,70_85,1,2019-06-10 00:00:00,2019-06-10 00:00:00,0.42,0.52,0.82,0.5983576714992523,0.7066285949956944,0.751984126984127,0.8055555555555556,0.8582331841500664,0.2721606779579013,0.4233739782007359,1.0,0.0,1.0,-0.08287284731746136,0.0,-0.08287284731746136,-0.5521255704831867,0.0,0.4692527231657253
mega_cap,RISK_OFF,NEUTRAL,85_95,3,2019-06-06 00:00:00,2021-02-25 00:00:00,0.42,0.4533333333333333,0.4533333333333333,0.7645725369453431,0.7573403205476973,0.8822751322751322,0.9175485008818343,1.582338133938161,0.18472241786176183,0.4360257860279229,0.0,0.0,1.0,11.746485403409554,0.0,11.746485403409554,625.190418714767,0.0,-613.4439333113575
mega_cap,RISK_OFF,NEUTRAL,95_100,3,2019-06-04 00:00:00,2020-03-09 00:00:00,0.42,0.42,0.42,0.8045753409465154,0.777835615898362,0.9814814814814815,0.9867724867724866,2.161605275424559,0.1576004541597496,0.45410042196636535,0.0,0.0,1.0,0.0033176039990285844,-0.018304403694789362,0.020212417515784953,0.5867869504223298,-0.03472998313121445,-0.5834693464233012
mega_cap,WATCH,BEAR,30_50,22,2015-10-13 00:00:00,2023-01-30 00:00:00,0.9436363636363637,0.6027272727272727,0.961818181818182,0.48598768839781936,0.5903124937681409,0.4288419913419913,0.423092278092278,-0.2682997286143063,0.7299279469603962,0.09791467993373547,1.0,0.9090909090909091,1.0,-0.006890729639731807,-0.04292915445744594,0.0180410160067348,-0.11051775765834126,-0.051101955204909344,0.10362702801860946
mega_cap,WATCH,BEAR,50_70,38,2015-10-14 00:00:00,2025-06-30 00:00:00,0.8884210526315791,0.5894736842105264,0.8884210526315791,0.5684425890445711,0.6088277700596696,0.6070906432748537,0.6162837351740423,0.30736482719650715,0.6030076726602844,0.13212971750058103,0.7894736842105263,0.7631578947368421,1.0,1.3829924148186432,-0.05556705796568551,1.429658110351927,2.0038621227952444,-0.06114919317876055,-0.6208697079766012
mega_cap,WATCH,BEAR,70_85,59,2015-07-30 00:00:00,2026-03-31 00:00:00,0.8928813559322034,0.5796610169491526,0.9030508474576271,0.6476692797268853,0.6269482112358955,0.7975517890772127,0.7790625126073389,0.85345501211505,0.6251606015113657,0.14880352693141705,0.8983050847457628,0.7627118644067796,1.0,-0.12145706511602916,-0.11626003920961525,-0.11097270400764192,-0.15361250080626565,-0.1410318587346141,0.03215543569023649
mega_cap,WATCH,BEAR,85_95,44,2015-08-03 00:00:00,2026-03-30 00:00:00,0.8154545454545455,0.5672727272727275,0.8336363636363636,0.6722161950374191,0.6289224673956393,0.893939393939394,0.8872522771573657,1.3837815719894804,0.5216811602327746,0.24586671442393102,0.75,0.5227272727272727,1.0,-0.43789319222391254,-0.18371174796340184,-0.4267899255677876,-0.5102779847956866,-0.20382453685540036,0.0723847925717741
mega_cap,WATCH,BEAR,95_100,3,2015-12-17 00:00:00,2025-04-04 00:00:00,0.7066666666666667,0.52,0.7066666666666667,0.8051184862852097,0.7130569352058812,0.9861111111111112,0.9706866958877683,1.8572989292408437,0.3848186399084194,0.3290284473599908,0.6666666666666666,0.0,1.0,-0.8375441484034436,-0.0408131945774578,-0.8306906481007466,-0.8502354388966649,-0.04981809279693461,0.012691290493221263
mega_cap,WATCH,BEAR,raw_fallback,31,2013-02-27 00:00:00,2014-02-25 00:00:00,0.9458064516129033,0.5716129032258065,0.9458064516129033,0.6350545489980328,0.6389982611296519,,,,0.6158837956150647,0.1053725384577367,1.0,0.9032258064516129,0.0,-0.5028389256663099,-0.15270872238331878,-0.49764097568944343,-0.4980782182747261,-0.15719176308901583,-0.004760707391583852
mega_cap,WATCH,BULL,00_30,6,2015-03-02 00:00:00,2019-10-15 00:00:00,0.6,0.7400000000000001,0.7400000000000001,0.35696869169672324,0.43920336912135777,0.25396825396825395,0.21765643028236462,-0.8790539176351905,0.05587902679693126,0.5824070876285153,0.0,0.0,1.0,-0.3341427874313728,-0.013073917826889714,-0.3341427874313728,-0.5230561787159342,-0.022893262329167108,0.18891339128456142
mega_cap,WATCH,BULL,30_50,46,2015-02-05 00:00:00,2023-03-03 00:00:00,0.6282608695652175,0.6334782608695653,0.6617391304347828,0.4606108025364255,0.5254552054377116,0.46268978605935135,0.43351442694374026,-0.27173451940641236,0.13054765767343393,0.49879657836982383,0.08695652173913043,0.06521739130434782,1.0,-0.1248575152801189,-0.05627672918148563,-0.11753104704356987,-0.14036275261577735,-0.08725195904228078,0.01550523733565845
mega_cap,WATCH,BULL,50_70,131,2015-01-13 00:00:00,2025-10-20 00:00:00,0.6415267175572519,0.6083969465648854,0.6557251908396947,0.5463432015808484,0.5597396479132328,0.6138828304858839,0.6163569900093855,0.2844432583795402,0.17264436406168363,0.4297263774759668,0.13740458015267176,0.11450381679389313,1.0,-0.2759373953246157,-0.16943631729545483,-0.27253265178972985,-0.36914488296382064,-0.22939365956974345,0.09320748763920494
mega_cap,WATCH,BULL,70_85,121,2015-01-02 00:00:00,2026-02-26 00:00:00,0.6180165289256196,0.5938842975206611,0.6211570247933882,0.6266780039741973,0.5999000383594286,0.7990292535747082,0.7665620247661957,0.7779001337681507,0.13811642127355736,0.4603336618961804,0.09090909090909091,0.049586776859504134,1.0,0.05216971872549969,-0.13146751251083144,0.06110212873313148,-0.00173163889822614,-0.2273422639786623,0.05390135762372583
mega_cap,WATCH,BULL,85_95,42,2015-01-07 00:00:00,2024-08-09 00:00:00,0.599047619047619,0.5752380952380952,0.5971428571428572,0.7063563419594653,0.6283170986318061,0.8681500377928948,0.8849408453671431,1.3917818170372833,0.1340752935056218,0.5063012674037081,0.07142857142857142,0.023809523809523808,1.0,-0.2739691946731294,-0.12078654755588714,-0.26810070051059953,-0.34300680717296617,-0.1848912488811736,0.06903761249983675
mega_cap,WATCH,BULL,95_100,8,2016-11-14 00:00:00,2020-09-03 00:00:00,0.5900000000000001,0.54,0.54,0.8181694205850363,0.6750404356528288,0.9689980158730158,0.978339947089947,2.0898077654068254,0.08269071994435491,0.5579663284427211,0.0,0.0,1.0,-0.3493826790428137,-0.047447437353201005,-0.3460691701427553,-0.6371953314811917,-0.08261715859020946,0.28781265243837795
mega_cap,WATCH,BULL,raw_fallback,79,2013-06-05 00:00:00,2014-12-31 00:00:00,0.618227848101266,0.6027848101265824,0.6250632911392405,0.5697758493355559,0.572389034854148,,,,0.12240152253943722,0.4859512930353901,0.05063291139240506,0.05063291139240506,0.0,0.27419473479111245,-0.037918410273675596,0.2754870254857924,0.4338790508650754,-0.06790039017676153,-0.15968431607396294
mega_cap,WATCH,NEUTRAL,00_30,1,2020-04-14 00:00:00,2020-04-14 00:00:00,0.6,0.6,0.8,0.3564733803272247,0.539951695729103,0.29365079365079366,0.2962962962962963,-0.7468115126969118,0.4225446679327669,0.1805444927037551,1.0,0.0,1.0,2.540350866572523,0.0,2.540350866572523,6.347809045176797,0.0,-3.807458178604274
mega_cap,WATCH,NEUTRAL,30_50,4,2016-11-30 00:00:00,2022-10-28 00:00:00,0.88,0.6,0.9299999999999999,0.4796212133020163,0.5766741168568525,0.4017857142857143,0.45866402116402116,-0.21441802962146894,0.6541886123331989,0.21260560812635376,1.0,0.75,1.0,-0.5614221567835309,-0.03502119477554044,-0.5591643881796342,-0.5351994981067776,-0.0356279334748516,-0.02622265867675333
mega_cap,WATCH,NEUTRAL,50_70,9,2015-01-27 00:00:00,2026-02-25 00:00:00,0.7088888888888888,0.6,0.7577777777777778,0.5623852839072545,0.5590384827495541,0.5989858906525573,0.6154413683920369,0.2611807039599474,0.3345846113261099,0.33678972543136015,0.5555555555555556,0.2222222222222222,1.0,0.12046055542806666,-0.0297543261976555,0.1369924587734841,-0.3142507078434662,-0.050659217331701534,0.43471126327153287
mega_cap,WATCH,NEUTRAL,70_85,7,2015-12-09 00:00:00,2026-02-24 00:00:00,0.7028571428571428,0.5771428571428572,0.7028571428571428,0.622472539969853,0.599611244133639,0.7964852607709749,0.7794038936896079,0.8041616418307147,0.32382405563388994,0.41039099194690026,0.2857142857142857,0.2857142857142857,1.0,-0.7036662727662129,-0.022236614538151178,-0.7036662727662129,-0.8405732234622133,-0.028671247579372783,0.13690695069600045
mega_cap,WATCH,NEUTRAL,85_95,10,2016-04-27 00:00:00,2026-03-03 00:00:00,0.6399999999999999,0.5599999999999999,0.6319999999999999,0.723132400661707,0.6360717292088816,0.9208333333333334,0.91005291005291,1.5796536075897882,0.27769277544360466,0.40671123735629006,0.2,0.1,1.0,0.5367764733683245,-0.011641362918847209,0.5585095589847782,1.3197453248960018,-0.016734592147106597,-0.7829688515276774
mega_cap,WATCH,NEUTRAL,95_100,1,2019-05-31 00:00:00,2019-05-31 00:00:00,0.52,0.52,0.52,0.7897890150547028,0.7081277506872287,0.9781746031746031,0.9841269841269841,2.1547298260894183,0.1439180021892044,0.5214083971864506,0.0,0.0,1.0,83.40395302253732,0.0,86.81458778493973,8555.119039814048,0.0,-8471.71508679151
mega_cap,WATCH,NEUTRAL,raw_fallback,2,2013-06-11 00:00:00,2013-06-13 00:00:00,0.96,0.52,0.96,0.652807441353798,0.6584843341362687,,,,0.4779908105119792,0.1746948724226305,1.0,1.0,0.0,4.02920772255949,0.0,4.02920772255949,4.282423749388542,0.0,-0.253216026829052
sector_etf,CUSTOM,BEAR,30_50,2,2024-12-02 00:00:00,2025-05-22 00:00:00,0.8,0.63,0.8,0.5115693405270577,0.5837352848383114,0.5912698412698413,0.45899470899470896,-0.18877053186416215,0.545852600113149,0.16951986689382595,1.0,0.0,1.0,115.94666479654823,0.0,115.94666479654823,321.2773187302265,0.0,-205.33065393367826
sector_etf,CUSTOM,BEAR,50_70,35,2020-04-06 00:00:00,2025-05-08 00:00:00,0.8274285714285715,0.5142857142857142,0.8000000000000002,0.6790458022270884,0.7087458267649354,0.6759637188208617,0.6575207860922146,0.5827523609100401,0.5957386136640783,0.16314243751566332,1.0,0.0,1.0,0.5321425282955488,-0.137807551373323,0.5321425282955488,0.8076129973284005,-0.1569796003664773,-0.2754704690328518
sector_etf,CUSTOM,BEAR,70_85,78,2020-03-06 00:00:00,2025-05-06 00:00:00,0.8041025641025639,0.4469230769230771,0.7999999999999997,0.7768025252681513,0.7697794134678269,0.7869607244607244,0.7728937728937729,1.0632574447949454,0.6272827530240244,0.13448532240574787,1.0,0.0,1.0,0.49265875924320723,-0.17162278876444415,0.49265875924320723,0.5567593116131253,-0.21494941722765404,-0.06410055236991807
sector_etf,CUSTOM,BEAR,85_95,38,2018-10-16 00:00:00,2025-03-13 00:00:00,0.8042105263157896,0.4278947368421053,0.8000000000000002,0.833045251902781,0.7891299122968634,0.9248120300751882,0.9068156502367029,1.4967942132656071,0.6817763120155913,0.1369559575695922,1.0,0.0,1.0,0.04398903940970089,-0.08985157155776835,0.04398903940970089,0.06812567904476396,-0.10939638460702306,-0.024136639635063073
sector_etf,CUSTOM,BEAR,95_100,15,2015-05-13 00:00:00,2022-10-10 00:00:00,0.8106666666666669,0.44,0.8000000000000003,0.8531339855988821,0.7705473337617075,0.9800264550264549,0.9811273381989909,2.4115321125427216,0.6623725835559428,0.10003533432657548,1.0,0.0,1.0,-0.5676717804091722,-0.05170713400228788,-0.5676717804091722,-0.6090425427094838,-0.06119955385615439,0.04137076230031156
sector_etf,CUSTOM,BEAR,raw_fallback,9,2013-08-27 00:00:00,2014-10-27 00:00:00,0.8066666666666666,0.6333333333333333,0.82,0.5248858163340224,0.533944463251528,,,,0.3825277631170858,0.20284954559349144,0.6666666666666666,0.0,0.0,4.015092519412875,-0.011486347181700052,4.015092519412875,6.8332715766284275,-0.01433095093998804,-2.818179057215553
sector_etf,CUSTOM,BULL,00_30,396,2016-10-10 00:00:00,2026-05-07 00:00:00,0.8274242424242425,0.8293939393939394,0.8308585858585859,0.2704794475206672,0.2784510831446875,0.1305816097482764,0.1521431243653466,-1.159633777571602,0.08922554168236159,0.33938936558446714,0.022727272727272728,0.0,1.0,0.3747579233246101,-0.13874830460535903,0.3747579233246101,0.45826015558362854,-0.1611171281581648,-0.08350223225901843
sector_etf,CUSTOM,BULL,30_50,202,2015-02-27 00:00:00,2026-05-04 00:00:00,0.8272277227722772,0.7999999999999999,0.8046534653465347,0.340819672897163,0.3243413630843941,0.30254007543611505,0.38588407689828896,-0.5274211722286033,0.0983945308495634,0.344418348136562,0.04950495049504951,0.0,1.0,0.31229449489145433,-0.1446579870609429,0.31229449489145433,0.40948213499739383,-0.17067946607182194,-0.0971876401059395
sector_etf,CUSTOM,BULL,50_70,83,2015-03-02 00:00:00,2025-10-27 00:00:00,0.8433734939759032,0.7301204819277108,0.7833734939759036,0.4554919618978558,0.41701511842062533,0.5174029451137885,0.5821938179507946,0.08040908605170743,0.19150241806731566,0.3603343012369259,0.26506024096385544,0.0,1.0,0.3423962768487925,-0.09478201841886247,0.3423962768487925,0.46817944940583156,-0.10186282479069464,-0.12578317255703908
sector_etf,CUSTOM,BULL,70_85,32,2015-03-03 00:00:00,2020-05-19 00:00:00,0.8175,0.6487499999999999,0.784375,0.5532171630766243,0.5256649848158614,0.7511780753968254,0.7674972359920269,0.7653733020565627,0.3612472848537917,0.25382052452699555,0.4375,0.0,1.0,-0.28375536758672815,-0.07353292469602457,-0.28375536758672815,-0.37622588531973555,-0.09511303076170885,0.0924705177330074
sector_etf,CUSTOM,BULL,85_95,16,2015-02-10 00:00:00,2022-01-24 00:00:00,0.8062500000000001,0.50125,0.78125,0.7853055010549725,0.7034651941085168,0.9161706349206349,0.8985870587338344,1.6883595350557348,0.4746405991469467,0.16691940784106332,0.8125,0.0,1.0,-0.2953911327955777,-0.08173088782246196,-0.2953911327955777,-0.3474024111295889,-0.09903572439620578,0.0520112783340112
sector_etf,CUSTOM,BULL,95_100,8,2015-02-03 00:00:00,2019-05-21 00:00:00,0.805,0.4825,0.8,0.7903947744518518,0.7506939907226986,0.9719742063492064,0.9782771512641271,2.7265218149740447,0.5680725297628549,0.1659674868434025,1.0,0.0,1.0,-0.01659388570027176,-0.028799892886988587,-0.01659388570027176,0.08965820590408069,-0.036373266432996654,-0.10625209160435245
sector_etf,CUSTOM,BULL,raw_fallback,415,2013-01-03 00:00:00,2014-12-17 00:00:00,0.8304578313253012,0.8499759036144579,0.8499759036144579,0.18100037712379388,0.1774285747443219,,,,0.09390029742568513,0.3458900037172355,0.0,0.0,0.0,0.18579462202722996,-0.08096194248907096,0.18579462202722996,0.22160894212270654,-0.09765939911076416,-0.03581432009547658
sector_etf,CUSTOM,NEUTRAL,30_50,4,2018-08-31 00:00:00,2025-05-23 00:00:00,0.8799999999999999,0.7050000000000001,0.75,0.4249062608927488,0.4769989607299369,0.4489087301587301,0.3835978835978836,-0.4946132066454112,0.43111326671695493,0.2624739235214578,0.75,0.0,1.0,-0.36124463524528305,-0.013101339008642077,-0.36124463524528305,-0.3560805652015059,-0.014215857156915646,-0.005164070043777169
sector_etf,CUSTOM,NEUTRAL,50_70,4,2019-06-20 00:00:00,2025-05-30 00:00:00,0.8,0.54,0.805,0.5909360636025668,0.6684425446087746,0.5833333333333334,0.6091269841269841,0.2824578623549112,0.5953044384673426,0.12215253591791503,1.0,0.0,1.0,3.6676147954880953,-0.01796118099109456,3.6676147954880953,5.410723523754331,-0.022754503654273117,-1.743108728266236
sector_etf,CUSTOM,NEUTRAL,70_85,11,2018-09-12 00:00:00,2024-11-05 00:00:00,0.8018181818181819,0.4763636363636364,0.7945454545454546,0.7550443367524582,0.7380686153018114,0.7628066378066378,0.7733285233285233,0.9972073231313107,0.550281618852402,0.182032882494822,0.9090909090909091,0.0,1.0,-0.8935664923792812,-0.11690379402580986,-0.8935664923792812,-0.9418270744661962,-0.1444054937419902,0.04826058208691497
sector_etf,CUSTOM,NEUTRAL,85_95,5,2015-10-21 00:00:00,2020-05-13 00:00:00,0.8039999999999999,0.43999999999999995,0.8,0.8418509155511856,0.763830388509899,0.9376984126984127,0.9113494311794594,1.7084167840926459,0.6054148010746793,0.10308963859158086,1.0,0.0,1.0,0.6068889941619586,-0.025010928061371507,0.6068889941619586,0.8992510002581438,-0.03070158738026907,-0.2923620060961851
sector_etf,CUSTOM,NEUTRAL,95_100,2,2015-05-08 00:00:00,2015-05-11 00:00:00,0.96,0.52,0.8,0.7262199401855469,0.6888906112710129,0.9632936507936508,0.9687242763067636,2.52236087818895,0.7620803139107231,0.10314399331887955,1.0,0.0,1.0,-0.300925721266433,0.0,-0.300925721266433,-0.31046572754379753,0.0,0.00954000627736451
sector_etf,CUSTOM,NEUTRAL,raw_fallback,4,2013-08-23 00:00:00,2013-08-29 00:00:00,0.82,0.86,0.86,0.13736277762800453,0.16236234093953072,,,,0.27939574812005635,0.2393502720629816,0.0,0.0,0.0,-0.48969339657120237,-0.007255370358544289,-0.48969339657120237,-0.5387768746985155,-0.008578484304624046,0.049083478127313174
sector_etf,EXTREME_RISK,BEAR,50_70,2,2022-07-13 00:00:00,2022-07-14 00:00:00,0.3000000000000001,0.42,0.8,0.6983767956495286,0.7854165699385879,0.6349206349206349,0.664021164021164,0.6392573777412196,0.5971103362901642,0.10311305342158344,1.0,0.0,1.0,1.2290355498356602,-0.002286876144262373,1.2290355498356602,12.050157058470532,-0.003194799091687961,-10.82112150863487
sector_etf,EXTREME_RISK,BEAR,70_85,5,2022-06-27 00:00:00,2022-10-28 00:00:00,0.3000000000000001,0.372,0.372,0.7906877958774567,0.8540934981313395,0.7408730158730158,0.7777777777777778,1.0470927451392413,0.5993151491169701,0.10842858955653738,0.0,0.0,1.0,0.5219089367455967,0.0,0.5219089367455967,0.9789853456096167,0.0,-0.45707640886402
sector_etf,EXTREME_RISK,BEAR,85_95,44,2015-09-25 00:00:00,2024-09-19 00:00:00,0.30000000000000016,0.31090909090909097,0.310909090909091,0.8632798756388101,0.8720399216669869,0.9175234487734486,0.9219432391754814,1.7134404953488036,0.673611406977873,0.09556061684201321,0.0,0.0,1.0,0.1431470313615144,-0.029693560227112115,0.14788258532648557,0.5571741431314423,-0.08222183690353146,-0.4140271117699279
sector_etf,EXTREME_RISK,BEAR,95_100,89,2015-08-24 00:00:00,2022-07-06 00:00:00,0.30000000000000016,0.29999999999999993,0.30000000000000016,0.8916396143396249,0.8839584059495736,0.9801364365971108,0.9819952776383393,2.016493297775236,0.6435087981181461,0.11110885991623284,0.0,0.0,1.0,0.3782836213244014,-0.030791888554868696,0.38296454850595785,1.0922241111039859,-0.10362961836286522,-0.7139404897795845
sector_etf,EXTREME_RISK,BULL,70_85,3,2018-05-09 00:00:00,2018-05-11 00:00:00,0.3000000000000001,0.42,0.6733333333333333,0.75602139433225,0.820364527399876,0.8908730158730158,0.8037918871252204,1.1462789512795972,0.8522806080991527,0.04545805754816943,0.6666666666666666,0.0,1.0,-0.35427088327142897,-0.005716181334545212,-0.35427088327142897,-0.4003102358288617,-0.010839181913222307,0.046039352557432744
sector_etf,EXTREME_RISK,NEUTRAL,70_85,1,2019-06-10 00:00:00,2019-06-10 00:00:00,0.3000000000000001,0.42,0.42,0.8034605175256729,0.8502146549293482,0.751984126984127,0.8306878306878307,1.4259868986302904,0.635159897002445,0.1394189646556451,0.0,0.0,1.0,-0.7672440060281557,0.0,-0.7672440060281557,-0.9973183210846137,0.0,0.23007431505645803
sector_etf,EXTREME_RISK,NEUTRAL,85_95,5,2018-05-08 00:00:00,2019-06-07 00:00:00,0.3000000000000001,0.3,0.3000000000000001,0.8517586505413057,0.8769063327966256,0.8722222222222223,0.893915343915344,1.645886214921506,0.6490756021037927,0.14164312617428426,0.0,0.0,1.0,2.0229765389170504,0.0,2.0229765389170504,34.99075805257911,0.0,-32.96778151366206
sector_etf,EXTREME_RISK,NEUTRAL,95_100,1,2019-05-28 00:00:00,2019-05-28 00:00:00,0.3000000000000001,0.3,0.3000000000000001,0.9181583762168886,0.8707882996451111,1.0,1.0,2.0175965804642124,0.5147831474347657,0.2172843526744752,0.0,0.0,1.0,1.747570256018672,0.0,1.9181436946601322,7.317826447160876,0.0,-5.570256191142203
sector_etf,HIGH_VOL,BEAR,50_70,2,2024-08-20 00:00:00,2024-08-21 00:00:00,0.52,0.56,0.56,0.570876344293356,0.6592175343012227,0.7023809523809523,0.5866402116402116,0.20273623126228177,0.36038117006764564,0.44673556218469124,0.0,0.0,1.0,-0.40025984659485414,0.0,-0.40025984659485414,-0.6494900477319772,0.0,0.24923020113712302
sector_etf,HIGH_VOL,BEAR,70_85,5,2022-11-16 00:00:00,2024-08-22 00:00:00,0.52,0.48,0.5359999999999999,0.7980368793010713,0.7303412248652761,0.8333333333333333,0.7981481481481482,1.116491168107766,0.34146899670301456,0.43274554737668786,0.2,0.0,1.0,-0.8372009564148626,-0.03543455068414525,-0.8372009564148626,-0.9492732349708451,-0.05953630061877613,0.11207227855598256
sector_etf,HIGH_VOL,BEAR,85_95,1,2024-08-06 00:00:00,2024-08-06 00:00:00,0.52,0.42,0.42,0.8231416255235673,0.7705329240642046,0.9523809523809523,0.8531746031746031,1.3287951478555584,0.3400679153252831,0.3727181280026813,0.0,0.0,1.0,5761.521098512558,0.0,5761.521098512558,20038566.79419297,0.0,-20032805.273094457
sector_etf,HIGH_VOL,BEAR,raw_fallback,1,2014-10-16 00:00:00,2014-10-16 00:00:00,0.52,0.52,0.8,0.7562428534030914,0.6951543901661257,,,,0.4054367659069532,0.1740275247980991,1.0,0.0,0.0,7.849699092819209,0.0,7.849699092819209,51.779222629389594,0.0,-43.929523536570386
sector_etf,HIGH_VOL,BULL,00_30,1,2020-10-06 00:00:00,2020-10-06 00:00:00,0.52,0.6,0.6,0.3442126035690308,0.5479908825401301,0.2638888888888889,0.2552910052910053,-0.9762979702357572,0.1362116546316186,0.6574253637608064,0.0,0.0,1.0,4.8126082207799845,0.0,4.8126082207799845,21.24409337663669,0.0,-16.431485155856706
sector_etf,HIGH_VOL,BULL,30_50,5,2019-02-13 00:00:00,2026-04-07 00:00:00,0.52,0.5680000000000001,0.5680000000000001,0.4735891726613045,0.6296723597290212,0.38809523809523816,0.4412698412698413,-0.29505316947434634,0.23108604016842502,0.512872581914772,0.0,0.0,1.0,2.806847864728675,-0.006892100483353647,2.806847864728675,12.972261534608343,-0.015002883211888918,-10.165413669879667
sector_etf,HIGH_VOL,BULL,50_70,41,2016-07-13 00:00:00,2026-04-06 00:00:00,0.52,0.5434146341463415,0.5507317073170732,0.6301579815948882,0.6779966984776516,0.6744096012388696,0.6507613885662666,0.4731224028130686,0.18185311384579986,0.3415017914673839,0.024390243902439025,0.0,1.0,0.3115549021867621,-0.03870230600871194,0.3115549021867621,0.6287948458867214,-0.07269400239328216,-0.31723994369995934
sector_etf,HIGH_VOL,BULL,70_85,49,2015-10-30 00:00:00,2026-03-25 00:00:00,0.52,0.5187755102040816,0.5187755102040816,0.7013547538190473,0.706033614978441,0.7408892128279884,0.7563005099187876,0.8993377440682407,0.1727454517940315,0.3900618682189588,0.0,0.0,1.0,0.2618377556978042,-0.04083471833772978,0.2618377556978042,0.6578179340989987,-0.07162991504237026,-0.3959801784011945
sector_etf,HIGH_VOL,BULL,85_95,18,2015-10-29 00:00:00,2026-03-27 00:00:00,0.52,0.49222222222222217,0.49222222222222217,0.7774067824085553,0.7391925570654332,0.8741181657848325,0.8892270079067832,1.4913293416218272,0.20067541876783476,0.4394805191410749,0.0,0.0,1.0,0.5119258978773897,-0.05191107836775899,0.5119258978773897,1.0641065704368922,-0.09407988551841018,-0.5521806725595024
sector_etf,HIGH_VOL,NEUTRAL,50_70,1,2024-08-19 00:00:00,2024-08-19 00:00:00,0.52,0.52,0.52,0.5794386640191078,0.7029301191985287,0.7162698412698413,0.6018518518518519,0.24166865439006904,0.3521708491236925,0.4393643991150183,0.0,0.0,1.0,6.5392502778878185,0.0,6.5392502778878185,33.73580655801754,0.0,-27.196556280129727
sector_etf,HIGH_VOL,NEUTRAL,70_85,5,2022-11-18 00:00:00,2026-04-02 00:00:00,0.52,0.48,0.48,0.7341244477033615,0.7393606195164504,0.707936507936508,0.7841269841269841,1.0512591622848153,0.26379199232381445,0.5189327349950225,0.0,0.0,1.0,11.424300050661914,0.0,11.424300050661914,81.84568551271482,0.0,-70.42138546205291
sector_etf,HIGH_VOL,NEUTRAL,85_95,1,2026-03-30 00:00:00,2026-03-30 00:00:00,0.52,0.52,0.52,0.7763236463069916,0.7348232760136586,0.875,0.9166666666666666,1.5823433664412172,0.2370903676181213,0.5008875451625889,0.0,0.0,1.0,46.095630861340915,0.0,46.095630861340915,1742.8637887780606,0.0,-1696.7681579167197
sector_etf,NORMAL,BEAR,00_30,1,2025-02-25 00:00:00,2025-02-25 00:00:00,0.74,0.74,0.74,0.2487349987030029,0.3936993510823662,0.09523809523809523,0.07671957671957672,-1.3681818199647717,0.3953110068139682,0.392674450929176,0.0,0.0,1.0,-0.9999855962796905,0.0,-0.9999855962796905,-0.9999997280771793,0.0,1.4131797488770026e-05
sector_etf,NORMAL,BEAR,30_50,27,2022-08-02 00:00:00,2025-02-24 00:00:00,0.9844444444444446,0.6362962962962961,0.9866666666666668,0.4964137709803052,0.5196726339912081,0.4933127572016462,0.4238683127572017,-0.2824072243910731,0.5910171684439683,0.23165493805620674,1.0,0.9629629629629629,1.0,-0.3303487784555421,-0.12272348657850674,-0.32934325795167685,-0.29134715379470566,-0.12265133450628296,-0.039001624660836454
sector_etf,NORMAL,BEAR,50_70,18,2018-06-28 00:00:00,2025-03-04 00:00:00,0.9622222222222222,0.6388888888888888,0.9655555555555557,0.5720838018589549,0.5073027256589149,0.69918430335097,0.6018518518518519,0.20951202214114892,0.5655708742696633,0.2277637038900264,0.9444444444444444,0.8888888888888888,1.0,-0.2062069777923552,-0.050129680087613315,-0.1973130079000489,-0.28898292694697536,-0.05969911963260255,0.08277594915462017
sector_etf,NORMAL,BEAR,raw_fallback,3,2014-10-10 00:00:00,2014-10-14 00:00:00,0.7399999999999999,0.6,0.6,0.7595877995093664,0.6038284600251735,,,,0.345794961980314,0.16430738178202958,0.0,0.0,0.0,10.39807194877516,0.0,10.39807194877516,23.242102485476227,0.0,-12.844030536701068
sector_etf,NORMAL,BULL,00_30,213,2017-01-25 00:00:00,2026-04-22 00:00:00,0.7865727699530515,0.7728638497652582,0.8053521126760563,0.3007518342683013,0.35966196531032746,0.16403047917132424,0.17428024939762024,-1.07714301072646,0.1833220186427125,0.36891064700840953,0.1596244131455399,0.14553990610328638,1.0,0.7937516621599938,-0.08874133337333723,0.8152687470171684,1.0126770120063973,-0.11212246953275806,-0.21892534984640344
sector_etf,NORMAL,BULL,30_50,279,2015-02-25 00:00:00,2026-04-08 00:00:00,0.7855197132616488,0.7397132616487457,0.7903942652329751,0.40190193230907123,0.4124337375023143,0.3753057973488081,0.3979934244802306,-0.4639024168511625,0.20729034660888151,0.37255151016685073,0.2078853046594982,0.17921146953405018,1.0,-0.19307326052620877,-0.28606233792139757,-0.1867191447901725,-0.22295683207685457,-0.33044334629102345,0.029883571550645804
sector_etf,NORMAL,BULL,50_70,174,2015-02-20 00:00:00,2026-02-03 00:00:00,0.7728735632183907,0.7264367816091953,0.7734482758620689,0.4648942851407945,0.44520762905678885,0.5432516876482394,0.587509085909846,0.07683543736868091,0.18665141128103144,0.3667445379967302,0.1724137931034483,0.16091954022988506,1.0,-0.13125629594105803,-0.18162078485680366,-0.123661586596018,-0.22664524770520567,-0.2433459005146661,0.09538895176414763
sector_etf,NORMAL,BULL,70_85,56,2015-02-13 00:00:00,2026-02-06 00:00:00,0.7264285714285714,0.7053571428571429,0.7264285714285714,0.5291212362503367,0.46301223931792623,0.6912556689342404,0.7575661320623613,0.6909198530266748,0.165966064022331,0.4143010462060278,0.07142857142857142,0.07142857142857142,1.0,0.19544088553506378,-0.056854978071213536,0.23064749828093567,0.27118305455114244,-0.09200631843520435,-0.07574216901607866
sector_etf,NORMAL,BULL,85_95,9,2015-01-02 00:00:00,2015-06-15 00:00:00,0.7799999999999999,0.6933333333333334,0.7799999999999999,0.5472735890083843,0.4833719671561789,0.8932980599647267,0.9073105791872383,1.6955032755433674,0.30056148682293143,0.26367536968100636,0.3333333333333333,0.2222222222222222,1.0,0.04718191560170926,-0.017457656610012307,0.059021323405996196,-0.1662866772344861,-0.021504245185843263,0.21346859283619535
sector_etf,NORMAL,BULL,95_100,4,2015-01-05 00:00:00,2015-04-24 00:00:00,0.76,0.67,0.76,0.6409001816064119,0.4703771700205253,0.9573412698412699,0.9609255339323545,2.3781971386295884,0.21242421904189918,0.29507490585832324,0.25,0.25,1.0,9.100043605711013,0.0,9.591939783984133,24.59262568257852,0.0,-15.492582076867508
sector_etf,NORMAL,BULL,raw_fallback,58,2013-01-02 00:00:00,2014-12-31 00:00:00,0.770689655172414,0.7624137931034484,0.7858620689655174,0.36176366281278177,0.37682405282624193,,,,0.175917841833171,0.4137769818253827,0.08620689655172414,0.08620689655172414,0.0,0.3911233379700232,-0.0503396485236024,0.4044334897726527,0.4678341768745209,-0.06891904975489083,-0.0767108389044977
sector_etf,NORMAL,NEUTRAL,00_30,12,2021-10-14 00:00:00,2025-02-26 00:00:00,0.9783333333333334,0.75,0.9833333333333334,0.32745775332053506,0.40487886311192406,0.20105820105820105,0.1951058201058201,-1.050400148705853,0.5640519296763655,0.20409401378757952,1.0,0.9166666666666666,1.0,0.708646337726794,-0.0448885734655754,0.7115356169433356,0.8285942807390296,-0.044811727226430675,-0.11994794301223566
sector_etf,NORMAL,NEUTRAL,30_50,13,2018-08-24 00:00:00,2025-05-21 00:00:00,0.9753846153846156,0.696923076923077,0.9753846153846156,0.4320431427886853,0.4627289591451594,0.4014041514041514,0.3816646316646316,-0.4773258227850864,0.5613169122931193,0.19160002110242266,1.0,0.9230769230769231,1.0,4.046630968738429,-0.03757804602318948,4.086242510648995,3.727742061330697,-0.041250795909014704,0.31888890740773235
sector_etf,NORMAL,NEUTRAL,50_70,15,2017-08-25 00:00:00,2025-01-27 00:00:00,0.9573333333333333,0.6933333333333334,0.9573333333333333,0.5330412105719249,0.48296444300659985,0.6416666666666667,0.5764550264550264,0.09177233047692407,0.5771001443288325,0.20439212725821979,0.8666666666666667,0.8666666666666667,1.0,2.3510469599189445,-0.016422480782958493,2.3510469599189445,2.13830355965363,-0.021780221638629693,0.21274340026531435
sector_etf,NORMAL,NEUTRAL,70_85,5,2016-05-04 00:00:00,2016-05-23 00:00:00,0.808,0.656,0.808,0.5654736834764481,0.5156823249071427,0.6035714285714286,0.7357142857142857,0.6812601154208281,0.30816475755524597,0.455082653053009,0.4,0.4,1.0,4.758939392065133,-0.0006210508558323058,5.0754603825220155,7.14108813291762,-0.0012736828377424292,-2.382148740852487
sector_etf,NORMAL,NEUTRAL,85_95,4,2015-06-29 00:00:00,2015-07-02 00:00:00,0.74,0.67,0.67,0.6020661693066359,0.4800513188521524,0.8888888888888888,0.9107357245031529,1.7771890538298876,0.2123447265071342,0.33837128477000744,0.0,0.0,1.0,-0.3410916369843644,-0.01147808812215223,-0.3410916369843644,-0.49385659772343815,-0.01768384625948405,0.15276496073907375
sector_etf,NORMAL,NEUTRAL,raw_fallback,2,2014-10-07 00:00:00,2014-10-09 00:00:00,0.74,0.74,0.74,0.5468008756637572,0.45245923807180594,,,,0.22455753314263965,0.14454847606781834,0.0,0.0,0.0,-0.9885242926462037,-0.014823412150335114,-0.9885242926462037,-0.9978864344757723,-0.02122384189159654,0.009362141829568627
sector_etf,RISK_OFF,BEAR,50_70,5,2022-07-15 00:00:00,2024-08-16 00:00:00,0.592,0.44000000000000006,0.668,0.6681078964471818,0.7646264196114269,0.6472222222222223,0.6309523809523809,0.5125288531391239,0.4310442364480653,0.3430253009299228,0.6,0.0,1.0,1.2913368981103872,-0.03282424931354255,1.528424220134199,4.298904630010879,-0.041286443618756996,-3.007567731900492
sector_etf,RISK_OFF,BEAR,70_85,27,2018-12-03 00:00:00,2025-04-09 00:00:00,0.4340740740740741,0.42,0.4903703703703704,0.7975391316193122,0.8291179690884294,0.8347295708406819,0.8131491279639428,1.1896681560590465,0.6280393870649865,0.17947952314322052,0.18518518518518517,0.0,1.0,0.30966482614082835,-0.051124569016478216,0.32177942003565985,0.6502230936324158,-0.09954656829220221,-0.34055826749158746
sector_etf,RISK_OFF,BEAR,85_95,107,2015-08-04 00:00:00,2025-04-03 00:00:00,0.42710280373831777,0.4164485981308411,0.4510280373831776,0.8408922866126087,0.8380497347213012,0.9279224150719477,0.9112978445690739,1.6136773872119976,0.7078389086776702,0.11507472345423958,0.09345794392523364,0.0,1.0,-0.08548951379085279,-0.11083791123701148,-0.07307361524573452,-0.20666412257440048,-0.2209454251773224,0.12117460878354769
sector_etf,RISK_OFF,BEAR,95_100,37,2015-07-29 00:00:00,2024-09-10 00:00:00,0.42,0.38108108108108113,0.3810810810810812,0.880766932787122,0.8513247331288843,0.981928356928357,0.9780940439084689,1.9509910030768047,0.7145421001151145,0.09257727915132269,0.0,0.0,1.0,-0.04071880847836307,-0.08811076430352827,-0.01049486256828358,-0.07900712007599642,-0.19058686016292103,0.03828831159763335
sector_etf,RISK_OFF,BULL,00_30,3,2023-01-09 00:00:00,2023-01-11 00:00:00,0.42,0.6,0.6,0.3949036126335462,0.5772093615469899,0.1884920634920635,0.2477954144620811,-0.9315089568332585,0.14416667946030085,0.6462815360233112,0.0,0.0,1.0,2.8828880836990334,-0.0002493616531209497,2.8828880836990334,10.454694688657272,0.0,-7.571806604958239
sector_etf,RISK_OFF,BULL,30_50,3,2022-11-30 00:00:00,2023-01-06 00:00:00,0.42,0.52,0.52,0.5551287010312081,0.7093463131292649,0.35648148148148145,0.4219576719576719,-0.15730380662193333,0.18814355282770576,0.6169626798701652,0.0,0.0,1.0,-0.5712559637959547,-0.009113088207033382,-0.5712559637959547,-0.6110254597772733,-0.012654496458602615,0.039769495981318626
sector_etf,RISK_OFF,BULL,50_70,9,2021-04-01 00:00:00,2022-12-05 00:00:00,0.42,0.48666666666666664,0.48666666666666664,0.6711686622765329,0.7350767972701733,0.5912698412698413,0.6069958847736626,0.44157949899177246,0.19200340643935482,0.5365071591172548,0.0,0.0,1.0,-0.4743489226460297,-0.0276668996508187,-0.4743489226460297,-0.8579063949560489,-0.06679503102785533,0.38355747231001924
sector_etf,RISK_OFF,BULL,70_85,30,2018-02-23 00:00:00,2023-01-04 00:00:00,0.4453333333333333,0.45,0.5226666666666666,0.7404502645134927,0.7748204920403793,0.7624338624338625,0.7794532627865962,1.0049522808202171,0.32062715067488673,0.3388992180128238,0.23333333333333334,0.0,1.0,0.8697278918786395,-0.022059760170409892,0.8973834289068985,1.784260024585199,-0.058191190289973216,-0.9145321327065594
sector_etf,RISK_OFF,BULL,85_95,24,2018-02-15 00:00:00,2021-03-30 00:00:00,0.42,0.42,0.42,0.8408612818767627,0.8276845612522167,0.9325396825396824,0.8905974426807761,1.4870669398258214,0.3149087453186566,0.33815919870989414,0.0,0.0,1.0,1.8440029242779548,-0.019751764316138454,1.87853362572283,11.905904070790518,-0.04682688065926566,-10.061901146512563
sector_etf,RISK_OFF,BULL,95_100,4,2019-05-22 00:00:00,2021-03-12 00:00:00,0.42,0.42,0.42,0.8824190974235535,0.8232042763002565,0.966765873015873,0.96494708994709,1.6789866119072354,0.2879481843171449,0.4426119480656102,0.0,0.0,1.0,-0.6556060970166482,-0.017535699695897966,-0.637727424279166,-0.9073995686050047,-0.04099237500004793,0.2517934715883565
sector_etf,RISK_OFF,NEUTRAL,50_70,4,2022-12-28 00:00:00,2024-09-30 00:00:00,0.515,0.42,0.7050000000000001,0.7100940927863122,0.7703897697877278,0.7574404761904763,0.6732804232804234,0.6805297452247228,0.46422765984389625,0.36151394503971623,0.75,0.0,1.0,-0.3869409170582824,-0.015083380323265727,-0.3490116399031825,-0.792636266673207,-0.036745661839943655,0.4056953496149246
sector_etf,RISK_OFF,NEUTRAL,70_85,9,2016-03-03 00:00:00,2024-11-04 00:00:00,0.5044444444444445,0.45333333333333337,0.6311111111111112,0.7079356961780126,0.7779261908606272,0.7063492063492063,0.7698412698412699,0.9550341317061287,0.5590534318135753,0.23776104247575292,0.5555555555555556,0.0,1.0,1.745411655274987,-0.010819549447031562,1.8825631301901544,2.6527385474547147,-0.029997317044865413,-0.9073268921797277
sector_etf,RISK_OFF,NEUTRAL,85_95,11,2015-10-20 00:00:00,2019-01-29 00:00:00,0.45454545454545453,0.4090909090909091,0.4436363636363636,0.8410436787388541,0.8397665825715886,0.9222582972582973,0.9030620285939434,1.6935308935157574,0.737612764350424,0.08667903456195888,0.09090909090909091,0.0,1.0,2.9566789982818347,-0.005624287052685584,3.117365023962382,12.38338403125983,-0.009838420136709214,-9.426705032977996
sector_etf,RISK_OFF,NEUTRAL,95_100,3,2019-05-23 00:00:00,2019-06-12 00:00:00,0.42,0.42,0.42,0.8916924516359966,0.843569519754765,0.9669312169312171,0.9779541446208113,1.8784627529996551,0.5589617552076148,0.19149313360510103,0.0,0.0,1.0,-0.599214251841018,-0.01028141124093751,-0.599214251841018,-0.922904897195534,-0.025189631335841622,0.3236906453545161
sector_etf,WATCH,BEAR,30_50,16,2022-07-28 00:00:00,2025-05-15 00:00:00,0.95,0.595,0.95,0.5231355477124453,0.5917983419352328,0.48040674603174605,0.4508101851851852,-0.16232916226965394,0.565610567624896,0.20446912831382985,0.9375,0.9375,1.0,0.07417262452658924,-0.07184864576414818,0.09185096872325182,0.21186088619743693,-0.07230510115047206,-0.1376882616708477
sector_etf,WATCH,BEAR,50_70,46,2018-10-05 00:00:00,2025-05-09 00:00:00,0.9513043478260869,0.5721739130434785,0.9513043478260869,0.6303204873333808,0.6255906064154321,0.620643547273982,0.5961007591442374,0.3383675309742064,0.5617313582858393,0.203928475283313,0.9782608695652174,0.9347826086956522,1.0,2.7581984347797706,-0.07760882188223306,2.8143361649524263,3.052376021037924,-0.08059069909299033,-0.2941775862581535
sector_etf,WATCH,BEAR,70_85,16,2016-01-06 00:00:00,2024-11-18 00:00:00,0.7675000000000001,0.5700000000000001,0.7925,0.6577554773539305,0.6077511317937854,0.7534722222222222,0.7595072751322751,0.8193989215514914,0.4643236991802021,0.3149303864521795,0.6875,0.3125,1.0,-0.5596372793672578,-0.05616690142867309,-0.5478453495090732,-0.7237949567970756,-0.07777270132429226,0.1641576774298178
sector_etf,WATCH,BEAR,85_95,17,2015-07-06 00:00:00,2025-03-10 00:00:00,0.8070588235294118,0.5576470588235294,0.8423529411764706,0.7293965127538233,0.6540857593053996,0.8998599439775911,0.898662159091594,1.665837201439647,0.5124742640104899,0.21728517554477844,0.8823529411764706,0.4117647058823529,1.0,-0.36698988301082835,-0.04803197638665124,-0.34113117324664255,-0.45552965715839966,-0.05137995387549643,0.0885397741475713
sector_etf,WATCH,BEAR,95_100,10,2015-05-06 00:00:00,2016-01-13 00:00:00,0.9120000000000001,0.5519999999999999,0.9120000000000001,0.7181396648287774,0.6647652295316704,0.9541666666666666,0.9635226071479245,2.2505968944137247,0.6617418224699039,0.11184784930375431,1.0,0.7,1.0,-0.06796594978468551,-0.0414806325430932,-0.04289046702890542,-0.23927876701691841,-0.052152997071548746,0.1713128172322329
sector_etf,WATCH,BEAR,raw_fallback,3,2014-10-15 00:00:00,2014-10-30 00:00:00,0.7600000000000001,0.5466666666666667,0.7600000000000001,0.7244707683722179,0.6754548507242967,,,,0.43034806965911493,0.16966791553809443,0.6666666666666666,0.3333333333333333,0.0,21.811037424277607,0.0,23.774762981748555,68.03746721545447,0.0,-46.22642979117686
sector_etf,WATCH,BULL,00_30,14,2018-01-02 00:00:00,2026-04-14 00:00:00,0.5999999999999999,0.72,0.72,0.316425065270492,0.4471239174706638,0.16340702947845803,0.20209750566893428,-0.9876267451292021,0.20871073195640485,0.3930540214371149,0.0,0.0,1.0,2.2164245349487004,-0.005200732833227417,2.2164245349487004,6.1714342212172015,-0.007409073191804949,-3.955009686268501
sector_etf,WATCH,BULL,30_50,72,2015-04-10 00:00:00,2026-04-09 00:00:00,0.6311111111111111,0.6455555555555557,0.6777777777777777,0.4508375935359962,0.52086798919763,0.40429343033509707,0.42270389134443426,-0.3547748824158458,0.1633835796450166,0.35781995180909365,0.08333333333333333,0.08333333333333333,1.0,0.023929188148034797,-0.08613696468774357,0.026836237224135306,-0.03206858370055743,-0.1429911007556106,0.055997771848592226
sector_etf,WATCH,BULL,50_70,134,2015-04-13 00:00:00,2026-02-12 00:00:00,0.6465671641791045,0.6079104477611941,0.6574626865671641,0.5631844571833291,0.5712320275068654,0.6189291637052831,0.6091879107571415,0.24110893372536465,0.17212526467044015,0.36344512914092664,0.13432835820895522,0.12686567164179105,1.0,0.15100057780434661,-0.19717938471125984,0.15816759003719416,0.44404556868687783,-0.24914917879769138,-0.2930449908825312
sector_etf,WATCH,BULL,70_85,115,2015-02-12 00:00:00,2026-03-04 00:00:00,0.6111304347826084,0.5897391304347823,0.6210434782608693,0.6451632420783459,0.6008669681092069,0.7398205659075224,0.7677063883567405,0.8493532235673272,0.1821862973226174,0.38386907660215974,0.09565217391304348,0.05217391304347826,1.0,-0.05670439007560535,-0.1265550424107733,-0.05034185220358545,-0.09148784370839524,-0.19513936263403509,0.034783453632789896
sector_etf,WATCH,BULL,85_95,37,2015-01-09 00:00:00,2026-03-06 00:00:00,0.6654054054054055,0.558918918918919,0.665945945945946,0.7226889650563937,0.6441151844762818,0.8975225225225226,0.898610722624767,1.669276681620485,0.29066172758588205,0.2950536500817443,0.32432432432432434,0.13513513513513514,1.0,-0.5182561602261413,-0.11432095741292159,-0.5077124420162635,-0.6266056197880375,-0.1671844706790011,0.10834945956189623
sector_etf,WATCH,BULL,95_100,20,2015-01-06 00:00:00,2019-08-07 00:00:00,0.626,0.588,0.6359999999999999,0.67792629301548,0.6089731924534656,0.9687499999999998,0.9712499486114698,2.648896854155063,0.20307095955433513,0.3247189967205234,0.15,0.05,1.0,0.3046951787759167,-0.015304789675613217,0.31526737115778225,0.5133139038894183,-0.03251743395112405,-0.20861872511350166
sector_etf,WATCH,BULL,raw_fallback,9,2014-10-28 00:00:00,2014-11-10 00:00:00,0.9777777777777779,0.5911111111111111,0.9777777777777779,0.5492689087986945,0.5988343360012717,,,,0.4919551783739106,0.14935890405395344,1.0,1.0,0.0,0.6237272215777654,-0.017365623844378675,0.6422242557478683,0.6891278719806926,-0.017551810682097102,-0.0654006504029272
sector_etf,WATCH,NEUTRAL,30_50,5,2019-06-24 00:00:00,2025-05-14 00:00:00,0.9359999999999999,0.6,0.9359999999999999,0.47291228026151655,0.5907712794500651,0.503968253968254,0.4378306878306878,-0.31500506105793846,0.5377562042438693,0.21522473480008908,1.0,0.8,1.0,-0.5289376619983004,-0.044351913293416145,-0.5192687952215137,-0.46935832270858135,-0.04338541270167717,-0.059579339289719035
sector_etf,WATCH,NEUTRAL,50_70,19,2016-05-18 00:00:00,2025-02-05 00:00:00,0.9494736842105265,0.5789473684210527,0.9494736842105265,0.6170515092579942,0.6128288954361478,0.6825396825396826,0.6368699526594264,0.40408657450869856,0.5876282071836759,0.18817104249447728,0.9473684210526315,0.9473684210526315,1.0,0.3728006534357118,-0.0645731931840341,0.40667517632052896,0.5987270325665413,-0.0674904156971694,-0.22592637913082947
sector_etf,WATCH,NEUTRAL,70_85,13,2016-03-08 00:00:00,2024-10-31 00:00:00,0.7523076923076922,0.5630769230769229,0.7676923076923077,0.6587923533641376,0.6312590188981526,0.6993284493284493,0.7491859991859993,0.8136957276793132,0.4559624259137117,0.2962319719168175,0.6153846153846154,0.3076923076923077,1.0,4.669993080872401,-0.010298158560715254,4.8555319042265985,7.012701545746054,-0.023304929216254933,-2.3427084648736534
sector_etf,WATCH,NEUTRAL,85_95,1,2019-08-05 00:00:00,2019-08-05 00:00:00,0.6,0.6,0.6,0.858919793367386,0.6220753408895198,0.8591269841269841,0.906084656084656,1.6639832090493216,0.1774544284519796,0.5419240420670248,0.0,0.0,1.0,1.6163799732414175,0.0,1.6163799732414175,3.894887755201479,0.0,-2.2785077819600614
sector_etf,WATCH,NEUTRAL,95_100,2,2015-05-05 00:00:00,2015-05-07 00:00:00,0.96,0.56,0.96,0.7350138798356056,0.6509321061206641,0.9672619047619048,0.9719877781621122,2.610993382069881,0.7071698882406655,0.12376880136820637,1.0,1.0,1.0,2.961442270199779,0.0,2.961442270199779,3.2787998042438042,0.0,-0.31735753404402534
