ticker,allocation_regime,mid_trend_state,ph_rank_bin_756,count,start_date,end_date,avg_stock_weight,avg_base_signal_stock_weight,avg_signal_stock_weight,avg_ph_raw,avg_ph_ewma,avg_ph_rank_504,avg_ph_rank_756,avg_ph_z_756,avg_up_strength_score,avg_down_strength_score,offensive_activation_rate,tier3_rate,ph_context_available_rate_756,strategy_ann_return,strategy_mdd,strategy_gross_ann_return,bh_ann_return,bh_mdd,bh_gap_ann_return
AAPL,CUSTOM,BEAR,00_30,4,2018-02-02 00:00:00,2021-10-04 00:00:00,0.805,0.7599999999999999,0.805,0.3041124159470201,0.3685266561571246,0.14781746031746035,0.14748677248677244,-1.119592403966149,0.4108270838963235,0.30594771834346407,1.0,0.0,1.0,-0.13323490361076384,-0.03902137775407977,-0.13323490361076384,-0.13557099091164926,-0.04833468883177716,0.0023360873008854144
AAPL,CUSTOM,BEAR,30_50,4,2016-05-26 00:00:00,2026-01-23 00:00:00,0.8,0.685,0.8,0.4032123563811183,0.4736386904633411,0.3948412698412698,0.44146825396825395,-0.26574520991697564,0.43080665051036143,0.2659131485344482,1.0,0.0,1.0,10.112213932041884,0.0,10.112213932041884,19.159907589443744,0.0,-9.04769365740186
AAPL,CUSTOM,BEAR,50_70,26,2021-03-23 00:00:00,2026-01-21 00:00:00,0.8000000000000002,0.5176923076923077,0.8000000000000002,0.6406930616841867,0.7018585257567712,0.634386446886447,0.6255087505087504,0.42057004999932246,0.724557665844581,0.1053531296369577,1.0,0.0,1.0,0.05776919361747335,-0.09807165155216402,0.05776919361747335,0.024447006649771064,-0.12280559618977227,0.03332218696770228
AAPL,CUSTOM,BEAR,70_85,83,2015-09-24 00:00:00,2025-06-26 00:00:00,0.8019277108433733,0.4742168674698796,0.7999999999999999,0.7483371565140874,0.751029068682314,0.8184643335245747,0.7948498502021181,1.0463651422377478,0.7053523455393055,0.11021610693305578,1.0,0.0,1.0,-0.18459561165343652,-0.22952844542295048,-0.18459561165343652,-0.23902516007011032,-0.2748797278343158,0.0544295484166738
AAPL,CUSTOM,BEAR,85_95,86,2015-08-07 00:00:00,2026-03-18 00:00:00,0.8079069767441858,0.4574418604651164,0.7986046511627904,0.778653046454108,0.7580075910178548,0.9294250645994833,0.8960830256746231,1.5334574908022307,0.629570036239717,0.14524584309985258,0.9767441860465116,0.0,1.0,0.289150141618685,-0.09512233426761563,0.289150141618685,0.27320554007349473,-0.11983626247433943,0.015944601545190284
AAPL,CUSTOM,BEAR,95_100,28,2015-08-21 00:00:00,2025-05-27 00:00:00,0.8057142857142859,0.4342857142857143,0.8000000000000002,0.8159068077802658,0.7812044160900479,0.9932681405895691,0.9773990263790784,1.8911197137773044,0.5685271260550745,0.167756969555326,1.0,0.0,1.0,-0.22110299057191862,-0.11533656204657394,-0.22110299057191862,-0.2388905101788238,-0.1378545533913066,0.017787519606905167
AAPL,CUSTOM,BEAR,raw_fallback,66,2013-01-03 00:00:00,2013-05-20 00:00:00,0.8024242424242424,0.46242424242424246,0.7999999999999998,0.7553164506500417,0.7546577363294855,,,,0.6668246086145754,0.1117378680785515,1.0,0.0,0.0,-0.3042963072332082,-0.15204555327199654,-0.3042963072332082,-0.3701987092049026,-0.19023387839165462,0.06590240197169439
AAPL,CUSTOM,BULL,00_30,433,2015-04-17 00:00:00,2026-02-06 00:00:00,0.8287297921478061,0.826743648960739,0.8288221709006929,0.26819314041775033,0.27425664311776127,0.1309752923494263,0.11966687542240527,-1.22954944390713,0.1443028325335697,0.31887492367057213,0.15935334872979215,0.0,1.0,0.2065103728609632,-0.10161873253277953,0.2065103728609632,0.24933344066713503,-0.12532352026260962,-0.042823067806171844
AAPL,CUSTOM,BULL,30_50,88,2015-02-02 00:00:00,2026-02-11 00:00:00,0.8384090909090909,0.7752272727272728,0.8034090909090911,0.39660353295674367,0.36224168039995147,0.393713924963925,0.37754155063591344,-0.47570840118321994,0.18577392558145409,0.33479839398232253,0.29545454545454547,0.0,1.0,-0.4693284158926506,-0.21842204886341532,-0.4693284158926506,-0.5486038998280591,-0.2633719468692014,0.07927548393540851
AAPL,CUSTOM,BULL,50_70,45,2015-01-30 00:00:00,2026-04-20 00:00:00,0.8542222222222223,0.7133333333333334,0.7613333333333331,0.49966993167996404,0.4402256256961251,0.581657848324515,0.5919728153419591,0.1552924156400979,0.22835877631929197,0.36967509079243216,0.3111111111111111,0.0,1.0,1.1527955307613187,-0.03475324581380346,1.1527955307613187,1.5250859640316867,-0.037825381843761385,-0.37229043327036804
AAPL,CUSTOM,BULL,70_85,14,2015-11-05 00:00:00,2022-01-25 00:00:00,0.8757142857142858,0.6385714285714287,0.6985714285714285,0.6128573934946742,0.5488185614192228,0.7954931972789117,0.7572698058735519,0.717811402895964,0.2712897963677773,0.34798070267052955,0.2857142857142857,0.0,1.0,-0.1176384910704441,-0.05194773159102106,-0.1176384910704441,-0.04151291630157661,-0.06322491172320699,-0.0761255747688675
AAPL,CUSTOM,BULL,85_95,1,2020-02-03 00:00:00,2020-02-03 00:00:00,0.82,0.74,0.74,0.645786139369011,0.4429892143669855,0.7936507936507936,0.8624338624338624,1.1778653957227925,0.0462826370678606,0.4220971698124464,0.0,0.0,1.0,3.7392042905653398,0.0,3.7392042905653398,6.740497139416007,0.0,-3.0012928488506674
AAPL,CUSTOM,BULL,raw_fallback,129,2013-05-23 00:00:00,2014-12-03 00:00:00,0.8226356589147287,0.790077519379845,0.8110077519379846,0.33658693228927694,0.3303393706427133,,,,0.09724460898111546,0.298427515568661,0.07751937984496124,0.0,0.0,0.24597818477563083,-0.09798839987283692,0.24597818477563083,0.2368696049143426,-0.12162953813434918,0.009108579861288213
AAPL,CUSTOM,NEUTRAL,00_30,8,2019-06-17 00:00:00,2026-02-03 00:00:00,0.82,0.7949999999999999,0.84,0.29645296046510333,0.33727305835830473,0.15128968253968256,0.17989417989417988,-1.017930394937314,0.3739264778776742,0.3326380416311611,0.875,0.0,1.0,5.787882573937827,-0.0018981063296323875,5.787882573937827,8.527179499529305,-0.0022634985780990435,-2.7392969255914785
AAPL,CUSTOM,NEUTRAL,30_50,8,2019-03-04 00:00:00,2021-06-03 00:00:00,0.82,0.6875,0.82,0.4691541003063321,0.4971244696106184,0.37003968253968256,0.3998015873015873,-0.30712421703777,0.2582043206214333,0.3816639127381477,1.0,0.0,1.0,-0.01681518303003371,-0.022239545277325745,-0.01681518303003371,-0.051565619650594585,-0.02674166099260622,0.034750436620560876
AAPL,CUSTOM,NEUTRAL,50_70,20,2015-01-21 00:00:00,2026-04-21 00:00:00,0.866,0.67,0.773,0.5171946505457163,0.4940792637463353,0.6723214285714286,0.6090285468192446,0.20578491035168978,0.356557932735014,0.30851817177030133,0.55,0.0,1.0,2.49928177881394,-0.051097580866484305,2.49928177881394,2.770028507549301,-0.06425777395490984,-0.2707467287353613
AAPL,CUSTOM,NEUTRAL,70_85,2,2018-02-22 00:00:00,2022-02-23 00:00:00,0.8899999999999999,0.56,0.7,0.6627605229616165,0.61122331702456,0.7966269841269842,0.7738095238095237,0.7988852297594204,0.40085741267066444,0.24766301084944575,0.5,0.0,1.0,35.5803159828111,0.0,35.5803159828111,58.74442145852835,0.0,-23.16410547571725
AAPL,CUSTOM,NEUTRAL,raw_fallback,5,2013-05-21 00:00:00,2014-04-23 00:00:00,0.8480000000000001,0.6279999999999999,0.792,0.602792538702488,0.5386756458428772,,,,0.4995372150204623,0.2705221812417643,0.6,0.0,0.0,1.0712570248326978,-0.0017034931146062693,1.0712570248326978,1.194102234447218,-0.0019375267127337281,-0.12284520961452028
AAPL,EXTREME_RISK,BEAR,85_95,1,2020-11-23 00:00:00,2020-11-23 00:00:00,0.3000000000000001,0.3,0.3000000000000001,0.9105538338422776,0.9108662691010412,0.9107142857142857,0.9404761904761905,1.8755451575039361,0.7425675068716042,0.1672592227922656,0.0,0.0,1.0,0.813564375902841,0.0,0.813564375902841,5.519191833118325,0.0,-4.705627457215484
AAPL,EXTREME_RISK,BEAR,95_100,3,2020-10-30 00:00:00,2020-11-03 00:00:00,0.3000000000000001,0.3,0.3000000000000001,0.9231848895549776,0.9188332852470232,0.9656084656084656,0.9770723104056437,2.031551255991933,0.4271154796480395,0.48228389849124004,0.0,0.0,1.0,11.481295881748563,0.0,11.481295881748563,1941.5546288579785,0.0,-1930.07333297623
AAPL,EXTREME_RISK,BULL,85_95,8,2020-11-11 00:00:00,2020-12-02 00:00:00,0.3000000000000001,0.3,0.3000000000000001,0.8839549701660873,0.9007530101832459,0.8898809523809523,0.9265873015873016,1.7349291298920337,0.5716527362341461,0.2745439243608975,0.0,0.0,1.0,0.4425551227535931,-0.0034420637894437833,0.4425551227535931,3.132739018614658,-0.00756450585948143,-2.690183895861065
AAPL,EXTREME_RISK,BULL,95_100,36,2020-09-15 00:00:00,2020-11-12 00:00:00,0.30000000000000016,0.30000000000000004,0.30000000000000016,0.9201196362574896,0.9172494303510523,0.9693562610229279,0.9795708406819517,2.161721599416632,0.1666661119877377,0.6767038710234732,0.0,0.0,1.0,-0.14059919653721875,-0.05278067782308238,-0.13914727303420826,-0.26982605751776967,-0.1456807514146261,0.12922686098055092
AAPL,EXTREME_RISK,NEUTRAL,85_95,6,2020-11-10 00:00:00,2020-11-20 00:00:00,0.3000000000000001,0.3,0.3000000000000001,0.9089185024301211,0.9117983108708395,0.9160052910052912,0.9440035273368607,1.8900079014492415,0.7184723755320275,0.19218616238223987,0.0,0.0,1.0,-0.32242926560522867,-0.013812182401414463,-0.32242926560522867,-0.800102360337281,-0.04640263071358075,0.47767309473205233
AAPL,EXTREME_RISK,NEUTRAL,95_100,2,2020-11-04 00:00:00,2020-11-09 00:00:00,0.3000000000000001,0.3,0.3000000000000001,0.9243900150060654,0.9216717304307629,0.9672619047619048,0.9781746031746031,2.0128929721641518,0.5196148626430049,0.39286719597557296,0.0,0.0,1.0,1.6958144500815098,0.0,1.6958144500815098,36.500420023281045,0.0,-34.80460557319954
AAPL,HIGH_VOL,BEAR,50_70,5,2016-02-17 00:00:00,2016-02-29 00:00:00,0.52,0.5680000000000001,0.608,0.6033415776491167,0.6523664524382793,0.6892857142857143,0.6783068783068783,0.5525543113990021,0.2973069881041933,0.10560491629966033,0.2,0.0,1.0,0.32289551302582953,-0.011797667344181195,0.32289551302582953,0.9953173542243596,-0.024824080468868415,-0.6724218411985301
AAPL,HIGH_VOL,BEAR,70_85,7,2016-02-16 00:00:00,2019-01-08 00:00:00,0.52,0.52,0.52,0.6374005436897278,0.68139958418407,0.7766439909297052,0.755479969765684,0.7814464520217103,0.24491228090702374,0.10586581474057112,0.0,0.0,1.0,0.8988043744637355,-0.0007127024292434836,0.8988043744637355,2.254009900120217,0.0,-1.3552055256564814
AAPL,HIGH_VOL,BEAR,85_95,19,2015-09-01 00:00:00,2019-01-04 00:00:00,0.5199999999999999,0.5147368421052632,0.5147368421052632,0.7457476940594223,0.7382456769407986,0.9572890559732665,0.8890005519998444,1.4723575329596217,0.2462617867631154,0.19783052933509687,0.0,0.0,1.0,1.1515571969370089,-0.009883689512989569,1.1515571969370089,3.7138821179830037,-0.025427507314919495,-2.562324921045995
AAPL,HIGH_VOL,BEAR,95_100,4,2015-09-18 00:00:00,2019-06-03 00:00:00,0.52,0.47,0.47,0.8025996528565884,0.7492991440190275,0.9935515873015873,0.9774476352749452,1.9017537719757935,0.23581138619473035,0.3352846444967039,0.0,0.0,1.0,0.04203795299982094,-0.0048791571029166425,0.04203795299982094,-0.12920689212623138,-0.010401312011551367,0.17124484512605231
AAPL,HIGH_VOL,BULL,30_50,3,2016-11-23 00:00:00,2016-11-28 00:00:00,0.52,0.6,0.6,0.44399080872535707,0.5560215569153041,0.2552910052910053,0.3994708994708995,-0.2942675994236329,0.3045564160438744,0.48803932366605823,0.0,0.0,1.0,-0.41213690203269315,-0.006663154019128981,-0.41213690203269315,-0.617016267362459,-0.009411095219577947,0.2048793653297658
AAPL,HIGH_VOL,BULL,50_70,12,2016-11-22 00:00:00,2021-12-29 00:00:00,0.5199999999999999,0.5599999999999999,0.5599999999999999,0.5781434337298076,0.6460854692763572,0.5653108465608465,0.6226851851851852,0.30471660723587596,0.08534286835556544,0.37683462878277857,0.0,0.0,1.0,0.09770919456210914,-0.02610332701992668,0.09770919456210914,0.34628866827679916,-0.04771412183889179,-0.24857947371469002
AAPL,HIGH_VOL,BULL,70_85,20,2018-04-05 00:00:00,2024-08-15 00:00:00,0.5199999999999999,0.5399999999999999,0.5399999999999999,0.657191172838211,0.6814334819898564,0.7891865079365079,0.7834656084656085,0.8655403279440362,0.13618202242900432,0.42496467444370517,0.0,0.0,1.0,0.23585826109975927,-0.04740976394688534,0.23585826109975927,0.7684515467207462,-0.07918770578847456,-0.532593285620987
AAPL,HIGH_VOL,BULL,85_95,12,2019-08-15 00:00:00,2021-02-01 00:00:00,0.5199999999999999,0.5033333333333333,0.5033333333333333,0.7691175520420076,0.7258466779228013,0.8568121693121693,0.8971560846560847,1.4237489413700448,0.07627649815581647,0.41881469994729814,0.0,0.0,1.0,0.853802859621041,-0.01770533951885367,0.853802859621041,2.5380753777988594,-0.03313552966730726,-1.6842725181778184
AAPL,HIGH_VOL,BULL,95_100,3,2020-02-26 00:00:00,2020-08-11 00:00:00,0.52,0.48666666666666664,0.48666666666666664,0.828522523244222,0.7458120296814547,0.9623015873015873,0.974867724867725,2.076017844386929,0.06472455547113257,0.5097753652297974,0.0,0.0,1.0,5.365907268246511,0.0,5.365907268246511,19.47807376815566,0.0,-14.112166499909149
AAPL,HIGH_VOL,NEUTRAL,85_95,2,2018-04-03 00:00:00,2018-04-09 00:00:00,0.52,0.52,0.52,0.7477325469255447,0.7010338034614343,0.9494047619047619,0.8935185185185186,1.5219169844039258,0.2528057868637322,0.32316226486955746,0.0,0.0,1.0,0.0973615470080742,-0.002091078157223314,0.0973615470080742,0.3234031288373105,-0.00467573037765967,-0.22604158182923628
AAPL,HIGH_VOL,NEUTRAL,95_100,1,2016-05-03 00:00:00,2016-05-03 00:00:00,0.52,0.42,0.42,0.8064422488212586,0.7520025957803225,0.9583333333333334,0.9695767195767195,1.8319362155681707,0.1819002458357434,0.4051549186361642,0.0,0.0,1.0,-0.2726945708306615,0.0,-0.2726945708306615,-0.6411940662621802,0.0,0.3684994954315187
AAPL,NORMAL,BEAR,00_30,55,2015-07-07 00:00:00,2024-05-09 00:00:00,0.9970909090909091,0.8101818181818181,0.9970909090909091,0.28030368199402633,0.30984416110073576,0.15613275613275612,0.1572331114327945,-1.0889300441161542,0.701561220904372,0.16389286885071014,1.0,1.0,1.0,0.5260544877299007,-0.07884186353918976,0.5285624081595295,0.5222695574267071,-0.07884186353918998,0.003784930303193601
AAPL,NORMAL,BEAR,30_50,76,2015-07-08 00:00:00,2026-01-30 00:00:00,0.9963157894736838,0.7347368421052634,0.9963157894736838,0.40952770637446334,0.41162643250256875,0.40504908103592313,0.4082586845933857,-0.4186651779692162,0.718184891241521,0.14570615805860393,1.0,1.0,1.0,1.0835896767447233,-0.15466001153323594,1.086366838929011,1.1084012605946092,-0.15466001153323594,-0.02481158384988591
AAPL,NORMAL,BEAR,50_70,60,2015-07-22 00:00:00,2025-03-07 00:00:00,0.9733333333333334,0.7040000000000002,0.9773333333333334,0.4860328469301264,0.4585632674455221,0.6149140211640212,0.580840435188109,0.08752770883526868,0.6754650458859147,0.1482463152807927,0.9666666666666667,0.9,1.0,0.7961388420296436,-0.07625388802800181,0.7982278608359108,1.0523225539561376,-0.07625388802800159,-0.25618371192649403
AAPL,NORMAL,BEAR,70_85,22,2015-07-27 00:00:00,2026-04-14 00:00:00,0.9581818181818182,0.6509090909090908,0.9581818181818182,0.5463803103701635,0.5062059000216839,0.7796717171717172,0.7781849688129223,0.6565682896914427,0.568607080953232,0.23152355110247316,0.9090909090909091,0.8636363636363636,1.0,-0.21827122595604254,-0.07262540447351318,-0.21575435301553092,-0.21733558984566437,-0.0800472884283765,-0.0009356361103781685
AAPL,NORMAL,BEAR,85_95,2,2026-02-17 00:00:00,2026-04-08 00:00:00,0.8,0.6,0.8,0.6241524808108807,0.5296953627591314,0.8303571428571428,0.8869047619047619,1.4348457917937845,0.4547962718467662,0.34404971555620056,0.5,0.5,1.0,-0.6713982869434455,-3.834482173115106e-05,-0.6525003306839248,-0.8371171112408959,-3.834482173115106e-05,0.16571882429745044
AAPL,NORMAL,BEAR,raw_fallback,38,2013-07-03 00:00:00,2014-04-17 00:00:00,0.9989473684210527,0.7252631578947366,0.9989473684210527,0.412131600042707,0.43354274602919346,,,,0.7338367414544775,0.12667955858195284,1.0,1.0,0.0,2.368541197768808,-0.02957648443682781,2.3783582229376967,2.3768605748629223,-0.02957648443682792,-0.008319377094114344
AAPL,NORMAL,BULL,00_30,356,2015-03-04 00:00:00,2026-02-02 00:00:00,0.8285393258426967,0.7738202247191011,0.8384269662921349,0.31640610139021713,0.35228056228359655,0.1705345996076333,0.17779410683903815,-1.0479039113065072,0.2750063840084874,0.33312646854257943,0.3398876404494382,0.31741573033707865,1.0,0.31157075104231313,-0.14947566801338386,0.3206354947433938,0.40751448272965596,-0.20063162229494547,-0.09594373168734283
AAPL,NORMAL,BULL,30_50,240,2015-02-03 00:00:00,2026-05-07 00:00:00,0.7683333333333334,0.7355,0.7696666666666668,0.41826416907211145,0.42316691782230254,0.382432208994709,0.4040896040984961,-0.37347032190601126,0.1712603839925478,0.41134002939345204,0.14166666666666666,0.12083333333333333,1.0,0.1096272784631207,-0.10644057931975692,0.11754599374377106,0.13859549078828182,-0.14479708164885918,-0.028968212325161113
AAPL,NORMAL,BULL,50_70,190,2015-01-29 00:00:00,2026-04-30 00:00:00,0.7752631578947368,0.7237894736842104,0.776,0.477277619952434,0.4510575397665912,0.5965538847117795,0.5820424088113294,0.08181568036415933,0.20873274287561888,0.3805105340214836,0.18947368421052632,0.1631578947368421,1.0,0.24292670142419204,-0.14302115164456453,0.25550291313525597,0.331542725558416,-0.16879088046481738,-0.08861602413422398
AAPL,NORMAL,BULL,70_85,42,2015-05-06 00:00:00,2026-04-27 00:00:00,0.7428571428571429,0.6966666666666667,0.7395238095238095,0.5485043523921854,0.4771912979527393,0.7639361300075587,0.7483754290099027,0.5582443600591875,0.19126807913781824,0.37976797476237856,0.14285714285714285,0.14285714285714285,1.0,0.9108465104974108,-0.04606031662608889,0.9541098193821238,1.4161405066234432,-0.07749186139006792,-0.5052939961260323
AAPL,NORMAL,BULL,raw_fallback,116,2013-07-26 00:00:00,2014-12-11 00:00:00,0.7836206896551723,0.741551724137931,0.7918965517241378,0.40929828729352047,0.417028179629225,,,,0.17669644242695587,0.38655316375932186,0.1810344827586207,0.1810344827586207,0.0,0.28633061761300294,-0.08643568528036549,0.30285554121146485,0.3550227272441553,-0.12178594610055415,-0.06869210963115235
AAPL,NORMAL,NEUTRAL,00_30,32,2015-06-29 00:00:00,2024-05-03 00:00:00,0.995,0.7949999999999999,0.995,0.293314705020748,0.32541571521059676,0.15550595238095238,0.15912576635945563,-1.1256845742540085,0.6522868181762091,0.1827949830595824,1.0,1.0,1.0,1.2608747402769733,-0.02605570048007322,1.2933321724811675,1.2878985389019255,-0.02605570048007322,-0.02702379862495219
AAPL,NORMAL,NEUTRAL,30_50,23,2015-07-13 00:00:00,2025-02-27 00:00:00,0.9869565217391304,0.7017391304347826,0.9869565217391304,0.42749402859936586,0.46417753454099775,0.3731884057971015,0.3969905935671084,-0.38673164435743695,0.6325812771261414,0.2145813538170157,1.0,0.9565217391304348,1.0,2.145333527225684,-0.023717646995884856,2.185232292208026,2.199595500661722,-0.023717646995884745,-0.05426197343603789
AAPL,NORMAL,NEUTRAL,50_70,36,2015-05-13 00:00:00,2026-04-16 00:00:00,0.9400000000000001,0.6427777777777776,0.9344444444444444,0.5224747931377753,0.5024046762990159,0.6123236331569664,0.6102259366148256,0.19703969553152353,0.5761848572337879,0.20238237578866533,0.8333333333333334,0.8055555555555556,1.0,1.5910817079245456,-0.07687423210425193,1.625688502706828,1.5651835553468785,-0.08494082265185743,0.025898152577667144
AAPL,NORMAL,NEUTRAL,70_85,7,2015-05-12 00:00:00,2026-04-09 00:00:00,0.8314285714285715,0.6599999999999999,0.8314285714285715,0.5510102897882462,0.5059230756802006,0.8630952380952381,0.7455824375843649,0.5647016158994148,0.41409600316156625,0.3482382117292046,0.42857142857142855,0.42857142857142855,1.0,4.569831996642242,-0.01421851465711188,4.62706637973461,5.204817788439269,-0.027022139963060465,-0.6349857917970265
AAPL,NORMAL,NEUTRAL,raw_fallback,24,2013-07-24 00:00:00,2014-04-16 00:00:00,1.0,0.7108333333333333,1.0,0.4625495493412018,0.4448589808550442,,,,0.7233330775632069,0.15889546015051823,1.0,1.0,0.0,0.10333174748619967,-0.061371029983645964,0.10333174748619967,0.10333174748619967,-0.061371029983645964,0.0
AAPL,RISK_OFF,BEAR,50_70,4,2016-05-25 00:00:00,2022-06-29 00:00:00,0.515,0.47,0.8,0.6235015027225018,0.749219300850189,0.5634920634920635,0.6471560846560847,0.4331540239192112,0.6703924644091905,0.09244811021541173,1.0,0.0,1.0,0.4338795574232257,-0.01198000152103229,0.5042825259933086,-0.11087291993185533,-0.029789807488803777,0.544752477355081
AAPL,RISK_OFF,BEAR,70_85,7,2016-02-04 00:00:00,2022-06-28 00:00:00,0.4742857142857143,0.47714285714285715,0.5714285714285714,0.6823739809649332,0.7465883626758882,0.7494331065759637,0.7913832199546486,0.9349351850498059,0.3261261798039096,0.1540374972088431,0.2857142857142857,0.0,1.0,7.413060019025707,-0.004652881074118431,7.638919279866878,27.62696193395584,-0.018027696770513635,-20.213901914930133
AAPL,RISK_OFF,BEAR,85_95,45,2015-08-25 00:00:00,2025-05-14 00:00:00,0.43288888888888905,0.42666666666666686,0.44355555555555576,0.773570638431443,0.7840117268599198,0.9289682539682539,0.9051464482413492,1.5603151642930495,0.36861599437922904,0.14383807924689282,0.044444444444444446,0.0,1.0,-0.05478229536998169,-0.08441207077164936,-0.03430011614835682,-0.3862488600662489,-0.22579291793263012,0.33146656469626723
AAPL,RISK_OFF,BEAR,95_100,47,2015-09-22 00:00:00,2025-05-09 00:00:00,0.43617021276595774,0.42000000000000026,0.43617021276595774,0.824756420673208,0.8147281923109386,0.9860688956433639,0.9847470071184934,1.9481290794296884,0.27995209673856486,0.20227414529572743,0.0425531914893617,0.0,1.0,0.10198834389700484,-0.0784844156849599,0.11880181772119558,-0.07114509067615771,-0.2130293199495078,0.17313343457316255
AAPL,RISK_OFF,BEAR,raw_fallback,14,2013-01-02 00:00:00,2013-02-14 00:00:00,0.5014285714285714,0.42,0.5285714285714286,0.7908019774726459,0.798387702590519,,,,0.4466889903844242,0.12980568795255829,0.2857142857142857,0.0,0.0,-0.0937758520833275,-0.01915395390171215,-0.04312873548480978,-0.24407918386550997,-0.04154788231716311,0.15030333178218247
AAPL,RISK_OFF,BULL,50_70,5,2020-12-16 00:00:00,2021-02-12 00:00:00,0.42000000000000004,0.52,0.52,0.6378920570015907,0.7102554812564097,0.642063492063492,0.6616402116402117,0.41093543444842473,0.08132130637116235,0.37978844746219237,0.0,0.0,1.0,-0.1539324313532766,-0.009916350237685001,-0.1539324313532766,-0.46759674620051994,-0.025192403499431526,0.31366431484724333
AAPL,RISK_OFF,BULL,70_85,19,2020-08-03 00:00:00,2021-03-02 00:00:00,0.42,0.4357894736842105,0.4357894736842105,0.726267169023815,0.7654905692546395,0.7308897243107769,0.7743664717348927,0.8772803343217564,0.11597643932567085,0.39149397151904075,0.0,0.0,1.0,0.041590165424025605,-0.03106956641114189,0.04434514127450262,0.26577489149645306,-0.061550343227613546,-0.22418472607242745
AAPL,RISK_OFF,BULL,85_95,16,2020-07-28 00:00:00,2021-02-26 00:00:00,0.42,0.4325,0.4325,0.805712498538196,0.7875360524565181,0.8466021825396826,0.8947585978835979,1.3794572980954505,0.09935334624850545,0.4123767290264422,0.0,0.0,1.0,2.6807229882893253,-0.01297403165910438,2.729477866426544,16.949128327206445,-0.03370504775564365,-14.26840533891712
AAPL,RISK_OFF,BULL,95_100,16,2020-02-25 00:00:00,2020-09-14 00:00:00,0.4325,0.4175,0.4175,0.8642491593956948,0.8144553551644464,0.9906994047619048,0.9937996031746031,2.2970404437560044,0.056770437880942604,0.5778144381484841,0.0,0.0,1.0,0.02547609541424678,-0.05951013480822687,0.03712871267438955,-0.28912075080199917,-0.1505542424774794,0.31459684621624595
AAPL,RISK_OFF,NEUTRAL,70_85,1,2019-06-10 00:00:00,2019-06-10 00:00:00,0.42,0.52,0.82,0.5983576714992523,0.7066285949956944,0.751984126984127,0.8055555555555556,0.8582331841500664,0.2721606779579013,0.4233739782007359,1.0,0.0,1.0,-0.08287284731746136,0.0,-0.08287284731746136,-0.5521255704831867,0.0,0.4692527231657253
AAPL,RISK_OFF,NEUTRAL,85_95,3,2019-06-06 00:00:00,2021-02-25 00:00:00,0.42,0.4533333333333333,0.4533333333333333,0.7645725369453431,0.7573403205476973,0.8822751322751322,0.9175485008818343,1.582338133938161,0.18472241786176183,0.4360257860279229,0.0,0.0,1.0,11.746485403409554,0.0,11.746485403409554,625.190418714767,0.0,-613.4439333113575
AAPL,RISK_OFF,NEUTRAL,95_100,3,2019-06-04 00:00:00,2020-03-09 00:00:00,0.42,0.42,0.42,0.8045753409465154,0.777835615898362,0.9814814814814815,0.9867724867724866,2.161605275424559,0.1576004541597496,0.45410042196636535,0.0,0.0,1.0,0.0033176039990285844,-0.018304403694789362,0.020212417515784953,0.5867869504223298,-0.03472998313121445,-0.5834693464233012
AAPL,WATCH,BEAR,30_50,22,2015-10-13 00:00:00,2023-01-30 00:00:00,0.9436363636363637,0.6027272727272727,0.961818181818182,0.48598768839781936,0.5903124937681409,0.4288419913419913,0.423092278092278,-0.2682997286143063,0.7299279469603962,0.09791467993373547,1.0,0.9090909090909091,1.0,-0.006890729639731807,-0.04292915445744594,0.0180410160067348,-0.11051775765834126,-0.051101955204909344,0.10362702801860946
AAPL,WATCH,BEAR,50_70,38,2015-10-14 00:00:00,2025-06-30 00:00:00,0.8884210526315791,0.5894736842105264,0.8884210526315791,0.5684425890445711,0.6088277700596696,0.6070906432748537,0.6162837351740423,0.30736482719650715,0.6030076726602844,0.13212971750058103,0.7894736842105263,0.7631578947368421,1.0,1.3829924148186432,-0.05556705796568551,1.429658110351927,2.0038621227952444,-0.06114919317876055,-0.6208697079766012
AAPL,WATCH,BEAR,70_85,59,2015-07-30 00:00:00,2026-03-31 00:00:00,0.8928813559322034,0.5796610169491526,0.9030508474576271,0.6476692797268853,0.6269482112358955,0.7975517890772127,0.7790625126073389,0.85345501211505,0.6251606015113657,0.14880352693141705,0.8983050847457628,0.7627118644067796,1.0,-0.12145706511602916,-0.11626003920961525,-0.11097270400764192,-0.15361250080626565,-0.1410318587346141,0.03215543569023649
AAPL,WATCH,BEAR,85_95,44,2015-08-03 00:00:00,2026-03-30 00:00:00,0.8154545454545455,0.5672727272727275,0.8336363636363636,0.6722161950374191,0.6289224673956393,0.893939393939394,0.8872522771573657,1.3837815719894804,0.5216811602327746,0.24586671442393102,0.75,0.5227272727272727,1.0,-0.43789319222391254,-0.18371174796340184,-0.4267899255677876,-0.5102779847956866,-0.20382453685540036,0.0723847925717741
AAPL,WATCH,BEAR,95_100,3,2015-12-17 00:00:00,2025-04-04 00:00:00,0.7066666666666667,0.52,0.7066666666666667,0.8051184862852097,0.7130569352058812,0.9861111111111112,0.9706866958877683,1.8572989292408437,0.3848186399084194,0.3290284473599908,0.6666666666666666,0.0,1.0,-0.8375441484034436,-0.0408131945774578,-0.8306906481007466,-0.8502354388966649,-0.04981809279693461,0.012691290493221263
AAPL,WATCH,BEAR,raw_fallback,31,2013-02-27 00:00:00,2014-02-25 00:00:00,0.9458064516129033,0.5716129032258065,0.9458064516129033,0.6350545489980328,0.6389982611296519,,,,0.6158837956150647,0.1053725384577367,1.0,0.9032258064516129,0.0,-0.5028389256663099,-0.15270872238331878,-0.49764097568944343,-0.4980782182747261,-0.15719176308901583,-0.004760707391583852
AAPL,WATCH,BULL,00_30,6,2015-03-02 00:00:00,2019-10-15 00:00:00,0.6,0.7400000000000001,0.7400000000000001,0.35696869169672324,0.43920336912135777,0.25396825396825395,0.21765643028236462,-0.8790539176351905,0.05587902679693126,0.5824070876285153,0.0,0.0,1.0,-0.3341427874313728,-0.013073917826889714,-0.3341427874313728,-0.5230561787159342,-0.022893262329167108,0.18891339128456142
AAPL,WATCH,BULL,30_50,46,2015-02-05 00:00:00,2023-03-03 00:00:00,0.6282608695652175,0.6334782608695653,0.6617391304347828,0.4606108025364255,0.5254552054377116,0.46268978605935135,0.43351442694374026,-0.27173451940641236,0.13054765767343393,0.49879657836982383,0.08695652173913043,0.06521739130434782,1.0,-0.1248575152801189,-0.05627672918148563,-0.11753104704356987,-0.14036275261577735,-0.08725195904228078,0.01550523733565845
AAPL,WATCH,BULL,50_70,131,2015-01-13 00:00:00,2025-10-20 00:00:00,0.6415267175572519,0.6083969465648854,0.6557251908396947,0.5463432015808484,0.5597396479132328,0.6138828304858839,0.6163569900093855,0.2844432583795402,0.17264436406168363,0.4297263774759668,0.13740458015267176,0.11450381679389313,1.0,-0.2759373953246157,-0.16943631729545483,-0.27253265178972985,-0.36914488296382064,-0.22939365956974345,0.09320748763920494
AAPL,WATCH,BULL,70_85,121,2015-01-02 00:00:00,2026-02-26 00:00:00,0.6180165289256196,0.5938842975206611,0.6211570247933882,0.6266780039741973,0.5999000383594286,0.7990292535747082,0.7665620247661957,0.7779001337681507,0.13811642127355736,0.4603336618961804,0.09090909090909091,0.049586776859504134,1.0,0.05216971872549969,-0.13146751251083144,0.06110212873313148,-0.00173163889822614,-0.2273422639786623,0.05390135762372583
AAPL,WATCH,BULL,85_95,42,2015-01-07 00:00:00,2024-08-09 00:00:00,0.599047619047619,0.5752380952380952,0.5971428571428572,0.7063563419594653,0.6283170986318061,0.8681500377928948,0.8849408453671431,1.3917818170372833,0.1340752935056218,0.5063012674037081,0.07142857142857142,0.023809523809523808,1.0,-0.2739691946731294,-0.12078654755588714,-0.26810070051059953,-0.34300680717296617,-0.1848912488811736,0.06903761249983675
AAPL,WATCH,BULL,95_100,8,2016-11-14 00:00:00,2020-09-03 00:00:00,0.5900000000000001,0.54,0.54,0.8181694205850363,0.6750404356528288,0.9689980158730158,0.978339947089947,2.0898077654068254,0.08269071994435491,0.5579663284427211,0.0,0.0,1.0,-0.3493826790428137,-0.047447437353201005,-0.3460691701427553,-0.6371953314811917,-0.08261715859020946,0.28781265243837795
AAPL,WATCH,BULL,raw_fallback,79,2013-06-05 00:00:00,2014-12-31 00:00:00,0.618227848101266,0.6027848101265824,0.6250632911392405,0.5697758493355559,0.572389034854148,,,,0.12240152253943722,0.4859512930353901,0.05063291139240506,0.05063291139240506,0.0,0.27419473479111245,-0.037918410273675596,0.2754870254857924,0.4338790508650754,-0.06790039017676153,-0.15968431607396294
AAPL,WATCH,NEUTRAL,00_30,1,2020-04-14 00:00:00,2020-04-14 00:00:00,0.6,0.6,0.8,0.3564733803272247,0.539951695729103,0.29365079365079366,0.2962962962962963,-0.7468115126969118,0.4225446679327669,0.1805444927037551,1.0,0.0,1.0,2.540350866572523,0.0,2.540350866572523,6.347809045176797,0.0,-3.807458178604274
AAPL,WATCH,NEUTRAL,30_50,4,2016-11-30 00:00:00,2022-10-28 00:00:00,0.88,0.6,0.9299999999999999,0.4796212133020163,0.5766741168568525,0.4017857142857143,0.45866402116402116,-0.21441802962146894,0.6541886123331989,0.21260560812635376,1.0,0.75,1.0,-0.5614221567835309,-0.03502119477554044,-0.5591643881796342,-0.5351994981067776,-0.0356279334748516,-0.02622265867675333
AAPL,WATCH,NEUTRAL,50_70,9,2015-01-27 00:00:00,2026-02-25 00:00:00,0.7088888888888888,0.6,0.7577777777777778,0.5623852839072545,0.5590384827495541,0.5989858906525573,0.6154413683920369,0.2611807039599474,0.3345846113261099,0.33678972543136015,0.5555555555555556,0.2222222222222222,1.0,0.12046055542806666,-0.0297543261976555,0.1369924587734841,-0.3142507078434662,-0.050659217331701534,0.43471126327153287
AAPL,WATCH,NEUTRAL,70_85,7,2015-12-09 00:00:00,2026-02-24 00:00:00,0.7028571428571428,0.5771428571428572,0.7028571428571428,0.622472539969853,0.599611244133639,0.7964852607709749,0.7794038936896079,0.8041616418307147,0.32382405563388994,0.41039099194690026,0.2857142857142857,0.2857142857142857,1.0,-0.7036662727662129,-0.022236614538151178,-0.7036662727662129,-0.8405732234622133,-0.028671247579372783,0.13690695069600045
AAPL,WATCH,NEUTRAL,85_95,10,2016-04-27 00:00:00,2026-03-03 00:00:00,0.6399999999999999,0.5599999999999999,0.6319999999999999,0.723132400661707,0.6360717292088816,0.9208333333333334,0.91005291005291,1.5796536075897882,0.27769277544360466,0.40671123735629006,0.2,0.1,1.0,0.5367764733683245,-0.011641362918847209,0.5585095589847782,1.3197453248960018,-0.016734592147106597,-0.7829688515276774
AAPL,WATCH,NEUTRAL,95_100,1,2019-05-31 00:00:00,2019-05-31 00:00:00,0.52,0.52,0.52,0.7897890150547028,0.7081277506872287,0.9781746031746031,0.9841269841269841,2.1547298260894183,0.1439180021892044,0.5214083971864506,0.0,0.0,1.0,83.40395302253732,0.0,86.81458778493973,8555.119039814048,0.0,-8471.71508679151
AAPL,WATCH,NEUTRAL,raw_fallback,2,2013-06-11 00:00:00,2013-06-13 00:00:00,0.96,0.52,0.96,0.652807441353798,0.6584843341362687,,,,0.4779908105119792,0.1746948724226305,1.0,1.0,0.0,4.02920772255949,0.0,4.02920772255949,4.282423749388542,0.0,-0.253216026829052
NVDA,CUSTOM,BEAR,00_30,4,2026-01-08 00:00:00,2026-02-04 00:00:00,0.86,0.86,0.9299999999999999,0.20098714306950566,0.21005213606399498,0.03472222222222222,0.023148148148148147,-1.677760718605664,0.41910099029221004,0.327843354186923,0.75,0.0,1.0,23.458719416522005,-0.014925097080223049,23.458719416522005,38.76987378971893,-0.01758719892894056,-15.311154373196924
NVDA,CUSTOM,BEAR,30_50,3,2019-06-28 00:00:00,2019-08-12 00:00:00,0.9066666666666666,0.5733333333333334,0.8000000000000002,0.5825174435973168,0.599203315152927,0.44642857142857145,0.38932980599647266,-0.25617844672639184,0.5262126320245305,0.2702309999709198,1.0,0.0,1.0,-0.8992483465779085,-0.03661645064854335,-0.8992483465779085,-0.9382472639324451,-0.03832119304947612,0.03899891735453653
NVDA,CUSTOM,BEAR,50_70,8,2017-04-19 00:00:00,2025-05-08 00:00:00,0.8,0.5075000000000001,0.8,0.6458324532955886,0.7190074611302856,0.5939980158730158,0.6436838624338623,0.5099639614157806,0.5771619487645421,0.18391348404982713,1.0,0.0,1.0,27.719516964736624,-0.005140867500691426,27.719516964736624,63.17471262499279,-0.006873942294450486,-35.455195660256166
NVDA,CUSTOM,BEAR,70_85,61,2016-02-04 00:00:00,2025-04-28 00:00:00,0.8186885245901636,0.5032786885245901,0.7999999999999997,0.6987847243908977,0.7139550945119447,0.8053603955243299,0.7907667620782376,0.9248913725505501,0.5912768797386805,0.1596803483382545,1.0,0.0,1.0,6.619701038612135,-0.16215667377372323,6.619701038612135,8.947997283171546,-0.19668077060354427,-2.328296244559411
NVDA,CUSTOM,BEAR,85_95,67,2016-02-05 00:00:00,2025-05-07 00:00:00,0.8098507462686566,0.4585074626865673,0.7999999999999998,0.7732673204656858,0.7572170029689179,0.9217602463871121,0.9074074074074074,1.4675500419225267,0.5936109176446585,0.15919711503899364,1.0,0.0,1.0,1.5099958240682754,-0.1400235191655681,1.5099958240682754,2.0266868583025723,-0.17094497057502023,-0.516691034234297
NVDA,CUSTOM,BEAR,95_100,21,2015-01-28 00:00:00,2022-04-20 00:00:00,0.8104761904761906,0.4685714285714286,0.8000000000000002,0.7919651540971938,0.7360113764434777,0.981103552532124,0.9755110663569204,2.2060367232125744,0.6230190509236258,0.16316324080481112,1.0,0.0,1.0,-0.3889765048103099,-0.10220746841872075,-0.3889765048103099,-0.42769887614680124,-0.12263048475873706,0.03872237133649137
NVDA,CUSTOM,BEAR,raw_fallback,28,2013-02-04 00:00:00,2014-10-27 00:00:00,0.8592857142857143,0.8314285714285715,0.8314285714285715,0.2637542390530663,0.26106103904044714,,,,0.352332496985957,0.3939462118442466,0.8571428571428571,0.0,0.0,3.0321966246083116,-0.028424071552536345,3.0321966246083116,3.9390423570832684,-0.034291963411434034,-0.9068457324749568
NVDA,CUSTOM,BULL,00_30,288,2018-08-27 00:00:00,2026-05-07 00:00:00,0.8347916666666667,0.8149305555555556,0.8234722222222223,0.29495919208663207,0.29815428135851413,0.09640239197530864,0.08730618018812462,-1.478316248240765,0.14084226522485407,0.3252347778632174,0.13194444444444445,0.0,1.0,-0.04259778918728219,-0.3336741539904866,-0.04259778918728219,-0.0604786335985229,-0.38787254974857366,0.017880844411240715
NVDA,CUSTOM,BULL,30_50,27,2020-01-27 00:00:00,2026-03-10 00:00:00,0.8185185185185185,0.7318518518518518,0.7622222222222221,0.45087947155590413,0.4094366917680138,0.4423868312757201,0.39388594944150507,-0.3784541577617069,0.23784268464138109,0.35239724679564866,0.2222222222222222,0.0,1.0,4.305157119165466,-0.03780561957385964,4.305157119165466,6.209662809342888,-0.04686024223529528,-1.9045056901774213
NVDA,CUSTOM,BULL,50_70,60,2015-02-25 00:00:00,2026-03-11 00:00:00,0.8256666666666668,0.7363333333333334,0.7823333333333333,0.4299819038932523,0.39963253577556984,0.5868386243386242,0.595175077119112,0.17207147859674354,0.1990923946164259,0.2895090189206509,0.23333333333333334,0.0,1.0,-0.19585884247465768,-0.15863333446999972,-0.19585884247465768,-0.25315575879391405,-0.19482964762013566,0.057296916319256375
NVDA,CUSTOM,BULL,70_85,30,2015-04-17 00:00:00,2025-12-04 00:00:00,0.8453333333333334,0.6713333333333332,0.7673333333333333,0.5184498960773152,0.49233163036925814,0.7806216931216932,0.7736227219038699,0.7717149088953517,0.2793443475387594,0.39195513929381665,0.4,0.0,1.0,1.3298276238173043,-0.04403173336101651,1.3298276238173043,2.0385319348052526,-0.04963036605354032,-0.7087043109879483
NVDA,CUSTOM,BULL,85_95,20,2015-02-13 00:00:00,2025-12-03 00:00:00,0.8390000000000001,0.6809999999999998,0.797,0.513360927812755,0.4873332603013297,0.88125,0.8908698607841226,1.3754232442184358,0.35706461978049153,0.2715842074715212,0.55,0.0,1.0,-0.7662531547517186,-0.14443401585585824,-0.7662531547517186,-0.8398879110561854,-0.17851936406993918,0.07363475630446681
NVDA,CUSTOM,BULL,95_100,11,2015-03-25 00:00:00,2017-03-22 00:00:00,0.8090909090909091,0.5981818181818181,0.7872727272727272,0.699506387114525,0.6154923810594007,0.9835858585858586,0.9881814402642232,3.028054680965626,0.2930268182659177,0.29029453325491866,0.6363636363636364,0.0,1.0,1.3359466028325966,-0.03469161324077796,1.3359466028325966,1.6304784220333617,-0.04427457493930531,-0.2945318192007651
NVDA,CUSTOM,BULL,raw_fallback,410,2013-01-28 00:00:00,2014-12-17 00:00:00,0.8485853658536584,0.8544390243902439,0.8558048780487805,0.15645159823501978,0.15485779357205778,,,,0.14699984264462487,0.42726226444938675,0.07317073170731707,0.0,0.0,0.2150004652380746,-0.08107413257780505,0.2150004652380746,0.24953875308355067,-0.0953919816644585,-0.03453828784547608
NVDA,CUSTOM,NEUTRAL,00_30,15,2018-10-10 00:00:00,2026-03-13 00:00:00,0.848,0.8119999999999999,0.8320000000000001,0.2755893229941527,0.2907220695407732,0.08346560846560845,0.07804232804232804,-1.4810094781334067,0.39349788591757967,0.37937637329359053,0.6666666666666666,0.0,1.0,1.4259124810798887,-0.03704174349162559,1.4259124810798887,1.9430640679949218,-0.045266701084602845,-0.5171515869150332
NVDA,CUSTOM,NEUTRAL,30_50,8,2017-05-01 00:00:00,2026-03-09 00:00:00,0.8525,0.6975,0.7975000000000001,0.4507360253483057,0.44913079078561535,0.37351190476190477,0.41798941798941797,-0.27010471831197125,0.39368028340907996,0.38118501433550417,0.75,0.0,1.0,-0.5230775918943447,-0.04377978121196735,-0.5230775918943447,-0.5733712621222764,-0.05147410988189516,0.05029367022793174
NVDA,CUSTOM,NEUTRAL,50_70,9,2018-05-02 00:00:00,2022-11-16 00:00:00,0.8,0.5177777777777778,0.7155555555555555,0.6768042686912747,0.684984382867174,0.5983245149911817,0.6058201058201058,0.4005426744588696,0.448268075516694,0.21492781088293564,0.6666666666666666,0.0,1.0,-0.5154512770844442,-0.04546570731010824,-0.5154512770844442,-0.6026243395450408,-0.05699038570553916,0.08717306246059664
NVDA,CUSTOM,NEUTRAL,70_85,13,2017-05-05 00:00:00,2024-09-30 00:00:00,0.813846153846154,0.503076923076923,0.8000000000000002,0.695638763675323,0.7112844262845767,0.8534798534798534,0.8134920634920634,1.0181112392037868,0.614780148691113,0.20524416252222544,1.0,0.0,1.0,-0.5956142821583695,-0.06682677744411558,-0.5956142821583695,-0.6933799851599398,-0.08383707792397788,0.09776570300157028
NVDA,CUSTOM,NEUTRAL,85_95,9,2016-01-26 00:00:00,2024-08-29 00:00:00,0.8444444444444444,0.5377777777777778,0.8044444444444445,0.6942477302418815,0.6847892032386911,0.9206349206349205,0.9132863021751911,1.6092004034123708,0.4971220308906419,0.28467789025582246,1.0,0.0,1.0,-0.9857725214486148,-0.16410424130325496,-0.9857725214486148,-0.993313543160491,-0.19031670572114678,0.007541021711876206
NVDA,CUSTOM,NEUTRAL,95_100,4,2016-02-02 00:00:00,2017-03-21 00:00:00,0.81,0.495,0.8,0.7660351015627385,0.7170047754533015,0.9722222222222222,0.9814814814814814,2.1595761235119615,0.4353690796853068,0.24825348674379194,1.0,0.0,1.0,-0.9733652658877788,-0.0564736326041998,-0.9733652658877788,-0.9888689303084205,-0.06923806989785841,0.01550366442064166
NVDA,CUSTOM,NEUTRAL,raw_fallback,21,2013-01-30 00:00:00,2014-10-30 00:00:00,0.8609523809523809,0.8504761904761905,0.8571428571428571,0.18160012309395132,0.1735197426754367,,,,0.2651048431388394,0.4796605363000743,0.6666666666666666,0.0,0.0,0.9578406310197303,-0.032440496491786264,0.9578406310197303,1.1589407470870885,-0.03856238528473743,-0.20110011606735823
NVDA,EXTREME_RISK,BEAR,85_95,3,2022-06-02 00:00:00,2022-06-17 00:00:00,0.3000000000000001,0.3,0.3000000000000001,0.8251588046550751,0.8704470491052265,0.916005291005291,0.9422398589065256,1.8286810692255735,0.5065256666005865,0.09576109680049198,0.0,0.0,1.0,0.5439941727538051,0.0,0.5439941727538051,1.0823487988848588,-0.012435187337156539,-0.5383546261310537
NVDA,EXTREME_RISK,BEAR,95_100,30,2022-04-26 00:00:00,2022-06-16 00:00:00,0.30000000000000016,0.30000000000000004,0.30000000000000016,0.90067526191473,0.8950530331629489,0.9751322751322752,0.9833333333333333,2.3336259613245263,0.5111996884641649,0.08680309205338098,0.0,0.0,1.0,0.2753617167112097,-0.06242437600675632,0.2804109167530109,0.5372823136822311,-0.20556708939573376,-0.26192059697102144
NVDA,EXTREME_RISK,NEUTRAL,85_95,2,2017-03-16 00:00:00,2017-03-17 00:00:00,0.3000000000000001,0.42,0.61,0.7439680844545364,0.8276900724370183,0.8234126984126984,0.8822751322751323,1.262213839573075,0.39727398842131034,0.09977930585791836,0.5,0.0,1.0,0.3481125235270017,-0.008132963419968942,0.3481125235270017,-0.17320564359650448,-0.03234395709513893,0.5213181671235062
NVDA,EXTREME_RISK,NEUTRAL,95_100,1,2017-03-15 00:00:00,2017-03-15 00:00:00,0.3000000000000001,0.3,0.3000000000000001,0.8852301120758057,0.8694306658637185,0.998015873015873,0.9986772486772487,1.8891547102151816,0.3562350452304083,0.1023460357529902,0.0,0.0,1.0,5.590595838234145,0.0,5.998289385774661,226.52625599495664,0.0,-220.9356601567225
NVDA,HIGH_VOL,BEAR,50_70,3,2022-10-17 00:00:00,2022-10-20 00:00:00,0.52,0.5466666666666667,0.5466666666666667,0.6171276281277339,0.6610626380006531,0.5952380952380953,0.6750440917107584,0.47439364011448176,0.330153354089402,0.06765440360139313,0.0,0.0,1.0,1.203186930491666,0.0,1.203186930491666,10.821431772535535,0.0,-9.618244842043868
NVDA,HIGH_VOL,BEAR,70_85,7,2020-03-19 00:00:00,2022-10-21 00:00:00,0.52,0.5171428571428571,0.5171428571428571,0.70247189615454,0.7030824880115579,0.7471655328798186,0.7877928949357521,0.8892114006429672,0.29033867025557625,0.1238762691559224,0.0,0.0,1.0,6.842535039669601,-0.04061671980833281,6.842535039669601,27.07922538928812,-0.07469872172240144,-20.23669034961852
NVDA,HIGH_VOL,BEAR,85_95,3,2019-05-21 00:00:00,2020-03-20 00:00:00,0.52,0.4533333333333333,0.4533333333333333,0.8197613259156545,0.7505188275659004,0.9226190476190476,0.9052028218694885,1.355190060325053,0.2827080782662587,0.3342572532460482,0.0,0.0,1.0,165.36135917956742,-0.007746627447081655,165.36135917956742,11120.512251499538,-0.014729823738974357,-10955.15089231997
NVDA,HIGH_VOL,BULL,00_30,1,2018-03-27 00:00:00,2018-03-27 00:00:00,0.52,0.6,0.6,0.50479104667902,0.6399935747920988,0.18055555555555555,0.2328042328042328,-0.6565687383983321,0.0886729530437816,0.1588452899561627,0.0,0.0,1.0,470.5285282343081,0.0,470.5285282343081,88995.43919399954,0.0,-88524.91066576523
NVDA,HIGH_VOL,BULL,30_50,12,2018-03-23 00:00:00,2023-01-19 00:00:00,0.5199999999999999,0.58,0.58,0.5420348708828291,0.6218242377373209,0.3189484126984127,0.3865740740740741,-0.26314886530813786,0.1353532349609654,0.44595758208530195,0.0,0.0,1.0,0.7410579529173913,-0.03278917484256194,0.7410579529173913,1.8499194904856933,-0.06316091458834294,-1.108861537568302
NVDA,HIGH_VOL,BULL,50_70,26,2016-07-11 00:00:00,2023-01-11 00:00:00,0.52,0.5707692307692308,0.5707692307692308,0.5745179022733982,0.6361800248690805,0.5166361416361416,0.594017094017094,0.3033650487878346,0.16328578982710434,0.3274362549679602,0.0,0.0,1.0,7.349464511429995,-0.01351083892146332,7.349464511429995,56.417120180356314,-0.025958483807586807,-49.06765566892632
NVDA,HIGH_VOL,BULL,70_85,50,2016-05-04 00:00:00,2024-08-08 00:00:00,0.52,0.5307999999999999,0.5367999999999999,0.6660088207423689,0.6813477179918331,0.7117857142857144,0.764973544973545,0.8798161888177425,0.09886026398203089,0.3006051495176347,0.02,0.0,1.0,1.4301202928464463,-0.05970355357588608,1.4301202928464463,4.226743505747462,-0.11121282419199441,-2.7966232129010153
NVDA,HIGH_VOL,BULL,85_95,55,2015-09-16 00:00:00,2018-03-21 00:00:00,0.5199999999999999,0.5225454545454545,0.5225454545454545,0.7010936188426886,0.711123185105743,0.8824675324675324,0.9200480708622071,1.590349493668171,0.06385712548220518,0.2952991425258726,0.0,0.0,1.0,0.2697057723656544,-0.05241744472325127,0.2697057723656544,0.47091357468220707,-0.10790895537365441,-0.20120780231655266
NVDA,HIGH_VOL,BULL,95_100,41,2015-09-09 00:00:00,2017-06-20 00:00:00,0.52,0.4931707317073171,0.4931707317073171,0.7626829775368296,0.7397700158120942,0.9662698412698413,0.9770752330670739,2.0536191908399726,0.1192351798478941,0.3116837317550691,0.0,0.0,1.0,1.147455078579033,-0.04366615018680542,1.147455078579033,3.008157778303522,-0.08453716183125848,-1.8607026997244889
NVDA,HIGH_VOL,NEUTRAL,50_70,2,2020-03-24 00:00:00,2020-03-25 00:00:00,0.52,0.52,0.52,0.61270931661129,0.7078721531230987,0.6755952380952381,0.5648148148148149,0.16102583473796897,0.20028827319660125,0.21213431875861388,0.0,0.0,1.0,8.875616929981566,-0.006841103820137029,8.875616929981566,35.4357952171159,-0.017532175049439158,-26.560178287134335
NVDA,HIGH_VOL,NEUTRAL,70_85,5,2020-03-17 00:00:00,2024-08-07 00:00:00,0.52,0.52,0.58,0.7162963056564332,0.7042689760485926,0.834126984126984,0.785978835978836,0.8879866589638796,0.23787253609082865,0.363749595781922,0.2,0.0,1.0,0.5569860878267747,-0.04247565756896721,0.5569860878267747,0.3321851753675451,-0.0785809054357931,0.22480091245922962
NVDA,HIGH_VOL,NEUTRAL,85_95,8,2016-03-03 00:00:00,2023-01-06 00:00:00,0.52,0.52,0.595,0.7252313047647476,0.7261254514610451,0.8484623015873016,0.8880621693121693,1.4121633259625637,0.2230769400379594,0.4748487743038499,0.25,0.0,1.0,0.465907104611085,-0.018758643320688217,0.465907104611085,0.16234285496668122,-0.055435083580003264,0.30356424964440376
NVDA,HIGH_VOL,NEUTRAL,95_100,2,2016-02-26 00:00:00,2016-02-29 00:00:00,0.52,0.52,0.52,0.7531973108649255,0.7433377365911349,0.9722222222222222,0.9814814814814815,2.258695944622085,0.3747436753922839,0.2681744959699449,0.0,0.0,1.0,16.76715451729501,0.0,16.76715451729501,488.5389575685796,0.0,-471.77180305128456
NVDA,NORMAL,BEAR,00_30,51,2018-04-09 00:00:00,2026-04-09 00:00:00,0.9913725490196079,0.7717647058823528,0.9913725490196079,0.3230804245992034,0.3626867704460138,0.13332555244319952,0.12148563128955285,-1.225504815838611,0.622244069189935,0.20014711001154364,1.0,1.0,1.0,0.8082583406002246,-0.19721454106304737,0.8168269637697188,0.8219438210709988,-0.19721454106304737,-0.013685480470774225
NVDA,NORMAL,BEAR,30_50,17,2018-10-30 00:00:00,2025-01-17 00:00:00,0.9929411764705882,0.6788235294117647,0.9929411764705882,0.5079029929988526,0.47296349334628085,0.48062558356676005,0.40079365079365076,-0.3146440259215513,0.7106840339815433,0.14290354774035788,1.0,1.0,1.0,26.319498108217747,-0.03232276329219519,26.319498108217747,26.946434175365475,-0.03232276329219519,-0.626936067147728
NVDA,NORMAL,BEAR,50_70,16,2021-03-24 00:00:00,2025-01-28 00:00:00,0.9724999999999999,0.6699999999999999,0.9724999999999999,0.5572973622940481,0.5007319614902743,0.5962301587301587,0.5804398148148149,0.15141583059352096,0.5307462862486247,0.29999349651053875,1.0,1.0,1.0,0.3837796336301713,-0.07345044406667478,0.3854769724557894,0.38787885028334435,-0.07642654736473187,-0.004099216653173032
NVDA,NORMAL,BEAR,70_85,5,2015-05-27 00:00:00,2025-01-29 00:00:00,1.0,0.716,1.0,0.4157685860991478,0.4342264991544368,0.7797619047619048,0.7400664106950354,0.5589602685077752,0.6857173078407877,0.15022961110536842,1.0,1.0,1.0,-0.8652470832447461,-0.045896675240105766,-0.8652470832447461,-0.8652470832447461,-0.045896675240105766,0.0
NVDA,NORMAL,BEAR,85_95,19,2015-06-10 00:00:00,2015-08-06 00:00:00,1.0,0.7073684210526315,1.0,0.4511594153156406,0.4534196879323031,0.9114452798663326,0.9274731839923036,1.7224947357356009,0.6719856531597576,0.1325187437853562,1.0,1.0,1.0,2.164158668252651,-0.058671992379692006,2.164158668252651,2.164158668252651,-0.058671992379692006,0.0
NVDA,NORMAL,BEAR,95_100,24,2015-01-30 00:00:00,2015-08-24 00:00:00,0.9983333333333334,0.6816666666666666,0.9983333333333334,0.5524430373062691,0.4815953376183157,0.9580853174603173,0.9666309202939791,2.5970469986456597,0.6834249017194974,0.12130776263199121,1.0,1.0,1.0,4.329653707165101,-0.05005803480337878,4.349669140602287,4.370019377241253,-0.05005803480337867,-0.04036567007615144
NVDA,NORMAL,BEAR,raw_fallback,12,2013-01-02 00:00:00,2014-10-15 00:00:00,0.9783333333333335,0.8500000000000001,0.9783333333333335,0.14842838340749342,0.1520747481049852,,,,0.5125163625132381,0.32771216499507544,1.0,0.9166666666666666,0.0,-0.1922975971590627,-0.0619196358464047,-0.18389925145991726,-0.23160785511394788,-0.06414575619589813,0.039310257954885186
NVDA,NORMAL,BULL,00_30,379,2015-01-22 00:00:00,2026-04-15 00:00:00,0.7873350923482849,0.7530870712401054,0.7956728232189976,0.3581066746186062,0.38926938781908993,0.16136344599405286,0.1516635660800035,-1.18261055522381,0.19894670248801483,0.3141156091412391,0.18469656992084432,0.16886543535620052,1.0,0.39535390927000047,-0.3107749806489273,0.409105221694384,0.5515554898448589,-0.3190866260774454,-0.15620158057485845
NVDA,NORMAL,BULL,30_50,192,2015-01-26 00:00:00,2025-01-24 00:00:00,0.7615625,0.7326041666666668,0.7635416666666667,0.45378524483530785,0.4402487350524386,0.3648520171957672,0.3849240994968957,-0.4150609233748368,0.14324321012915323,0.31035467599770633,0.09895833333333333,0.09895833333333333,1.0,0.7566448354998578,-0.15365294702155075,0.7645288385902229,1.1727947596924557,-0.1839805289626213,-0.4161499241925979
NVDA,NORMAL,BULL,50_70,91,2015-01-21 00:00:00,2025-09-12 00:00:00,0.7393406593406594,0.7162637362637363,0.7402197802197801,0.4968918893117825,0.45243526788957816,0.544239490668062,0.584556120751467,0.191934242475628,0.09635464739759722,0.338481938707181,0.07692307692307693,0.07692307692307693,1.0,1.5962033429333031,-0.09795055117289209,1.6372466257942113,2.513476294010204,-0.13009716783040015,-0.9172729510769009
NVDA,NORMAL,BULL,70_85,47,2015-01-16 00:00:00,2025-11-21 00:00:00,0.7438297872340429,0.7021276595744681,0.7340425531914895,0.48657017147287424,0.4610578409889851,0.7248817966903073,0.7686433487681089,0.7712327841244969,0.15847234590284517,0.42410097069290326,0.14893617021276595,0.10638297872340426,1.0,0.21044869981740222,-0.07294523026339206,0.24096873442058198,0.30125784354517227,-0.09363112067706536,-0.09080914372777005
NVDA,NORMAL,BULL,85_95,24,2015-01-09 00:00:00,2025-11-24 00:00:00,0.8116666666666665,0.73,0.815,0.47023914524664484,0.4409934119838697,0.8578042328042329,0.8912482413376465,1.42618246167661,0.2813325750656532,0.26992637343691556,0.4166666666666667,0.2916666666666667,1.0,-0.03886967029606814,-0.08190226065191519,-0.024632397430142006,0.1374320678758445,-0.11313927717367989,-0.17630173817191264
NVDA,NORMAL,BULL,95_100,14,2015-01-02 00:00:00,2015-08-20 00:00:00,0.7885714285714285,0.7357142857142858,0.8057142857142858,0.4826894548854658,0.42487279134682865,0.9801587301587302,0.9812710665339425,2.9641976582609244,0.2889128860997933,0.37508660184753356,0.42857142857142855,0.21428571428571427,1.0,0.46067092325440884,-0.03421882373397944,0.48416861412082435,0.6155421937509913,-0.03539822199050524,-0.15487127049658245
NVDA,NORMAL,BULL,raw_fallback,26,2013-01-04 00:00:00,2014-12-31 00:00:00,0.796153846153846,0.7830769230769229,0.8084615384615383,0.3080156691229114,0.3097858070051514,,,,0.17625550258839892,0.5048588443680436,0.19230769230769232,0.19230769230769232,0.0,-0.4822187309323295,-0.06808158202209291,-0.4757098290805324,-0.5559422253131159,-0.07035077908640297,0.0737234943807864
NVDA,NORMAL,NEUTRAL,00_30,32,2018-04-06 00:00:00,2026-01-23 00:00:00,0.9762500000000001,0.7575,0.97875,0.33533470153342937,0.3747010789355524,0.11619543650793651,0.11375661375661375,-1.3068477659805213,0.5950007445373974,0.21919594416262014,1.0,0.90625,1.0,1.122371722046203,-0.13803020922846365,1.1416308817237466,1.0650442320833302,-0.1424728712410558,0.057327489962872846
NVDA,NORMAL,NEUTRAL,30_50,8,2018-04-10 00:00:00,2025-01-21 00:00:00,0.9625,0.705,0.9724999999999999,0.4614073604345322,0.4673129649682587,0.42782738095238093,0.37450396825396826,-0.4468170109645064,0.6189454590132799,0.20251474012660403,1.0,0.875,1.0,6.619810453118816,-0.0677085398798194,6.619810453118816,8.740913461519803,-0.06864898707741773,-2.1211030084009863
NVDA,NORMAL,NEUTRAL,50_70,6,2015-05-29 00:00:00,2022-08-24 00:00:00,0.98,0.66,0.98,0.4445027032246192,0.4655629784146201,0.5737433862433862,0.6031317958635691,0.19753348053025196,0.5455166133952148,0.2615144201542782,1.0,1.0,1.0,-0.9831382224771656,-0.08861865891197807,-0.9831382224771656,-0.9863998546264766,-0.0922792838320875,0.003261632149310967
NVDA,NORMAL,NEUTRAL,70_85,6,2015-06-02 00:00:00,2022-08-09 00:00:00,0.98,0.71,0.98,0.46479204309483374,0.42545265250145176,0.7711640211640213,0.769584340525412,0.6638380806057688,0.5861769485287082,0.20752253024561496,1.0,1.0,1.0,0.3255222600038452,-0.02291135849525683,0.34786112603271757,0.3796962334272673,-0.02291135849525683,-0.05417397342342212
NVDA,NORMAL,NEUTRAL,85_95,2,2015-06-09 00:00:00,2015-06-18 00:00:00,1.0,0.78,1.0,0.3457145400345325,0.3563456678534104,0.8759920634920635,0.8919866007792454,1.0537958894239572,0.594378609487721,0.21947500047995694,1.0,1.0,1.0,1.2772963701134503,-0.00411545233045274,1.2772963701134503,1.2772963701134503,-0.00411545233045274,0.0
NVDA,NORMAL,NEUTRAL,95_100,2,2015-01-29 00:00:00,2015-02-03 00:00:00,1.0,0.74,1.0,0.38858101293444636,0.4039787076320045,0.9583333333333334,0.9598850574712643,1.997004764360243,0.5795769503131438,0.1997356364740355,1.0,1.0,1.0,112.06466084313784,0.0,117.19746862519364,117.19746862519364,0.0,-5.132807782055792
NVDA,NORMAL,NEUTRAL,raw_fallback,7,2013-01-03 00:00:00,2013-01-31 00:00:00,0.9800000000000001,0.8600000000000001,0.9800000000000001,0.10686624326876228,0.10479176277440974,,,,0.4981593027408754,0.3806842866254215,1.0,0.8571428571428571,0.0,-0.5850692553764041,-0.014274042048399105,-0.5820277067195067,-0.6241157090805192,-0.016976429810373617,0.03904645370411508
NVDA,RISK_OFF,BEAR,50_70,3,2022-10-04 00:00:00,2022-10-06 00:00:00,0.42,0.52,0.7066666666666667,0.5994564404090246,0.6909541815239347,0.5701058201058201,0.6441798941798941,0.3874321152638589,0.4132583197631982,0.06708604668967794,0.6666666666666666,0.0,1.0,-0.9918229644238375,-0.051302157170917906,-0.9918229644238375,-0.9999697394280956,-0.11119564728276277,0.008146775004258089
NVDA,RISK_OFF,BEAR,70_85,12,2017-04-18 00:00:00,2022-10-07 00:00:00,0.515,0.4283333333333334,0.6416666666666666,0.7665998520950477,0.7964494942248637,0.7820767195767195,0.8111772486772487,0.9986641387142364,0.3965100612687859,0.09944791897803684,0.5833333333333334,0.0,1.0,0.6321453422806247,-0.02523353348222168,0.7116288424064781,0.475994125315073,-0.07081973785292006,0.15615121696555168
NVDA,RISK_OFF,BEAR,85_95,24,2019-01-07 00:00:00,2022-10-03 00:00:00,0.45166666666666666,0.42,0.515,0.8004213521877924,0.823377416688416,0.8840939153439153,0.9157297178130511,1.438519672848689,0.5427230020987596,0.1306696466839453,0.25,0.0,1.0,2.987847609429969,-0.058182448931036745,3.102009527584845,8.466249648302872,-0.15199133938545883,-5.478402038872903
NVDA,RISK_OFF,BEAR,95_100,43,2017-04-04 00:00:00,2022-06-10 00:00:00,0.42000000000000015,0.41162790697674423,0.4204651162790699,0.8574301330849181,0.8379121068374644,0.9669158361018826,0.9754829580410974,1.722647195536598,0.5363106202784402,0.1418178224106603,0.023255813953488372,0.0,1.0,-0.31587606694324677,-0.1163033023956851,-0.30599993810550885,-0.6409078671028297,-0.26012142751935186,0.3250318001595829
NVDA,RISK_OFF,BULL,30_50,4,2017-10-09 00:00:00,2017-10-12 00:00:00,0.42,0.54,0.54,0.5888685002923012,0.6794040406580388,0.28720238095238093,0.4742063492063492,0.10880943637849033,0.04811626467456325,0.371340363558549,0.0,0.0,1.0,2.776341962912649,0.0,2.776341962912649,17.761868510718532,0.0,-14.985526547805883
NVDA,RISK_OFF,BULL,50_70,9,2017-07-20 00:00:00,2017-10-06 00:00:00,0.42,0.46444444444444444,0.46444444444444444,0.6747839821709527,0.7417170382788386,0.5101410934744268,0.6513815402704292,0.6137339595803005,0.04372575552776531,0.30444038921893446,0.0,0.0,1.0,-0.4595175555471873,-0.03671355675613597,-0.4595175555471873,-0.796786541703639,-0.08726971320369936,0.33726898615645173
NVDA,RISK_OFF,BULL,70_85,17,2017-02-01 00:00:00,2017-09-08 00:00:00,0.44235294117647056,0.46705882352941175,0.4894117647058824,0.7207519005326665,0.7580342964693607,0.6897759103641457,0.788048552754435,0.9527001598420632,0.07287822162046492,0.3353784688440515,0.058823529411764705,0.0,1.0,0.5805609051337197,-0.01849191045875076,0.6037890279668736,1.1414485265775243,-0.04099425918612043,-0.5608876214438046
NVDA,RISK_OFF,BULL,85_95,38,2016-03-28 00:00:00,2017-10-05 00:00:00,0.4226315789473684,0.43052631578947365,0.43052631578947365,0.782963579265695,0.7769499434057349,0.8658625730994153,0.909983291562239,1.2759465669974959,0.0756454991139401,0.267750966578987,0.0,0.0,1.0,0.29491652533262935,-0.06434217767498251,0.30006512540782304,0.8067136647590385,-0.14817246431608933,-0.5117971394264091
NVDA,RISK_OFF,BULL,95_100,39,2016-03-22 00:00:00,2017-09-13 00:00:00,0.4225641025641026,0.4246153846153847,0.4246153846153847,0.8251404983875079,0.8054927361497399,0.9695767195767198,0.9797178130511464,1.6961809358073616,0.06917875759419886,0.1700224999689653,0.0,0.0,1.0,0.0849502863140148,-0.07018556807074738,0.09197987013361097,0.1583488673367568,-0.15078976376978015,-0.073398581022742
NVDA,RISK_OFF,NEUTRAL,85_95,1,2017-03-28 00:00:00,2017-03-28 00:00:00,0.42,0.42,0.42,0.7830071538686753,0.8163624764366416,0.9226190476190477,0.9484126984126984,1.4046368146162815,0.3729392529134261,0.0930126301423826,0.0,0.0,1.0,4.785548107854404,0.0,4.785548107854404,119.34563729193012,0.0,-114.56008918407571
NVDA,RISK_OFF,NEUTRAL,95_100,5,2017-03-13 00:00:00,2017-03-27 00:00:00,0.42000000000000004,0.39599999999999996,0.396,0.854696776866913,0.8392150832495666,0.9825396825396824,0.9883597883597883,1.7424694935148206,0.3600726954807462,0.09495316561901063,0.0,0.0,1.0,0.6649882805629956,-0.003746825478999627,0.7297636656305737,1.5454536486407098,-0.008406290726788002,-0.8804653680777141
NVDA,WATCH,BEAR,00_30,3,2018-08-01 00:00:00,2025-05-12 00:00:00,0.9733333333333333,0.6,0.9733333333333333,0.4646679942806562,0.5929358379885762,0.23214285714285712,0.2244268077601411,-0.8133507138436405,0.6594989453301753,0.20583527563689788,1.0,1.0,1.0,10.556248357555626,-0.015563916899148045,10.635400751222724,12.605559455390614,-0.015483916899147965,-2.0493110978349875
NVDA,WATCH,BEAR,30_50,33,2017-04-28 00:00:00,2025-05-09 00:00:00,0.9684848484848485,0.5975757575757575,0.9684848484848485,0.5665581523469001,0.5884205566711728,0.4084295334295335,0.41554433221099885,-0.18510148242938507,0.7551348394531704,0.11366737188252608,1.0,1.0,1.0,-0.8316503630200882,-0.2560074520873006,-0.8309522089613769,-0.8406655355354142,-0.2622795722476646,0.00901517251532602
NVDA,WATCH,BEAR,50_70,28,2017-04-25 00:00:00,2025-04-04 00:00:00,0.9528571428571428,0.5885714285714286,0.9528571428571428,0.6032534445502928,0.6176899423320003,0.6706349206349206,0.6072845804988661,0.289618514991966,0.67479551173637,0.1576833320214754,1.0,0.9285714285714286,1.0,-0.5994683140749243,-0.17997492474041454,-0.5923680845388715,-0.5687370014135372,-0.18755872922202266,-0.030731312661387067
NVDA,WATCH,BEAR,70_85,43,2017-04-26 00:00:00,2025-04-08 00:00:00,0.9348837209302324,0.5590697674418604,0.9348837209302324,0.6791560556306395,0.645637225310845,0.8139073458840901,0.778516057585825,0.8858017209870028,0.6378545336172606,0.17037950940191526,0.9767441860465116,0.8837209302325582,1.0,-0.6449398943471485,-0.23674544299582467,-0.6374633363775448,-0.6441248901686314,-0.2452912639867978,-0.0008150041785170981
NVDA,WATCH,BEAR,85_95,23,2015-05-22 00:00:00,2025-04-16 00:00:00,0.8800000000000002,0.5478260869565217,0.8800000000000002,0.715407156944275,0.6692624130843055,0.9231366459627328,0.9070193494059852,1.473382632927337,0.5985992339068656,0.1697680215794212,0.9565217391304348,0.5652173913043478,1.0,9.134678497700047,-0.12893138447669705,9.54963193793977,8.755935406311332,-0.1411814843056377,0.3787430913887153
NVDA,WATCH,BEAR,95_100,15,2015-05-12 00:00:00,2022-02-22 00:00:00,0.9226666666666669,0.5466666666666665,0.9226666666666669,0.7242189354697863,0.6517128083940615,0.9793650793650794,0.9818574351414514,3.0111500939566778,0.6307407894970258,0.15993584443947254,1.0,0.7333333333333333,1.0,5.438261416796493,-0.07288017400140401,5.580039638952353,8.649835295079257,-0.08205877480738255,-3.2115738782827634
NVDA,WATCH,BULL,00_30,88,2018-01-03 00:00:00,2024-04-08 00:00:00,0.6304545454545454,0.6540909090909092,0.6868181818181819,0.45429659059948546,0.5181972067300594,0.21532287157287155,0.21030242905242902,-0.8603435879318808,0.20251271037156995,0.34358789400324297,0.09090909090909091,0.07954545454545454,1.0,0.8658141949200924,-0.06731412739907972,0.8717831328826531,1.9384188018505148,-0.10900933114265388,-1.0726046069304225
NVDA,WATCH,BULL,30_50,147,2016-08-10 00:00:00,2024-10-07 00:00:00,0.6227210884353741,0.6070748299319727,0.6303401360544217,0.539286651396427,0.5552594417889466,0.3493143289061657,0.40098261526832957,-0.21750426821332794,0.12104506309282417,0.33795888479419256,0.061224489795918366,0.05442176870748299,1.0,0.07356442047265932,-0.17267963490428284,0.07564708982935797,0.17006732193094476,-0.2410715129490365,-0.09650290145828544
NVDA,WATCH,BULL,50_70,174,2016-05-26 00:00:00,2025-09-22 00:00:00,0.6140229885057471,0.6062068965517241,0.6211494252873563,0.5732140836316622,0.5671280595415237,0.5915549169859515,0.5924253481724745,0.25701886374159066,0.09594600779104451,0.3055646198632679,0.040229885057471264,0.040229885057471264,1.0,0.24668459797267328,-0.13805907092202196,0.2513089036478404,0.35663627473847037,-0.21713409416672935,-0.10995167676579709
NVDA,WATCH,BULL,70_85,112,2015-10-21 00:00:00,2025-08-20 00:00:00,0.6162499999999999,0.5923214285714284,0.615,0.6171944597336864,0.5965731730079614,0.7565724206349207,0.7687607729543436,0.8369490445387701,0.09053026693309714,0.325753161064072,0.0625,0.044642857142857144,1.0,0.6288489544799276,-0.11975199655416646,0.6382427287917574,0.9682328468566814,-0.20249683036337807,-0.3393838923767538
NVDA,WATCH,BULL,85_95,59,2015-09-22 00:00:00,2025-11-25 00:00:00,0.623728813559322,0.5928813559322036,0.6271186440677966,0.633982233652624,0.6103261360726697,0.8573446327683615,0.8979925072569745,1.5560879535719163,0.11411171396708454,0.3470539276673544,0.11864406779661017,0.05084745762711865,1.0,0.6000316728588229,-0.05692269655079418,0.6117909771091525,1.4065284184145805,-0.09749175677236999,-0.8064967455557577
NVDA,WATCH,BULL,95_100,42,2015-04-01 00:00:00,2017-02-13 00:00:00,0.6323809523809524,0.5619047619047619,0.6276190476190476,0.6972484988470873,0.640201152652641,0.9614984882842025,0.9730043209495085,2.5000780970952325,0.17784149306120275,0.33630305508096076,0.21428571428571427,0.07142857142857142,1.0,1.8827922652610058,-0.04935900616700595,1.927921680983383,6.58923342767615,-0.05147404165224734,-4.706441162415144
NVDA,WATCH,NEUTRAL,00_30,5,2018-08-02 00:00:00,2019-07-01 00:00:00,0.9039999999999999,0.6,0.9039999999999999,0.5150454896688461,0.5884863201445314,0.21547619047619046,0.22857142857142856,-0.7356357361508594,0.6164969338964679,0.23943226629647532,0.8,0.8,1.0,1.5923909696763445,-0.008264202018959388,1.6449367837511248,0.8930373052934117,-0.015181833323816063,0.6993536643829328
NVDA,WATCH,NEUTRAL,30_50,8,2018-01-02 00:00:00,2021-01-05 00:00:00,0.9299999999999999,0.5900000000000001,0.9299999999999999,0.5897757472470403,0.5903147466842077,0.404265873015873,0.44791666666666663,-0.05383796661383852,0.723915285140266,0.1192788729081624,0.875,0.875,1.0,22.748558767351497,-0.013256468645686192,23.101755666612547,28.096595080003937,-0.013256468645686303,-5.3480363126524395
NVDA,WATCH,NEUTRAL,50_70,14,2017-04-27 00:00:00,2025-02-20 00:00:00,0.9457142857142856,0.5771428571428571,0.9457142857142856,0.5984351318861757,0.609757892682562,0.6788548752834468,0.615079365079365,0.30028243494595747,0.5700255442044978,0.23018191084956433,0.9285714285714286,0.9285714285714286,1.0,-0.6374878742619725,-0.11162245582169072,-0.627882714387449,-0.5842057956068452,-0.11282191267378439,-0.05328207865512735
NVDA,WATCH,NEUTRAL,70_85,8,2020-03-12 00:00:00,2022-03-30 00:00:00,0.8875,0.56,0.8875,0.6463677614927292,0.6485472671795829,0.7946428571428572,0.77744708994709,0.8298043146452501,0.6323106906449012,0.16391082457578696,0.875,0.75,1.0,-0.9847517948915471,-0.0651968730612067,-0.984278280569556,-0.9995776792159997,-0.06783943668158776,0.014825884324452643
NVDA,WATCH,NEUTRAL,85_95,11,2016-03-08 00:00:00,2022-12-29 00:00:00,0.7654545454545453,0.5345454545454544,0.758181818181818,0.7385552100159906,0.6751876481308756,0.8688672438672438,0.8823953823953823,1.3058972933474893,0.3860486636792133,0.3665241050749438,0.6363636363636364,0.36363636363636365,1.0,1.0034242170103602,-0.04331885339269326,1.057118868852938,0.34761632918229646,-0.06650704556912923,0.6558078878280638
NVDA,WATCH,NEUTRAL,95_100,1,2016-01-21 00:00:00,2016-01-21 00:00:00,0.6,0.6,0.82,0.7104067146778108,0.6410424281686781,0.9523809523809523,0.9682539682539683,2.2729225509725257,0.2481154382211114,0.4712840020188256,1.0,0.0,1.0,0.06935767573755136,0.0,0.06935767573755136,-0.23337395433360142,0.0,0.3027316300711528
QQQ,CUSTOM,BEAR,30_50,4,2022-07-27 00:00:00,2024-04-30 00:00:00,0.865,0.6699999999999999,0.8099999999999999,0.4873960930854082,0.521605260933444,0.3392857142857143,0.35383597883597884,-0.41960574145992785,0.49517674067047246,0.30251715233083587,1.0,0.0,1.0,6.018159273246312,0.0,6.018159273246312,8.008209691452066,-0.000602549044868117,-1.9900504182057546
QQQ,CUSTOM,BEAR,50_70,15,2019-01-17 00:00:00,2024-09-11 00:00:00,0.808,0.5226666666666666,0.8000000000000003,0.6493851806720099,0.6885807251516364,0.6223544973544973,0.6224867724867724,0.44031114827177736,0.6970375123300561,0.16304117884800762,1.0,0.0,1.0,0.2946462902898479,-0.01932009617409125,0.2946462902898479,0.318273673355697,-0.022674990943240103,-0.023627383065849106
QQQ,CUSTOM,BEAR,70_85,40,2015-10-16 00:00:00,2025-03-04 00:00:00,0.805,0.46499999999999997,0.7985,0.7814942277967931,0.7572067303692486,0.7794146825396826,0.7783978409800778,1.0316102062157495,0.7037154249950166,0.14354606129000716,0.975,0.0,1.0,0.3474553613414646,-0.06341636940786732,0.3474553613414646,0.4581216594601618,-0.07279352623070656,-0.11066629811869722
QQQ,CUSTOM,BEAR,85_95,26,2015-09-16 00:00:00,2026-04-07 00:00:00,0.8069230769230771,0.43153846153846154,0.8000000000000002,0.7916950442470038,0.7756841121825963,0.877518315018315,0.8967219033727682,1.6019577258278626,0.6713747159915625,0.15996755116039374,1.0,0.0,1.0,1.167119600347585,-0.016628954149075836,1.167119600347585,1.7200066406449062,-0.019705398620076586,-0.5528870402973212
QQQ,CUSTOM,BEAR,95_100,26,2015-01-30 00:00:00,2026-03-30 00:00:00,0.8000000000000002,0.4238461538461538,0.8000000000000002,0.8269729787340532,0.7900639057068413,0.9756562881562881,0.9807504455619592,2.184882190666182,0.7043455981170486,0.12094583936926072,1.0,0.0,1.0,0.08421696323456174,-0.04353368864690621,0.08421696323456174,0.07220102605563739,-0.05604217313968074,0.012015937178924352
QQQ,CUSTOM,BEAR,raw_fallback,7,2014-04-16 00:00:00,2014-10-20 00:00:00,0.7999999999999999,0.49142857142857144,0.7999999999999999,0.7271238663366864,0.7459296012020432,,,,0.494970297798282,0.2928246619288319,1.0,0.0,0.0,4.926510451583941,-0.00415053655608455,4.926510451583941,8.14908019491248,-0.0051612906553396565,-3.222569743328539
QQQ,CUSTOM,BULL,00_30,550,2015-02-24 00:00:00,2026-05-07 00:00:00,0.8465454545454546,0.8459636363636364,0.8480727272727274,0.20767482109300114,0.2242947038035062,0.1371753246753247,0.13893538965325566,-1.213482802822319,0.10567816895574499,0.30685957785117723,0.034545454545454546,0.0,1.0,0.1849749801446663,-0.07907132030566788,0.1849749801446663,0.21798380189479727,-0.09224173888883769,-0.03300882175013098
QQQ,CUSTOM,BULL,30_50,223,2015-03-04 00:00:00,2025-11-07 00:00:00,0.8360538116591928,0.811031390134529,0.8180269058295964,0.33027714795595864,0.3027660629599303,0.41081215744892874,0.3899345764934794,-0.5326017039264824,0.10775901116356948,0.3262592377626132,0.053811659192825115,0.0,1.0,0.1469058665226295,-0.05107461210320541,0.1469058665226295,0.16106123851620624,-0.058460804522195486,-0.014155371993576749
QQQ,CUSTOM,BULL,50_70,83,2015-03-06 00:00:00,2026-02-03 00:00:00,0.8380722891566262,0.763855421686747,0.7942168674698794,0.43779689481100403,0.3795744567415071,0.5688468158347676,0.5998825144656483,0.09101606776065418,0.18469123622130854,0.2841574769079596,0.14457831325301204,0.0,1.0,0.09689432970751732,-0.06304299261684032,0.09689432970751732,0.08436329872191384,-0.07964655422568478,0.012531030985603486
QQQ,CUSTOM,BULL,70_85,26,2015-03-10 00:00:00,2020-05-14 00:00:00,0.8346153846153848,0.6676923076923078,0.7738461538461539,0.5690117791295052,0.5045992460553007,0.7302350427350427,0.755234294958215,0.7536059293131706,0.3913588807857878,0.24646574992692744,0.34615384615384615,0.0,1.0,0.8678387575489845,-0.04532612177825157,0.8678387575489845,1.0160146997732151,-0.0558369404871315,-0.14817594222423058
QQQ,CUSTOM,BULL,85_95,8,2015-02-03 00:00:00,2026-02-11 00:00:00,0.825,0.615,0.7675,0.668081969767809,0.5870230168136366,0.8606150793650793,0.8911411950700767,1.5749215316183969,0.3707755719218486,0.3469131559214673,0.625,0.0,1.0,-0.08912788967934104,-0.01734458187683663,-0.08912788967934104,-0.14980518776887142,-0.022268537566959345,0.060677298089530374
QQQ,CUSTOM,BULL,95_100,1,2015-02-06 00:00:00,2015-02-06 00:00:00,0.8,0.52,0.8,0.7681119412183762,0.7362016932051827,0.9543650793650794,0.9564393939393939,2.1947069085256157,0.7355794589480311,0.1382858656726261,1.0,0.0,1.0,19.92848026064172,0.0,19.92848026064172,48.005294509550524,0.0,-28.076814248908804
QQQ,CUSTOM,BULL,raw_fallback,356,2013-01-08 00:00:00,2014-12-15 00:00:00,0.8325280898876405,0.8464606741573034,0.8486516853932584,0.21108451374084428,0.20543305156094033,,,,0.0987687107801132,0.38299631925227806,0.016853932584269662,0.0,0.0,0.12937723400269885,-0.06442178877961902,0.12937723400269885,0.16001656324075908,-0.0715415335803452,-0.03063932923806023
QQQ,CUSTOM,NEUTRAL,00_30,1,2024-04-24 00:00:00,2024-04-24 00:00:00,0.86,0.82,0.82,0.3004370778799057,0.3013958316813475,0.32341269841269843,0.2962962962962963,-0.8240816486782906,0.1466793958647597,0.583781132019273,0.0,0.0,1.0,28.499423881444436,0.0,28.499423881444436,46.42264497902229,0.0,-17.92322109757785
QQQ,CUSTOM,NEUTRAL,30_50,3,2021-03-31 00:00:00,2024-04-29 00:00:00,0.84,0.7199999999999999,0.8133333333333334,0.37216021070877714,0.43128170445968017,0.3055555555555555,0.30687830687830686,-0.6990046727798976,0.3356090168546333,0.41574952544755056,0.6666666666666666,0.0,1.0,2.101398176965191,-0.005848224778559841,2.101398176965191,3.0201298264113126,-0.007230580123512631,-0.9187316494461215
QQQ,CUSTOM,NEUTRAL,50_70,8,2020-04-24 00:00:00,2025-02-27 00:00:00,0.805,0.5349999999999999,0.795,0.6512391926720739,0.6758814427088475,0.6274801587301587,0.5873015873015873,0.34550968113416,0.5427085363192715,0.2154958908848963,0.875,0.0,1.0,-0.5803588530957249,-0.03431465237597475,-0.5803588530957249,-0.6782015085109294,-0.043069359994590495,0.09784265541520454
QQQ,CUSTOM,NEUTRAL,70_85,9,2016-05-06 00:00:00,2020-04-22 00:00:00,0.8355555555555556,0.5177777777777778,0.8,0.6887305955092112,0.6970512515139293,0.6783509700176367,0.7544091710758377,0.9516356939164515,0.565119126027745,0.2309734106584615,1.0,0.0,1.0,3.150389815570928,-0.0102120712815722,3.150389815570928,4.464477493106758,-0.012544460094216836,-1.31408767753583
QQQ,CUSTOM,NEUTRAL,85_95,12,2015-02-02 00:00:00,2026-02-18 00:00:00,0.81,0.5349999999999998,0.7850000000000001,0.7300748668611051,0.6713590174628625,0.8685515873015871,0.9013681011734165,1.6605228677808288,0.5219066637749945,0.2908413617169434,0.8333333333333334,0.0,1.0,1.9616095514646128,-0.006311339846441499,1.9616095514646128,2.9822066081968495,-0.006071747655551185,-1.0205970567322367
QQQ,CUSTOM,NEUTRAL,95_100,4,2015-01-29 00:00:00,2018-10-16 00:00:00,0.8,0.44499999999999995,0.8,0.8592504158616067,0.7809713986652029,0.9885912698412699,0.988289089582193,1.9671794264310303,0.6246189788631186,0.1611902088328913,1.0,0.0,1.0,0.0459823055160804,-0.01837068836943312,0.0459823055160804,0.08215457253863478,-0.02318240591519105,-0.03617226702255438
QQQ,CUSTOM,NEUTRAL,raw_fallback,6,2013-02-25 00:00:00,2014-04-30 00:00:00,0.8099999999999999,0.5266666666666667,0.8099999999999999,0.6232208196073771,0.6553367879931646,,,,0.4406124677397318,0.36686551491510855,0.8333333333333334,0.0,0.0,-0.24844538046700226,-0.019214075175595258,-0.24844538046700226,-0.35382611033449785,-0.024639825472152266,0.10538072986749558
QQQ,EXTREME_RISK,BEAR,50_70,13,2020-04-07 00:00:00,2023-01-10 00:00:00,0.30000000000000016,0.3815384615384615,0.5492307692307692,0.7334009065077857,0.8300269855756954,0.5935592185592186,0.6179283679283679,0.5154414166053112,0.5244141330026673,0.2502791954326709,0.46153846153846156,0.0,1.0,0.6279798257737839,-0.009760439419941092,0.6279798257737839,-0.031211154711513145,-0.06896988458245012,0.659190980485297
QQQ,EXTREME_RISK,BEAR,70_85,23,2020-03-26 00:00:00,2025-04-23 00:00:00,0.3,0.3104347826086956,0.31043478260869567,0.8439488616974458,0.8772253628367986,0.8145272601794342,0.7987117552334945,1.1349719837704975,0.5202650906929681,0.20468788310113278,0.0,0.0,1.0,-0.08178213316290583,-0.04305912492581032,-0.07696951812943342,-0.0020191287637723043,-0.07847344458608241,-0.07976300439913353
QQQ,EXTREME_RISK,BEAR,85_95,69,2018-11-07 00:00:00,2025-04-08 00:00:00,0.30000000000000016,0.30000000000000004,0.30000000000000016,0.8865654710842217,0.884426422544366,0.9274787209569819,0.9089218618204127,1.3446773216105319,0.5538987089131695,0.1873538423533603,0.0,0.0,1.0,0.11455605600799212,-0.04058974728312592,0.12042539729087953,0.3028440228215572,-0.1261997319177297,-0.18828796681356508
QQQ,EXTREME_RISK,BEAR,95_100,86,2018-10-22 00:00:00,2023-01-03 00:00:00,0.30000000000000016,0.3,0.30000000000000016,0.9071781147704567,0.8973030533551797,0.9724990771502398,0.9778054632705796,1.54491016511513,0.5432734059588397,0.21697790041382273,0.0,0.0,1.0,0.31252960226578064,-0.03428071986246084,0.31624190574400335,0.5476091233593448,-0.11978771578380232,-0.23507952109356411
QQQ,EXTREME_RISK,BULL,50_70,6,2019-09-04 00:00:00,2021-03-11 00:00:00,0.3000000000000001,0.39999999999999997,0.4633333333333333,0.7243696950376034,0.8308888511106219,0.6154100529100529,0.6626984126984127,0.6539041517877066,0.22330279942406098,0.5640034791973604,0.16666666666666666,0.0,1.0,-0.37287009068346866,-0.017418729882262896,-0.37287009068346866,-0.6446714214614879,-0.03798267458451543,0.27180133077801927
QQQ,EXTREME_RISK,BULL,70_85,7,2019-06-10 00:00:00,2020-09-29 00:00:00,0.3000000000000001,0.3685714285714285,0.3685714285714286,0.8016214000327248,0.8575966845026335,0.7125850340136056,0.7860922146636433,1.1082806516837755,0.20097463526930362,0.656379644880453,0.0,0.0,1.0,0.7066350712577993,-0.0018648854371615675,0.7066350712577993,3.7613410223443804,-0.009708170534665883,-3.0547059510865813
QQQ,EXTREME_RISK,BULL,85_95,12,2019-08-30 00:00:00,2021-03-09 00:00:00,0.30000000000000016,0.3099999999999999,0.3100000000000001,0.8900691673159601,0.8813413309566762,0.8733465608465609,0.9112654320987654,1.399211089242914,0.17029179067167174,0.5967800259506607,0.0,0.0,1.0,0.5082581473187633,-0.016890982180299496,0.5312321314270214,2.735655950914614,-0.06946443387830181,-2.227397803595851
QQQ,EXTREME_RISK,BULL,95_100,10,2019-06-04 00:00:00,2021-03-10 00:00:00,0.30000000000000016,0.29999999999999993,0.30000000000000016,0.9130470007658005,0.8892966282674972,0.9740079365079364,0.9826719576719576,1.515562801028154,0.1864503714921743,0.5966811012286994,0.0,0.0,1.0,0.6438653656657625,-0.009417245281222897,0.6839660002861672,4.100399970039911,-0.03059694125625556,-3.4565346043741485
QQQ,EXTREME_RISK,NEUTRAL,85_95,4,2019-06-06 00:00:00,2021-03-08 00:00:00,0.3000000000000001,0.33,0.33000000000000007,0.8681134060025215,0.8686186362222746,0.8754960317460316,0.9110449735449736,1.5026688254357639,0.44415917050266485,0.3168451252359918,0.0,0.0,1.0,0.2574946010980188,0.0,0.2574946010980188,4.927042974954787,-0.002854218620158222,-4.6695483738567685
QQQ,EXTREME_RISK,NEUTRAL,95_100,4,2019-06-05 00:00:00,2020-03-10 00:00:00,0.3000000000000001,0.3,0.3000000000000001,0.9106487669050695,0.8884329035877354,0.9821428571428572,0.9880952380952381,1.7404821804091943,0.29059140370995673,0.40260303087648064,0.0,0.0,1.0,-0.8829002469050129,-0.04432465877571079,-0.8829002469050129,-0.9987730899460412,-0.13125317754389276,0.1158728430410283
QQQ,HIGH_VOL,BEAR,00_30,2,2023-01-13 00:00:00,2023-01-17 00:00:00,0.52,0.56,0.8,0.5273173160851001,0.6691761716998106,0.3035714285714286,0.23544973544973546,-0.6781839441087343,0.3856609603806769,0.44762578234984984,1.0,0.0,1.0,-0.6419736996642943,-0.005627932828605076,-0.6419736996642943,-0.9445748999155014,-0.009824423771384372,0.30260120025120707
QQQ,HIGH_VOL,BEAR,70_85,1,2022-09-01 00:00:00,2022-09-01 00:00:00,0.52,0.52,0.52,0.817721250653267,0.7365650057423652,0.7003968253968254,0.7420634920634921,0.8961197771644257,0.2417285108214359,0.4131741725239834,0.0,0.0,1.0,-0.8385866161421999,0.0,-0.8385866161421999,-0.8374094864311431,0.0,-0.001177129711056768
QQQ,HIGH_VOL,BEAR,85_95,1,2022-01-18 00:00:00,2022-01-18 00:00:00,0.52,0.42,0.8,0.8559064656496049,0.7594701681632898,0.8551587301587301,0.8743386243386243,1.3201071021172175,0.4762190192159596,0.2302135783964892,1.0,0.0,1.0,-0.7852398960966214,0.0,-0.7852398960966214,-0.962916937069166,0.0,0.17767704097254466
QQQ,HIGH_VOL,BEAR,raw_fallback,3,2014-04-10 00:00:00,2014-04-14 00:00:00,0.52,0.4533333333333333,0.4533333333333333,0.8055770258108774,0.752137751397099,,,,0.3003257042480412,0.47800988089703905,0.0,0.0,0.0,1.7561424219388932,0.0,1.7561424219388932,6.707916862027803,0.0,-4.95177444008891
QQQ,HIGH_VOL,BULL,30_50,7,2020-05-19 00:00:00,2021-02-08 00:00:00,0.52,0.5657142857142857,0.5657142857142857,0.5815600397331373,0.6498946544523532,0.463718820861678,0.4663643235071806,-0.056476475454567875,0.13076516434492436,0.5155909390268182,0.0,0.0,1.0,-0.010114406930630704,-0.0005085089791246888,-0.010114406930630704,-0.16131048401988923,-0.0024882600302995606,0.15119607708925853
QQQ,HIGH_VOL,BULL,50_70,32,2017-07-11 00:00:00,2021-02-04 00:00:00,0.52,0.535,0.535,0.6589901626110077,0.6908015886207775,0.5948660714285714,0.6207010582010583,0.45172799841718303,0.13264795909841404,0.6031058292487154,0.0,0.0,1.0,0.3151782370794327,-0.03789216098557213,0.3151782370794327,0.7274249202909775,-0.06496875346836561,-0.4122466832115448
QQQ,HIGH_VOL,BULL,70_85,33,2015-12-16 00:00:00,2022-01-14 00:00:00,0.52,0.5018181818181818,0.5018181818181818,0.7571005274852117,0.7196094844989692,0.7714646464646465,0.781546475729921,1.0568991892053985,0.14242842059300853,0.5492757634056784,0.0,0.0,1.0,0.07747271688636825,-0.03574367519778543,0.07747271688636825,0.013526454389406029,-0.07434457644306725,0.06394626249696223
QQQ,HIGH_VOL,BULL,85_95,11,2015-12-17 00:00:00,2020-02-26 00:00:00,0.5199999999999999,0.46545454545454545,0.56,0.8170468929139051,0.7521568699761011,0.9365079365079364,0.900956778302623,1.5675161589374336,0.3234079642996289,0.33885684754109247,0.2727272727272727,0.0,1.0,0.41633745952367907,-0.027035187966620633,0.41633745952367907,0.6094078729782644,-0.05829993614846041,-0.1930704134545853
QQQ,HIGH_VOL,BULL,95_100,4,2015-01-14 00:00:00,2015-12-18 00:00:00,0.52,0.47,0.47,0.8165444351732731,0.7496998444925509,0.9875992063492064,0.9878167308005003,2.438597952746092,0.2423198403035385,0.40827519932569944,0.0,0.0,1.0,1.180895290411534,0.0,1.180895290411534,6.153900322269273,0.0,-4.973005031857738
QQQ,HIGH_VOL,BULL,raw_fallback,2,2014-10-09 00:00:00,2014-10-10 00:00:00,0.52,0.52,0.52,0.7517679557204247,0.6877368945746893,,,,0.21445401167503708,0.4335187233037348,0.0,0.0,0.0,-0.5247208122489847,0.0,-0.5247208122489847,-0.8614660457563668,0.0,0.33674523350738206
QQQ,HIGH_VOL,NEUTRAL,70_85,2,2022-09-13 00:00:00,2022-09-14 00:00:00,0.52,0.42,0.42,0.8478199407458307,0.7684297902123818,0.7767857142857142,0.7929894179894179,1.0174032437071643,0.3091985281865914,0.44333817145744786,0.0,0.0,1.0,-0.7969957437565206,-0.0029265913735845306,-0.7969957437565206,-0.9443604013532745,-0.006114971114715706,0.14736465759675388
QQQ,HIGH_VOL,NEUTRAL,85_95,1,2024-08-06 00:00:00,2024-08-06 00:00:00,0.52,0.52,0.52,0.8774254590272904,0.7474235060200839,0.9146825396825397,0.8677248677248677,1.3728160492658426,0.1620715913220804,0.5510197603351773,0.0,0.0,1.0,41.48351921779918,0.0,41.48351921779918,1983.9641853313162,0.0,-1942.4806661135171
QQQ,HIGH_VOL,NEUTRAL,raw_fallback,1,2014-10-14 00:00:00,2014-10-14 00:00:00,0.52,0.52,0.52,0.7551547855138779,0.725314017623788,,,,0.3489458753029591,0.3269531124822833,0.0,0.0,0.0,-0.6427678134217873,0.0,-0.6427678134217873,-0.7955219185060525,0.0,0.15275410508426512
QQQ,NORMAL,BEAR,00_30,19,2023-09-22 00:00:00,2023-11-02 00:00:00,0.9936842105263157,0.7705263157894737,0.9936842105263157,0.326742524575246,0.35409247012245954,0.16635338345864661,0.18052074631022,-1.1356359601434136,0.6071150332550473,0.18272762443373933,1.0,1.0,1.0,-0.10091547857546512,-0.04632408614999706,-0.09899934653685438,-0.10347925239844302,-0.046324086149996835,0.0025637738229778995
QQQ,NORMAL,BEAR,30_50,6,2016-06-15 00:00:00,2023-10-23 00:00:00,0.9933333333333333,0.8000000000000002,0.9933333333333333,0.382285247122248,0.3079046274396806,0.3138227513227513,0.35383597883597884,-0.5240207202623929,0.6830265765404188,0.13638815475167107,1.0,1.0,1.0,-0.32550786946597166,-0.024475891148042717,-0.32550786946597166,-0.3181953798689129,-0.024475891148042717,-0.007312489597058769
QQQ,NORMAL,BEAR,50_70,6,2016-06-22 00:00:00,2023-10-27 00:00:00,1.0,0.73,1.0,0.5545965981980165,0.4379619795921584,0.48478835978835977,0.5615079365079366,0.14716822437128593,0.6282231145323888,0.1772633397860406,1.0,1.0,1.0,-0.37392962727938395,0.0,-0.37392962727938395,-0.37392962727938395,0.0,0.0
QQQ,NORMAL,BEAR,70_85,2,2015-07-09 00:00:00,2026-03-19 00:00:00,1.0,0.6699999999999999,1.0,0.5196425542235374,0.46026708249495657,0.7450396825396826,0.7940112590586524,0.8208735040535879,0.6297185587090977,0.1576110998424043,1.0,1.0,1.0,36.75253644380672,0.0,36.75253644380672,36.75253644380672,0.0,0.0
QQQ,NORMAL,BEAR,85_95,1,2016-06-24 00:00:00,2016-06-24 00:00:00,1.0,0.74,1.0,0.7879336416721344,0.4508948872912627,0.8214285714285714,0.8703703703703703,1.4331629900241751,0.7437746686878707,0.0853726263205284,1.0,1.0,1.0,234.72520530303663,0.0,234.72520530303663,234.72520530303663,0.0,0.0
QQQ,NORMAL,BEAR,95_100,1,2016-06-27 00:00:00,2016-06-27 00:00:00,1.0,0.6,1.0,0.8425019294023515,0.5487966478190349,0.9365079365079365,0.9576719576719577,1.6475969382234883,0.7560333306578995,0.0796782757903604,1.0,1.0,1.0,82.41610756400594,0.0,82.41610756400594,82.41610756400594,0.0,0.0
QQQ,NORMAL,BEAR,raw_fallback,7,2014-05-07 00:00:00,2014-05-20 00:00:00,1.0,0.68,1.0,0.4917818197182247,0.4996235201141209,,,,0.5462201027204261,0.3022913735387932,1.0,1.0,0.0,2.5147988598720334,-0.003623445570089756,2.5147988598720334,2.5147988598720334,-0.003623445570089756,0.0
QQQ,NORMAL,BULL,00_30,186,2015-02-13 00:00:00,2026-04-29 00:00:00,0.8446236559139786,0.7964516129032259,0.8629032258064516,0.2606937382089835,0.3263549304593238,0.14894819935142517,0.15833244471673116,-1.1727811649513862,0.30575874545845194,0.30466517937389764,0.3763440860215054,0.3602150537634409,1.0,0.22544676730567126,-0.05602688603877526,0.23932770609583875,0.27746223805310777,-0.07214025136207558,-0.05201547074743651
QQQ,NORMAL,BULL,30_50,200,2015-02-11 00:00:00,2026-04-24 00:00:00,0.8093,0.7414000000000001,0.8162000000000001,0.36663851972669365,0.4013062632753227,0.41855158730158737,0.3978269436761269,-0.46400592481174413,0.23832516630324535,0.3454218423761715,0.27,0.265,1.0,0.05541259404563115,-0.07191621499204226,0.06374202037709087,0.06328288570290463,-0.08994225508010256,-0.007870291657273487
QQQ,NORMAL,BULL,50_70,142,2015-07-06 00:00:00,2026-04-14 00:00:00,0.7647887323943664,0.7305633802816903,0.7633802816901409,0.4741220364845555,0.43706806431223083,0.5905712050078248,0.6005028886495265,0.15494886577597095,0.17877645715143822,0.3685192514209074,0.13380281690140844,0.11971830985915492,1.0,0.10623398279998386,-0.057167043164803144,0.12134924176966,0.1629667835093649,-0.07611632000138846,-0.056732800709381026
QQQ,NORMAL,BULL,70_85,35,2015-01-05 00:00:00,2026-01-20 00:00:00,0.7348571428571428,0.716,0.737142857142857,0.5580842732531685,0.45962905556786304,0.7406462585034014,0.7583108839911145,0.7892489095105578,0.167737657938619,0.40815745850905116,0.08571428571428572,0.05714285714285714,1.0,0.07249891353904259,-0.04892750582387262,0.09056117453037205,0.054119283281202524,-0.0675078140628328,0.018379630257840063
QQQ,NORMAL,BULL,85_95,13,2015-03-16 00:00:00,2025-12-17 00:00:00,0.6953846153846153,0.6538461538461537,0.689230769230769,0.6966279020676247,0.5141021909076957,0.8588217338217338,0.8777186965365698,1.5849446827492335,0.20870697789551534,0.390655454255323,0.15384615384615385,0.07692307692307693,1.0,1.270312187535203,-0.0250384236318294,1.3653899151108457,1.8924835017958177,-0.041858139968199315,-0.6221713142606147
QQQ,NORMAL,BULL,95_100,3,2015-01-06 00:00:00,2015-05-06 00:00:00,0.6933333333333334,0.6466666666666666,0.6466666666666666,0.7548268804947535,0.5352098335824075,0.9596560846560847,0.9616942468609883,2.2854125720158236,0.19925199170639663,0.37538433046382913,0.0,0.0,1.0,4.499202622055371,-0.002947013721747549,4.6304496789045295,7.00299755258442,-0.006582989949750817,-2.5037949305290486
QQQ,NORMAL,BULL,raw_fallback,62,2013-01-02 00:00:00,2014-12-16 00:00:00,0.7551612903225808,0.7629032258064518,0.7738709677419356,0.3712908595620143,0.37006798929607243,,,,0.14719126807875668,0.4779577156349948,0.06451612903225806,0.06451612903225806,0.0,0.26730318013498744,-0.043435783227494196,0.2939069441639903,0.45290983834406373,-0.05793025649005523,-0.1856066582090763
QQQ,NORMAL,NEUTRAL,00_30,6,2016-06-07 00:00:00,2023-11-03 00:00:00,1.0,0.8333333333333334,1.0,0.20270033702254295,0.2601166784099584,0.1025132275132275,0.11199294532627864,-1.3961594218853006,0.7352270025425552,0.10046265045288412,1.0,1.0,1.0,-0.5352550627897935,-0.025684974649880066,-0.5352550627897935,-0.5352550627897935,-0.025684974649880066,0.0
QQQ,NORMAL,NEUTRAL,30_50,4,2016-06-13 00:00:00,2016-06-21 00:00:00,1.0,0.84,1.0,0.269356095418334,0.23832436240116917,0.2961309523809524,0.3594576719576719,-0.6416245818693248,0.7675801248598825,0.0775743970446594,1.0,1.0,1.0,1.1079870012252235,-0.002418601174071777,1.1079870012252235,1.1079870012252235,-0.002418601174071777,0.0
QQQ,NORMAL,NEUTRAL,50_70,6,2016-06-23 00:00:00,2026-04-13 00:00:00,0.9566666666666667,0.6833333333333332,0.9333333333333332,0.47385960519313813,0.4717800428994572,0.5092592592592592,0.5784832451499119,0.08076946228806821,0.6328777875942461,0.17440416002199588,0.8333333333333334,0.8333333333333334,1.0,5.008698728034308,0.0,5.028561453462771,6.521146655843665,0.0,-1.5124479278093563
QQQ,NORMAL,NEUTRAL,70_85,1,2015-07-08 00:00:00,2015-07-08 00:00:00,1.0,0.82,1.0,0.4460931897163391,0.3294275593823728,0.7182539682539683,0.7674050632911392,0.6044328444266254,0.6001122197850144,0.0984822476959341,1.0,1.0,1.0,44.655043872202285,0.0,44.655043872202285,44.655043872202285,0.0,0.0
QQQ,NORMAL,NEUTRAL,85_95,2,2016-04-29 00:00:00,2016-05-03 00:00:00,0.74,0.56,0.81,0.777209821343422,0.6307097195603089,0.8125,0.8630952380952381,1.4324587768967272,0.4157129700427282,0.31008598248235014,1.0,0.0,1.0,-0.5068678854849307,0.0,-0.5068678854849307,-0.7018922427628786,-0.0002855380029410659,0.19502435727794798
QQQ,NORMAL,NEUTRAL,raw_fallback,7,2014-05-06 00:00:00,2014-05-23 00:00:00,0.96,0.7000000000000001,0.96,0.37470086025340216,0.45029320237249665,,,,0.5053067904458982,0.32383980587618805,1.0,0.8571428571428571,0.0,0.5543176000563115,-0.013026066066999631,0.5768645005435349,0.5416653533699698,-0.013026066066999631,0.012652246686341684
QQQ,RISK_OFF,BEAR,30_50,2,2022-11-15 00:00:00,2023-01-11 00:00:00,0.42,0.42,0.61,0.6283077895641327,0.7932598412228021,0.44246031746031744,0.41005291005291,-0.1424887318702623,0.4655160165050697,0.34866478691398695,0.5,0.0,1.0,-0.2941025714136327,0.0,-0.2724474367345818,0.7960570658237054,0.0,-1.090159637237338
QQQ,RISK_OFF,BEAR,50_70,5,2022-07-08 00:00:00,2022-11-17 00:00:00,0.5720000000000001,0.42000000000000004,0.648,0.7779427951574327,0.8040889898101732,0.6416666666666666,0.6518518518518519,0.6419910452047312,0.6377383995509435,0.1777990641601288,0.6,0.0,1.0,-0.8185173216050785,-0.029950890438698807,-0.7965749793300817,-0.9329864577444645,-0.04294421387223668,0.11446913613938603
QQQ,RISK_OFF,BEAR,70_85,44,2018-12-03 00:00:00,2025-05-09 00:00:00,0.4631818181818184,0.4172727272727274,0.4863636363636365,0.8189181831072679,0.8272140650182109,0.8396915584415584,0.7925084175084174,1.1249128544650953,0.5945678384453192,0.19490622342677125,0.18181818181818182,0.0,1.0,0.08322395614816402,-0.0975784383952103,0.12577111765513682,0.6955192097909593,-0.15032539481458262,-0.6122952536427952
QQQ,RISK_OFF,BEAR,85_95,58,2015-10-12 00:00:00,2025-03-31 00:00:00,0.4527586206896552,0.40344827586206894,0.46896551724137936,0.849241524832002,0.8376930119892815,0.9091406677613575,0.9000426522211338,1.4436936656854116,0.6823455270728921,0.12942045190226426,0.1724137931034483,0.0,1.0,-0.34540307030452577,-0.11607338099253761,-0.31899111980683714,-0.5674955196553717,-0.21886472763253406,0.22209244935084593
QQQ,RISK_OFF,BEAR,95_100,57,2015-09-29 00:00:00,2022-12-19 00:00:00,0.42000000000000004,0.4052631578947369,0.4052631578947369,0.8678450367952649,0.8473142708972756,0.9777568922305765,0.9820925814163574,1.8473202338702577,0.6831931470556865,0.1308042339137577,0.0,0.0,1.0,0.45018041305049317,-0.024293626107308786,0.4745951458903699,1.1781508855273235,-0.07303685389139392,-0.7279704724768303
QQQ,RISK_OFF,BEAR,raw_fallback,1,2014-04-15 00:00:00,2014-04-15 00:00:00,0.8,0.42,0.8,0.8333569437265396,0.7866311470489318,,,,0.4144694187862462,0.3896807372129888,1.0,0.0,0.0,-0.2412879371642752,0.0,-0.12619479322861793,0.0603579781815915,0.0,-0.3016459153458667
QQQ,RISK_OFF,BULL,30_50,7,2021-03-17 00:00:00,2024-08-15 00:00:00,0.4342857142857142,0.4628571428571428,0.6114285714285713,0.6135934323072434,0.746617404945239,0.49716553287981863,0.4654195011337868,-0.013461359421464142,0.35239408407471096,0.4079711466260348,0.42857142857142855,0.0,1.0,-0.8633140716112667,-0.06079583319514348,-0.8623279055522539,-0.9903303706528258,-0.135344120520688,0.1270162990415591
QQQ,RISK_OFF,BULL,50_70,30,2015-12-29 00:00:00,2024-08-13 00:00:00,0.4233333333333333,0.45266666666666666,0.45266666666666666,0.7035895543545485,0.7655921231465808,0.5984788359788361,0.6357954425683509,0.5502940236503144,0.18599002171799764,0.6042329316373907,0.0,0.0,1.0,0.26983522506341684,-0.017313597471840136,0.2745365664595494,0.8705288225853147,-0.03616396609089134,-0.6006935975218979
QQQ,RISK_OFF,BULL,70_85,40,2015-01-23 00:00:00,2022-12-08 00:00:00,0.4485,0.43699999999999994,0.4725,0.7847041569277644,0.7892254180680195,0.746329365079365,0.7791175533479815,1.0384501909390564,0.2088098481351916,0.5502717955274464,0.1,0.0,1.0,-0.35910290931705335,-0.06717594556856599,-0.3425817595403712,-0.6027020336469673,-0.13785298593156048,0.24359912432991393
QQQ,RISK_OFF,BULL,85_95,31,2015-01-21 00:00:00,2021-03-04 00:00:00,0.432258064516129,0.4109677419354838,0.432258064516129,0.8341435910232605,0.8158623376821917,0.8681515616999488,0.8905852111918097,1.4806904963623932,0.2113787582612192,0.5210312138218149,0.06451612903225806,0.0,1.0,0.04422060285877727,-0.02946308577958845,0.05234059860754603,-0.2842731572109072,-0.10547679473675631,0.32849376006968445
QQQ,RISK_OFF,BULL,95_100,21,2015-01-20 00:00:00,2020-10-30 00:00:00,0.42000000000000004,0.3857142857142857,0.3857142857142857,0.8927030019816897,0.8325480003977891,0.9621126228269083,0.9740714890414078,1.6852370196889648,0.19203464921988858,0.552140777789622,0.0,0.0,1.0,0.46507477599240565,-0.014620556494569614,0.4826951070954175,0.8996220470057714,-0.03912265380727131,-0.43454727101336577
QQQ,RISK_OFF,NEUTRAL,50_70,5,2022-09-08 00:00:00,2025-05-13 00:00:00,0.42000000000000004,0.44000000000000006,0.648,0.697079525589943,0.7755689454051764,0.75,0.673015873015873,0.5812518174526842,0.46061129649107835,0.3408361272596607,0.6,0.0,1.0,0.256123470138808,-0.0049579406914133095,0.256123470138808,0.7056198328793482,-0.009534616094511117,-0.44949636274054017
QQQ,RISK_OFF,NEUTRAL,70_85,7,2018-04-18 00:00:00,2024-08-09 00:00:00,0.47428571428571425,0.42,0.5285714285714286,0.8268302138362612,0.7945451876855174,0.8066893424036282,0.7832577475434618,1.0624735063282353,0.37359219897165113,0.37371422451137715,0.2857142857142857,0.0,1.0,1.9730417545565069,0.0,2.1617226180416504,10.0547830341748,0.0,-8.081741279618294
QQQ,RISK_OFF,NEUTRAL,85_95,2,2018-04-19 00:00:00,2018-05-02 00:00:00,0.42,0.42,0.61,0.8241211906075478,0.813627065552462,0.9682539682539683,0.912037037037037,1.4926954476749157,0.8259690530547918,0.0574864178634954,0.5,0.0,1.0,1.292653687114846,0.0,1.292653687114846,6.765134135308359,0.0,-5.472480448193513
QQQ,RISK_OFF,NEUTRAL,95_100,3,2018-04-04 00:00:00,2019-08-23 00:00:00,0.5466666666666666,0.41333333333333333,0.5066666666666667,0.8952002217372259,0.8185484820619285,0.9986772486772487,0.9951499118165784,1.8223907940454633,0.48150342938840723,0.2636192978999223,0.3333333333333333,0.0,1.0,2.4869191748923023,0.0,2.4869191748923023,0.10820355278181193,-0.0021100765186626846,2.3787156221104904
QQQ,WATCH,BEAR,00_30,3,2022-07-29 00:00:00,2023-01-20 00:00:00,0.9733333333333333,0.6,0.9733333333333333,0.4463379363218943,0.6010151332910971,0.24272486772486776,0.22310405643738976,-0.8411825083389578,0.5654738602375159,0.2875145346763026,1.0,1.0,1.0,5.052206514057086,-0.0018087931122816592,5.25847277013025,5.26154058221965,-0.0020419337051904574,-0.2093340681625646
QQQ,WATCH,BEAR,30_50,5,2022-04-04 00:00:00,2026-03-17 00:00:00,0.8879999999999999,0.5840000000000001,0.8879999999999999,0.5130079224705696,0.6304156807568779,0.3805555555555556,0.39365079365079364,-0.3003165646748598,0.5507520126236056,0.27442955631564936,0.8,0.8,1.0,1.4836429943001268,-0.0032402840516395637,1.6739838434415333,2.0155598424435293,-0.0031602840516393726,-0.5319168481434025
QQQ,WATCH,BEAR,50_70,9,2019-02-01 00:00:00,2026-04-08 00:00:00,0.8977777777777776,0.5377777777777778,0.8977777777777776,0.6284217024842899,0.6569347288617655,0.5981040564373897,0.6144914756025867,0.3693550914049518,0.602971297580742,0.21738848629057814,0.8888888888888888,0.7777777777777778,1.0,5.05438672693446,-0.014595698716002192,5.418918013996262,5.474100132092358,-0.02311855912892835,-0.4197134051578981
QQQ,WATCH,BEAR,70_85,19,2015-10-21 00:00:00,2026-03-18 00:00:00,0.92,0.5494736842105263,0.9157894736842106,0.7062440830625987,0.6547139605758734,0.7805973266499583,0.7857022553235465,1.029760778074832,0.5666872016022547,0.22338982484717973,0.9473684210526315,0.7894736842105263,1.0,-0.3270508911480474,-0.09532973804379341,-0.3088586511731042,-0.353671994875868,-0.10107262349885726,0.02662110372782056
QQQ,WATCH,BEAR,85_95,22,2016-06-29 00:00:00,2026-03-27 00:00:00,0.9381818181818183,0.5709090909090908,0.9381818181818183,0.7054698450998828,0.6498911161695594,0.853896103896104,0.8882275132275133,1.4499302601274622,0.53989734489155,0.26986196346774355,1.0,0.8636363636363636,1.0,-0.07829585878261558,-0.056058206733421434,-0.06734871109638507,-0.002216364853029229,-0.05790761954528989,-0.07607949392958635
QQQ,WATCH,BEAR,95_100,6,2015-08-20 00:00:00,2016-06-28 00:00:00,0.82,0.56,0.82,0.8231401056051254,0.6615373619851326,0.9775132275132274,0.9844567216702819,2.180924121726101,0.5419468605855735,0.17300119662983612,0.8333333333333334,0.3333333333333333,1.0,3.4212602336654436,-0.006632194528490065,3.7112467754353258,3.2444134693173083,-0.008200691103881774,0.1768467643481353
QQQ,WATCH,BEAR,raw_fallback,2,2014-10-15 00:00:00,2014-10-22 00:00:00,0.88,0.52,0.88,0.6837463229894638,0.6966238558841686,,,,0.4713419875902491,0.25956861367195394,1.0,0.5,0.0,7.961070945367354,0.0,8.609564804514058,13.53275735959844,0.0,-5.5716864142310865
QQQ,WATCH,BULL,00_30,34,2015-04-15 00:00:00,2025-01-24 00:00:00,0.6341176470588236,0.6582352941176469,0.6923529411764706,0.3991686727413359,0.4968735805012168,0.25566059757236226,0.23281846613984347,-0.8611076782675571,0.19346480599780913,0.43751768475969627,0.08823529411764706,0.08823529411764706,1.0,-0.3792918982470077,-0.07431782075854187,-0.37745253423942116,-0.5579877125719949,-0.117972740340472,0.17869581432498716
QQQ,WATCH,BULL,30_50,134,2015-03-24 00:00:00,2025-12-23 00:00:00,0.6449253731343285,0.6217910447761195,0.6683582089552239,0.5106248182592108,0.5529399221283716,0.41985015399194503,0.41560829578456476,-0.2526161725434647,0.19461152414075342,0.4348242814199275,0.13432835820895522,0.11194029850746269,1.0,0.13576313338244184,-0.14604669906444456,0.14381266918130065,0.18138520018680881,-0.21521418497036726,-0.04562206680436698
QQQ,WATCH,BULL,50_70,144,2015-11-20 00:00:00,2025-12-19 00:00:00,0.6984722222222222,0.5936111111111111,0.6997222222222221,0.5797957116427521,0.5909036925630414,0.5947833994708994,0.6035506964647912,0.2992278958323108,0.2955820993601656,0.3768874311490236,0.2847222222222222,0.2638888888888889,1.0,0.09863589522546246,-0.05257042102202836,0.11084416915801665,0.14121499372034574,-0.0598046108075615,-0.04257909849488328
QQQ,WATCH,BULL,70_85,73,2015-01-02 00:00:00,2025-12-18 00:00:00,0.6531506849315069,0.5821917808219178,0.6495890410958904,0.6598082630193397,0.614634864090386,0.7386660143509458,0.7605209034480386,0.916944306538488,0.22926683797578906,0.4123305166931171,0.1780821917808219,0.1643835616438356,1.0,0.0883425969885312,-0.05366728302773016,0.09755649787549547,0.10614224872514622,-0.09109531959101069,-0.01779965173661502
QQQ,WATCH,BULL,85_95,33,2015-01-08 00:00:00,2025-11-21 00:00:00,0.593939393939394,0.5612121212121213,0.5975757575757576,0.7610549848639604,0.6470932473320367,0.8872655122655123,0.9004383963332006,1.6873288242119437,0.23297345193445318,0.381481316502349,0.12121212121212122,0.030303030303030304,1.0,-0.15722592595583584,-0.04691596090176875,-0.13949190320031213,-0.2899398209626436,-0.08109922408006609,0.13271389500680775
QQQ,WATCH,BULL,95_100,7,2015-01-09 00:00:00,2015-12-15 00:00:00,0.5942857142857143,0.5428571428571429,0.5828571428571429,0.804301513518606,0.6807029675905846,0.967687074829932,0.9742192865358031,2.293596056297836,0.20738913828764582,0.40194658141726897,0.14285714285714285,0.0,1.0,0.23938435211636122,-0.006470471674194678,0.26822675581073363,-0.10753285174061156,-0.0184200463896661,0.3469172038569728
QQQ,WATCH,BULL,raw_fallback,44,2014-02-04 00:00:00,2014-12-31 00:00:00,0.6127272727272729,0.6163636363636363,0.6327272727272727,0.5569610870866614,0.5762456227135485,,,,0.11485776211012659,0.5084490741928893,0.045454545454545456,0.045454545454545456,0.0,0.13943233402755983,-0.040650214942986374,0.14154083893266955,0.03234749170266671,-0.07832321709092693,0.10708484232489313
QQQ,WATCH,NEUTRAL,00_30,4,2021-10-14 00:00:00,2023-01-25 00:00:00,0.99,0.6,0.99,0.5033191561698914,0.5740073433741804,0.30059523809523814,0.25297619047619047,-0.6824026941706736,0.630915652385419,0.22843109544053844,1.0,1.0,1.0,9.262479839473965,-0.0021001870911908638,9.364933593044343,9.287313101676594,-0.0022192459202357018,-0.024833262202628603
QQQ,WATCH,NEUTRAL,30_50,4,2020-04-16 00:00:00,2024-09-13 00:00:00,0.96,0.6,0.96,0.4791848976165056,0.6036913138397275,0.45535714285714285,0.45039682539682535,-0.22732562053461003,0.6090031845988799,0.20870458280492807,1.0,1.0,1.0,-0.9259334597425702,-0.03535100533015911,-0.9244255842601133,-0.9321428240438161,-0.03689941202813518,0.006209364301245857
QQQ,WATCH,NEUTRAL,50_70,19,2016-03-23 00:00:00,2026-04-09 00:00:00,0.9157894736842106,0.583157894736842,0.9231578947368423,0.5819121602334474,0.6218901856442232,0.6181077694235588,0.6090921748816486,0.3115797843230476,0.6341179617223788,0.19958550468532807,0.9473684210526315,0.8421052631578947,1.0,1.2041623620396984,-0.03311226295583747,1.252358157976003,1.3789278463725316,-0.03455901599197164,-0.17476548433283323
QQQ,WATCH,NEUTRAL,70_85,18,2015-10-20 00:00:00,2026-02-25 00:00:00,0.8422222222222222,0.5644444444444444,0.8422222222222222,0.6857439357373452,0.6449478855156766,0.6976410934744268,0.7630057728839416,0.943393012083162,0.5194444753577188,0.23550335235984277,0.7777777777777778,0.5555555555555556,1.0,0.2169491584563441,-0.04510290066988076,0.2451993022455261,0.22218375194290196,-0.042540581585494563,-0.005234593486557859
QQQ,WATCH,NEUTRAL,85_95,4,2016-11-10 00:00:00,2024-08-05 00:00:00,0.63,0.54,0.61,0.8346261292695999,0.6639747533304563,0.8695436507936508,0.8895502645502645,1.4534310692563195,0.2767202239675256,0.4042268072152455,0.25,0.0,1.0,-0.058485386086829405,-0.006881652173986508,0.0024502636370733466,-0.11173491864965501,-0.0108298530483526,0.05324953256282561
QQQ,WATCH,NEUTRAL,95_100,3,2015-01-28 00:00:00,2018-10-11 00:00:00,0.8533333333333334,0.5466666666666667,0.8533333333333334,0.8492894520362219,0.6780185051509003,0.9907407407407408,0.9883973636372869,2.0257031813412056,0.5297986930233334,0.20810212790203542,1.0,0.3333333333333333,1.0,1.523459068928192,-0.009917585022647613,1.6529898990372347,0.8758373241782884,-0.01210374544489734,0.6476217447499035
QQQ,WATCH,NEUTRAL,raw_fallback,6,2014-04-07 00:00:00,2014-10-21 00:00:00,0.8333333333333334,0.56,0.82,0.598959377159675,0.6425836784110804,,,,0.4263946779990881,0.3532373133526221,0.6666666666666666,0.6666666666666666,0.0,0.6361785683901544,-0.016905925346653694,0.686002316063079,0.8594891355211105,-0.022156023055289076,-0.2233105671309561
SOXX,CUSTOM,BEAR,30_50,2,2024-12-02 00:00:00,2025-05-22 00:00:00,0.8,0.63,0.8,0.5115693405270577,0.5837352848383114,0.5912698412698413,0.45899470899470896,-0.18877053186416215,0.545852600113149,0.16951986689382595,1.0,0.0,1.0,115.94666479654823,0.0,115.94666479654823,321.2773187302265,0.0,-205.33065393367826
SOXX,CUSTOM,BEAR,50_70,35,2020-04-06 00:00:00,2025-05-08 00:00:00,0.8274285714285715,0.5142857142857142,0.8000000000000002,0.6790458022270884,0.7087458267649354,0.6759637188208617,0.6575207860922146,0.5827523609100401,0.5957386136640783,0.16314243751566332,1.0,0.0,1.0,0.5321425282955488,-0.137807551373323,0.5321425282955488,0.8076129973284005,-0.1569796003664773,-0.2754704690328518
SOXX,CUSTOM,BEAR,70_85,78,2020-03-06 00:00:00,2025-05-06 00:00:00,0.8041025641025639,0.4469230769230771,0.7999999999999997,0.7768025252681513,0.7697794134678269,0.7869607244607244,0.7728937728937729,1.0632574447949454,0.6272827530240244,0.13448532240574787,1.0,0.0,1.0,0.49265875924320723,-0.17162278876444415,0.49265875924320723,0.5567593116131253,-0.21494941722765404,-0.06410055236991807
SOXX,CUSTOM,BEAR,85_95,38,2018-10-16 00:00:00,2025-03-13 00:00:00,0.8042105263157896,0.4278947368421053,0.8000000000000002,0.833045251902781,0.7891299122968634,0.9248120300751882,0.9068156502367029,1.4967942132656071,0.6817763120155913,0.1369559575695922,1.0,0.0,1.0,0.04398903940970089,-0.08985157155776835,0.04398903940970089,0.06812567904476396,-0.10939638460702306,-0.024136639635063073
SOXX,CUSTOM,BEAR,95_100,15,2015-05-13 00:00:00,2022-10-10 00:00:00,0.8106666666666669,0.44,0.8000000000000003,0.8531339855988821,0.7705473337617075,0.9800264550264549,0.9811273381989909,2.4115321125427216,0.6623725835559428,0.10003533432657548,1.0,0.0,1.0,-0.5676717804091722,-0.05170713400228788,-0.5676717804091722,-0.6090425427094838,-0.06119955385615439,0.04137076230031156
SOXX,CUSTOM,BEAR,raw_fallback,9,2013-08-27 00:00:00,2014-10-27 00:00:00,0.8066666666666666,0.6333333333333333,0.82,0.5248858163340224,0.533944463251528,,,,0.3825277631170858,0.20284954559349144,0.6666666666666666,0.0,0.0,4.015092519412875,-0.011486347181700052,4.015092519412875,6.8332715766284275,-0.01433095093998804,-2.818179057215553
SOXX,CUSTOM,BULL,00_30,396,2016-10-10 00:00:00,2026-05-07 00:00:00,0.8274242424242425,0.8293939393939394,0.8308585858585859,0.2704794475206672,0.2784510831446875,0.1305816097482764,0.1521431243653466,-1.159633777571602,0.08922554168236159,0.33938936558446714,0.022727272727272728,0.0,1.0,0.3747579233246101,-0.13874830460535903,0.3747579233246101,0.45826015558362854,-0.1611171281581648,-0.08350223225901843
SOXX,CUSTOM,BULL,30_50,202,2015-02-27 00:00:00,2026-05-04 00:00:00,0.8272277227722772,0.7999999999999999,0.8046534653465347,0.340819672897163,0.3243413630843941,0.30254007543611505,0.38588407689828896,-0.5274211722286033,0.0983945308495634,0.344418348136562,0.04950495049504951,0.0,1.0,0.31229449489145433,-0.1446579870609429,0.31229449489145433,0.40948213499739383,-0.17067946607182194,-0.0971876401059395
SOXX,CUSTOM,BULL,50_70,83,2015-03-02 00:00:00,2025-10-27 00:00:00,0.8433734939759032,0.7301204819277108,0.7833734939759036,0.4554919618978558,0.41701511842062533,0.5174029451137885,0.5821938179507946,0.08040908605170743,0.19150241806731566,0.3603343012369259,0.26506024096385544,0.0,1.0,0.3423962768487925,-0.09478201841886247,0.3423962768487925,0.46817944940583156,-0.10186282479069464,-0.12578317255703908
SOXX,CUSTOM,BULL,70_85,32,2015-03-03 00:00:00,2020-05-19 00:00:00,0.8175,0.6487499999999999,0.784375,0.5532171630766243,0.5256649848158614,0.7511780753968254,0.7674972359920269,0.7653733020565627,0.3612472848537917,0.25382052452699555,0.4375,0.0,1.0,-0.28375536758672815,-0.07353292469602457,-0.28375536758672815,-0.37622588531973555,-0.09511303076170885,0.0924705177330074
SOXX,CUSTOM,BULL,85_95,16,2015-02-10 00:00:00,2022-01-24 00:00:00,0.8062500000000001,0.50125,0.78125,0.7853055010549725,0.7034651941085168,0.9161706349206349,0.8985870587338344,1.6883595350557348,0.4746405991469467,0.16691940784106332,0.8125,0.0,1.0,-0.2953911327955777,-0.08173088782246196,-0.2953911327955777,-0.3474024111295889,-0.09903572439620578,0.0520112783340112
SOXX,CUSTOM,BULL,95_100,8,2015-02-03 00:00:00,2019-05-21 00:00:00,0.805,0.4825,0.8,0.7903947744518518,0.7506939907226986,0.9719742063492064,0.9782771512641271,2.7265218149740447,0.5680725297628549,0.1659674868434025,1.0,0.0,1.0,-0.01659388570027176,-0.028799892886988587,-0.01659388570027176,0.08965820590408069,-0.036373266432996654,-0.10625209160435245
SOXX,CUSTOM,BULL,raw_fallback,415,2013-01-03 00:00:00,2014-12-17 00:00:00,0.8304578313253012,0.8499759036144579,0.8499759036144579,0.18100037712379388,0.1774285747443219,,,,0.09390029742568513,0.3458900037172355,0.0,0.0,0.0,0.18579462202722996,-0.08096194248907096,0.18579462202722996,0.22160894212270654,-0.09765939911076416,-0.03581432009547658
SOXX,CUSTOM,NEUTRAL,30_50,4,2018-08-31 00:00:00,2025-05-23 00:00:00,0.8799999999999999,0.7050000000000001,0.75,0.4249062608927488,0.4769989607299369,0.4489087301587301,0.3835978835978836,-0.4946132066454112,0.43111326671695493,0.2624739235214578,0.75,0.0,1.0,-0.36124463524528305,-0.013101339008642077,-0.36124463524528305,-0.3560805652015059,-0.014215857156915646,-0.005164070043777169
SOXX,CUSTOM,NEUTRAL,50_70,4,2019-06-20 00:00:00,2025-05-30 00:00:00,0.8,0.54,0.805,0.5909360636025668,0.6684425446087746,0.5833333333333334,0.6091269841269841,0.2824578623549112,0.5953044384673426,0.12215253591791503,1.0,0.0,1.0,3.6676147954880953,-0.01796118099109456,3.6676147954880953,5.410723523754331,-0.022754503654273117,-1.743108728266236
SOXX,CUSTOM,NEUTRAL,70_85,11,2018-09-12 00:00:00,2024-11-05 00:00:00,0.8018181818181819,0.4763636363636364,0.7945454545454546,0.7550443367524582,0.7380686153018114,0.7628066378066378,0.7733285233285233,0.9972073231313107,0.550281618852402,0.182032882494822,0.9090909090909091,0.0,1.0,-0.8935664923792812,-0.11690379402580986,-0.8935664923792812,-0.9418270744661962,-0.1444054937419902,0.04826058208691497
SOXX,CUSTOM,NEUTRAL,85_95,5,2015-10-21 00:00:00,2020-05-13 00:00:00,0.8039999999999999,0.43999999999999995,0.8,0.8418509155511856,0.763830388509899,0.9376984126984127,0.9113494311794594,1.7084167840926459,0.6054148010746793,0.10308963859158086,1.0,0.0,1.0,0.6068889941619586,-0.025010928061371507,0.6068889941619586,0.8992510002581438,-0.03070158738026907,-0.2923620060961851
SOXX,CUSTOM,NEUTRAL,95_100,2,2015-05-08 00:00:00,2015-05-11 00:00:00,0.96,0.52,0.8,0.7262199401855469,0.6888906112710129,0.9632936507936508,0.9687242763067636,2.52236087818895,0.7620803139107231,0.10314399331887955,1.0,0.0,1.0,-0.300925721266433,0.0,-0.300925721266433,-0.31046572754379753,0.0,0.00954000627736451
SOXX,CUSTOM,NEUTRAL,raw_fallback,4,2013-08-23 00:00:00,2013-08-29 00:00:00,0.82,0.86,0.86,0.13736277762800453,0.16236234093953072,,,,0.27939574812005635,0.2393502720629816,0.0,0.0,0.0,-0.48969339657120237,-0.007255370358544289,-0.48969339657120237,-0.5387768746985155,-0.008578484304624046,0.049083478127313174
SOXX,EXTREME_RISK,BEAR,50_70,2,2022-07-13 00:00:00,2022-07-14 00:00:00,0.3000000000000001,0.42,0.8,0.6983767956495286,0.7854165699385879,0.6349206349206349,0.664021164021164,0.6392573777412196,0.5971103362901642,0.10311305342158344,1.0,0.0,1.0,1.2290355498356602,-0.002286876144262373,1.2290355498356602,12.050157058470532,-0.003194799091687961,-10.82112150863487
SOXX,EXTREME_RISK,BEAR,70_85,5,2022-06-27 00:00:00,2022-10-28 00:00:00,0.3000000000000001,0.372,0.372,0.7906877958774567,0.8540934981313395,0.7408730158730158,0.7777777777777778,1.0470927451392413,0.5993151491169701,0.10842858955653738,0.0,0.0,1.0,0.5219089367455967,0.0,0.5219089367455967,0.9789853456096167,0.0,-0.45707640886402
SOXX,EXTREME_RISK,BEAR,85_95,44,2015-09-25 00:00:00,2024-09-19 00:00:00,0.30000000000000016,0.31090909090909097,0.310909090909091,0.8632798756388101,0.8720399216669869,0.9175234487734486,0.9219432391754814,1.7134404953488036,0.673611406977873,0.09556061684201321,0.0,0.0,1.0,0.1431470313615144,-0.029693560227112115,0.14788258532648557,0.5571741431314423,-0.08222183690353146,-0.4140271117699279
SOXX,EXTREME_RISK,BEAR,95_100,89,2015-08-24 00:00:00,2022-07-06 00:00:00,0.30000000000000016,0.29999999999999993,0.30000000000000016,0.8916396143396249,0.8839584059495736,0.9801364365971108,0.9819952776383393,2.016493297775236,0.6435087981181461,0.11110885991623284,0.0,0.0,1.0,0.3782836213244014,-0.030791888554868696,0.38296454850595785,1.0922241111039859,-0.10362961836286522,-0.7139404897795845
SOXX,EXTREME_RISK,BULL,70_85,3,2018-05-09 00:00:00,2018-05-11 00:00:00,0.3000000000000001,0.42,0.6733333333333333,0.75602139433225,0.820364527399876,0.8908730158730158,0.8037918871252204,1.1462789512795972,0.8522806080991527,0.04545805754816943,0.6666666666666666,0.0,1.0,-0.35427088327142897,-0.005716181334545212,-0.35427088327142897,-0.4003102358288617,-0.010839181913222307,0.046039352557432744
SOXX,EXTREME_RISK,NEUTRAL,70_85,1,2019-06-10 00:00:00,2019-06-10 00:00:00,0.3000000000000001,0.42,0.42,0.8034605175256729,0.8502146549293482,0.751984126984127,0.8306878306878307,1.4259868986302904,0.635159897002445,0.1394189646556451,0.0,0.0,1.0,-0.7672440060281557,0.0,-0.7672440060281557,-0.9973183210846137,0.0,0.23007431505645803
SOXX,EXTREME_RISK,NEUTRAL,85_95,5,2018-05-08 00:00:00,2019-06-07 00:00:00,0.3000000000000001,0.3,0.3000000000000001,0.8517586505413057,0.8769063327966256,0.8722222222222223,0.893915343915344,1.645886214921506,0.6490756021037927,0.14164312617428426,0.0,0.0,1.0,2.0229765389170504,0.0,2.0229765389170504,34.99075805257911,0.0,-32.96778151366206
SOXX,EXTREME_RISK,NEUTRAL,95_100,1,2019-05-28 00:00:00,2019-05-28 00:00:00,0.3000000000000001,0.3,0.3000000000000001,0.9181583762168886,0.8707882996451111,1.0,1.0,2.0175965804642124,0.5147831474347657,0.2172843526744752,0.0,0.0,1.0,1.747570256018672,0.0,1.9181436946601322,7.317826447160876,0.0,-5.570256191142203
SOXX,HIGH_VOL,BEAR,50_70,2,2024-08-20 00:00:00,2024-08-21 00:00:00,0.52,0.56,0.56,0.570876344293356,0.6592175343012227,0.7023809523809523,0.5866402116402116,0.20273623126228177,0.36038117006764564,0.44673556218469124,0.0,0.0,1.0,-0.40025984659485414,0.0,-0.40025984659485414,-0.6494900477319772,0.0,0.24923020113712302
SOXX,HIGH_VOL,BEAR,70_85,5,2022-11-16 00:00:00,2024-08-22 00:00:00,0.52,0.48,0.5359999999999999,0.7980368793010713,0.7303412248652761,0.8333333333333333,0.7981481481481482,1.116491168107766,0.34146899670301456,0.43274554737668786,0.2,0.0,1.0,-0.8372009564148626,-0.03543455068414525,-0.8372009564148626,-0.9492732349708451,-0.05953630061877613,0.11207227855598256
SOXX,HIGH_VOL,BEAR,85_95,1,2024-08-06 00:00:00,2024-08-06 00:00:00,0.52,0.42,0.42,0.8231416255235673,0.7705329240642046,0.9523809523809523,0.8531746031746031,1.3287951478555584,0.3400679153252831,0.3727181280026813,0.0,0.0,1.0,5761.521098512558,0.0,5761.521098512558,20038566.79419297,0.0,-20032805.273094457
SOXX,HIGH_VOL,BEAR,raw_fallback,1,2014-10-16 00:00:00,2014-10-16 00:00:00,0.52,0.52,0.8,0.7562428534030914,0.6951543901661257,,,,0.4054367659069532,0.1740275247980991,1.0,0.0,0.0,7.849699092819209,0.0,7.849699092819209,51.779222629389594,0.0,-43.929523536570386
SOXX,HIGH_VOL,BULL,00_30,1,2020-10-06 00:00:00,2020-10-06 00:00:00,0.52,0.6,0.6,0.3442126035690308,0.5479908825401301,0.2638888888888889,0.2552910052910053,-0.9762979702357572,0.1362116546316186,0.6574253637608064,0.0,0.0,1.0,4.8126082207799845,0.0,4.8126082207799845,21.24409337663669,0.0,-16.431485155856706
SOXX,HIGH_VOL,BULL,30_50,5,2019-02-13 00:00:00,2026-04-07 00:00:00,0.52,0.5680000000000001,0.5680000000000001,0.4735891726613045,0.6296723597290212,0.38809523809523816,0.4412698412698413,-0.29505316947434634,0.23108604016842502,0.512872581914772,0.0,0.0,1.0,2.806847864728675,-0.006892100483353647,2.806847864728675,12.972261534608343,-0.015002883211888918,-10.165413669879667
SOXX,HIGH_VOL,BULL,50_70,41,2016-07-13 00:00:00,2026-04-06 00:00:00,0.52,0.5434146341463415,0.5507317073170732,0.6301579815948882,0.6779966984776516,0.6744096012388696,0.6507613885662666,0.4731224028130686,0.18185311384579986,0.3415017914673839,0.024390243902439025,0.0,1.0,0.3115549021867621,-0.03870230600871194,0.3115549021867621,0.6287948458867214,-0.07269400239328216,-0.31723994369995934
SOXX,HIGH_VOL,BULL,70_85,49,2015-10-30 00:00:00,2026-03-25 00:00:00,0.52,0.5187755102040816,0.5187755102040816,0.7013547538190473,0.706033614978441,0.7408892128279884,0.7563005099187876,0.8993377440682407,0.1727454517940315,0.3900618682189588,0.0,0.0,1.0,0.2618377556978042,-0.04083471833772978,0.2618377556978042,0.6578179340989987,-0.07162991504237026,-0.3959801784011945
SOXX,HIGH_VOL,BULL,85_95,18,2015-10-29 00:00:00,2026-03-27 00:00:00,0.52,0.49222222222222217,0.49222222222222217,0.7774067824085553,0.7391925570654332,0.8741181657848325,0.8892270079067832,1.4913293416218272,0.20067541876783476,0.4394805191410749,0.0,0.0,1.0,0.5119258978773897,-0.05191107836775899,0.5119258978773897,1.0641065704368922,-0.09407988551841018,-0.5521806725595024
SOXX,HIGH_VOL,NEUTRAL,50_70,1,2024-08-19 00:00:00,2024-08-19 00:00:00,0.52,0.52,0.52,0.5794386640191078,0.7029301191985287,0.7162698412698413,0.6018518518518519,0.24166865439006904,0.3521708491236925,0.4393643991150183,0.0,0.0,1.0,6.5392502778878185,0.0,6.5392502778878185,33.73580655801754,0.0,-27.196556280129727
SOXX,HIGH_VOL,NEUTRAL,70_85,5,2022-11-18 00:00:00,2026-04-02 00:00:00,0.52,0.48,0.48,0.7341244477033615,0.7393606195164504,0.707936507936508,0.7841269841269841,1.0512591622848153,0.26379199232381445,0.5189327349950225,0.0,0.0,1.0,11.424300050661914,0.0,11.424300050661914,81.84568551271482,0.0,-70.42138546205291
SOXX,HIGH_VOL,NEUTRAL,85_95,1,2026-03-30 00:00:00,2026-03-30 00:00:00,0.52,0.52,0.52,0.7763236463069916,0.7348232760136586,0.875,0.9166666666666666,1.5823433664412172,0.2370903676181213,0.5008875451625889,0.0,0.0,1.0,46.095630861340915,0.0,46.095630861340915,1742.8637887780606,0.0,-1696.7681579167197
SOXX,NORMAL,BEAR,00_30,1,2025-02-25 00:00:00,2025-02-25 00:00:00,0.74,0.74,0.74,0.2487349987030029,0.3936993510823662,0.09523809523809523,0.07671957671957672,-1.3681818199647717,0.3953110068139682,0.392674450929176,0.0,0.0,1.0,-0.9999855962796905,0.0,-0.9999855962796905,-0.9999997280771793,0.0,1.4131797488770026e-05
SOXX,NORMAL,BEAR,30_50,27,2022-08-02 00:00:00,2025-02-24 00:00:00,0.9844444444444446,0.6362962962962961,0.9866666666666668,0.4964137709803052,0.5196726339912081,0.4933127572016462,0.4238683127572017,-0.2824072243910731,0.5910171684439683,0.23165493805620674,1.0,0.9629629629629629,1.0,-0.3303487784555421,-0.12272348657850674,-0.32934325795167685,-0.29134715379470566,-0.12265133450628296,-0.039001624660836454
SOXX,NORMAL,BEAR,50_70,18,2018-06-28 00:00:00,2025-03-04 00:00:00,0.9622222222222222,0.6388888888888888,0.9655555555555557,0.5720838018589549,0.5073027256589149,0.69918430335097,0.6018518518518519,0.20951202214114892,0.5655708742696633,0.2277637038900264,0.9444444444444444,0.8888888888888888,1.0,-0.2062069777923552,-0.050129680087613315,-0.1973130079000489,-0.28898292694697536,-0.05969911963260255,0.08277594915462017
SOXX,NORMAL,BEAR,raw_fallback,3,2014-10-10 00:00:00,2014-10-14 00:00:00,0.7399999999999999,0.6,0.6,0.7595877995093664,0.6038284600251735,,,,0.345794961980314,0.16430738178202958,0.0,0.0,0.0,10.39807194877516,0.0,10.39807194877516,23.242102485476227,0.0,-12.844030536701068
SOXX,NORMAL,BULL,00_30,213,2017-01-25 00:00:00,2026-04-22 00:00:00,0.7865727699530515,0.7728638497652582,0.8053521126760563,0.3007518342683013,0.35966196531032746,0.16403047917132424,0.17428024939762024,-1.07714301072646,0.1833220186427125,0.36891064700840953,0.1596244131455399,0.14553990610328638,1.0,0.7937516621599938,-0.08874133337333723,0.8152687470171684,1.0126770120063973,-0.11212246953275806,-0.21892534984640344
SOXX,NORMAL,BULL,30_50,279,2015-02-25 00:00:00,2026-04-08 00:00:00,0.7855197132616488,0.7397132616487457,0.7903942652329751,0.40190193230907123,0.4124337375023143,0.3753057973488081,0.3979934244802306,-0.4639024168511625,0.20729034660888151,0.37255151016685073,0.2078853046594982,0.17921146953405018,1.0,-0.19307326052620877,-0.28606233792139757,-0.1867191447901725,-0.22295683207685457,-0.33044334629102345,0.029883571550645804
SOXX,NORMAL,BULL,50_70,174,2015-02-20 00:00:00,2026-02-03 00:00:00,0.7728735632183907,0.7264367816091953,0.7734482758620689,0.4648942851407945,0.44520762905678885,0.5432516876482394,0.587509085909846,0.07683543736868091,0.18665141128103144,0.3667445379967302,0.1724137931034483,0.16091954022988506,1.0,-0.13125629594105803,-0.18162078485680366,-0.123661586596018,-0.22664524770520567,-0.2433459005146661,0.09538895176414763
SOXX,NORMAL,BULL,70_85,56,2015-02-13 00:00:00,2026-02-06 00:00:00,0.7264285714285714,0.7053571428571429,0.7264285714285714,0.5291212362503367,0.46301223931792623,0.6912556689342404,0.7575661320623613,0.6909198530266748,0.165966064022331,0.4143010462060278,0.07142857142857142,0.07142857142857142,1.0,0.19544088553506378,-0.056854978071213536,0.23064749828093567,0.27118305455114244,-0.09200631843520435,-0.07574216901607866
SOXX,NORMAL,BULL,85_95,9,2015-01-02 00:00:00,2015-06-15 00:00:00,0.7799999999999999,0.6933333333333334,0.7799999999999999,0.5472735890083843,0.4833719671561789,0.8932980599647267,0.9073105791872383,1.6955032755433674,0.30056148682293143,0.26367536968100636,0.3333333333333333,0.2222222222222222,1.0,0.04718191560170926,-0.017457656610012307,0.059021323405996196,-0.1662866772344861,-0.021504245185843263,0.21346859283619535
SOXX,NORMAL,BULL,95_100,4,2015-01-05 00:00:00,2015-04-24 00:00:00,0.76,0.67,0.76,0.6409001816064119,0.4703771700205253,0.9573412698412699,0.9609255339323545,2.3781971386295884,0.21242421904189918,0.29507490585832324,0.25,0.25,1.0,9.100043605711013,0.0,9.591939783984133,24.59262568257852,0.0,-15.492582076867508
SOXX,NORMAL,BULL,raw_fallback,58,2013-01-02 00:00:00,2014-12-31 00:00:00,0.770689655172414,0.7624137931034484,0.7858620689655174,0.36176366281278177,0.37682405282624193,,,,0.175917841833171,0.4137769818253827,0.08620689655172414,0.08620689655172414,0.0,0.3911233379700232,-0.0503396485236024,0.4044334897726527,0.4678341768745209,-0.06891904975489083,-0.0767108389044977
SOXX,NORMAL,NEUTRAL,00_30,12,2021-10-14 00:00:00,2025-02-26 00:00:00,0.9783333333333334,0.75,0.9833333333333334,0.32745775332053506,0.40487886311192406,0.20105820105820105,0.1951058201058201,-1.050400148705853,0.5640519296763655,0.20409401378757952,1.0,0.9166666666666666,1.0,0.708646337726794,-0.0448885734655754,0.7115356169433356,0.8285942807390296,-0.044811727226430675,-0.11994794301223566
SOXX,NORMAL,NEUTRAL,30_50,13,2018-08-24 00:00:00,2025-05-21 00:00:00,0.9753846153846156,0.696923076923077,0.9753846153846156,0.4320431427886853,0.4627289591451594,0.4014041514041514,0.3816646316646316,-0.4773258227850864,0.5613169122931193,0.19160002110242266,1.0,0.9230769230769231,1.0,4.046630968738429,-0.03757804602318948,4.086242510648995,3.727742061330697,-0.041250795909014704,0.31888890740773235
SOXX,NORMAL,NEUTRAL,50_70,15,2017-08-25 00:00:00,2025-01-27 00:00:00,0.9573333333333333,0.6933333333333334,0.9573333333333333,0.5330412105719249,0.48296444300659985,0.6416666666666667,0.5764550264550264,0.09177233047692407,0.5771001443288325,0.20439212725821979,0.8666666666666667,0.8666666666666667,1.0,2.3510469599189445,-0.016422480782958493,2.3510469599189445,2.13830355965363,-0.021780221638629693,0.21274340026531435
SOXX,NORMAL,NEUTRAL,70_85,5,2016-05-04 00:00:00,2016-05-23 00:00:00,0.808,0.656,0.808,0.5654736834764481,0.5156823249071427,0.6035714285714286,0.7357142857142857,0.6812601154208281,0.30816475755524597,0.455082653053009,0.4,0.4,1.0,4.758939392065133,-0.0006210508558323058,5.0754603825220155,7.14108813291762,-0.0012736828377424292,-2.382148740852487
SOXX,NORMAL,NEUTRAL,85_95,4,2015-06-29 00:00:00,2015-07-02 00:00:00,0.74,0.67,0.67,0.6020661693066359,0.4800513188521524,0.8888888888888888,0.9107357245031529,1.7771890538298876,0.2123447265071342,0.33837128477000744,0.0,0.0,1.0,-0.3410916369843644,-0.01147808812215223,-0.3410916369843644,-0.49385659772343815,-0.01768384625948405,0.15276496073907375
SOXX,NORMAL,NEUTRAL,raw_fallback,2,2014-10-07 00:00:00,2014-10-09 00:00:00,0.74,0.74,0.74,0.5468008756637572,0.45245923807180594,,,,0.22455753314263965,0.14454847606781834,0.0,0.0,0.0,-0.9885242926462037,-0.014823412150335114,-0.9885242926462037,-0.9978864344757723,-0.02122384189159654,0.009362141829568627
SOXX,RISK_OFF,BEAR,50_70,5,2022-07-15 00:00:00,2024-08-16 00:00:00,0.592,0.44000000000000006,0.668,0.6681078964471818,0.7646264196114269,0.6472222222222223,0.6309523809523809,0.5125288531391239,0.4310442364480653,0.3430253009299228,0.6,0.0,1.0,1.2913368981103872,-0.03282424931354255,1.528424220134199,4.298904630010879,-0.041286443618756996,-3.007567731900492
SOXX,RISK_OFF,BEAR,70_85,27,2018-12-03 00:00:00,2025-04-09 00:00:00,0.4340740740740741,0.42,0.4903703703703704,0.7975391316193122,0.8291179690884294,0.8347295708406819,0.8131491279639428,1.1896681560590465,0.6280393870649865,0.17947952314322052,0.18518518518518517,0.0,1.0,0.30966482614082835,-0.051124569016478216,0.32177942003565985,0.6502230936324158,-0.09954656829220221,-0.34055826749158746
SOXX,RISK_OFF,BEAR,85_95,107,2015-08-04 00:00:00,2025-04-03 00:00:00,0.42710280373831777,0.4164485981308411,0.4510280373831776,0.8408922866126087,0.8380497347213012,0.9279224150719477,0.9112978445690739,1.6136773872119976,0.7078389086776702,0.11507472345423958,0.09345794392523364,0.0,1.0,-0.08548951379085279,-0.11083791123701148,-0.07307361524573452,-0.20666412257440048,-0.2209454251773224,0.12117460878354769
SOXX,RISK_OFF,BEAR,95_100,37,2015-07-29 00:00:00,2024-09-10 00:00:00,0.42,0.38108108108108113,0.3810810810810812,0.880766932787122,0.8513247331288843,0.981928356928357,0.9780940439084689,1.9509910030768047,0.7145421001151145,0.09257727915132269,0.0,0.0,1.0,-0.04071880847836307,-0.08811076430352827,-0.01049486256828358,-0.07900712007599642,-0.19058686016292103,0.03828831159763335
SOXX,RISK_OFF,BULL,00_30,3,2023-01-09 00:00:00,2023-01-11 00:00:00,0.42,0.6,0.6,0.3949036126335462,0.5772093615469899,0.1884920634920635,0.2477954144620811,-0.9315089568332585,0.14416667946030085,0.6462815360233112,0.0,0.0,1.0,2.8828880836990334,-0.0002493616531209497,2.8828880836990334,10.454694688657272,0.0,-7.571806604958239
SOXX,RISK_OFF,BULL,30_50,3,2022-11-30 00:00:00,2023-01-06 00:00:00,0.42,0.52,0.52,0.5551287010312081,0.7093463131292649,0.35648148148148145,0.4219576719576719,-0.15730380662193333,0.18814355282770576,0.6169626798701652,0.0,0.0,1.0,-0.5712559637959547,-0.009113088207033382,-0.5712559637959547,-0.6110254597772733,-0.012654496458602615,0.039769495981318626
SOXX,RISK_OFF,BULL,50_70,9,2021-04-01 00:00:00,2022-12-05 00:00:00,0.42,0.48666666666666664,0.48666666666666664,0.6711686622765329,0.7350767972701733,0.5912698412698413,0.6069958847736626,0.44157949899177246,0.19200340643935482,0.5365071591172548,0.0,0.0,1.0,-0.4743489226460297,-0.0276668996508187,-0.4743489226460297,-0.8579063949560489,-0.06679503102785533,0.38355747231001924
SOXX,RISK_OFF,BULL,70_85,30,2018-02-23 00:00:00,2023-01-04 00:00:00,0.4453333333333333,0.45,0.5226666666666666,0.7404502645134927,0.7748204920403793,0.7624338624338625,0.7794532627865962,1.0049522808202171,0.32062715067488673,0.3388992180128238,0.23333333333333334,0.0,1.0,0.8697278918786395,-0.022059760170409892,0.8973834289068985,1.784260024585199,-0.058191190289973216,-0.9145321327065594
SOXX,RISK_OFF,BULL,85_95,24,2018-02-15 00:00:00,2021-03-30 00:00:00,0.42,0.42,0.42,0.8408612818767627,0.8276845612522167,0.9325396825396824,0.8905974426807761,1.4870669398258214,0.3149087453186566,0.33815919870989414,0.0,0.0,1.0,1.8440029242779548,-0.019751764316138454,1.87853362572283,11.905904070790518,-0.04682688065926566,-10.061901146512563
SOXX,RISK_OFF,BULL,95_100,4,2019-05-22 00:00:00,2021-03-12 00:00:00,0.42,0.42,0.42,0.8824190974235535,0.8232042763002565,0.966765873015873,0.96494708994709,1.6789866119072354,0.2879481843171449,0.4426119480656102,0.0,0.0,1.0,-0.6556060970166482,-0.017535699695897966,-0.637727424279166,-0.9073995686050047,-0.04099237500004793,0.2517934715883565
SOXX,RISK_OFF,NEUTRAL,50_70,4,2022-12-28 00:00:00,2024-09-30 00:00:00,0.515,0.42,0.7050000000000001,0.7100940927863122,0.7703897697877278,0.7574404761904763,0.6732804232804234,0.6805297452247228,0.46422765984389625,0.36151394503971623,0.75,0.0,1.0,-0.3869409170582824,-0.015083380323265727,-0.3490116399031825,-0.792636266673207,-0.036745661839943655,0.4056953496149246
SOXX,RISK_OFF,NEUTRAL,70_85,9,2016-03-03 00:00:00,2024-11-04 00:00:00,0.5044444444444445,0.45333333333333337,0.6311111111111112,0.7079356961780126,0.7779261908606272,0.7063492063492063,0.7698412698412699,0.9550341317061287,0.5590534318135753,0.23776104247575292,0.5555555555555556,0.0,1.0,1.745411655274987,-0.010819549447031562,1.8825631301901544,2.6527385474547147,-0.029997317044865413,-0.9073268921797277
SOXX,RISK_OFF,NEUTRAL,85_95,11,2015-10-20 00:00:00,2019-01-29 00:00:00,0.45454545454545453,0.4090909090909091,0.4436363636363636,0.8410436787388541,0.8397665825715886,0.9222582972582973,0.9030620285939434,1.6935308935157574,0.737612764350424,0.08667903456195888,0.09090909090909091,0.0,1.0,2.9566789982818347,-0.005624287052685584,3.117365023962382,12.38338403125983,-0.009838420136709214,-9.426705032977996
SOXX,RISK_OFF,NEUTRAL,95_100,3,2019-05-23 00:00:00,2019-06-12 00:00:00,0.42,0.42,0.42,0.8916924516359966,0.843569519754765,0.9669312169312171,0.9779541446208113,1.8784627529996551,0.5589617552076148,0.19149313360510103,0.0,0.0,1.0,-0.599214251841018,-0.01028141124093751,-0.599214251841018,-0.922904897195534,-0.025189631335841622,0.3236906453545161
SOXX,WATCH,BEAR,30_50,16,2022-07-28 00:00:00,2025-05-15 00:00:00,0.95,0.595,0.95,0.5231355477124453,0.5917983419352328,0.48040674603174605,0.4508101851851852,-0.16232916226965394,0.565610567624896,0.20446912831382985,0.9375,0.9375,1.0,0.07417262452658924,-0.07184864576414818,0.09185096872325182,0.21186088619743693,-0.07230510115047206,-0.1376882616708477
SOXX,WATCH,BEAR,50_70,46,2018-10-05 00:00:00,2025-05-09 00:00:00,0.9513043478260869,0.5721739130434785,0.9513043478260869,0.6303204873333808,0.6255906064154321,0.620643547273982,0.5961007591442374,0.3383675309742064,0.5617313582858393,0.203928475283313,0.9782608695652174,0.9347826086956522,1.0,2.7581984347797706,-0.07760882188223306,2.8143361649524263,3.052376021037924,-0.08059069909299033,-0.2941775862581535
SOXX,WATCH,BEAR,70_85,16,2016-01-06 00:00:00,2024-11-18 00:00:00,0.7675000000000001,0.5700000000000001,0.7925,0.6577554773539305,0.6077511317937854,0.7534722222222222,0.7595072751322751,0.8193989215514914,0.4643236991802021,0.3149303864521795,0.6875,0.3125,1.0,-0.5596372793672578,-0.05616690142867309,-0.5478453495090732,-0.7237949567970756,-0.07777270132429226,0.1641576774298178
SOXX,WATCH,BEAR,85_95,17,2015-07-06 00:00:00,2025-03-10 00:00:00,0.8070588235294118,0.5576470588235294,0.8423529411764706,0.7293965127538233,0.6540857593053996,0.8998599439775911,0.898662159091594,1.665837201439647,0.5124742640104899,0.21728517554477844,0.8823529411764706,0.4117647058823529,1.0,-0.36698988301082835,-0.04803197638665124,-0.34113117324664255,-0.45552965715839966,-0.05137995387549643,0.0885397741475713
SOXX,WATCH,BEAR,95_100,10,2015-05-06 00:00:00,2016-01-13 00:00:00,0.9120000000000001,0.5519999999999999,0.9120000000000001,0.7181396648287774,0.6647652295316704,0.9541666666666666,0.9635226071479245,2.2505968944137247,0.6617418224699039,0.11184784930375431,1.0,0.7,1.0,-0.06796594978468551,-0.0414806325430932,-0.04289046702890542,-0.23927876701691841,-0.052152997071548746,0.1713128172322329
SOXX,WATCH,BEAR,raw_fallback,3,2014-10-15 00:00:00,2014-10-30 00:00:00,0.7600000000000001,0.5466666666666667,0.7600000000000001,0.7244707683722179,0.6754548507242967,,,,0.43034806965911493,0.16966791553809443,0.6666666666666666,0.3333333333333333,0.0,21.811037424277607,0.0,23.774762981748555,68.03746721545447,0.0,-46.22642979117686
SOXX,WATCH,BULL,00_30,14,2018-01-02 00:00:00,2026-04-14 00:00:00,0.5999999999999999,0.72,0.72,0.316425065270492,0.4471239174706638,0.16340702947845803,0.20209750566893428,-0.9876267451292021,0.20871073195640485,0.3930540214371149,0.0,0.0,1.0,2.2164245349487004,-0.005200732833227417,2.2164245349487004,6.1714342212172015,-0.007409073191804949,-3.955009686268501
SOXX,WATCH,BULL,30_50,72,2015-04-10 00:00:00,2026-04-09 00:00:00,0.6311111111111111,0.6455555555555557,0.6777777777777777,0.4508375935359962,0.52086798919763,0.40429343033509707,0.42270389134443426,-0.3547748824158458,0.1633835796450166,0.35781995180909365,0.08333333333333333,0.08333333333333333,1.0,0.023929188148034797,-0.08613696468774357,0.026836237224135306,-0.03206858370055743,-0.1429911007556106,0.055997771848592226
SOXX,WATCH,BULL,50_70,134,2015-04-13 00:00:00,2026-02-12 00:00:00,0.6465671641791045,0.6079104477611941,0.6574626865671641,0.5631844571833291,0.5712320275068654,0.6189291637052831,0.6091879107571415,0.24110893372536465,0.17212526467044015,0.36344512914092664,0.13432835820895522,0.12686567164179105,1.0,0.15100057780434661,-0.19717938471125984,0.15816759003719416,0.44404556868687783,-0.24914917879769138,-0.2930449908825312
SOXX,WATCH,BULL,70_85,115,2015-02-12 00:00:00,2026-03-04 00:00:00,0.6111304347826084,0.5897391304347823,0.6210434782608693,0.6451632420783459,0.6008669681092069,0.7398205659075224,0.7677063883567405,0.8493532235673272,0.1821862973226174,0.38386907660215974,0.09565217391304348,0.05217391304347826,1.0,-0.05670439007560535,-0.1265550424107733,-0.05034185220358545,-0.09148784370839524,-0.19513936263403509,0.034783453632789896
SOXX,WATCH,BULL,85_95,37,2015-01-09 00:00:00,2026-03-06 00:00:00,0.6654054054054055,0.558918918918919,0.665945945945946,0.7226889650563937,0.6441151844762818,0.8975225225225226,0.898610722624767,1.669276681620485,0.29066172758588205,0.2950536500817443,0.32432432432432434,0.13513513513513514,1.0,-0.5182561602261413,-0.11432095741292159,-0.5077124420162635,-0.6266056197880375,-0.1671844706790011,0.10834945956189623
SOXX,WATCH,BULL,95_100,20,2015-01-06 00:00:00,2019-08-07 00:00:00,0.626,0.588,0.6359999999999999,0.67792629301548,0.6089731924534656,0.9687499999999998,0.9712499486114698,2.648896854155063,0.20307095955433513,0.3247189967205234,0.15,0.05,1.0,0.3046951787759167,-0.015304789675613217,0.31526737115778225,0.5133139038894183,-0.03251743395112405,-0.20861872511350166
SOXX,WATCH,BULL,raw_fallback,9,2014-10-28 00:00:00,2014-11-10 00:00:00,0.9777777777777779,0.5911111111111111,0.9777777777777779,0.5492689087986945,0.5988343360012717,,,,0.4919551783739106,0.14935890405395344,1.0,1.0,0.0,0.6237272215777654,-0.017365623844378675,0.6422242557478683,0.6891278719806926,-0.017551810682097102,-0.0654006504029272
SOXX,WATCH,NEUTRAL,30_50,5,2019-06-24 00:00:00,2025-05-14 00:00:00,0.9359999999999999,0.6,0.9359999999999999,0.47291228026151655,0.5907712794500651,0.503968253968254,0.4378306878306878,-0.31500506105793846,0.5377562042438693,0.21522473480008908,1.0,0.8,1.0,-0.5289376619983004,-0.044351913293416145,-0.5192687952215137,-0.46935832270858135,-0.04338541270167717,-0.059579339289719035
SOXX,WATCH,NEUTRAL,50_70,19,2016-05-18 00:00:00,2025-02-05 00:00:00,0.9494736842105265,0.5789473684210527,0.9494736842105265,0.6170515092579942,0.6128288954361478,0.6825396825396826,0.6368699526594264,0.40408657450869856,0.5876282071836759,0.18817104249447728,0.9473684210526315,0.9473684210526315,1.0,0.3728006534357118,-0.0645731931840341,0.40667517632052896,0.5987270325665413,-0.0674904156971694,-0.22592637913082947
SOXX,WATCH,NEUTRAL,70_85,13,2016-03-08 00:00:00,2024-10-31 00:00:00,0.7523076923076922,0.5630769230769229,0.7676923076923077,0.6587923533641376,0.6312590188981526,0.6993284493284493,0.7491859991859993,0.8136957276793132,0.4559624259137117,0.2962319719168175,0.6153846153846154,0.3076923076923077,1.0,4.669993080872401,-0.010298158560715254,4.8555319042265985,7.012701545746054,-0.023304929216254933,-2.3427084648736534
SOXX,WATCH,NEUTRAL,85_95,1,2019-08-05 00:00:00,2019-08-05 00:00:00,0.6,0.6,0.6,0.858919793367386,0.6220753408895198,0.8591269841269841,0.906084656084656,1.6639832090493216,0.1774544284519796,0.5419240420670248,0.0,0.0,1.0,1.6163799732414175,0.0,1.6163799732414175,3.894887755201479,0.0,-2.2785077819600614
SOXX,WATCH,NEUTRAL,95_100,2,2015-05-05 00:00:00,2015-05-07 00:00:00,0.96,0.56,0.96,0.7350138798356056,0.6509321061206641,0.9672619047619048,0.9719877781621122,2.610993382069881,0.7071698882406655,0.12376880136820637,1.0,1.0,1.0,2.961442270199779,0.0,2.961442270199779,3.2787998042438042,0.0,-0.31735753404402534
SPY,CUSTOM,BEAR,00_30,1,2023-09-22 00:00:00,2023-09-22 00:00:00,1.0,0.82,0.82,0.3458459258079529,0.2681131436038323,0.30753968253968256,0.2804232804232804,-0.9052041770506122,0.434122139341861,0.3378756690275574,1.0,0.0,1.0,-0.9759988932340896,0.0,-0.9759988932340896,-0.9759988932340896,0.0,0.0
SPY,CUSTOM,BEAR,30_50,8,2015-08-06 00:00:00,2023-09-27 00:00:00,0.8875,0.7599999999999999,0.8825000000000001,0.3697983746416867,0.36573589269714657,0.36706349206349204,0.3859056762095835,-0.4938110006990406,0.44726756698073106,0.27944704548941507,0.875,0.0,1.0,0.9531122289511895,-0.011625211287390025,0.9531122289511895,1.0614186356782005,-0.011893613047656015,-0.10830640672701097
SPY,CUSTOM,BEAR,50_70,14,2015-08-11 00:00:00,2023-11-01 00:00:00,0.835714285714286,0.6442857142857141,0.8014285714285716,0.5236656093171665,0.5409825402783116,0.544501133786848,0.6127846729767684,0.28357127206638855,0.46813825565922496,0.27278443324819596,0.6428571428571429,0.0,1.0,-0.008776083662555556,-0.0338098570905343,-0.008776083662555556,-0.05373242197354844,-0.040861776439506836,0.04495633831099288
SPY,CUSTOM,BEAR,70_85,20,2015-06-30 00:00:00,2026-03-17 00:00:00,0.8130000000000001,0.49399999999999994,0.8020000000000002,0.7183693473786115,0.7070727918563123,0.7535714285714284,0.7805684778918376,1.1020966969354347,0.6434930726424157,0.15027600958611234,0.95,0.0,1.0,0.3106512814280127,-0.03816886615127668,0.3106512814280127,0.37160387247808324,-0.04647805634254043,-0.06095259105007056
SPY,CUSTOM,BEAR,85_95,20,2015-08-20 00:00:00,2026-03-25 00:00:00,0.8030000000000002,0.47000000000000003,0.8010000000000002,0.7891912889480591,0.7460185318457333,0.8847222222222223,0.905571035795715,1.6597940174101429,0.6018901643058726,0.24208023605347453,1.0,0.0,1.0,-0.40735664409286476,-0.04416788719905962,-0.40735664409286476,-0.4259008241995813,-0.05268113730087809,0.018544180106716546
SPY,CUSTOM,BEAR,95_100,9,2015-01-30 00:00:00,2025-03-11 00:00:00,0.8177777777777778,0.4311111111111111,0.8,0.8835160937574176,0.7771194762280733,0.9750881834215167,0.9743716633911834,2.385694710511674,0.6958669965517316,0.13085167924823826,1.0,0.0,1.0,-0.6662782306682415,-0.048416206428733344,-0.6662782306682415,-0.7281573936263182,-0.05906089417702465,0.061879162958076606
SPY,CUSTOM,BEAR,raw_fallback,8,2014-10-13 00:00:00,2014-10-23 00:00:00,0.8200000000000001,0.4325,0.8,0.8189437229186297,0.7790090771609461,,,,0.7074973724823372,0.10645773936414674,1.0,0.0,0.0,1.9369989130633893,-0.005710096096233963,1.9369989130633893,3.119484891375225,-0.007110770404264333,-1.1824859783118358
SPY,CUSTOM,BULL,00_30,625,2015-02-23 00:00:00,2026-05-07 00:00:00,0.840736,0.8492160000000002,0.8507520000000001,0.19862596658229828,0.2149373567886456,0.13079047619047618,0.12627410668325267,-1.2283234857400442,0.09156644941156383,0.33670944359384203,0.04,0.0,1.0,0.10484203416707993,-0.0894230037578273,0.10484203416707993,0.12471975500513488,-0.10614858881268041,-0.019877720838054946
SPY,CUSTOM,BULL,30_50,231,2015-03-02 00:00:00,2026-04-30 00:00:00,0.8320346320346319,0.8186147186147185,0.8254545454545452,0.30647660833319795,0.2925645300804104,0.39891259534116674,0.3883566066984772,-0.554518593706122,0.10084625759309164,0.35330622721885935,0.030303030303030304,0.0,1.0,0.17265662622524913,-0.04792287027866515,0.17265662622524913,0.19095576270803094,-0.056376696224101575,-0.018299136482781808
SPY,CUSTOM,BULL,50_70,136,2015-03-03 00:00:00,2026-04-28 00:00:00,0.8397058823529412,0.7716176470588236,0.795,0.41751103793435235,0.365810729550065,0.5893440709617179,0.5786459282190347,-0.01356659406638524,0.18172678582947394,0.3601310614523577,0.16176470588235295,0.0,1.0,-0.2198546117765774,-0.17905756310583765,-0.2198546117765774,-0.25755800675660034,-0.2047023502321086,0.03770339498002295
SPY,CUSTOM,BULL,70_85,40,2015-04-14 00:00:00,2026-01-23 00:00:00,0.8240000000000001,0.6665,0.7765000000000001,0.565112993605435,0.4996599863627956,0.7456349206349205,0.7669314758792788,0.7781661842729679,0.33097939487121064,0.2997974911583662,0.375,0.0,1.0,0.22421705814861226,-0.05211670006419866,0.22421705814861226,0.22168220115213044,-0.06641093559808486,0.0025348569964818157
SPY,CUSTOM,BULL,85_95,33,2015-01-22 00:00:00,2018-10-17 00:00:00,0.803030303030303,0.4721212121212121,0.7993939393939393,0.7585945276148391,0.7432508842250366,0.9356060606060606,0.8873678622051926,1.6472821598279754,0.5033546356336328,0.19216097420857864,0.9090909090909091,0.0,1.0,0.07195413366581982,-0.02895636168472182,0.07195413366581982,0.08236984825596116,-0.036703846579490884,-0.010415714590141345
SPY,CUSTOM,BULL,95_100,6,2015-01-15 00:00:00,2020-06-15 00:00:00,0.7999999999999999,0.4366666666666666,0.7999999999999999,0.8009904916087788,0.7558721821155818,0.9619708994708994,0.9656972886202952,2.3937081531424127,0.6225847241537433,0.14533541466932712,1.0,0.0,1.0,0.3194294339723367,-0.010270758561049864,0.3194294339723367,0.49014895766226085,-0.012352939498349258,-0.17071952368992416
SPY,CUSTOM,BULL,raw_fallback,375,2013-01-03 00:00:00,2014-12-11 00:00:00,0.8419733333333334,0.8456,0.8467200000000001,0.20503167310853798,0.19825404255546974,,,,0.09879572189353951,0.3763059440171863,0.005333333333333333,0.0,0.0,0.08606051829898043,-0.06457854955528819,0.08606051829898043,0.09670649754804561,-0.07555018941494662,-0.010645979249065185
SPY,CUSTOM,NEUTRAL,00_30,1,2023-09-20 00:00:00,2023-09-20 00:00:00,1.0,0.86,1.0,0.2188722461462021,0.1893456183399638,0.14682539682539683,0.13624338624338625,-1.4002038998650927,0.4291674780017208,0.3471791024100882,1.0,0.0,1.0,-0.4329214014450721,0.0,-0.4329214014450721,-0.4329214014450721,0.0,0.0
SPY,CUSTOM,NEUTRAL,30_50,5,2016-11-09 00:00:00,2022-11-22 00:00:00,0.8959999999999999,0.6319999999999999,0.7959999999999999,0.47490025550127035,0.5786470147867064,0.3551587301587301,0.42592592592592593,-0.19249092416186003,0.4225511733028925,0.3743949107532795,0.8,0.0,1.0,0.12105823896089918,-0.003526941181334342,0.12105823896089918,0.1609710970120113,-0.0032831501346695102,-0.03991285805111211
SPY,CUSTOM,NEUTRAL,50_70,11,2022-03-24 00:00:00,2025-05-15 00:00:00,0.8,0.4563636363636363,0.8,0.730213443257592,0.7619365874713814,0.6001082251082251,0.6072631072631073,0.5594039781805549,0.6196321116823827,0.22107990499741223,1.0,0.0,1.0,0.2869231467646802,-0.023354905965619177,0.2869231467646802,0.3190733421425844,-0.028510131666205307,-0.0321501953779042
SPY,CUSTOM,NEUTRAL,70_85,13,2015-06-29 00:00:00,2025-03-05 00:00:00,0.8030769230769231,0.503076923076923,0.8030769230769231,0.7276353203333342,0.7099919398448052,0.7852564102564104,0.7970550334767587,1.0437769630205178,0.6664167888889703,0.16333070925155418,0.9230769230769231,0.0,1.0,-0.1662556430105221,-0.0297414749679209,-0.1662556430105221,-0.14786239996718709,-0.035196456699474576,-0.018393243043335006
SPY,CUSTOM,NEUTRAL,85_95,4,2018-10-15 00:00:00,2022-04-07 00:00:00,0.8400000000000001,0.44499999999999995,0.8,0.8559667520225047,0.7659447961314716,0.9161706349206349,0.8968253968253967,1.4710534686255219,0.610406816075545,0.15666529417317882,1.0,0.0,1.0,-0.7279304678093966,-0.0205440031756724,-0.7279304678093966,-0.7828071913043004,-0.0241203279120209,0.0548767234949038
SPY,CUSTOM,NEUTRAL,95_100,3,2015-01-29 00:00:00,2015-12-18 00:00:00,0.8000000000000002,0.4533333333333333,0.8000000000000002,0.8376823157072067,0.7695986277563192,0.9834656084656084,0.9840625700720462,2.5240169737489926,0.6273964166913069,0.16321315473221873,1.0,0.0,1.0,2.1647321584176447,-0.0028476214192313387,2.1647321584176447,3.3586602508541983,-0.003807941718180885,-1.1939280924365536
SPY,EXTREME_RISK,BEAR,50_70,1,2022-07-21 00:00:00,2022-07-21 00:00:00,0.3000000000000001,0.42,0.42,0.764520999789238,0.8401685137640775,0.5952380952380952,0.5912698412698413,0.5946565191186489,0.7165896323880538,0.1420001882897205,0.0,0.0,1.0,-0.27541828627990705,0.0,-0.27541828627990705,0.35800320742531455,0.0,-0.6334214937052216
SPY,EXTREME_RISK,BEAR,70_85,37,2018-12-21 00:00:00,2025-05-05 00:00:00,0.30000000000000016,0.3291891891891892,0.32918918918918927,0.8477060448479008,0.8651769020152027,0.8358000858000858,0.8005505505505505,1.0925354834162804,0.5955971277671355,0.17555019054042748,0.0,0.0,1.0,-0.050654979742180695,-0.04750499717143031,-0.049126482587623865,-0.3627885208045931,-0.14034578713845103,0.3121335410624124
SPY,EXTREME_RISK,BEAR,85_95,98,2015-10-09 00:00:00,2025-05-06 00:00:00,0.30000000000000016,0.3061224489795918,0.306122448979592,0.8734493631185317,0.8783367005862639,0.9234086491739555,0.9124803261915125,1.498235272048935,0.6674212126779797,0.10854172689483217,0.0,0.0,1.0,-0.04496756776708877,-0.07312840797471365,-0.04258851965649513,-0.28811081165474917,-0.2854314123051238,0.2431432438876604
SPY,EXTREME_RISK,BEAR,95_100,113,2015-09-04 00:00:00,2022-11-09 00:00:00,0.3000000000000001,0.29999999999999993,0.3000000000000001,0.8986240242698551,0.8896027311081782,0.9729421267031887,0.9780592008663529,1.7444091536593442,0.7229894277098403,0.08512249858155273,0.0,0.0,1.0,0.31758679302689075,-0.0380615854547659,0.3239486992575773,1.1679873160693717,-0.09303496566247882,-0.8504005230424809
SPY,EXTREME_RISK,BULL,00_30,1,2023-01-11 00:00:00,2023-01-11 00:00:00,0.3000000000000001,0.52,0.52,0.3604775920510292,0.7035959574043618,0.19246031746031747,0.1283068783068783,-1.4665021058744812,0.1256327786673701,0.7659540081752143,0.0,0.0,1.0,-0.2671016007012389,0.0,-0.2671016007012389,1.6531284498012146,0.0,-1.9202300505024534
SPY,EXTREME_RISK,BULL,30_50,1,2023-01-10 00:00:00,2023-01-10 00:00:00,0.3000000000000001,0.42,0.42,0.7476883351802825,0.8179687458554727,0.5099206349206349,0.4973544973544973,0.3290774081731453,0.1151414350909409,0.7799111420058017,0.0,0.0,1.0,2.8259057734812543,0.0,2.8259057734812543,1.4988148863620676,0.0,1.3270908871191867
SPY,EXTREME_RISK,BULL,50_70,3,2020-07-06 00:00:00,2023-01-09 00:00:00,0.3000000000000001,0.42,0.5466666666666666,0.7302151878674824,0.8248671963260922,0.5833333333333334,0.6009700176366843,0.488820912949725,0.286849223225255,0.5808458256610988,0.3333333333333333,0.0,1.0,0.8772126709349493,-0.0007831445033804618,0.8772126709349493,8.80418638600207,0.0,-7.926973715067121
SPY,EXTREME_RISK,BULL,70_85,5,2020-07-01 00:00:00,2023-01-03 00:00:00,0.3000000000000001,0.324,0.32400000000000007,0.8403602623939515,0.8637487444114658,0.7420634920634921,0.7571428571428572,0.9589514085593169,0.3286429799790989,0.5345421940423041,0.0,0.0,1.0,0.3783235953432944,-0.003998526736217256,0.3783235953432944,-0.14271477477208616,-0.018206702275669895,0.5210383701153806
SPY,EXTREME_RISK,BULL,95_100,2,2020-06-29 00:00:00,2020-06-30 00:00:00,0.3000000000000001,0.3,0.3000000000000001,0.908025074005127,0.8931618834236158,0.9722222222222222,0.9794973544973545,1.4645667852249398,0.7141017937030287,0.11558944326527004,0.0,0.0,1.0,0.5326138270315077,0.0,0.5796072872787368,3.8138289107477314,0.0,-3.2812150837162237
SPY,EXTREME_RISK,NEUTRAL,30_50,1,2022-11-11 00:00:00,2022-11-11 00:00:00,0.3000000000000001,0.42,0.42,0.7198902487754821,0.8345945706231344,0.498015873015873,0.4973544973544973,0.2929477979802281,0.7032093308867943,0.0967363270450466,0.0,0.0,1.0,3.5013743248192526,0.0,3.5013743248192526,7.501418273676807,0.0,-4.000043948857554
SPY,EXTREME_RISK,NEUTRAL,50_70,1,2022-11-10 00:00:00,2022-11-10 00:00:00,0.3000000000000001,0.3,0.3000000000000001,0.7739529132843017,0.8728293445723516,0.5813492063492064,0.5634920634920635,0.5313933503524481,0.7210408247266356,0.0850268529209037,0.0,0.0,1.0,-0.6013589050642267,0.0,-0.6013589050642267,-0.8838499746037964,0.0,0.2824910695395697
SPY,EXTREME_RISK,NEUTRAL,70_85,1,2018-04-18 00:00:00,2018-04-18 00:00:00,0.3000000000000001,0.42,0.42,0.7964130431413651,0.8482606654245747,0.9166666666666666,0.8412698412698413,1.4070581579014003,0.8452888261262907,0.0443198111882911,0.0,0.0,1.0,-0.6414555791959828,0.0,-0.6414555791959828,-0.8830406275164511,0.0,0.24158504832046823
SPY,EXTREME_RISK,NEUTRAL,85_95,1,2018-04-17 00:00:00,2018-04-17 00:00:00,0.3000000000000001,0.3,0.3000000000000001,0.8212279468774796,0.8655432061856446,0.9365079365079365,0.8584656084656085,1.5122124504927954,0.8335415344026336,0.0483620716796691,0.0,0.0,1.0,-0.5137590855717409,0.0,-0.5137590855717409,-0.7538669313464879,0.0,0.24010784577474698
SPY,EXTREME_RISK,NEUTRAL,95_100,2,2022-12-28 00:00:00,2023-01-05 00:00:00,0.3000000000000001,0.3,0.3000000000000001,0.9115708783268929,0.865186056272852,0.9702380952380952,0.9761904761904762,1.0994648197415153,0.0751286323627451,0.8107347851644763,0.0,0.0,1.0,-0.23770777340667426,0.0,-0.19013465487035897,-0.3322213098250547,-0.0005669877300310544,0.09451353641838045
SPY,HIGH_VOL,BEAR,50_70,1,2022-08-31 00:00:00,2022-08-31 00:00:00,0.52,0.52,0.52,0.8081750631332398,0.7287315236951805,0.6746031746031746,0.6865079365079365,0.7890619177988961,0.3592242703790578,0.4097849793399218,0.0,0.0,1.0,-0.6087339288033133,0.0,-0.6087339288033133,-0.9308367329699252,0.0,0.32210280416661186
SPY,HIGH_VOL,BEAR,70_85,1,2022-09-01 00:00:00,2022-09-01 00:00:00,0.52,0.42,0.42,0.821121895313263,0.7518291165997011,0.7202380952380952,0.7222222222222222,0.8426445972614721,0.367547445247062,0.4006647949943996,0.0,0.0,1.0,-0.7469655780305015,0.0,-0.7469655780305015,-0.6142857773702999,0.0,-0.13267980066020157
SPY,HIGH_VOL,BEAR,85_95,1,2022-01-24 00:00:00,2022-01-24 00:00:00,0.52,0.42,0.42,0.8776623487472535,0.7591977487712942,0.9087301587301587,0.9365079365079365,1.3643984537055405,0.2470058680293268,0.4407632890721902,0.0,0.0,1.0,-0.5869044549115621,0.0,-0.5869044549115621,-0.4690353884121209,0.0,-0.11786906649944118
SPY,HIGH_VOL,BULL,00_30,6,2019-10-16 00:00:00,2022-12-01 00:00:00,0.52,0.62,0.62,0.4056674090524515,0.5681657064543706,0.2523148148148148,0.2515432098765432,-0.7888299430644369,0.29710354530544014,0.46799085352028524,0.0,0.0,1.0,-0.30448176331659493,-0.012497722644071896,-0.30448176331659493,-0.31857660649971486,-0.01912224462584533,0.014094843183119932
SPY,HIGH_VOL,BULL,30_50,27,2019-10-15 00:00:00,2022-12-14 00:00:00,0.52,0.5644444444444444,0.5644444444444444,0.5782180872228411,0.6497071420179057,0.3860229276895944,0.4365569272976681,-0.07779198622641399,0.10355232390478515,0.449549581228528,0.0,0.0,1.0,-0.21895595492750464,-0.03525147876929591,-0.21895595492750464,-0.3598129465639086,-0.06868757217416754,0.14085699163640397
SPY,HIGH_VOL,BULL,50_70,53,2016-07-12 00:00:00,2025-06-11 00:00:00,0.52,0.5392452830188681,0.5449056603773587,0.6509668026330335,0.678119527735381,0.6019392033542977,0.594189877208745,0.3910832178436693,0.1353243072697785,0.5019426438277401,0.018867924528301886,0.0,1.0,0.45888395864428033,-0.006894014115664482,0.45888395864428033,1.057764921711024,-0.015094357127933278,-0.5988809630667438
SPY,HIGH_VOL,BULL,70_85,46,2015-11-18 00:00:00,2025-06-05 00:00:00,0.5199999999999999,0.5095652173913043,0.5095652173913043,0.7189793803121733,0.7092996326324778,0.7490942028985508,0.7622114227742253,0.991824738065122,0.16980821012449968,0.5114515709418554,0.0,0.0,1.0,0.2606890335720391,-0.019891177973845986,0.2606890335720391,0.4541850790327908,-0.05504314295598045,-0.19349604546075172
SPY,HIGH_VOL,BULL,85_95,14,2016-06-30 00:00:00,2019-10-09 00:00:00,0.5199999999999998,0.4914285714285714,0.5185714285714286,0.7933749897139413,0.7405064523767649,0.8144841269841272,0.8627173091458805,1.4673299436221752,0.20852701691172046,0.46709973582813796,0.07142857142857142,0.0,1.0,0.09850937983919517,-0.016718495417333168,0.09850937983919517,-0.03598913748887367,-0.03859286771377202,0.13449851732806883
SPY,HIGH_VOL,NEUTRAL,30_50,2,2021-10-12 00:00:00,2021-10-13 00:00:00,0.52,0.56,0.56,0.6063518866896629,0.6571922762633513,0.44047619047619047,0.4556878306878307,0.0451916574964954,0.30711368279169976,0.42342877079920155,0.0,0.0,1.0,3.4500104746789475,0.0,3.4500104746789475,20.279430819220817,0.0,-16.82942034454187
SPY,NORMAL,BEAR,00_30,3,2023-09-25 00:00:00,2023-10-11 00:00:00,0.9266666666666666,0.7933333333333333,0.9266666666666666,0.32805904199679686,0.36236180489436715,0.29298941798941797,0.26499118165784835,-0.9631579039741908,0.4693652482377124,0.29693998504226043,1.0,0.6666666666666666,1.0,-0.4158210624067151,-0.005847011704481986,-0.38353887108565243,-0.34250951055070833,-0.005376517335808018,-0.0733115518560068
SPY,NORMAL,BEAR,30_50,16,2015-07-27 00:00:00,2023-11-09 00:00:00,0.9824999999999999,0.7324999999999999,0.9824999999999999,0.45645528268069024,0.4229111627451324,0.4143105158730159,0.40900232252827073,-0.28507430798316946,0.5329617261523771,0.25180701697943725,1.0,1.0,1.0,0.003581837336015248,-0.022971336167094125,0.004854964744462009,0.01347252395473042,-0.022971336167094014,-0.009890686618715172
SPY,NORMAL,BEAR,50_70,14,2015-07-24 00:00:00,2023-10-18 00:00:00,0.8042857142857144,0.7185714285714286,0.812857142857143,0.5020003363490104,0.47459609033605016,0.5471938775510204,0.6272223865391569,0.27943946922188395,0.38308481987359594,0.3665501850750775,0.5,0.21428571428571427,1.0,-0.21433920661474404,-0.027824118473941506,-0.20922434686315927,-0.27466400469038543,-0.03218235978518924,0.060324798075641395
SPY,NORMAL,BEAR,70_85,5,2015-07-06 00:00:00,2016-11-02 00:00:00,0.984,0.656,0.984,0.5226314413547517,0.48790391260434,0.6992063492063492,0.7587237885361249,0.7324587394408677,0.5903357357126067,0.2063158115171649,1.0,1.0,1.0,-0.6921062533397204,-0.008226833731745709,-0.6858096708528787,-0.6903958325631208,-0.008117814212986407,-0.0017104207765996637
SPY,NORMAL,BEAR,85_95,1,2015-07-08 00:00:00,2015-07-08 00:00:00,1.0,0.6,1.0,0.7148726761341095,0.5077949324023019,0.9305555555555556,0.939873417721519,2.0321532673100786,0.6873800893402805,0.0924810287473394,1.0,1.0,1.0,22.412724000439255,0.0,22.412724000439255,22.412724000439255,0.0,0.0
SPY,NORMAL,BEAR,95_100,1,2015-08-21 00:00:00,2015-08-21 00:00:00,1.0,0.74,1.0,0.8443712711334229,0.453265137744284,0.9900793650793651,0.9924698795180723,2.699465608391676,0.536184079233023,0.1818725026888763,1.0,1.0,1.0,-0.9528536147881866,0.0,-0.9493637519078901,-0.9493637519078901,0.0,-0.0034898628802965126
SPY,NORMAL,BULL,00_30,115,2015-02-13 00:00:00,2025-12-24 00:00:00,0.8153043478260867,0.7911304347826086,0.8344347826086955,0.2643337142240742,0.33327473856980006,0.169271911663216,0.1668227814659178,-1.1576195245235268,0.25439937741431456,0.38521627526869995,0.25217391304347825,0.23478260869565218,1.0,0.00022074510584024765,-0.05017281576081023,0.015855324735425835,0.040494035682929086,-0.05366979099206015,-0.04027329057708884
SPY,NORMAL,BULL,30_50,159,2015-04-16 00:00:00,2026-04-27 00:00:00,0.7994968553459117,0.7568553459119497,0.8051572327044024,0.33923387776521396,0.37395844874453366,0.3957771787960466,0.39949117338866064,-0.479649584525307,0.22388966190138032,0.3956572042318606,0.23270440251572327,0.22641509433962265,1.0,0.020778687015123642,-0.0526324261765444,0.03427539685889447,0.03297148984921772,-0.061813950784070815,-0.012192802834094074
SPY,NORMAL,BULL,50_70,138,2015-01-02 00:00:00,2026-04-29 00:00:00,0.7975362318840581,0.7260869565217393,0.795072463768116,0.43510021937714105,0.4278419617083765,0.5600270301357257,0.5895905472797739,0.02558987650662786,0.25565941378673834,0.3896164775286607,0.2536231884057971,0.2463768115942029,1.0,0.021131702568666366,-0.05208890433714053,0.03256765510494519,-0.016560343675496858,-0.07926888699892143,0.037692046244163224
SPY,NORMAL,BULL,70_85,49,2015-04-08 00:00:00,2026-02-04 00:00:00,0.7334693877551022,0.6942857142857144,0.7220408163265306,0.5609672148160789,0.47518570034871904,0.7154195011337868,0.7555305184336273,0.7115086284136704,0.21127967871690484,0.4216924628827851,0.10204081632653061,0.10204081632653061,1.0,0.2861799339671274,-0.05030632287671066,0.31509017948192763,0.39112506707201455,-0.07175727982206559,-0.10494513310488718
SPY,NORMAL,BULL,85_95,19,2015-01-05 00:00:00,2026-02-05 00:00:00,0.7031578947368421,0.6473684210526315,0.6705263157894737,0.7055405166588332,0.5241216897611313,0.8904553049289889,0.8914281426954315,1.6340419476977257,0.24932204804904542,0.33180058675829455,0.10526315789473684,0.0,1.0,-0.10448739231342197,-0.038534125884756465,-0.0808616899904171,-0.12484120089785289,-0.04993226020800412,0.02035380858443092
SPY,NORMAL,BULL,95_100,2,2015-01-06 00:00:00,2015-01-07 00:00:00,0.74,0.6699999999999999,0.82,0.7557070791721344,0.5233744609236438,0.9692460317460317,0.9694085179035012,2.6218855225330713,0.36501597374574,0.1343602838931598,1.0,0.0,1.0,1.494881984522073,-0.00509619391822258,1.494881984522073,2.3283994592051696,-0.008013284152521893,-0.8335174746830964
SPY,NORMAL,BULL,raw_fallback,76,2013-01-02 00:00:00,2014-12-31 00:00:00,0.7794736842105264,0.7510526315789475,0.7776315789473685,0.3711830816721838,0.38611432358095604,,,,0.2239173016191789,0.39558250647144577,0.13157894736842105,0.13157894736842105,0.0,0.17535867109743752,-0.040278176271526966,0.19278160929654797,0.22281262676889302,-0.047356729176046275,-0.047453955671455494
SPY,NORMAL,NEUTRAL,00_30,1,2015-07-23 00:00:00,2015-07-23 00:00:00,1.0,0.86,1.0,0.1506184786558151,0.2195953853617734,0.24603174603174602,0.26749611197511663,-0.7615125506783222,0.6145090070832357,0.1071279636226967,1.0,1.0,1.0,-0.7701384234280343,0.0,-0.7701384234280343,-0.7701384234280343,0.0,0.0
SPY,NORMAL,NEUTRAL,30_50,3,2016-11-14 00:00:00,2023-11-08 00:00:00,0.94,0.6933333333333334,0.94,0.3584904402494431,0.462892851106937,0.3035714285714286,0.34435626102292777,-0.65293468720701,0.5030720864532752,0.2999354894532862,1.0,0.6666666666666666,1.0,0.6474864665222408,-0.007798735073642149,0.6867570180819198,0.6243694900305765,-0.007798735073642149,0.02311697649166433
SPY,NORMAL,NEUTRAL,50_70,8,2015-10-27 00:00:00,2026-04-13 00:00:00,0.8374999999999999,0.6875,0.8200000000000001,0.4720133940689266,0.4972173204746386,0.5788690476190477,0.6295769990312243,0.2164161218807561,0.37621485248107106,0.3756937494104881,0.375,0.375,1.0,-0.31831600888577805,-0.020432590404003803,-0.3166094142796506,-0.4576556605894898,-0.02874312700186188,0.13933965170371176
SPY,NORMAL,NEUTRAL,70_85,4,2015-10-23 00:00:00,2025-03-03 00:00:00,0.77,0.58,0.68,0.7035292722284794,0.5685109436063255,0.8154761904761905,0.7797506950049323,1.0361273233634989,0.33522975671641997,0.38451662364685885,0.25,0.25,1.0,0.7594143448099813,-5.4965564226128194e-05,0.8088592925469502,1.3775499301872798,0.0,-0.6181355853772985
SPY,NORMAL,NEUTRAL,raw_fallback,3,2014-02-03 00:00:00,2014-12-16 00:00:00,0.7399999999999999,0.6,0.6666666666666666,0.7645799666643143,0.5651699603409548,,,,0.3674219516489033,0.2838834901024897,0.3333333333333333,0.0,0.0,0.04978052622172813,-0.014965821038236737,0.04978052622172813,0.30189833135505495,-0.01983300220385531,-0.2521178051333268
SPY,RISK_OFF,BEAR,50_70,5,2022-03-21 00:00:00,2022-07-29 00:00:00,0.496,0.42000000000000004,0.648,0.747680191397667,0.80585353559129,0.5821428571428572,0.605026455026455,0.5936698271654846,0.615193698260745,0.232654087156627,0.6,0.0,1.0,0.02740640588222054,-0.007827329994422372,0.08086403838310363,0.4150640521936264,-0.009538999414027582,-0.38765764631140587
SPY,RISK_OFF,BEAR,70_85,42,2018-04-23 00:00:00,2025-05-12 00:00:00,0.4471428571428572,0.4200000000000001,0.4742857142857144,0.8151171020099096,0.8319780012913243,0.8018235071806499,0.7925170068027211,1.1584788881647328,0.6512204292104867,0.1559112096801553,0.14285714285714285,0.0,1.0,-0.0152926785574935,-0.07011709377380992,0.009519165660787587,-0.14331705642822423,-0.14494881362112721,0.12802437787073073
SPY,RISK_OFF,BEAR,85_95,59,2015-10-12 00:00:00,2026-04-07 00:00:00,0.4328813559322035,0.3996610169491526,0.4254237288135594,0.8549870943113907,0.8430473858697889,0.9128329297820823,0.9044409112060235,1.5584669704087613,0.7034560831531361,0.1308079812186331,0.06779661016949153,0.0,1.0,-0.02332003532676974,-0.10313746740751117,-1.8998416774773652e-05,0.01243021842119818,-0.23859964166346537,-0.03575025374796792
SPY,RISK_OFF,BEAR,95_100,34,2015-09-01 00:00:00,2026-04-01 00:00:00,0.42,0.38117647058823534,0.38117647058823534,0.8915619494283902,0.8526802797413575,0.9660364145658263,0.9702963864929754,1.855368384669407,0.6981040896037394,0.1350629140964923,0.0,0.0,1.0,0.48476114605505605,-0.018496638666358867,0.5208371353563672,1.6572347546154425,-0.055991585465833826,-1.1724736085603864
SPY,RISK_OFF,BULL,30_50,2,2021-03-10 00:00:00,2022-09-09 00:00:00,0.47,0.47,0.66,0.6072044335305691,0.7535732040268462,0.4126984126984127,0.4503968253968254,-0.009482385373910107,0.2540291273814882,0.452259291564746,0.5,0.0,1.0,-0.9399956221760777,-0.02034093299420492,-0.9384616950624235,-0.995625270972233,-0.04348221862813961,0.055629648796155284
SPY,RISK_OFF,BULL,50_70,47,2018-05-10 00:00:00,2025-01-15 00:00:00,0.428085106382979,0.44127659574468103,0.4774468085106385,0.7349169564690996,0.7766538544721788,0.6097602161431948,0.6326691433074412,0.6582479972860485,0.19376573427914037,0.47247112893906656,0.10638297872340426,0.0,1.0,0.1970957918377665,-0.019765499470779768,0.20638570160888792,0.5510190804921209,-0.04379962752530964,-0.3539232886543544
SPY,RISK_OFF,BULL,70_85,62,2017-04-04 00:00:00,2025-01-16 00:00:00,0.42000000000000015,0.4264516129032259,0.43870967741935496,0.8107665147992871,0.8027091210739132,0.7581605222734256,0.7770523980201398,1.048398515127339,0.1707427972686282,0.6006372814439279,0.03225806451612903,0.0,1.0,-0.05350129077556298,-0.0387006783653544,-0.05042480703227925,-0.03237340680600609,-0.08290450256657367,-0.021127883969556893
SPY,RISK_OFF,BULL,85_95,21,2015-12-23 00:00:00,2021-02-26 00:00:00,0.46095238095238095,0.4247619047619048,0.46095238095238095,0.8553835975272316,0.818625051192065,0.8869992441421014,0.9103970773494583,1.554080719563333,0.27134912108678944,0.4489791569498778,0.09523809523809523,0.0,1.0,0.9755756576438934,-0.01178982666841999,1.0507123631092754,2.673506721023282,-0.03491610699834413,-1.6979310633793887
SPY,RISK_OFF,BULL,95_100,5,2015-12-22 00:00:00,2020-06-26 00:00:00,0.42000000000000004,0.372,0.372,0.9037816959619522,0.8495560089618566,0.9734126984126984,0.9819265193096969,1.722698580373122,0.6097860438572823,0.20657232179691118,0.0,0.0,1.0,-0.04511913523906075,-0.012097520299904518,-0.04511913523906075,-0.45209521973291344,-0.036906666402835686,0.4069760844938527
SPY,RISK_OFF,NEUTRAL,50_70,1,2022-11-14 00:00:00,2022-11-14 00:00:00,0.8,0.42,0.8,0.7461537539958953,0.8124843664663246,0.5515873015873016,0.533068783068783,0.40584152964593223,0.6729553814362699,0.1147926468479177,1.0,0.0,1.0,-0.7880819941853807,0.0,-0.7269572704900358,-0.8548242387180695,0.0,0.06674224453268873
SPY,RISK_OFF,NEUTRAL,70_85,16,2019-06-06 00:00:00,2026-04-08 00:00:00,0.4675,0.42625,0.5387500000000001,0.775660400558263,0.8125739609261344,0.7589285714285714,0.7771164021164021,1.0786999490844584,0.5380953290879793,0.29033251161853235,0.3125,0.0,1.0,0.662488558504384,-0.01030578030997198,0.7297464590784397,1.9827348882634208,-0.024939772860139153,-1.3202463297590368
SPY,RISK_OFF,NEUTRAL,85_95,9,2019-05-31 00:00:00,2022-12-27 00:00:00,0.42,0.42,0.42,0.865396288699574,0.8228457448598333,0.8736772486772486,0.8966784244562022,1.3968658409243073,0.34457339815837656,0.419435829952296,0.0,0.0,1.0,1.1931804168838225,-0.007180250161947566,1.1931804168838225,5.9089564384493585,-0.011478299603718933,-4.715776021565536
SPY,RISK_OFF,NEUTRAL,95_100,5,2015-12-14 00:00:00,2020-03-03 00:00:00,0.496,0.43999999999999995,0.496,0.8980571991205217,0.7931594931383745,0.9690476190476192,0.9793049057517429,1.962212374942118,0.37314785456760924,0.2978106222981236,0.2,0.0,1.0,1.0130308979612064,-0.018086969475993087,1.154662433272947,0.37863077080431173,-0.06092244916358136,0.6344001271568946
SPY,WATCH,BEAR,30_50,3,2023-10-24 00:00:00,2023-11-03 00:00:00,0.96,0.5733333333333334,0.96,0.5494203860561053,0.6286083542647195,0.4338624338624339,0.4347442680776014,-0.08531854393896114,0.5936554312882265,0.23097640754295856,1.0,1.0,1.0,-0.43221162718413386,0.0,-0.416772227299987,-0.4402145422540331,0.0,0.008002915069899252
SPY,WATCH,BEAR,50_70,8,2016-11-07 00:00:00,2023-10-30 00:00:00,0.8999999999999999,0.5800000000000001,0.8999999999999999,0.6971922714263201,0.6229659475750551,0.5679563492063492,0.6054894179894179,0.5180802555159525,0.5333448398453627,0.2819425371466576,0.875,0.75,1.0,0.7544641750135759,-0.018250756901830645,0.7765026865001368,0.5320204128520873,-0.01930792564026007,0.22244376216148853
SPY,WATCH,BEAR,70_85,18,2015-10-16 00:00:00,2025-03-07 00:00:00,0.9355555555555556,0.56,0.931111111111111,0.6295116105013423,0.6324215403870808,0.7174823633156966,0.7542485284273903,0.7941722354683038,0.7019122446477336,0.18222811690388296,0.9444444444444444,0.8888888888888888,1.0,2.4915017034625273,-0.008477489172347807,2.5248132937971404,2.722085146749885,-0.008917380192147162,-0.2305834432873577
SPY,WATCH,BEAR,85_95,7,2015-07-09 00:00:00,2026-03-12 00:00:00,0.7999999999999999,0.5657142857142857,0.8285714285714285,0.7633084186485837,0.6432194318765071,0.8843537414965988,0.9099931274755979,1.7136336247549087,0.5301949253030447,0.298946713982121,0.8571428571428571,0.2857142857142857,1.0,-0.13072383931644482,-0.02750004841517406,-0.1075319804000221,-0.12898529616424892,-0.028842629099468553,-0.0017385431521959038
SPY,WATCH,BEAR,95_100,3,2015-08-24 00:00:00,2015-08-26 00:00:00,0.9199999999999999,0.5733333333333334,0.9199999999999999,0.8938249011834464,0.6380301465913102,0.9993386243386243,0.9995002498750626,2.9075635667466666,0.654038197806979,0.1381434062644407,1.0,0.6666666666666666,1.0,164.31460816811818,-0.0002400676613865116,169.93733506983762,184.19262360932083,0.0,-19.87801544120265
SPY,WATCH,BEAR,raw_fallback,1,2014-10-14 00:00:00,2014-10-14 00:00:00,0.8,0.52,0.8,0.8288134843111039,0.7226456784912367,,,,0.6665711856267881,0.116187939706353,1.0,0.0,0.0,-0.2875438575692927,0.0,-0.2276375102013688,-0.19451959452547807,0.0,-0.09302426304381461
SPY,WATCH,BULL,00_30,29,2016-06-01 00:00:00,2024-05-13 00:00:00,0.6000000000000001,0.6779310344827585,0.6779310344827585,0.3716705014351113,0.497454634239709,0.21469622331691293,0.19125159642401024,-1.1407717720008226,0.17647747346764528,0.565814599382466,0.0,0.0,1.0,-0.1347848138183162,-0.052297596940008795,-0.1302519208117312,-0.3390483789701615,-0.08885398428444591,0.2042635651518453
SPY,WATCH,BULL,30_50,69,2016-05-09 00:00:00,2025-12-02 00:00:00,0.6330434782608697,0.6278260869565219,0.6643478260869565,0.49536103755235683,0.556812704754852,0.37816310098918793,0.41058967870562074,-0.2572957191827494,0.1635790317590789,0.5166067695886835,0.10144927536231885,0.08695652173913043,1.0,0.0977533514724842,-0.01607431829261341,0.1119627275167503,0.1782196284290587,-0.026320380402876875,-0.08046627695657449
SPY,WATCH,BULL,50_70,125,2015-02-11 00:00:00,2025-12-01 00:00:00,0.6419199999999996,0.6070399999999996,0.6577599999999997,0.5555432741463183,0.5777772003575185,0.5575396825396826,0.593533229395994,0.2352167852194238,0.1929619412536663,0.4738078395410334,0.144,0.104,1.0,0.38313878863909445,-0.03211292498443441,0.4052161575115374,0.5917853198986862,-0.05191988586695362,-0.20864653125959176
SPY,WATCH,BULL,70_85,81,2015-02-10 00:00:00,2026-03-04 00:00:00,0.6182716049382715,0.5839506172839505,0.6120987654320986,0.6423240328644529,0.5976159668614388,0.7344944150499706,0.7689226139014376,0.8817506197282677,0.1870810353237051,0.48194877253829316,0.07407407407407407,0.07407407407407407,1.0,-0.046048144691174686,-0.039846013170377725,-0.03892040828657595,-0.07019437428893782,-0.06761409228330284,0.024146229597763136
SPY,WATCH,BULL,85_95,33,2015-01-26 00:00:00,2026-02-13 00:00:00,0.6872727272727273,0.5733333333333334,0.6981818181818181,0.7047822418989558,0.6272770660325606,0.8679653679653679,0.8941167527289426,1.6085572530218484,0.3451264660077992,0.35796362950840444,0.3939393939393939,0.24242424242424243,1.0,0.22289020226198364,-0.03410220445517942,0.24172101903051169,0.26302224346671355,-0.051190566291660966,-0.04013204120472991
SPY,WATCH,BULL,95_100,6,2015-01-12 00:00:00,2020-06-12 00:00:00,0.8533333333333334,0.5466666666666667,0.8533333333333334,0.8471141492327057,0.6781656775356447,0.9834656084656084,0.9859530434205773,2.3949175885159852,0.5090591459403684,0.1760626803695441,1.0,0.3333333333333333,1.0,0.5347015947379359,-0.009240896365693474,0.6275506194264913,0.7610549248532463,-0.012574650327371817,-0.22635333011531045
SPY,WATCH,BULL,raw_fallback,39,2013-06-24 00:00:00,2014-12-24 00:00:00,0.6333333333333336,0.6241025641025642,0.6851282051282052,0.5048116384981532,0.5589100173672412,,,,0.23762818528889218,0.4266174770418147,0.20512820512820512,0.07692307692307693,0.0,0.6587776053405408,-0.013130185196050692,0.680787327930874,1.380491558804386,-0.012909306972517354,-0.7217139534638453
SPY,WATCH,NEUTRAL,30_50,2,2023-03-10 00:00:00,2023-11-06 00:00:00,0.8,0.6,0.8,0.5436364233493804,0.5657282233573104,0.4176587301587302,0.3948412698412699,-0.2797383358200034,0.36798838259156197,0.4387356602730948,0.5,0.5,1.0,1.7759421205062846,0.0,1.8040455596980531,7.654039732520694,0.0,-5.878097612014409
SPY,WATCH,NEUTRAL,50_70,5,2018-05-15 00:00:00,2026-04-09 00:00:00,0.8320000000000001,0.568,0.8160000000000001,0.5737298196554185,0.6183542168045715,0.611111111111111,0.6235449735449735,0.28650820995012233,0.5665897128300459,0.2842224483806575,0.6,0.6,1.0,-0.508358743638869,-0.021994355492253925,-0.48916633972304735,-0.6233804452427404,-0.027859897596369754,0.11502170160387137
SPY,WATCH,NEUTRAL,70_85,7,2016-03-10 00:00:00,2026-04-10 00:00:00,0.7000000000000001,0.5542857142857144,0.7285714285714285,0.6947498462029866,0.6541184664521209,0.7749433106575964,0.7560468631897204,0.9051004665763761,0.41871208967801443,0.3658463064609072,0.5714285714285714,0.2857142857142857,1.0,0.012043193890476589,-0.01881598074776769,0.0629814365039667,0.26509725802424033,-0.024455615470652448,-0.25305406413376375
SPY,WATCH,NEUTRAL,85_95,11,2015-11-13 00:00:00,2026-03-09 00:00:00,0.6618181818181817,0.5709090909090908,0.6727272727272727,0.8047559654170816,0.6435174964603771,0.8731962481962481,0.9030067513085293,1.5728137296772884,0.3614678933583107,0.3342554357638214,0.36363636363636365,0.18181818181818182,1.0,0.1142415988398271,-0.012985188461997255,0.17583012248387386,0.006240284850855371,-0.018949198319570537,0.10800131398897173
SPY,WATCH,NEUTRAL,95_100,2,2015-12-11 00:00:00,2016-06-27 00:00:00,0.6,0.56,0.56,0.8978330940008163,0.6477472313577033,0.9801587301587302,0.9865353898372766,2.153482802763436,0.3323483378946947,0.4057441603869475,0.0,0.0,1.0,5.3814270058241505,0.0,5.3814270058241505,30.290074199325126,0.0,-24.908647193500975
SPY,WATCH,NEUTRAL,raw_fallback,2,2014-10-09 00:00:00,2014-10-10 00:00:00,0.96,0.6,0.96,0.7571246415376663,0.623238631117754,,,,0.5721851691674057,0.13955627860805336,1.0,1.0,0.0,-0.8334256291903934,0.0,-0.8334256291903934,-0.8492526472129076,0.0,0.015827018022514183
