rule,level,message,stock,ph,mid_trend_state,Date,allocation_regime,hold_reason
midtrend_bear_high_stock,WARNING,mid_trend=BEAR but stock>=80%. Check trend context or policy override.,0.8,0.7734,BEAR,2013-01-02,RISK_OFF,initial
highvol_high_stock,WARNING,prob_high_vol>0.60 but stock>=80%.,0.8,0.7734,BEAR,2013-01-02,RISK_OFF,initial
midtrend_bear_high_stock,WARNING,mid_trend=BEAR but stock>=80%. Check trend context or policy override.,0.8,0.7654,BEAR,2013-01-03,CUSTOM,not_rebalance_day
highvol_high_stock,WARNING,prob_high_vol>0.60 but stock>=80%.,0.8,0.7654,BEAR,2013-01-03,CUSTOM,not_rebalance_day
midtrend_bear_high_stock,WARNING,mid_trend=BEAR but stock>=80%. Check trend context or policy override.,0.8,0.7626,BEAR,2013-01-04,CUSTOM,not_rebalance_day
highvol_high_stock,WARNING,prob_high_vol>0.60 but stock>=80%.,0.8,0.7626,BEAR,2013-01-04,CUSTOM,not_rebalance_day
midtrend_bear_high_stock,WARNING,mid_trend=BEAR but stock>=80%. Check trend context or policy override.,0.8,0.7566,BEAR,2013-01-07,CUSTOM,not_rebalance_day
highvol_high_stock,WARNING,prob_high_vol>0.60 but stock>=80%.,0.8,0.7566,BEAR,2013-01-07,CUSTOM,not_rebalance_day
midtrend_bear_high_stock,WARNING,mid_trend=BEAR but stock>=80%. Check trend context or policy override.,0.8,0.7403,BEAR,2013-01-08,CUSTOM,not_rebalance_day
highvol_high_stock,WARNING,prob_high_vol>0.60 but stock>=80%.,0.8,0.7403,BEAR,2013-01-08,CUSTOM,not_rebalance_day
midtrend_bear_high_stock,WARNING,mid_trend=BEAR but stock>=80%. Check trend context or policy override.,0.8,0.7276,BEAR,2013-01-09,CUSTOM,no_trade_band
highvol_high_stock,WARNING,prob_high_vol>0.60 but stock>=80%.,0.8,0.7276,BEAR,2013-01-09,CUSTOM,no_trade_band
midtrend_bear_high_stock,WARNING,mid_trend=BEAR but stock>=80%. Check trend context or policy override.,0.8,0.7172,BEAR,2013-01-10,CUSTOM,not_rebalance_day
highvol_high_stock,WARNING,prob_high_vol>0.60 but stock>=80%.,0.8,0.7172,BEAR,2013-01-10,CUSTOM,not_rebalance_day
midtrend_bear_high_stock,WARNING,mid_trend=BEAR but stock>=80%. Check trend context or policy override.,0.8,0.7057,BEAR,2013-01-11,CUSTOM,not_rebalance_day
highvol_high_stock,WARNING,prob_high_vol>0.60 but stock>=80%.,0.8,0.7057,BEAR,2013-01-11,CUSTOM,not_rebalance_day
midtrend_bear_high_stock,WARNING,mid_trend=BEAR but stock>=80%. Check trend context or policy override.,0.8,0.7172,BEAR,2013-01-14,CUSTOM,not_rebalance_day
highvol_high_stock,WARNING,prob_high_vol>0.60 but stock>=80%.,0.8,0.7172,BEAR,2013-01-14,CUSTOM,not_rebalance_day
midtrend_bear_high_stock,WARNING,mid_trend=BEAR but stock>=80%. Check trend context or policy override.,0.8,0.7249,BEAR,2013-01-15,CUSTOM,not_rebalance_day
highvol_high_stock,WARNING,prob_high_vol>0.60 but stock>=80%.,0.8,0.7249,BEAR,2013-01-15,CUSTOM,not_rebalance_day
midtrend_bear_high_stock,WARNING,mid_trend=BEAR but stock>=80%. Check trend context or policy override.,0.8,0.73,BEAR,2013-01-16,CUSTOM,no_trade_band
highvol_high_stock,WARNING,prob_high_vol>0.60 but stock>=80%.,0.8,0.73,BEAR,2013-01-16,CUSTOM,no_trade_band
midtrend_bear_high_stock,WARNING,mid_trend=BEAR but stock>=80%. Check trend context or policy override.,0.8,0.7319,BEAR,2013-01-17,CUSTOM,not_rebalance_day
highvol_high_stock,WARNING,prob_high_vol>0.60 but stock>=80%.,0.8,0.7319,BEAR,2013-01-17,CUSTOM,not_rebalance_day
midtrend_bear_high_stock,WARNING,mid_trend=BEAR but stock>=80%. Check trend context or policy override.,0.8,0.734,BEAR,2013-01-18,CUSTOM,not_rebalance_day
highvol_high_stock,WARNING,prob_high_vol>0.60 but stock>=80%.,0.8,0.734,BEAR,2013-01-18,CUSTOM,not_rebalance_day
midtrend_bear_high_stock,WARNING,mid_trend=BEAR but stock>=80%. Check trend context or policy override.,0.8,0.7334,BEAR,2013-01-22,CUSTOM,not_rebalance_day
highvol_high_stock,WARNING,prob_high_vol>0.60 but stock>=80%.,0.8,0.7334,BEAR,2013-01-22,CUSTOM,not_rebalance_day
midtrend_bear_high_stock,WARNING,mid_trend=BEAR but stock>=80%. Check trend context or policy override.,0.8,0.7314,BEAR,2013-01-23,CUSTOM,not_rebalance_day
highvol_high_stock,WARNING,prob_high_vol>0.60 but stock>=80%.,0.8,0.7314,BEAR,2013-01-23,CUSTOM,not_rebalance_day
midtrend_bear_high_stock,WARNING,mid_trend=BEAR but stock>=80%. Check trend context or policy override.,0.8,0.7683,BEAR,2013-01-24,CUSTOM,no_trade_band
highvol_high_stock,WARNING,prob_high_vol>0.60 but stock>=80%.,0.8,0.7683,BEAR,2013-01-24,CUSTOM,no_trade_band
midtrend_bear_high_stock,WARNING,mid_trend=BEAR but stock>=80%. Check trend context or policy override.,0.8,0.795,BEAR,2013-01-25,CUSTOM,no_trade_band
highvol_high_stock,WARNING,prob_high_vol>0.60 but stock>=80%.,0.8,0.795,BEAR,2013-01-25,CUSTOM,no_trade_band
midtrend_bear_high_stock,WARNING,mid_trend=BEAR but stock>=80%. Check trend context or policy override.,0.8,0.8158,BEAR,2013-01-28,CUSTOM,not_rebalance_day
highvol_high_stock,WARNING,prob_high_vol>0.60 but stock>=80%.,0.8,0.8158,BEAR,2013-01-28,CUSTOM,not_rebalance_day
extreme_highvol_full_stock,HARD_CAP,prob_high_vol>0.80 but stock>=70%.,0.8,0.8158,BEAR,2013-01-28,CUSTOM,not_rebalance_day
midtrend_bear_high_stock,WARNING,mid_trend=BEAR but stock>=80%. Check trend context or policy override.,0.8,0.8147,BEAR,2013-02-01,RISK_OFF,emergency
highvol_high_stock,WARNING,prob_high_vol>0.60 but stock>=80%.,0.8,0.8147,BEAR,2013-02-01,RISK_OFF,emergency
extreme_highvol_full_stock,HARD_CAP,prob_high_vol>0.80 but stock>=70%.,0.8,0.8147,BEAR,2013-02-01,RISK_OFF,emergency
midtrend_bear_high_stock,WARNING,mid_trend=BEAR but stock>=80%. Check trend context or policy override.,0.8,0.7993,BEAR,2013-02-04,CUSTOM,not_rebalance_day
highvol_high_stock,WARNING,prob_high_vol>0.60 but stock>=80%.,0.8,0.7993,BEAR,2013-02-04,CUSTOM,not_rebalance_day
midtrend_bear_high_stock,WARNING,mid_trend=BEAR but stock>=80%. Check trend context or policy override.,0.8,0.7934,BEAR,2013-02-05,CUSTOM,not_rebalance_day
highvol_high_stock,WARNING,prob_high_vol>0.60 but stock>=80%.,0.8,0.7934,BEAR,2013-02-05,CUSTOM,not_rebalance_day
midtrend_bear_high_stock,WARNING,mid_trend=BEAR but stock>=80%. Check trend context or policy override.,0.8,0.7879,BEAR,2013-02-06,CUSTOM,not_rebalance_day
highvol_high_stock,WARNING,prob_high_vol>0.60 but stock>=80%.,0.8,0.7879,BEAR,2013-02-06,CUSTOM,not_rebalance_day
midtrend_bear_high_stock,WARNING,mid_trend=BEAR but stock>=80%. Check trend context or policy override.,0.8,0.7867,BEAR,2013-02-07,CUSTOM,no_trade_band
highvol_high_stock,WARNING,prob_high_vol>0.60 but stock>=80%.,0.8,0.7867,BEAR,2013-02-07,CUSTOM,no_trade_band
midtrend_bear_high_stock,WARNING,mid_trend=BEAR but stock>=80%. Check trend context or policy override.,0.8,0.7859,BEAR,2013-02-08,CUSTOM,no_trade_band
highvol_high_stock,WARNING,prob_high_vol>0.60 but stock>=80%.,0.8,0.7859,BEAR,2013-02-08,CUSTOM,no_trade_band
midtrend_bear_high_stock,WARNING,mid_trend=BEAR but stock>=80%. Check trend context or policy override.,0.8,0.7856,BEAR,2013-02-11,CUSTOM,not_rebalance_day
highvol_high_stock,WARNING,prob_high_vol>0.60 but stock>=80%.,0.8,0.7856,BEAR,2013-02-11,CUSTOM,not_rebalance_day
midtrend_bear_high_stock,WARNING,mid_trend=BEAR but stock>=80%. Check trend context or policy override.,0.8,0.7849,BEAR,2013-02-12,CUSTOM,not_rebalance_day
highvol_high_stock,WARNING,prob_high_vol>0.60 but stock>=80%.,0.8,0.7849,BEAR,2013-02-12,CUSTOM,not_rebalance_day
midtrend_bear_high_stock,WARNING,mid_trend=BEAR but stock>=80%. Check trend context or policy override.,0.8,0.7826,BEAR,2013-02-13,CUSTOM,not_rebalance_day
highvol_high_stock,WARNING,prob_high_vol>0.60 but stock>=80%.,0.8,0.7826,BEAR,2013-02-13,CUSTOM,not_rebalance_day
midtrend_bear_high_stock,WARNING,mid_trend=BEAR but stock>=80%. Check trend context or policy override.,0.8,0.7804,BEAR,2013-02-14,CUSTOM,no_trade_band
highvol_high_stock,WARNING,prob_high_vol>0.60 but stock>=80%.,0.8,0.7804,BEAR,2013-02-14,CUSTOM,no_trade_band
midtrend_bear_high_stock,WARNING,mid_trend=BEAR but stock>=80%. Check trend context or policy override.,0.8,0.7793,BEAR,2013-02-15,CUSTOM,not_rebalance_day
highvol_high_stock,WARNING,prob_high_vol>0.60 but stock>=80%.,0.8,0.7793,BEAR,2013-02-15,CUSTOM,not_rebalance_day
midtrend_bear_high_stock,WARNING,mid_trend=BEAR but stock>=80%. Check trend context or policy override.,0.8,0.7795,BEAR,2013-02-19,CUSTOM,not_rebalance_day
highvol_high_stock,WARNING,prob_high_vol>0.60 but stock>=80%.,0.8,0.7795,BEAR,2013-02-19,CUSTOM,not_rebalance_day
midtrend_bear_high_stock,WARNING,mid_trend=BEAR but stock>=80%. Check trend context or policy override.,0.8,0.7733,BEAR,2013-02-20,CUSTOM,not_rebalance_day
highvol_high_stock,WARNING,prob_high_vol>0.60 but stock>=80%.,0.8,0.7733,BEAR,2013-02-20,CUSTOM,not_rebalance_day
midtrend_bear_high_stock,WARNING,mid_trend=BEAR but stock>=80%. Check trend context or policy override.,0.8,0.767,BEAR,2013-02-21,CUSTOM,not_rebalance_day
highvol_high_stock,WARNING,prob_high_vol>0.60 but stock>=80%.,0.8,0.767,BEAR,2013-02-21,CUSTOM,not_rebalance_day
midtrend_bear_high_stock,WARNING,mid_trend=BEAR but stock>=80%. Check trend context or policy override.,0.8,0.7617,BEAR,2013-02-22,CUSTOM,no_trade_band
highvol_high_stock,WARNING,prob_high_vol>0.60 but stock>=80%.,0.8,0.7617,BEAR,2013-02-22,CUSTOM,no_trade_band
midtrend_bear_high_stock,WARNING,mid_trend=BEAR but stock>=80%. Check trend context or policy override.,0.8,0.7097,BEAR,2013-02-25,CUSTOM,not_rebalance_day
highvol_high_stock,WARNING,prob_high_vol>0.60 but stock>=80%.,0.8,0.7097,BEAR,2013-02-25,CUSTOM,not_rebalance_day
midtrend_bear_high_stock,WARNING,mid_trend=BEAR but stock>=80%. Check trend context or policy override.,0.8,0.6856,BEAR,2013-02-26,CUSTOM,not_rebalance_day
highvol_high_stock,WARNING,prob_high_vol>0.60 but stock>=80%.,0.8,0.6856,BEAR,2013-02-26,CUSTOM,not_rebalance_day
midtrend_bear_high_stock,WARNING,mid_trend=BEAR but stock>=80%. Check trend context or policy override.,0.96,0.6685,BEAR,2013-02-27,WATCH,strong_offensive_override
highvol_high_stock,WARNING,prob_high_vol>0.60 but stock>=80%.,0.96,0.6685,BEAR,2013-02-27,WATCH,strong_offensive_override
midtrend_bear_high_stock,WARNING,mid_trend=BEAR but stock>=80%. Check trend context or policy override.,0.96,0.6541,BEAR,2013-02-28,WATCH,strong_offensive_override
highvol_high_stock,WARNING,prob_high_vol>0.60 but stock>=80%.,0.96,0.6541,BEAR,2013-02-28,WATCH,strong_offensive_override
midtrend_bear_high_stock,WARNING,mid_trend=BEAR but stock>=80%. Check trend context or policy override.,0.96,0.6696,BEAR,2013-03-01,WATCH,strong_offensive_override
highvol_high_stock,WARNING,prob_high_vol>0.60 but stock>=80%.,0.96,0.6696,BEAR,2013-03-01,WATCH,strong_offensive_override
midtrend_bear_high_stock,WARNING,mid_trend=BEAR but stock>=80%. Check trend context or policy override.,0.96,0.6865,BEAR,2013-03-04,CUSTOM,not_rebalance_day
highvol_high_stock,WARNING,prob_high_vol>0.60 but stock>=80%.,0.96,0.6865,BEAR,2013-03-04,CUSTOM,not_rebalance_day
midtrend_bear_high_stock,WARNING,mid_trend=BEAR but stock>=80%. Check trend context or policy override.,0.8,0.7136,BEAR,2013-03-05,WATCH,no_trade_override_prob_high_vol_cross_0.70
highvol_high_stock,WARNING,prob_high_vol>0.60 but stock>=80%.,0.8,0.7136,BEAR,2013-03-05,WATCH,no_trade_override_prob_high_vol_cross_0.70
midtrend_bear_high_stock,WARNING,mid_trend=BEAR but stock>=80%. Check trend context or policy override.,0.8,0.7259,BEAR,2013-03-06,CUSTOM,not_rebalance_day
highvol_high_stock,WARNING,prob_high_vol>0.60 but stock>=80%.,0.8,0.7259,BEAR,2013-03-06,CUSTOM,not_rebalance_day
midtrend_bear_high_stock,WARNING,mid_trend=BEAR but stock>=80%. Check trend context or policy override.,0.8,0.7386,BEAR,2013-03-07,CUSTOM,not_rebalance_day
highvol_high_stock,WARNING,prob_high_vol>0.60 but stock>=80%.,0.8,0.7386,BEAR,2013-03-07,CUSTOM,not_rebalance_day
midtrend_bear_high_stock,WARNING,mid_trend=BEAR but stock>=80%. Check trend context or policy override.,0.8,0.7488,BEAR,2013-03-08,CUSTOM,no_trade_band
highvol_high_stock,WARNING,prob_high_vol>0.60 but stock>=80%.,0.8,0.7488,BEAR,2013-03-08,CUSTOM,no_trade_band
midtrend_bear_high_stock,WARNING,mid_trend=BEAR but stock>=80%. Check trend context or policy override.,0.8,0.7575,BEAR,2013-03-11,CUSTOM,not_rebalance_day
highvol_high_stock,WARNING,prob_high_vol>0.60 but stock>=80%.,0.8,0.7575,BEAR,2013-03-11,CUSTOM,not_rebalance_day
midtrend_bear_high_stock,WARNING,mid_trend=BEAR but stock>=80%. Check trend context or policy override.,0.8,0.7732,BEAR,2013-03-12,CUSTOM,not_rebalance_day
highvol_high_stock,WARNING,prob_high_vol>0.60 but stock>=80%.,0.8,0.7732,BEAR,2013-03-12,CUSTOM,not_rebalance_day
midtrend_bear_high_stock,WARNING,mid_trend=BEAR but stock>=80%. Check trend context or policy override.,0.8,0.7791,BEAR,2013-03-13,CUSTOM,not_rebalance_day
highvol_high_stock,WARNING,prob_high_vol>0.60 but stock>=80%.,0.8,0.7791,BEAR,2013-03-13,CUSTOM,not_rebalance_day
midtrend_bear_high_stock,WARNING,mid_trend=BEAR but stock>=80%. Check trend context or policy override.,0.8,0.7809,BEAR,2013-03-14,CUSTOM,no_trade_band
highvol_high_stock,WARNING,prob_high_vol>0.60 but stock>=80%.,0.8,0.7809,BEAR,2013-03-14,CUSTOM,no_trade_band
midtrend_bear_high_stock,WARNING,mid_trend=BEAR but stock>=80%. Check trend context or policy override.,0.8,0.7836,BEAR,2013-03-15,CUSTOM,no_trade_band
highvol_high_stock,WARNING,prob_high_vol>0.60 but stock>=80%.,0.8,0.7836,BEAR,2013-03-15,CUSTOM,no_trade_band
midtrend_bear_high_stock,WARNING,mid_trend=BEAR but stock>=80%. Check trend context or policy override.,0.8,0.7762,BEAR,2013-03-18,CUSTOM,not_rebalance_day
highvol_high_stock,WARNING,prob_high_vol>0.60 but stock>=80%.,0.8,0.7762,BEAR,2013-03-18,CUSTOM,not_rebalance_day
midtrend_bear_high_stock,WARNING,mid_trend=BEAR but stock>=80%. Check trend context or policy override.,0.8,0.7716,BEAR,2013-03-19,CUSTOM,not_rebalance_day
highvol_high_stock,WARNING,prob_high_vol>0.60 but stock>=80%.,0.8,0.7716,BEAR,2013-03-19,CUSTOM,not_rebalance_day
midtrend_bear_high_stock,WARNING,mid_trend=BEAR but stock>=80%. Check trend context or policy override.,0.8,0.7654,BEAR,2013-03-20,CUSTOM,not_rebalance_day
highvol_high_stock,WARNING,prob_high_vol>0.60 but stock>=80%.,0.8,0.7654,BEAR,2013-03-20,CUSTOM,not_rebalance_day
midtrend_bear_high_stock,WARNING,mid_trend=BEAR but stock>=80%. Check trend context or policy override.,0.8,0.7656,BEAR,2013-03-21,CUSTOM,not_rebalance_day
highvol_high_stock,WARNING,prob_high_vol>0.60 but stock>=80%.,0.8,0.7656,BEAR,2013-03-21,CUSTOM,not_rebalance_day
midtrend_bear_high_stock,WARNING,mid_trend=BEAR but stock>=80%. Check trend context or policy override.,0.8,0.7668,BEAR,2013-03-22,CUSTOM,no_trade_band
highvol_high_stock,WARNING,prob_high_vol>0.60 but stock>=80%.,0.8,0.7668,BEAR,2013-03-22,CUSTOM,no_trade_band
midtrend_bear_high_stock,WARNING,mid_trend=BEAR but stock>=80%. Check trend context or policy override.,0.8,0.7531,BEAR,2013-03-25,CUSTOM,not_rebalance_day
highvol_high_stock,WARNING,prob_high_vol>0.60 but stock>=80%.,0.8,0.7531,BEAR,2013-03-25,CUSTOM,not_rebalance_day
midtrend_bear_high_stock,WARNING,mid_trend=BEAR but stock>=80%. Check trend context or policy override.,0.8,0.7378,BEAR,2013-03-26,CUSTOM,not_rebalance_day
highvol_high_stock,WARNING,prob_high_vol>0.60 but stock>=80%.,0.8,0.7378,BEAR,2013-03-26,CUSTOM,not_rebalance_day
midtrend_bear_high_stock,WARNING,mid_trend=BEAR but stock>=80%. Check trend context or policy override.,0.8,0.7315,BEAR,2013-03-27,CUSTOM,not_rebalance_day
highvol_high_stock,WARNING,prob_high_vol>0.60 but stock>=80%.,0.8,0.7315,BEAR,2013-03-27,CUSTOM,not_rebalance_day
midtrend_bear_high_stock,WARNING,mid_trend=BEAR but stock>=80%. Check trend context or policy override.,0.8,0.7277,BEAR,2013-03-28,CUSTOM,not_rebalance_day
highvol_high_stock,WARNING,prob_high_vol>0.60 but stock>=80%.,0.8,0.7277,BEAR,2013-03-28,CUSTOM,not_rebalance_day
midtrend_bear_high_stock,WARNING,mid_trend=BEAR but stock>=80%. Check trend context or policy override.,0.8,0.7209,BEAR,2013-04-01,CUSTOM,no_trade_band
highvol_high_stock,WARNING,prob_high_vol>0.60 but stock>=80%.,0.8,0.7209,BEAR,2013-04-01,CUSTOM,no_trade_band
midtrend_bear_high_stock,WARNING,mid_trend=BEAR but stock>=80%. Check trend context or policy override.,0.8,0.7041,BEAR,2013-04-02,CUSTOM,not_rebalance_day
highvol_high_stock,WARNING,prob_high_vol>0.60 but stock>=80%.,0.8,0.7041,BEAR,2013-04-02,CUSTOM,not_rebalance_day
midtrend_bear_high_stock,WARNING,mid_trend=BEAR but stock>=80%. Check trend context or policy override.,0.8,0.7013,BEAR,2013-04-03,CUSTOM,not_rebalance_day
highvol_high_stock,WARNING,prob_high_vol>0.60 but stock>=80%.,0.8,0.7013,BEAR,2013-04-03,CUSTOM,not_rebalance_day
midtrend_bear_high_stock,WARNING,mid_trend=BEAR but stock>=80%. Check trend context or policy override.,0.8,0.6991,BEAR,2013-04-04,CUSTOM,not_rebalance_day
highvol_high_stock,WARNING,prob_high_vol>0.60 but stock>=80%.,0.8,0.6991,BEAR,2013-04-04,CUSTOM,not_rebalance_day
midtrend_bear_high_stock,WARNING,mid_trend=BEAR but stock>=80%. Check trend context or policy override.,0.8,0.6922,BEAR,2013-04-05,CUSTOM,not_rebalance_day
highvol_high_stock,WARNING,prob_high_vol>0.60 but stock>=80%.,0.8,0.6922,BEAR,2013-04-05,CUSTOM,not_rebalance_day
midtrend_bear_high_stock,WARNING,mid_trend=BEAR but stock>=80%. Check trend context or policy override.,0.96,0.6717,BEAR,2013-04-08,WATCH,strong_offensive_override
highvol_high_stock,WARNING,prob_high_vol>0.60 but stock>=80%.,0.96,0.6717,BEAR,2013-04-08,WATCH,strong_offensive_override
midtrend_bear_high_stock,WARNING,mid_trend=BEAR but stock>=80%. Check trend context or policy override.,0.96,0.6588,BEAR,2013-04-09,WATCH,strong_offensive_override
highvol_high_stock,WARNING,prob_high_vol>0.60 but stock>=80%.,0.96,0.6588,BEAR,2013-04-09,WATCH,strong_offensive_override
midtrend_bear_high_stock,WARNING,mid_trend=BEAR but stock>=80%. Check trend context or policy override.,0.96,0.6403,BEAR,2013-04-10,WATCH,strong_offensive_override
highvol_high_stock,WARNING,prob_high_vol>0.60 but stock>=80%.,0.96,0.6403,BEAR,2013-04-10,WATCH,strong_offensive_override
midtrend_bear_high_stock,WARNING,mid_trend=BEAR but stock>=80%. Check trend context or policy override.,0.96,0.6232,BEAR,2013-04-11,WATCH,strong_offensive_override
highvol_high_stock,WARNING,prob_high_vol>0.60 but stock>=80%.,0.96,0.6232,BEAR,2013-04-11,WATCH,strong_offensive_override
midtrend_bear_high_stock,WARNING,mid_trend=BEAR but stock>=80%. Check trend context or policy override.,0.96,0.6069,BEAR,2013-04-12,WATCH,strong_offensive_override
highvol_high_stock,WARNING,prob_high_vol>0.60 but stock>=80%.,0.96,0.6069,BEAR,2013-04-12,WATCH,strong_offensive_override
midtrend_bear_high_stock,WARNING,mid_trend=BEAR but stock>=80%. Check trend context or policy override.,0.96,0.6131,BEAR,2013-04-15,WATCH,strong_offensive_override
highvol_high_stock,WARNING,prob_high_vol>0.60 but stock>=80%.,0.96,0.6131,BEAR,2013-04-15,WATCH,strong_offensive_override
midtrend_bear_high_stock,WARNING,mid_trend=BEAR but stock>=80%. Check trend context or policy override.,0.96,0.607,BEAR,2013-04-16,WATCH,strong_offensive_override
highvol_high_stock,WARNING,prob_high_vol>0.60 but stock>=80%.,0.96,0.607,BEAR,2013-04-16,WATCH,strong_offensive_override
midtrend_bear_high_stock,WARNING,mid_trend=BEAR but stock>=80%. Check trend context or policy override.,0.96,0.6447,BEAR,2013-04-17,WATCH,strong_offensive_override
highvol_high_stock,WARNING,prob_high_vol>0.60 but stock>=80%.,0.96,0.6447,BEAR,2013-04-17,WATCH,strong_offensive_override
midtrend_bear_high_stock,WARNING,mid_trend=BEAR but stock>=80%. Check trend context or policy override.,0.96,0.6654,BEAR,2013-04-18,WATCH,strong_offensive_override
highvol_high_stock,WARNING,prob_high_vol>0.60 but stock>=80%.,0.96,0.6654,BEAR,2013-04-18,WATCH,strong_offensive_override
midtrend_bear_high_stock,WARNING,mid_trend=BEAR but stock>=80%. Check trend context or policy override.,0.96,0.6762,BEAR,2013-04-19,WATCH,strong_offensive_override
highvol_high_stock,WARNING,prob_high_vol>0.60 but stock>=80%.,0.96,0.6762,BEAR,2013-04-19,WATCH,strong_offensive_override
midtrend_bear_high_stock,WARNING,mid_trend=BEAR but stock>=80%. Check trend context or policy override.,0.8,0.692,BEAR,2013-04-22,WATCH,scheduled
highvol_high_stock,WARNING,prob_high_vol>0.60 but stock>=80%.,0.8,0.692,BEAR,2013-04-22,WATCH,scheduled
midtrend_bear_high_stock,WARNING,mid_trend=BEAR but stock>=80%. Check trend context or policy override.,0.8,0.7066,BEAR,2013-04-23,WATCH,no_trade_override_prob_high_vol_cross_0.70
highvol_high_stock,WARNING,prob_high_vol>0.60 but stock>=80%.,0.8,0.7066,BEAR,2013-04-23,WATCH,no_trade_override_prob_high_vol_cross_0.70
midtrend_bear_high_stock,WARNING,mid_trend=BEAR but stock>=80%. Check trend context or policy override.,0.8,0.7186,BEAR,2013-04-24,CUSTOM,not_rebalance_day
highvol_high_stock,WARNING,prob_high_vol>0.60 but stock>=80%.,0.8,0.7186,BEAR,2013-04-24,CUSTOM,not_rebalance_day
midtrend_bear_high_stock,WARNING,mid_trend=BEAR but stock>=80%. Check trend context or policy override.,0.8,0.7263,BEAR,2013-04-25,CUSTOM,not_rebalance_day
highvol_high_stock,WARNING,prob_high_vol>0.60 but stock>=80%.,0.8,0.7263,BEAR,2013-04-25,CUSTOM,not_rebalance_day
midtrend_bear_high_stock,WARNING,mid_trend=BEAR but stock>=80%. Check trend context or policy override.,0.8,0.7417,BEAR,2013-04-26,CUSTOM,not_rebalance_day
highvol_high_stock,WARNING,prob_high_vol>0.60 but stock>=80%.,0.8,0.7417,BEAR,2013-04-26,CUSTOM,not_rebalance_day
midtrend_bear_high_stock,WARNING,mid_trend=BEAR but stock>=80%. Check trend context or policy override.,0.8,0.7507,BEAR,2013-04-29,CUSTOM,no_trade_band
highvol_high_stock,WARNING,prob_high_vol>0.60 but stock>=80%.,0.8,0.7507,BEAR,2013-04-29,CUSTOM,no_trade_band
midtrend_bear_high_stock,WARNING,mid_trend=BEAR but stock>=80%. Check trend context or policy override.,0.8,0.7598,BEAR,2013-04-30,CUSTOM,not_rebalance_day
highvol_high_stock,WARNING,prob_high_vol>0.60 but stock>=80%.,0.8,0.7598,BEAR,2013-04-30,CUSTOM,not_rebalance_day
midtrend_bear_high_stock,WARNING,mid_trend=BEAR but stock>=80%. Check trend context or policy override.,0.8,0.7748,BEAR,2013-05-01,CUSTOM,not_rebalance_day
highvol_high_stock,WARNING,prob_high_vol>0.60 but stock>=80%.,0.8,0.7748,BEAR,2013-05-01,CUSTOM,not_rebalance_day
midtrend_bear_high_stock,WARNING,mid_trend=BEAR but stock>=80%. Check trend context or policy override.,0.8,0.7855,BEAR,2013-05-02,CUSTOM,no_trade_band
highvol_high_stock,WARNING,prob_high_vol>0.60 but stock>=80%.,0.8,0.7855,BEAR,2013-05-02,CUSTOM,no_trade_band
midtrend_bear_high_stock,WARNING,mid_trend=BEAR but stock>=80%. Check trend context or policy override.,0.8,0.7902,BEAR,2013-05-03,CUSTOM,not_rebalance_day
highvol_high_stock,WARNING,prob_high_vol>0.60 but stock>=80%.,0.8,0.7902,BEAR,2013-05-03,CUSTOM,not_rebalance_day
midtrend_bear_high_stock,WARNING,mid_trend=BEAR but stock>=80%. Check trend context or policy override.,0.8,0.7938,BEAR,2013-05-06,CUSTOM,no_trade_band
highvol_high_stock,WARNING,prob_high_vol>0.60 but stock>=80%.,0.8,0.7938,BEAR,2013-05-06,CUSTOM,no_trade_band
midtrend_bear_high_stock,WARNING,mid_trend=BEAR but stock>=80%. Check trend context or policy override.,0.8,0.796,BEAR,2013-05-07,CUSTOM,not_rebalance_day
highvol_high_stock,WARNING,prob_high_vol>0.60 but stock>=80%.,0.8,0.796,BEAR,2013-05-07,CUSTOM,not_rebalance_day
midtrend_bear_high_stock,WARNING,mid_trend=BEAR but stock>=80%. Check trend context or policy override.,0.8,0.7965,BEAR,2013-05-08,CUSTOM,not_rebalance_day
highvol_high_stock,WARNING,prob_high_vol>0.60 but stock>=80%.,0.8,0.7965,BEAR,2013-05-08,CUSTOM,not_rebalance_day
midtrend_bear_high_stock,WARNING,mid_trend=BEAR but stock>=80%. Check trend context or policy override.,0.8,0.7979,BEAR,2013-05-09,CUSTOM,no_trade_band
highvol_high_stock,WARNING,prob_high_vol>0.60 but stock>=80%.,0.8,0.7979,BEAR,2013-05-09,CUSTOM,no_trade_band
midtrend_bear_high_stock,WARNING,mid_trend=BEAR but stock>=80%. Check trend context or policy override.,0.8,0.7995,BEAR,2013-05-10,CUSTOM,not_rebalance_day
highvol_high_stock,WARNING,prob_high_vol>0.60 but stock>=80%.,0.8,0.7995,BEAR,2013-05-10,CUSTOM,not_rebalance_day
midtrend_bear_high_stock,WARNING,mid_trend=BEAR but stock>=80%. Check trend context or policy override.,0.8,0.8,BEAR,2013-05-13,CUSTOM,no_trade_band
highvol_high_stock,WARNING,prob_high_vol>0.60 but stock>=80%.,0.8,0.8,BEAR,2013-05-13,CUSTOM,no_trade_band
extreme_highvol_full_stock,HARD_CAP,prob_high_vol>0.80 but stock>=70%.,0.8,0.8,BEAR,2013-05-13,CUSTOM,no_trade_band
midtrend_bear_high_stock,WARNING,mid_trend=BEAR but stock>=80%. Check trend context or policy override.,0.8,0.8061,BEAR,2013-05-14,CUSTOM,not_rebalance_day
highvol_high_stock,WARNING,prob_high_vol>0.60 but stock>=80%.,0.8,0.8061,BEAR,2013-05-14,CUSTOM,not_rebalance_day
extreme_highvol_full_stock,HARD_CAP,prob_high_vol>0.80 but stock>=70%.,0.8,0.8061,BEAR,2013-05-14,CUSTOM,not_rebalance_day
midtrend_bear_high_stock,WARNING,mid_trend=BEAR but stock>=80%. Check trend context or policy override.,0.8,0.7995,BEAR,2013-05-15,CUSTOM,not_rebalance_day
highvol_high_stock,WARNING,prob_high_vol>0.60 but stock>=80%.,0.8,0.7995,BEAR,2013-05-15,CUSTOM,not_rebalance_day
midtrend_bear_high_stock,WARNING,mid_trend=BEAR but stock>=80%. Check trend context or policy override.,0.8,0.7988,BEAR,2013-05-16,CUSTOM,no_trade_band
highvol_high_stock,WARNING,prob_high_vol>0.60 but stock>=80%.,0.8,0.7988,BEAR,2013-05-16,CUSTOM,no_trade_band
midtrend_bear_high_stock,WARNING,mid_trend=BEAR but stock>=80%. Check trend context or policy override.,0.8,0.7936,BEAR,2013-05-17,CUSTOM,not_rebalance_day
highvol_high_stock,WARNING,prob_high_vol>0.60 but stock>=80%.,0.8,0.7936,BEAR,2013-05-17,CUSTOM,not_rebalance_day
midtrend_bear_high_stock,WARNING,mid_trend=BEAR but stock>=80%. Check trend context or policy override.,0.8,0.779,BEAR,2013-05-20,CUSTOM,no_trade_band
highvol_high_stock,WARNING,prob_high_vol>0.60 but stock>=80%.,0.8,0.779,BEAR,2013-05-20,CUSTOM,no_trade_band
highvol_high_stock,WARNING,prob_high_vol>0.60 but stock>=80%.,0.8,0.7761,NEUTRAL,2013-05-21,CUSTOM,not_rebalance_day
highvol_high_stock,WARNING,prob_high_vol>0.60 but stock>=80%.,0.8,0.7681,NEUTRAL,2013-05-22,CUSTOM,not_rebalance_day
highvol_high_stock,WARNING,prob_high_vol>0.60 but stock>=80%.,0.8,0.7646,NEUTRAL,2013-05-23,CUSTOM,not_rebalance_day
highvol_high_stock,WARNING,prob_high_vol>0.60 but stock>=80%.,0.8,0.7523,NEUTRAL,2013-05-24,CUSTOM,not_rebalance_day
highvol_high_stock,WARNING,prob_high_vol>0.60 but stock>=80%.,0.8,0.7438,NEUTRAL,2013-05-28,CUSTOM,no_trade_band
highvol_high_stock,WARNING,prob_high_vol>0.60 but stock>=80%.,0.8,0.7339,NEUTRAL,2013-05-29,CUSTOM,not_rebalance_day
highvol_high_stock,WARNING,prob_high_vol>0.60 but stock>=80%.,0.8,0.7251,NEUTRAL,2013-05-30,CUSTOM,not_rebalance_day
highvol_high_stock,WARNING,prob_high_vol>0.60 but stock>=80%.,0.8,0.7189,NEUTRAL,2013-05-31,CUSTOM,not_rebalance_day
highvol_high_stock,WARNING,prob_high_vol>0.60 but stock>=80%.,0.8,0.7128,NEUTRAL,2013-06-03,CUSTOM,not_rebalance_day
highvol_high_stock,WARNING,prob_high_vol>0.60 but stock>=80%.,0.8,0.6912,NEUTRAL,2013-06-04,CUSTOM,no_trade_band
highvol_high_stock,WARNING,prob_high_vol>0.60 but stock>=80%.,0.96,0.6745,NEUTRAL,2013-06-05,WATCH,strong_offensive_override
highvol_high_stock,WARNING,prob_high_vol>0.60 but stock>=80%.,0.96,0.6631,NEUTRAL,2013-06-06,WATCH,strong_offensive_override
highvol_high_stock,WARNING,prob_high_vol>0.60 but stock>=80%.,0.96,0.6673,NEUTRAL,2013-06-07,WATCH,strong_offensive_override
highvol_high_stock,WARNING,prob_high_vol>0.60 but stock>=80%.,0.96,0.6693,NEUTRAL,2013-06-10,WATCH,strong_offensive_override
highvol_high_stock,WARNING,prob_high_vol>0.60 but stock>=80%.,0.96,0.6681,NEUTRAL,2013-06-11,WATCH,strong_offensive_override
midtrend_bear_high_stock,WARNING,mid_trend=BEAR but stock>=80%. Check trend context or policy override.,0.96,0.6636,BEAR,2013-06-12,WATCH,strong_offensive_override
highvol_high_stock,WARNING,prob_high_vol>0.60 but stock>=80%.,0.96,0.6636,BEAR,2013-06-12,WATCH,strong_offensive_override
highvol_high_stock,WARNING,prob_high_vol>0.60 but stock>=80%.,0.96,0.6591,NEUTRAL,2013-06-13,WATCH,strong_offensive_override
midtrend_bear_high_stock,WARNING,mid_trend=BEAR but stock>=80%. Check trend context or policy override.,0.96,0.649,BEAR,2013-06-14,WATCH,strong_offensive_override
highvol_high_stock,WARNING,prob_high_vol>0.60 but stock>=80%.,0.96,0.649,BEAR,2013-06-14,WATCH,strong_offensive_override
midtrend_bear_high_stock,WARNING,mid_trend=BEAR but stock>=80%. Check trend context or policy override.,0.96,0.6397,BEAR,2013-06-17,WATCH,strong_offensive_override
highvol_high_stock,WARNING,prob_high_vol>0.60 but stock>=80%.,0.96,0.6397,BEAR,2013-06-17,WATCH,strong_offensive_override
midtrend_bear_high_stock,WARNING,mid_trend=BEAR but stock>=80%. Check trend context or policy override.,0.96,0.6161,BEAR,2013-06-18,WATCH,strong_offensive_override
highvol_high_stock,WARNING,prob_high_vol>0.60 but stock>=80%.,0.96,0.6161,BEAR,2013-06-18,WATCH,strong_offensive_override
midtrend_bear_high_stock,WARNING,mid_trend=BEAR but stock>=80%. Check trend context or policy override.,0.96,0.5969,BEAR,2013-06-19,WATCH,strong_offensive_override
midtrend_bear_high_stock,WARNING,mid_trend=BEAR but stock>=80%. Check trend context or policy override.,0.96,0.5913,BEAR,2013-06-20,WATCH,strong_offensive_override
midtrend_bear_high_stock,WARNING,mid_trend=BEAR but stock>=80%. Check trend context or policy override.,0.96,0.6071,BEAR,2013-06-21,WATCH,strong_offensive_override
highvol_high_stock,WARNING,prob_high_vol>0.60 but stock>=80%.,0.96,0.6071,BEAR,2013-06-21,WATCH,strong_offensive_override
midtrend_bear_high_stock,WARNING,mid_trend=BEAR but stock>=80%. Check trend context or policy override.,0.96,0.6321,BEAR,2013-06-24,WATCH,strong_offensive_override
highvol_high_stock,WARNING,prob_high_vol>0.60 but stock>=80%.,0.96,0.6321,BEAR,2013-06-24,WATCH,strong_offensive_override
midtrend_bear_high_stock,WARNING,mid_trend=BEAR but stock>=80%. Check trend context or policy override.,0.96,0.6273,BEAR,2013-06-25,WATCH,strong_offensive_override
highvol_high_stock,WARNING,prob_high_vol>0.60 but stock>=80%.,0.96,0.6273,BEAR,2013-06-25,WATCH,strong_offensive_override
midtrend_bear_high_stock,WARNING,mid_trend=BEAR but stock>=80%. Check trend context or policy override.,0.96,0.6334,BEAR,2013-06-26,WATCH,strong_offensive_override
highvol_high_stock,WARNING,prob_high_vol>0.60 but stock>=80%.,0.96,0.6334,BEAR,2013-06-26,WATCH,strong_offensive_override
midtrend_bear_high_stock,WARNING,mid_trend=BEAR but stock>=80%. Check trend context or policy override.,0.96,0.6433,BEAR,2013-06-27,WATCH,strong_offensive_override
highvol_high_stock,WARNING,prob_high_vol>0.60 but stock>=80%.,0.96,0.6433,BEAR,2013-06-27,WATCH,strong_offensive_override
midtrend_bear_high_stock,WARNING,mid_trend=BEAR but stock>=80%. Check trend context or policy override.,0.96,0.6501,BEAR,2013-06-28,WATCH,strong_offensive_override
highvol_high_stock,WARNING,prob_high_vol>0.60 but stock>=80%.,0.96,0.6501,BEAR,2013-06-28,WATCH,strong_offensive_override
midtrend_bear_high_stock,WARNING,mid_trend=BEAR but stock>=80%. Check trend context or policy override.,0.96,0.6283,BEAR,2013-07-01,WATCH,strong_offensive_override
highvol_high_stock,WARNING,prob_high_vol>0.60 but stock>=80%.,0.96,0.6283,BEAR,2013-07-01,WATCH,strong_offensive_override
midtrend_bear_high_stock,WARNING,mid_trend=BEAR but stock>=80%. Check trend context or policy override.,0.96,0.5865,BEAR,2013-07-02,WATCH,strong_offensive_override
midtrend_bear_high_stock,WARNING,mid_trend=BEAR but stock>=80%. Check trend context or policy override.,1.0,0.5461,BEAR,2013-07-03,NORMAL,strong_offensive_override
midtrend_bear_high_stock,WARNING,mid_trend=BEAR but stock>=80%. Check trend context or policy override.,1.0,0.5194,BEAR,2013-07-05,NORMAL,strong_offensive_override
midtrend_bear_high_stock,WARNING,mid_trend=BEAR but stock>=80%. Check trend context or policy override.,1.0,0.5039,BEAR,2013-07-08,NORMAL,strong_offensive_override
midtrend_bear_high_stock,WARNING,mid_trend=BEAR but stock>=80%. Check trend context or policy override.,1.0,0.4841,BEAR,2013-07-09,NORMAL,strong_offensive_override
midtrend_bear_high_stock,WARNING,mid_trend=BEAR but stock>=80%. Check trend context or policy override.,1.0,0.4715,BEAR,2013-07-10,NORMAL,strong_offensive_override
midtrend_bear_high_stock,WARNING,mid_trend=BEAR but stock>=80%. Check trend context or policy override.,1.0,0.4534,BEAR,2013-07-11,NORMAL,strong_offensive_override
midtrend_bear_high_stock,WARNING,mid_trend=BEAR but stock>=80%. Check trend context or policy override.,1.0,0.4442,BEAR,2013-07-12,NORMAL,strong_offensive_override
midtrend_bear_high_stock,WARNING,mid_trend=BEAR but stock>=80%. Check trend context or policy override.,1.0,0.4331,BEAR,2013-07-15,NORMAL,strong_offensive_override
midtrend_bear_high_stock,WARNING,mid_trend=BEAR but stock>=80%. Check trend context or policy override.,1.0,0.4253,BEAR,2013-07-16,NORMAL,strong_offensive_override
midtrend_bear_high_stock,WARNING,mid_trend=BEAR but stock>=80%. Check trend context or policy override.,1.0,0.422,BEAR,2013-07-17,NORMAL,strong_offensive_override
midtrend_bear_high_stock,WARNING,mid_trend=BEAR but stock>=80%. Check trend context or policy override.,1.0,0.4157,BEAR,2013-07-18,NORMAL,strong_offensive_override
midtrend_bear_high_stock,WARNING,mid_trend=BEAR but stock>=80%. Check trend context or policy override.,1.0,0.4178,BEAR,2013-07-19,NORMAL,strong_offensive_override
midtrend_bear_high_stock,WARNING,mid_trend=BEAR but stock>=80%. Check trend context or policy override.,1.0,0.4084,BEAR,2013-07-22,NORMAL,strong_offensive_override
midtrend_bear_high_stock,WARNING,mid_trend=BEAR but stock>=80%. Check trend context or policy override.,1.0,0.4038,BEAR,2013-07-23,NORMAL,strong_offensive_override
midtrend_bear_high_stock,WARNING,mid_trend=BEAR but stock>=80%. Check trend context or policy override.,1.0,0.4708,BEAR,2013-07-25,NORMAL,strong_offensive_override
midtrend_bear_high_stock,WARNING,mid_trend=BEAR but stock>=80%. Check trend context or policy override.,1.0,0.4988,BEAR,2013-07-31,NORMAL,strong_offensive_override
midtrend_bear_high_stock,WARNING,mid_trend=BEAR but stock>=80%. Check trend context or policy override.,1.0,0.4247,BEAR,2014-01-30,NORMAL,strong_offensive_override
midtrend_bear_high_stock,WARNING,mid_trend=BEAR but stock>=80%. Check trend context or policy override.,1.0,0.4516,BEAR,2014-01-31,NORMAL,strong_offensive_override
midtrend_bear_high_stock,WARNING,mid_trend=BEAR but stock>=80%. Check trend context or policy override.,1.0,0.4729,BEAR,2014-02-03,NORMAL,strong_offensive_override
midtrend_bear_high_stock,WARNING,mid_trend=BEAR but stock>=80%. Check trend context or policy override.,1.0,0.4783,BEAR,2014-02-04,NORMAL,strong_offensive_override
midtrend_bear_high_stock,WARNING,mid_trend=BEAR but stock>=80%. Check trend context or policy override.,1.0,0.4702,BEAR,2014-02-05,NORMAL,strong_offensive_override
midtrend_bear_high_stock,WARNING,mid_trend=BEAR but stock>=80%. Check trend context or policy override.,1.0,0.4614,BEAR,2014-02-06,NORMAL,strong_offensive_override
midtrend_bear_high_stock,WARNING,mid_trend=BEAR but stock>=80%. Check trend context or policy override.,1.0,0.5514,BEAR,2014-02-25,WATCH,strong_offensive_override
midtrend_bear_high_stock,WARNING,mid_trend=BEAR but stock>=80%. Check trend context or policy override.,1.0,0.5104,BEAR,2014-02-26,NORMAL,strong_offensive_override
midtrend_bear_high_stock,WARNING,mid_trend=BEAR but stock>=80%. Check trend context or policy override.,1.0,0.4707,BEAR,2014-02-27,NORMAL,strong_offensive_override
midtrend_bear_high_stock,WARNING,mid_trend=BEAR but stock>=80%. Check trend context or policy override.,1.0,0.4416,BEAR,2014-02-28,NORMAL,strong_offensive_override
midtrend_bear_high_stock,WARNING,mid_trend=BEAR but stock>=80%. Check trend context or policy override.,1.0,0.4196,BEAR,2014-03-03,NORMAL,strong_offensive_override
midtrend_bear_high_stock,WARNING,mid_trend=BEAR but stock>=80%. Check trend context or policy override.,1.0,0.4009,BEAR,2014-03-04,NORMAL,strong_offensive_override
midtrend_bear_high_stock,WARNING,mid_trend=BEAR but stock>=80%. Check trend context or policy override.,1.0,0.3777,BEAR,2014-03-05,NORMAL,strong_offensive_override
midtrend_bear_high_stock,WARNING,mid_trend=BEAR but stock>=80%. Check trend context or policy override.,1.0,0.37,BEAR,2014-03-06,NORMAL,strong_offensive_override
midtrend_bear_high_stock,WARNING,mid_trend=BEAR but stock>=80%. Check trend context or policy override.,1.0,0.367,BEAR,2014-03-07,NORMAL,strong_offensive_override
midtrend_bear_high_stock,WARNING,mid_trend=BEAR but stock>=80%. Check trend context or policy override.,1.0,0.3675,BEAR,2014-03-10,NORMAL,strong_offensive_override
midtrend_bear_high_stock,WARNING,mid_trend=BEAR but stock>=80%. Check trend context or policy override.,1.0,0.3845,BEAR,2014-03-13,NORMAL,strong_offensive_override
midtrend_bear_high_stock,WARNING,mid_trend=BEAR but stock>=80%. Check trend context or policy override.,1.0,0.3744,BEAR,2014-03-14,NORMAL,strong_offensive_override
midtrend_bear_high_stock,WARNING,mid_trend=BEAR but stock>=80%. Check trend context or policy override.,1.0,0.3792,BEAR,2014-03-17,NORMAL,strong_offensive_override
midtrend_bear_high_stock,WARNING,mid_trend=BEAR but stock>=80%. Check trend context or policy override.,1.0,0.3711,BEAR,2014-03-18,NORMAL,strong_offensive_override
midtrend_bear_high_stock,WARNING,mid_trend=BEAR but stock>=80%. Check trend context or policy override.,1.0,0.3667,BEAR,2014-03-19,NORMAL,strong_offensive_override
midtrend_bear_high_stock,WARNING,mid_trend=BEAR but stock>=80%. Check trend context or policy override.,1.0,0.3832,BEAR,2014-03-20,NORMAL,strong_offensive_override
midtrend_bear_high_stock,WARNING,mid_trend=BEAR but stock>=80%. Check trend context or policy override.,1.0,0.4276,BEAR,2014-04-17,NORMAL,strong_offensive_override
highvol_high_stock,WARNING,prob_high_vol>0.60 but stock>=80%.,0.82,0.6225,BULL,2014-12-18,WATCH,scheduled
highvol_high_stock,WARNING,prob_high_vol>0.60 but stock>=80%.,0.82,0.6081,BULL,2014-12-19,CUSTOM,not_rebalance_day
highvol_high_stock,WARNING,prob_high_vol>0.60 but stock>=80%.,0.82,0.6274,NEUTRAL,2015-01-05,WATCH,scheduled
highvol_high_stock,WARNING,prob_high_vol>0.60 but stock>=80%.,0.82,0.6493,NEUTRAL,2015-01-06,CUSTOM,not_rebalance_day
highvol_high_stock,WARNING,prob_high_vol>0.60 but stock>=80%.,0.96,0.6662,NEUTRAL,2015-01-07,WATCH,strong_offensive_override
highvol_high_stock,WARNING,prob_high_vol>0.60 but stock>=80%.,0.96,0.6514,NEUTRAL,2015-01-08,WATCH,strong_offensive_override
highvol_high_stock,WARNING,prob_high_vol>0.60 but stock>=80%.,0.96,0.6414,NEUTRAL,2015-01-09,WATCH,strong_offensive_override
highvol_high_stock,WARNING,prob_high_vol>0.60 but stock>=80%.,0.8,0.6375,NEUTRAL,2015-01-12,WATCH,scheduled
highvol_high_stock,WARNING,prob_high_vol>0.60 but stock>=80%.,0.8,0.6246,NEUTRAL,2015-01-13,CUSTOM,not_rebalance_day
highvol_high_stock,WARNING,prob_high_vol>0.60 but stock>=80%.,0.8,0.6276,NEUTRAL,2015-01-14,CUSTOM,not_rebalance_day
highvol_high_stock,WARNING,prob_high_vol>0.60 but stock>=80%.,0.8,0.6397,NEUTRAL,2015-01-15,CUSTOM,not_rebalance_day
highvol_high_stock,WARNING,prob_high_vol>0.60 but stock>=80%.,0.8,0.6518,NEUTRAL,2015-01-16,CUSTOM,not_rebalance_day
highvol_high_stock,WARNING,prob_high_vol>0.60 but stock>=80%.,0.8,0.6455,NEUTRAL,2015-01-20,CUSTOM,no_trade_band
highvol_high_stock,WARNING,prob_high_vol>0.60 but stock>=80%.,0.8,0.6326,NEUTRAL,2015-01-21,CUSTOM,not_rebalance_day
highvol_high_stock,WARNING,prob_high_vol>0.60 but stock>=80%.,0.8,0.6212,NEUTRAL,2015-01-22,CUSTOM,not_rebalance_day
highvol_high_stock,WARNING,prob_high_vol>0.60 but stock>=80%.,0.8,0.6111,NEUTRAL,2015-01-23,CUSTOM,not_rebalance_day
highvol_high_stock,WARNING,prob_high_vol>0.60 but stock>=80%.,0.8,0.6021,NEUTRAL,2015-01-26,CUSTOM,not_rebalance_day
midtrend_bear_high_stock,WARNING,mid_trend=BEAR but stock>=80%. Check trend context or policy override.,1.0,0.2628,BEAR,2015-07-07,NORMAL,strong_offensive_override
midtrend_bear_high_stock,WARNING,mid_trend=BEAR but stock>=80%. Check trend context or policy override.,1.0,0.2934,BEAR,2015-07-08,NORMAL,strong_offensive_override
midtrend_bear_high_stock,WARNING,mid_trend=BEAR but stock>=80%. Check trend context or policy override.,1.0,0.329,BEAR,2015-07-09,NORMAL,strong_offensive_override
midtrend_bear_high_stock,WARNING,mid_trend=BEAR but stock>=80%. Check trend context or policy override.,1.0,0.3454,BEAR,2015-07-10,NORMAL,strong_offensive_override
midtrend_bear_high_stock,WARNING,mid_trend=BEAR but stock>=80%. Check trend context or policy override.,1.0,0.3601,BEAR,2015-07-14,NORMAL,strong_offensive_override
midtrend_bear_high_stock,WARNING,mid_trend=BEAR but stock>=80%. Check trend context or policy override.,1.0,0.3668,BEAR,2015-07-15,NORMAL,strong_offensive_override
midtrend_bear_high_stock,WARNING,mid_trend=BEAR but stock>=80%. Check trend context or policy override.,1.0,0.3646,BEAR,2015-07-22,NORMAL,strong_offensive_override
midtrend_bear_high_stock,WARNING,mid_trend=BEAR but stock>=80%. Check trend context or policy override.,1.0,0.408,BEAR,2015-07-23,NORMAL,strong_offensive_override
midtrend_bear_high_stock,WARNING,mid_trend=BEAR but stock>=80%. Check trend context or policy override.,1.0,0.443,BEAR,2015-07-24,NORMAL,strong_offensive_override
midtrend_bear_high_stock,WARNING,mid_trend=BEAR but stock>=80%. Check trend context or policy override.,1.0,0.4797,BEAR,2015-07-27,NORMAL,strong_offensive_override
midtrend_bear_high_stock,WARNING,mid_trend=BEAR but stock>=80%. Check trend context or policy override.,1.0,0.5176,BEAR,2015-07-28,NORMAL,strong_offensive_override
midtrend_bear_high_stock,WARNING,mid_trend=BEAR but stock>=80%. Check trend context or policy override.,1.0,0.5431,BEAR,2015-07-29,NORMAL,strong_offensive_override
midtrend_bear_high_stock,WARNING,mid_trend=BEAR but stock>=80%. Check trend context or policy override.,1.0,0.5648,BEAR,2015-07-30,WATCH,strong_offensive_override
midtrend_bear_high_stock,WARNING,mid_trend=BEAR but stock>=80%. Check trend context or policy override.,0.96,0.5835,BEAR,2015-07-31,WATCH,strong_offensive_override
midtrend_bear_high_stock,WARNING,mid_trend=BEAR but stock>=80%. Check trend context or policy override.,0.96,0.6178,BEAR,2015-08-03,WATCH,strong_offensive_override
highvol_high_stock,WARNING,prob_high_vol>0.60 but stock>=80%.,0.96,0.6178,BEAR,2015-08-03,WATCH,strong_offensive_override
midtrend_bear_high_stock,WARNING,mid_trend=BEAR but stock>=80%. Check trend context or policy override.,0.96,0.6536,BEAR,2015-08-04,WATCH,strong_offensive_override
highvol_high_stock,WARNING,prob_high_vol>0.60 but stock>=80%.,0.96,0.6536,BEAR,2015-08-04,WATCH,strong_offensive_override
midtrend_bear_high_stock,WARNING,mid_trend=BEAR but stock>=80%. Check trend context or policy override.,0.96,0.68,BEAR,2015-08-05,CUSTOM,not_rebalance_day
highvol_high_stock,WARNING,prob_high_vol>0.60 but stock>=80%.,0.96,0.68,BEAR,2015-08-05,CUSTOM,not_rebalance_day
midtrend_bear_high_stock,WARNING,mid_trend=BEAR but stock>=80%. Check trend context or policy override.,0.8,0.7031,BEAR,2015-08-06,WATCH,no_trade_override_prob_high_vol_cross_0.70
highvol_high_stock,WARNING,prob_high_vol>0.60 but stock>=80%.,0.8,0.7031,BEAR,2015-08-06,WATCH,no_trade_override_prob_high_vol_cross_0.70
midtrend_bear_high_stock,WARNING,mid_trend=BEAR but stock>=80%. Check trend context or policy override.,0.8,0.7171,BEAR,2015-08-07,CUSTOM,not_rebalance_day
highvol_high_stock,WARNING,prob_high_vol>0.60 but stock>=80%.,0.8,0.7171,BEAR,2015-08-07,CUSTOM,not_rebalance_day
midtrend_bear_high_stock,WARNING,mid_trend=BEAR but stock>=80%. Check trend context or policy override.,0.8,0.7162,BEAR,2015-08-10,CUSTOM,no_trade_band
highvol_high_stock,WARNING,prob_high_vol>0.60 but stock>=80%.,0.8,0.7162,BEAR,2015-08-10,CUSTOM,no_trade_band
midtrend_bear_high_stock,WARNING,mid_trend=BEAR but stock>=80%. Check trend context or policy override.,0.8,0.7268,BEAR,2015-08-11,CUSTOM,not_rebalance_day
highvol_high_stock,WARNING,prob_high_vol>0.60 but stock>=80%.,0.8,0.7268,BEAR,2015-08-11,CUSTOM,not_rebalance_day
midtrend_bear_high_stock,WARNING,mid_trend=BEAR but stock>=80%. Check trend context or policy override.,0.8,0.7334,BEAR,2015-08-12,CUSTOM,not_rebalance_day
highvol_high_stock,WARNING,prob_high_vol>0.60 but stock>=80%.,0.8,0.7334,BEAR,2015-08-12,CUSTOM,not_rebalance_day
midtrend_bear_high_stock,WARNING,mid_trend=BEAR but stock>=80%. Check trend context or policy override.,0.8,0.7379,BEAR,2015-08-13,CUSTOM,not_rebalance_day
highvol_high_stock,WARNING,prob_high_vol>0.60 but stock>=80%.,0.8,0.7379,BEAR,2015-08-13,CUSTOM,not_rebalance_day
midtrend_bear_high_stock,WARNING,mid_trend=BEAR but stock>=80%. Check trend context or policy override.,0.8,0.7398,BEAR,2015-08-14,CUSTOM,not_rebalance_day
highvol_high_stock,WARNING,prob_high_vol>0.60 but stock>=80%.,0.8,0.7398,BEAR,2015-08-14,CUSTOM,not_rebalance_day
midtrend_bear_high_stock,WARNING,mid_trend=BEAR but stock>=80%. Check trend context or policy override.,0.8,0.7457,BEAR,2015-08-17,CUSTOM,no_trade_band
highvol_high_stock,WARNING,prob_high_vol>0.60 but stock>=80%.,0.8,0.7457,BEAR,2015-08-17,CUSTOM,no_trade_band
midtrend_bear_high_stock,WARNING,mid_trend=BEAR but stock>=80%. Check trend context or policy override.,0.8,0.7509,BEAR,2015-08-18,CUSTOM,not_rebalance_day
highvol_high_stock,WARNING,prob_high_vol>0.60 but stock>=80%.,0.8,0.7509,BEAR,2015-08-18,CUSTOM,not_rebalance_day
midtrend_bear_high_stock,WARNING,mid_trend=BEAR but stock>=80%. Check trend context or policy override.,0.8,0.7544,BEAR,2015-08-19,CUSTOM,not_rebalance_day
highvol_high_stock,WARNING,prob_high_vol>0.60 but stock>=80%.,0.8,0.7544,BEAR,2015-08-19,CUSTOM,not_rebalance_day
midtrend_bear_high_stock,WARNING,mid_trend=BEAR but stock>=80%. Check trend context or policy override.,0.8,0.7557,BEAR,2015-08-20,CUSTOM,not_rebalance_day
highvol_high_stock,WARNING,prob_high_vol>0.60 but stock>=80%.,0.8,0.7557,BEAR,2015-08-20,CUSTOM,not_rebalance_day
midtrend_bear_high_stock,WARNING,mid_trend=BEAR but stock>=80%. Check trend context or policy override.,0.8,0.7733,BEAR,2015-09-22,RISK_OFF,scheduled
highvol_high_stock,WARNING,prob_high_vol>0.60 but stock>=80%.,0.8,0.7733,BEAR,2015-09-22,RISK_OFF,scheduled
midtrend_bear_high_stock,WARNING,mid_trend=BEAR but stock>=80%. Check trend context or policy override.,0.8,0.7687,BEAR,2015-09-23,CUSTOM,not_rebalance_day
highvol_high_stock,WARNING,prob_high_vol>0.60 but stock>=80%.,0.8,0.7687,BEAR,2015-09-23,CUSTOM,not_rebalance_day
midtrend_bear_high_stock,WARNING,mid_trend=BEAR but stock>=80%. Check trend context or policy override.,0.8,0.7465,BEAR,2015-09-24,CUSTOM,not_rebalance_day
highvol_high_stock,WARNING,prob_high_vol>0.60 but stock>=80%.,0.8,0.7465,BEAR,2015-09-24,CUSTOM,not_rebalance_day
midtrend_bear_high_stock,WARNING,mid_trend=BEAR but stock>=80%. Check trend context or policy override.,0.8,0.7309,BEAR,2015-09-25,CUSTOM,not_rebalance_day
highvol_high_stock,WARNING,prob_high_vol>0.60 but stock>=80%.,0.8,0.7309,BEAR,2015-09-25,CUSTOM,not_rebalance_day
midtrend_bear_high_stock,WARNING,mid_trend=BEAR but stock>=80%. Check trend context or policy override.,0.8,0.7258,BEAR,2015-09-28,CUSTOM,not_rebalance_day
highvol_high_stock,WARNING,prob_high_vol>0.60 but stock>=80%.,0.8,0.7258,BEAR,2015-09-28,CUSTOM,not_rebalance_day
midtrend_bear_high_stock,WARNING,mid_trend=BEAR but stock>=80%. Check trend context or policy override.,0.8,0.741,BEAR,2015-09-29,CUSTOM,no_trade_band
highvol_high_stock,WARNING,prob_high_vol>0.60 but stock>=80%.,0.8,0.741,BEAR,2015-09-29,CUSTOM,no_trade_band
midtrend_bear_high_stock,WARNING,mid_trend=BEAR but stock>=80%. Check trend context or policy override.,0.8,0.7275,BEAR,2015-09-30,CUSTOM,not_rebalance_day
highvol_high_stock,WARNING,prob_high_vol>0.60 but stock>=80%.,0.8,0.7275,BEAR,2015-09-30,CUSTOM,not_rebalance_day
midtrend_bear_high_stock,WARNING,mid_trend=BEAR but stock>=80%. Check trend context or policy override.,0.8,0.7256,BEAR,2015-10-01,CUSTOM,not_rebalance_day
highvol_high_stock,WARNING,prob_high_vol>0.60 but stock>=80%.,0.8,0.7256,BEAR,2015-10-01,CUSTOM,not_rebalance_day
midtrend_bear_high_stock,WARNING,mid_trend=BEAR but stock>=80%. Check trend context or policy override.,0.8,0.7225,BEAR,2015-10-02,CUSTOM,not_rebalance_day
highvol_high_stock,WARNING,prob_high_vol>0.60 but stock>=80%.,0.8,0.7225,BEAR,2015-10-02,CUSTOM,not_rebalance_day
midtrend_bear_high_stock,WARNING,mid_trend=BEAR but stock>=80%. Check trend context or policy override.,0.8,0.7207,BEAR,2015-10-05,CUSTOM,not_rebalance_day
highvol_high_stock,WARNING,prob_high_vol>0.60 but stock>=80%.,0.8,0.7207,BEAR,2015-10-05,CUSTOM,not_rebalance_day
midtrend_bear_high_stock,WARNING,mid_trend=BEAR but stock>=80%. Check trend context or policy override.,0.8,0.7146,BEAR,2015-10-06,CUSTOM,no_trade_band
highvol_high_stock,WARNING,prob_high_vol>0.60 but stock>=80%.,0.8,0.7146,BEAR,2015-10-06,CUSTOM,no_trade_band
midtrend_bear_high_stock,WARNING,mid_trend=BEAR but stock>=80%. Check trend context or policy override.,0.8,0.6982,BEAR,2015-10-07,CUSTOM,not_rebalance_day
highvol_high_stock,WARNING,prob_high_vol>0.60 but stock>=80%.,0.8,0.6982,BEAR,2015-10-07,CUSTOM,not_rebalance_day
midtrend_bear_high_stock,WARNING,mid_trend=BEAR but stock>=80%. Check trend context or policy override.,0.8,0.698,BEAR,2015-10-08,CUSTOM,not_rebalance_day
highvol_high_stock,WARNING,prob_high_vol>0.60 but stock>=80%.,0.8,0.698,BEAR,2015-10-08,CUSTOM,not_rebalance_day
midtrend_bear_high_stock,WARNING,mid_trend=BEAR but stock>=80%. Check trend context or policy override.,0.8,0.6928,BEAR,2015-10-09,CUSTOM,not_rebalance_day
highvol_high_stock,WARNING,prob_high_vol>0.60 but stock>=80%.,0.8,0.6928,BEAR,2015-10-09,CUSTOM,not_rebalance_day
midtrend_bear_high_stock,WARNING,mid_trend=BEAR but stock>=80%. Check trend context or policy override.,0.8,0.6944,BEAR,2015-10-12,CUSTOM,not_rebalance_day
highvol_high_stock,WARNING,prob_high_vol>0.60 but stock>=80%.,0.8,0.6944,BEAR,2015-10-12,CUSTOM,not_rebalance_day
midtrend_bear_high_stock,WARNING,mid_trend=BEAR but stock>=80%. Check trend context or policy override.,0.96,0.6371,BEAR,2015-10-13,WATCH,strong_offensive_override
highvol_high_stock,WARNING,prob_high_vol>0.60 but stock>=80%.,0.96,0.6371,BEAR,2015-10-13,WATCH,strong_offensive_override
midtrend_bear_high_stock,WARNING,mid_trend=BEAR but stock>=80%. Check trend context or policy override.,0.96,0.6083,BEAR,2015-10-14,WATCH,strong_offensive_override
highvol_high_stock,WARNING,prob_high_vol>0.60 but stock>=80%.,0.96,0.6083,BEAR,2015-10-14,WATCH,strong_offensive_override
midtrend_bear_high_stock,WARNING,mid_trend=BEAR but stock>=80%. Check trend context or policy override.,0.96,0.5586,BEAR,2015-10-15,WATCH,strong_offensive_override
midtrend_bear_high_stock,WARNING,mid_trend=BEAR but stock>=80%. Check trend context or policy override.,0.96,0.5336,BEAR,2015-10-16,NORMAL,strong_offensive_override
midtrend_bear_high_stock,WARNING,mid_trend=BEAR but stock>=80%. Check trend context or policy override.,0.96,0.526,BEAR,2015-10-19,NORMAL,strong_offensive_override
midtrend_bear_high_stock,WARNING,mid_trend=BEAR but stock>=80%. Check trend context or policy override.,0.96,0.5282,BEAR,2015-10-20,NORMAL,strong_offensive_override
midtrend_bear_high_stock,WARNING,mid_trend=BEAR but stock>=80%. Check trend context or policy override.,0.96,0.5388,BEAR,2015-10-21,NORMAL,strong_offensive_override
midtrend_bear_high_stock,WARNING,mid_trend=BEAR but stock>=80%. Check trend context or policy override.,1.0,0.5417,BEAR,2015-10-22,NORMAL,strong_offensive_override
midtrend_bear_high_stock,WARNING,mid_trend=BEAR but stock>=80%. Check trend context or policy override.,1.0,0.5417,BEAR,2015-10-23,NORMAL,strong_offensive_override
midtrend_bear_high_stock,WARNING,mid_trend=BEAR but stock>=80%. Check trend context or policy override.,1.0,0.5697,BEAR,2015-10-26,WATCH,strong_offensive_override
midtrend_bear_high_stock,WARNING,mid_trend=BEAR but stock>=80%. Check trend context or policy override.,0.96,0.5874,BEAR,2015-10-27,WATCH,strong_offensive_override
midtrend_bear_high_stock,WARNING,mid_trend=BEAR but stock>=80%. Check trend context or policy override.,0.96,0.5931,BEAR,2015-10-28,WATCH,strong_offensive_override
highvol_high_stock,WARNING,prob_high_vol>0.60 but stock>=80%.,0.8,0.6059,NEUTRAL,2015-11-17,WATCH,scheduled
highvol_high_stock,WARNING,prob_high_vol>0.60 but stock>=80%.,0.8,0.6211,BULL,2015-11-18,CUSTOM,not_rebalance_day
highvol_high_stock,WARNING,prob_high_vol>0.60 but stock>=80%.,0.8,0.6299,BULL,2015-11-19,CUSTOM,not_rebalance_day
highvol_high_stock,WARNING,prob_high_vol>0.60 but stock>=80%.,0.8,0.6362,BULL,2015-11-20,CUSTOM,not_rebalance_day
highvol_high_stock,WARNING,prob_high_vol>0.60 but stock>=80%.,0.8,0.6262,BULL,2015-11-23,CUSTOM,not_rebalance_day
highvol_high_stock,WARNING,prob_high_vol>0.60 but stock>=80%.,0.8,0.6133,BULL,2015-11-24,CUSTOM,no_trade_band
highvol_high_stock,WARNING,prob_high_vol>0.60 but stock>=80%.,0.8,0.6218,BULL,2015-11-25,CUSTOM,not_rebalance_day
highvol_high_stock,WARNING,prob_high_vol>0.60 but stock>=80%.,0.8,0.6305,BULL,2015-11-27,CUSTOM,not_rebalance_day
highvol_high_stock,WARNING,prob_high_vol>0.60 but stock>=80%.,0.8,0.6268,BULL,2015-11-30,CUSTOM,not_rebalance_day
highvol_high_stock,WARNING,prob_high_vol>0.60 but stock>=80%.,0.8,0.6243,BULL,2015-12-01,CUSTOM,not_rebalance_day
highvol_high_stock,WARNING,prob_high_vol>0.60 but stock>=80%.,0.8,0.628,NEUTRAL,2015-12-02,CUSTOM,no_trade_band
highvol_high_stock,WARNING,prob_high_vol>0.60 but stock>=80%.,0.8,0.6281,NEUTRAL,2015-12-03,CUSTOM,not_rebalance_day
highvol_high_stock,WARNING,prob_high_vol>0.60 but stock>=80%.,0.8,0.6197,BULL,2015-12-04,CUSTOM,not_rebalance_day
highvol_high_stock,WARNING,prob_high_vol>0.60 but stock>=80%.,0.8,0.6192,BULL,2015-12-07,CUSTOM,not_rebalance_day
highvol_high_stock,WARNING,prob_high_vol>0.60 but stock>=80%.,0.8,0.6121,BULL,2015-12-08,CUSTOM,not_rebalance_day
highvol_high_stock,WARNING,prob_high_vol>0.60 but stock>=80%.,0.8,0.6269,NEUTRAL,2015-12-09,CUSTOM,no_trade_band
highvol_high_stock,WARNING,prob_high_vol>0.60 but stock>=80%.,0.8,0.6386,NEUTRAL,2015-12-10,CUSTOM,not_rebalance_day
midtrend_bear_high_stock,WARNING,mid_trend=BEAR but stock>=80%. Check trend context or policy override.,0.8,0.6456,BEAR,2015-12-11,CUSTOM,not_rebalance_day
highvol_high_stock,WARNING,prob_high_vol>0.60 but stock>=80%.,0.8,0.6456,BEAR,2015-12-11,CUSTOM,not_rebalance_day
midtrend_bear_high_stock,WARNING,mid_trend=BEAR but stock>=80%. Check trend context or policy override.,0.96,0.6495,BEAR,2015-12-14,WATCH,strong_offensive_override
highvol_high_stock,WARNING,prob_high_vol>0.60 but stock>=80%.,0.96,0.6495,BEAR,2015-12-14,WATCH,strong_offensive_override
midtrend_bear_high_stock,WARNING,mid_trend=BEAR but stock>=80%. Check trend context or policy override.,0.96,0.6675,BEAR,2015-12-15,WATCH,strong_offensive_override
highvol_high_stock,WARNING,prob_high_vol>0.60 but stock>=80%.,0.96,0.6675,BEAR,2015-12-15,WATCH,strong_offensive_override
midtrend_bear_high_stock,WARNING,mid_trend=BEAR but stock>=80%. Check trend context or policy override.,0.96,0.6759,BEAR,2015-12-16,WATCH,strong_offensive_override
highvol_high_stock,WARNING,prob_high_vol>0.60 but stock>=80%.,0.96,0.6759,BEAR,2015-12-16,WATCH,strong_offensive_override
midtrend_bear_high_stock,WARNING,mid_trend=BEAR but stock>=80%. Check trend context or policy override.,0.8,0.7019,BEAR,2015-12-17,WATCH,no_trade_override_prob_high_vol_cross_0.70
highvol_high_stock,WARNING,prob_high_vol>0.60 but stock>=80%.,0.8,0.7019,BEAR,2015-12-17,WATCH,no_trade_override_prob_high_vol_cross_0.70
midtrend_bear_high_stock,WARNING,mid_trend=BEAR but stock>=80%. Check trend context or policy override.,0.8,0.7268,BEAR,2015-12-18,CUSTOM,not_rebalance_day
highvol_high_stock,WARNING,prob_high_vol>0.60 but stock>=80%.,0.8,0.7268,BEAR,2015-12-18,CUSTOM,not_rebalance_day
midtrend_bear_high_stock,WARNING,mid_trend=BEAR but stock>=80%. Check trend context or policy override.,0.8,0.7486,BEAR,2015-12-21,CUSTOM,not_rebalance_day
highvol_high_stock,WARNING,prob_high_vol>0.60 but stock>=80%.,0.8,0.7486,BEAR,2015-12-21,CUSTOM,not_rebalance_day
midtrend_bear_high_stock,WARNING,mid_trend=BEAR but stock>=80%. Check trend context or policy override.,0.8,0.765,BEAR,2015-12-22,CUSTOM,not_rebalance_day
highvol_high_stock,WARNING,prob_high_vol>0.60 but stock>=80%.,0.8,0.765,BEAR,2015-12-22,CUSTOM,not_rebalance_day
midtrend_bear_high_stock,WARNING,mid_trend=BEAR but stock>=80%. Check trend context or policy override.,0.8,0.7735,BEAR,2015-12-23,CUSTOM,no_trade_band
highvol_high_stock,WARNING,prob_high_vol>0.60 but stock>=80%.,0.8,0.7735,BEAR,2015-12-23,CUSTOM,no_trade_band
midtrend_bear_high_stock,WARNING,mid_trend=BEAR but stock>=80%. Check trend context or policy override.,0.8,0.777,BEAR,2015-12-24,CUSTOM,not_rebalance_day
highvol_high_stock,WARNING,prob_high_vol>0.60 but stock>=80%.,0.8,0.777,BEAR,2015-12-24,CUSTOM,not_rebalance_day
midtrend_bear_high_stock,WARNING,mid_trend=BEAR but stock>=80%. Check trend context or policy override.,0.8,0.7817,BEAR,2015-12-28,CUSTOM,no_trade_band
highvol_high_stock,WARNING,prob_high_vol>0.60 but stock>=80%.,0.8,0.7817,BEAR,2015-12-28,CUSTOM,no_trade_band
midtrend_bear_high_stock,WARNING,mid_trend=BEAR but stock>=80%. Check trend context or policy override.,0.8,0.7803,BEAR,2015-12-29,CUSTOM,not_rebalance_day
highvol_high_stock,WARNING,prob_high_vol>0.60 but stock>=80%.,0.8,0.7803,BEAR,2015-12-29,CUSTOM,not_rebalance_day
midtrend_bear_high_stock,WARNING,mid_trend=BEAR but stock>=80%. Check trend context or policy override.,0.8,0.7855,BEAR,2015-12-30,CUSTOM,not_rebalance_day
highvol_high_stock,WARNING,prob_high_vol>0.60 but stock>=80%.,0.8,0.7855,BEAR,2015-12-30,CUSTOM,not_rebalance_day
midtrend_bear_high_stock,WARNING,mid_trend=BEAR but stock>=80%. Check trend context or policy override.,0.8,0.7916,BEAR,2015-12-31,CUSTOM,no_trade_band
highvol_high_stock,WARNING,prob_high_vol>0.60 but stock>=80%.,0.8,0.7916,BEAR,2015-12-31,CUSTOM,no_trade_band
midtrend_bear_high_stock,WARNING,mid_trend=BEAR but stock>=80%. Check trend context or policy override.,0.8,0.7956,BEAR,2016-01-04,CUSTOM,not_rebalance_day
highvol_high_stock,WARNING,prob_high_vol>0.60 but stock>=80%.,0.8,0.7956,BEAR,2016-01-04,CUSTOM,not_rebalance_day
midtrend_bear_high_stock,WARNING,mid_trend=BEAR but stock>=80%. Check trend context or policy override.,0.96,0.5842,BEAR,2016-03-03,WATCH,strong_offensive_override
midtrend_bear_high_stock,WARNING,mid_trend=BEAR but stock>=80%. Check trend context or policy override.,0.96,0.5699,BEAR,2016-03-04,WATCH,strong_offensive_override
midtrend_bear_high_stock,WARNING,mid_trend=BEAR but stock>=80%. Check trend context or policy override.,0.96,0.5716,BEAR,2016-03-07,WATCH,strong_offensive_override
midtrend_bear_high_stock,WARNING,mid_trend=BEAR but stock>=80%. Check trend context or policy override.,0.96,0.5586,BEAR,2016-03-08,WATCH,strong_offensive_override
midtrend_bear_high_stock,WARNING,mid_trend=BEAR but stock>=80%. Check trend context or policy override.,1.0,0.5492,BEAR,2016-03-09,NORMAL,strong_offensive_override
midtrend_bear_high_stock,WARNING,mid_trend=BEAR but stock>=80%. Check trend context or policy override.,1.0,0.5399,BEAR,2016-03-10,NORMAL,strong_offensive_override
midtrend_bear_high_stock,WARNING,mid_trend=BEAR but stock>=80%. Check trend context or policy override.,1.0,0.5332,BEAR,2016-03-11,NORMAL,strong_offensive_override
midtrend_bear_high_stock,WARNING,mid_trend=BEAR but stock>=80%. Check trend context or policy override.,1.0,0.5282,BEAR,2016-03-14,NORMAL,strong_offensive_override
midtrend_bear_high_stock,WARNING,mid_trend=BEAR but stock>=80%. Check trend context or policy override.,1.0,0.5231,BEAR,2016-03-15,NORMAL,strong_offensive_override
midtrend_bear_high_stock,WARNING,mid_trend=BEAR but stock>=80%. Check trend context or policy override.,1.0,0.5215,BEAR,2016-03-16,NORMAL,strong_offensive_override
midtrend_bear_high_stock,WARNING,mid_trend=BEAR but stock>=80%. Check trend context or policy override.,1.0,0.537,BEAR,2016-03-18,NORMAL,strong_offensive_override
midtrend_bear_high_stock,WARNING,mid_trend=BEAR but stock>=80%. Check trend context or policy override.,0.8,0.7589,BEAR,2016-05-25,RISK_OFF,scheduled
highvol_high_stock,WARNING,prob_high_vol>0.60 but stock>=80%.,0.8,0.7589,BEAR,2016-05-25,RISK_OFF,scheduled
midtrend_bear_high_stock,WARNING,mid_trend=BEAR but stock>=80%. Check trend context or policy override.,0.8,0.6885,BEAR,2016-05-26,CUSTOM,not_rebalance_day
highvol_high_stock,WARNING,prob_high_vol>0.60 but stock>=80%.,0.8,0.6885,BEAR,2016-05-26,CUSTOM,not_rebalance_day
midtrend_bear_high_stock,WARNING,mid_trend=BEAR but stock>=80%. Check trend context or policy override.,0.96,0.6282,BEAR,2016-05-27,WATCH,strong_offensive_override
highvol_high_stock,WARNING,prob_high_vol>0.60 but stock>=80%.,0.96,0.6282,BEAR,2016-05-27,WATCH,strong_offensive_override
midtrend_bear_high_stock,WARNING,mid_trend=BEAR but stock>=80%. Check trend context or policy override.,0.96,0.5829,BEAR,2016-05-31,WATCH,strong_offensive_override
midtrend_bear_high_stock,WARNING,mid_trend=BEAR but stock>=80%. Check trend context or policy override.,1.0,0.553,BEAR,2016-06-01,WATCH,strong_offensive_override
midtrend_bear_high_stock,WARNING,mid_trend=BEAR but stock>=80%. Check trend context or policy override.,1.0,0.5277,BEAR,2016-06-02,NORMAL,strong_offensive_override
midtrend_bear_high_stock,WARNING,mid_trend=BEAR but stock>=80%. Check trend context or policy override.,1.0,0.5077,BEAR,2016-06-03,NORMAL,strong_offensive_override
midtrend_bear_high_stock,WARNING,mid_trend=BEAR but stock>=80%. Check trend context or policy override.,1.0,0.5138,BEAR,2016-06-06,NORMAL,strong_offensive_override
midtrend_bear_high_stock,WARNING,mid_trend=BEAR but stock>=80%. Check trend context or policy override.,1.0,0.5111,BEAR,2016-06-07,NORMAL,strong_offensive_override
midtrend_bear_high_stock,WARNING,mid_trend=BEAR but stock>=80%. Check trend context or policy override.,1.0,0.5063,BEAR,2016-06-08,NORMAL,strong_offensive_override
midtrend_bear_high_stock,WARNING,mid_trend=BEAR but stock>=80%. Check trend context or policy override.,1.0,0.5025,BEAR,2016-06-09,NORMAL,strong_offensive_override
midtrend_bear_high_stock,WARNING,mid_trend=BEAR but stock>=80%. Check trend context or policy override.,1.0,0.4925,BEAR,2016-06-10,NORMAL,strong_offensive_override
midtrend_bear_high_stock,WARNING,mid_trend=BEAR but stock>=80%. Check trend context or policy override.,1.0,0.5016,BEAR,2016-06-13,NORMAL,strong_offensive_override
midtrend_bear_high_stock,WARNING,mid_trend=BEAR but stock>=80%. Check trend context or policy override.,1.0,0.4972,BEAR,2016-06-14,NORMAL,strong_offensive_override
midtrend_bear_high_stock,WARNING,mid_trend=BEAR but stock>=80%. Check trend context or policy override.,1.0,0.4886,BEAR,2016-06-15,NORMAL,strong_offensive_override
midtrend_bear_high_stock,WARNING,mid_trend=BEAR but stock>=80%. Check trend context or policy override.,1.0,0.482,BEAR,2016-06-16,NORMAL,strong_offensive_override
midtrend_bear_high_stock,WARNING,mid_trend=BEAR but stock>=80%. Check trend context or policy override.,1.0,0.4912,BEAR,2016-06-17,NORMAL,strong_offensive_override
midtrend_bear_high_stock,WARNING,mid_trend=BEAR but stock>=80%. Check trend context or policy override.,1.0,0.4995,BEAR,2016-06-20,NORMAL,strong_offensive_override
midtrend_bear_high_stock,WARNING,mid_trend=BEAR but stock>=80%. Check trend context or policy override.,1.0,0.5132,BEAR,2016-06-21,NORMAL,strong_offensive_override
midtrend_bear_high_stock,WARNING,mid_trend=BEAR but stock>=80%. Check trend context or policy override.,1.0,0.5434,BEAR,2016-06-22,NORMAL,strong_offensive_override
midtrend_bear_high_stock,WARNING,mid_trend=BEAR but stock>=80%. Check trend context or policy override.,1.0,0.5645,BEAR,2016-06-23,WATCH,strong_offensive_override
midtrend_bear_high_stock,WARNING,mid_trend=BEAR but stock>=80%. Check trend context or policy override.,0.96,0.5953,BEAR,2016-06-24,WATCH,strong_offensive_override
midtrend_bear_high_stock,WARNING,mid_trend=BEAR but stock>=80%. Check trend context or policy override.,0.96,0.624,BEAR,2016-06-27,WATCH,strong_offensive_override
highvol_high_stock,WARNING,prob_high_vol>0.60 but stock>=80%.,0.96,0.624,BEAR,2016-06-27,WATCH,strong_offensive_override
midtrend_bear_high_stock,WARNING,mid_trend=BEAR but stock>=80%. Check trend context or policy override.,0.96,0.6413,BEAR,2016-06-28,WATCH,strong_offensive_override
highvol_high_stock,WARNING,prob_high_vol>0.60 but stock>=80%.,0.96,0.6413,BEAR,2016-06-28,WATCH,strong_offensive_override
midtrend_bear_high_stock,WARNING,mid_trend=BEAR but stock>=80%. Check trend context or policy override.,0.96,0.6503,BEAR,2016-06-29,WATCH,strong_offensive_override
highvol_high_stock,WARNING,prob_high_vol>0.60 but stock>=80%.,0.96,0.6503,BEAR,2016-06-29,WATCH,strong_offensive_override
midtrend_bear_high_stock,WARNING,mid_trend=BEAR but stock>=80%. Check trend context or policy override.,0.96,0.6454,BEAR,2016-06-30,WATCH,strong_offensive_override
highvol_high_stock,WARNING,prob_high_vol>0.60 but stock>=80%.,0.96,0.6454,BEAR,2016-06-30,WATCH,strong_offensive_override
midtrend_bear_high_stock,WARNING,mid_trend=BEAR but stock>=80%. Check trend context or policy override.,0.96,0.642,BEAR,2016-07-01,WATCH,strong_offensive_override
highvol_high_stock,WARNING,prob_high_vol>0.60 but stock>=80%.,0.96,0.642,BEAR,2016-07-01,WATCH,strong_offensive_override
midtrend_bear_high_stock,WARNING,mid_trend=BEAR but stock>=80%. Check trend context or policy override.,0.96,0.6405,BEAR,2016-07-05,WATCH,strong_offensive_override
highvol_high_stock,WARNING,prob_high_vol>0.60 but stock>=80%.,0.96,0.6405,BEAR,2016-07-05,WATCH,strong_offensive_override
midtrend_bear_high_stock,WARNING,mid_trend=BEAR but stock>=80%. Check trend context or policy override.,0.96,0.6349,BEAR,2016-07-06,WATCH,strong_offensive_override
highvol_high_stock,WARNING,prob_high_vol>0.60 but stock>=80%.,0.96,0.6349,BEAR,2016-07-06,WATCH,strong_offensive_override
midtrend_bear_high_stock,WARNING,mid_trend=BEAR but stock>=80%. Check trend context or policy override.,0.96,0.6305,BEAR,2016-07-07,WATCH,strong_offensive_override
highvol_high_stock,WARNING,prob_high_vol>0.60 but stock>=80%.,0.96,0.6305,BEAR,2016-07-07,WATCH,strong_offensive_override
midtrend_bear_high_stock,WARNING,mid_trend=BEAR but stock>=80%. Check trend context or policy override.,0.96,0.6226,BEAR,2016-07-08,WATCH,strong_offensive_override
highvol_high_stock,WARNING,prob_high_vol>0.60 but stock>=80%.,0.96,0.6226,BEAR,2016-07-08,WATCH,strong_offensive_override
midtrend_bear_high_stock,WARNING,mid_trend=BEAR but stock>=80%. Check trend context or policy override.,0.96,0.6035,BEAR,2016-07-11,WATCH,strong_offensive_override
highvol_high_stock,WARNING,prob_high_vol>0.60 but stock>=80%.,0.96,0.6035,BEAR,2016-07-11,WATCH,strong_offensive_override
midtrend_bear_high_stock,WARNING,mid_trend=BEAR but stock>=80%. Check trend context or policy override.,0.96,0.5808,BEAR,2016-07-12,WATCH,strong_offensive_override
midtrend_bear_high_stock,WARNING,mid_trend=BEAR but stock>=80%. Check trend context or policy override.,1.0,0.5578,BEAR,2016-07-13,WATCH,strong_offensive_override
midtrend_bear_high_stock,WARNING,mid_trend=BEAR but stock>=80%. Check trend context or policy override.,1.0,0.5257,BEAR,2016-07-14,NORMAL,strong_offensive_override
midtrend_bear_high_stock,WARNING,mid_trend=BEAR but stock>=80%. Check trend context or policy override.,1.0,0.5007,BEAR,2016-07-15,NORMAL,strong_offensive_override
highvol_high_stock,WARNING,prob_high_vol>0.60 but stock>=80%.,0.8,0.6678,NEUTRAL,2016-11-21,WATCH,scheduled
highvol_high_stock,WARNING,prob_high_vol>0.60 but stock>=80%.,0.96,0.64,NEUTRAL,2016-11-22,WATCH,strong_offensive_override
midtrend_bear_high_stock,WARNING,mid_trend=BEAR but stock>=80%. Check trend context or policy override.,1.0,0.4258,BEAR,2018-02-02,NORMAL,strong_offensive_override
midtrend_bear_high_stock,WARNING,mid_trend=BEAR but stock>=80%. Check trend context or policy override.,1.0,0.3993,BEAR,2018-02-05,NORMAL,strong_offensive_override
midtrend_bear_high_stock,WARNING,mid_trend=BEAR but stock>=80%. Check trend context or policy override.,0.96,0.3921,BEAR,2018-02-06,NORMAL,strong_offensive_override
midtrend_bear_high_stock,WARNING,mid_trend=BEAR but stock>=80%. Check trend context or policy override.,0.96,0.4091,BEAR,2018-02-07,CUSTOM,not_rebalance_day
highvol_high_stock,WARNING,prob_high_vol>0.60 but stock>=80%.,0.8,0.6154,BULL,2018-03-02,WATCH,scheduled
highvol_high_stock,WARNING,prob_high_vol>0.60 but stock>=80%.,0.8,0.6332,BULL,2018-03-05,CUSTOM,not_rebalance_day
highvol_high_stock,WARNING,prob_high_vol>0.60 but stock>=80%.,0.96,0.6358,BULL,2018-03-06,WATCH,strong_offensive_override
highvol_high_stock,WARNING,prob_high_vol>0.60 but stock>=80%.,0.96,0.6379,NEUTRAL,2018-03-07,WATCH,strong_offensive_override
highvol_high_stock,WARNING,prob_high_vol>0.60 but stock>=80%.,0.96,0.6328,BULL,2018-03-08,WATCH,strong_offensive_override
highvol_high_stock,WARNING,prob_high_vol>0.60 but stock>=80%.,0.96,0.6171,BULL,2018-03-09,WATCH,strong_offensive_override
highvol_high_stock,WARNING,prob_high_vol>0.60 but stock>=80%.,0.96,0.619,NEUTRAL,2018-03-29,WATCH,strong_offensive_override
highvol_high_stock,WARNING,prob_high_vol>0.60 but stock>=80%.,0.96,0.6597,NEUTRAL,2018-04-02,WATCH,strong_offensive_override
highvol_high_stock,WARNING,prob_high_vol>0.60 but stock>=80%.,0.96,0.686,NEUTRAL,2018-04-03,CUSTOM,not_rebalance_day
highvol_high_stock,WARNING,prob_high_vol>0.60 but stock>=80%.,0.8,0.7019,NEUTRAL,2018-04-04,WATCH,no_trade_override_prob_high_vol_cross_0.70
highvol_high_stock,WARNING,prob_high_vol>0.60 but stock>=80%.,0.8,0.7006,NEUTRAL,2018-04-05,CUSTOM,not_rebalance_day
highvol_high_stock,WARNING,prob_high_vol>0.60 but stock>=80%.,0.8,0.7128,NEUTRAL,2018-04-06,CUSTOM,not_rebalance_day
highvol_high_stock,WARNING,prob_high_vol>0.60 but stock>=80%.,0.8,0.7175,NEUTRAL,2018-04-09,CUSTOM,no_trade_band
highvol_high_stock,WARNING,prob_high_vol>0.60 but stock>=80%.,0.8,0.7137,NEUTRAL,2018-04-10,CUSTOM,not_rebalance_day
highvol_high_stock,WARNING,prob_high_vol>0.60 but stock>=80%.,0.8,0.7101,NEUTRAL,2018-04-11,CUSTOM,not_rebalance_day
highvol_high_stock,WARNING,prob_high_vol>0.60 but stock>=80%.,0.8,0.6831,NEUTRAL,2018-04-12,CUSTOM,not_rebalance_day
highvol_high_stock,WARNING,prob_high_vol>0.60 but stock>=80%.,0.96,0.6616,NEUTRAL,2018-04-13,WATCH,strong_offensive_override
highvol_high_stock,WARNING,prob_high_vol>0.60 but stock>=80%.,0.96,0.638,NEUTRAL,2018-04-16,WATCH,strong_offensive_override
highvol_high_stock,WARNING,prob_high_vol>0.60 but stock>=80%.,0.96,0.6208,NEUTRAL,2018-04-17,WATCH,strong_offensive_override
highvol_high_stock,WARNING,prob_high_vol>0.60 but stock>=80%.,0.96,0.6121,NEUTRAL,2018-04-18,WATCH,strong_offensive_override
highvol_high_stock,WARNING,prob_high_vol>0.60 but stock>=80%.,0.96,0.6468,NEUTRAL,2018-04-19,WATCH,strong_offensive_override
midtrend_bear_high_stock,WARNING,mid_trend=BEAR but stock>=80%. Check trend context or policy override.,0.96,0.6823,BEAR,2018-04-20,CUSTOM,not_rebalance_day
highvol_high_stock,WARNING,prob_high_vol>0.60 but stock>=80%.,0.96,0.6823,BEAR,2018-04-20,CUSTOM,not_rebalance_day
highvol_high_stock,WARNING,prob_high_vol>0.60 but stock>=80%.,0.8,0.7103,NEUTRAL,2018-04-23,WATCH,scheduled
midtrend_bear_high_stock,WARNING,mid_trend=BEAR but stock>=80%. Check trend context or policy override.,0.8,0.729,BEAR,2018-04-24,CUSTOM,not_rebalance_day
highvol_high_stock,WARNING,prob_high_vol>0.60 but stock>=80%.,0.8,0.729,BEAR,2018-04-24,CUSTOM,not_rebalance_day
midtrend_bear_high_stock,WARNING,mid_trend=BEAR but stock>=80%. Check trend context or policy override.,0.8,0.734,BEAR,2018-04-25,CUSTOM,not_rebalance_day
highvol_high_stock,WARNING,prob_high_vol>0.60 but stock>=80%.,0.8,0.734,BEAR,2018-04-25,CUSTOM,not_rebalance_day
midtrend_bear_high_stock,WARNING,mid_trend=BEAR but stock>=80%. Check trend context or policy override.,0.8,0.7358,BEAR,2018-04-26,CUSTOM,not_rebalance_day
highvol_high_stock,WARNING,prob_high_vol>0.60 but stock>=80%.,0.8,0.7358,BEAR,2018-04-26,CUSTOM,not_rebalance_day
midtrend_bear_high_stock,WARNING,mid_trend=BEAR but stock>=80%. Check trend context or policy override.,0.8,0.7404,BEAR,2018-04-27,CUSTOM,not_rebalance_day
highvol_high_stock,WARNING,prob_high_vol>0.60 but stock>=80%.,0.8,0.7404,BEAR,2018-04-27,CUSTOM,not_rebalance_day
midtrend_bear_high_stock,WARNING,mid_trend=BEAR but stock>=80%. Check trend context or policy override.,0.8,0.7356,BEAR,2018-04-30,CUSTOM,no_trade_band
highvol_high_stock,WARNING,prob_high_vol>0.60 but stock>=80%.,0.8,0.7356,BEAR,2018-04-30,CUSTOM,no_trade_band
midtrend_bear_high_stock,WARNING,mid_trend=BEAR but stock>=80%. Check trend context or policy override.,0.8,0.7278,BEAR,2018-05-01,CUSTOM,not_rebalance_day
highvol_high_stock,WARNING,prob_high_vol>0.60 but stock>=80%.,0.8,0.7278,BEAR,2018-05-01,CUSTOM,not_rebalance_day
highvol_high_stock,WARNING,prob_high_vol>0.60 but stock>=80%.,0.8,0.7092,NEUTRAL,2018-05-02,CUSTOM,not_rebalance_day
highvol_high_stock,WARNING,prob_high_vol>0.60 but stock>=80%.,0.8,0.6808,NEUTRAL,2018-05-03,CUSTOM,not_rebalance_day
highvol_high_stock,WARNING,prob_high_vol>0.60 but stock>=80%.,0.96,0.6438,BULL,2018-05-04,WATCH,strong_offensive_override
highvol_high_stock,WARNING,prob_high_vol>0.60 but stock>=80%.,0.96,0.603,BULL,2018-05-18,WATCH,strong_offensive_override
highvol_high_stock,WARNING,prob_high_vol>0.60 but stock>=80%.,0.96,0.6171,BULL,2018-05-21,WATCH,strong_offensive_override
highvol_high_stock,WARNING,prob_high_vol>0.60 but stock>=80%.,0.96,0.6257,BULL,2018-05-22,CUSTOM,not_rebalance_day
highvol_high_stock,WARNING,prob_high_vol>0.60 but stock>=80%.,0.96,0.6336,BULL,2018-05-23,CUSTOM,not_rebalance_day
highvol_high_stock,WARNING,prob_high_vol>0.60 but stock>=80%.,0.96,0.6399,BULL,2018-05-24,CUSTOM,not_rebalance_day
highvol_high_stock,WARNING,prob_high_vol>0.60 but stock>=80%.,0.96,0.6376,BULL,2018-05-25,CUSTOM,not_rebalance_day
highvol_high_stock,WARNING,prob_high_vol>0.60 but stock>=80%.,0.96,0.6398,NEUTRAL,2018-10-29,WATCH,strong_offensive_override
highvol_high_stock,WARNING,prob_high_vol>0.60 but stock>=80%.,0.96,0.6536,NEUTRAL,2018-10-30,WATCH,strong_offensive_override
highvol_high_stock,WARNING,prob_high_vol>0.60 but stock>=80%.,0.96,0.6612,NEUTRAL,2018-10-31,WATCH,strong_offensive_override
highvol_high_stock,WARNING,prob_high_vol>0.60 but stock>=80%.,0.96,0.666,NEUTRAL,2018-11-01,WATCH,strong_offensive_override
highvol_high_stock,WARNING,prob_high_vol>0.60 but stock>=80%.,0.96,0.6783,NEUTRAL,2018-11-02,WATCH,strong_offensive_override
midtrend_bear_high_stock,WARNING,mid_trend=BEAR but stock>=80%. Check trend context or policy override.,0.96,0.6887,BEAR,2018-11-05,CUSTOM,not_rebalance_day
highvol_high_stock,WARNING,prob_high_vol>0.60 but stock>=80%.,0.96,0.6887,BEAR,2018-11-05,CUSTOM,not_rebalance_day
midtrend_bear_high_stock,WARNING,mid_trend=BEAR but stock>=80%. Check trend context or policy override.,0.96,0.6813,BEAR,2018-11-06,CUSTOM,not_rebalance_day
highvol_high_stock,WARNING,prob_high_vol>0.60 but stock>=80%.,0.96,0.6813,BEAR,2018-11-06,CUSTOM,not_rebalance_day
highvol_high_stock,WARNING,prob_high_vol>0.60 but stock>=80%.,0.96,0.6613,NEUTRAL,2018-11-07,WATCH,strong_offensive_override
midtrend_bear_high_stock,WARNING,mid_trend=BEAR but stock>=80%. Check trend context or policy override.,0.96,0.6458,BEAR,2018-11-08,WATCH,strong_offensive_override
highvol_high_stock,WARNING,prob_high_vol>0.60 but stock>=80%.,0.96,0.6458,BEAR,2018-11-08,WATCH,strong_offensive_override
midtrend_bear_high_stock,WARNING,mid_trend=BEAR but stock>=80%. Check trend context or policy override.,0.96,0.6576,BEAR,2018-11-09,WATCH,strong_offensive_override
highvol_high_stock,WARNING,prob_high_vol>0.60 but stock>=80%.,0.96,0.6576,BEAR,2018-11-09,WATCH,strong_offensive_override
midtrend_bear_high_stock,WARNING,mid_trend=BEAR but stock>=80%. Check trend context or policy override.,0.96,0.6665,BEAR,2018-11-12,WATCH,strong_offensive_override
highvol_high_stock,WARNING,prob_high_vol>0.60 but stock>=80%.,0.96,0.6665,BEAR,2018-11-12,WATCH,strong_offensive_override
midtrend_bear_high_stock,WARNING,mid_trend=BEAR but stock>=80%. Check trend context or policy override.,0.96,0.6734,BEAR,2018-11-13,WATCH,strong_offensive_override
highvol_high_stock,WARNING,prob_high_vol>0.60 but stock>=80%.,0.96,0.6734,BEAR,2018-11-13,WATCH,strong_offensive_override
midtrend_bear_high_stock,WARNING,mid_trend=BEAR but stock>=80%. Check trend context or policy override.,0.96,0.6699,BEAR,2018-11-14,WATCH,strong_offensive_override
highvol_high_stock,WARNING,prob_high_vol>0.60 but stock>=80%.,0.96,0.6699,BEAR,2018-11-14,WATCH,strong_offensive_override
midtrend_bear_high_stock,WARNING,mid_trend=BEAR but stock>=80%. Check trend context or policy override.,0.8,0.6807,BEAR,2018-11-15,WATCH,scheduled
highvol_high_stock,WARNING,prob_high_vol>0.60 but stock>=80%.,0.8,0.6807,BEAR,2018-11-15,WATCH,scheduled
midtrend_bear_high_stock,WARNING,mid_trend=BEAR but stock>=80%. Check trend context or policy override.,0.8,0.6889,BEAR,2018-11-16,CUSTOM,not_rebalance_day
highvol_high_stock,WARNING,prob_high_vol>0.60 but stock>=80%.,0.8,0.6889,BEAR,2018-11-16,CUSTOM,not_rebalance_day
midtrend_bear_high_stock,WARNING,mid_trend=BEAR but stock>=80%. Check trend context or policy override.,0.8,0.699,BEAR,2018-11-19,CUSTOM,not_rebalance_day
highvol_high_stock,WARNING,prob_high_vol>0.60 but stock>=80%.,0.8,0.699,BEAR,2018-11-19,CUSTOM,not_rebalance_day
midtrend_bear_high_stock,WARNING,mid_trend=BEAR but stock>=80%. Check trend context or policy override.,0.96,0.6451,BEAR,2019-02-05,WATCH,strong_offensive_override
highvol_high_stock,WARNING,prob_high_vol>0.60 but stock>=80%.,0.96,0.6451,BEAR,2019-02-05,WATCH,strong_offensive_override
midtrend_bear_high_stock,WARNING,mid_trend=BEAR but stock>=80%. Check trend context or policy override.,0.96,0.6254,BEAR,2019-02-06,WATCH,strong_offensive_override
highvol_high_stock,WARNING,prob_high_vol>0.60 but stock>=80%.,0.96,0.6254,BEAR,2019-02-06,WATCH,strong_offensive_override
midtrend_bear_high_stock,WARNING,mid_trend=BEAR but stock>=80%. Check trend context or policy override.,0.96,0.6153,BEAR,2019-02-07,WATCH,strong_offensive_override
highvol_high_stock,WARNING,prob_high_vol>0.60 but stock>=80%.,0.96,0.6153,BEAR,2019-02-07,WATCH,strong_offensive_override
midtrend_bear_high_stock,WARNING,mid_trend=BEAR but stock>=80%. Check trend context or policy override.,0.96,0.605,BEAR,2019-02-08,WATCH,strong_offensive_override
highvol_high_stock,WARNING,prob_high_vol>0.60 but stock>=80%.,0.96,0.605,BEAR,2019-02-08,WATCH,strong_offensive_override
midtrend_bear_high_stock,WARNING,mid_trend=BEAR but stock>=80%. Check trend context or policy override.,0.96,0.5955,BEAR,2019-02-11,WATCH,strong_offensive_override
midtrend_bear_high_stock,WARNING,mid_trend=BEAR but stock>=80%. Check trend context or policy override.,0.96,0.5888,BEAR,2019-02-12,WATCH,strong_offensive_override
midtrend_bear_high_stock,WARNING,mid_trend=BEAR but stock>=80%. Check trend context or policy override.,0.96,0.5836,BEAR,2019-02-13,WATCH,strong_offensive_override
midtrend_bear_high_stock,WARNING,mid_trend=BEAR but stock>=80%. Check trend context or policy override.,0.96,0.58,BEAR,2019-02-14,WATCH,strong_offensive_override
midtrend_bear_high_stock,WARNING,mid_trend=BEAR but stock>=80%. Check trend context or policy override.,0.96,0.5802,BEAR,2019-02-15,WATCH,strong_offensive_override
midtrend_bear_high_stock,WARNING,mid_trend=BEAR but stock>=80%. Check trend context or policy override.,1.0,0.5741,BEAR,2019-02-19,WATCH,strong_offensive_override
midtrend_bear_high_stock,WARNING,mid_trend=BEAR but stock>=80%. Check trend context or policy override.,0.96,0.5665,BEAR,2019-02-20,WATCH,strong_offensive_override
midtrend_bear_high_stock,WARNING,mid_trend=BEAR but stock>=80%. Check trend context or policy override.,0.96,0.5657,BEAR,2019-02-21,CUSTOM,not_rebalance_day
midtrend_bear_high_stock,WARNING,mid_trend=BEAR but stock>=80%. Check trend context or policy override.,0.8,0.7976,BEAR,2021-03-03,RISK_OFF,scheduled
highvol_high_stock,WARNING,prob_high_vol>0.60 but stock>=80%.,0.8,0.7976,BEAR,2021-03-03,RISK_OFF,scheduled
midtrend_bear_high_stock,WARNING,mid_trend=BEAR but stock>=80%. Check trend context or policy override.,0.8,0.8033,BEAR,2021-03-04,CUSTOM,not_rebalance_day
highvol_high_stock,WARNING,prob_high_vol>0.60 but stock>=80%.,0.8,0.8033,BEAR,2021-03-04,CUSTOM,not_rebalance_day
extreme_highvol_full_stock,HARD_CAP,prob_high_vol>0.80 but stock>=70%.,0.8,0.8033,BEAR,2021-03-04,CUSTOM,not_rebalance_day
midtrend_bear_high_stock,WARNING,mid_trend=BEAR but stock>=80%. Check trend context or policy override.,0.8,0.8013,BEAR,2021-03-05,CUSTOM,no_trade_band
highvol_high_stock,WARNING,prob_high_vol>0.60 but stock>=80%.,0.8,0.8013,BEAR,2021-03-05,CUSTOM,no_trade_band
extreme_highvol_full_stock,HARD_CAP,prob_high_vol>0.80 but stock>=70%.,0.8,0.8013,BEAR,2021-03-05,CUSTOM,no_trade_band
midtrend_bear_high_stock,WARNING,mid_trend=BEAR but stock>=80%. Check trend context or policy override.,0.8,0.8062,BEAR,2021-03-08,CUSTOM,not_rebalance_day
highvol_high_stock,WARNING,prob_high_vol>0.60 but stock>=80%.,0.8,0.8062,BEAR,2021-03-08,CUSTOM,not_rebalance_day
extreme_highvol_full_stock,HARD_CAP,prob_high_vol>0.80 but stock>=70%.,0.8,0.8062,BEAR,2021-03-08,CUSTOM,not_rebalance_day
midtrend_bear_high_stock,WARNING,mid_trend=BEAR but stock>=80%. Check trend context or policy override.,0.8,0.7949,BEAR,2021-03-09,CUSTOM,not_rebalance_day
highvol_high_stock,WARNING,prob_high_vol>0.60 but stock>=80%.,0.8,0.7949,BEAR,2021-03-09,CUSTOM,not_rebalance_day
midtrend_bear_high_stock,WARNING,mid_trend=BEAR but stock>=80%. Check trend context or policy override.,0.8,0.7984,BEAR,2021-03-10,CUSTOM,no_trade_band
highvol_high_stock,WARNING,prob_high_vol>0.60 but stock>=80%.,0.8,0.7984,BEAR,2021-03-10,CUSTOM,no_trade_band
midtrend_bear_high_stock,WARNING,mid_trend=BEAR but stock>=80%. Check trend context or policy override.,0.8,0.7968,BEAR,2021-03-11,CUSTOM,not_rebalance_day
highvol_high_stock,WARNING,prob_high_vol>0.60 but stock>=80%.,0.8,0.7968,BEAR,2021-03-11,CUSTOM,not_rebalance_day
midtrend_bear_high_stock,WARNING,mid_trend=BEAR but stock>=80%. Check trend context or policy override.,0.8,0.799,BEAR,2021-03-12,CUSTOM,no_trade_band
highvol_high_stock,WARNING,prob_high_vol>0.60 but stock>=80%.,0.8,0.799,BEAR,2021-03-12,CUSTOM,no_trade_band
midtrend_bear_high_stock,WARNING,mid_trend=BEAR but stock>=80%. Check trend context or policy override.,0.8,0.7893,BEAR,2021-03-15,CUSTOM,not_rebalance_day
highvol_high_stock,WARNING,prob_high_vol>0.60 but stock>=80%.,0.8,0.7893,BEAR,2021-03-15,CUSTOM,not_rebalance_day
midtrend_bear_high_stock,WARNING,mid_trend=BEAR but stock>=80%. Check trend context or policy override.,0.8,0.7727,BEAR,2021-03-16,CUSTOM,not_rebalance_day
highvol_high_stock,WARNING,prob_high_vol>0.60 but stock>=80%.,0.8,0.7727,BEAR,2021-03-16,CUSTOM,not_rebalance_day
midtrend_bear_high_stock,WARNING,mid_trend=BEAR but stock>=80%. Check trend context or policy override.,0.8,0.7646,BEAR,2021-03-17,CUSTOM,no_trade_band
highvol_high_stock,WARNING,prob_high_vol>0.60 but stock>=80%.,0.8,0.7646,BEAR,2021-03-17,CUSTOM,no_trade_band
midtrend_bear_high_stock,WARNING,mid_trend=BEAR but stock>=80%. Check trend context or policy override.,0.8,0.7745,BEAR,2021-03-18,CUSTOM,not_rebalance_day
highvol_high_stock,WARNING,prob_high_vol>0.60 but stock>=80%.,0.8,0.7745,BEAR,2021-03-18,CUSTOM,not_rebalance_day
midtrend_bear_high_stock,WARNING,mid_trend=BEAR but stock>=80%. Check trend context or policy override.,0.8,0.794,BEAR,2021-03-19,CUSTOM,no_trade_band
highvol_high_stock,WARNING,prob_high_vol>0.60 but stock>=80%.,0.8,0.794,BEAR,2021-03-19,CUSTOM,no_trade_band
midtrend_bear_high_stock,WARNING,mid_trend=BEAR but stock>=80%. Check trend context or policy override.,0.8,0.7753,BEAR,2021-03-22,CUSTOM,not_rebalance_day
highvol_high_stock,WARNING,prob_high_vol>0.60 but stock>=80%.,0.8,0.7753,BEAR,2021-03-22,CUSTOM,not_rebalance_day
midtrend_bear_high_stock,WARNING,mid_trend=BEAR but stock>=80%. Check trend context or policy override.,0.8,0.7512,BEAR,2021-03-23,CUSTOM,not_rebalance_day
highvol_high_stock,WARNING,prob_high_vol>0.60 but stock>=80%.,0.8,0.7512,BEAR,2021-03-23,CUSTOM,not_rebalance_day
midtrend_bear_high_stock,WARNING,mid_trend=BEAR but stock>=80%. Check trend context or policy override.,0.8,0.7487,BEAR,2021-03-24,CUSTOM,no_trade_band
highvol_high_stock,WARNING,prob_high_vol>0.60 but stock>=80%.,0.8,0.7487,BEAR,2021-03-24,CUSTOM,no_trade_band
midtrend_bear_high_stock,WARNING,mid_trend=BEAR but stock>=80%. Check trend context or policy override.,0.8,0.7426,BEAR,2021-03-25,CUSTOM,not_rebalance_day
highvol_high_stock,WARNING,prob_high_vol>0.60 but stock>=80%.,0.8,0.7426,BEAR,2021-03-25,CUSTOM,not_rebalance_day
midtrend_bear_high_stock,WARNING,mid_trend=BEAR but stock>=80%. Check trend context or policy override.,0.8,0.7357,BEAR,2021-03-26,CUSTOM,not_rebalance_day
highvol_high_stock,WARNING,prob_high_vol>0.60 but stock>=80%.,0.8,0.7357,BEAR,2021-03-26,CUSTOM,not_rebalance_day
midtrend_bear_high_stock,WARNING,mid_trend=BEAR but stock>=80%. Check trend context or policy override.,0.8,0.7267,BEAR,2021-03-29,CUSTOM,not_rebalance_day
highvol_high_stock,WARNING,prob_high_vol>0.60 but stock>=80%.,0.8,0.7267,BEAR,2021-03-29,CUSTOM,not_rebalance_day
midtrend_bear_high_stock,WARNING,mid_trend=BEAR but stock>=80%. Check trend context or policy override.,0.8,0.7259,BEAR,2021-03-30,CUSTOM,not_rebalance_day
highvol_high_stock,WARNING,prob_high_vol>0.60 but stock>=80%.,0.8,0.7259,BEAR,2021-03-30,CUSTOM,not_rebalance_day
midtrend_bear_high_stock,WARNING,mid_trend=BEAR but stock>=80%. Check trend context or policy override.,0.8,0.6887,BEAR,2021-03-31,CUSTOM,no_trade_band
highvol_high_stock,WARNING,prob_high_vol>0.60 but stock>=80%.,0.8,0.6887,BEAR,2021-03-31,CUSTOM,no_trade_band
midtrend_bear_high_stock,WARNING,mid_trend=BEAR but stock>=80%. Check trend context or policy override.,0.96,0.6547,BEAR,2021-04-01,WATCH,strong_offensive_override
highvol_high_stock,WARNING,prob_high_vol>0.60 but stock>=80%.,0.96,0.6547,BEAR,2021-04-01,WATCH,strong_offensive_override
midtrend_bear_high_stock,WARNING,mid_trend=BEAR but stock>=80%. Check trend context or policy override.,0.96,0.6109,BEAR,2021-04-05,WATCH,strong_offensive_override
highvol_high_stock,WARNING,prob_high_vol>0.60 but stock>=80%.,0.96,0.6109,BEAR,2021-04-05,WATCH,strong_offensive_override
midtrend_bear_high_stock,WARNING,mid_trend=BEAR but stock>=80%. Check trend context or policy override.,1.0,0.5683,BEAR,2021-04-06,WATCH,strong_offensive_override
midtrend_bear_high_stock,WARNING,mid_trend=BEAR but stock>=80%. Check trend context or policy override.,1.0,0.531,BEAR,2021-04-07,NORMAL,strong_offensive_override
midtrend_bear_high_stock,WARNING,mid_trend=BEAR but stock>=80%. Check trend context or policy override.,1.0,0.4047,BEAR,2021-06-09,NORMAL,strong_offensive_override
midtrend_bear_high_stock,WARNING,mid_trend=BEAR but stock>=80%. Check trend context or policy override.,1.0,0.4003,BEAR,2021-06-10,NORMAL,strong_offensive_override
midtrend_bear_high_stock,WARNING,mid_trend=BEAR but stock>=80%. Check trend context or policy override.,0.96,0.2569,BEAR,2021-10-04,NORMAL,strong_offensive_override
midtrend_bear_high_stock,WARNING,mid_trend=BEAR but stock>=80%. Check trend context or policy override.,1.0,0.2549,BEAR,2021-10-05,NORMAL,strong_offensive_override
midtrend_bear_high_stock,WARNING,mid_trend=BEAR but stock>=80%. Check trend context or policy override.,1.0,0.2525,BEAR,2021-10-06,NORMAL,strong_offensive_override
midtrend_bear_high_stock,WARNING,mid_trend=BEAR but stock>=80%. Check trend context or policy override.,1.0,0.251,BEAR,2021-10-07,NORMAL,strong_offensive_override
midtrend_bear_high_stock,WARNING,mid_trend=BEAR but stock>=80%. Check trend context or policy override.,1.0,0.2462,BEAR,2021-10-08,NORMAL,strong_offensive_override
midtrend_bear_high_stock,WARNING,mid_trend=BEAR but stock>=80%. Check trend context or policy override.,1.0,0.2421,BEAR,2021-10-11,NORMAL,strong_offensive_override
midtrend_bear_high_stock,WARNING,mid_trend=BEAR but stock>=80%. Check trend context or policy override.,1.0,0.2419,BEAR,2021-10-12,NORMAL,strong_offensive_override
midtrend_bear_high_stock,WARNING,mid_trend=BEAR but stock>=80%. Check trend context or policy override.,1.0,0.2411,BEAR,2021-10-13,NORMAL,strong_offensive_override
midtrend_bear_high_stock,WARNING,mid_trend=BEAR but stock>=80%. Check trend context or policy override.,1.0,0.2324,BEAR,2021-10-14,NORMAL,strong_offensive_override
midtrend_bear_high_stock,WARNING,mid_trend=BEAR but stock>=80%. Check trend context or policy override.,1.0,0.2246,BEAR,2021-10-15,NORMAL,strong_offensive_override
midtrend_bear_high_stock,WARNING,mid_trend=BEAR but stock>=80%. Check trend context or policy override.,1.0,0.2193,BEAR,2021-10-18,NORMAL,strong_offensive_override
highvol_high_stock,WARNING,prob_high_vol>0.60 but stock>=80%.,0.96,0.6365,NEUTRAL,2022-02-18,WATCH,strong_offensive_override
highvol_high_stock,WARNING,prob_high_vol>0.60 but stock>=80%.,0.96,0.6645,NEUTRAL,2022-02-22,WATCH,strong_offensive_override
highvol_high_stock,WARNING,prob_high_vol>0.60 but stock>=80%.,0.96,0.6792,NEUTRAL,2022-02-23,WATCH,strong_offensive_override
highvol_high_stock,WARNING,prob_high_vol>0.60 but stock>=80%.,0.96,0.675,NEUTRAL,2022-02-24,WATCH,strong_offensive_override
midtrend_bear_high_stock,WARNING,mid_trend=BEAR but stock>=80%. Check trend context or policy override.,0.96,0.6542,BEAR,2022-02-25,WATCH,strong_offensive_override
highvol_high_stock,WARNING,prob_high_vol>0.60 but stock>=80%.,0.96,0.6542,BEAR,2022-02-25,WATCH,strong_offensive_override
highvol_high_stock,WARNING,prob_high_vol>0.60 but stock>=80%.,0.96,0.6158,NEUTRAL,2022-02-28,WATCH,strong_offensive_override
midtrend_bear_high_stock,WARNING,mid_trend=BEAR but stock>=80%. Check trend context or policy override.,0.96,0.6009,BEAR,2022-03-01,WATCH,strong_offensive_override
highvol_high_stock,WARNING,prob_high_vol>0.60 but stock>=80%.,0.96,0.6009,BEAR,2022-03-01,WATCH,strong_offensive_override
midtrend_bear_high_stock,WARNING,mid_trend=BEAR but stock>=80%. Check trend context or policy override.,1.0,0.5298,BEAR,2022-03-04,NORMAL,strong_offensive_override
midtrend_bear_high_stock,WARNING,mid_trend=BEAR but stock>=80%. Check trend context or policy override.,1.0,0.558,BEAR,2022-03-07,WATCH,strong_offensive_override
midtrend_bear_high_stock,WARNING,mid_trend=BEAR but stock>=80%. Check trend context or policy override.,0.96,0.5896,BEAR,2022-03-08,WATCH,strong_offensive_override
midtrend_bear_high_stock,WARNING,mid_trend=BEAR but stock>=80%. Check trend context or policy override.,1.0,0.567,BEAR,2022-03-09,WATCH,strong_offensive_override
midtrend_bear_high_stock,WARNING,mid_trend=BEAR but stock>=80%. Check trend context or policy override.,0.96,0.5933,BEAR,2022-03-10,WATCH,strong_offensive_override
midtrend_bear_high_stock,WARNING,mid_trend=BEAR but stock>=80%. Check trend context or policy override.,0.96,0.6165,BEAR,2022-03-11,WATCH,strong_offensive_override
highvol_high_stock,WARNING,prob_high_vol>0.60 but stock>=80%.,0.96,0.6165,BEAR,2022-03-11,WATCH,strong_offensive_override
midtrend_bear_high_stock,WARNING,mid_trend=BEAR but stock>=80%. Check trend context or policy override.,0.96,0.64,BEAR,2022-03-14,WATCH,strong_offensive_override
highvol_high_stock,WARNING,prob_high_vol>0.60 but stock>=80%.,0.96,0.64,BEAR,2022-03-14,WATCH,strong_offensive_override
midtrend_bear_high_stock,WARNING,mid_trend=BEAR but stock>=80%. Check trend context or policy override.,0.96,0.6372,BEAR,2022-03-15,WATCH,strong_offensive_override
highvol_high_stock,WARNING,prob_high_vol>0.60 but stock>=80%.,0.96,0.6372,BEAR,2022-03-15,WATCH,strong_offensive_override
midtrend_bear_high_stock,WARNING,mid_trend=BEAR but stock>=80%. Check trend context or policy override.,0.96,0.6288,BEAR,2022-03-16,WATCH,strong_offensive_override
highvol_high_stock,WARNING,prob_high_vol>0.60 but stock>=80%.,0.96,0.6288,BEAR,2022-03-16,WATCH,strong_offensive_override
midtrend_bear_high_stock,WARNING,mid_trend=BEAR but stock>=80%. Check trend context or policy override.,0.96,0.6057,BEAR,2022-03-17,WATCH,strong_offensive_override
highvol_high_stock,WARNING,prob_high_vol>0.60 but stock>=80%.,0.96,0.6057,BEAR,2022-03-17,WATCH,strong_offensive_override
midtrend_bear_high_stock,WARNING,mid_trend=BEAR but stock>=80%. Check trend context or policy override.,1.0,0.5699,BEAR,2022-03-18,WATCH,strong_offensive_override
midtrend_bear_high_stock,WARNING,mid_trend=BEAR but stock>=80%. Check trend context or policy override.,1.0,0.5391,BEAR,2022-03-21,NORMAL,strong_offensive_override
midtrend_bear_high_stock,WARNING,mid_trend=BEAR but stock>=80%. Check trend context or policy override.,0.96,0.5915,BEAR,2022-04-26,WATCH,strong_offensive_override
midtrend_bear_high_stock,WARNING,mid_trend=BEAR but stock>=80%. Check trend context or policy override.,0.96,0.6397,BEAR,2022-04-27,WATCH,strong_offensive_override
highvol_high_stock,WARNING,prob_high_vol>0.60 but stock>=80%.,0.96,0.6397,BEAR,2022-04-27,WATCH,strong_offensive_override
midtrend_bear_high_stock,WARNING,mid_trend=BEAR but stock>=80%. Check trend context or policy override.,0.96,0.6649,BEAR,2022-04-28,WATCH,strong_offensive_override
highvol_high_stock,WARNING,prob_high_vol>0.60 but stock>=80%.,0.96,0.6649,BEAR,2022-04-28,WATCH,strong_offensive_override
midtrend_bear_high_stock,WARNING,mid_trend=BEAR but stock>=80%. Check trend context or policy override.,0.96,0.699,BEAR,2022-04-29,CUSTOM,not_rebalance_day
highvol_high_stock,WARNING,prob_high_vol>0.60 but stock>=80%.,0.96,0.699,BEAR,2022-04-29,CUSTOM,not_rebalance_day
midtrend_bear_high_stock,WARNING,mid_trend=BEAR but stock>=80%. Check trend context or policy override.,0.8,0.7242,BEAR,2022-05-02,WATCH,no_trade_override_prob_high_vol_cross_0.70
highvol_high_stock,WARNING,prob_high_vol>0.60 but stock>=80%.,0.8,0.7242,BEAR,2022-05-02,WATCH,no_trade_override_prob_high_vol_cross_0.70
midtrend_bear_high_stock,WARNING,mid_trend=BEAR but stock>=80%. Check trend context or policy override.,0.8,0.739,BEAR,2022-05-03,CUSTOM,no_trade_band
highvol_high_stock,WARNING,prob_high_vol>0.60 but stock>=80%.,0.8,0.739,BEAR,2022-05-03,CUSTOM,no_trade_band
midtrend_bear_high_stock,WARNING,mid_trend=BEAR but stock>=80%. Check trend context or policy override.,0.8,0.7058,BEAR,2022-05-04,CUSTOM,not_rebalance_day
highvol_high_stock,WARNING,prob_high_vol>0.60 but stock>=80%.,0.8,0.7058,BEAR,2022-05-04,CUSTOM,not_rebalance_day
midtrend_bear_high_stock,WARNING,mid_trend=BEAR but stock>=80%. Check trend context or policy override.,0.8,0.7228,BEAR,2022-05-05,CUSTOM,not_rebalance_day
highvol_high_stock,WARNING,prob_high_vol>0.60 but stock>=80%.,0.8,0.7228,BEAR,2022-05-05,CUSTOM,not_rebalance_day
midtrend_bear_high_stock,WARNING,mid_trend=BEAR but stock>=80%. Check trend context or policy override.,0.8,0.7352,BEAR,2022-05-06,CUSTOM,not_rebalance_day
highvol_high_stock,WARNING,prob_high_vol>0.60 but stock>=80%.,0.8,0.7352,BEAR,2022-05-06,CUSTOM,not_rebalance_day
midtrend_bear_high_stock,WARNING,mid_trend=BEAR but stock>=80%. Check trend context or policy override.,0.8,0.7361,BEAR,2022-05-09,CUSTOM,not_rebalance_day
highvol_high_stock,WARNING,prob_high_vol>0.60 but stock>=80%.,0.8,0.7361,BEAR,2022-05-09,CUSTOM,not_rebalance_day
midtrend_bear_high_stock,WARNING,mid_trend=BEAR but stock>=80%. Check trend context or policy override.,0.8,0.7326,BEAR,2022-05-10,CUSTOM,no_trade_band
highvol_high_stock,WARNING,prob_high_vol>0.60 but stock>=80%.,0.8,0.7326,BEAR,2022-05-10,CUSTOM,no_trade_band
midtrend_bear_high_stock,WARNING,mid_trend=BEAR but stock>=80%. Check trend context or policy override.,0.8,0.7371,BEAR,2022-05-11,CUSTOM,not_rebalance_day
highvol_high_stock,WARNING,prob_high_vol>0.60 but stock>=80%.,0.8,0.7371,BEAR,2022-05-11,CUSTOM,not_rebalance_day
midtrend_bear_high_stock,WARNING,mid_trend=BEAR but stock>=80%. Check trend context or policy override.,0.8,0.7542,BEAR,2022-05-12,CUSTOM,not_rebalance_day
highvol_high_stock,WARNING,prob_high_vol>0.60 but stock>=80%.,0.8,0.7542,BEAR,2022-05-12,CUSTOM,not_rebalance_day
midtrend_bear_high_stock,WARNING,mid_trend=BEAR but stock>=80%. Check trend context or policy override.,0.8,0.7709,BEAR,2022-05-13,CUSTOM,not_rebalance_day
highvol_high_stock,WARNING,prob_high_vol>0.60 but stock>=80%.,0.8,0.7709,BEAR,2022-05-13,CUSTOM,not_rebalance_day
midtrend_bear_high_stock,WARNING,mid_trend=BEAR but stock>=80%. Check trend context or policy override.,0.8,0.7842,BEAR,2022-05-16,CUSTOM,no_trade_band
highvol_high_stock,WARNING,prob_high_vol>0.60 but stock>=80%.,0.8,0.7842,BEAR,2022-05-16,CUSTOM,no_trade_band
midtrend_bear_high_stock,WARNING,mid_trend=BEAR but stock>=80%. Check trend context or policy override.,0.8,0.7868,BEAR,2022-05-17,CUSTOM,no_trade_band
highvol_high_stock,WARNING,prob_high_vol>0.60 but stock>=80%.,0.8,0.7868,BEAR,2022-05-17,CUSTOM,no_trade_band
midtrend_bear_high_stock,WARNING,mid_trend=BEAR but stock>=80%. Check trend context or policy override.,0.8,0.7378,BEAR,2022-06-01,WATCH,scheduled
highvol_high_stock,WARNING,prob_high_vol>0.60 but stock>=80%.,0.8,0.7378,BEAR,2022-06-01,WATCH,scheduled
midtrend_bear_high_stock,WARNING,mid_trend=BEAR but stock>=80%. Check trend context or policy override.,0.8,0.706,BEAR,2022-06-02,CUSTOM,not_rebalance_day
highvol_high_stock,WARNING,prob_high_vol>0.60 but stock>=80%.,0.8,0.706,BEAR,2022-06-02,CUSTOM,not_rebalance_day
midtrend_bear_high_stock,WARNING,mid_trend=BEAR but stock>=80%. Check trend context or policy override.,0.8,0.7211,BEAR,2022-06-03,CUSTOM,not_rebalance_day
highvol_high_stock,WARNING,prob_high_vol>0.60 but stock>=80%.,0.8,0.7211,BEAR,2022-06-03,CUSTOM,not_rebalance_day
midtrend_bear_high_stock,WARNING,mid_trend=BEAR but stock>=80%. Check trend context or policy override.,0.8,0.738,BEAR,2022-06-06,CUSTOM,not_rebalance_day
highvol_high_stock,WARNING,prob_high_vol>0.60 but stock>=80%.,0.8,0.738,BEAR,2022-06-06,CUSTOM,not_rebalance_day
midtrend_bear_high_stock,WARNING,mid_trend=BEAR but stock>=80%. Check trend context or policy override.,0.8,0.7437,BEAR,2022-06-07,CUSTOM,not_rebalance_day
highvol_high_stock,WARNING,prob_high_vol>0.60 but stock>=80%.,0.8,0.7437,BEAR,2022-06-07,CUSTOM,not_rebalance_day
midtrend_bear_high_stock,WARNING,mid_trend=BEAR but stock>=80%. Check trend context or policy override.,0.8,0.7458,BEAR,2022-06-08,CUSTOM,no_trade_band
highvol_high_stock,WARNING,prob_high_vol>0.60 but stock>=80%.,0.8,0.7458,BEAR,2022-06-08,CUSTOM,no_trade_band
midtrend_bear_high_stock,WARNING,mid_trend=BEAR but stock>=80%. Check trend context or policy override.,0.8,0.7647,BEAR,2022-06-09,CUSTOM,not_rebalance_day
highvol_high_stock,WARNING,prob_high_vol>0.60 but stock>=80%.,0.8,0.7647,BEAR,2022-06-09,CUSTOM,not_rebalance_day
midtrend_bear_high_stock,WARNING,mid_trend=BEAR but stock>=80%. Check trend context or policy override.,0.8,0.7814,BEAR,2022-06-10,CUSTOM,no_trade_band
highvol_high_stock,WARNING,prob_high_vol>0.60 but stock>=80%.,0.8,0.7814,BEAR,2022-06-10,CUSTOM,no_trade_band
midtrend_bear_high_stock,WARNING,mid_trend=BEAR but stock>=80%. Check trend context or policy override.,0.8,0.7951,BEAR,2022-06-13,CUSTOM,not_rebalance_day
highvol_high_stock,WARNING,prob_high_vol>0.60 but stock>=80%.,0.8,0.7951,BEAR,2022-06-13,CUSTOM,not_rebalance_day
midtrend_bear_high_stock,WARNING,mid_trend=BEAR but stock>=80%. Check trend context or policy override.,0.8,0.8055,BEAR,2022-06-14,CUSTOM,not_rebalance_day
highvol_high_stock,WARNING,prob_high_vol>0.60 but stock>=80%.,0.8,0.8055,BEAR,2022-06-14,CUSTOM,not_rebalance_day
extreme_highvol_full_stock,HARD_CAP,prob_high_vol>0.80 but stock>=70%.,0.8,0.8055,BEAR,2022-06-14,CUSTOM,not_rebalance_day
midtrend_bear_high_stock,WARNING,mid_trend=BEAR but stock>=80%. Check trend context or policy override.,0.8,0.8199,BEAR,2022-06-15,CUSTOM,no_trade_band
highvol_high_stock,WARNING,prob_high_vol>0.60 but stock>=80%.,0.8,0.8199,BEAR,2022-06-15,CUSTOM,no_trade_band
extreme_highvol_full_stock,HARD_CAP,prob_high_vol>0.80 but stock>=70%.,0.8,0.8199,BEAR,2022-06-15,CUSTOM,no_trade_band
midtrend_bear_high_stock,WARNING,mid_trend=BEAR but stock>=80%. Check trend context or policy override.,0.8,0.7246,BEAR,2022-06-30,WATCH,scheduled
highvol_high_stock,WARNING,prob_high_vol>0.60 but stock>=80%.,0.8,0.7246,BEAR,2022-06-30,WATCH,scheduled
midtrend_bear_high_stock,WARNING,mid_trend=BEAR but stock>=80%. Check trend context or policy override.,0.8,0.7213,BEAR,2022-07-01,CUSTOM,not_rebalance_day
highvol_high_stock,WARNING,prob_high_vol>0.60 but stock>=80%.,0.8,0.7213,BEAR,2022-07-01,CUSTOM,not_rebalance_day
midtrend_bear_high_stock,WARNING,mid_trend=BEAR but stock>=80%. Check trend context or policy override.,0.8,0.6864,BEAR,2022-07-05,CUSTOM,not_rebalance_day
highvol_high_stock,WARNING,prob_high_vol>0.60 but stock>=80%.,0.8,0.6864,BEAR,2022-07-05,CUSTOM,not_rebalance_day
midtrend_bear_high_stock,WARNING,mid_trend=BEAR but stock>=80%. Check trend context or policy override.,0.96,0.6366,BEAR,2022-07-06,WATCH,strong_offensive_override
highvol_high_stock,WARNING,prob_high_vol>0.60 but stock>=80%.,0.96,0.6366,BEAR,2022-07-06,WATCH,strong_offensive_override
midtrend_bear_high_stock,WARNING,mid_trend=BEAR but stock>=80%. Check trend context or policy override.,0.96,0.5823,BEAR,2022-07-07,WATCH,strong_offensive_override
midtrend_bear_high_stock,WARNING,mid_trend=BEAR but stock>=80%. Check trend context or policy override.,1.0,0.5375,BEAR,2022-07-08,NORMAL,strong_offensive_override
midtrend_bear_high_stock,WARNING,mid_trend=BEAR but stock>=80%. Check trend context or policy override.,1.0,0.5203,BEAR,2022-07-11,NORMAL,strong_offensive_override
midtrend_bear_high_stock,WARNING,mid_trend=BEAR but stock>=80%. Check trend context or policy override.,1.0,0.512,BEAR,2022-07-12,NORMAL,strong_offensive_override
midtrend_bear_high_stock,WARNING,mid_trend=BEAR but stock>=80%. Check trend context or policy override.,1.0,0.504,BEAR,2022-07-13,NORMAL,strong_offensive_override
midtrend_bear_high_stock,WARNING,mid_trend=BEAR but stock>=80%. Check trend context or policy override.,1.0,0.4859,BEAR,2022-07-14,NORMAL,strong_offensive_override
midtrend_bear_high_stock,WARNING,mid_trend=BEAR but stock>=80%. Check trend context or policy override.,1.0,0.4689,BEAR,2022-07-15,NORMAL,strong_offensive_override
midtrend_bear_high_stock,WARNING,mid_trend=BEAR but stock>=80%. Check trend context or policy override.,1.0,0.4768,BEAR,2022-07-18,NORMAL,strong_offensive_override
midtrend_bear_high_stock,WARNING,mid_trend=BEAR but stock>=80%. Check trend context or policy override.,1.0,0.4502,BEAR,2022-07-19,NORMAL,strong_offensive_override
midtrend_bear_high_stock,WARNING,mid_trend=BEAR but stock>=80%. Check trend context or policy override.,1.0,0.4244,BEAR,2022-07-20,NORMAL,strong_offensive_override
midtrend_bear_high_stock,WARNING,mid_trend=BEAR but stock>=80%. Check trend context or policy override.,1.0,0.3991,BEAR,2022-07-21,NORMAL,strong_offensive_override
midtrend_bear_high_stock,WARNING,mid_trend=BEAR but stock>=80%. Check trend context or policy override.,1.0,0.3937,BEAR,2022-07-22,NORMAL,strong_offensive_override
midtrend_bear_high_stock,WARNING,mid_trend=BEAR but stock>=80%. Check trend context or policy override.,1.0,0.4016,BEAR,2022-07-25,NORMAL,strong_offensive_override
midtrend_bear_high_stock,WARNING,mid_trend=BEAR but stock>=80%. Check trend context or policy override.,1.0,0.4256,BEAR,2022-07-26,NORMAL,strong_offensive_override
midtrend_bear_high_stock,WARNING,mid_trend=BEAR but stock>=80%. Check trend context or policy override.,0.8,0.6229,BEAR,2022-09-26,WATCH,scheduled
highvol_high_stock,WARNING,prob_high_vol>0.60 but stock>=80%.,0.8,0.6229,BEAR,2022-09-26,WATCH,scheduled
midtrend_bear_high_stock,WARNING,mid_trend=BEAR but stock>=80%. Check trend context or policy override.,0.96,0.6314,BEAR,2022-09-27,WATCH,strong_offensive_override
highvol_high_stock,WARNING,prob_high_vol>0.60 but stock>=80%.,0.96,0.6314,BEAR,2022-09-27,WATCH,strong_offensive_override
midtrend_bear_high_stock,WARNING,mid_trend=BEAR but stock>=80%. Check trend context or policy override.,0.96,0.6496,BEAR,2022-09-28,WATCH,strong_offensive_override
highvol_high_stock,WARNING,prob_high_vol>0.60 but stock>=80%.,0.96,0.6496,BEAR,2022-09-28,WATCH,strong_offensive_override
midtrend_bear_high_stock,WARNING,mid_trend=BEAR but stock>=80%. Check trend context or policy override.,0.96,0.6752,BEAR,2022-09-29,WATCH,strong_offensive_override
highvol_high_stock,WARNING,prob_high_vol>0.60 but stock>=80%.,0.96,0.6752,BEAR,2022-09-29,WATCH,strong_offensive_override
midtrend_bear_high_stock,WARNING,mid_trend=BEAR but stock>=80%. Check trend context or policy override.,0.8,0.7024,BEAR,2022-09-30,WATCH,no_trade_override_prob_high_vol_cross_0.70
highvol_high_stock,WARNING,prob_high_vol>0.60 but stock>=80%.,0.8,0.7024,BEAR,2022-09-30,WATCH,no_trade_override_prob_high_vol_cross_0.70
midtrend_bear_high_stock,WARNING,mid_trend=BEAR but stock>=80%. Check trend context or policy override.,0.8,0.7235,BEAR,2022-10-03,CUSTOM,no_trade_band
highvol_high_stock,WARNING,prob_high_vol>0.60 but stock>=80%.,0.8,0.7235,BEAR,2022-10-03,CUSTOM,no_trade_band
midtrend_bear_high_stock,WARNING,mid_trend=BEAR but stock>=80%. Check trend context or policy override.,0.8,0.7379,BEAR,2022-10-04,CUSTOM,not_rebalance_day
highvol_high_stock,WARNING,prob_high_vol>0.60 but stock>=80%.,0.8,0.7379,BEAR,2022-10-04,CUSTOM,not_rebalance_day
midtrend_bear_high_stock,WARNING,mid_trend=BEAR but stock>=80%. Check trend context or policy override.,0.8,0.7373,BEAR,2022-10-05,CUSTOM,not_rebalance_day
highvol_high_stock,WARNING,prob_high_vol>0.60 but stock>=80%.,0.8,0.7373,BEAR,2022-10-05,CUSTOM,not_rebalance_day
midtrend_bear_high_stock,WARNING,mid_trend=BEAR but stock>=80%. Check trend context or policy override.,0.8,0.7405,BEAR,2022-10-06,CUSTOM,not_rebalance_day
highvol_high_stock,WARNING,prob_high_vol>0.60 but stock>=80%.,0.8,0.7405,BEAR,2022-10-06,CUSTOM,not_rebalance_day
midtrend_bear_high_stock,WARNING,mid_trend=BEAR but stock>=80%. Check trend context or policy override.,0.8,0.7541,BEAR,2022-10-07,CUSTOM,not_rebalance_day
highvol_high_stock,WARNING,prob_high_vol>0.60 but stock>=80%.,0.8,0.7541,BEAR,2022-10-07,CUSTOM,not_rebalance_day
midtrend_bear_high_stock,WARNING,mid_trend=BEAR but stock>=80%. Check trend context or policy override.,0.8,0.766,BEAR,2022-10-10,CUSTOM,no_trade_band
highvol_high_stock,WARNING,prob_high_vol>0.60 but stock>=80%.,0.8,0.766,BEAR,2022-10-10,CUSTOM,no_trade_band
midtrend_bear_high_stock,WARNING,mid_trend=BEAR but stock>=80%. Check trend context or policy override.,0.8,0.7814,BEAR,2022-10-11,CUSTOM,no_trade_band
highvol_high_stock,WARNING,prob_high_vol>0.60 but stock>=80%.,0.8,0.7814,BEAR,2022-10-11,CUSTOM,no_trade_band
midtrend_bear_high_stock,WARNING,mid_trend=BEAR but stock>=80%. Check trend context or policy override.,0.8,0.7886,BEAR,2022-10-12,CUSTOM,not_rebalance_day
highvol_high_stock,WARNING,prob_high_vol>0.60 but stock>=80%.,0.8,0.7886,BEAR,2022-10-12,CUSTOM,not_rebalance_day
midtrend_bear_high_stock,WARNING,mid_trend=BEAR but stock>=80%. Check trend context or policy override.,0.8,0.7931,BEAR,2022-10-13,CUSTOM,not_rebalance_day
highvol_high_stock,WARNING,prob_high_vol>0.60 but stock>=80%.,0.8,0.7931,BEAR,2022-10-13,CUSTOM,not_rebalance_day
midtrend_bear_high_stock,WARNING,mid_trend=BEAR but stock>=80%. Check trend context or policy override.,0.8,0.7999,BEAR,2022-10-14,CUSTOM,not_rebalance_day
highvol_high_stock,WARNING,prob_high_vol>0.60 but stock>=80%.,0.8,0.7999,BEAR,2022-10-14,CUSTOM,not_rebalance_day
midtrend_bear_high_stock,WARNING,mid_trend=BEAR but stock>=80%. Check trend context or policy override.,0.8,0.8025,BEAR,2022-10-17,CUSTOM,no_trade_band
highvol_high_stock,WARNING,prob_high_vol>0.60 but stock>=80%.,0.8,0.8025,BEAR,2022-10-17,CUSTOM,no_trade_band
extreme_highvol_full_stock,HARD_CAP,prob_high_vol>0.80 but stock>=70%.,0.8,0.8025,BEAR,2022-10-17,CUSTOM,no_trade_band
midtrend_bear_high_stock,WARNING,mid_trend=BEAR but stock>=80%. Check trend context or policy override.,0.8,0.7974,BEAR,2022-10-18,CUSTOM,no_trade_band
highvol_high_stock,WARNING,prob_high_vol>0.60 but stock>=80%.,0.8,0.7974,BEAR,2022-10-18,CUSTOM,no_trade_band
midtrend_bear_high_stock,WARNING,mid_trend=BEAR but stock>=80%. Check trend context or policy override.,0.8,0.7815,BEAR,2022-10-19,CUSTOM,not_rebalance_day
highvol_high_stock,WARNING,prob_high_vol>0.60 but stock>=80%.,0.8,0.7815,BEAR,2022-10-19,CUSTOM,not_rebalance_day
midtrend_bear_high_stock,WARNING,mid_trend=BEAR but stock>=80%. Check trend context or policy override.,0.8,0.7664,BEAR,2022-10-20,CUSTOM,not_rebalance_day
highvol_high_stock,WARNING,prob_high_vol>0.60 but stock>=80%.,0.8,0.7664,BEAR,2022-10-20,CUSTOM,not_rebalance_day
midtrend_bear_high_stock,WARNING,mid_trend=BEAR but stock>=80%. Check trend context or policy override.,0.8,0.7284,BEAR,2022-10-21,CUSTOM,not_rebalance_day
highvol_high_stock,WARNING,prob_high_vol>0.60 but stock>=80%.,0.8,0.7284,BEAR,2022-10-21,CUSTOM,not_rebalance_day
midtrend_bear_high_stock,WARNING,mid_trend=BEAR but stock>=80%. Check trend context or policy override.,0.8,0.6862,BEAR,2022-10-24,CUSTOM,no_trade_band
highvol_high_stock,WARNING,prob_high_vol>0.60 but stock>=80%.,0.8,0.6862,BEAR,2022-10-24,CUSTOM,no_trade_band
midtrend_bear_high_stock,WARNING,mid_trend=BEAR but stock>=80%. Check trend context or policy override.,0.96,0.6428,BEAR,2022-10-25,WATCH,strong_offensive_override
highvol_high_stock,WARNING,prob_high_vol>0.60 but stock>=80%.,0.96,0.6428,BEAR,2022-10-25,WATCH,strong_offensive_override
midtrend_bear_high_stock,WARNING,mid_trend=BEAR but stock>=80%. Check trend context or policy override.,0.96,0.63,BEAR,2022-10-26,WATCH,strong_offensive_override
highvol_high_stock,WARNING,prob_high_vol>0.60 but stock>=80%.,0.96,0.63,BEAR,2022-10-26,WATCH,strong_offensive_override
midtrend_bear_high_stock,WARNING,mid_trend=BEAR but stock>=80%. Check trend context or policy override.,0.96,0.6549,BEAR,2022-10-27,WATCH,strong_offensive_override
highvol_high_stock,WARNING,prob_high_vol>0.60 but stock>=80%.,0.96,0.6549,BEAR,2022-10-27,WATCH,strong_offensive_override
highvol_high_stock,WARNING,prob_high_vol>0.60 but stock>=80%.,0.96,0.6078,NEUTRAL,2022-10-28,WATCH,strong_offensive_override
midtrend_bear_high_stock,WARNING,mid_trend=BEAR but stock>=80%. Check trend context or policy override.,0.96,0.5955,BEAR,2022-10-31,WATCH,strong_offensive_override
midtrend_bear_high_stock,WARNING,mid_trend=BEAR but stock>=80%. Check trend context or policy override.,0.96,0.629,BEAR,2022-11-01,WATCH,strong_offensive_override
highvol_high_stock,WARNING,prob_high_vol>0.60 but stock>=80%.,0.96,0.629,BEAR,2022-11-01,WATCH,strong_offensive_override
midtrend_bear_high_stock,WARNING,mid_trend=BEAR but stock>=80%. Check trend context or policy override.,0.96,0.6725,BEAR,2022-11-02,WATCH,strong_offensive_override
highvol_high_stock,WARNING,prob_high_vol>0.60 but stock>=80%.,0.96,0.6725,BEAR,2022-11-02,WATCH,strong_offensive_override
midtrend_bear_high_stock,WARNING,mid_trend=BEAR but stock>=80%. Check trend context or policy override.,0.8,0.7163,BEAR,2022-11-03,WATCH,no_trade_override_prob_high_vol_cross_0.70
highvol_high_stock,WARNING,prob_high_vol>0.60 but stock>=80%.,0.8,0.7163,BEAR,2022-11-03,WATCH,no_trade_override_prob_high_vol_cross_0.70
midtrend_bear_high_stock,WARNING,mid_trend=BEAR but stock>=80%. Check trend context or policy override.,0.8,0.7495,BEAR,2022-11-04,CUSTOM,not_rebalance_day
highvol_high_stock,WARNING,prob_high_vol>0.60 but stock>=80%.,0.8,0.7495,BEAR,2022-11-04,CUSTOM,not_rebalance_day
midtrend_bear_high_stock,WARNING,mid_trend=BEAR but stock>=80%. Check trend context or policy override.,0.8,0.7577,BEAR,2022-11-07,CUSTOM,no_trade_band
highvol_high_stock,WARNING,prob_high_vol>0.60 but stock>=80%.,0.8,0.7577,BEAR,2022-11-07,CUSTOM,no_trade_band
midtrend_bear_high_stock,WARNING,mid_trend=BEAR but stock>=80%. Check trend context or policy override.,0.8,0.7644,BEAR,2022-11-08,CUSTOM,not_rebalance_day
highvol_high_stock,WARNING,prob_high_vol>0.60 but stock>=80%.,0.8,0.7644,BEAR,2022-11-08,CUSTOM,not_rebalance_day
midtrend_bear_high_stock,WARNING,mid_trend=BEAR but stock>=80%. Check trend context or policy override.,0.8,0.7766,BEAR,2022-11-09,CUSTOM,not_rebalance_day
highvol_high_stock,WARNING,prob_high_vol>0.60 but stock>=80%.,0.8,0.7766,BEAR,2022-11-09,CUSTOM,not_rebalance_day
midtrend_bear_high_stock,WARNING,mid_trend=BEAR but stock>=80%. Check trend context or policy override.,0.8,0.766,BEAR,2022-11-10,CUSTOM,not_rebalance_day
highvol_high_stock,WARNING,prob_high_vol>0.60 but stock>=80%.,0.8,0.766,BEAR,2022-11-10,CUSTOM,not_rebalance_day
midtrend_bear_high_stock,WARNING,mid_trend=BEAR but stock>=80%. Check trend context or policy override.,0.8,0.7468,BEAR,2022-11-11,CUSTOM,not_rebalance_day
highvol_high_stock,WARNING,prob_high_vol>0.60 but stock>=80%.,0.8,0.7468,BEAR,2022-11-11,CUSTOM,not_rebalance_day
midtrend_bear_high_stock,WARNING,mid_trend=BEAR but stock>=80%. Check trend context or policy override.,0.8,0.7313,BEAR,2022-11-14,CUSTOM,no_trade_band
highvol_high_stock,WARNING,prob_high_vol>0.60 but stock>=80%.,0.8,0.7313,BEAR,2022-11-14,CUSTOM,no_trade_band
midtrend_bear_high_stock,WARNING,mid_trend=BEAR but stock>=80%. Check trend context or policy override.,0.8,0.7032,BEAR,2022-11-15,CUSTOM,not_rebalance_day
highvol_high_stock,WARNING,prob_high_vol>0.60 but stock>=80%.,0.8,0.7032,BEAR,2022-11-15,CUSTOM,not_rebalance_day
midtrend_bear_high_stock,WARNING,mid_trend=BEAR but stock>=80%. Check trend context or policy override.,0.8,0.6945,BEAR,2022-11-16,CUSTOM,not_rebalance_day
highvol_high_stock,WARNING,prob_high_vol>0.60 but stock>=80%.,0.8,0.6945,BEAR,2022-11-16,CUSTOM,not_rebalance_day
highvol_high_stock,WARNING,prob_high_vol>0.60 but stock>=80%.,0.8,0.6879,NEUTRAL,2022-11-17,CUSTOM,not_rebalance_day
highvol_high_stock,WARNING,prob_high_vol>0.60 but stock>=80%.,0.8,0.6814,NEUTRAL,2022-11-18,CUSTOM,not_rebalance_day
midtrend_bear_high_stock,WARNING,mid_trend=BEAR but stock>=80%. Check trend context or policy override.,0.8,0.6932,BEAR,2022-11-21,CUSTOM,no_trade_band
highvol_high_stock,WARNING,prob_high_vol>0.60 but stock>=80%.,0.8,0.6932,BEAR,2022-11-21,CUSTOM,no_trade_band
midtrend_bear_high_stock,WARNING,mid_trend=BEAR but stock>=80%. Check trend context or policy override.,0.8,0.6944,BEAR,2022-11-22,CUSTOM,not_rebalance_day
highvol_high_stock,WARNING,prob_high_vol>0.60 but stock>=80%.,0.8,0.6944,BEAR,2022-11-22,CUSTOM,not_rebalance_day
highvol_high_stock,WARNING,prob_high_vol>0.60 but stock>=80%.,0.8,0.6935,NEUTRAL,2022-11-23,CUSTOM,not_rebalance_day
midtrend_bear_high_stock,WARNING,mid_trend=BEAR but stock>=80%. Check trend context or policy override.,0.8,0.71,BEAR,2022-11-25,WATCH,no_trade_override_prob_high_vol_cross_0.70
highvol_high_stock,WARNING,prob_high_vol>0.60 but stock>=80%.,0.8,0.71,BEAR,2022-11-25,WATCH,no_trade_override_prob_high_vol_cross_0.70
midtrend_bear_high_stock,WARNING,mid_trend=BEAR but stock>=80%. Check trend context or policy override.,0.8,0.735,BEAR,2022-11-28,CUSTOM,not_rebalance_day
highvol_high_stock,WARNING,prob_high_vol>0.60 but stock>=80%.,0.8,0.735,BEAR,2022-11-28,CUSTOM,not_rebalance_day
midtrend_bear_high_stock,WARNING,mid_trend=BEAR but stock>=80%. Check trend context or policy override.,0.8,0.7565,BEAR,2022-11-29,CUSTOM,no_trade_band
highvol_high_stock,WARNING,prob_high_vol>0.60 but stock>=80%.,0.8,0.7565,BEAR,2022-11-29,CUSTOM,no_trade_band
midtrend_bear_high_stock,WARNING,mid_trend=BEAR but stock>=80%. Check trend context or policy override.,0.8,0.7538,BEAR,2022-11-30,CUSTOM,not_rebalance_day
highvol_high_stock,WARNING,prob_high_vol>0.60 but stock>=80%.,0.8,0.7538,BEAR,2022-11-30,CUSTOM,not_rebalance_day
midtrend_bear_high_stock,WARNING,mid_trend=BEAR but stock>=80%. Check trend context or policy override.,0.8,0.7458,BEAR,2022-12-01,CUSTOM,not_rebalance_day
highvol_high_stock,WARNING,prob_high_vol>0.60 but stock>=80%.,0.8,0.7458,BEAR,2022-12-01,CUSTOM,not_rebalance_day
midtrend_bear_high_stock,WARNING,mid_trend=BEAR but stock>=80%. Check trend context or policy override.,0.8,0.7277,BEAR,2022-12-02,CUSTOM,not_rebalance_day
highvol_high_stock,WARNING,prob_high_vol>0.60 but stock>=80%.,0.8,0.7277,BEAR,2022-12-02,CUSTOM,not_rebalance_day
midtrend_bear_high_stock,WARNING,mid_trend=BEAR but stock>=80%. Check trend context or policy override.,0.8,0.7164,BEAR,2022-12-05,CUSTOM,not_rebalance_day
highvol_high_stock,WARNING,prob_high_vol>0.60 but stock>=80%.,0.8,0.7164,BEAR,2022-12-05,CUSTOM,not_rebalance_day
midtrend_bear_high_stock,WARNING,mid_trend=BEAR but stock>=80%. Check trend context or policy override.,0.8,0.7326,BEAR,2022-12-06,CUSTOM,no_trade_band
highvol_high_stock,WARNING,prob_high_vol>0.60 but stock>=80%.,0.8,0.7326,BEAR,2022-12-06,CUSTOM,no_trade_band
midtrend_bear_high_stock,WARNING,mid_trend=BEAR but stock>=80%. Check trend context or policy override.,0.8,0.7548,BEAR,2022-12-07,CUSTOM,not_rebalance_day
highvol_high_stock,WARNING,prob_high_vol>0.60 but stock>=80%.,0.8,0.7548,BEAR,2022-12-07,CUSTOM,not_rebalance_day
midtrend_bear_high_stock,WARNING,mid_trend=BEAR but stock>=80%. Check trend context or policy override.,0.8,0.7641,BEAR,2022-12-08,CUSTOM,not_rebalance_day
highvol_high_stock,WARNING,prob_high_vol>0.60 but stock>=80%.,0.8,0.7641,BEAR,2022-12-08,CUSTOM,not_rebalance_day
midtrend_bear_high_stock,WARNING,mid_trend=BEAR but stock>=80%. Check trend context or policy override.,0.8,0.7698,BEAR,2022-12-09,CUSTOM,not_rebalance_day
highvol_high_stock,WARNING,prob_high_vol>0.60 but stock>=80%.,0.8,0.7698,BEAR,2022-12-09,CUSTOM,not_rebalance_day
midtrend_bear_high_stock,WARNING,mid_trend=BEAR but stock>=80%. Check trend context or policy override.,0.8,0.7564,BEAR,2022-12-12,CUSTOM,not_rebalance_day
highvol_high_stock,WARNING,prob_high_vol>0.60 but stock>=80%.,0.8,0.7564,BEAR,2022-12-12,CUSTOM,not_rebalance_day
midtrend_bear_high_stock,WARNING,mid_trend=BEAR but stock>=80%. Check trend context or policy override.,0.8,0.7455,BEAR,2022-12-13,CUSTOM,no_trade_band
highvol_high_stock,WARNING,prob_high_vol>0.60 but stock>=80%.,0.8,0.7455,BEAR,2022-12-13,CUSTOM,no_trade_band
midtrend_bear_high_stock,WARNING,mid_trend=BEAR but stock>=80%. Check trend context or policy override.,0.8,0.7476,BEAR,2022-12-14,CUSTOM,not_rebalance_day
highvol_high_stock,WARNING,prob_high_vol>0.60 but stock>=80%.,0.8,0.7476,BEAR,2022-12-14,CUSTOM,not_rebalance_day
midtrend_bear_high_stock,WARNING,mid_trend=BEAR but stock>=80%. Check trend context or policy override.,0.8,0.7637,BEAR,2022-12-15,CUSTOM,not_rebalance_day
highvol_high_stock,WARNING,prob_high_vol>0.60 but stock>=80%.,0.8,0.7637,BEAR,2022-12-15,CUSTOM,not_rebalance_day
midtrend_bear_high_stock,WARNING,mid_trend=BEAR but stock>=80%. Check trend context or policy override.,0.8,0.7766,BEAR,2022-12-16,CUSTOM,not_rebalance_day
highvol_high_stock,WARNING,prob_high_vol>0.60 but stock>=80%.,0.8,0.7766,BEAR,2022-12-16,CUSTOM,not_rebalance_day
midtrend_bear_high_stock,WARNING,mid_trend=BEAR but stock>=80%. Check trend context or policy override.,0.8,0.7877,BEAR,2022-12-19,CUSTOM,no_trade_band
highvol_high_stock,WARNING,prob_high_vol>0.60 but stock>=80%.,0.8,0.7877,BEAR,2022-12-19,CUSTOM,no_trade_band
midtrend_bear_high_stock,WARNING,mid_trend=BEAR but stock>=80%. Check trend context or policy override.,0.8,0.7966,BEAR,2022-12-20,CUSTOM,no_trade_band
highvol_high_stock,WARNING,prob_high_vol>0.60 but stock>=80%.,0.8,0.7966,BEAR,2022-12-20,CUSTOM,no_trade_band
midtrend_bear_high_stock,WARNING,mid_trend=BEAR but stock>=80%. Check trend context or policy override.,0.8,0.8027,BEAR,2022-12-21,CUSTOM,not_rebalance_day
highvol_high_stock,WARNING,prob_high_vol>0.60 but stock>=80%.,0.8,0.8027,BEAR,2022-12-21,CUSTOM,not_rebalance_day
extreme_highvol_full_stock,HARD_CAP,prob_high_vol>0.80 but stock>=70%.,0.8,0.8027,BEAR,2022-12-21,CUSTOM,not_rebalance_day
midtrend_bear_high_stock,WARNING,mid_trend=BEAR but stock>=80%. Check trend context or policy override.,0.8,0.8078,BEAR,2022-12-22,CUSTOM,not_rebalance_day
highvol_high_stock,WARNING,prob_high_vol>0.60 but stock>=80%.,0.8,0.8078,BEAR,2022-12-22,CUSTOM,not_rebalance_day
extreme_highvol_full_stock,HARD_CAP,prob_high_vol>0.80 but stock>=70%.,0.8,0.8078,BEAR,2022-12-22,CUSTOM,not_rebalance_day
midtrend_bear_high_stock,WARNING,mid_trend=BEAR but stock>=80%. Check trend context or policy override.,0.8,0.8123,BEAR,2022-12-23,CUSTOM,not_rebalance_day
highvol_high_stock,WARNING,prob_high_vol>0.60 but stock>=80%.,0.8,0.8123,BEAR,2022-12-23,CUSTOM,not_rebalance_day
extreme_highvol_full_stock,HARD_CAP,prob_high_vol>0.80 but stock>=70%.,0.8,0.8123,BEAR,2022-12-23,CUSTOM,not_rebalance_day
midtrend_bear_high_stock,WARNING,mid_trend=BEAR but stock>=80%. Check trend context or policy override.,0.8,0.8147,BEAR,2022-12-27,CUSTOM,no_trade_band
highvol_high_stock,WARNING,prob_high_vol>0.60 but stock>=80%.,0.8,0.8147,BEAR,2022-12-27,CUSTOM,no_trade_band
extreme_highvol_full_stock,HARD_CAP,prob_high_vol>0.80 but stock>=70%.,0.8,0.8147,BEAR,2022-12-27,CUSTOM,no_trade_band
midtrend_bear_high_stock,WARNING,mid_trend=BEAR but stock>=80%. Check trend context or policy override.,0.8,0.8108,BEAR,2022-12-28,CUSTOM,no_trade_band
highvol_high_stock,WARNING,prob_high_vol>0.60 but stock>=80%.,0.8,0.8108,BEAR,2022-12-28,CUSTOM,no_trade_band
extreme_highvol_full_stock,HARD_CAP,prob_high_vol>0.80 but stock>=70%.,0.8,0.8108,BEAR,2022-12-28,CUSTOM,no_trade_band
midtrend_bear_high_stock,WARNING,mid_trend=BEAR but stock>=80%. Check trend context or policy override.,0.8,0.809,BEAR,2022-12-29,CUSTOM,not_rebalance_day
highvol_high_stock,WARNING,prob_high_vol>0.60 but stock>=80%.,0.8,0.809,BEAR,2022-12-29,CUSTOM,not_rebalance_day
extreme_highvol_full_stock,HARD_CAP,prob_high_vol>0.80 but stock>=70%.,0.8,0.809,BEAR,2022-12-29,CUSTOM,not_rebalance_day
midtrend_bear_high_stock,WARNING,mid_trend=BEAR but stock>=80%. Check trend context or policy override.,0.8,0.8079,BEAR,2022-12-30,CUSTOM,not_rebalance_day
highvol_high_stock,WARNING,prob_high_vol>0.60 but stock>=80%.,0.8,0.8079,BEAR,2022-12-30,CUSTOM,not_rebalance_day
extreme_highvol_full_stock,HARD_CAP,prob_high_vol>0.80 but stock>=70%.,0.8,0.8079,BEAR,2022-12-30,CUSTOM,not_rebalance_day
midtrend_bear_high_stock,WARNING,mid_trend=BEAR but stock>=80%. Check trend context or policy override.,0.8,0.8064,BEAR,2023-01-03,CUSTOM,not_rebalance_day
highvol_high_stock,WARNING,prob_high_vol>0.60 but stock>=80%.,0.8,0.8064,BEAR,2023-01-03,CUSTOM,not_rebalance_day
extreme_highvol_full_stock,HARD_CAP,prob_high_vol>0.80 but stock>=70%.,0.8,0.8064,BEAR,2023-01-03,CUSTOM,not_rebalance_day
midtrend_bear_high_stock,WARNING,mid_trend=BEAR but stock>=80%. Check trend context or policy override.,0.8,0.8035,BEAR,2023-01-04,CUSTOM,no_trade_band
highvol_high_stock,WARNING,prob_high_vol>0.60 but stock>=80%.,0.8,0.8035,BEAR,2023-01-04,CUSTOM,no_trade_band
extreme_highvol_full_stock,HARD_CAP,prob_high_vol>0.80 but stock>=70%.,0.8,0.8035,BEAR,2023-01-04,CUSTOM,no_trade_band
midtrend_bear_high_stock,WARNING,mid_trend=BEAR but stock>=80%. Check trend context or policy override.,0.8,0.7926,BEAR,2023-01-05,CUSTOM,no_trade_band
highvol_high_stock,WARNING,prob_high_vol>0.60 but stock>=80%.,0.8,0.7926,BEAR,2023-01-05,CUSTOM,no_trade_band
midtrend_bear_high_stock,WARNING,mid_trend=BEAR but stock>=80%. Check trend context or policy override.,0.8,0.786,BEAR,2023-01-06,CUSTOM,not_rebalance_day
highvol_high_stock,WARNING,prob_high_vol>0.60 but stock>=80%.,0.8,0.786,BEAR,2023-01-06,CUSTOM,not_rebalance_day
midtrend_bear_high_stock,WARNING,mid_trend=BEAR but stock>=80%. Check trend context or policy override.,0.8,0.773,BEAR,2023-01-09,CUSTOM,not_rebalance_day
highvol_high_stock,WARNING,prob_high_vol>0.60 but stock>=80%.,0.8,0.773,BEAR,2023-01-09,CUSTOM,not_rebalance_day
midtrend_bear_high_stock,WARNING,mid_trend=BEAR but stock>=80%. Check trend context or policy override.,0.8,0.7562,BEAR,2023-01-10,CUSTOM,not_rebalance_day
highvol_high_stock,WARNING,prob_high_vol>0.60 but stock>=80%.,0.8,0.7562,BEAR,2023-01-10,CUSTOM,not_rebalance_day
midtrend_bear_high_stock,WARNING,mid_trend=BEAR but stock>=80%. Check trend context or policy override.,0.8,0.7251,BEAR,2023-01-11,CUSTOM,not_rebalance_day
highvol_high_stock,WARNING,prob_high_vol>0.60 but stock>=80%.,0.8,0.7251,BEAR,2023-01-11,CUSTOM,not_rebalance_day
midtrend_bear_high_stock,WARNING,mid_trend=BEAR but stock>=80%. Check trend context or policy override.,0.8,0.7109,BEAR,2023-01-12,CUSTOM,no_trade_band
highvol_high_stock,WARNING,prob_high_vol>0.60 but stock>=80%.,0.8,0.7109,BEAR,2023-01-12,CUSTOM,no_trade_band
midtrend_bear_high_stock,WARNING,mid_trend=BEAR but stock>=80%. Check trend context or policy override.,0.8,0.692,BEAR,2023-01-13,CUSTOM,not_rebalance_day
highvol_high_stock,WARNING,prob_high_vol>0.60 but stock>=80%.,0.8,0.692,BEAR,2023-01-13,CUSTOM,not_rebalance_day
midtrend_bear_high_stock,WARNING,mid_trend=BEAR but stock>=80%. Check trend context or policy override.,0.96,0.666,BEAR,2023-01-17,WATCH,strong_offensive_override
highvol_high_stock,WARNING,prob_high_vol>0.60 but stock>=80%.,0.96,0.666,BEAR,2023-01-17,WATCH,strong_offensive_override
midtrend_bear_high_stock,WARNING,mid_trend=BEAR but stock>=80%. Check trend context or policy override.,0.96,0.6566,BEAR,2023-01-18,WATCH,strong_offensive_override
highvol_high_stock,WARNING,prob_high_vol>0.60 but stock>=80%.,0.96,0.6566,BEAR,2023-01-18,WATCH,strong_offensive_override
midtrend_bear_high_stock,WARNING,mid_trend=BEAR but stock>=80%. Check trend context or policy override.,0.96,0.6504,BEAR,2023-01-19,WATCH,strong_offensive_override
highvol_high_stock,WARNING,prob_high_vol>0.60 but stock>=80%.,0.96,0.6504,BEAR,2023-01-19,WATCH,strong_offensive_override
midtrend_bear_high_stock,WARNING,mid_trend=BEAR but stock>=80%. Check trend context or policy override.,0.96,0.6358,BEAR,2023-01-20,WATCH,strong_offensive_override
highvol_high_stock,WARNING,prob_high_vol>0.60 but stock>=80%.,0.96,0.6358,BEAR,2023-01-20,WATCH,strong_offensive_override
midtrend_bear_high_stock,WARNING,mid_trend=BEAR but stock>=80%. Check trend context or policy override.,0.96,0.6151,BEAR,2023-01-23,WATCH,strong_offensive_override
highvol_high_stock,WARNING,prob_high_vol>0.60 but stock>=80%.,0.96,0.6151,BEAR,2023-01-23,WATCH,strong_offensive_override
midtrend_bear_high_stock,WARNING,mid_trend=BEAR but stock>=80%. Check trend context or policy override.,0.96,0.5925,BEAR,2023-01-24,WATCH,strong_offensive_override
midtrend_bear_high_stock,WARNING,mid_trend=BEAR but stock>=80%. Check trend context or policy override.,1.0,0.5742,BEAR,2023-01-25,WATCH,strong_offensive_override
midtrend_bear_high_stock,WARNING,mid_trend=BEAR but stock>=80%. Check trend context or policy override.,1.0,0.5589,BEAR,2023-01-26,WATCH,strong_offensive_override
midtrend_bear_high_stock,WARNING,mid_trend=BEAR but stock>=80%. Check trend context or policy override.,1.0,0.5507,BEAR,2023-01-27,WATCH,strong_offensive_override
midtrend_bear_high_stock,WARNING,mid_trend=BEAR but stock>=80%. Check trend context or policy override.,1.0,0.5598,BEAR,2023-01-30,WATCH,strong_offensive_override
midtrend_bear_high_stock,WARNING,mid_trend=BEAR but stock>=80%. Check trend context or policy override.,1.0,0.5519,BEAR,2023-01-31,WATCH,strong_offensive_override
midtrend_bear_high_stock,WARNING,mid_trend=BEAR but stock>=80%. Check trend context or policy override.,1.0,0.5251,BEAR,2023-02-01,NORMAL,strong_offensive_override
midtrend_bear_high_stock,WARNING,mid_trend=BEAR but stock>=80%. Check trend context or policy override.,0.82,0.3495,BEAR,2023-08-24,CUSTOM,not_rebalance_day
midtrend_bear_high_stock,WARNING,mid_trend=BEAR but stock>=80%. Check trend context or policy override.,1.0,0.3229,BEAR,2023-09-07,NORMAL,strong_offensive_override
midtrend_bear_high_stock,WARNING,mid_trend=BEAR but stock>=80%. Check trend context or policy override.,1.0,0.3536,BEAR,2023-09-08,NORMAL,strong_offensive_override
midtrend_bear_high_stock,WARNING,mid_trend=BEAR but stock>=80%. Check trend context or policy override.,1.0,0.3759,BEAR,2023-09-11,NORMAL,strong_offensive_override
midtrend_bear_high_stock,WARNING,mid_trend=BEAR but stock>=80%. Check trend context or policy override.,1.0,0.3991,BEAR,2023-09-12,NORMAL,strong_offensive_override
midtrend_bear_high_stock,WARNING,mid_trend=BEAR but stock>=80%. Check trend context or policy override.,1.0,0.4092,BEAR,2023-09-13,NORMAL,strong_offensive_override
midtrend_bear_high_stock,WARNING,mid_trend=BEAR but stock>=80%. Check trend context or policy override.,1.0,0.4108,BEAR,2023-09-14,NORMAL,strong_offensive_override
midtrend_bear_high_stock,WARNING,mid_trend=BEAR but stock>=80%. Check trend context or policy override.,0.96,0.4104,BEAR,2023-09-15,NORMAL,strong_offensive_override
midtrend_bear_high_stock,WARNING,mid_trend=BEAR but stock>=80%. Check trend context or policy override.,0.96,0.4102,BEAR,2023-09-18,NORMAL,strong_offensive_override
midtrend_bear_high_stock,WARNING,mid_trend=BEAR but stock>=80%. Check trend context or policy override.,0.96,0.4088,BEAR,2023-09-19,NORMAL,strong_offensive_override
midtrend_bear_high_stock,WARNING,mid_trend=BEAR but stock>=80%. Check trend context or policy override.,0.96,0.4126,BEAR,2023-09-20,NORMAL,strong_offensive_override
midtrend_bear_high_stock,WARNING,mid_trend=BEAR but stock>=80%. Check trend context or policy override.,0.96,0.4153,BEAR,2023-09-21,NORMAL,strong_offensive_override
midtrend_bear_high_stock,WARNING,mid_trend=BEAR but stock>=80%. Check trend context or policy override.,1.0,0.4123,BEAR,2023-09-22,NORMAL,strong_offensive_override
midtrend_bear_high_stock,WARNING,mid_trend=BEAR but stock>=80%. Check trend context or policy override.,1.0,0.4214,BEAR,2023-09-25,NORMAL,strong_offensive_override
midtrend_bear_high_stock,WARNING,mid_trend=BEAR but stock>=80%. Check trend context or policy override.,1.0,0.4388,BEAR,2023-09-26,NORMAL,strong_offensive_override
midtrend_bear_high_stock,WARNING,mid_trend=BEAR but stock>=80%. Check trend context or policy override.,1.0,0.4543,BEAR,2023-09-27,NORMAL,strong_offensive_override
midtrend_bear_high_stock,WARNING,mid_trend=BEAR but stock>=80%. Check trend context or policy override.,1.0,0.4667,BEAR,2023-09-28,NORMAL,strong_offensive_override
midtrend_bear_high_stock,WARNING,mid_trend=BEAR but stock>=80%. Check trend context or policy override.,1.0,0.4741,BEAR,2023-09-29,NORMAL,strong_offensive_override
midtrend_bear_high_stock,WARNING,mid_trend=BEAR but stock>=80%. Check trend context or policy override.,1.0,0.4786,BEAR,2023-10-02,NORMAL,strong_offensive_override
midtrend_bear_high_stock,WARNING,mid_trend=BEAR but stock>=80%. Check trend context or policy override.,1.0,0.484,BEAR,2023-10-03,NORMAL,strong_offensive_override
midtrend_bear_high_stock,WARNING,mid_trend=BEAR but stock>=80%. Check trend context or policy override.,1.0,0.4772,BEAR,2023-10-04,NORMAL,strong_offensive_override
midtrend_bear_high_stock,WARNING,mid_trend=BEAR but stock>=80%. Check trend context or policy override.,1.0,0.4598,BEAR,2023-10-05,NORMAL,strong_offensive_override
midtrend_bear_high_stock,WARNING,mid_trend=BEAR but stock>=80%. Check trend context or policy override.,1.0,0.4338,BEAR,2023-10-06,NORMAL,strong_offensive_override
midtrend_bear_high_stock,WARNING,mid_trend=BEAR but stock>=80%. Check trend context or policy override.,1.0,0.4101,BEAR,2023-10-09,NORMAL,strong_offensive_override
midtrend_bear_high_stock,WARNING,mid_trend=BEAR but stock>=80%. Check trend context or policy override.,1.0,0.3836,BEAR,2023-10-10,NORMAL,strong_offensive_override
midtrend_bear_high_stock,WARNING,mid_trend=BEAR but stock>=80%. Check trend context or policy override.,1.0,0.3588,BEAR,2023-10-11,NORMAL,strong_offensive_override
midtrend_bear_high_stock,WARNING,mid_trend=BEAR but stock>=80%. Check trend context or policy override.,1.0,0.3332,BEAR,2023-10-13,NORMAL,strong_offensive_override
midtrend_bear_high_stock,WARNING,mid_trend=BEAR but stock>=80%. Check trend context or policy override.,1.0,0.3216,BEAR,2023-10-16,NORMAL,strong_offensive_override
midtrend_bear_high_stock,WARNING,mid_trend=BEAR but stock>=80%. Check trend context or policy override.,1.0,0.3227,BEAR,2023-10-17,NORMAL,strong_offensive_override
midtrend_bear_high_stock,WARNING,mid_trend=BEAR but stock>=80%. Check trend context or policy override.,1.0,0.3347,BEAR,2023-10-18,NORMAL,strong_offensive_override
midtrend_bear_high_stock,WARNING,mid_trend=BEAR but stock>=80%. Check trend context or policy override.,1.0,0.3433,BEAR,2023-10-19,NORMAL,strong_offensive_override
midtrend_bear_high_stock,WARNING,mid_trend=BEAR but stock>=80%. Check trend context or policy override.,1.0,0.3604,BEAR,2023-10-20,NORMAL,strong_offensive_override
midtrend_bear_high_stock,WARNING,mid_trend=BEAR but stock>=80%. Check trend context or policy override.,1.0,0.3449,BEAR,2023-10-23,NORMAL,strong_offensive_override
midtrend_bear_high_stock,WARNING,mid_trend=BEAR but stock>=80%. Check trend context or policy override.,1.0,0.3342,BEAR,2023-10-24,NORMAL,strong_offensive_override
midtrend_bear_high_stock,WARNING,mid_trend=BEAR but stock>=80%. Check trend context or policy override.,1.0,0.326,BEAR,2023-10-25,NORMAL,strong_offensive_override
midtrend_bear_high_stock,WARNING,mid_trend=BEAR but stock>=80%. Check trend context or policy override.,1.0,0.3219,BEAR,2023-10-26,NORMAL,strong_offensive_override
midtrend_bear_high_stock,WARNING,mid_trend=BEAR but stock>=80%. Check trend context or policy override.,0.96,0.3137,BEAR,2023-10-27,NORMAL,strong_offensive_override
midtrend_bear_high_stock,WARNING,mid_trend=BEAR but stock>=80%. Check trend context or policy override.,0.96,0.2994,BEAR,2023-10-30,NORMAL,strong_offensive_override
midtrend_bear_high_stock,WARNING,mid_trend=BEAR but stock>=80%. Check trend context or policy override.,0.96,0.2868,BEAR,2023-10-31,NORMAL,strong_offensive_override
midtrend_bear_high_stock,WARNING,mid_trend=BEAR but stock>=80%. Check trend context or policy override.,0.96,0.2751,BEAR,2023-11-01,NORMAL,strong_offensive_override
midtrend_bear_high_stock,WARNING,mid_trend=BEAR but stock>=80%. Check trend context or policy override.,1.0,0.2623,BEAR,2023-11-02,NORMAL,strong_offensive_override
midtrend_bear_high_stock,WARNING,mid_trend=BEAR but stock>=80%. Check trend context or policy override.,1.0,0.2575,BEAR,2023-11-03,NORMAL,strong_offensive_override
midtrend_bear_high_stock,WARNING,mid_trend=BEAR but stock>=80%. Check trend context or policy override.,0.82,0.2356,BEAR,2024-02-12,CUSTOM,not_rebalance_day
midtrend_bear_high_stock,WARNING,mid_trend=BEAR but stock>=80%. Check trend context or policy override.,0.82,0.2298,BEAR,2024-02-13,CUSTOM,not_rebalance_day
midtrend_bear_high_stock,WARNING,mid_trend=BEAR but stock>=80%. Check trend context or policy override.,0.82,0.2466,BEAR,2024-02-14,CUSTOM,not_rebalance_day
midtrend_bear_high_stock,WARNING,mid_trend=BEAR but stock>=80%. Check trend context or policy override.,0.82,0.2391,BEAR,2024-02-15,CUSTOM,not_rebalance_day
midtrend_bear_high_stock,WARNING,mid_trend=BEAR but stock>=80%. Check trend context or policy override.,1.0,0.2349,BEAR,2024-02-16,NORMAL,strong_offensive_override
midtrend_bear_high_stock,WARNING,mid_trend=BEAR but stock>=80%. Check trend context or policy override.,1.0,0.2324,BEAR,2024-02-20,NORMAL,strong_offensive_override
midtrend_bear_high_stock,WARNING,mid_trend=BEAR but stock>=80%. Check trend context or policy override.,1.0,0.2331,BEAR,2024-02-21,NORMAL,strong_offensive_override
midtrend_bear_high_stock,WARNING,mid_trend=BEAR but stock>=80%. Check trend context or policy override.,1.0,0.2215,BEAR,2024-02-22,NORMAL,strong_offensive_override
midtrend_bear_high_stock,WARNING,mid_trend=BEAR but stock>=80%. Check trend context or policy override.,1.0,0.2242,BEAR,2024-02-23,NORMAL,strong_offensive_override
midtrend_bear_high_stock,WARNING,mid_trend=BEAR but stock>=80%. Check trend context or policy override.,1.0,0.2615,BEAR,2024-02-26,NORMAL,strong_offensive_override
midtrend_bear_high_stock,WARNING,mid_trend=BEAR but stock>=80%. Check trend context or policy override.,1.0,0.3007,BEAR,2024-02-27,NORMAL,strong_offensive_override
midtrend_bear_high_stock,WARNING,mid_trend=BEAR but stock>=80%. Check trend context or policy override.,1.0,0.3222,BEAR,2024-02-28,NORMAL,strong_offensive_override
midtrend_bear_high_stock,WARNING,mid_trend=BEAR but stock>=80%. Check trend context or policy override.,1.0,0.3316,BEAR,2024-02-29,NORMAL,strong_offensive_override
midtrend_bear_high_stock,WARNING,mid_trend=BEAR but stock>=80%. Check trend context or policy override.,1.0,0.3453,BEAR,2024-03-01,NORMAL,strong_offensive_override
midtrend_bear_high_stock,WARNING,mid_trend=BEAR but stock>=80%. Check trend context or policy override.,1.0,0.3214,BEAR,2024-03-04,NORMAL,strong_offensive_override
midtrend_bear_high_stock,WARNING,mid_trend=BEAR but stock>=80%. Check trend context or policy override.,1.0,0.3335,BEAR,2024-03-05,NORMAL,strong_offensive_override
midtrend_bear_high_stock,WARNING,mid_trend=BEAR but stock>=80%. Check trend context or policy override.,1.0,0.3471,BEAR,2024-03-06,NORMAL,strong_offensive_override
midtrend_bear_high_stock,WARNING,mid_trend=BEAR but stock>=80%. Check trend context or policy override.,0.96,0.3579,BEAR,2024-03-07,NORMAL,strong_offensive_override
midtrend_bear_high_stock,WARNING,mid_trend=BEAR but stock>=80%. Check trend context or policy override.,0.96,0.3721,BEAR,2024-03-08,NORMAL,strong_offensive_override
midtrend_bear_high_stock,WARNING,mid_trend=BEAR but stock>=80%. Check trend context or policy override.,0.96,0.3812,BEAR,2024-03-11,NORMAL,strong_offensive_override
midtrend_bear_high_stock,WARNING,mid_trend=BEAR but stock>=80%. Check trend context or policy override.,0.96,0.3882,BEAR,2024-03-12,NORMAL,strong_offensive_override
midtrend_bear_high_stock,WARNING,mid_trend=BEAR but stock>=80%. Check trend context or policy override.,0.96,0.3977,BEAR,2024-03-13,NORMAL,strong_offensive_override
midtrend_bear_high_stock,WARNING,mid_trend=BEAR but stock>=80%. Check trend context or policy override.,0.96,0.3994,BEAR,2024-03-14,NORMAL,strong_offensive_override
midtrend_bear_high_stock,WARNING,mid_trend=BEAR but stock>=80%. Check trend context or policy override.,0.96,0.3964,BEAR,2024-03-15,NORMAL,strong_offensive_override
midtrend_bear_high_stock,WARNING,mid_trend=BEAR but stock>=80%. Check trend context or policy override.,1.0,0.3973,BEAR,2024-03-18,NORMAL,strong_offensive_override
midtrend_bear_high_stock,WARNING,mid_trend=BEAR but stock>=80%. Check trend context or policy override.,1.0,0.3897,BEAR,2024-03-19,NORMAL,strong_offensive_override
midtrend_bear_high_stock,WARNING,mid_trend=BEAR but stock>=80%. Check trend context or policy override.,1.0,0.3832,BEAR,2024-03-20,NORMAL,strong_offensive_override
midtrend_bear_high_stock,WARNING,mid_trend=BEAR but stock>=80%. Check trend context or policy override.,1.0,0.3996,BEAR,2024-03-21,NORMAL,strong_offensive_override
midtrend_bear_high_stock,WARNING,mid_trend=BEAR but stock>=80%. Check trend context or policy override.,1.0,0.4065,BEAR,2024-03-22,NORMAL,strong_offensive_override
midtrend_bear_high_stock,WARNING,mid_trend=BEAR but stock>=80%. Check trend context or policy override.,0.96,0.4155,BEAR,2024-03-25,NORMAL,strong_offensive_override
midtrend_bear_high_stock,WARNING,mid_trend=BEAR but stock>=80%. Check trend context or policy override.,0.96,0.421,BEAR,2024-03-26,NORMAL,strong_offensive_override
midtrend_bear_high_stock,WARNING,mid_trend=BEAR but stock>=80%. Check trend context or policy override.,0.96,0.4186,BEAR,2024-03-27,NORMAL,strong_offensive_override
midtrend_bear_high_stock,WARNING,mid_trend=BEAR but stock>=80%. Check trend context or policy override.,1.0,0.4291,BEAR,2024-03-28,NORMAL,strong_offensive_override
midtrend_bear_high_stock,WARNING,mid_trend=BEAR but stock>=80%. Check trend context or policy override.,1.0,0.439,BEAR,2024-04-01,NORMAL,strong_offensive_override
midtrend_bear_high_stock,WARNING,mid_trend=BEAR but stock>=80%. Check trend context or policy override.,1.0,0.4543,BEAR,2024-04-02,NORMAL,strong_offensive_override
midtrend_bear_high_stock,WARNING,mid_trend=BEAR but stock>=80%. Check trend context or policy override.,1.0,0.4664,BEAR,2024-04-03,NORMAL,strong_offensive_override
midtrend_bear_high_stock,WARNING,mid_trend=BEAR but stock>=80%. Check trend context or policy override.,1.0,0.4734,BEAR,2024-04-04,NORMAL,strong_offensive_override
midtrend_bear_high_stock,WARNING,mid_trend=BEAR but stock>=80%. Check trend context or policy override.,1.0,0.4777,BEAR,2024-04-05,NORMAL,strong_offensive_override
midtrend_bear_high_stock,WARNING,mid_trend=BEAR but stock>=80%. Check trend context or policy override.,1.0,0.473,BEAR,2024-04-08,NORMAL,strong_offensive_override
midtrend_bear_high_stock,WARNING,mid_trend=BEAR but stock>=80%. Check trend context or policy override.,1.0,0.461,BEAR,2024-04-09,NORMAL,strong_offensive_override
midtrend_bear_high_stock,WARNING,mid_trend=BEAR but stock>=80%. Check trend context or policy override.,1.0,0.4501,BEAR,2024-04-10,NORMAL,strong_offensive_override
midtrend_bear_high_stock,WARNING,mid_trend=BEAR but stock>=80%. Check trend context or policy override.,1.0,0.4308,BEAR,2024-04-11,NORMAL,strong_offensive_override
midtrend_bear_high_stock,WARNING,mid_trend=BEAR but stock>=80%. Check trend context or policy override.,1.0,0.4131,BEAR,2024-04-12,NORMAL,strong_offensive_override
midtrend_bear_high_stock,WARNING,mid_trend=BEAR but stock>=80%. Check trend context or policy override.,1.0,0.4195,BEAR,2024-04-15,NORMAL,strong_offensive_override
midtrend_bear_high_stock,WARNING,mid_trend=BEAR but stock>=80%. Check trend context or policy override.,1.0,0.402,BEAR,2024-04-16,NORMAL,strong_offensive_override
midtrend_bear_high_stock,WARNING,mid_trend=BEAR but stock>=80%. Check trend context or policy override.,1.0,0.3848,BEAR,2024-04-17,NORMAL,strong_offensive_override
midtrend_bear_high_stock,WARNING,mid_trend=BEAR but stock>=80%. Check trend context or policy override.,1.0,0.3651,BEAR,2024-04-18,NORMAL,strong_offensive_override
midtrend_bear_high_stock,WARNING,mid_trend=BEAR but stock>=80%. Check trend context or policy override.,1.0,0.3441,BEAR,2024-04-19,NORMAL,strong_offensive_override
midtrend_bear_high_stock,WARNING,mid_trend=BEAR but stock>=80%. Check trend context or policy override.,1.0,0.3281,BEAR,2024-04-22,NORMAL,strong_offensive_override
midtrend_bear_high_stock,WARNING,mid_trend=BEAR but stock>=80%. Check trend context or policy override.,1.0,0.3213,BEAR,2024-04-23,NORMAL,strong_offensive_override
midtrend_bear_high_stock,WARNING,mid_trend=BEAR but stock>=80%. Check trend context or policy override.,1.0,0.3171,BEAR,2024-04-24,NORMAL,strong_offensive_override
midtrend_bear_high_stock,WARNING,mid_trend=BEAR but stock>=80%. Check trend context or policy override.,1.0,0.3182,BEAR,2024-04-25,NORMAL,strong_offensive_override
midtrend_bear_high_stock,WARNING,mid_trend=BEAR but stock>=80%. Check trend context or policy override.,1.0,0.3175,BEAR,2024-04-26,NORMAL,strong_offensive_override
midtrend_bear_high_stock,WARNING,mid_trend=BEAR but stock>=80%. Check trend context or policy override.,1.0,0.3117,BEAR,2024-04-29,NORMAL,strong_offensive_override
midtrend_bear_high_stock,WARNING,mid_trend=BEAR but stock>=80%. Check trend context or policy override.,1.0,0.3187,BEAR,2024-04-30,NORMAL,strong_offensive_override
midtrend_bear_high_stock,WARNING,mid_trend=BEAR but stock>=80%. Check trend context or policy override.,1.0,0.3211,BEAR,2024-05-01,NORMAL,strong_offensive_override
midtrend_bear_high_stock,WARNING,mid_trend=BEAR but stock>=80%. Check trend context or policy override.,1.0,0.3224,BEAR,2024-05-02,NORMAL,strong_offensive_override
midtrend_bear_high_stock,WARNING,mid_trend=BEAR but stock>=80%. Check trend context or policy override.,1.0,0.3347,BEAR,2024-05-06,NORMAL,strong_offensive_override
midtrend_bear_high_stock,WARNING,mid_trend=BEAR but stock>=80%. Check trend context or policy override.,1.0,0.3292,BEAR,2024-05-07,NORMAL,strong_offensive_override
midtrend_bear_high_stock,WARNING,mid_trend=BEAR but stock>=80%. Check trend context or policy override.,1.0,0.3216,BEAR,2024-05-08,NORMAL,strong_offensive_override
midtrend_bear_high_stock,WARNING,mid_trend=BEAR but stock>=80%. Check trend context or policy override.,1.0,0.3154,BEAR,2024-05-09,NORMAL,strong_offensive_override
midtrend_bear_high_stock,WARNING,mid_trend=BEAR but stock>=80%. Check trend context or policy override.,0.96,0.3724,BEAR,2025-03-03,CUSTOM,not_rebalance_day
midtrend_bear_high_stock,WARNING,mid_trend=BEAR but stock>=80%. Check trend context or policy override.,0.8,0.3943,BEAR,2025-03-04,NORMAL,scheduled
midtrend_bear_high_stock,WARNING,mid_trend=BEAR but stock>=80%. Check trend context or policy override.,0.8,0.409,BEAR,2025-03-05,CUSTOM,not_rebalance_day
midtrend_bear_high_stock,WARNING,mid_trend=BEAR but stock>=80%. Check trend context or policy override.,0.8,0.4209,BEAR,2025-03-06,CUSTOM,not_rebalance_day
midtrend_bear_high_stock,WARNING,mid_trend=BEAR but stock>=80%. Check trend context or policy override.,0.96,0.4244,BEAR,2025-03-07,NORMAL,strong_offensive_override
midtrend_bear_high_stock,WARNING,mid_trend=BEAR but stock>=80%. Check trend context or policy override.,0.96,0.459,BEAR,2025-03-10,CUSTOM,not_rebalance_day
midtrend_bear_high_stock,WARNING,mid_trend=BEAR but stock>=80%. Check trend context or policy override.,0.8,0.4985,BEAR,2025-03-11,NORMAL,scheduled
midtrend_bear_high_stock,WARNING,mid_trend=BEAR but stock>=80%. Check trend context or policy override.,0.8,0.5236,BEAR,2025-03-12,CUSTOM,not_rebalance_day
midtrend_bear_high_stock,WARNING,mid_trend=BEAR but stock>=80%. Check trend context or policy override.,0.8,0.5871,BEAR,2025-03-13,CUSTOM,not_rebalance_day
midtrend_bear_high_stock,WARNING,mid_trend=BEAR but stock>=80%. Check trend context or policy override.,0.8,0.6373,BEAR,2025-03-14,CUSTOM,not_rebalance_day
highvol_high_stock,WARNING,prob_high_vol>0.60 but stock>=80%.,0.8,0.6373,BEAR,2025-03-14,CUSTOM,not_rebalance_day
midtrend_bear_high_stock,WARNING,mid_trend=BEAR but stock>=80%. Check trend context or policy override.,0.8,0.6771,BEAR,2025-03-17,CUSTOM,not_rebalance_day
highvol_high_stock,WARNING,prob_high_vol>0.60 but stock>=80%.,0.8,0.6771,BEAR,2025-03-17,CUSTOM,not_rebalance_day
midtrend_bear_high_stock,WARNING,mid_trend=BEAR but stock>=80%. Check trend context or policy override.,0.8,0.6462,BEAR,2025-04-01,WATCH,scheduled
highvol_high_stock,WARNING,prob_high_vol>0.60 but stock>=80%.,0.8,0.6462,BEAR,2025-04-01,WATCH,scheduled
midtrend_bear_high_stock,WARNING,mid_trend=BEAR but stock>=80%. Check trend context or policy override.,0.96,0.6553,BEAR,2025-04-02,WATCH,strong_offensive_override
highvol_high_stock,WARNING,prob_high_vol>0.60 but stock>=80%.,0.96,0.6553,BEAR,2025-04-02,WATCH,strong_offensive_override
midtrend_bear_high_stock,WARNING,mid_trend=BEAR but stock>=80%. Check trend context or policy override.,0.96,0.698,BEAR,2025-04-03,CUSTOM,not_rebalance_day
highvol_high_stock,WARNING,prob_high_vol>0.60 but stock>=80%.,0.96,0.698,BEAR,2025-04-03,CUSTOM,not_rebalance_day
midtrend_bear_high_stock,WARNING,mid_trend=BEAR but stock>=80%. Check trend context or policy override.,0.8,0.8019,BEAR,2025-04-30,RISK_OFF,scheduled
highvol_high_stock,WARNING,prob_high_vol>0.60 but stock>=80%.,0.8,0.8019,BEAR,2025-04-30,RISK_OFF,scheduled
extreme_highvol_full_stock,HARD_CAP,prob_high_vol>0.80 but stock>=70%.,0.8,0.8019,BEAR,2025-04-30,RISK_OFF,scheduled
midtrend_bear_high_stock,WARNING,mid_trend=BEAR but stock>=80%. Check trend context or policy override.,0.8,0.8124,BEAR,2025-05-01,CUSTOM,no_trade_band
highvol_high_stock,WARNING,prob_high_vol>0.60 but stock>=80%.,0.8,0.8124,BEAR,2025-05-01,CUSTOM,no_trade_band
extreme_highvol_full_stock,HARD_CAP,prob_high_vol>0.80 but stock>=70%.,0.8,0.8124,BEAR,2025-05-01,CUSTOM,no_trade_band
midtrend_bear_high_stock,WARNING,mid_trend=BEAR but stock>=80%. Check trend context or policy override.,0.8,0.7831,BEAR,2025-05-14,RISK_OFF,scheduled
highvol_high_stock,WARNING,prob_high_vol>0.60 but stock>=80%.,0.8,0.7831,BEAR,2025-05-14,RISK_OFF,scheduled
midtrend_bear_high_stock,WARNING,mid_trend=BEAR but stock>=80%. Check trend context or policy override.,0.8,0.7644,BEAR,2025-05-15,CUSTOM,not_rebalance_day
highvol_high_stock,WARNING,prob_high_vol>0.60 but stock>=80%.,0.8,0.7644,BEAR,2025-05-15,CUSTOM,not_rebalance_day
midtrend_bear_high_stock,WARNING,mid_trend=BEAR but stock>=80%. Check trend context or policy override.,0.8,0.7555,BEAR,2025-05-16,CUSTOM,not_rebalance_day
highvol_high_stock,WARNING,prob_high_vol>0.60 but stock>=80%.,0.8,0.7555,BEAR,2025-05-16,CUSTOM,not_rebalance_day
midtrend_bear_high_stock,WARNING,mid_trend=BEAR but stock>=80%. Check trend context or policy override.,0.8,0.7709,BEAR,2025-05-19,CUSTOM,not_rebalance_day
highvol_high_stock,WARNING,prob_high_vol>0.60 but stock>=80%.,0.8,0.7709,BEAR,2025-05-19,CUSTOM,not_rebalance_day
midtrend_bear_high_stock,WARNING,mid_trend=BEAR but stock>=80%. Check trend context or policy override.,0.8,0.7816,BEAR,2025-05-20,CUSTOM,no_trade_band
highvol_high_stock,WARNING,prob_high_vol>0.60 but stock>=80%.,0.8,0.7816,BEAR,2025-05-20,CUSTOM,no_trade_band
midtrend_bear_high_stock,WARNING,mid_trend=BEAR but stock>=80%. Check trend context or policy override.,0.8,0.7928,BEAR,2025-05-21,CUSTOM,no_trade_band
highvol_high_stock,WARNING,prob_high_vol>0.60 but stock>=80%.,0.8,0.7928,BEAR,2025-05-21,CUSTOM,no_trade_band
midtrend_bear_high_stock,WARNING,mid_trend=BEAR but stock>=80%. Check trend context or policy override.,0.8,0.7997,BEAR,2025-05-22,CUSTOM,not_rebalance_day
highvol_high_stock,WARNING,prob_high_vol>0.60 but stock>=80%.,0.8,0.7997,BEAR,2025-05-22,CUSTOM,not_rebalance_day
midtrend_bear_high_stock,WARNING,mid_trend=BEAR but stock>=80%. Check trend context or policy override.,0.8,0.8018,BEAR,2025-05-23,CUSTOM,not_rebalance_day
highvol_high_stock,WARNING,prob_high_vol>0.60 but stock>=80%.,0.8,0.8018,BEAR,2025-05-23,CUSTOM,not_rebalance_day
extreme_highvol_full_stock,HARD_CAP,prob_high_vol>0.80 but stock>=70%.,0.8,0.8018,BEAR,2025-05-23,CUSTOM,not_rebalance_day
midtrend_bear_high_stock,WARNING,mid_trend=BEAR but stock>=80%. Check trend context or policy override.,0.8,0.8093,BEAR,2025-05-27,CUSTOM,not_rebalance_day
highvol_high_stock,WARNING,prob_high_vol>0.60 but stock>=80%.,0.8,0.8093,BEAR,2025-05-27,CUSTOM,not_rebalance_day
extreme_highvol_full_stock,HARD_CAP,prob_high_vol>0.80 but stock>=70%.,0.8,0.8093,BEAR,2025-05-27,CUSTOM,not_rebalance_day
midtrend_bear_high_stock,WARNING,mid_trend=BEAR but stock>=80%. Check trend context or policy override.,0.8,0.8089,BEAR,2025-05-28,CUSTOM,no_trade_band
highvol_high_stock,WARNING,prob_high_vol>0.60 but stock>=80%.,0.8,0.8089,BEAR,2025-05-28,CUSTOM,no_trade_band
extreme_highvol_full_stock,HARD_CAP,prob_high_vol>0.80 but stock>=70%.,0.8,0.8089,BEAR,2025-05-28,CUSTOM,no_trade_band
midtrend_bear_high_stock,WARNING,mid_trend=BEAR but stock>=80%. Check trend context or policy override.,0.8,0.8089,BEAR,2025-05-29,CUSTOM,no_trade_band
highvol_high_stock,WARNING,prob_high_vol>0.60 but stock>=80%.,0.8,0.8089,BEAR,2025-05-29,CUSTOM,no_trade_band
extreme_highvol_full_stock,HARD_CAP,prob_high_vol>0.80 but stock>=70%.,0.8,0.8089,BEAR,2025-05-29,CUSTOM,no_trade_band
midtrend_bear_high_stock,WARNING,mid_trend=BEAR but stock>=80%. Check trend context or policy override.,0.8,0.8086,BEAR,2025-05-30,CUSTOM,not_rebalance_day
highvol_high_stock,WARNING,prob_high_vol>0.60 but stock>=80%.,0.8,0.8086,BEAR,2025-05-30,CUSTOM,not_rebalance_day
extreme_highvol_full_stock,HARD_CAP,prob_high_vol>0.80 but stock>=70%.,0.8,0.8086,BEAR,2025-05-30,CUSTOM,not_rebalance_day
midtrend_bear_high_stock,WARNING,mid_trend=BEAR but stock>=80%. Check trend context or policy override.,0.8,0.8096,BEAR,2025-06-02,CUSTOM,not_rebalance_day
highvol_high_stock,WARNING,prob_high_vol>0.60 but stock>=80%.,0.8,0.8096,BEAR,2025-06-02,CUSTOM,not_rebalance_day
extreme_highvol_full_stock,HARD_CAP,prob_high_vol>0.80 but stock>=70%.,0.8,0.8096,BEAR,2025-06-02,CUSTOM,not_rebalance_day
midtrend_bear_high_stock,WARNING,mid_trend=BEAR but stock>=80%. Check trend context or policy override.,0.8,0.8079,BEAR,2025-06-03,CUSTOM,not_rebalance_day
highvol_high_stock,WARNING,prob_high_vol>0.60 but stock>=80%.,0.8,0.8079,BEAR,2025-06-03,CUSTOM,not_rebalance_day
extreme_highvol_full_stock,HARD_CAP,prob_high_vol>0.80 but stock>=70%.,0.8,0.8079,BEAR,2025-06-03,CUSTOM,not_rebalance_day
midtrend_bear_high_stock,WARNING,mid_trend=BEAR but stock>=80%. Check trend context or policy override.,0.8,0.8072,BEAR,2025-06-04,CUSTOM,no_trade_band
highvol_high_stock,WARNING,prob_high_vol>0.60 but stock>=80%.,0.8,0.8072,BEAR,2025-06-04,CUSTOM,no_trade_band
extreme_highvol_full_stock,HARD_CAP,prob_high_vol>0.80 but stock>=70%.,0.8,0.8072,BEAR,2025-06-04,CUSTOM,no_trade_band
midtrend_bear_high_stock,WARNING,mid_trend=BEAR but stock>=80%. Check trend context or policy override.,0.8,0.7997,BEAR,2025-06-05,CUSTOM,no_trade_band
highvol_high_stock,WARNING,prob_high_vol>0.60 but stock>=80%.,0.8,0.7997,BEAR,2025-06-05,CUSTOM,no_trade_band
midtrend_bear_high_stock,WARNING,mid_trend=BEAR but stock>=80%. Check trend context or policy override.,0.8,0.7933,BEAR,2025-06-06,CUSTOM,not_rebalance_day
highvol_high_stock,WARNING,prob_high_vol>0.60 but stock>=80%.,0.8,0.7933,BEAR,2025-06-06,CUSTOM,not_rebalance_day
midtrend_bear_high_stock,WARNING,mid_trend=BEAR but stock>=80%. Check trend context or policy override.,0.8,0.7865,BEAR,2025-06-09,CUSTOM,not_rebalance_day
highvol_high_stock,WARNING,prob_high_vol>0.60 but stock>=80%.,0.8,0.7865,BEAR,2025-06-09,CUSTOM,not_rebalance_day
midtrend_bear_high_stock,WARNING,mid_trend=BEAR but stock>=80%. Check trend context or policy override.,0.8,0.7796,BEAR,2025-06-10,CUSTOM,not_rebalance_day
highvol_high_stock,WARNING,prob_high_vol>0.60 but stock>=80%.,0.8,0.7796,BEAR,2025-06-10,CUSTOM,not_rebalance_day
midtrend_bear_high_stock,WARNING,mid_trend=BEAR but stock>=80%. Check trend context or policy override.,0.8,0.7653,BEAR,2025-06-11,CUSTOM,not_rebalance_day
highvol_high_stock,WARNING,prob_high_vol>0.60 but stock>=80%.,0.8,0.7653,BEAR,2025-06-11,CUSTOM,not_rebalance_day
midtrend_bear_high_stock,WARNING,mid_trend=BEAR but stock>=80%. Check trend context or policy override.,0.8,0.7625,BEAR,2025-06-12,CUSTOM,no_trade_band
highvol_high_stock,WARNING,prob_high_vol>0.60 but stock>=80%.,0.8,0.7625,BEAR,2025-06-12,CUSTOM,no_trade_band
midtrend_bear_high_stock,WARNING,mid_trend=BEAR but stock>=80%. Check trend context or policy override.,0.8,0.7627,BEAR,2025-06-13,CUSTOM,not_rebalance_day
highvol_high_stock,WARNING,prob_high_vol>0.60 but stock>=80%.,0.8,0.7627,BEAR,2025-06-13,CUSTOM,not_rebalance_day
midtrend_bear_high_stock,WARNING,mid_trend=BEAR but stock>=80%. Check trend context or policy override.,0.8,0.7598,BEAR,2025-06-16,CUSTOM,not_rebalance_day
highvol_high_stock,WARNING,prob_high_vol>0.60 but stock>=80%.,0.8,0.7598,BEAR,2025-06-16,CUSTOM,not_rebalance_day
midtrend_bear_high_stock,WARNING,mid_trend=BEAR but stock>=80%. Check trend context or policy override.,0.8,0.7515,BEAR,2025-06-17,CUSTOM,not_rebalance_day
highvol_high_stock,WARNING,prob_high_vol>0.60 but stock>=80%.,0.8,0.7515,BEAR,2025-06-17,CUSTOM,not_rebalance_day
midtrend_bear_high_stock,WARNING,mid_trend=BEAR but stock>=80%. Check trend context or policy override.,0.8,0.746,BEAR,2025-06-18,CUSTOM,not_rebalance_day
highvol_high_stock,WARNING,prob_high_vol>0.60 but stock>=80%.,0.8,0.746,BEAR,2025-06-18,CUSTOM,not_rebalance_day
midtrend_bear_high_stock,WARNING,mid_trend=BEAR but stock>=80%. Check trend context or policy override.,0.8,0.7315,BEAR,2025-06-20,CUSTOM,no_trade_band
highvol_high_stock,WARNING,prob_high_vol>0.60 but stock>=80%.,0.8,0.7315,BEAR,2025-06-20,CUSTOM,no_trade_band
midtrend_bear_high_stock,WARNING,mid_trend=BEAR but stock>=80%. Check trend context or policy override.,0.8,0.7235,BEAR,2025-06-23,CUSTOM,not_rebalance_day
highvol_high_stock,WARNING,prob_high_vol>0.60 but stock>=80%.,0.8,0.7235,BEAR,2025-06-23,CUSTOM,not_rebalance_day
midtrend_bear_high_stock,WARNING,mid_trend=BEAR but stock>=80%. Check trend context or policy override.,0.8,0.7092,BEAR,2025-06-24,CUSTOM,not_rebalance_day
highvol_high_stock,WARNING,prob_high_vol>0.60 but stock>=80%.,0.8,0.7092,BEAR,2025-06-24,CUSTOM,not_rebalance_day
midtrend_bear_high_stock,WARNING,mid_trend=BEAR but stock>=80%. Check trend context or policy override.,0.8,0.6968,BEAR,2025-06-25,CUSTOM,not_rebalance_day
highvol_high_stock,WARNING,prob_high_vol>0.60 but stock>=80%.,0.8,0.6968,BEAR,2025-06-25,CUSTOM,not_rebalance_day
midtrend_bear_high_stock,WARNING,mid_trend=BEAR but stock>=80%. Check trend context or policy override.,0.8,0.6897,BEAR,2025-06-26,CUSTOM,not_rebalance_day
highvol_high_stock,WARNING,prob_high_vol>0.60 but stock>=80%.,0.8,0.6897,BEAR,2025-06-26,CUSTOM,not_rebalance_day
midtrend_bear_high_stock,WARNING,mid_trend=BEAR but stock>=80%. Check trend context or policy override.,0.96,0.6481,BEAR,2025-06-27,WATCH,strong_offensive_override
highvol_high_stock,WARNING,prob_high_vol>0.60 but stock>=80%.,0.96,0.6481,BEAR,2025-06-27,WATCH,strong_offensive_override
highvol_high_stock,WARNING,prob_high_vol>0.60 but stock>=80%.,0.96,0.603,NEUTRAL,2025-06-30,WATCH,strong_offensive_override
midtrend_bear_high_stock,WARNING,mid_trend=BEAR but stock>=80%. Check trend context or policy override.,0.8,0.4574,BEAR,2026-01-16,NORMAL,scheduled
midtrend_bear_high_stock,WARNING,mid_trend=BEAR but stock>=80%. Check trend context or policy override.,0.8,0.4447,BEAR,2026-01-20,CUSTOM,not_rebalance_day
midtrend_bear_high_stock,WARNING,mid_trend=BEAR but stock>=80%. Check trend context or policy override.,0.8,0.4296,BEAR,2026-01-21,CUSTOM,not_rebalance_day
midtrend_bear_high_stock,WARNING,mid_trend=BEAR but stock>=80%. Check trend context or policy override.,0.8,0.4078,BEAR,2026-01-22,CUSTOM,not_rebalance_day
midtrend_bear_high_stock,WARNING,mid_trend=BEAR but stock>=80%. Check trend context or policy override.,0.8,0.3891,BEAR,2026-01-23,CUSTOM,not_rebalance_day
midtrend_bear_high_stock,WARNING,mid_trend=BEAR but stock>=80%. Check trend context or policy override.,0.8,0.3715,BEAR,2026-01-26,CUSTOM,no_trade_band
midtrend_bear_high_stock,WARNING,mid_trend=BEAR but stock>=80%. Check trend context or policy override.,0.8,0.3554,BEAR,2026-01-27,CUSTOM,not_rebalance_day
midtrend_bear_high_stock,WARNING,mid_trend=BEAR but stock>=80%. Check trend context or policy override.,0.8,0.3491,BEAR,2026-01-28,CUSTOM,not_rebalance_day
midtrend_bear_high_stock,WARNING,mid_trend=BEAR but stock>=80%. Check trend context or policy override.,0.8,0.3402,BEAR,2026-01-29,CUSTOM,not_rebalance_day
midtrend_bear_high_stock,WARNING,mid_trend=BEAR but stock>=80%. Check trend context or policy override.,0.8,0.3431,BEAR,2026-01-30,CUSTOM,not_rebalance_day
midtrend_bear_high_stock,WARNING,mid_trend=BEAR but stock>=80%. Check trend context or policy override.,0.8,0.3984,BEAR,2026-02-12,CUSTOM,not_rebalance_day
midtrend_bear_high_stock,WARNING,mid_trend=BEAR but stock>=80%. Check trend context or policy override.,0.8,0.4804,BEAR,2026-02-13,CUSTOM,not_rebalance_day
midtrend_bear_high_stock,WARNING,mid_trend=BEAR but stock>=80%. Check trend context or policy override.,0.8,0.5973,BEAR,2026-03-17,WATCH,scheduled
midtrend_bear_high_stock,WARNING,mid_trend=BEAR but stock>=80%. Check trend context or policy override.,0.8,0.6115,BEAR,2026-03-18,CUSTOM,not_rebalance_day
highvol_high_stock,WARNING,prob_high_vol>0.60 but stock>=80%.,0.8,0.6115,BEAR,2026-03-18,CUSTOM,not_rebalance_day
midtrend_bear_high_stock,WARNING,mid_trend=BEAR but stock>=80%. Check trend context or policy override.,0.8,0.6098,BEAR,2026-03-19,CUSTOM,not_rebalance_day
highvol_high_stock,WARNING,prob_high_vol>0.60 but stock>=80%.,0.8,0.6098,BEAR,2026-03-19,CUSTOM,not_rebalance_day
midtrend_bear_high_stock,WARNING,mid_trend=BEAR but stock>=80%. Check trend context or policy override.,0.8,0.5965,BEAR,2026-03-20,CUSTOM,not_rebalance_day
midtrend_bear_high_stock,WARNING,mid_trend=BEAR but stock>=80%. Check trend context or policy override.,0.96,0.5861,BEAR,2026-03-23,WATCH,strong_offensive_override
midtrend_bear_high_stock,WARNING,mid_trend=BEAR but stock>=80%. Check trend context or policy override.,0.96,0.5843,BEAR,2026-03-24,WATCH,strong_offensive_override
midtrend_bear_high_stock,WARNING,mid_trend=BEAR but stock>=80%. Check trend context or policy override.,0.96,0.567,BEAR,2026-03-25,WATCH,strong_offensive_override
midtrend_bear_high_stock,WARNING,mid_trend=BEAR but stock>=80%. Check trend context or policy override.,0.96,0.55,BEAR,2026-03-26,NORMAL,strong_offensive_override
midtrend_bear_high_stock,WARNING,mid_trend=BEAR but stock>=80%. Check trend context or policy override.,1.0,0.5527,BEAR,2026-03-27,WATCH,strong_offensive_override
midtrend_bear_high_stock,WARNING,mid_trend=BEAR but stock>=80%. Check trend context or policy override.,1.0,0.565,BEAR,2026-03-30,WATCH,strong_offensive_override
midtrend_bear_high_stock,WARNING,mid_trend=BEAR but stock>=80%. Check trend context or policy override.,1.0,0.5551,BEAR,2026-03-31,WATCH,strong_offensive_override
midtrend_bear_high_stock,WARNING,mid_trend=BEAR but stock>=80%. Check trend context or policy override.,1.0,0.5371,BEAR,2026-04-01,NORMAL,strong_offensive_override
midtrend_bear_high_stock,WARNING,mid_trend=BEAR but stock>=80%. Check trend context or policy override.,1.0,0.5276,BEAR,2026-04-02,NORMAL,strong_offensive_override
midtrend_bear_high_stock,WARNING,mid_trend=BEAR but stock>=80%. Check trend context or policy override.,1.0,0.5066,BEAR,2026-04-06,NORMAL,strong_offensive_override
midtrend_bear_high_stock,WARNING,mid_trend=BEAR but stock>=80%. Check trend context or policy override.,1.0,0.516,BEAR,2026-04-07,NORMAL,strong_offensive_override
midtrend_bear_high_stock,WARNING,mid_trend=BEAR but stock>=80%. Check trend context or policy override.,1.0,0.5276,BEAR,2026-04-08,NORMAL,strong_offensive_override
midtrend_bear_high_stock,WARNING,mid_trend=BEAR but stock>=80%. Check trend context or policy override.,1.0,0.5303,BEAR,2026-04-10,NORMAL,strong_offensive_override
midtrend_bear_high_stock,WARNING,mid_trend=BEAR but stock>=80%. Check trend context or policy override.,1.0,0.5241,BEAR,2026-04-13,NORMAL,strong_offensive_override
midtrend_bear_high_stock,WARNING,mid_trend=BEAR but stock>=80%. Check trend context or policy override.,1.0,0.5141,BEAR,2026-04-14,NORMAL,strong_offensive_override
